game_id,team,opponent,team_avg_height,opp_avg_height,lineup,minutes_played,period,points,opp_points,rebounds,opp_rebounds,assists,opp_assists,turnovers,opp_turnovers,fouls_committed,fouls_drawn,possessions,opp_possessions,fastbreak,from_turnover,second_chance,points_in_paint,opp_from_turnover,opp_fastbreak,opp_second_chance,opp_points_in_paint,unscaled_pace,game_number
22500031,BKN,DET,80.4,79.8,"('Drake Powell', 'Michael Porter Jr.', 'Nic Claxton', 'Noah Clowney', 'Terance Mann')",0.0,3,0,0,0,0,0,0,0,0,0,0,0.0,0.0,0.0,0.0,0.0,0.0,0.0,0.0,0.0,0.0,0.0,1
22500031,BKN,DET,80.0,79.6,"(""Day'Ron Sharpe"", 'Drake Powell', 'Michael Porter Jr.', 'Tyrese Martin', 'Ziaire Williams')",1.4166666666666667,3,2,4,1,2,0,0,1,0,0,1,4.0,3.0,0.0,0.0,0.0,2.0,2.0,2.0,0.0,2.0,7.0,1
22500031,BKN,DET,79.2,80.0,"(""Day'Ron Sharpe"", 'Drake Powell', 'Jalen Wilson', 'Tyrese Martin', 'Ziaire Williams')",2.216666666666667,3,4,8,1,3,1,1,0,0,2,0,5.44,4.76,0.0,0.0,0.0,0.0,0.0,0.0,0.0,4.0,10.2,1
22500031,BKN,DET,79.6,79.4,"('Drake Powell', 'Jalen Wilson', 'Nic Claxton', 'Noah Clowney', 'Tyrese Martin')",1.9,4,1,4,2,3,0,1,0,0,2,1,2.44,3.0,0.0,0.0,0.0,0.0,0.0,0.0,0.0,2.0,5.44,1
22500031,BKN,DET,80.6,79.2,"('Jalen Wilson', 'Michael Porter Jr.', 'Nic Claxton', 'Noah Clowney', 'Tyrese Martin')",1.1333333333333335,4,6,3,1,0,1,1,0,0,1,1,2.44,3.0,0.0,0.0,2.0,2.0,0.0,0.0,3.0,0.0,5.44,1
22500031,BKN,DET,81.0,78.8,"('Egor Dëmin', 'Michael Porter Jr.', 'Nic Claxton', 'Noah Clowney', 'Terance Mann')",1.1833333333333331,4,2,4,0,2,1,2,0,0,0,0,2.0,2.0,0.0,0.0,0.0,2.0,0.0,2.0,2.0,4.0,4.0,1
22500031,BKN,DET,81.0,79.2,"('Egor Dëmin', 'Michael Porter Jr.', 'Nic Claxton', 'Noah Clowney', 'Tyrese Martin')",2.4333333333333336,4,7,8,0,1,2,3,1,1,1,1,5.0,6.0,2.0,2.0,0.0,4.0,2.0,2.0,2.0,8.0,11.0,1
22500031,BKN,DET,77.4,78.0,"(""Day'Ron Sharpe"", 'Drake Powell', 'E.J. Liddell', 'Jalen Wilson', 'Tyson Etienne')",5.276666666666666,4,17,12,4,7,5,2,2,0,5,1,11.44,13.32,0.0,0.0,0.0,2.0,2.0,0.0,5.0,6.0,24.76,1
22500031,BKN,DET,81.0,80.0,"(""Day'Ron Sharpe"", 'Michael Porter Jr.', 'Noah Clowney', 'Tyrese Martin', 'Ziaire Williams')",1.1333333333333333,1,3,1,2,1,1,0,0,0,1,1,2.44,3.44,0.0,0.0,0.0,2.0,0.0,0.0,0.0,0.0,5.88,1
22500031,BKN,DET,81.6,80.0,"('Egor Dëmin', 'Michael Porter Jr.', 'Nic Claxton', 'Noah Clowney', 'Ziaire Williams')",0.3999999999999999,1,0,2,0,1,0,0,1,0,0,0,2.0,1.0,0.0,0.0,0.0,0.0,2.0,0.0,0.0,2.0,3.0,1
22500031,BKN,DET,80.0,79.6,"('Drake Powell', 'Egor Dëmin', 'Michael Porter Jr.', 'Nic Claxton', 'Terance Mann')",1.305,2,0,4,0,3,0,1,0,0,0,0,3.0,2.0,0.0,0.0,0.0,0.0,0.0,2.0,0.0,2.0,5.0,1
22500031,BKN,DET,80.8,79.4,"('Drake Powell', 'Egor Dëmin', 'Michael Porter Jr.', 'Nic Claxton', 'Noah Clowney')",3.566666666666667,2,12,12,2,3,3,4,1,1,0,3,8.32,8.44,2.0,0.0,0.0,6.0,0.0,3.0,2.0,8.0,16.759999999999998,1
22500031,BKN,DET,79.2,78.8,"(""Day'Ron Sharpe"", 'Drake Powell', 'Terance Mann', 'Tyrese Martin', 'Ziaire Williams')",2.8833333333333333,2,4,8,1,2,2,1,1,1,1,1,7.0,5.88,0.0,0.0,0.0,4.0,2.0,0.0,0.0,6.0,12.88,1
22500031,BKN,DET,81.0,79.2,"('Egor Dëmin', 'Michael Porter Jr.', 'Nic Claxton', 'Noah Clowney', 'Terance Mann')",1.7833333333333334,2,5,4,2,1,1,1,0,0,2,0,3.0,2.88,0.0,0.0,3.0,2.0,0.0,0.0,0.0,2.0,5.88,1
22500031,BKN,DET,80.0,80.0,"(""Day'Ron Sharpe"", 'Drake Powell', 'Michael Porter Jr.', 'Tyrese Martin', 'Ziaire Williams')",2.0650000000000004,1,0,6,0,2,0,3,2,0,0,1,5.0,4.0,0.0,0.0,0.0,0.0,6.0,4.0,0.0,6.0,9.0,1
22500031,BKN,DET,80.2,79.0,"('Drake Powell', 'Nic Claxton', 'Noah Clowney', 'Terance Mann', 'Ziaire Williams')",1.8,2,5,5,1,1,0,1,0,0,1,2,3.2,4.0,0.0,0.0,0.0,0.0,0.0,0.0,0.0,2.0,7.2,1
22500031,BKN,DET,80.0,80.0,"(""Day'Ron Sharpe"", 'Drake Powell', 'Noah Clowney', 'Tyrese Martin', 'Ziaire Williams')",1.6166666666666667,1,2,2,2,1,0,1,2,2,0,0,4.0,4.0,2.0,2.0,0.0,2.0,2.0,0.0,0.0,2.0,8.0,1
22500031,BKN,DET,81.0,79.8,"('Drake Powell', 'Michael Porter Jr.', 'Nic Claxton', 'Noah Clowney', 'Ziaire Williams')",0.8833333333333332,3,0,1,2,2,0,0,1,0,1,0,2.0,2.44,0.0,0.0,0.0,0.0,0.0,0.0,0.0,0.0,4.44,1
22500031,BKN,DET,81.0,80.0,"('Egor Dëmin', 'Michael Porter Jr.', 'Nic Claxton', 'Noah Clowney', 'Terance Mann')",6.149999999999999,1,22,15,6,4,6,5,3,4,2,2,14.88,14.88,6.0,3.0,0.0,2.0,2.0,4.0,0.0,10.0,29.76,1
22500031,BKN,DET,81.2,80.0,"('Michael Porter Jr.', 'Nic Claxton', 'Noah Clowney', 'Tyrese Martin', 'Ziaire Williams')",0.5333333333333333,1,2,1,0,0,1,0,0,1,1,0,1.0,1.44,0.0,2.0,0.0,2.0,0.0,0.0,0.0,0.0,2.44,1
22500031,BKN,DET,80.2,79.6,"('Drake Powell', 'Michael Porter Jr.', 'Nic Claxton', 'Tyrese Martin', 'Ziaire Williams')",1.4,3,3,3,1,1,1,1,1,0,0,1,3.0,3.44,0.0,0.0,0.0,0.0,0.0,0.0,0.0,2.0,6.44,1
22500031,BKN,DET,81.0,79.6,"('Egor Dëmin', 'Michael Porter Jr.', 'Nic Claxton', 'Noah Clowney', 'Terance Mann')",6.083333333333331,3,10,18,2,6,1,4,3,3,4,3,13.08,12.32,0.0,0.0,0.0,0.0,5.0,9.0,2.0,12.0,25.4,1
22500040,BKN,ORL,80.4,80.2,"('Michael Porter Jr.', 'Nic Claxton', 'Terance Mann', 'Tyrese Martin', 'Ziaire Williams')",1.8483333333333332,4,0,11,2,4,0,2,0,0,1,1,4.0,6.88,0.0,0.0,0.0,0.0,0.0,3.0,3.0,0.0,10.88,2
22500040,BKN,ORL,80.0,79.2,"(""Day'Ron Sharpe"", 'Drake Powell', 'Michael Porter Jr.', 'Tyrese Martin', 'Ziaire Williams')",2.9333333333333327,4,2,6,1,4,0,2,1,3,1,1,8.0,7.0,0.0,0.0,0.0,2.0,2.0,6.0,0.0,6.0,15.0,2
22500040,BKN,ORL,80.0,81.0,"(""Day'Ron Sharpe"", 'Drake Powell', 'Michael Porter Jr.', 'Tyrese Martin', 'Ziaire Williams')",4.51,3,16,8,4,1,3,3,0,1,0,0,7.44,7.0,0.0,2.0,2.0,10.0,0.0,0.0,0.0,2.0,14.44,2
22500040,BKN,ORL,81.0,79.8,"('Egor Dëmin', 'Michael Porter Jr.', 'Nic Claxton', 'Noah Clowney', 'Terance Mann')",5.35,1,17,17,2,5,5,3,0,3,1,1,12.32,10.88,5.0,4.0,0.0,8.0,0.0,0.0,0.0,6.0,23.200000000000003,2
22500040,BKN,ORL,80.8,79.8,"('Egor Dëmin', 'Nic Claxton', 'Noah Clowney', 'Terance Mann', 'Ziaire Williams')",1.7333333333333334,4,3,2,2,1,1,0,1,1,1,0,3.0,4.0,0.0,0.0,0.0,0.0,0.0,0.0,0.0,0.0,7.0,2
22500040,BKN,ORL,81.0,79.2,"('Egor Dëmin', 'Michael Porter Jr.', 'Nic Claxton', 'Noah Clowney', 'Terance Mann')",2.466666666666667,4,5,3,2,2,2,0,1,1,2,1,5.0,4.0,0.0,0.0,0.0,2.0,0.0,0.0,0.0,0.0,9.0,2
22500040,BKN,ORL,80.8,79.8,"('Egor Dëmin', 'Michael Porter Jr.', 'Nic Claxton', 'Terance Mann', 'Ziaire Williams')",1.0,4,0,2,0,2,0,1,0,0,0,0,2.0,2.0,0.0,0.0,0.0,0.0,0.0,0.0,2.0,2.0,4.0,2
22500040,BKN,ORL,81.2,79.8,"('Michael Porter Jr.', 'Nic Claxton', 'Noah Clowney', 'Terance Mann', 'Ziaire Williams')",1.8333333333333333,4,6,2,2,1,0,1,0,1,1,0,4.0,4.0,2.0,2.0,0.0,6.0,0.0,0.0,0.0,0.0,8.0,2
22500040,BKN,ORL,80.4,80.4,"('Nic Claxton', 'Noah Clowney', 'Terance Mann', 'Tyrese Martin', 'Ziaire Williams')",3.4500000000000006,3,6,5,3,5,0,0,0,2,2,2,6.88,7.32,2.0,2.0,0.0,4.0,0.0,0.0,2.0,2.0,14.2,2
22500040,BKN,ORL,81.0,79.8,"('Egor Dëmin', 'Michael Porter Jr.', 'Nic Claxton', 'Noah Clowney', 'Terance Mann')",2.1833333333333336,3,0,8,1,2,0,1,0,0,1,1,4.0,3.88,0.0,0.0,0.0,0.0,0.0,3.0,0.0,0.0,7.88,2
22500040,BKN,ORL,80.4,80.0,"('Drake Powell', 'Michael Porter Jr.', 'Nic Claxton', 'Noah Clowney', 'Terance Mann')",0.9333333333333332,2,0,3,0,2,0,1,0,0,0,0,2.0,3.0,0.0,0.0,0.0,0.0,0.0,0.0,3.0,0.0,5.0,2
22500040,BKN,ORL,81.2,80.0,"('Michael Porter Jr.', 'Nic Claxton', 'Noah Clowney', 'Terance Mann', 'Ziaire Williams')",2.433333333333333,2,5,4,4,2,1,1,1,0,2,1,4.44,5.88,0.0,0.0,0.0,2.0,0.0,0.0,2.0,2.0,10.32,2
22500040,BKN,ORL,80.0,80.2,"(""Day'Ron Sharpe"", 'Drake Powell', 'Noah Clowney', 'Tyrese Martin', 'Ziaire Williams')",3.416666666666666,2,10,9,2,1,3,3,0,2,4,0,5.0,7.88,0.0,5.0,3.0,2.0,0.0,0.0,4.0,4.0,12.88,2
22500040,BKN,ORL,80.4,79.8,"('Michael Porter Jr.', 'Nic Claxton', 'Terance Mann', 'Tyrese Martin', 'Ziaire Williams')",0.0,2,0,0,0,0,0,0,0,0,0,0,0.0,0.0,0.0,0.0,0.0,0.0,0.0,0.0,0.0,0.0,0.0,2
22500040,BKN,ORL,80.0,80.0,"('Drake Powell', 'Egor Dëmin', 'Michael Porter Jr.', 'Nic Claxton', 'Terance Mann')",0.8333333333333334,2,0,2,1,1,0,0,0,0,0,1,2.0,2.0,0.0,0.0,0.0,0.0,0.0,0.0,2.0,2.0,4.0,2
22500040,BKN,ORL,80.2,80.0,"('Drake Powell', 'Michael Porter Jr.', 'Nic Claxton', 'Tyrese Martin', 'Ziaire Williams')",1.4,3,2,4,1,2,1,1,0,0,0,1,4.0,3.0,0.0,0.0,0.0,2.0,2.0,0.0,0.0,4.0,7.0,2
22500040,BKN,ORL,80.8,80.0,"('Egor Dëmin', 'Michael Porter Jr.', 'Nic Claxton', 'Terance Mann', 'Ziaire Williams')",2.766666666666667,2,5,6,2,3,1,2,0,1,0,2,5.0,6.0,0.0,2.0,0.0,2.0,0.0,3.0,3.0,0.0,11.0,2
22500040,BKN,ORL,80.6,80.0,"('Drake Powell', 'Egor Dëmin', 'Michael Porter Jr.', 'Nic Claxton', 'Ziaire Williams')",1.6333333333333333,1,7,4,0,0,3,0,0,1,1,1,4.0,2.88,0.0,0.0,0.0,4.0,0.0,0.0,0.0,2.0,6.88,2
22500040,BKN,ORL,80.2,80.0,"('Drake Powell', 'Nic Claxton', 'Noah Clowney', 'Terance Mann', 'Ziaire Williams')",0.5333333333333333,2,0,2,0,3,0,0,0,0,0,0,2.0,1.0,0.0,0.0,0.0,0.0,0.0,0.0,2.0,2.0,3.0,2
22500040,BKN,ORL,80.2,78.2,"('Drake Powell', 'Michael Porter Jr.', 'Nic Claxton', 'Tyrese Martin', 'Ziaire Williams')",1.75,1,6,0,1,2,2,0,0,2,0,1,4.44,4.0,2.0,3.0,0.0,2.0,0.0,0.0,0.0,0.0,8.440000000000001,2
22500040,BKN,ORL,80.0,79.0,"(""Day'Ron Sharpe"", 'Drake Powell', 'Michael Porter Jr.', 'Tyrese Martin', 'Ziaire Williams')",0.8,1,2,1,1,0,1,0,0,0,1,0,1.0,1.44,0.0,0.0,0.0,2.0,0.0,0.0,0.0,0.0,2.44,2
22500040,BKN,ORL,80.0,78.2,"(""Day'Ron Sharpe"", 'Drake Powell', 'Noah Clowney', 'Tyrese Martin', 'Ziaire Williams')",2.416666666666667,1,4,5,2,3,0,0,1,1,1,2,4.76,5.44,0.0,0.0,0.0,0.0,2.0,0.0,2.0,4.0,10.2,2
22500040,BKN,ORL,80.2,80.2,"('Drake Powell', 'Michael Porter Jr.', 'Nic Claxton', 'Tyrese Martin', 'Ziaire Williams')",0.8999999999999999,2,2,1,1,0,0,0,0,0,0,0,1.0,1.44,0.0,0.0,0.0,2.0,0.0,0.0,0.0,0.0,2.44,2
22500049,BKN,BOS,80.8,78.2,"('Egor Dëmin', 'Michael Porter Jr.', 'Nic Claxton', 'Terance Mann', 'Ziaire Williams')",0.6333333333333334,4,0,0,1,1,0,0,0,1,0,1,1.0,1.0,0.0,0.0,0.0,0.0,0.0,0.0,0.0,0.0,2.0,3
22500049,BKN,BOS,80.0,77.4,"(""Day'Ron Sharpe"", 'Drake Powell', 'Michael Porter Jr.', 'Tyrese Martin', 'Ziaire Williams')",1.7333333333333332,1,0,3,2,2,0,1,1,0,1,0,3.0,3.0,0.0,0.0,0.0,0.0,0.0,0.0,0.0,0.0,6.0,3
22500049,BKN,BOS,80.6,78.6,"('Michael Porter Jr.', 'Nic Claxton', 'Noah Clowney', 'Terance Mann', 'Tyrese Martin')",0.0666666666666666,2,0,3,0,1,0,1,0,0,0,0,0.0,1.0,0.0,0.0,0.0,0.0,0.0,0.0,3.0,0.0,1.0,3
22500049,BKN,BOS,80.0,77.2,"('Drake Powell', 'Egor Dëmin', 'Michael Porter Jr.', 'Nic Claxton', 'Terance Mann')",1.2833333333333334,2,3,3,1,1,1,1,0,0,0,1,3.0,2.0,0.0,3.0,0.0,0.0,0.0,0.0,0.0,0.0,5.0,3
22500049,BKN,BOS,80.2,77.4,"('Drake Powell', 'Michael Porter Jr.', 'Nic Claxton', 'Tyrese Martin', 'Ziaire Williams')",1.1833333333333331,3,5,2,1,1,1,0,0,0,0,1,3.0,2.0,0.0,0.0,0.0,2.0,0.0,0.0,0.0,2.0,5.0,3
22500049,BKN,BOS,81.0,77.8,"('Egor Dëmin', 'Michael Porter Jr.', 'Nic Claxton', 'Noah Clowney', 'Terance Mann')",5.416666666666667,3,9,15,4,5,2,4,2,2,3,4,10.88,12.32,0.0,2.0,3.0,4.0,4.0,2.0,2.0,10.0,23.200000000000003,3
22500049,BKN,BOS,81.0,77.8,"('Egor Dëmin', 'Michael Porter Jr.', 'Nic Claxton', 'Noah Clowney', 'Terance Mann')",5.9,1,16,12,9,6,4,2,1,0,1,2,12.0,11.0,0.0,0.0,5.0,8.0,2.0,0.0,2.0,6.0,23.0,3
22500049,BKN,BOS,79.6,77.4,"('Drake Powell', 'Michael Porter Jr.', 'Nic Claxton', 'Terance Mann', 'Tyrese Martin')",1.4666666666666663,1,3,0,3,3,1,0,1,0,1,1,3.0,3.0,0.0,0.0,0.0,0.0,0.0,0.0,0.0,0.0,6.0,3
22500049,BKN,BOS,80.0,77.4,"(""Day'Ron Sharpe"", 'Drake Powell', 'Noah Clowney', 'Tyrese Martin', 'Ziaire Williams')",2.895,1,3,13,2,5,1,3,0,0,1,0,6.0,6.88,0.0,0.0,0.0,0.0,0.0,0.0,0.0,2.0,12.88,3
22500049,BKN,BOS,80.4,78.6,"('Drake Powell', 'Michael Porter Jr.', 'Nic Claxton', 'Noah Clowney', 'Tyrese Martin')",3.399999999999999,2,11,6,4,1,4,2,0,1,1,1,8.440000000000001,7.44,4.0,2.0,0.0,4.0,0.0,0.0,0.0,2.0,15.880000000000004,3
22500049,BKN,BOS,81.0,76.4,"('Egor Dëmin', 'Michael Porter Jr.', 'Nic Claxton', 'Noah Clowney', 'Terance Mann')",4.269999999999999,2,19,8,2,2,5,4,0,3,2,3,11.88,9.0,2.0,2.0,2.0,8.0,0.0,0.0,0.0,6.0,20.880000000000003,3
22500049,BKN,BOS,80.2,78.2,"('Drake Powell', 'Nic Claxton', 'Noah Clowney', 'Tyrese Martin', 'Ziaire Williams')",2.6166666666666667,4,2,7,0,2,1,0,2,1,1,1,4.0,4.44,0.0,0.0,0.0,0.0,2.0,0.0,2.0,4.0,8.440000000000001,3
22500049,BKN,BOS,80.0,78.2,"('Egor Dëmin', 'Nic Claxton', 'Terance Mann', 'Tyrese Martin', 'Ziaire Williams')",0.7833333333333333,4,0,2,0,1,0,0,1,0,0,1,1.0,1.0,0.0,0.0,0.0,0.0,2.0,0.0,2.0,2.0,2.0,3
22500049,BKN,BOS,80.8,78.2,"(""Day'Ron Sharpe"", 'Egor Dëmin', 'Michael Porter Jr.', 'Noah Clowney', 'Terance Mann')",1.45,4,2,4,0,1,1,1,1,0,0,0,3.0,2.0,0.0,0.0,0.0,0.0,0.0,0.0,0.0,4.0,5.0,3
22500049,BKN,BOS,80.6,78.2,"(""Day'Ron Sharpe"", 'Egor Dëmin', 'Michael Porter Jr.', 'Terance Mann', 'Ziaire Williams')",0.6833333333333333,4,0,2,0,0,0,1,2,0,1,0,2.0,2.0,0.0,0.0,0.0,0.0,2.0,2.0,0.0,2.0,4.0,3
22500049,BKN,BOS,80.0,77.4,"(""Day'Ron Sharpe"", 'Drake Powell', 'Michael Porter Jr.', 'Tyrese Martin', 'Ziaire Williams')",0.9666666666666668,3,1,0,2,2,0,0,0,0,1,0,1.44,2.0,0.0,0.0,0.0,0.0,0.0,0.0,0.0,0.0,3.44,3
22500049,BKN,BOS,80.0,77.4,"(""Day'Ron Sharpe"", 'Drake Powell', 'Noah Clowney', 'Tyrese Martin', 'Ziaire Williams')",2.583333333333333,3,10,5,1,1,2,1,0,2,1,1,6.44,5.0,4.0,2.0,0.0,4.0,0.0,0.0,0.0,2.0,11.44,3
22500049,BKN,BOS,80.4,77.0,"('Michael Porter Jr.', 'Nic Claxton', 'Terance Mann', 'Tyrese Martin', 'Ziaire Williams')",1.1666666666666663,3,5,2,0,0,2,0,0,1,0,2,2.44,3.0,0.0,2.0,0.0,4.0,0.0,0.0,0.0,0.0,5.44,3
22500049,BKN,BOS,79.8,76.8,"(""Day'Ron Sharpe"", 'Drake Powell', 'Egor Dëmin', 'Michael Porter Jr.', 'Terance Mann')",0.8666666666666667,2,1,3,1,1,0,0,1,1,1,1,2.44,3.44,0.0,0.0,0.0,0.0,2.0,2.0,0.0,2.0,5.88,3
22500049,BKN,BOS,79.8,78.0,"(""Day'Ron Sharpe"", 'Drake Powell', 'Egor Dëmin', 'Noah Clowney', 'Terance Mann')",1.9333333333333331,2,6,2,3,1,0,1,1,1,0,3,3.76,4.0,0.0,0.0,2.0,2.0,0.0,0.0,0.0,2.0,7.76,3
22500049,BKN,BOS,80.6,77.8,"('Michael Porter Jr.', 'Nic Claxton', 'Noah Clowney', 'Terance Mann', 'Tyrese Martin')",0.0,1,0,0,0,0,0,0,0,0,0,0,0.0,0.0,0.0,0.0,0.0,0.0,0.0,0.0,0.0,0.0,0.0,3
22500049,BKN,BOS,81.0,77.4,"('Egor Dëmin', 'Michael Porter Jr.', 'Nic Claxton', 'Noah Clowney', 'Terance Mann')",5.578333333333333,4,17,13,5,7,6,2,0,0,2,2,12.44,11.88,0.0,0.0,0.0,8.0,2.0,2.0,4.0,6.0,24.32,3
22500070,BKN,PHI,78.8,77.0,"('Drake Powell', 'Jalen Wilson', 'Nic Claxton', 'Terance Mann', 'Tyrese Martin')",2.05,2,5,6,1,3,1,2,0,0,0,0,3.0,4.0,0.0,0.0,0.0,2.0,0.0,0.0,4.0,6.0,7.0,4
22500070,BKN,PHI,79.2,77.2,"(""Day'Ron Sharpe"", 'Drake Powell', 'Jalen Wilson', 'Tyrese Martin', 'Ziaire Williams')",0.5,1,0,0,1,0,0,0,0,0,0,0,1.0,1.0,0.0,0.0,0.0,0.0,0.0,0.0,0.0,0.0,2.0,4
22500070,BKN,PHI,80.8,78.4,"('Egor Dëmin', 'Nic Claxton', 'Noah Clowney', 'Terance Mann', 'Ziaire Williams')",8.599999999999996,1,18,21,6,10,5,4,3,3,2,2,19.44,17.88,2.0,2.0,0.0,14.0,2.0,4.0,2.0,14.0,37.32,4
22500070,BKN,PHI,80.8,76.8,"('Egor Dëmin', 'Nic Claxton', 'Noah Clowney', 'Tyrese Martin', 'Ziaire Williams')",2.2333333333333334,2,3,10,1,2,0,4,2,1,0,1,5.44,5.0,0.0,0.0,2.0,2.0,5.0,10.0,0.0,4.0,10.44,4
22500070,BKN,PHI,80.8,77.0,"('Egor Dëmin', 'Nic Claxton', 'Noah Clowney', 'Tyrese Martin', 'Ziaire Williams')",1.2166666666666666,3,3,5,1,2,1,1,0,0,0,0,4.0,3.44,0.0,0.0,3.0,0.0,0.0,2.0,0.0,4.0,7.439999999999999,4
22500070,BKN,PHI,80.0,78.2,"(""Day'Ron Sharpe"", 'Drake Powell', 'Noah Clowney', 'Tyrese Martin', 'Ziaire Williams')",0.65,1,0,3,1,2,0,1,0,0,0,0,2.0,1.0,0.0,0.0,0.0,0.0,0.0,0.0,0.0,0.0,3.0,4
22500070,BKN,PHI,80.6,78.2,"(""Day'Ron Sharpe"", 'Egor Dëmin', 'Noah Clowney', 'Tyrese Martin', 'Ziaire Williams')",0.0,1,0,0,0,0,0,0,0,0,0,0,0.0,0.0,0.0,0.0,0.0,0.0,0.0,0.0,0.0,0.0,0.0,4
22500070,BKN,PHI,80.4,76.8,"('Danny Wolf', ""Day'Ron Sharpe"", 'Drake Powell', 'Noah Clowney', 'Tyrese Martin')",0.855,3,4,0,1,0,0,0,0,0,1,1,1.88,2.0,0.0,0.0,0.0,2.0,0.0,0.0,0.0,0.0,3.88,4
22500070,BKN,PHI,79.6,76.8,"('Danny Wolf', ""Day'Ron Sharpe"", 'Drake Powell', 'Jalen Wilson', 'Tyrese Martin')",0.2700000000000001,3,0,1,0,0,0,0,0,0,0,1,1.0,0.44,0.0,0.0,0.0,0.0,0.0,0.0,0.0,0.0,1.44,4
22500070,BKN,PHI,80.8,77.0,"('Egor Dëmin', 'Nic Claxton', 'Noah Clowney', 'Terance Mann', 'Ziaire Williams')",7.316666666666665,3,14,10,9,6,4,3,3,3,4,2,14.44,14.32,0.0,6.0,0.0,2.0,2.0,0.0,0.0,4.0,28.76,4
22500070,BKN,PHI,78.6,77.0,"(""Day'Ron Sharpe"", 'Drake Powell', 'Jalen Wilson', 'Terance Mann', 'Tyrese Martin')",1.9166666666666672,2,3,7,0,2,1,1,1,0,1,1,5.0,4.0,0.0,0.0,0.0,0.0,0.0,3.0,0.0,0.0,9.0,4
22500070,BKN,PHI,80.6,77.2,"('Danny Wolf', 'Drake Powell', 'Nic Claxton', 'Noah Clowney', 'Terance Mann')",5.031666666666666,2,14,9,4,3,1,1,1,1,3,8,11.28,11.76,0.0,0.0,2.0,2.0,0.0,0.0,2.0,2.0,23.04,4
22500070,BKN,PHI,78.6,77.2,"(""Day'Ron Sharpe"", 'Drake Powell', 'Jalen Wilson', 'Terance Mann', 'Tyrese Martin')",2.0933333333333337,1,5,7,0,0,1,1,2,1,1,1,4.0,4.88,0.0,0.0,0.0,2.0,2.0,2.0,0.0,2.0,8.879999999999999,4
22500070,BKN,PHI,80.6,77.6,"('Danny Wolf', ""Day'Ron Sharpe"", 'Drake Powell', 'Egor Dëmin', 'Ziaire Williams')",0.7000000000000001,4,1,0,2,0,0,0,1,0,0,1,1.44,2.0,0.0,0.0,0.0,0.0,0.0,0.0,0.0,0.0,3.44,4
22500070,BKN,PHI,81.0,77.0,"('Danny Wolf', 'Egor Dëmin', 'Nic Claxton', 'Terance Mann', 'Ziaire Williams')",1.4166666666666663,4,3,6,2,0,1,2,2,0,0,0,3.44,4.0,0.0,0.0,2.0,2.0,4.0,4.0,0.0,6.0,7.439999999999999,4
22500070,BKN,PHI,80.0,77.0,"('Drake Powell', 'Egor Dëmin', 'Nic Claxton', 'Noah Clowney', 'Tyrese Martin')",1.9333333333333331,3,2,6,1,2,0,2,1,0,0,0,4.0,4.0,0.0,0.0,0.0,2.0,0.0,2.0,0.0,6.0,8.0,4
22500070,BKN,PHI,80.8,77.6,"('Danny Wolf', 'Drake Powell', 'Egor Dëmin', 'Nic Claxton', 'Ziaire Williams')",0.4499999999999999,4,2,2,0,0,0,1,0,0,0,1,0.88,1.0,0.0,0.0,0.0,0.0,0.0,0.0,0.0,2.0,1.88,4
22500070,BKN,PHI,79.6,76.8,"('Danny Wolf', ""Day'Ron Sharpe"", 'Drake Powell', 'Jalen Wilson', 'Tyrese Martin')",2.866666666666667,4,4,5,3,4,2,0,0,1,3,0,6.0,5.32,0.0,0.0,0.0,0.0,0.0,2.0,0.0,2.0,11.32,4
22500070,BKN,PHI,80.8,77.6,"('Egor Dëmin', 'Nic Claxton', 'Noah Clowney', 'Terance Mann', 'Ziaire Williams')",5.884999999999999,4,18,15,8,5,4,5,2,1,0,1,13.0,13.0,0.0,0.0,2.0,6.0,0.0,0.0,0.0,6.0,26.0,4
22500070,BKN,PHI,78.8,77.2,"('Danny Wolf', 'Drake Powell', 'Jalen Wilson', 'Terance Mann', 'Tyrese Martin')",0.3233333333333333,3,4,2,0,0,0,0,0,0,1,0,1.44,0.88,0.0,0.0,0.0,0.0,0.0,0.0,0.0,0.0,2.32,4
22500080,BKN,CHA,80.6,78.0,"(""Day'Ron Sharpe"", 'Egor Dëmin', 'Noah Clowney', 'Tyrese Martin', 'Ziaire Williams')",3.483333333333333,1,8,16,1,2,3,4,4,3,2,1,10.88,10.88,0.0,0.0,0.0,6.0,4.0,6.0,0.0,8.0,21.76,5
22500080,BKN,CHA,79.0,79.8,"('Ben Saraf', 'Cam Thomas', ""Day'Ron Sharpe"", 'Michael Porter Jr.', 'Terance Mann')",1.05,2,5,4,0,0,2,1,0,0,1,0,2.0,1.44,0.0,0.0,0.0,2.0,0.0,0.0,0.0,0.0,3.44,5
22500080,BKN,CHA,79.2,79.0,"('Ben Saraf', 'Cam Thomas', 'Michael Porter Jr.', 'Nic Claxton', 'Terance Mann')",6.683333333333332,1,18,18,5,8,5,5,1,2,5,3,17.0,14.2,0.0,2.0,6.0,10.0,0.0,4.0,2.0,10.0,31.2,5
22500080,BKN,CHA,80.0,78.4,"('Cam Thomas', ""Day'Ron Sharpe"", 'Egor Dëmin', 'Michael Porter Jr.', 'Ziaire Williams')",0.3333333333333333,1,2,0,1,1,0,0,0,0,0,1,1.88,1.0,0.0,0.0,0.0,0.0,0.0,0.0,0.0,0.0,2.88,5
22500080,BKN,CHA,79.6,78.0,"('Cam Thomas', ""Day'Ron Sharpe"", 'Noah Clowney', 'Tyrese Martin', 'Ziaire Williams')",0.0933333333333333,1,1,0,0,1,0,0,0,0,0,1,1.44,0.0,0.0,0.0,0.0,0.0,0.0,0.0,0.0,0.0,1.44,5
22500080,BKN,CHA,80.0,79.0,"('Cam Thomas', ""Day'Ron Sharpe"", 'Egor Dëmin', 'Noah Clowney', 'Ziaire Williams')",1.25,1,3,4,0,3,0,0,0,0,0,2,3.3200000000000003,2.0,0.0,0.0,0.0,0.0,0.0,0.0,2.0,4.0,5.32,5
22500080,BKN,CHA,78.2,79.4,"('Ben Saraf', 'Cam Thomas', ""Day'Ron Sharpe"", 'Terance Mann', 'Tyrese Martin')",1.3833333333333333,2,5,1,2,0,1,0,0,0,1,2,3.3200000000000003,3.44,0.0,0.0,0.0,2.0,0.0,0.0,0.0,0.0,6.76,5
22500080,BKN,CHA,79.6,78.6,"('Ben Saraf', 'Jalen Wilson', 'Nic Claxton', 'Tyrese Martin', 'Ziaire Williams')",0.1,3,1,0,0,0,0,0,0,0,1,0,0.44,0.0,0.0,0.0,0.0,0.0,0.0,0.0,0.0,0.0,0.44,5
22500080,BKN,CHA,79.0,79.4,"('Ben Saraf', 'Cam Thomas', 'Nic Claxton', 'Terance Mann', 'Ziaire Williams')",0.1666666666666666,2,0,1,0,0,0,0,0,0,1,0,1.0,1.44,0.0,0.0,0.0,0.0,0.0,0.0,0.0,0.0,2.44,5
22500080,BKN,CHA,79.8,79.0,"('Ben Saraf', 'Cam Thomas', 'Michael Porter Jr.', 'Nic Claxton', 'Ziaire Williams')",3.3,2,6,14,2,6,1,4,1,0,2,3,9.76,8.76,0.0,0.0,2.0,2.0,2.0,8.0,0.0,10.0,18.52,5
22500080,BKN,CHA,81.0,79.2,"('Egor Dëmin', 'Michael Porter Jr.', 'Nic Claxton', 'Noah Clowney', 'Tyrese Martin')",4.133333333333333,2,10,13,6,2,2,4,0,0,2,4,8.440000000000001,7.88,0.0,0.0,4.0,6.0,0.0,0.0,0.0,0.0,16.32,5
22500080,BKN,CHA,78.8,79.4,"('Ben Saraf', 'Cam Thomas', ""Day'Ron Sharpe"", 'Terance Mann', 'Ziaire Williams')",1.4333333333333336,2,2,6,0,1,0,2,1,0,2,0,3.0,4.44,0.0,0.0,0.0,2.0,3.0,0.0,0.0,2.0,7.439999999999999,5
22500080,BKN,CHA,79.8,78.6,"(""Day'Ron Sharpe"", 'Egor Dëmin', 'Jalen Wilson', 'Tyrese Martin', 'Ziaire Williams')",1.8833333333333333,3,2,3,3,1,0,0,3,3,1,1,5.0,6.0,0.0,2.0,2.0,2.0,0.0,0.0,0.0,0.0,11.0,5
22500080,BKN,CHA,79.0,79.4,"('Ben Saraf', 'Jalen Wilson', 'Nic Claxton', 'Terance Mann', 'Tyrese Martin')",3.1166666666666663,3,14,8,3,1,3,2,1,2,1,2,6.44,6.44,3.0,3.0,5.0,2.0,2.0,0.0,3.0,4.0,12.88,5
22500080,BKN,CHA,79.0,78.4,"('Drake Powell', 'Egor Dëmin', 'Jalen Wilson', 'Noah Clowney', 'Tyrese Martin')",0.7833333333333333,3,1,0,1,1,0,0,1,0,2,0,1.44,2.0,0.0,0.0,0.0,0.0,0.0,0.0,0.0,0.0,3.44,5
22500080,BKN,CHA,79.2,80.0,"('Ben Saraf', 'Cam Thomas', 'Michael Porter Jr.', 'Nic Claxton', 'Terance Mann')",2.433333333333333,3,5,10,2,3,1,3,0,0,0,1,5.44,6.0,0.0,0.0,0.0,4.0,0.0,3.0,0.0,4.0,11.44,5
22500080,BKN,CHA,79.8,78.4,"('Drake Powell', 'Egor Dëmin', 'Michael Porter Jr.', 'Noah Clowney', 'Tyrese Martin')",1.35,3,6,6,0,1,2,0,1,0,2,0,3.0,3.76,0.0,0.0,0.0,0.0,0.0,0.0,0.0,2.0,6.76,5
22500080,BKN,CHA,79.8,78.4,"('Egor Dëmin', 'Jalen Wilson', 'Noah Clowney', 'Tyrese Martin', 'Ziaire Williams')",2.333333333333333,3,8,7,2,1,2,2,0,1,1,2,4.44,4.0,0.0,2.0,2.0,4.0,0.0,0.0,0.0,4.0,8.440000000000001,5
22500080,BKN,CHA,78.4,80.6,"('Cam Thomas', ""Day'Ron Sharpe"", 'Michael Porter Jr.', 'Nolan Traore', 'Tyrese Martin')",2.2666666666666675,4,4,10,2,4,0,1,0,1,1,1,5.88,8.440000000000001,0.0,2.0,2.0,2.0,0.0,2.0,0.0,6.0,14.32,5
22500080,BKN,CHA,78.2,79.0,"('Cam Thomas', ""Day'Ron Sharpe"", 'Drake Powell', 'Michael Porter Jr.', 'Nolan Traore')",0.6,4,0,0,1,3,0,0,0,0,0,0,1.0,1.0,0.0,0.0,0.0,0.0,0.0,0.0,0.0,0.0,2.0,5
22500080,BKN,CHA,78.6,79.0,"('Egor Dëmin', 'Jalen Wilson', 'Noah Clowney', 'Nolan Traore', 'Tyrese Martin')",2.795,4,6,6,3,4,2,2,2,2,0,0,7.0,6.0,0.0,0.0,0.0,0.0,0.0,0.0,0.0,0.0,13.0,5
22500080,BKN,CHA,79.2,79.6,"('Egor Dëmin', 'Jalen Wilson', 'Noah Clowney', 'Terance Mann', 'Tyrese Martin')",1.2333333333333334,4,5,2,2,0,0,1,0,0,0,1,1.88,4.0,0.0,0.0,0.0,0.0,0.0,0.0,0.0,2.0,5.88,5
22500080,BKN,CHA,79.0,80.6,"('Drake Powell', 'Egor Dëmin', 'Jalen Wilson', 'Noah Clowney', 'Terance Mann')",1.8500000000000003,4,0,0,1,4,0,0,1,2,1,0,4.0,4.0,0.0,0.0,0.0,0.0,0.0,0.0,0.0,0.0,8.0,5
22500080,BKN,CHA,78.4,79.0,"('Cam Thomas', 'Drake Powell', 'Michael Porter Jr.', 'Nic Claxton', 'Nolan Traore')",2.333333333333333,4,5,7,1,3,1,2,1,0,2,0,5.0,5.0,2.0,0.0,0.0,2.0,2.0,0.0,3.0,4.0,10.0,5
22500091,BKN,CLE,80.0,77.4,"('Cam Thomas', ""Day'Ron Sharpe"", 'Egor Dëmin', 'Michael Porter Jr.', 'Ziaire Williams')",0.05,1,0,0,0,0,0,0,0,1,0,0,0.0,1.0,0.0,0.0,0.0,0.0,0.0,0.0,0.0,0.0,1.0,6
22500091,BKN,CLE,81.4,79.2,"(""Day'Ron Sharpe"", 'Egor Dëmin', 'Michael Porter Jr.', 'Noah Clowney', 'Ziaire Williams')",4.699999999999999,4,20,8,6,1,5,0,3,3,4,0,12.0,11.76,2.0,5.0,2.0,6.0,2.0,0.0,0.0,4.0,23.76,6
22500091,BKN,CLE,80.2,78.4,"('Cam Thomas', 'Egor Dëmin', 'Michael Porter Jr.', 'Nic Claxton', 'Ziaire Williams')",2.075,4,3,5,2,3,0,1,0,0,2,2,3.44,4.88,0.0,0.0,0.0,2.0,0.0,0.0,0.0,0.0,8.32,6
22500091,BKN,CLE,79.4,78.0,"('Cam Thomas', 'Egor Dëmin', 'Nic Claxton', 'Terance Mann', 'Ziaire Williams')",1.3,4,5,0,2,1,2,0,1,1,1,1,3.0,3.0,2.0,0.0,0.0,2.0,0.0,0.0,0.0,0.0,6.0,6
22500091,BKN,CLE,80.8,78.4,"('Egor Dëmin', 'Nic Claxton', 'Noah Clowney', 'Tyrese Martin', 'Ziaire Williams')",0.1416666666666666,1,3,0,1,0,1,0,0,0,0,0,1.0,1.0,0.0,0.0,0.0,0.0,0.0,0.0,0.0,0.0,2.0,6
22500091,BKN,CLE,80.0,79.4,"('Cam Thomas', ""Day'Ron Sharpe"", 'Egor Dëmin', 'Noah Clowney', 'Ziaire Williams')",4.090000000000001,3,12,17,3,3,2,4,2,0,1,1,9.0,8.44,0.0,0.0,3.0,2.0,4.0,2.0,2.0,8.0,17.439999999999998,6
22500091,BKN,CLE,79.8,78.6,"('Ben Saraf', 'Cam Thomas', 'Michael Porter Jr.', 'Nic Claxton', 'Ziaire Williams')",1.1833333333333331,3,2,5,1,0,0,2,0,0,1,1,2.0,3.0,0.0,0.0,2.0,2.0,0.0,0.0,3.0,2.0,5.0,6
22500091,BKN,CLE,79.8,78.4,"('Cam Thomas', 'Michael Porter Jr.', 'Nic Claxton', 'Terance Mann', 'Ziaire Williams')",4.301666666666666,2,12,10,2,3,2,2,1,2,5,1,10.0,11.76,0.0,3.0,0.0,4.0,0.0,0.0,0.0,6.0,21.76,6
22500091,BKN,CLE,80.4,77.4,"('Cam Thomas', ""Day'Ron Sharpe"", 'Michael Porter Jr.', 'Noah Clowney', 'Ziaire Williams')",0.0,3,0,0,0,0,0,0,0,0,0,0,0.0,0.0,0.0,0.0,0.0,0.0,0.0,0.0,0.0,0.0,0.0,6
22500091,BKN,CLE,79.2,79.2,"('Ben Saraf', 'Cam Thomas', 'Michael Porter Jr.', 'Nic Claxton', 'Terance Mann')",6.4833333333333325,3,21,23,4,3,5,7,1,5,3,2,15.44,15.44,2.0,6.0,4.0,10.0,0.0,3.0,0.0,4.0,30.88,6
22500091,BKN,CLE,79.6,79.2,"('Ben Saraf', 'Cam Thomas', 'Michael Porter Jr.', 'Noah Clowney', 'Ziaire Williams')",1.7666666666666666,2,6,3,1,0,1,0,1,1,0,4,3.76,4.32,0.0,0.0,0.0,2.0,0.0,0.0,0.0,0.0,8.08,6
22500091,BKN,CLE,80.4,78.4,"('Nic Claxton', 'Noah Clowney', 'Terance Mann', 'Tyrese Martin', 'Ziaire Williams')",0.3466666666666667,2,0,0,0,0,0,0,0,0,0,0,0.0,1.0,0.0,0.0,0.0,0.0,0.0,0.0,0.0,0.0,1.0,6
22500091,BKN,CLE,79.0,78.8,"('Ben Saraf', 'Cam Thomas', 'Nic Claxton', 'Terance Mann', 'Ziaire Williams')",0.7,2,0,2,1,1,0,1,0,0,0,0,2.0,2.0,0.0,0.0,0.0,0.0,0.0,0.0,0.0,2.0,4.0,6
22500091,BKN,CLE,78.8,78.8,"('Ben Saraf', 'Cam Thomas', 'Noah Clowney', 'Terance Mann', 'Ziaire Williams')",0.6333333333333333,2,1,2,1,1,0,1,0,0,1,0,1.44,2.0,0.0,0.0,0.0,0.0,0.0,0.0,0.0,2.0,3.44,6
22500091,BKN,CLE,81.0,77.8,"('Egor Dëmin', 'Michael Porter Jr.', 'Nic Claxton', 'Noah Clowney', 'Tyrese Martin')",4.016666666666668,2,9,12,4,4,3,2,0,0,1,1,8.0,7.0,0.0,0.0,2.0,2.0,0.0,0.0,0.0,0.0,15.0,6
22500091,BKN,CLE,79.8,78.4,"('Cam Thomas', 'Michael Porter Jr.', 'Nic Claxton', 'Terance Mann', 'Ziaire Williams')",0.07,4,2,4,0,0,1,0,0,0,2,0,1.0,1.76,0.0,0.0,0.0,2.0,0.0,0.0,0.0,0.0,2.76,6
22500091,BKN,CLE,80.6,77.0,"(""Day'Ron Sharpe"", 'Egor Dëmin', 'Noah Clowney', 'Tyrese Martin', 'Ziaire Williams')",3.9616666666666656,1,6,11,2,3,2,2,4,1,4,1,11.0,9.88,0.0,0.0,3.0,0.0,4.0,0.0,0.0,6.0,20.88,6
22500091,BKN,CLE,79.2,79.2,"('Ben Saraf', 'Cam Thomas', 'Michael Porter Jr.', 'Nic Claxton', 'Terance Mann')",7.216666666666664,1,14,23,4,9,4,8,5,3,1,2,18.0,16.88,2.0,0.0,0.0,8.0,5.0,2.0,0.0,10.0,34.879999999999995,6
22500091,BKN,CLE,79.6,79.0,"('Cam Thomas', 'Egor Dëmin', 'Michael Porter Jr.', 'Nic Claxton', 'Terance Mann')",2.3833333333333333,4,3,4,3,4,1,1,1,0,2,1,4.0,3.88,0.0,3.0,3.0,0.0,0.0,0.0,2.0,2.0,7.88,6
22500091,BKN,CLE,80.0,79.6,"('Cam Thomas', ""Day'Ron Sharpe"", 'Egor Dëmin', 'Michael Porter Jr.', 'Ziaire Williams')",1.15,4,5,2,1,0,1,1,0,0,0,1,2.0,2.0,0.0,0.0,0.0,2.0,0.0,0.0,0.0,2.0,4.0,6
22500105,BKN,SAS,79.2,79.8,"('Cam Thomas', 'Jalen Wilson', 'Michael Porter Jr.', 'Nic Claxton', 'Terance Mann')",3.1,4,6,6,2,5,1,1,0,0,2,0,5.0,5.44,0.0,0.0,0.0,0.0,0.0,0.0,3.0,2.0,10.44,7
22500105,BKN,SAS,79.0,79.8,"('Cam Thomas', 'Jalen Wilson', 'Michael Porter Jr.', 'Noah Clowney', 'Terance Mann')",0.2833333333333333,4,0,0,1,0,0,0,0,0,0,1,0.0,0.0,0.0,0.0,0.0,0.0,0.0,0.0,0.0,0.0,0.0,7
22500105,BKN,SAS,79.4,78.6,"('Cam Thomas', ""Day'Ron Sharpe"", 'Egor Dëmin', 'Jalen Wilson', 'Noah Clowney')",2.131666666666667,3,8,4,2,1,2,1,0,1,1,1,4.88,4.88,3.0,0.0,0.0,0.0,0.0,2.0,0.0,2.0,9.76,7
22500105,BKN,SAS,79.0,79.8,"('Cam Thomas', 'Michael Porter Jr.', 'Noah Clowney', 'Terance Mann', 'Tyrese Martin')",0.0,2,1,0,0,0,0,0,0,0,0,0,0.44,0.0,0.0,0.0,0.0,0.0,0.0,0.0,0.0,0.0,0.44,7
22500105,BKN,SAS,79.8,78.6,"('Cam Thomas', ""Day'Ron Sharpe"", 'Michael Porter Jr.', 'Noah Clowney', 'Terance Mann')",3.3166666666666678,3,9,3,5,1,1,1,2,1,0,2,6.76,6.44,0.0,3.0,0.0,2.0,2.0,2.0,0.0,2.0,13.2,7
22500105,BKN,SAS,79.6,79.8,"('Cam Thomas', 'Egor Dëmin', 'Nic Claxton', 'Noah Clowney', 'Terance Mann')",3.8666666666666663,2,10,9,4,5,0,1,0,1,2,4,8.2,6.88,0.0,0.0,2.0,2.0,0.0,0.0,2.0,2.0,15.079999999999998,7
22500105,BKN,SAS,80.2,79.0,"('Ben Saraf', ""Day'Ron Sharpe"", 'Michael Porter Jr.', 'Tyrese Martin', 'Ziaire Williams')",0.9166666666666669,2,2,0,1,2,1,0,0,0,1,0,2.0,2.0,0.0,0.0,0.0,2.0,0.0,0.0,0.0,0.0,4.0,7
22500105,BKN,SAS,80.0,80.2,"('Egor Dëmin', 'Jalen Wilson', 'Michael Porter Jr.', 'Noah Clowney', 'Tyrese Martin')",3.8,4,16,6,3,3,5,1,0,1,2,2,6.88,7.44,0.0,5.0,0.0,2.0,0.0,0.0,2.0,2.0,14.32,7
22500105,BKN,SAS,80.0,79.6,"('Cam Thomas', 'Michael Porter Jr.', 'Nic Claxton', 'Noah Clowney', 'Terance Mann')",3.0783333333333336,4,4,12,1,3,1,2,1,0,2,1,7.0,7.76,0.0,0.0,0.0,2.0,2.0,2.0,0.0,8.0,14.76,7
22500105,BKN,SAS,79.4,79.8,"('Cam Thomas', 'Egor Dëmin', 'Jalen Wilson', 'Michael Porter Jr.', 'Noah Clowney')",0.7166666666666667,4,0,6,0,1,0,0,1,0,1,0,2.0,2.88,0.0,0.0,0.0,0.0,2.0,4.0,0.0,4.0,4.88,7
22500105,BKN,SAS,79.8,80.2,"('Ben Saraf', 'Jalen Wilson', 'Michael Porter Jr.', 'Nic Claxton', 'Terance Mann')",3.4666666666666663,3,7,12,3,3,2,3,1,0,3,1,6.0,7.0,0.0,0.0,5.0,4.0,0.0,0.0,2.0,6.0,13.0,7
22500105,BKN,SAS,79.6,78.0,"('Cam Thomas', ""Day'Ron Sharpe"", 'Michael Porter Jr.', 'Terance Mann', 'Ziaire Williams')",2.883333333333333,3,9,0,3,1,2,0,1,2,2,2,8.879999999999999,6.0,3.0,0.0,4.0,4.0,0.0,0.0,0.0,0.0,14.88,7
22500105,BKN,SAS,79.6,79.8,"('Cam Thomas', 'Egor Dëmin', 'Michael Porter Jr.', 'Nic Claxton', 'Terance Mann')",2.2,2,3,13,0,2,0,2,2,0,1,1,5.44,5.76,0.0,0.0,0.0,2.0,4.0,5.0,0.0,6.0,11.2,7
22500105,BKN,SAS,79.2,78.2,"('Ben Saraf', 'Cam Thomas', 'Michael Porter Jr.', 'Nic Claxton', 'Terance Mann')",6.416666666666668,1,14,14,2,8,3,4,0,4,4,3,13.32,14.44,2.0,4.0,0.0,6.0,2.0,0.0,2.0,6.0,27.76,7
22500105,BKN,SAS,79.6,79.8,"('Jalen Wilson', 'Michael Porter Jr.', 'Noah Clowney', 'Terance Mann', 'Tyrese Martin')",1.13,2,0,5,2,2,0,0,0,0,0,0,2.0,2.0,0.0,0.0,0.0,0.0,0.0,3.0,2.0,2.0,4.0,7
22500105,BKN,SAS,79.8,78.6,"('Cam Thomas', ""Day'Ron Sharpe"", 'Michael Porter Jr.', 'Noah Clowney', 'Tyrese Martin')",0.0466666666666666,1,1,0,0,0,0,0,1,0,1,1,1.44,0.0,0.0,0.0,0.0,0.0,0.0,0.0,0.0,0.0,1.44,7
22500105,BKN,SAS,80.6,78.6,"(""Day'Ron Sharpe"", 'Egor Dëmin', 'Noah Clowney', 'Tyrese Martin', 'Ziaire Williams')",1.6949999999999998,1,2,4,2,2,0,0,1,2,2,1,3.88,4.76,0.0,0.0,0.0,0.0,0.0,0.0,0.0,0.0,8.64,7
22500105,BKN,SAS,80.2,78.8,"(""Day'Ron Sharpe"", 'Noah Clowney', 'Terance Mann', 'Tyrese Martin', 'Ziaire Williams')",0.1349999999999999,1,0,0,0,0,0,0,0,0,0,0,0.0,1.0,0.0,0.0,0.0,0.0,0.0,0.0,0.0,0.0,1.0,7
22500105,BKN,SAS,80.0,79.8,"('Cam Thomas', ""Day'Ron Sharpe"", 'Egor Dëmin', 'Noah Clowney', 'Ziaire Williams')",2.1333333333333337,1,2,9,2,2,0,2,1,0,3,1,4.0,4.32,0.0,0.0,2.0,2.0,3.0,0.0,3.0,0.0,8.32,7
22500105,BKN,SAS,80.0,78.2,"('Cam Thomas', ""Day'Ron Sharpe"", 'Egor Dëmin', 'Michael Porter Jr.', 'Ziaire Williams')",1.25,1,5,4,0,0,1,1,0,0,0,0,3.0,2.44,0.0,0.0,2.0,0.0,0.0,0.0,0.0,0.0,5.44,7
22500105,BKN,SAS,80.4,78.6,"('Ben Saraf', 'Michael Porter Jr.', 'Nic Claxton', 'Tyrese Martin', 'Ziaire Williams')",3.4666666666666663,2,8,11,1,4,3,1,0,0,3,2,7.0,7.88,0.0,0.0,0.0,0.0,0.0,0.0,0.0,6.0,14.88,7
22500116,BKN,HOU,79.0,80.8,"('Cam Thomas', ""Day'Ron Sharpe"", 'Jalen Wilson', 'Michael Porter Jr.', 'Tyrese Martin')",2.2,3,4,4,2,1,1,0,1,1,1,1,4.0,3.88,0.0,2.0,2.0,4.0,0.0,0.0,0.0,2.0,7.88,8
22500116,BKN,HOU,78.4,79.8,"('Cam Thomas', 'Jalen Wilson', 'Michael Porter Jr.', 'Noah Clowney', 'Nolan Traore')",0.5333333333333333,3,0,2,1,0,0,0,1,0,0,1,2.0,2.0,0.0,0.0,0.0,0.0,2.0,2.0,0.0,2.0,4.0,8
22500116,BKN,HOU,79.0,80.2,"('Michael Porter Jr.', 'Noah Clowney', 'Nolan Traore', 'Terance Mann', 'Tyrese Martin')",1.0766666666666669,3,2,6,1,0,0,1,1,0,3,0,3.0,4.76,0.0,0.0,0.0,2.0,0.0,0.0,0.0,2.0,7.76,8
22500116,BKN,HOU,79.2,80.8,"('Ben Saraf', 'Cam Thomas', 'Michael Porter Jr.', 'Nic Claxton', 'Terance Mann')",2.433333333333333,3,2,10,1,3,0,3,0,0,3,0,4.0,6.44,0.0,0.0,2.0,2.0,0.0,0.0,2.0,6.0,10.44,8
22500116,BKN,HOU,78.4,79.8,"('Cam Thomas', 'Michael Porter Jr.', 'Noah Clowney', 'Nolan Traore', 'Terance Mann')",0.6666666666666666,3,1,2,0,1,0,0,0,0,0,0,1.44,1.0,0.0,0.0,0.0,0.0,0.0,0.0,0.0,2.0,2.44,8
22500116,BKN,HOU,79.0,79.8,"('Cam Thomas', ""Day'Ron Sharpe"", 'Jalen Wilson', 'Noah Clowney', 'Tyrese Martin')",3.45,3,6,5,2,5,2,0,0,2,2,6,6.88,5.2,0.0,0.0,0.0,2.0,0.0,0.0,0.0,0.0,12.08,8
22500116,BKN,HOU,79.6,75.4,"('Ben Saraf', ""Day'Ron Sharpe"", 'Jalen Wilson', 'Noah Clowney', 'Tyrese Martin')",1.5,4,4,5,0,1,1,1,0,0,0,1,2.88,2.0,0.0,0.0,0.0,2.0,0.0,3.0,0.0,2.0,4.88,8
22500116,BKN,HOU,79.2,79.0,"('Michael Porter Jr.', 'Nic Claxton', 'Nolan Traore', 'Terance Mann', 'Tyrese Martin')",3.333333333333333,4,10,9,1,0,2,3,4,2,3,0,8.0,7.0,0.0,0.0,0.0,2.0,7.0,4.0,0.0,6.0,15.0,8
22500116,BKN,HOU,77.6,75.4,"('Ben Saraf', ""Day'Ron Sharpe"", 'E.J. Liddell', 'Jalen Wilson', 'Tyson Etienne')",1.4333333333333336,4,2,5,3,1,0,1,1,0,0,0,4.0,4.0,0.0,0.0,2.0,2.0,2.0,2.0,0.0,2.0,8.0,8
22500116,BKN,HOU,78.4,78.2,"('Jalen Wilson', 'Nic Claxton', 'Nolan Traore', 'Terance Mann', 'Tyrese Martin')",1.4166666666666667,4,4,8,2,0,0,3,0,0,0,0,2.0,3.0,0.0,0.0,2.0,4.0,2.0,0.0,0.0,2.0,5.0,8
22500116,BKN,HOU,78.4,82.2,"('Ben Saraf', 'Cam Thomas', 'Jalen Wilson', 'Nic Claxton', 'Terance Mann')",1.8,2,3,5,0,3,0,1,1,2,0,1,4.0,4.0,0.0,3.0,0.0,0.0,0.0,0.0,0.0,2.0,8.0,8
22500116,BKN,HOU,77.8,82.2,"('Cam Thomas', 'Jalen Wilson', 'Nic Claxton', 'Nolan Traore', 'Terance Mann')",0.8833333333333333,2,2,0,1,1,0,0,0,0,0,1,0.88,1.0,0.0,0.0,0.0,0.0,0.0,0.0,0.0,0.0,1.88,8
22500116,BKN,HOU,79.8,80.6,"('Ben Saraf', 'Jalen Wilson', 'Michael Porter Jr.', 'Nic Claxton', 'Tyrese Martin')",3.400000000000001,2,15,7,3,2,5,2,0,1,0,2,8.0,7.0,2.0,2.0,2.0,6.0,0.0,0.0,0.0,4.0,15.0,8
22500116,BKN,HOU,79.6,79.0,"('Ben Saraf', ""Day'Ron Sharpe"", 'Jalen Wilson', 'Michael Porter Jr.', 'Tyrese Martin')",0.0166666666666666,2,0,0,1,0,0,0,0,0,0,1,0.0,0.0,0.0,0.0,0.0,0.0,0.0,0.0,0.0,0.0,0.0,8
22500116,BKN,HOU,79.0,80.8,"('Ben Saraf', 'Cam Thomas', ""Day'Ron Sharpe"", 'Michael Porter Jr.', 'Terance Mann')",1.0166666666666666,3,2,3,0,0,0,1,1,1,1,0,2.0,2.44,0.0,0.0,0.0,2.0,2.0,0.0,0.0,2.0,4.44,8
22500116,BKN,HOU,77.0,75.0,"('Ben Saraf', ""Day'Ron Sharpe"", 'E.J. Liddell', 'Nolan Traore', 'Tyson Etienne')",3.8766666666666665,4,12,7,5,1,2,2,1,0,0,4,7.76,6.0,0.0,0.0,5.0,2.0,0.0,0.0,0.0,4.0,13.76,8
22500116,BKN,HOU,79.2,81.0,"('Ben Saraf', 'Cam Thomas', 'Jalen Wilson', 'Michael Porter Jr.', 'Nic Claxton')",0.0,1,0,1,0,0,0,0,0,0,1,0,0.0,1.44,0.0,0.0,0.0,0.0,0.0,0.0,0.0,0.0,1.44,8
22500116,BKN,HOU,79.0,79.8,"(""Day'Ron Sharpe"", 'Jalen Wilson', 'Noah Clowney', 'Nolan Traore', 'Tyrese Martin')",3.5416666666666665,1,6,15,3,3,2,5,1,0,1,0,7.0,7.88,0.0,0.0,0.0,0.0,2.0,3.0,0.0,4.0,14.88,8
22500116,BKN,HOU,79.0,81.0,"('Ben Saraf', 'Cam Thomas', ""Day'Ron Sharpe"", 'Jalen Wilson', 'Michael Porter Jr.')",0.5,1,3,2,0,0,1,0,0,0,1,0,1.0,0.88,0.0,0.0,0.0,0.0,0.0,0.0,0.0,0.0,1.88,8
22500116,BKN,HOU,79.2,81.0,"('Ben Saraf', 'Cam Thomas', 'Michael Porter Jr.', 'Nic Claxton', 'Terance Mann')",6.383333333333332,1,16,20,3,7,4,4,0,0,5,2,11.0,12.44,2.0,0.0,2.0,10.0,0.0,0.0,7.0,16.0,23.44,8
22500116,BKN,HOU,78.4,81.0,"('Cam Thomas', ""Day'Ron Sharpe"", 'Jalen Wilson', 'Noah Clowney', 'Nolan Traore')",1.0833333333333337,1,0,4,2,2,0,1,0,0,0,0,2.0,2.44,0.0,0.0,0.0,0.0,3.0,0.0,0.0,0.0,4.44,8
22500116,BKN,HOU,79.8,81.6,"('Jalen Wilson', 'Nic Claxton', 'Noah Clowney', 'Terance Mann', 'Tyrese Martin')",0.0716666666666666,2,0,2,0,0,0,0,0,0,0,0,0.0,1.0,0.0,0.0,0.0,0.0,0.0,0.0,0.0,2.0,1.0,8
22500116,BKN,HOU,78.6,80.2,"('Cam Thomas', 'Michael Porter Jr.', 'Nic Claxton', 'Nolan Traore', 'Terance Mann')",3.3199999999999994,2,8,7,5,5,0,2,0,0,2,1,8.0,6.88,0.0,0.0,2.0,6.0,0.0,0.0,3.0,2.0,14.88,8
22500116,BKN,HOU,80.4,79.0,"('Ben Saraf', ""Day'Ron Sharpe"", 'Michael Porter Jr.', 'Noah Clowney', 'Tyrese Martin')",2.4333333333333336,2,7,8,1,3,2,3,0,0,1,1,4.44,5.44,0.0,0.0,0.0,0.0,0.0,3.0,2.0,4.0,9.88,8
22500130,BKN,ATL,80.6,79.0,"('Jalen Wilson', 'Michael Porter Jr.', 'Nic Claxton', 'Noah Clowney', 'Tyrese Martin')",1.1333333333333333,4,4,4,1,0,1,1,0,0,0,0,2.0,2.0,0.0,0.0,2.0,4.0,0.0,0.0,0.0,4.0,4.0,9
22500130,BKN,ATL,79.2,79.8,"('Ben Saraf', 'Cam Thomas', 'Michael Porter Jr.', 'Nic Claxton', 'Terance Mann')",7.099999999999998,3,20,15,9,5,6,5,4,2,2,6,17.439999999999998,16.880000000000003,3.0,0.0,0.0,8.0,2.0,2.0,0.0,8.0,34.32,9
22500130,BKN,ATL,79.4,79.2,"('Cam Thomas', 'Egor Dëmin', 'Jalen Wilson', 'Michael Porter Jr.', 'Noah Clowney')",0.0,3,0,0,0,0,0,0,0,0,0,0,0.0,0.0,0.0,0.0,0.0,0.0,0.0,0.0,0.0,0.0,0.0,9
22500130,BKN,ATL,79.4,79.2,"('Cam Thomas', ""Day'Ron Sharpe"", 'Egor Dëmin', 'Michael Porter Jr.', 'Terance Mann')",0.7833333333333333,3,0,3,0,1,0,1,0,0,0,0,1.0,2.0,0.0,0.0,0.0,0.0,3.0,0.0,0.0,0.0,3.0,9
22500130,BKN,ATL,79.2,79.0,"('Cam Thomas', 'Nic Claxton', 'Noah Clowney', 'Terance Mann', 'Tyrese Martin')",3.8666666666666663,4,13,9,2,2,1,1,0,0,1,3,6.76,7.0,0.0,0.0,0.0,4.0,0.0,0.0,0.0,4.0,13.76,9
22500130,BKN,ATL,80.4,79.6,"(""Day'Ron Sharpe"", 'Jalen Wilson', 'Michael Porter Jr.', 'Noah Clowney', 'Tyrese Martin')",3.466666666666666,4,7,8,4,6,2,3,0,0,0,3,7.44,7.0,0.0,0.0,0.0,6.0,0.0,0.0,3.0,2.0,14.44,9
22500130,BKN,ATL,79.2,80.2,"('Cam Thomas', 'Michael Porter Jr.', 'Nic Claxton', 'Terance Mann', 'Tyrese Martin')",3.1366666666666663,4,5,2,7,2,0,0,1,0,2,1,8.32,4.88,0.0,0.0,2.0,2.0,0.0,0.0,0.0,0.0,13.2,9
22500130,BKN,ATL,79.4,79.6,"('Cam Thomas', ""Day'Ron Sharpe"", 'Egor Dëmin', 'Jalen Wilson', 'Michael Porter Jr.')",0.9166666666666669,1,2,3,1,0,0,1,2,0,0,0,3.0,2.44,0.0,0.0,0.0,0.0,2.0,2.0,0.0,2.0,5.44,9
22500130,BKN,ATL,79.6,79.6,"('Cam Thomas', 'Egor Dëmin', 'Michael Porter Jr.', 'Nic Claxton', 'Terance Mann')",1.8,1,2,5,2,3,0,2,0,0,2,1,4.0,2.44,0.0,0.0,2.0,2.0,0.0,0.0,0.0,2.0,6.44,9
22500130,BKN,ATL,79.2,79.8,"('Cam Thomas', 'Jalen Wilson', 'Nic Claxton', 'Noah Clowney', 'Terance Mann')",1.666666666666667,2,2,4,2,2,1,0,1,0,1,1,4.0,4.0,0.0,0.0,0.0,2.0,2.0,2.0,0.0,4.0,8.0,9
22500130,BKN,ATL,80.8,80.0,"(""Day'Ron Sharpe"", 'Egor Dëmin', 'Michael Porter Jr.', 'Noah Clowney', 'Tyrese Martin')",4.666666666666667,2,7,14,2,8,3,4,1,2,1,0,8.0,9.44,0.0,0.0,2.0,2.0,3.0,2.0,2.0,2.0,17.439999999999998,9
22500130,BKN,ATL,79.2,79.6,"('Ben Saraf', 'Cam Thomas', 'Michael Porter Jr.', 'Nic Claxton', 'Terance Mann')",5.300000000000001,1,17,16,4,4,3,4,4,0,4,2,13.32,12.76,0.0,0.0,0.0,8.0,6.0,4.0,2.0,12.0,26.08,9
22500130,BKN,ATL,79.4,78.8,"('Cam Thomas', ""Day'Ron Sharpe"", 'Egor Dëmin', 'Jalen Wilson', 'Noah Clowney')",3.9983333333333335,3,12,12,2,2,2,5,1,2,0,2,7.76,9.0,0.0,3.0,2.0,2.0,2.0,2.0,2.0,4.0,16.759999999999998,9
22500130,BKN,ATL,79.2,80.4,"('Cam Thomas', 'Jalen Wilson', 'Michael Porter Jr.', 'Nic Claxton', 'Terance Mann')",2.433333333333334,2,9,5,2,0,1,1,1,1,2,2,4.88,5.88,0.0,2.0,2.0,2.0,0.0,0.0,0.0,0.0,10.76,9
22500130,BKN,ATL,79.8,80.4,"('Jalen Wilson', 'Michael Porter Jr.', 'Nic Claxton', 'Terance Mann', 'Tyrese Martin')",1.6216666666666666,2,4,5,2,3,1,1,0,0,0,0,4.0,4.44,0.0,0.0,0.0,4.0,0.0,2.0,2.0,2.0,8.440000000000001,9
22500130,BKN,ATL,79.4,78.8,"('Cam Thomas', ""Day'Ron Sharpe"", 'Egor Dëmin', 'Jalen Wilson', 'Noah Clowney')",3.8333333333333335,1,6,10,5,6,1,3,0,1,2,4,9.32,8.879999999999999,0.0,0.0,0.0,0.0,3.0,0.0,0.0,2.0,18.2,9
22500130,BKN,ATL,79.6,79.0,"(""Day'Ron Sharpe"", 'Jalen Wilson', 'Noah Clowney', 'Terance Mann', 'Tyrese Martin')",1.5166666666666666,2,2,2,2,0,1,1,1,0,0,1,3.0,2.0,0.0,2.0,0.0,0.0,2.0,0.0,0.0,2.0,5.0,9
22500149,BKN,PHI,79.4,79.0,"('Cam Thomas', ""Day'Ron Sharpe"", 'Egor Dëmin', 'Jalen Wilson', 'Michael Porter Jr.')",0.0466666666666666,3,3,0,0,0,1,0,0,0,0,0,1.0,0.0,0.0,0.0,0.0,0.0,0.0,0.0,0.0,0.0,1.0,10
22500149,BKN,PHI,79.8,77.8,"('Cam Thomas', 'Michael Porter Jr.', 'Nic Claxton', 'Terance Mann', 'Ziaire Williams')",1.7583333333333333,2,2,7,1,3,1,2,2,0,1,0,5.0,4.0,0.0,0.0,0.0,2.0,0.0,2.0,0.0,4.0,9.0,10
22500149,BKN,PHI,79.6,77.2,"('Jalen Wilson', 'Nic Claxton', 'Terance Mann', 'Tyrese Martin', 'Ziaire Williams')",0.2883333333333333,2,0,2,0,0,0,1,0,0,0,0,0.0,1.0,0.0,0.0,0.0,0.0,2.0,0.0,0.0,2.0,1.0,10
22500149,BKN,PHI,78.4,77.8,"('Cam Thomas', 'Jalen Wilson', 'Nic Claxton', 'Terance Mann', 'Tyrese Martin')",0.4666666666666667,2,0,1,0,2,0,0,0,0,1,0,1.0,0.44,0.0,0.0,0.0,0.0,0.0,0.0,0.0,0.0,1.44,10
22500149,BKN,PHI,80.2,77.6,"(""Day'Ron Sharpe"", 'Jalen Wilson', 'Michael Porter Jr.', 'Tyrese Martin', 'Ziaire Williams')",1.9166666666666667,2,4,0,4,0,0,0,1,1,0,2,3.88,3.0,0.0,0.0,2.0,2.0,0.0,0.0,0.0,0.0,6.88,10
22500149,BKN,PHI,78.2,77.8,"('Cam Thomas', ""Day'Ron Sharpe"", 'Jalen Wilson', 'Terance Mann', 'Tyrese Martin')",1.55,2,2,6,0,1,0,2,1,0,1,2,2.88,2.88,0.0,0.0,0.0,0.0,2.0,0.0,0.0,4.0,5.76,10
22500149,BKN,PHI,79.4,79.0,"('Cam Thomas', 'Egor Dëmin', 'Jalen Wilson', 'Nic Claxton', 'Ziaire Williams')",2.8233333333333333,3,2,6,3,2,1,2,3,1,1,1,6.0,6.44,2.0,2.0,0.0,2.0,2.0,2.0,0.0,2.0,12.44,10
22500149,BKN,PHI,79.2,77.8,"('Cam Thomas', 'Michael Porter Jr.', 'Nic Claxton', 'Terance Mann', 'Tyrese Martin')",9.049999999999995,3,18,11,10,8,4,3,3,7,3,6,19.88,18.44,6.0,8.0,6.0,14.0,0.0,0.0,0.0,4.0,38.32,10
22500149,BKN,PHI,79.8,77.8,"('Jalen Wilson', 'Nic Claxton', 'Noah Clowney', 'Terance Mann', 'Tyrese Martin')",2.6166666666666663,4,5,11,1,2,1,3,0,0,2,2,5.44,5.88,0.0,0.0,2.0,4.0,0.0,2.0,0.0,6.0,11.32,10
22500149,BKN,PHI,79.4,77.6,"('Cam Thomas', 'Egor Dëmin', 'Michael Porter Jr.', 'Noah Clowney', 'Terance Mann')",3.855,4,15,16,7,4,2,5,2,1,1,2,10.32,12.0,2.0,2.0,5.0,6.0,2.0,2.0,2.0,10.0,22.32,10
22500149,BKN,PHI,80.0,78.2,"('Cam Thomas', 'Michael Porter Jr.', 'Nic Claxton', 'Noah Clowney', 'Terance Mann')",3.4333333333333336,4,7,5,2,6,2,2,0,1,0,0,6.0,7.44,0.0,2.0,0.0,2.0,0.0,0.0,2.0,4.0,13.44,10
22500149,BKN,PHI,80.6,78.4,"(""Day'Ron Sharpe"", 'Egor Dëmin', 'Jalen Wilson', 'Michael Porter Jr.', 'Ziaire Williams')",1.6833333333333336,4,0,7,1,2,0,2,0,0,0,0,3.0,4.0,0.0,0.0,0.0,0.0,3.0,0.0,0.0,4.0,7.0,10
22500149,BKN,PHI,80.6,77.6,"(""Day'Ron Sharpe"", 'Egor Dëmin', 'Jalen Wilson', 'Michael Porter Jr.', 'Ziaire Williams')",2.0166666666666666,2,0,7,3,3,0,2,3,0,1,0,6.0,5.0,0.0,0.0,0.0,0.0,5.0,2.0,0.0,4.0,11.0,10
22500149,BKN,PHI,79.0,77.8,"('Cam Thomas', 'Nic Claxton', 'Terance Mann', 'Tyrese Martin', 'Ziaire Williams')",3.8666666666666663,2,10,10,4,4,1,3,0,1,0,3,9.88,9.0,2.0,0.0,0.0,8.0,0.0,0.0,2.0,4.0,18.880000000000003,10
22500149,BKN,PHI,79.8,78.4,"('Cam Thomas', 'Michael Porter Jr.', 'Nic Claxton', 'Tyrese Martin', 'Ziaire Williams')",0.85,1,0,2,1,2,0,1,0,0,1,0,2.0,3.0,0.0,0.0,0.0,0.0,0.0,0.0,0.0,2.0,5.0,10
22500149,BKN,PHI,80.4,79.0,"(""Day'Ron Sharpe"", 'Drake Powell', 'Egor Dëmin', 'Noah Clowney', 'Ziaire Williams')",2.188333333333333,1,8,10,1,1,1,3,0,1,0,2,5.88,5.0,2.0,2.0,0.0,6.0,0.0,3.0,0.0,2.0,10.88,10
22500149,BKN,PHI,80.6,79.0,"('Drake Powell', 'Egor Dëmin', 'Nic Claxton', 'Noah Clowney', 'Ziaire Williams')",2.05,1,10,8,2,1,2,2,1,1,1,1,7.0,5.32,2.0,2.0,0.0,4.0,0.0,0.0,0.0,2.0,12.32,10
22500149,BKN,PHI,79.2,78.4,"('Cam Thomas', 'Michael Porter Jr.', 'Nic Claxton', 'Terance Mann', 'Tyrese Martin')",6.133333333333333,1,17,17,4,3,5,1,2,1,1,3,13.76,12.88,7.0,2.0,2.0,10.0,2.0,2.0,2.0,12.0,26.64,10
22500149,BKN,PHI,79.8,78.4,"('Cam Thomas', 'Nic Claxton', 'Noah Clowney', 'Tyrese Martin', 'Ziaire Williams')",0.3666666666666667,1,1,2,0,0,0,0,0,0,0,1,0.44,1.0,0.0,0.0,0.0,0.0,0.0,0.0,2.0,2.0,1.44,10
22500149,BKN,PHI,80.6,77.2,"(""Day'Ron Sharpe"", 'Egor Dëmin', 'Noah Clowney', 'Terance Mann', 'Ziaire Williams')",0.0816666666666666,1,1,1,0,0,0,0,0,0,1,0,0.44,1.44,0.0,0.0,0.0,0.0,0.0,0.0,0.0,0.0,1.88,10
22500156,BKN,MIN,79.8,80.8,"('Cam Thomas', 'Nic Claxton', 'Noah Clowney', 'Terance Mann', 'Ziaire Williams')",2.1166666666666663,4,4,13,1,4,0,3,0,0,1,1,5.88,4.76,0.0,0.0,2.0,2.0,0.0,3.0,0.0,0.0,10.64,11
22500156,BKN,MIN,79.2,78.2,"('Ben Saraf', 'Danny Wolf', ""Day'Ron Sharpe"", 'E.J. Liddell', 'Nolan Traore')",3.183333333333333,4,8,7,7,4,2,2,2,1,0,3,9.32,8.0,0.0,0.0,0.0,2.0,0.0,0.0,3.0,4.0,17.32,11
22500156,BKN,MIN,79.2,77.6,"('Cam Thomas', 'Nic Claxton', 'Noah Clowney', 'Terance Mann', 'Tyrese Martin')",5.899999999999999,3,14,18,7,5,3,7,1,1,2,6,11.76,12.0,0.0,0.0,0.0,4.0,0.0,3.0,2.0,12.0,23.76,11
22500156,BKN,MIN,80.2,77.4,"('Cam Thomas', 'Egor Dëmin', 'Nic Claxton', 'Noah Clowney', 'Ziaire Williams')",2.1,3,7,2,3,3,2,0,1,1,0,1,5.44,4.0,0.0,3.0,0.0,0.0,2.0,2.0,0.0,2.0,9.44,11
22500156,BKN,MIN,79.2,77.4,"('Cam Thomas', ""Day'Ron Sharpe"", 'Egor Dëmin', 'Jalen Wilson', 'Ziaire Williams')",1.1333333333333333,3,2,2,1,2,1,1,1,0,1,0,2.0,3.0,0.0,0.0,0.0,2.0,2.0,2.0,0.0,2.0,5.0,11
22500156,BKN,MIN,80.8,79.2,"('Egor Dëmin', 'Nic Claxton', 'Noah Clowney', 'Terance Mann', 'Ziaire Williams')",2.2,4,3,4,2,3,1,1,1,1,3,0,5.0,5.44,0.0,0.0,0.0,0.0,0.0,0.0,0.0,0.0,10.44,11
22500156,BKN,MIN,79.2,79.0,"('Cam Thomas', ""Day'Ron Sharpe"", 'Egor Dëmin', 'Jalen Wilson', 'Ziaire Williams')",3.181666666666666,1,2,11,0,6,0,3,0,1,2,3,8.879999999999999,5.88,0.0,0.0,0.0,0.0,0.0,0.0,2.0,6.0,14.759999999999998,11
22500156,BKN,MIN,80.0,78.6,"(""Day'Ron Sharpe"", 'Egor Dëmin', 'Noah Clowney', 'Terance Mann', 'Tyrese Martin')",1.4833333333333334,2,5,6,1,1,2,1,0,0,1,0,4.0,3.88,0.0,0.0,2.0,2.0,0.0,0.0,0.0,4.0,7.88,11
22500156,BKN,MIN,79.2,79.6,"('Cam Thomas', 'Jalen Wilson', 'Nic Claxton', 'Noah Clowney', 'Terance Mann')",5.745,2,18,16,3,6,6,4,0,0,2,3,10.88,10.88,0.0,0.0,2.0,4.0,0.0,0.0,5.0,8.0,21.76,11
22500156,BKN,MIN,80.6,78.6,"(""Day'Ron Sharpe"", 'Egor Dëmin', 'Noah Clowney', 'Tyrese Martin', 'Ziaire Williams')",2.0,2,2,5,1,3,0,2,1,0,2,0,4.0,3.0,2.0,0.0,0.0,2.0,2.0,0.0,2.0,2.0,7.0,11
22500156,BKN,MIN,80.2,78.6,"('Cam Thomas', 'Egor Dëmin', 'Nic Claxton', 'Noah Clowney', 'Ziaire Williams')",1.3166666666666669,1,4,2,3,0,0,0,1,0,0,2,4.88,3.0,2.0,0.0,0.0,2.0,0.0,0.0,0.0,2.0,7.88,11
22500156,BKN,MIN,79.2,79.2,"('Cam Thomas', 'Nic Claxton', 'Noah Clowney', 'Terance Mann', 'Tyrese Martin')",5.766666666666666,1,19,12,3,4,5,4,1,6,1,3,12.76,13.44,0.0,4.0,2.0,8.0,2.0,4.0,0.0,6.0,26.2,11
22500156,BKN,MIN,79.2,79.6,"('Cam Thomas', ""Day'Ron Sharpe"", 'Jalen Wilson', 'Nic Claxton', 'Terance Mann')",1.65,2,3,8,0,1,0,3,1,0,1,0,2.44,3.44,0.0,0.0,0.0,2.0,2.0,0.0,2.0,4.0,5.88,11
22500156,BKN,MIN,80.2,77.8,"('Egor Dëmin', 'Jalen Wilson', 'Nic Claxton', 'Noah Clowney', 'Terance Mann')",0.7666666666666666,2,3,0,1,0,1,0,0,1,1,1,2.44,2.0,2.0,2.0,0.0,2.0,0.0,0.0,0.0,0.0,4.44,11
22500156,BKN,MIN,79.8,79.2,"('Cam Thomas', 'Nic Claxton', 'Noah Clowney', 'Tyrese Martin', 'Ziaire Williams')",0.5,1,0,3,0,2,0,1,0,0,0,1,1.0,1.0,0.0,0.0,0.0,0.0,0.0,0.0,3.0,0.0,2.0,11
22500156,BKN,MIN,79.4,79.4,"('Cam Thomas', 'Egor Dëmin', 'Jalen Wilson', 'Nic Claxton', 'Ziaire Williams')",0.3,1,0,0,0,1,0,0,0,0,1,0,1.0,1.0,0.0,0.0,0.0,0.0,0.0,0.0,0.0,0.0,2.0,11
22500156,BKN,MIN,79.2,79.2,"('Cam Thomas', ""Day'Ron Sharpe"", 'Egor Dëmin', 'Terance Mann', 'Ziaire Williams')",1.7833333333333332,4,2,5,0,3,0,1,0,2,1,0,4.0,4.32,0.0,0.0,0.0,0.0,0.0,0.0,0.0,2.0,8.32,11
22500156,BKN,MIN,79.2,79.2,"('Cam Thomas', ""Day'Ron Sharpe"", 'Egor Dëmin', 'Tyrese Martin', 'Ziaire Williams')",1.0166666666666666,4,0,1,1,1,0,0,0,0,2,0,1.0,2.44,0.0,0.0,0.0,0.0,0.0,0.0,0.0,0.0,3.44,11
22500156,BKN,MIN,79.2,78.2,"('Cam Thomas', ""Day'Ron Sharpe"", 'Egor Dëmin', 'Tyrese Martin', 'Ziaire Williams')",0.4033333333333333,3,0,0,0,1,0,0,0,0,0,0,1.0,0.0,0.0,0.0,0.0,0.0,0.0,0.0,0.0,0.0,1.0,11
22500156,BKN,MIN,79.8,78.2,"(""Day'Ron Sharpe"", 'Egor Dëmin', 'Jalen Wilson', 'Tyrese Martin', 'Ziaire Williams')",2.2783333333333333,3,6,6,3,2,2,0,2,2,2,1,5.44,5.76,0.0,0.0,0.0,0.0,2.0,0.0,0.0,2.0,11.2,11
22500156,BKN,MIN,79.2,79.0,"('Cam Thomas', ""Day'Ron Sharpe"", 'Egor Dëmin', 'Tyrese Martin', 'Ziaire Williams')",0.1216666666666666,1,3,0,0,0,0,0,0,0,0,0,1.0,0.0,0.0,3.0,0.0,0.0,0.0,0.0,0.0,0.0,1.0,11
22500156,BKN,MIN,79.8,79.0,"(""Day'Ron Sharpe"", 'Egor Dëmin', 'Jalen Wilson', 'Tyrese Martin', 'Ziaire Williams')",0.4966666666666667,1,0,0,1,1,0,0,0,0,0,0,1.0,2.0,0.0,0.0,0.0,0.0,0.0,0.0,0.0,0.0,3.0,11
22500156,BKN,MIN,79.2,79.2,"('Cam Thomas', 'Egor Dëmin', 'Noah Clowney', 'Terance Mann', 'Ziaire Williams')",0.0,4,0,0,0,0,0,0,0,0,0,0,0.0,0.0,0.0,0.0,0.0,0.0,0.0,0.0,0.0,0.0,0.0,11
22500156,BKN,MIN,79.8,80.8,"('Cam Thomas', 'Nic Claxton', 'Noah Clowney', 'Tyrese Martin', 'Ziaire Williams')",1.2833333333333334,4,4,4,2,0,0,0,0,0,1,1,1.88,2.88,0.0,0.0,2.0,2.0,0.0,0.0,0.0,0.0,4.76,11
22500173,BKN,IND,79.2,79.0,"(""Day'Ron Sharpe"", 'Egor Dëmin', 'Jalen Wilson', 'Terance Mann', 'Tyrese Martin')",2.4,4,7,3,4,3,1,1,0,0,0,2,5.88,5.0,2.0,0.0,0.0,2.0,0.0,0.0,0.0,0.0,10.88,12
22500173,BKN,IND,80.6,79.8,"('Jalen Wilson', 'Michael Porter Jr.', 'Nic Claxton', 'Noah Clowney', 'Terance Mann')",2.3833333333333333,4,4,5,3,3,0,1,1,0,1,1,4.88,5.0,0.0,0.0,0.0,0.0,0.0,0.0,2.0,2.0,9.88,12
22500173,BKN,IND,79.6,79.2,"(""Day'Ron Sharpe"", 'Jalen Wilson', 'Michael Porter Jr.', 'Terance Mann', 'Tyrese Martin')",1.3333333333333337,2,4,9,0,1,0,3,0,0,1,2,2.88,3.44,0.0,0.0,0.0,2.0,0.0,0.0,0.0,2.0,6.32,12
22500173,BKN,IND,81.2,78.8,"('Michael Porter Jr.', 'Nic Claxton', 'Noah Clowney', 'Terance Mann', 'Ziaire Williams')",4.783333333333332,2,9,15,4,7,1,2,2,0,1,3,11.2,11.0,0.0,0.0,2.0,4.0,4.0,7.0,2.0,12.0,22.2,12
22500173,BKN,IND,79.2,79.4,"(""Day'Ron Sharpe"", 'Egor Dëmin', 'Jalen Wilson', 'Terance Mann', 'Tyrese Martin')",2.0166666666666666,3,3,4,1,4,1,1,0,1,1,0,5.0,4.44,0.0,0.0,0.0,0.0,0.0,0.0,0.0,0.0,9.44,12
22500173,BKN,IND,81.6,80.2,"('Egor Dëmin', 'Michael Porter Jr.', 'Nic Claxton', 'Noah Clowney', 'Ziaire Williams')",0.8833333333333335,3,1,0,2,1,0,0,0,1,1,2,0.44,2.0,0.0,0.0,0.0,0.0,0.0,0.0,0.0,0.0,2.44,12
22500173,BKN,IND,80.6,80.6,"('Michael Porter Jr.', 'Nic Claxton', 'Noah Clowney', 'Terance Mann', 'Tyrese Martin')",6.383333333333331,3,18,13,6,4,5,3,4,5,3,2,17.880000000000003,14.88,4.0,9.0,2.0,8.0,4.0,0.0,0.0,6.0,32.760000000000005,12
22500173,BKN,IND,80.4,79.8,"('Jalen Wilson', 'Michael Porter Jr.', 'Nic Claxton', 'Terance Mann', 'Ziaire Williams')",1.3833333333333333,2,6,6,0,0,2,1,0,0,1,0,2.44,2.44,0.0,0.0,0.0,2.0,0.0,0.0,0.0,0.0,4.88,12
22500173,BKN,IND,79.4,79.0,"(""Day'Ron Sharpe"", 'Jalen Wilson', 'Terance Mann', 'Tyrese Martin', 'Ziaire Williams')",2.0666666666666664,4,6,0,2,2,2,0,0,3,1,1,7.44,5.0,0.0,3.0,2.0,2.0,0.0,0.0,0.0,0.0,12.44,12
22500173,BKN,IND,80.4,79.0,"('Jalen Wilson', 'Michael Porter Jr.', 'Nic Claxton', 'Tyrese Martin', 'Ziaire Williams')",1.8666666666666667,4,4,5,2,2,1,0,0,0,2,1,2.44,3.44,0.0,0.0,0.0,0.0,0.0,0.0,2.0,4.0,5.88,12
22500173,BKN,IND,80.6,79.8,"('Michael Porter Jr.', 'Nic Claxton', 'Noah Clowney', 'Terance Mann', 'Tyrese Martin')",2.3416666666666663,4,11,7,2,2,3,3,1,1,0,3,7.76,7.0,2.0,0.0,0.0,4.0,2.0,0.0,0.0,4.0,14.76,12
22500173,BKN,IND,80.8,80.2,"('Egor Dëmin', 'Jalen Wilson', 'Michael Porter Jr.', 'Nic Claxton', 'Ziaire Williams')",2.5,3,4,7,2,8,1,3,0,0,0,0,4.44,5.0,0.0,0.0,0.0,0.0,0.0,0.0,5.0,4.0,9.44,12
22500173,BKN,IND,80.6,78.8,"('Michael Porter Jr.', 'Nic Claxton', 'Noah Clowney', 'Terance Mann', 'Tyrese Martin')",0.1833333333333333,1,0,0,0,1,0,0,0,0,0,0,1.0,1.0,0.0,0.0,0.0,0.0,0.0,0.0,0.0,0.0,2.0,12
22500173,BKN,IND,80.8,79.2,"('Egor Dëmin', 'Nic Claxton', 'Noah Clowney', 'Tyrese Martin', 'Ziaire Williams')",1.35,2,0,5,3,2,0,2,1,0,2,0,3.0,5.0,0.0,0.0,0.0,0.0,0.0,2.0,0.0,2.0,8.0,12
22500173,BKN,IND,81.2,78.4,"('Michael Porter Jr.', 'Nic Claxton', 'Noah Clowney', 'Tyrese Martin', 'Ziaire Williams')",1.7833333333333337,1,5,5,1,1,1,2,0,0,1,0,3.0,4.0,0.0,0.0,0.0,2.0,0.0,0.0,2.0,2.0,7.0,12
22500173,BKN,IND,79.8,78.2,"(""Day'Ron Sharpe"", 'Egor Dëmin', 'Jalen Wilson', 'Tyrese Martin', 'Ziaire Williams')",3.3433333333333333,1,5,2,4,6,2,1,0,2,1,1,7.0,8.0,2.0,0.0,0.0,2.0,2.0,0.0,0.0,0.0,15.0,12
22500173,BKN,IND,80.2,79.2,"(""Day'Ron Sharpe"", 'Michael Porter Jr.', 'Terance Mann', 'Tyrese Martin', 'Ziaire Williams')",0.4166666666666666,2,0,0,1,0,0,0,1,1,0,0,1.0,2.0,0.0,0.0,0.0,0.0,0.0,0.0,0.0,0.0,3.0,12
22500173,BKN,IND,81.0,79.2,"(""Day'Ron Sharpe"", 'Michael Porter Jr.', 'Noah Clowney', 'Terance Mann', 'Ziaire Williams')",1.7166666666666668,2,7,2,3,0,2,1,0,0,0,0,4.0,3.0,0.0,0.0,0.0,4.0,0.0,0.0,0.0,2.0,7.0,12
22500173,BKN,IND,80.0,78.8,"('Cam Thomas', 'Michael Porter Jr.', 'Nic Claxton', 'Noah Clowney', 'Terance Mann')",5.516666666666665,1,15,11,4,6,4,4,1,2,0,3,13.32,12.0,2.0,7.0,0.0,6.0,2.0,2.0,2.0,6.0,25.32,12
22500173,BKN,IND,80.6,78.4,"(""Day'Ron Sharpe"", 'Egor Dëmin', 'Michael Porter Jr.', 'Tyrese Martin', 'Ziaire Williams')",0.2833333333333333,1,0,0,1,2,0,0,0,0,0,0,0.0,1.0,0.0,0.0,0.0,0.0,0.0,0.0,0.0,0.0,1.0,12
22500173,BKN,IND,80.4,79.8,"('Jalen Wilson', 'Nic Claxton', 'Noah Clowney', 'Terance Mann', 'Ziaire Williams')",0.75,2,3,4,0,1,0,1,1,0,1,2,3.44,2.88,0.0,0.0,0.0,2.0,2.0,2.0,0.0,2.0,6.32,12
22500192,BKN,NYK,80.0,77.6,"(""Day'Ron Sharpe"", 'Drake Powell', 'Noah Clowney', 'Tyrese Martin', 'Ziaire Williams')",0.1333333333333333,1,1,0,0,0,0,0,0,0,1,0,1.44,0.0,0.0,0.0,0.0,0.0,0.0,0.0,0.0,0.0,1.44,13
22500192,BKN,NYK,80.2,78.0,"('Drake Powell', 'Michael Porter Jr.', 'Nic Claxton', 'Tyrese Martin', 'Ziaire Williams')",0.4833333333333333,2,2,0,0,0,0,0,0,0,1,0,1.0,0.0,0.0,0.0,0.0,2.0,0.0,0.0,0.0,0.0,1.0,13
22500192,BKN,NYK,81.0,78.2,"('Egor Dëmin', 'Michael Porter Jr.', 'Nic Claxton', 'Noah Clowney', 'Terance Mann')",3.466666666666666,2,13,14,2,3,3,4,1,1,1,1,7.0,8.0,0.0,0.0,0.0,2.0,2.0,0.0,4.0,8.0,15.0,13
22500192,BKN,NYK,79.2,77.6,"(""Day'Ron Sharpe"", 'Drake Powell', 'Jalen Wilson', 'Tyrese Martin', 'Ziaire Williams')",2.0683333333333334,1,0,9,2,5,0,2,1,1,4,0,5.0,5.76,0.0,0.0,0.0,0.0,2.0,2.0,3.0,2.0,10.76,13
22500192,BKN,NYK,80.8,80.4,"('Egor Dëmin', 'Michael Porter Jr.', 'Nic Claxton', 'Terance Mann', 'Ziaire Williams')",3.65,2,11,10,4,2,2,4,1,0,1,4,7.640000000000001,6.44,0.0,0.0,0.0,2.0,2.0,0.0,0.0,6.0,14.080000000000002,13
22500192,BKN,NYK,77.6,79.8,"('Drake Powell', 'E.J. Liddell', 'Egor Dëmin', 'Tyson Etienne', 'Ziaire Williams')",2.15,4,2,0,3,2,0,0,2,1,2,3,4.88,6.0,0.0,0.0,0.0,0.0,0.0,0.0,0.0,0.0,10.88,13
22500192,BKN,NYK,77.8,78.2,"('E.J. Liddell', 'Egor Dëmin', 'Jalen Wilson', 'Tyson Etienne', 'Ziaire Williams')",0.7,4,2,0,0,0,0,0,0,1,0,1,1.0,1.0,0.0,0.0,0.0,2.0,0.0,0.0,0.0,0.0,2.0,13
22500192,BKN,NYK,79.2,78.0,"(""Day'Ron Sharpe"", 'Drake Powell', 'Jalen Wilson', 'Tyrese Martin', 'Ziaire Williams')",4.066666666666667,2,14,13,0,2,4,2,3,2,2,2,8.44,8.32,0.0,2.0,0.0,4.0,4.0,2.0,2.0,10.0,16.759999999999998,13
22500192,BKN,NYK,80.6,78.0,"('Egor Dëmin', 'Michael Porter Jr.', 'Noah Clowney', 'Tyrese Martin', 'Ziaire Williams')",0.0,1,0,0,0,0,0,0,0,0,0,0,0.0,0.0,0.0,0.0,0.0,0.0,0.0,0.0,0.0,0.0,0.0,13
22500192,BKN,NYK,80.2,78.4,"(""Day'Ron Sharpe"", 'Jalen Wilson', 'Michael Porter Jr.', 'Tyrese Martin', 'Ziaire Williams')",0.0783333333333333,1,0,2,1,0,0,0,0,0,0,0,2.0,0.88,0.0,0.0,0.0,0.0,0.0,0.0,0.0,0.0,2.88,13
22500192,BKN,NYK,81.0,78.0,"(""Day'Ron Sharpe"", 'Michael Porter Jr.', 'Noah Clowney', 'Tyrese Martin', 'Ziaire Williams')",1.75,1,6,6,3,0,1,2,0,0,0,3,2.88,3.0,2.0,0.0,2.0,4.0,0.0,0.0,0.0,0.0,5.88,13
22500192,BKN,NYK,81.0,78.4,"('Egor Dëmin', 'Michael Porter Jr.', 'Nic Claxton', 'Noah Clowney', 'Terance Mann')",6.533333333333332,1,13,20,4,7,5,5,1,1,3,0,12.0,12.44,0.0,2.0,2.0,10.0,0.0,3.0,2.0,10.0,24.44,13
22500192,BKN,NYK,81.6,78.0,"('Egor Dëmin', 'Michael Porter Jr.', 'Nic Claxton', 'Noah Clowney', 'Ziaire Williams')",1.0666666666666669,1,2,3,0,0,0,1,0,1,0,0,1.0,2.0,0.0,0.0,0.0,2.0,0.0,0.0,0.0,0.0,3.0,13
22500192,BKN,NYK,78.0,78.2,"('Egor Dëmin', 'Jalen Wilson', 'Noah Clowney', 'Tyrese Martin', 'Tyson Etienne')",0.6666666666666667,4,0,4,0,2,0,0,0,0,0,1,1.0,2.0,0.0,0.0,0.0,0.0,0.0,0.0,2.0,4.0,3.0,13
22500192,BKN,NYK,79.2,78.2,"('Drake Powell', 'Jalen Wilson', 'Noah Clowney', 'Tyrese Martin', 'Ziaire Williams')",1.7666666666666666,4,0,2,3,4,0,0,0,0,1,0,3.0,3.0,0.0,0.0,0.0,0.0,0.0,0.0,0.0,2.0,6.0,13
22500192,BKN,NYK,76.6,79.8,"('Drake Powell', 'E.J. Liddell', 'Jalen Wilson', 'Tyrese Martin', 'Tyson Etienne')",5.030000000000001,4,8,11,6,3,1,3,2,1,3,2,11.44,13.76,0.0,0.0,0.0,4.0,0.0,0.0,2.0,2.0,25.2,13
22500192,BKN,NYK,78.6,78.2,"('Egor Dëmin', 'Jalen Wilson', 'Noah Clowney', 'Tyson Etienne', 'Ziaire Williams')",1.4333333333333336,4,7,5,1,2,2,0,0,1,1,2,4.44,4.32,0.0,0.0,0.0,0.0,0.0,0.0,0.0,2.0,8.76,13
22500192,BKN,NYK,79.2,77.4,"('Drake Powell', 'Jalen Wilson', 'Noah Clowney', 'Tyrese Martin', 'Ziaire Williams')",1.788333333333333,3,6,5,1,2,1,1,0,1,0,0,3.0,4.0,0.0,3.0,0.0,0.0,0.0,0.0,3.0,0.0,7.0,13
22500192,BKN,NYK,80.8,78.2,"('Egor Dëmin', 'Michael Porter Jr.', 'Nic Claxton', 'Tyrese Martin', 'Ziaire Williams')",1.6333333333333335,3,2,4,2,2,1,1,2,1,1,1,5.0,4.88,0.0,0.0,0.0,2.0,0.0,2.0,0.0,2.0,9.88,13
22500192,BKN,NYK,79.2,77.4,"(""Day'Ron Sharpe"", 'Drake Powell', 'Jalen Wilson', 'Tyrese Martin', 'Ziaire Williams')",2.05,3,3,5,3,2,0,1,2,1,1,2,5.44,3.0,0.0,2.0,2.0,2.0,3.0,0.0,2.0,2.0,8.44,13
22500192,BKN,NYK,80.0,78.0,"(""Day'Ron Sharpe"", 'Drake Powell', 'Michael Porter Jr.', 'Tyrese Martin', 'Ziaire Williams')",1.65,3,3,6,0,1,1,0,1,0,0,0,3.0,3.0,0.0,0.0,0.0,0.0,2.0,2.0,0.0,6.0,6.0,13
22500192,BKN,NYK,80.2,78.2,"('Drake Powell', 'Michael Porter Jr.', 'Nic Claxton', 'Tyrese Martin', 'Ziaire Williams')",1.0666666666666669,3,2,3,1,3,0,1,0,1,0,1,2.88,3.0,0.0,0.0,0.0,0.0,0.0,3.0,0.0,0.0,5.88,13
22500192,BKN,NYK,81.0,79.8,"('Egor Dëmin', 'Michael Porter Jr.', 'Nic Claxton', 'Noah Clowney', 'Terance Mann')",3.6999999999999993,3,1,12,2,4,0,4,3,0,3,2,6.44,7.44,0.0,0.0,0.0,0.0,6.0,0.0,3.0,2.0,13.88,13
22500207,BKN,TOR,80.2,78.4,"('Drake Powell', 'Michael Porter Jr.', 'Nic Claxton', 'Tyrese Martin', 'Ziaire Williams')",1.0833333333333333,1,2,3,1,1,1,1,1,0,0,1,3.0,2.0,0.0,0.0,0.0,2.0,3.0,0.0,0.0,0.0,5.0,14
22500207,BKN,TOR,81.0,79.2,"('Egor Dëmin', 'Michael Porter Jr.', 'Nic Claxton', 'Noah Clowney', 'Terance Mann')",6.48333333333333,1,18,12,6,5,4,4,1,0,2,1,12.88,12.44,0.0,0.0,0.0,10.0,0.0,0.0,2.0,6.0,25.32,14
22500207,BKN,TOR,79.2,77.4,"('Drake Powell', 'Jalen Wilson', 'Noah Clowney', 'Tyrese Martin', 'Ziaire Williams')",2.793333333333333,1,5,10,2,4,0,3,0,0,0,2,4.2,6.0,0.0,0.0,0.0,0.0,0.0,0.0,5.0,4.0,10.2,14
22500207,BKN,TOR,80.6,78.4,"('Egor Dëmin', 'Michael Porter Jr.', 'Noah Clowney', 'Terance Mann', 'Ziaire Williams')",1.7666666666666666,2,3,5,0,2,1,2,0,0,1,0,3.0,2.44,0.0,0.0,0.0,0.0,0.0,0.0,0.0,4.0,5.44,14
22500207,BKN,TOR,81.0,79.2,"('Egor Dëmin', 'Michael Porter Jr.', 'Nic Claxton', 'Noah Clowney', 'Terance Mann')",3.166666666666667,2,9,7,1,2,3,1,1,2,1,1,7.0,6.88,2.0,4.0,3.0,6.0,0.0,0.0,0.0,2.0,13.88,14
22500207,BKN,TOR,80.8,78.6,"('Egor Dëmin', 'Michael Porter Jr.', 'Nic Claxton', 'Terance Mann', 'Ziaire Williams')",0.5833333333333334,2,1,5,0,1,0,1,0,0,1,0,1.44,2.88,0.0,0.0,0.0,0.0,0.0,0.0,0.0,0.0,4.32,14
22500207,BKN,TOR,81.0,79.2,"('Egor Dëmin', 'Michael Porter Jr.', 'Nic Claxton', 'Noah Clowney', 'Tyrese Martin')",1.7916666666666663,2,0,3,2,3,0,0,1,0,1,1,4.0,4.44,0.0,0.0,0.0,0.0,0.0,0.0,0.0,2.0,8.44,14
22500207,BKN,TOR,80.4,78.0,"('Michael Porter Jr.', 'Nic Claxton', 'Terance Mann', 'Tyrese Martin', 'Ziaire Williams')",1.4,2,3,2,3,2,0,1,0,0,0,1,3.44,3.0,0.0,0.0,2.0,2.0,0.0,0.0,0.0,2.0,6.44,14
22500207,BKN,TOR,79.4,78.0,"('Drake Powell', 'Jalen Wilson', 'Nic Claxton', 'Tyrese Martin', 'Ziaire Williams')",2.45,2,6,10,2,3,2,3,1,0,2,0,5.0,6.88,0.0,0.0,0.0,0.0,2.0,4.0,0.0,8.0,11.88,14
22500207,BKN,TOR,80.2,77.8,"('Drake Powell', 'Michael Porter Jr.', 'Nic Claxton', 'Terance Mann', 'Ziaire Williams')",1.4500000000000002,3,3,3,1,2,1,1,0,0,1,1,2.44,3.44,0.0,0.0,0.0,2.0,0.0,0.0,0.0,2.0,5.88,14
22500207,BKN,TOR,81.0,77.4,"('Egor Dëmin', 'Michael Porter Jr.', 'Nic Claxton', 'Noah Clowney', 'Terance Mann')",8.283333333333331,3,19,16,10,10,3,5,4,2,3,5,19.08,18.88,2.0,3.0,4.0,6.0,4.0,4.0,2.0,12.0,37.96,14
22500207,BKN,TOR,80.2,77.8,"('Drake Powell', 'Jalen Wilson', 'Nic Claxton', 'Noah Clowney', 'Ziaire Williams')",0.1,3,1,1,0,0,0,0,0,0,1,0,0.44,0.44,0.0,0.0,0.0,0.0,0.0,0.0,0.0,0.0,0.88,14
22500207,BKN,TOR,80.2,79.0,"('Drake Powell', 'Jalen Wilson', 'Nic Claxton', 'Noah Clowney', 'Ziaire Williams')",1.2833333333333332,4,3,4,0,1,1,2,0,0,1,1,3.0,2.0,0.0,0.0,0.0,0.0,0.0,2.0,0.0,4.0,5.0,14
22500207,BKN,TOR,79.4,77.8,"('Drake Powell', 'Jalen Wilson', 'Nic Claxton', 'Terance Mann', 'Ziaire Williams')",0.0,3,0,0,0,0,0,0,0,0,0,0,0.0,0.0,0.0,0.0,0.0,0.0,0.0,0.0,0.0,0.0,0.0,14
22500207,BKN,TOR,80.0,79.0,"('Drake Powell', 'Egor Dëmin', 'Michael Porter Jr.', 'Nic Claxton', 'Terance Mann')",2.333333333333333,4,8,8,0,1,3,1,0,1,1,1,4.0,4.88,0.0,2.0,0.0,2.0,0.0,0.0,0.0,6.0,8.879999999999999,14
22500207,BKN,TOR,77.8,77.6,"('Ben Saraf', 'Danny Wolf', 'Jalen Wilson', 'Tyrese Martin', 'Tyson Etienne')",2.0283333333333333,4,7,2,2,0,1,0,0,0,0,1,2.88,3.0,0.0,2.0,2.0,2.0,2.0,0.0,0.0,2.0,5.88,14
22500207,BKN,TOR,80.0,77.6,"('Drake Powell', 'Jalen Wilson', 'Michael Porter Jr.', 'Noah Clowney', 'Ziaire Williams')",1.9666666666666668,3,6,9,1,2,0,3,1,0,1,3,6.640000000000001,5.44,0.0,0.0,0.0,0.0,2.0,0.0,0.0,8.0,12.080000000000002,14
22500207,BKN,TOR,79.8,79.2,"('Drake Powell', 'Egor Dëmin', 'Michael Porter Jr.', 'Noah Clowney', 'Terance Mann')",2.25,4,2,7,1,6,0,0,0,1,0,1,4.88,5.0,0.0,0.0,0.0,0.0,0.0,0.0,2.0,4.0,9.88,14
22500207,BKN,TOR,79.6,78.2,"('Drake Powell', 'Jalen Wilson', 'Michael Porter Jr.', 'Nic Claxton', 'Terance Mann')",1.2999999999999998,4,3,4,0,2,1,0,0,0,2,1,4.0,1.76,0.0,0.0,0.0,0.0,0.0,0.0,0.0,0.0,5.76,14
22500207,BKN,TOR,79.6,78.2,"('Drake Powell', 'Jalen Wilson', 'Nic Claxton', 'Noah Clowney', 'Terance Mann')",2.599999999999999,4,5,5,3,3,1,2,2,2,2,1,6.88,6.0,0.0,0.0,3.0,0.0,2.0,0.0,0.0,2.0,12.88,14
22500207,BKN,TOR,80.0,77.4,"('Drake Powell', 'Michael Porter Jr.', 'Noah Clowney', 'Tyrese Martin', 'Ziaire Williams')",0.95,1,5,3,1,0,2,1,0,0,0,1,2.44,2.0,0.0,0.0,0.0,4.0,0.0,0.0,0.0,0.0,4.44,14
22500235,BKN,WAS,80.8,78.6,"('Egor Dëmin', 'Michael Porter Jr.', 'Nic Claxton', 'Terance Mann', 'Ziaire Williams')",2.2333333333333334,3,5,8,1,3,1,1,0,1,0,0,5.0,5.0,0.0,2.0,0.0,0.0,0.0,0.0,0.0,2.0,10.0,15
22500235,BKN,WAS,80.0,77.8,"(""Day'Ron Sharpe"", 'Drake Powell', 'Michael Porter Jr.', 'Tyrese Martin', 'Ziaire Williams')",2.2,3,3,7,1,2,1,0,1,0,1,0,5.0,4.44,0.0,0.0,0.0,0.0,2.0,2.0,0.0,6.0,9.44,15
22500235,BKN,WAS,80.6,78.4,"('Michael Porter Jr.', 'Nic Claxton', 'Noah Clowney', 'Terance Mann', 'Tyrese Martin')",2.0,4,10,1,5,0,2,0,0,0,0,3,4.2,4.44,0.0,0.0,2.0,2.0,0.0,0.0,0.0,0.0,8.64,15
22500235,BKN,WAS,81.2,78.2,"('Michael Porter Jr.', 'Nic Claxton', 'Noah Clowney', 'Terance Mann', 'Ziaire Williams')",2.25,4,5,4,2,2,1,0,0,0,1,1,4.44,3.88,0.0,0.0,0.0,4.0,0.0,0.0,0.0,2.0,8.32,15
22500235,BKN,WAS,80.0,79.4,"(""Day'Ron Sharpe"", 'Drake Powell', 'Noah Clowney', 'Tyrese Martin', 'Ziaire Williams')",2.1,4,5,7,1,3,1,1,0,1,1,0,5.0,4.88,2.0,2.0,0.0,2.0,0.0,3.0,0.0,0.0,9.88,15
22500235,BKN,WAS,77.0,78.4,"('Drake Powell', 'E.J. Liddell', 'Egor Dëmin', 'Jalen Wilson', 'Tyson Etienne')",1.8116666666666672,4,6,6,1,3,2,0,0,1,1,0,6.0,3.88,0.0,0.0,3.0,0.0,0.0,2.0,0.0,4.0,9.88,15
22500235,BKN,WAS,80.0,78.6,"(""Day'Ron Sharpe"", 'Drake Powell', 'Noah Clowney', 'Tyrese Martin', 'Ziaire Williams')",2.123333333333333,3,9,0,2,1,2,0,0,1,0,1,3.88,5.0,3.0,2.0,0.0,4.0,0.0,0.0,0.0,0.0,8.879999999999999,15
22500235,BKN,WAS,80.8,79.4,"('Egor Dëmin', 'Nic Claxton', 'Noah Clowney', 'Terance Mann', 'Ziaire Williams')",1.8666666666666667,2,2,3,3,1,0,1,2,1,0,1,3.88,4.0,0.0,0.0,0.0,0.0,3.0,0.0,0.0,0.0,7.88,15
22500235,BKN,WAS,80.0,78.2,"(""Day'Ron Sharpe"", 'Drake Powell', 'Michael Porter Jr.', 'Tyrese Martin', 'Ziaire Williams')",1.9666666666666663,2,8,5,2,0,2,2,1,0,0,1,5.0,4.0,2.0,0.0,0.0,8.0,0.0,0.0,0.0,2.0,9.0,15
22500235,BKN,WAS,81.0,79.0,"('Egor Dëmin', 'Michael Porter Jr.', 'Nic Claxton', 'Noah Clowney', 'Terance Mann')",5.35,3,14,16,2,4,4,4,1,2,2,6,11.64,12.32,0.0,0.0,0.0,6.0,2.0,2.0,0.0,6.0,23.96,15
22500235,BKN,WAS,81.0,79.4,"('Egor Dëmin', 'Michael Porter Jr.', 'Nic Claxton', 'Noah Clowney', 'Terance Mann')",0.6666666666666666,2,3,1,1,0,1,0,0,0,0,1,2.44,1.44,0.0,0.0,0.0,2.0,0.0,0.0,0.0,0.0,3.88,15
22500235,BKN,WAS,81.0,79.4,"('Egor Dëmin', 'Michael Porter Jr.', 'Nic Claxton', 'Noah Clowney', 'Terance Mann')",6.9833333333333325,1,18,18,6,4,7,4,4,2,3,4,15.44,15.32,0.0,2.0,0.0,6.0,6.0,0.0,0.0,6.0,30.76,15
22500235,BKN,WAS,80.0,78.2,"(""Day'Ron Sharpe"", 'Drake Powell', 'Noah Clowney', 'Tyrese Martin', 'Ziaire Williams')",2.0316666666666667,1,0,5,1,3,0,0,0,0,1,1,4.0,4.0,0.0,0.0,0.0,0.0,3.0,0.0,0.0,2.0,8.0,15
22500235,BKN,WAS,80.4,78.8,"('Michael Porter Jr.', 'Nic Claxton', 'Terance Mann', 'Tyrese Martin', 'Ziaire Williams')",0.7666666666666667,1,2,3,2,2,0,1,0,0,0,0,4.0,2.0,0.0,0.0,2.0,2.0,0.0,3.0,0.0,0.0,6.0,15
22500235,BKN,WAS,80.2,79.0,"(""Day'Ron Sharpe"", 'Michael Porter Jr.', 'Terance Mann', 'Tyrese Martin', 'Ziaire Williams')",2.15,1,8,2,3,0,2,1,1,0,1,0,4.0,4.0,0.0,0.0,0.0,2.0,0.0,0.0,0.0,2.0,8.0,15
22500235,BKN,WAS,80.6,79.4,"('Michael Porter Jr.', 'Nic Claxton', 'Noah Clowney', 'Terance Mann', 'Tyrese Martin')",0.5333333333333333,2,3,3,0,0,0,1,0,0,1,0,1.0,1.44,0.0,0.0,0.0,0.0,0.0,0.0,2.0,0.0,2.44,15
22500235,BKN,WAS,80.2,78.6,"(""Day'Ron Sharpe"", 'Michael Porter Jr.', 'Terance Mann', 'Tyrese Martin', 'Ziaire Williams')",2.81,2,7,6,4,1,1,1,1,0,3,2,6.32,6.32,0.0,0.0,2.0,4.0,0.0,0.0,3.0,0.0,12.64,15
22500235,BKN,WAS,80.2,79.4,"('Drake Powell', 'Michael Porter Jr.', 'Nic Claxton', 'Tyrese Martin', 'Ziaire Williams')",2.75,2,11,5,3,0,2,2,2,0,1,2,6.2,7.44,0.0,0.0,0.0,0.0,2.0,0.0,0.0,4.0,13.64,15
22500235,BKN,WAS,80.2,79.0,"('Drake Powell', 'Nic Claxton', 'Noah Clowney', 'Tyrese Martin', 'Ziaire Williams')",3.2166666666666663,4,9,4,4,1,3,1,1,1,1,2,5.44,6.0,0.0,0.0,0.0,2.0,0.0,0.0,0.0,2.0,11.44,15
22500235,BKN,WAS,80.4,79.4,"('Michael Porter Jr.', 'Nic Claxton', 'Terance Mann', 'Tyrese Martin', 'Ziaire Williams')",0.9833333333333332,2,1,2,0,3,0,1,0,0,1,0,2.44,2.0,0.0,0.0,0.0,0.0,0.0,0.0,0.0,2.0,4.44,15
22500250,BKN,BOS,79.2,78.4,"(""Day'Ron Sharpe"", 'Drake Powell', 'Jalen Wilson', 'Tyrese Martin', 'Ziaire Williams')",1.85,4,0,0,2,3,0,0,0,0,1,0,3.0,2.0,0.0,0.0,0.0,0.0,0.0,0.0,0.0,0.0,5.0,16
22500250,BKN,BOS,79.4,78.2,"('Danny Wolf', ""Day'Ron Sharpe"", 'Drake Powell', 'Egor Dëmin', 'Nolan Traore')",1.81,4,4,6,1,2,1,0,2,1,2,0,5.0,3.88,0.0,0.0,2.0,4.0,2.0,0.0,2.0,4.0,8.879999999999999,16
22500250,BKN,BOS,81.2,77.6,"('Michael Porter Jr.', 'Nic Claxton', 'Noah Clowney', 'Terance Mann', 'Ziaire Williams')",3.8,4,3,7,3,6,0,2,2,1,4,3,8.32,7.44,0.0,0.0,0.0,0.0,0.0,0.0,3.0,0.0,15.760000000000002,16
22500250,BKN,BOS,80.4,77.6,"(""Day'Ron Sharpe"", 'Drake Powell', 'Egor Dëmin', 'Noah Clowney', 'Ziaire Williams')",0.2166666666666666,4,2,0,0,0,1,0,0,0,0,1,1.0,0.0,0.0,2.0,0.0,2.0,0.0,0.0,0.0,0.0,1.0,16
22500250,BKN,BOS,80.2,79.0,"('Drake Powell', 'Michael Porter Jr.', 'Nic Claxton', 'Terance Mann', 'Ziaire Williams')",2.05,4,5,0,3,1,1,0,0,0,1,2,2.88,4.0,0.0,0.0,0.0,0.0,0.0,0.0,0.0,0.0,6.88,16
22500250,BKN,BOS,79.2,77.2,"(""Day'Ron Sharpe"", 'Drake Powell', 'Jalen Wilson', 'Tyrese Martin', 'Ziaire Williams')",3.9283333333333337,3,13,9,4,0,4,1,1,1,3,1,7.44,8.64,0.0,0.0,2.0,6.0,0.0,0.0,0.0,0.0,16.080000000000002,16
22500250,BKN,BOS,81.0,77.6,"('Egor Dëmin', 'Michael Porter Jr.', 'Nic Claxton', 'Noah Clowney', 'Terance Mann')",2.1,4,0,11,2,3,0,3,2,1,0,0,5.0,6.44,0.0,0.0,0.0,0.0,5.0,5.0,0.0,4.0,11.44,16
22500250,BKN,BOS,80.6,76.8,"(""Day'Ron Sharpe"", 'Egor Dëmin', 'Michael Porter Jr.', 'Terance Mann', 'Ziaire Williams')",1.2666666666666666,2,4,3,1,1,0,0,0,1,0,0,2.44,3.0,0.0,0.0,0.0,0.0,0.0,0.0,0.0,0.0,5.44,16
22500250,BKN,BOS,80.8,76.8,"(""Day'Ron Sharpe"", 'Egor Dëmin', 'Michael Porter Jr.', 'Noah Clowney', 'Terance Mann')",1.4833333333333334,2,7,5,0,0,1,2,1,1,0,2,3.76,3.0,3.0,3.0,0.0,0.0,0.0,0.0,0.0,2.0,6.76,16
22500250,BKN,BOS,80.0,77.4,"('Drake Powell', 'Egor Dëmin', 'Michael Porter Jr.', 'Nic Claxton', 'Terance Mann')",0.4499999999999999,1,2,0,1,0,1,0,0,0,0,0,1.0,2.0,0.0,0.0,0.0,0.0,0.0,0.0,0.0,0.0,3.0,16
22500250,BKN,BOS,79.2,78.2,"(""Day'Ron Sharpe"", 'Drake Powell', 'Jalen Wilson', 'Tyrese Martin', 'Ziaire Williams')",1.1,1,0,2,0,2,0,1,0,1,0,0,2.0,2.0,0.0,0.0,0.0,0.0,0.0,0.0,0.0,2.0,4.0,16
22500250,BKN,BOS,80.6,77.8,"('Drake Powell', 'Egor Dëmin', 'Michael Porter Jr.', 'Nic Claxton', 'Ziaire Williams')",1.3166666666666669,1,3,6,0,1,0,1,0,0,2,0,2.0,3.3200000000000003,0.0,0.0,0.0,0.0,0.0,0.0,0.0,0.0,5.32,16
22500250,BKN,BOS,80.0,77.8,"(""Day'Ron Sharpe"", 'Drake Powell', 'Michael Porter Jr.', 'Tyrese Martin', 'Ziaire Williams')",2.8833333333333333,1,8,10,5,2,1,2,1,1,1,0,6.0,7.0,4.0,2.0,2.0,8.0,2.0,0.0,2.0,4.0,13.0,16
22500250,BKN,BOS,81.0,77.4,"('Egor Dëmin', 'Michael Porter Jr.', 'Nic Claxton', 'Noah Clowney', 'Terance Mann')",5.4,1,16,9,7,8,5,1,0,3,2,5,13.88,12.0,9.0,3.0,2.0,2.0,0.0,0.0,2.0,2.0,25.880000000000003,16
22500250,BKN,BOS,80.0,78.2,"(""Day'Ron Sharpe"", 'Drake Powell', 'Noah Clowney', 'Tyrese Martin', 'Ziaire Williams')",0.55,1,0,2,0,1,0,0,0,0,2,1,1.0,0.88,0.0,0.0,0.0,0.0,0.0,0.0,0.0,0.0,1.88,16
22500250,BKN,BOS,81.0,77.8,"('Egor Dëmin', 'Michael Porter Jr.', 'Nic Claxton', 'Noah Clowney', 'Terance Mann')",3.4666666666666672,3,4,9,5,4,2,2,2,1,2,2,9.0,8.879999999999999,0.0,0.0,0.0,4.0,0.0,0.0,0.0,4.0,17.88,16
22500250,BKN,BOS,80.4,77.8,"('Drake Powell', 'Michael Porter Jr.', 'Nic Claxton', 'Noah Clowney', 'Tyrese Martin')",2.6833333333333336,3,3,3,2,6,0,1,0,2,1,2,5.32,5.0,0.0,0.0,0.0,0.0,0.0,0.0,3.0,0.0,10.32,16
22500250,BKN,BOS,80.6,77.8,"('Michael Porter Jr.', 'Nic Claxton', 'Noah Clowney', 'Terance Mann', 'Tyrese Martin')",0.6000000000000001,3,0,4,0,1,0,1,0,0,0,1,2.0,1.44,0.0,0.0,0.0,0.0,0.0,3.0,0.0,0.0,3.44,16
22500250,BKN,BOS,79.4,77.8,"('Drake Powell', 'Jalen Wilson', 'Nic Claxton', 'Terance Mann', 'Ziaire Williams')",1.0,2,0,2,0,2,0,0,0,1,0,0,1.0,2.0,0.0,0.0,0.0,0.0,2.0,0.0,0.0,2.0,3.0,16
22500250,BKN,BOS,79.2,79.2,"(""Day'Ron Sharpe"", 'Drake Powell', 'Jalen Wilson', 'Tyrese Martin', 'Ziaire Williams')",1.7666666666666668,2,2,5,0,2,1,2,0,2,0,1,3.0,4.0,2.0,2.0,0.0,2.0,0.0,0.0,0.0,2.0,7.0,16
22500250,BKN,BOS,80.8,77.8,"('Egor Dëmin', 'Michael Porter Jr.', 'Nic Claxton', 'Terance Mann', 'Ziaire Williams')",3.0000000000000004,2,10,7,1,0,3,2,1,2,1,1,5.44,4.88,2.0,7.0,0.0,6.0,0.0,0.0,0.0,0.0,10.32,16
22500250,BKN,BOS,81.0,77.2,"('Egor Dëmin', 'Michael Porter Jr.', 'Nic Claxton', 'Noah Clowney', 'Terance Mann')",1.8166666666666664,2,6,8,0,1,2,3,0,0,0,1,3.0,3.0,0.0,0.0,0.0,0.0,0.0,0.0,0.0,2.0,6.0,16
22500250,BKN,BOS,80.0,77.2,"(""Day'Ron Sharpe"", 'Drake Powell', 'Michael Porter Jr.', 'Tyrese Martin', 'Ziaire Williams')",0.5166666666666666,3,4,2,0,0,1,0,0,0,0,0,1.44,1.0,0.0,0.0,0.0,0.0,0.0,0.0,0.0,2.0,2.44,16
22500250,BKN,BOS,79.4,78.0,"('Drake Powell', 'Jalen Wilson', 'Nic Claxton', 'Tyrese Martin', 'Ziaire Williams')",1.3333333333333333,2,3,3,2,3,1,1,1,0,0,1,4.44,3.0,2.0,0.0,0.0,2.0,0.0,0.0,0.0,0.0,7.44,16
22500279,BKN,TOR,80.2,77.4,"('Drake Powell', 'Michael Porter Jr.', 'Nic Claxton', 'Tyrese Martin', 'Ziaire Williams')",0.6166666666666666,3,4,2,0,0,1,1,0,0,1,0,1.88,2.0,0.0,0.0,0.0,2.0,0.0,0.0,0.0,2.0,3.88,17
22500279,BKN,TOR,80.0,77.0,"(""Day'Ron Sharpe"", 'Drake Powell', 'Noah Clowney', 'Tyrese Martin', 'Ziaire Williams')",2.511666666666667,3,2,5,5,1,0,1,3,0,2,1,4.88,5.88,0.0,0.0,0.0,0.0,3.0,3.0,0.0,0.0,10.76,17
22500279,BKN,TOR,81.0,77.6,"('Egor Dëmin', 'Michael Porter Jr.', 'Nic Claxton', 'Noah Clowney', 'Terance Mann')",7.099999999999995,3,13,9,10,3,4,1,4,2,3,4,13.76,14.76,2.0,2.0,2.0,4.0,5.0,2.0,3.0,2.0,28.52,17
22500279,BKN,TOR,80.0,77.4,"(""Day'Ron Sharpe"", 'Drake Powell', 'Michael Porter Jr.', 'Tyrese Martin', 'Ziaire Williams')",1.2,3,3,4,0,0,1,1,1,0,0,0,2.0,2.44,0.0,0.0,0.0,0.0,3.0,0.0,0.0,0.0,4.44,17
22500279,BKN,TOR,80.4,77.6,"('Nic Claxton', 'Noah Clowney', 'Terance Mann', 'Tyrese Martin', 'Ziaire Williams')",0.2333333333333333,4,0,3,0,0,0,1,0,0,0,0,0.0,1.0,0.0,0.0,0.0,0.0,0.0,0.0,0.0,0.0,1.0,17
22500279,BKN,TOR,79.4,78.4,"(""Day'Ron Sharpe"", 'Drake Powell', 'Jalen Wilson', 'Noah Clowney', 'Terance Mann')",0.615,1,1,0,1,0,0,0,0,0,0,0,1.44,1.0,0.0,0.0,0.0,0.0,0.0,0.0,0.0,0.0,2.44,17
22500279,BKN,TOR,81.0,77.0,"(""Day'Ron Sharpe"", 'Michael Porter Jr.', 'Noah Clowney', 'Tyrese Martin', 'Ziaire Williams')",0.4883333333333333,3,2,2,1,0,1,1,0,0,0,0,1.0,2.0,0.0,0.0,0.0,2.0,0.0,0.0,0.0,2.0,3.0,17
22500279,BKN,TOR,80.2,77.4,"('Drake Powell', 'Nic Claxton', 'Noah Clowney', 'Tyrese Martin', 'Ziaire Williams')",0.55,1,1,2,0,0,0,0,0,0,0,1,0.44,1.0,0.0,0.0,0.0,0.0,0.0,0.0,0.0,2.0,1.44,17
22500279,BKN,TOR,80.8,77.2,"('Egor Dëmin', 'Nic Claxton', 'Noah Clowney', 'Tyrese Martin', 'Ziaire Williams')",4.250000000000001,1,15,8,6,1,3,3,2,1,0,2,10.76,12.0,2.0,2.0,0.0,8.0,2.0,2.0,0.0,2.0,22.76,17
22500279,BKN,TOR,79.6,78.0,"('Drake Powell', 'Jalen Wilson', 'Michael Porter Jr.', 'Nic Claxton', 'Terance Mann')",0.0,2,0,0,0,0,0,0,0,0,0,0,0.0,0.0,0.0,0.0,0.0,0.0,0.0,0.0,0.0,0.0,0.0,17
22500279,BKN,TOR,80.8,77.2,"('Egor Dëmin', 'Nic Claxton', 'Noah Clowney', 'Tyrese Martin', 'Ziaire Williams')",3.483333333333333,2,5,8,3,4,2,3,2,1,0,1,8.0,8.44,0.0,0.0,0.0,2.0,2.0,0.0,0.0,4.0,16.439999999999998,17
22500279,BKN,TOR,81.6,78.2,"('Egor Dëmin', 'Michael Porter Jr.', 'Nic Claxton', 'Noah Clowney', 'Ziaire Williams')",2.6716666666666677,2,7,3,0,4,2,0,0,3,2,1,6.0,6.32,0.0,5.0,0.0,4.0,0.0,0.0,0.0,0.0,12.32,17
22500279,BKN,TOR,80.2,78.2,"('Drake Powell', 'Nic Claxton', 'Noah Clowney', 'Terance Mann', 'Ziaire Williams')",0.3733333333333333,2,2,2,0,0,0,1,0,0,0,1,0.88,2.0,0.0,0.0,0.0,0.0,0.0,0.0,2.0,2.0,2.88,17
22500279,BKN,TOR,79.4,78.0,"(""Day'Ron Sharpe"", 'Drake Powell', 'Jalen Wilson', 'Michael Porter Jr.', 'Terance Mann')",4.0,2,11,13,3,3,2,4,0,0,2,2,9.0,7.76,0.0,0.0,5.0,8.0,0.0,2.0,3.0,6.0,16.759999999999998,17
22500279,BKN,TOR,80.0,77.4,"(""Day'Ron Sharpe"", 'Drake Powell', 'Michael Porter Jr.', 'Terance Mann', 'Ziaire Williams')",1.5,1,4,5,2,1,1,2,0,0,0,1,3.44,3.0,0.0,0.0,3.0,0.0,2.0,0.0,0.0,2.0,6.44,17
22500279,BKN,TOR,80.0,77.4,"(""Day'Ron Sharpe"", 'Drake Powell', 'Michael Porter Jr.', 'Tyrese Martin', 'Ziaire Williams')",1.3166666666666669,1,3,5,2,1,0,1,1,0,1,0,3.44,3.0,0.0,0.0,2.0,2.0,0.0,0.0,0.0,2.0,6.44,17
22500279,BKN,TOR,80.8,78.6,"('Egor Dëmin', 'Nic Claxton', 'Noah Clowney', 'Terance Mann', 'Ziaire Williams')",2.016666666666667,4,4,4,1,1,1,2,0,0,1,1,2.88,4.0,0.0,0.0,0.0,2.0,0.0,0.0,0.0,2.0,6.88,17
22500279,BKN,TOR,81.0,78.2,"(""Day'Ron Sharpe"", 'Michael Porter Jr.', 'Noah Clowney', 'Tyrese Martin', 'Ziaire Williams')",4.3166666666666655,4,15,11,1,3,1,1,1,1,0,4,7.76,7.0,0.0,0.0,0.0,2.0,2.0,2.0,4.0,8.0,14.76,17
22500279,BKN,TOR,81.0,77.6,"('Egor Dëmin', 'Michael Porter Jr.', 'Nic Claxton', 'Noah Clowney', 'Tyrese Martin')",2.936666666666667,4,5,10,1,4,2,2,2,1,2,0,7.0,5.88,0.0,2.0,0.0,2.0,2.0,2.0,2.0,2.0,12.88,17
22500279,BKN,TOR,80.8,78.0,"('Egor Dëmin', 'Nic Claxton', 'Noah Clowney', 'Tyrese Martin', 'Ziaire Williams')",1.05,4,1,2,1,1,0,1,1,0,1,0,2.44,2.0,0.0,0.0,0.0,0.0,0.0,0.0,0.0,2.0,4.44,17
22500279,BKN,TOR,80.0,78.0,"('Drake Powell', 'Egor Dëmin', 'Michael Porter Jr.', 'Nic Claxton', 'Terance Mann')",1.0166666666666666,4,2,2,2,1,0,0,0,0,1,0,2.0,0.88,0.0,0.0,2.0,2.0,0.0,0.0,0.0,0.0,2.88,17
22500279,BKN,TOR,81.0,78.6,"('Egor Dëmin', 'Michael Porter Jr.', 'Nic Claxton', 'Noah Clowney', 'Terance Mann')",2.9500000000000006,1,2,12,0,3,1,4,2,0,2,2,7.0,4.88,0.0,0.0,0.0,2.0,3.0,0.0,0.0,4.0,11.88,17
22500279,BKN,TOR,79.4,78.4,"(""Day'Ron Sharpe"", 'Drake Powell', 'Jalen Wilson', 'Michael Porter Jr.', 'Terance Mann')",0.7316666666666667,1,2,2,0,0,0,0,0,0,0,1,0.88,1.0,0.0,0.0,0.0,0.0,0.0,0.0,0.0,0.0,1.88,17
22500279,BKN,TOR,81.2,77.4,"('Michael Porter Jr.', 'Nic Claxton', 'Noah Clowney', 'Tyrese Martin', 'Ziaire Williams')",0.9666666666666668,2,2,3,1,1,0,0,0,0,1,0,2.0,2.3200000000000003,2.0,0.0,0.0,2.0,0.0,0.0,0.0,0.0,4.32,17
22500279,BKN,TOR,80.4,78.0,"('Jalen Wilson', 'Michael Porter Jr.', 'Nic Claxton', 'Tyrese Martin', 'Ziaire Williams')",0.45,2,3,2,0,0,1,0,0,0,1,0,1.0,0.88,0.0,0.0,0.0,0.0,0.0,0.0,0.0,0.0,1.88,17
22500285,BKN,NYK,79.6,78.2,"('Drake Powell', 'Jalen Wilson', 'Michael Porter Jr.', 'Nic Claxton', 'Tyrese Martin')",0.6166666666666667,1,4,3,2,0,1,0,0,0,0,0,1.44,1.0,0.0,0.0,3.0,0.0,0.0,0.0,0.0,0.0,2.44,18
22500285,BKN,NYK,79.4,77.8,"(""Day'Ron Sharpe"", 'Drake Powell', 'Jalen Wilson', 'Noah Clowney', 'Tyrese Martin')",3.831666666666667,3,17,17,3,2,5,5,0,0,2,1,8.88,8.879999999999999,0.0,0.0,3.0,4.0,0.0,2.0,0.0,6.0,17.759999999999998,18
22500285,BKN,NYK,81.0,77.4,"('Egor Dëmin', 'Michael Porter Jr.', 'Nic Claxton', 'Noah Clowney', 'Tyrese Martin')",4.055000000000001,2,13,6,4,4,1,1,0,1,3,2,9.32,7.88,5.0,2.0,2.0,4.0,0.0,0.0,2.0,0.0,17.2,18
22500285,BKN,NYK,79.6,77.4,"('Drake Powell', 'Nic Claxton', 'Noah Clowney', 'Terance Mann', 'Tyrese Martin')",0.2549999999999999,2,1,0,1,0,0,0,0,0,0,0,0.44,1.0,0.0,0.0,0.0,0.0,0.0,0.0,0.0,0.0,1.44,18
22500285,BKN,NYK,81.0,77.4,"('Egor Dëmin', 'Michael Porter Jr.', 'Nic Claxton', 'Noah Clowney', 'Terance Mann')",1.7500000000000002,2,3,6,1,3,1,1,0,0,1,2,4.44,3.88,0.0,0.0,0.0,0.0,0.0,0.0,0.0,4.0,8.32,18
22500285,BKN,NYK,80.0,78.8,"('Drake Powell', 'Egor Dëmin', 'Michael Porter Jr.', 'Nic Claxton', 'Terance Mann')",1.85,2,0,7,2,2,0,2,0,0,1,0,3.0,3.44,0.0,0.0,0.0,0.0,0.0,0.0,0.0,6.0,6.44,18
22500285,BKN,NYK,80.0,78.0,"(""Day'Ron Sharpe"", 'Egor Dëmin', 'Jalen Wilson', 'Noah Clowney', 'Tyrese Martin')",2.216666666666667,4,5,5,3,1,1,2,0,1,0,1,4.0,5.0,0.0,0.0,2.0,2.0,0.0,0.0,0.0,2.0,9.0,18
22500285,BKN,NYK,79.4,77.2,"(""Day'Ron Sharpe"", 'Drake Powell', 'Jalen Wilson', 'Noah Clowney', 'Tyrese Martin')",3.799999999999999,4,10,7,4,2,3,3,3,1,2,1,8.88,8.0,0.0,0.0,0.0,2.0,2.0,0.0,2.0,2.0,16.880000000000003,18
22500285,BKN,NYK,79.8,78.0,"(""Day'Ron Sharpe"", 'Drake Powell', 'Egor Dëmin', 'Noah Clowney', 'Tyrese Martin')",1.8166666666666669,4,3,2,1,2,1,0,1,0,1,1,5.0,3.0,0.0,0.0,0.0,0.0,0.0,0.0,0.0,0.0,8.0,18
22500285,BKN,NYK,80.0,78.0,"(""Day'Ron Sharpe"", 'E.J. Liddell', 'Egor Dëmin', 'Jalen Wilson', 'Noah Clowney')",0.0,4,0,0,0,0,0,0,0,0,0,0,0.0,0.0,0.0,0.0,0.0,0.0,0.0,0.0,0.0,0.0,0.0,18
22500285,BKN,NYK,79.6,78.0,"('Drake Powell', 'Jalen Wilson', 'Michael Porter Jr.', 'Nic Claxton', 'Terance Mann')",1.55,4,2,10,0,2,0,3,1,0,1,0,3.0,4.44,0.0,0.0,0.0,2.0,4.0,2.0,2.0,6.0,7.44,18
22500285,BKN,NYK,78.0,79.6,"(""Day'Ron Sharpe"", 'E.J. Liddell', 'Egor Dëmin', 'Jalen Wilson', 'Tyson Etienne')",2.506666666666667,4,5,0,6,3,0,0,0,1,0,3,7.44,5.0,2.0,2.0,2.0,4.0,0.0,0.0,0.0,0.0,12.44,18
22500285,BKN,NYK,81.0,77.8,"('Egor Dëmin', 'Michael Porter Jr.', 'Nic Claxton', 'Noah Clowney', 'Terance Mann')",7.233333333333331,1,14,12,9,6,3,3,2,0,0,2,13.88,13.44,0.0,0.0,2.0,2.0,0.0,2.0,0.0,4.0,27.32,18
22500285,BKN,NYK,79.4,78.2,"(""Day'Ron Sharpe"", 'Drake Powell', 'Jalen Wilson', 'Michael Porter Jr.', 'Tyrese Martin')",0.75,1,2,3,1,0,0,1,0,1,0,2,1.88,2.0,0.0,0.0,0.0,0.0,0.0,0.0,0.0,0.0,3.88,18
22500285,BKN,NYK,80.2,78.0,"(""Day'Ron Sharpe"", 'Drake Powell', 'Michael Porter Jr.', 'Noah Clowney', 'Tyrese Martin')",0.7166666666666668,2,1,4,0,1,0,1,0,0,0,0,1.44,2.0,0.0,0.0,0.0,0.0,0.0,2.0,0.0,4.0,3.44,18
22500285,BKN,NYK,79.4,77.2,"(""Day'Ron Sharpe"", 'Drake Powell', 'Jalen Wilson', 'Noah Clowney', 'Tyrese Martin')",2.8016666666666667,1,6,6,0,2,1,1,0,1,1,0,5.44,5.0,0.0,0.0,0.0,2.0,0.0,0.0,0.0,6.0,10.44,18
22500285,BKN,NYK,81.0,77.6,"('Egor Dëmin', 'Michael Porter Jr.', 'Nic Claxton', 'Noah Clowney', 'Terance Mann')",5.433333333333334,3,8,14,5,8,1,3,1,1,2,2,11.88,11.88,2.0,2.0,2.0,4.0,2.0,2.0,3.0,6.0,23.76,18
22500285,BKN,NYK,80.4,77.6,"('Drake Powell', 'Michael Porter Jr.', 'Nic Claxton', 'Noah Clowney', 'Tyrese Martin')",1.1166666666666667,3,2,2,0,1,0,1,0,0,0,1,1.0,1.0,0.0,0.0,0.0,2.0,0.0,0.0,2.0,0.0,2.0,18
22500285,BKN,NYK,79.6,78.8,"('Drake Powell', 'Jalen Wilson', 'Michael Porter Jr.', 'Nic Claxton', 'Tyrese Martin')",1.4333333333333331,3,0,5,0,2,0,1,1,1,0,1,4.0,3.0,0.0,0.0,0.0,0.0,3.0,0.0,0.0,2.0,7.0,18
22500285,BKN,NYK,79.4,78.0,"(""Day'Ron Sharpe"", 'Drake Powell', 'Jalen Wilson', 'Noah Clowney', 'Tyrese Martin')",2.833333333333333,2,4,4,2,2,1,0,1,0,0,2,5.44,5.0,0.0,0.0,0.0,0.0,2.0,0.0,0.0,4.0,10.44,18
22500297,BKN,MIL,80.6,77.8,"('Ben Saraf', 'Danny Wolf', 'Nic Claxton', 'Tyrese Martin', 'Ziaire Williams')",1.7666666666666668,1,0,6,2,1,0,1,3,0,0,0,4.0,5.0,0.0,0.0,0.0,0.0,6.0,4.0,0.0,6.0,9.0,19
22500297,BKN,MIL,80.4,78.8,"('Nic Claxton', 'Noah Clowney', 'Terance Mann', 'Tyrese Martin', 'Ziaire Williams')",5.949999999999998,1,13,15,3,5,4,4,3,4,3,3,13.44,13.44,2.0,4.0,0.0,4.0,4.0,6.0,3.0,8.0,26.88,19
22500297,BKN,MIL,77.4,78.4,"('Ben Saraf', ""Day'Ron Sharpe"", 'Drake Powell', 'E.J. Liddell', 'Tyson Etienne')",3.678333333333333,4,12,6,4,1,2,2,3,1,1,2,8.76,7.0,3.0,5.0,2.0,2.0,0.0,0.0,0.0,4.0,15.76,19
22500297,BKN,MIL,80.4,78.8,"('Ben Saraf', 'Nic Claxton', 'Noah Clowney', 'Tyrese Martin', 'Ziaire Williams')",0.0,1,0,0,0,0,0,0,0,0,0,0,0.0,0.0,0.0,0.0,0.0,0.0,0.0,0.0,0.0,0.0,0.0,19
22500297,BKN,MIL,81.4,79.2,"('Danny Wolf', 'Nic Claxton', 'Noah Clowney', 'Tyrese Martin', 'Ziaire Williams')",0.1,2,0,0,0,0,0,0,0,0,1,0,0.0,0.0,0.0,0.0,0.0,0.0,0.0,0.0,0.0,0.0,0.0,19
22500297,BKN,MIL,79.6,79.4,"('Jalen Wilson', 'Nic Claxton', 'Terance Mann', 'Tyrese Martin', 'Ziaire Williams')",1.25,2,0,5,1,2,0,1,0,0,0,0,2.0,3.0,0.0,0.0,0.0,0.0,0.0,0.0,0.0,2.0,5.0,19
22500297,BKN,MIL,80.4,79.2,"('Jalen Wilson', 'Nic Claxton', 'Noah Clowney', 'Tyrese Martin', 'Ziaire Williams')",1.4500000000000002,2,2,7,0,1,0,2,1,0,0,0,3.0,3.0,0.0,0.0,0.0,2.0,0.0,2.0,0.0,4.0,6.0,19
22500297,BKN,MIL,79.8,78.0,"('Ben Saraf', 'Danny Wolf', 'Drake Powell', 'Nic Claxton', 'Terance Mann')",1.0416666666666667,2,0,2,0,2,0,0,2,1,1,0,4.0,2.88,0.0,0.0,0.0,0.0,0.0,0.0,0.0,0.0,6.88,19
22500297,BKN,MIL,80.4,79.4,"('Ben Saraf', 'Danny Wolf', ""Day'Ron Sharpe"", 'Drake Powell', 'Noah Clowney')",4.033333333333333,2,11,10,3,3,3,2,0,0,1,1,7.44,7.0,0.0,0.0,0.0,4.0,0.0,0.0,0.0,4.0,14.44,19
22500297,BKN,MIL,80.8,78.0,"('Ben Saraf', 'Danny Wolf', 'Nic Claxton', 'Noah Clowney', 'Terance Mann')",2.9000000000000004,2,9,10,0,2,2,3,0,0,3,1,6.0,6.32,0.0,0.0,0.0,6.0,0.0,0.0,0.0,4.0,12.32,19
22500297,BKN,MIL,80.6,78.6,"('Danny Wolf', 'Nic Claxton', 'Terance Mann', 'Tyrese Martin', 'Ziaire Williams')",1.0333333333333332,4,2,2,2,2,0,1,0,0,0,0,3.0,2.0,0.0,0.0,2.0,2.0,0.0,2.0,0.0,0.0,5.0,19
22500297,BKN,MIL,80.4,78.8,"('Nic Claxton', 'Noah Clowney', 'Terance Mann', 'Tyrese Martin', 'Ziaire Williams')",1.6333333333333335,3,0,7,1,4,0,2,1,0,2,0,2.0,2.88,0.0,0.0,0.0,0.0,2.0,0.0,0.0,2.0,4.88,19
22500297,BKN,MIL,79.6,78.2,"('Ben Saraf', 'Danny Wolf', ""Day'Ron Sharpe"", 'Drake Powell', 'Jalen Wilson')",7.166666666666664,3,14,17,6,4,5,5,2,1,2,2,15.0,15.0,0.0,2.0,3.0,8.0,7.0,0.0,3.0,6.0,30.0,19
22500297,BKN,MIL,80.0,79.4,"('Ben Saraf', 'Danny Wolf', 'Jalen Wilson', 'Nic Claxton', 'Tyrese Martin')",3.123333333333333,3,3,4,3,5,1,0,0,1,2,0,7.0,5.76,0.0,3.0,0.0,0.0,0.0,0.0,0.0,0.0,12.76,19
22500297,BKN,MIL,80.4,78.2,"('Danny Wolf', ""Day'Ron Sharpe"", 'Terance Mann', 'Tyrese Martin', 'Ziaire Williams')",2.9833333333333334,4,6,4,2,5,1,1,1,1,0,1,5.44,5.0,0.0,0.0,0.0,2.0,2.0,0.0,4.0,4.0,10.44,19
22500297,BKN,MIL,79.6,78.6,"('Jalen Wilson', 'Nic Claxton', 'Terance Mann', 'Tyrese Martin', 'Ziaire Williams')",3.016666666666667,4,9,3,2,2,1,1,0,2,0,4,6.76,6.0,0.0,0.0,0.0,0.0,0.0,0.0,0.0,0.0,12.76,19
22500297,BKN,MIL,78.6,77.4,"('Ben Saraf', 'Danny Wolf', ""Day'Ron Sharpe"", 'E.J. Liddell', 'Tyson Etienne')",0.5499999999999999,4,0,2,0,1,0,1,0,0,0,1,2.0,1.0,0.0,0.0,0.0,0.0,0.0,0.0,0.0,2.0,3.0,19
22500297,BKN,MIL,80.4,79.4,"('Ben Saraf', 'Danny Wolf', ""Day'Ron Sharpe"", 'Drake Powell', 'Noah Clowney')",3.6316666666666673,1,16,11,2,3,4,3,1,1,0,0,8.0,7.0,0.0,4.0,2.0,4.0,0.0,0.0,6.0,0.0,15.0,19
22500297,BKN,MIL,80.8,78.6,"('Danny Wolf', 'Nic Claxton', 'Noah Clowney', 'Terance Mann', 'Tyrese Martin')",1.1666666666666667,2,2,5,0,0,0,2,1,0,0,1,2.0,2.0,0.0,0.0,0.0,0.0,2.0,2.0,0.0,2.0,4.0,19
22500312,BKN,CHA,81.8,79.6,"('Danny Wolf', 'Egor Dëmin', 'Michael Porter Jr.', 'Nic Claxton', 'Ziaire Williams')",0.5833333333333334,4,2,1,0,0,1,0,0,0,0,0,1.0,1.44,0.0,0.0,0.0,2.0,0.0,0.0,0.0,0.0,2.44,20
22500312,BKN,CHA,82.0,79.6,"('Danny Wolf', 'Egor Dëmin', 'Michael Porter Jr.', 'Nic Claxton', 'Noah Clowney')",6.396666666666663,4,18,10,9,6,6,4,1,1,3,5,14.32,13.44,2.0,0.0,0.0,6.0,0.0,0.0,0.0,4.0,27.76,20
22500312,BKN,CHA,80.8,79.6,"('Drake Powell', 'Egor Dëmin', 'Michael Porter Jr.', 'Nic Claxton', 'Noah Clowney')",4.625,2,15,7,4,3,5,1,2,4,3,1,12.0,8.88,2.0,7.0,5.0,6.0,0.0,0.0,0.0,2.0,20.880000000000003,20
22500312,BKN,CHA,81.0,79.0,"('Egor Dëmin', 'Michael Porter Jr.', 'Nic Claxton', 'Noah Clowney', 'Tyrese Martin')",6.016666666666667,1,16,19,6,6,2,6,0,2,2,1,12.88,12.88,2.0,4.0,4.0,8.0,0.0,0.0,0.0,8.0,25.76,20
22500312,BKN,CHA,80.2,80.6,"('Ben Saraf', 'Danny Wolf', ""Day'Ron Sharpe"", 'Drake Powell', 'Ziaire Williams')",3.313333333333334,1,5,3,2,5,2,0,1,2,3,0,7.0,7.44,3.0,3.0,0.0,2.0,0.0,0.0,2.0,2.0,14.44,20
22500312,BKN,CHA,81.4,79.0,"('Ben Saraf', 'Danny Wolf', 'Nic Claxton', 'Noah Clowney', 'Ziaire Williams')",1.0000000000000002,1,0,0,3,1,0,0,1,0,0,0,2.0,3.0,0.0,0.0,0.0,0.0,0.0,0.0,0.0,0.0,5.0,20
22500312,BKN,CHA,81.2,79.0,"('Ben Saraf', 'Michael Porter Jr.', 'Nic Claxton', 'Noah Clowney', 'Ziaire Williams')",1.2000000000000002,1,5,4,1,0,2,0,1,1,0,1,3.0,3.0,0.0,3.0,0.0,2.0,0.0,0.0,0.0,4.0,6.0,20
22500312,BKN,CHA,80.4,80.2,"('Ben Saraf', 'Danny Wolf', ""Day'Ron Sharpe"", 'Drake Powell', 'Michael Porter Jr.')",0.2916666666666667,1,0,1,0,0,0,0,1,0,0,0,1.0,0.44,0.0,0.0,0.0,0.0,0.0,0.0,0.0,0.0,1.44,20
22500312,BKN,CHA,80.2,79.4,"('Drake Powell', 'Michael Porter Jr.', 'Nic Claxton', 'Tyrese Martin', 'Ziaire Williams')",1.1333333333333333,3,2,6,0,1,1,2,0,1,0,0,3.0,3.44,2.0,2.0,0.0,2.0,0.0,3.0,0.0,2.0,6.44,20
22500312,BKN,CHA,80.2,79.6,"('Ben Saraf', 'Drake Powell', 'Nic Claxton', 'Noah Clowney', 'Ziaire Williams')",0.0183333333333333,2,0,0,0,0,0,0,0,0,0,0,0.0,1.0,0.0,0.0,0.0,0.0,0.0,0.0,0.0,0.0,1.0,20
22500312,BKN,CHA,81.0,78.4,"('Egor Dëmin', 'Michael Porter Jr.', 'Nic Claxton', 'Noah Clowney', 'Tyrese Martin')",2.2666666666666666,2,8,8,0,1,2,3,0,0,0,3,3.88,4.0,0.0,0.0,0.0,0.0,0.0,0.0,0.0,2.0,7.88,20
22500312,BKN,CHA,81.0,79.6,"('Drake Powell', 'Michael Porter Jr.', 'Nic Claxton', 'Noah Clowney', 'Ziaire Williams')",0.66,2,2,2,0,0,0,0,0,0,1,0,1.0,1.0,0.0,0.0,0.0,2.0,2.0,0.0,0.0,2.0,2.0,20
22500312,BKN,CHA,80.4,79.4,"('Drake Powell', 'Michael Porter Jr.', 'Nic Claxton', 'Noah Clowney', 'Tyrese Martin')",1.0666666666666669,3,3,1,1,2,1,0,0,0,1,0,2.0,2.44,0.0,0.0,0.0,0.0,0.0,0.0,0.0,0.0,4.44,20
22500312,BKN,CHA,80.0,79.0,"('Ben Saraf', ""Day'Ron Sharpe"", 'Drake Powell', 'Michael Porter Jr.', 'Ziaire Williams')",3.3149999999999995,3,11,3,4,2,3,1,0,2,1,2,8.879999999999999,7.44,4.0,4.0,0.0,4.0,0.0,0.0,0.0,2.0,16.32,20
22500312,BKN,CHA,81.0,79.4,"('Egor Dëmin', 'Michael Porter Jr.', 'Nic Claxton', 'Noah Clowney', 'Tyrese Martin')",6.283333333333332,3,13,13,4,7,3,3,1,2,6,1,13.88,14.32,4.0,4.0,0.0,6.0,0.0,0.0,8.0,4.0,28.200000000000003,20
22500312,BKN,CHA,80.2,79.0,"('Ben Saraf', 'Danny Wolf', ""Day'Ron Sharpe"", 'Drake Powell', 'Ziaire Williams')",4.633333333333333,4,8,10,6,3,3,2,1,0,1,1,8.88,9.44,0.0,0.0,0.0,4.0,3.0,0.0,0.0,4.0,18.32,20
22500312,BKN,CHA,80.2,79.6,"('Ben Saraf', 'Danny Wolf', ""Day'Ron Sharpe"", 'Drake Powell', 'Ziaire Williams')",2.5,2,5,8,2,3,1,2,1,1,2,0,5.0,6.0,0.0,0.0,5.0,2.0,0.0,4.0,2.0,8.0,11.0,20
22500312,BKN,CHA,79.6,79.6,"('Ben Saraf', 'Drake Powell', 'Michael Porter Jr.', 'Nic Claxton', 'Tyrese Martin')",1.5833333333333333,2,3,7,1,2,1,2,1,0,0,0,4.0,4.0,3.0,0.0,0.0,0.0,2.0,2.0,0.0,4.0,8.0,20
22500329,BKN,CHI,80.8,78.8,"('Egor Dëmin', 'Nic Claxton', 'Noah Clowney', 'Tyrese Martin', 'Ziaire Williams')",1.15,2,3,6,0,1,0,0,0,0,1,2,2.3200000000000003,2.88,0.0,0.0,0.0,0.0,0.0,2.0,0.0,4.0,5.2,21
22500329,BKN,CHI,80.8,78.4,"('Danny Wolf', 'Egor Dëmin', 'Noah Clowney', 'Tyrese Martin', 'Ziaire Williams')",0.0,2,0,0,0,0,0,0,0,0,0,0,0.0,0.0,0.0,0.0,0.0,0.0,0.0,0.0,0.0,0.0,0.0,21
22500329,BKN,CHI,81.4,77.4,"('Ben Saraf', 'Danny Wolf', 'Michael Porter Jr.', 'Nic Claxton', 'Ziaire Williams')",0.2,1,0,0,0,0,0,0,0,0,0,0,0.0,1.0,0.0,0.0,0.0,0.0,0.0,0.0,0.0,0.0,1.0,21
22500329,BKN,CHI,81.0,77.4,"('Egor Dëmin', 'Michael Porter Jr.', 'Nic Claxton', 'Noah Clowney', 'Tyrese Martin')",6.766666666666664,1,15,15,8,12,3,3,1,3,3,2,15.88,16.759999999999998,6.0,4.0,2.0,8.0,0.0,0.0,2.0,8.0,32.64,21
22500329,BKN,CHI,80.2,77.8,"('Ben Saraf', 'Danny Wolf', ""Day'Ron Sharpe"", 'Drake Powell', 'Ziaire Williams')",1.4833333333333334,2,5,0,1,0,1,0,2,1,0,1,4.44,4.0,0.0,0.0,0.0,4.0,0.0,0.0,0.0,0.0,8.440000000000001,21
22500329,BKN,CHI,80.8,78.4,"('Danny Wolf', ""Day'Ron Sharpe"", 'Egor Dëmin', 'Tyrese Martin', 'Ziaire Williams')",0.5566666666666666,2,4,4,0,0,0,1,0,0,1,0,1.44,2.0,0.0,0.0,0.0,0.0,0.0,0.0,0.0,4.0,3.44,21
22500329,BKN,CHI,81.2,77.6,"('Ben Saraf', 'Michael Porter Jr.', 'Nic Claxton', 'Noah Clowney', 'Ziaire Williams')",0.75,1,2,3,0,1,1,1,0,1,0,0,3.0,2.0,0.0,0.0,0.0,2.0,0.0,3.0,0.0,0.0,5.0,21
22500329,BKN,CHI,80.6,77.6,"('Ben Saraf', 'Michael Porter Jr.', 'Nic Claxton', 'Noah Clowney', 'Tyrese Martin')",0.4166666666666667,1,1,0,0,0,0,0,0,0,1,0,0.44,1.0,0.0,0.0,0.0,0.0,0.0,0.0,0.0,0.0,1.44,21
22500329,BKN,CHI,81.2,77.4,"('Ben Saraf', 'Danny Wolf', ""Day'Ron Sharpe"", 'Michael Porter Jr.', 'Ziaire Williams')",0.6333333333333334,1,0,1,1,2,0,0,0,0,1,0,1.0,1.44,0.0,0.0,0.0,0.0,0.0,0.0,0.0,0.0,2.44,21
22500329,BKN,CHI,80.2,77.4,"('Ben Saraf', 'Danny Wolf', ""Day'Ron Sharpe"", 'Drake Powell', 'Ziaire Williams')",3.0733333333333337,1,11,5,4,0,2,1,1,1,0,2,6.32,6.44,2.0,2.0,3.0,2.0,0.0,0.0,0.0,4.0,12.760000000000002,21
22500329,BKN,CHI,80.0,77.4,"('Ben Saraf', ""Day'Ron Sharpe"", 'Drake Powell', 'Michael Porter Jr.', 'Ziaire Williams')",0.65,3,1,5,1,1,0,2,1,0,0,1,2.44,3.0,0.0,0.0,0.0,0.0,2.0,2.0,0.0,2.0,5.44,21
22500329,BKN,CHI,81.0,78.8,"('Egor Dëmin', 'Michael Porter Jr.', 'Nic Claxton', 'Noah Clowney', 'Tyrese Martin')",4.95,2,10,5,8,5,3,0,1,0,4,2,10.88,9.32,2.0,0.0,2.0,8.0,0.0,0.0,0.0,2.0,20.200000000000003,21
22500329,BKN,CHI,80.2,78.4,"('Danny Wolf', ""Day'Ron Sharpe"", 'Drake Powell', 'Tyrese Martin', 'Ziaire Williams')",0.5383333333333333,2,0,1,1,0,0,0,0,0,0,0,2.0,1.44,0.0,0.0,0.0,0.0,0.0,0.0,0.0,0.0,3.44,21
22500329,BKN,CHI,80.4,78.8,"('Ben Saraf', 'Danny Wolf', 'Drake Powell', 'Nic Claxton', 'Ziaire Williams')",2.783333333333334,2,3,4,0,4,1,1,1,3,0,0,5.0,6.0,0.0,3.0,0.0,0.0,0.0,2.0,2.0,4.0,11.0,21
22500329,BKN,CHI,80.2,76.8,"('Ben Saraf', 'Danny Wolf', ""Day'Ron Sharpe"", 'Drake Powell', 'Ziaire Williams')",2.5,3,3,2,5,3,1,1,2,0,1,0,6.0,6.0,3.0,0.0,0.0,0.0,0.0,2.0,0.0,2.0,12.0,21
22500329,BKN,CHI,80.4,77.8,"('Ben Saraf', 'Drake Powell', 'Michael Porter Jr.', 'Nic Claxton', 'Noah Clowney')",1.05,3,0,0,1,1,0,0,1,0,0,0,2.0,2.0,0.0,0.0,0.0,0.0,0.0,0.0,0.0,0.0,4.0,21
22500329,BKN,CHI,81.0,78.8,"('Egor Dëmin', 'Michael Porter Jr.', 'Nic Claxton', 'Noah Clowney', 'Tyrese Martin')",6.35,3,19,20,1,4,7,6,3,4,2,0,14.0,14.88,2.0,5.0,0.0,4.0,6.0,4.0,3.0,12.0,28.880000000000003,21
22500329,BKN,CHI,81.2,76.4,"('Ben Saraf', 'Danny Wolf', 'Michael Porter Jr.', 'Noah Clowney', 'Ziaire Williams')",0.0,3,0,0,0,0,0,0,0,0,0,0,0.0,0.0,0.0,0.0,0.0,0.0,0.0,0.0,0.0,0.0,0.0,21
22500329,BKN,CHI,82.0,78.8,"('Danny Wolf', 'Egor Dëmin', 'Michael Porter Jr.', 'Nic Claxton', 'Noah Clowney')",1.6666666666666663,4,3,3,1,1,1,0,2,1,0,0,4.0,3.44,0.0,0.0,0.0,0.0,2.0,0.0,0.0,2.0,7.439999999999999,21
22500329,BKN,CHI,81.6,78.8,"('Danny Wolf', ""Day'Ron Sharpe"", 'Egor Dëmin', 'Noah Clowney', 'Ziaire Williams')",1.9166666666666667,4,6,6,2,3,2,0,2,1,0,1,5.0,5.0,0.0,0.0,0.0,0.0,4.0,4.0,4.0,6.0,10.0,21
22500329,BKN,CHI,81.8,78.8,"('Danny Wolf', 'Egor Dëmin', 'Michael Porter Jr.', 'Nic Claxton', 'Ziaire Williams')",1.15,4,5,4,0,0,2,1,0,0,2,0,2.0,2.88,0.0,3.0,0.0,2.0,0.0,0.0,2.0,2.0,4.88,21
22500329,BKN,CHI,82.2,77.6,"('Danny Wolf', 'Michael Porter Jr.', 'Nic Claxton', 'Noah Clowney', 'Ziaire Williams')",6.173333333333333,4,16,15,7,4,5,3,3,1,2,2,11.44,14.44,0.0,3.0,5.0,6.0,5.0,3.0,6.0,6.0,25.88,21
22500329,BKN,CHI,80.2,77.4,"('Ben Saraf', ""Day'Ron Sharpe"", 'Drake Powell', 'Michael Porter Jr.', 'Noah Clowney')",0.8666666666666666,3,4,3,1,0,1,0,0,0,1,1,2.44,2.44,0.0,0.0,0.0,0.0,0.0,0.0,0.0,2.0,4.88,21
22500329,BKN,CHI,82.2,76.4,"('Danny Wolf', 'Michael Porter Jr.', 'Nic Claxton', 'Noah Clowney', 'Ziaire Williams')",0.33,3,2,1,0,0,0,0,0,0,0,1,0.88,0.44,0.0,0.0,0.0,0.0,0.0,0.0,0.0,0.0,1.32,21
22500335,BKN,UTA,80.0,80.2,"('Egor Dëmin', 'Nic Claxton', 'Terance Mann', 'Tyrese Martin', 'Ziaire Williams')",2.2666666666666666,4,4,7,3,6,1,2,1,0,1,0,6.0,4.44,0.0,0.0,0.0,4.0,2.0,0.0,2.0,6.0,10.44,22
22500335,BKN,UTA,81.4,80.2,"('Ben Saraf', 'Danny Wolf', 'Nic Claxton', 'Noah Clowney', 'Ziaire Williams')",3.25,4,6,13,1,3,2,3,1,0,1,1,5.88,5.88,0.0,0.0,0.0,4.0,3.0,0.0,0.0,2.0,11.76,22
22500335,BKN,UTA,79.6,80.2,"('Jalen Wilson', 'Nic Claxton', 'Terance Mann', 'Tyrese Martin', 'Ziaire Williams')",0.0,4,0,0,0,0,0,0,0,0,0,0,1.0,0.0,0.0,0.0,0.0,0.0,0.0,0.0,0.0,0.0,1.0,22
22500335,BKN,UTA,81.2,79.6,"('Danny Wolf', ""Day'Ron Sharpe"", 'Noah Clowney', 'Tyrese Martin', 'Ziaire Williams')",2.416666666666667,4,4,7,0,1,1,2,2,1,1,0,4.44,5.44,0.0,0.0,0.0,0.0,3.0,3.0,0.0,0.0,9.88,22
22500335,BKN,UTA,80.0,80.2,"('Ben Saraf', 'Danny Wolf', 'Jalen Wilson', 'Nic Claxton', 'Tyrese Martin')",1.2333333333333334,4,1,4,1,1,0,2,1,0,0,1,2.44,2.0,0.0,0.0,0.0,0.0,2.0,2.0,0.0,4.0,4.44,22
22500335,BKN,UTA,77.6,78.8,"('Ben Saraf', ""Day'Ron Sharpe"", 'Jalen Wilson', 'Tyrese Martin', 'Tyson Etienne')",1.018333333333333,4,3,5,0,1,1,1,1,0,1,0,3.0,2.3200000000000003,0.0,0.0,0.0,0.0,2.0,0.0,0.0,2.0,5.32,22
22500335,BKN,UTA,80.6,78.4,"(""Day'Ron Sharpe"", 'Egor Dëmin', 'Noah Clowney', 'Tyrese Martin', 'Ziaire Williams')",1.2666666666666668,4,2,6,1,0,1,2,1,0,0,1,3.0,2.44,0.0,0.0,0.0,2.0,2.0,0.0,0.0,2.0,5.44,22
22500335,BKN,UTA,80.2,80.8,"('Egor Dëmin', 'Nic Claxton', 'Noah Clowney', 'Terance Mann', 'Tyrese Martin')",1.6833333333333336,3,2,7,2,1,0,2,0,0,2,1,1.88,3.88,0.0,0.0,0.0,0.0,2.0,0.0,0.0,2.0,5.76,22
22500335,BKN,UTA,80.6,79.8,"('Ben Saraf', 'Danny Wolf', ""Day'Ron Sharpe"", 'Jalen Wilson', 'Noah Clowney')",4.4833333333333325,3,11,4,5,4,1,1,1,3,1,3,11.76,9.88,2.0,4.0,2.0,4.0,0.0,0.0,0.0,2.0,21.64,22
22500335,BKN,UTA,81.2,80.6,"('Ben Saraf', 'Danny Wolf', ""Day'Ron Sharpe"", 'Noah Clowney', 'Ziaire Williams')",1.0333333333333334,3,2,3,1,1,1,1,0,0,1,0,2.0,2.44,0.0,0.0,0.0,0.0,0.0,0.0,0.0,2.0,4.44,22
22500335,BKN,UTA,80.8,79.8,"('Ben Saraf', 'Danny Wolf', 'Jalen Wilson', 'Nic Claxton', 'Noah Clowney')",2.0666666666666664,3,7,6,2,1,0,0,2,1,2,2,6.32,5.76,0.0,2.0,0.0,4.0,2.0,2.0,0.0,2.0,12.08,22
22500335,BKN,UTA,80.4,80.6,"('Nic Claxton', 'Noah Clowney', 'Terance Mann', 'Tyrese Martin', 'Ziaire Williams')",2.2666666666666666,3,10,12,2,1,1,3,1,1,2,3,6.640000000000001,6.88,0.0,2.0,2.0,4.0,0.0,2.0,0.0,4.0,13.52,22
22500335,BKN,UTA,80.2,80.2,"('Egor Dëmin', 'Nic Claxton', 'Noah Clowney', 'Terance Mann', 'Tyrese Martin')",1.7166666666666672,2,6,4,2,2,1,0,1,0,1,4,4.32,3.0,0.0,0.0,3.0,0.0,2.0,0.0,2.0,4.0,7.32,22
22500335,BKN,UTA,81.8,80.2,"('Danny Wolf', 'Egor Dëmin', 'Nic Claxton', 'Noah Clowney', 'Ziaire Williams')",1.4166666666666667,2,5,2,3,0,1,1,1,0,1,0,3.0,3.0,0.0,0.0,2.0,2.0,0.0,0.0,0.0,2.0,6.0,22
22500335,BKN,UTA,80.8,78.4,"('Egor Dëmin', 'Nic Claxton', 'Noah Clowney', 'Terance Mann', 'Ziaire Williams')",1.3666666666666667,2,0,9,0,3,0,2,0,0,0,0,2.0,3.0,0.0,0.0,0.0,0.0,0.0,0.0,3.0,0.0,5.0,22
22500335,BKN,UTA,81.0,80.2,"('Ben Saraf', 'Danny Wolf', 'Egor Dëmin', 'Nic Claxton', 'Ziaire Williams')",1.0166666666666666,2,1,2,1,1,0,0,0,0,1,1,1.44,1.88,0.0,0.0,0.0,0.0,0.0,0.0,0.0,0.0,3.32,22
22500335,BKN,UTA,80.4,80.2,"('Ben Saraf', 'Danny Wolf', ""Day'Ron Sharpe"", 'Jalen Wilson', 'Ziaire Williams')",4.45,2,10,7,5,3,2,2,2,3,0,1,9.0,10.0,5.0,2.0,2.0,4.0,2.0,2.0,0.0,4.0,19.0,22
22500335,BKN,UTA,80.8,80.2,"('Egor Dëmin', 'Nic Claxton', 'Noah Clowney', 'Tyrese Martin', 'Ziaire Williams')",0.4666666666666667,2,0,0,1,1,0,0,0,0,1,0,1.0,1.0,0.0,0.0,0.0,0.0,0.0,0.0,0.0,0.0,2.0,22
22500335,BKN,UTA,80.6,78.4,"('Ben Saraf', 'Danny Wolf', 'Nic Claxton', 'Terance Mann', 'Ziaire Williams')",1.3833333333333333,2,6,5,0,0,2,1,0,0,0,1,4.44,2.0,0.0,3.0,0.0,2.0,0.0,0.0,0.0,2.0,6.44,22
22500335,BKN,UTA,80.6,80.2,"('Ben Saraf', 'Danny Wolf', 'Nic Claxton', 'Tyrese Martin', 'Ziaire Williams')",0.0,2,1,0,0,0,0,0,0,0,0,0,0.44,0.0,0.0,0.0,0.0,0.0,0.0,0.0,0.0,0.0,0.44,22
22500335,BKN,UTA,80.2,78.8,"('Egor Dëmin', 'Nic Claxton', 'Noah Clowney', 'Terance Mann', 'Tyrese Martin')",6.699999999999998,1,16,14,9,6,4,4,1,0,2,2,14.44,13.76,2.0,0.0,2.0,6.0,2.0,4.0,0.0,10.0,28.2,22
22500335,BKN,UTA,81.8,78.2,"('Danny Wolf', 'Egor Dëmin', 'Nic Claxton', 'Noah Clowney', 'Ziaire Williams')",1.7833333333333332,1,4,2,2,2,2,1,0,0,0,0,4.0,3.0,0.0,0.0,0.0,4.0,0.0,0.0,0.0,2.0,7.0,22
22500335,BKN,UTA,81.2,80.0,"('Ben Saraf', 'Danny Wolf', ""Day'Ron Sharpe"", 'Noah Clowney', 'Ziaire Williams')",1.3500000000000003,1,4,2,2,1,0,1,0,1,0,1,2.88,3.0,0.0,0.0,2.0,2.0,0.0,0.0,0.0,2.0,5.88,22
22500335,BKN,UTA,80.4,80.0,"('Ben Saraf', 'Danny Wolf', ""Day'Ron Sharpe"", 'Jalen Wilson', 'Ziaire Williams')",1.6866666666666663,1,5,2,1,0,1,0,1,2,1,1,5.44,4.0,0.0,4.0,0.0,4.0,0.0,0.0,0.0,2.0,9.44,22
22500350,BKN,NOP,81.0,78.8,"('Egor Dëmin', 'Michael Porter Jr.', 'Nic Claxton', 'Noah Clowney', 'Terance Mann')",5.65,4,15,7,10,4,3,2,4,1,2,3,13.88,13.0,0.0,0.0,4.0,10.0,2.0,3.0,2.0,4.0,26.880000000000003,23
22500350,BKN,NOP,79.6,77.6,"('Ben Saraf', 'Danny Wolf', ""Day'Ron Sharpe"", 'Drake Powell', 'Jalen Wilson')",3.3383333333333334,4,8,9,1,5,3,2,1,2,3,0,8.0,9.2,0.0,3.0,0.0,2.0,2.0,0.0,2.0,4.0,17.2,23
22500350,BKN,NOP,80.8,78.8,"('Danny Wolf', ""Day'Ron Sharpe"", 'Drake Powell', 'Egor Dëmin', 'Noah Clowney')",0.3666666666666666,4,0,2,0,1,0,1,0,0,1,0,1.0,1.0,0.0,0.0,0.0,0.0,0.0,2.0,0.0,2.0,2.0,23
22500350,BKN,NOP,80.4,77.6,"('Ben Saraf', 'Danny Wolf', ""Day'Ron Sharpe"", 'Drake Powell', 'Noah Clowney')",0.4499999999999999,4,0,3,0,1,0,1,0,0,0,0,1.0,1.44,0.0,0.0,0.0,0.0,0.0,2.0,0.0,2.0,2.44,23
22500350,BKN,NOP,81.0,77.6,"('Egor Dëmin', 'Michael Porter Jr.', 'Nic Claxton', 'Noah Clowney', 'Terance Mann')",3.7166666666666655,3,13,6,11,1,2,1,1,0,3,3,7.88,7.88,2.0,0.0,4.0,8.0,2.0,0.0,0.0,4.0,15.76,23
22500350,BKN,NOP,81.2,78.4,"('Ben Saraf', 'Danny Wolf', ""Day'Ron Sharpe"", 'Michael Porter Jr.', 'Ziaire Williams')",1.7000000000000004,3,7,2,1,0,2,1,1,3,0,0,5.44,4.0,2.0,4.0,2.0,6.0,2.0,2.0,0.0,2.0,9.44,23
22500350,BKN,NOP,80.2,79.2,"('Ben Saraf', 'Danny Wolf', ""Day'Ron Sharpe"", 'Drake Powell', 'Ziaire Williams')",2.5516666666666667,1,9,7,3,0,4,2,1,0,1,0,5.0,6.0,0.0,2.0,0.0,6.0,2.0,0.0,0.0,4.0,11.0,23
22500350,BKN,NOP,80.2,78.8,"('Drake Powell', 'Michael Porter Jr.', 'Nic Claxton', 'Terance Mann', 'Ziaire Williams')",0.7466666666666667,2,5,0,1,0,1,0,0,0,0,0,2.0,1.0,0.0,3.0,0.0,2.0,0.0,0.0,0.0,0.0,3.0,23
22500350,BKN,NOP,80.4,78.0,"('Ben Saraf', 'Drake Powell', 'Michael Porter Jr.', 'Nic Claxton', 'Noah Clowney')",1.4166666666666667,2,4,0,1,0,1,0,0,1,0,0,2.0,2.0,0.0,0.0,0.0,4.0,0.0,0.0,0.0,0.0,4.0,23
22500350,BKN,NOP,81.0,77.6,"('Egor Dëmin', 'Michael Porter Jr.', 'Nic Claxton', 'Noah Clowney', 'Terance Mann')",3.45,2,7,12,1,1,3,5,0,0,0,0,6.0,6.0,0.0,0.0,0.0,4.0,0.0,0.0,0.0,4.0,12.0,23
22500350,BKN,NOP,80.2,78.4,"('Ben Saraf', 'Danny Wolf', ""Day'Ron Sharpe"", 'Drake Powell', 'Ziaire Williams')",4.0,2,2,4,4,3,1,2,4,4,0,1,9.0,10.0,0.0,0.0,0.0,2.0,4.0,4.0,0.0,4.0,19.0,23
22500350,BKN,NOP,80.4,78.8,"('Drake Powell', 'Michael Porter Jr.', 'Nic Claxton', 'Noah Clowney', 'Terance Mann')",1.7366666666666666,2,9,4,0,0,3,1,1,1,2,0,4.0,2.88,0.0,3.0,0.0,0.0,0.0,0.0,0.0,2.0,6.88,23
22500350,BKN,NOP,81.0,79.0,"('Egor Dëmin', 'Michael Porter Jr.', 'Nic Claxton', 'Noah Clowney', 'Terance Mann')",8.016666666666664,1,21,15,9,10,8,4,2,3,2,1,16.88,16.88,4.0,2.0,5.0,10.0,2.0,4.0,4.0,10.0,33.76,23
22500350,BKN,NOP,81.2,78.6,"('Ben Saraf', 'Danny Wolf', ""Day'Ron Sharpe"", 'Michael Porter Jr.', 'Ziaire Williams')",0.7833333333333332,1,5,2,0,0,1,1,0,0,0,1,2.44,1.0,0.0,0.0,0.0,4.0,0.0,0.0,0.0,2.0,3.44,23
22500350,BKN,NOP,80.4,77.8,"('Ben Saraf', 'Danny Wolf', ""Day'Ron Sharpe"", 'Drake Powell', 'Noah Clowney')",2.456666666666667,3,4,9,2,3,1,2,1,0,1,0,5.0,5.32,0.0,0.0,2.0,4.0,3.0,3.0,3.0,0.0,10.32,23
22500350,BKN,NOP,81.6,77.8,"('Danny Wolf', ""Day'Ron Sharpe"", 'Egor Dëmin', 'Michael Porter Jr.', 'Ziaire Williams')",1.35,3,4,5,0,3,1,2,0,0,0,2,3.88,3.0,0.0,0.0,2.0,2.0,0.0,0.0,5.0,2.0,6.88,23
22500350,BKN,NOP,80.2,77.8,"('Ben Saraf', 'Danny Wolf', ""Day'Ron Sharpe"", 'Drake Powell', 'Ziaire Williams')",0.6166666666666667,3,0,2,0,1,0,0,0,0,1,0,1.0,2.0,0.0,0.0,0.0,0.0,0.0,0.0,0.0,2.0,3.0,23
22500350,BKN,NOP,80.8,77.6,"('Egor Dëmin', 'Michael Porter Jr.', 'Nic Claxton', 'Terance Mann', 'Ziaire Williams')",2.0,3,6,7,0,1,2,2,0,0,1,1,4.44,3.3200000000000003,0.0,0.0,0.0,2.0,0.0,2.0,0.0,4.0,7.760000000000001,23
22500350,BKN,NOP,80.4,77.6,"('Ben Saraf', 'Drake Powell', 'Michael Porter Jr.', 'Nic Claxton', 'Noah Clowney')",1.7833333333333332,4,0,5,1,2,0,1,0,0,0,3,1.0,2.0,0.0,0.0,0.0,0.0,3.0,0.0,3.0,2.0,3.0,23
22500373,BKN,MIA,81.4,77.4,"('Danny Wolf', 'Nic Claxton', 'Noah Clowney', 'Tyrese Martin', 'Ziaire Williams')",1.8833333333333335,2,3,7,1,2,1,1,1,0,0,0,4.0,4.44,3.0,0.0,0.0,0.0,2.0,2.0,0.0,6.0,8.440000000000001,24
22500373,BKN,MIA,81.2,76.8,"('Danny Wolf', ""Day'Ron Sharpe"", 'Michael Porter Jr.', 'Tyrese Martin', 'Ziaire Williams')",0.7166666666666666,3,0,3,0,0,0,1,0,0,0,0,1.0,1.0,0.0,0.0,0.0,0.0,0.0,0.0,0.0,0.0,2.0,24
22500373,BKN,MIA,80.6,78.6,"('Michael Porter Jr.', 'Nic Claxton', 'Noah Clowney', 'Terance Mann', 'Tyrese Martin')",1.4,3,4,0,3,2,1,0,0,0,0,0,4.0,3.0,2.0,0.0,0.0,2.0,0.0,0.0,0.0,0.0,7.0,24
22500373,BKN,MIA,80.4,77.8,"('Danny Wolf', ""Day'Ron Sharpe"", 'Jalen Wilson', 'Tyrese Martin', 'Ziaire Williams')",3.2999999999999994,2,7,7,4,3,2,2,0,1,2,0,6.0,8.0,3.0,3.0,2.0,4.0,0.0,2.0,0.0,4.0,14.0,24
22500373,BKN,MIA,80.2,77.8,"(""Day'Ron Sharpe"", 'Jalen Wilson', 'Michael Porter Jr.', 'Tyrese Martin', 'Ziaire Williams')",1.45,1,6,3,2,1,1,1,0,0,0,0,3.0,3.0,3.0,0.0,0.0,0.0,0.0,0.0,0.0,0.0,6.0,24
22500373,BKN,MIA,81.0,78.0,"('Egor Dëmin', 'Michael Porter Jr.', 'Nic Claxton', 'Noah Clowney', 'Terance Mann')",4.449999999999999,1,10,19,2,6,2,6,0,1,1,2,11.44,11.0,0.0,0.0,0.0,6.0,0.0,4.0,2.0,10.0,22.44,24
22500373,BKN,MIA,80.4,77.8,"('Danny Wolf', ""Day'Ron Sharpe"", 'Jalen Wilson', 'Tyrese Martin', 'Ziaire Williams')",1.4899999999999998,1,6,2,2,1,2,1,0,1,0,0,4.0,4.0,0.0,0.0,0.0,6.0,0.0,0.0,0.0,2.0,8.0,24
22500373,BKN,MIA,80.2,78.2,"('Drake Powell', 'Michael Porter Jr.', 'Nic Claxton', 'Tyrese Martin', 'Ziaire Williams')",0.6833333333333333,1,0,2,1,2,0,1,0,0,0,0,1.0,2.0,0.0,0.0,0.0,0.0,0.0,0.0,2.0,2.0,3.0,24
22500373,BKN,MIA,81.2,77.4,"('Danny Wolf', 'Egor Dëmin', 'Michael Porter Jr.', 'Nic Claxton', 'Terance Mann')",4.556666666666668,2,6,7,5,4,2,1,3,4,0,1,10.0,10.0,2.0,2.0,0.0,6.0,2.0,0.0,0.0,2.0,20.0,24
22500373,BKN,MIA,79.6,77.4,"('Jalen Wilson', 'Nic Claxton', 'Terance Mann', 'Tyrese Martin', 'Ziaire Williams')",0.04,2,0,3,0,0,0,0,0,0,0,0,0.0,1.0,0.0,0.0,0.0,0.0,0.0,0.0,0.0,0.0,1.0,24
22500373,BKN,MIA,81.0,77.6,"('Egor Dëmin', 'Michael Porter Jr.', 'Nic Claxton', 'Noah Clowney', 'Terance Mann')",2.166666666666667,2,6,0,4,2,2,0,0,1,1,0,5.0,4.0,0.0,0.0,2.0,6.0,0.0,0.0,0.0,0.0,9.0,24
22500373,BKN,MIA,81.0,77.4,"('Egor Dëmin', 'Michael Porter Jr.', 'Nic Claxton', 'Noah Clowney', 'Terance Mann')",7.516666666666665,3,16,14,6,8,4,2,1,3,2,3,14.76,18.0,0.0,0.0,3.0,6.0,2.0,4.0,2.0,12.0,32.76,24
22500373,BKN,MIA,80.4,76.8,"('Danny Wolf', ""Day'Ron Sharpe"", 'Jalen Wilson', 'Tyrese Martin', 'Ziaire Williams')",2.2300000000000004,3,4,6,3,2,0,1,2,0,2,0,5.0,3.88,0.0,0.0,4.0,4.0,4.0,0.0,0.0,4.0,8.879999999999999,24
22500373,BKN,MIA,80.0,78.0,"('Drake Powell', 'Egor Dëmin', 'Michael Porter Jr.', 'Nic Claxton', 'Terance Mann')",3.1666666666666665,1,5,4,3,6,2,2,0,0,0,0,6.0,6.0,0.0,0.0,0.0,2.0,0.0,0.0,2.0,4.0,12.0,24
22500373,BKN,MIA,81.4,78.0,"('Danny Wolf', 'Nic Claxton', 'Noah Clowney', 'Tyrese Martin', 'Ziaire Williams')",1.65,4,2,1,1,2,1,0,0,1,2,2,2.0,3.44,0.0,2.0,0.0,2.0,0.0,0.0,0.0,0.0,5.44,24
22500373,BKN,MIA,80.4,76.8,"('Danny Wolf', ""Day'Ron Sharpe"", 'Jalen Wilson', 'Tyrese Martin', 'Ziaire Williams')",3.2833333333333328,4,2,2,5,4,0,0,1,1,0,1,6.0,5.0,0.0,0.0,2.0,2.0,2.0,0.0,0.0,0.0,11.0,24
22500373,BKN,MIA,81.2,78.0,"('Michael Porter Jr.', 'Nic Claxton', 'Noah Clowney', 'Terance Mann', 'Ziaire Williams')",1.1833333333333331,4,0,4,2,2,0,0,2,0,0,0,3.0,4.0,0.0,0.0,0.0,0.0,4.0,2.0,2.0,4.0,7.0,24
22500373,BKN,MIA,81.0,77.8,"('Egor Dëmin', 'Michael Porter Jr.', 'Nic Claxton', 'Noah Clowney', 'Terance Mann')",5.516666666666667,4,18,22,5,4,4,4,2,1,7,3,15.32,12.84,0.0,0.0,10.0,4.0,0.0,0.0,0.0,4.0,28.16,24
22500397,BKN,TOR,79.8,77.0,"('Danny Wolf', ""Day'Ron Sharpe"", 'Nolan Traore', 'Tyrese Martin', 'Ziaire Williams')",2.9466666666666668,3,4,13,1,2,0,3,2,1,2,2,6.76,7.0,0.0,0.0,0.0,0.0,5.0,3.0,0.0,4.0,13.76,25
22500397,BKN,TOR,80.8,78.0,"('Danny Wolf', ""Day'Ron Sharpe"", 'Michael Porter Jr.', 'Noah Clowney', 'Nolan Traore')",1.9500000000000004,2,0,3,2,4,0,1,0,0,0,0,4.0,4.0,0.0,0.0,0.0,0.0,0.0,0.0,0.0,0.0,8.0,25
22500397,BKN,TOR,80.6,77.8,"('Danny Wolf', ""Day'Ron Sharpe"", 'Michael Porter Jr.', 'Nolan Traore', 'Ziaire Williams')",1.2333333333333334,3,1,2,2,2,0,0,1,0,0,1,3.44,3.0,0.0,0.0,0.0,0.0,0.0,2.0,0.0,0.0,6.44,25
22500397,BKN,TOR,81.0,77.6,"('Egor Dëmin', 'Michael Porter Jr.', 'Nic Claxton', 'Noah Clowney', 'Terance Mann')",7.099999999999998,3,13,11,11,4,3,2,4,0,3,7,15.2,15.0,0.0,0.0,0.0,0.0,4.0,0.0,0.0,8.0,30.2,25
22500397,BKN,TOR,80.4,77.8,"(""Day'Ron Sharpe"", 'Michael Porter Jr.', 'Noah Clowney', 'Nolan Traore', 'Ziaire Williams')",0.0,1,0,0,0,0,0,0,0,0,0,0,0.0,0.0,0.0,0.0,0.0,0.0,0.0,0.0,0.0,0.0,0.0,25
22500397,BKN,TOR,81.0,78.0,"('Danny Wolf', 'Michael Porter Jr.', 'Nic Claxton', 'Noah Clowney', 'Nolan Traore')",0.1833333333333333,2,0,0,0,0,0,0,0,1,0,1,0.0,1.0,0.0,0.0,0.0,0.0,0.0,0.0,0.0,0.0,1.0,25
22500397,BKN,TOR,80.8,77.6,"(""Day'Ron Sharpe"", 'Egor Dëmin', 'Michael Porter Jr.', 'Noah Clowney', 'Terance Mann')",5.423333333333333,2,18,5,6,4,5,1,1,2,2,2,10.88,10.44,0.0,5.0,0.0,2.0,0.0,0.0,0.0,4.0,21.32,25
22500397,BKN,TOR,80.0,78.0,"('Danny Wolf', ""Day'Ron Sharpe"", 'Noah Clowney', 'Nolan Traore', 'Tyrese Martin')",0.35,2,0,0,0,0,0,0,0,0,1,0,0.0,0.0,0.0,0.0,0.0,0.0,0.0,0.0,0.0,0.0,0.0,25
22500397,BKN,TOR,79.8,77.6,"('Danny Wolf', ""Day'Ron Sharpe"", 'Nolan Traore', 'Tyrese Martin', 'Ziaire Williams')",4.016666666666668,2,7,13,1,3,2,4,2,2,1,1,8.0,8.0,0.0,0.0,0.0,4.0,3.0,3.0,0.0,2.0,16.0,25
22500397,BKN,TOR,81.0,77.4,"('Egor Dëmin', 'Michael Porter Jr.', 'Nic Claxton', 'Noah Clowney', 'Terance Mann')",7.649999999999998,1,16,14,6,6,6,5,2,3,3,1,16.0,14.88,7.0,0.0,2.0,8.0,3.0,0.0,0.0,6.0,30.880000000000003,25
22500397,BKN,TOR,79.8,78.4,"('Danny Wolf', ""Day'Ron Sharpe"", 'Nolan Traore', 'Tyrese Martin', 'Ziaire Williams')",2.7,1,6,4,2,2,2,2,1,1,0,1,6.0,5.0,0.0,4.0,0.0,4.0,0.0,0.0,0.0,4.0,11.0,25
22500397,BKN,TOR,80.6,77.8,"('Michael Porter Jr.', 'Nic Claxton', 'Noah Clowney', 'Nolan Traore', 'Ziaire Williams')",0.6166666666666667,1,0,0,2,1,0,0,1,0,1,0,2.0,1.0,0.0,0.0,0.0,0.0,0.0,0.0,0.0,0.0,3.0,25
22500397,BKN,TOR,80.6,77.8,"('Danny Wolf', ""Day'Ron Sharpe"", 'Michael Porter Jr.', 'Nolan Traore', 'Ziaire Williams')",0.95,1,2,0,1,0,1,0,2,3,0,1,3.0,4.0,2.0,2.0,0.0,2.0,0.0,0.0,0.0,0.0,7.0,25
22500397,BKN,TOR,80.8,78.4,"('Egor Dëmin', 'Michael Porter Jr.', 'Nic Claxton', 'Tyrese Martin', 'Ziaire Williams')",1.0833333333333337,4,0,4,0,2,0,2,0,0,0,0,2.0,2.0,0.0,0.0,0.0,0.0,0.0,2.0,0.0,4.0,4.0,25
22500397,BKN,TOR,81.2,77.8,"('Michael Porter Jr.', 'Nic Claxton', 'Noah Clowney', 'Terance Mann', 'Ziaire Williams')",0.0,1,0,0,0,0,0,0,0,0,0,0,0.0,0.0,0.0,0.0,0.0,0.0,0.0,0.0,0.0,0.0,0.0,25
22500397,BKN,TOR,80.6,78.0,"('Danny Wolf', 'Egor Dëmin', 'Michael Porter Jr.', 'Nic Claxton', 'Nolan Traore')",1.6166666666666665,4,5,2,1,0,2,0,1,0,2,0,3.0,2.88,0.0,0.0,0.0,2.0,0.0,0.0,0.0,0.0,5.88,25
22500397,BKN,TOR,80.6,77.8,"('Michael Porter Jr.', 'Nic Claxton', 'Noah Clowney', 'Nolan Traore', 'Ziaire Williams')",0.35,3,0,0,1,1,0,0,2,1,0,0,2.0,2.0,0.0,0.0,0.0,0.0,0.0,0.0,0.0,0.0,4.0,25
22500397,BKN,TOR,81.6,78.4,"('Egor Dëmin', 'Michael Porter Jr.', 'Nic Claxton', 'Noah Clowney', 'Ziaire Williams')",0.0,4,0,0,0,0,0,0,0,0,0,0,0.0,0.0,0.0,0.0,0.0,0.0,0.0,0.0,0.0,0.0,0.0,25
22500397,BKN,TOR,81.0,77.6,"('Egor Dëmin', 'Michael Porter Jr.', 'Nic Claxton', 'Noah Clowney', 'Terance Mann')",3.966666666666666,4,15,5,4,3,4,1,1,1,1,1,8.0,7.44,4.0,3.0,0.0,4.0,0.0,0.0,0.0,4.0,15.44,25
22500397,BKN,TOR,80.4,78.0,"('Egor Dëmin', 'Michael Porter Jr.', 'Nic Claxton', 'Noah Clowney', 'Nolan Traore')",2.3583333333333334,4,3,4,3,3,1,2,1,0,1,0,4.0,4.0,0.0,0.0,0.0,0.0,2.0,2.0,0.0,4.0,8.0,25
22500397,BKN,TOR,80.4,78.0,"('Danny Wolf', ""Day'Ron Sharpe"", 'Egor Dëmin', 'Noah Clowney', 'Nolan Traore')",0.2183333333333333,4,0,0,1,1,0,0,0,0,0,0,0.0,1.0,0.0,0.0,0.0,0.0,0.0,0.0,0.0,0.0,1.0,25
22500397,BKN,TOR,80.2,77.6,"('Danny Wolf', 'Nic Claxton', 'Noah Clowney', 'Nolan Traore', 'Terance Mann')",1.0833333333333337,4,2,1,2,1,1,0,0,0,0,1,2.0,2.44,0.0,0.0,0.0,2.0,0.0,0.0,0.0,0.0,4.44,25
22500397,BKN,TOR,81.0,76.6,"('Danny Wolf', 'Michael Porter Jr.', 'Nic Claxton', 'Noah Clowney', 'Nolan Traore')",1.1333333333333333,4,4,0,2,0,2,0,0,0,0,0,3.0,1.0,0.0,0.0,2.0,4.0,0.0,0.0,0.0,0.0,4.0,25
22500410,BKN,PHI,80.6,77.2,"('Danny Wolf', ""Day'Ron Sharpe"", 'Michael Porter Jr.', 'Nolan Traore', 'Ziaire Williams')",1.1833333333333331,1,2,5,1,1,0,1,1,0,1,0,3.0,2.3200000000000003,0.0,0.0,2.0,2.0,0.0,0.0,0.0,2.0,5.32,26
22500410,BKN,PHI,80.8,78.4,"(""Day'Ron Sharpe"", 'Egor Dëmin', 'Michael Porter Jr.', 'Noah Clowney', 'Terance Mann')",3.8,1,16,9,4,2,3,1,0,2,1,2,8.44,9.44,3.0,3.0,0.0,6.0,0.0,2.0,0.0,6.0,17.88,26
22500410,BKN,PHI,79.8,78.8,"('Danny Wolf', ""Day'Ron Sharpe"", 'Nolan Traore', 'Tyrese Martin', 'Ziaire Williams')",2.2966666666666664,3,6,4,2,2,2,1,0,2,1,0,5.0,4.88,0.0,0.0,0.0,0.0,0.0,0.0,0.0,2.0,9.88,26
22500410,BKN,PHI,80.0,77.0,"('Danny Wolf', 'Nic Claxton', 'Nolan Traore', 'Tyrese Martin', 'Ziaire Williams')",0.9833333333333334,2,1,6,0,0,0,0,2,0,1,1,3.44,2.88,0.0,0.0,0.0,0.0,4.0,4.0,0.0,4.0,6.32,26
22500410,BKN,PHI,79.8,77.0,"('Danny Wolf', ""Day'Ron Sharpe"", 'Nolan Traore', 'Tyrese Martin', 'Ziaire Williams')",2.675,1,6,5,2,1,0,1,1,2,1,2,5.76,4.88,0.0,0.0,2.0,2.0,3.0,0.0,0.0,0.0,10.64,26
22500410,BKN,PHI,81.0,78.4,"('Egor Dëmin', 'Michael Porter Jr.', 'Nic Claxton', 'Noah Clowney', 'Terance Mann')",3.2666666666666675,1,1,6,2,3,0,1,2,1,3,1,7.44,7.88,0.0,0.0,0.0,0.0,0.0,0.0,2.0,0.0,15.32,26
22500410,BKN,PHI,80.4,78.4,"(""Day'Ron Sharpe"", 'Michael Porter Jr.', 'Noah Clowney', 'Nolan Traore', 'Ziaire Williams')",0.6833333333333333,1,2,2,1,0,1,0,1,0,1,0,2.0,1.88,0.0,0.0,0.0,2.0,0.0,0.0,0.0,0.0,3.88,26
22500410,BKN,PHI,81.2,79.6,"('Danny Wolf', 'Egor Dëmin', 'Michael Porter Jr.', 'Nic Claxton', 'Terance Mann')",1.3666666666666667,4,2,8,1,2,0,0,0,0,1,1,2.88,4.44,0.0,0.0,0.0,0.0,0.0,5.0,0.0,2.0,7.32,26
22500410,BKN,PHI,81.0,79.0,"('Egor Dëmin', 'Michael Porter Jr.', 'Nic Claxton', 'Noah Clowney', 'Terance Mann')",4.583333333333333,4,13,15,1,1,2,3,3,1,1,5,11.2,8.32,0.0,3.0,0.0,2.0,4.0,2.0,0.0,6.0,19.52,26
22500410,BKN,PHI,80.8,78.8,"('Egor Dëmin', 'Nic Claxton', 'Noah Clowney', 'Tyrese Martin', 'Ziaire Williams')",0.8500000000000001,4,0,3,0,2,0,0,0,0,1,0,1.0,1.44,0.0,0.0,0.0,0.0,2.0,0.0,2.0,2.0,2.44,26
22500410,BKN,PHI,80.8,78.2,"(""Day'Ron Sharpe"", 'Egor Dëmin', 'Michael Porter Jr.', 'Noah Clowney', 'Terance Mann')",0.0,2,0,0,0,0,0,0,0,0,0,0,0.0,0.0,0.0,0.0,0.0,0.0,0.0,0.0,0.0,0.0,0.0,26
22500410,BKN,PHI,81.2,79.0,"('Danny Wolf', ""Day'Ron Sharpe"", 'Michael Porter Jr.', 'Terance Mann', 'Ziaire Williams')",0.1183333333333333,2,0,0,0,1,0,0,0,1,0,0,1.0,2.0,0.0,0.0,0.0,0.0,0.0,0.0,0.0,0.0,3.0,26
22500410,BKN,PHI,81.0,78.2,"('Egor Dëmin', 'Michael Porter Jr.', 'Nic Claxton', 'Noah Clowney', 'Terance Mann')",5.116666666666666,2,17,9,4,6,5,2,1,1,2,4,12.32,11.88,4.0,2.0,0.0,8.0,0.0,0.0,2.0,4.0,24.200000000000003,26
22500410,BKN,PHI,81.8,77.0,"('Danny Wolf', 'Egor Dëmin', 'Nic Claxton', 'Noah Clowney', 'Ziaire Williams')",2.5666666666666664,2,6,5,4,1,2,2,2,0,1,0,5.0,5.0,0.0,0.0,0.0,0.0,2.0,0.0,0.0,2.0,10.0,26
22500410,BKN,PHI,81.0,79.2,"('Egor Dëmin', 'Michael Porter Jr.', 'Nic Claxton', 'Noah Clowney', 'Terance Mann')",6.9999999999999964,3,16,11,7,12,4,0,4,3,4,4,15.88,14.2,2.0,2.0,0.0,4.0,2.0,0.0,6.0,6.0,30.08,26
22500410,BKN,PHI,79.6,80.0,"(""Day'Ron Sharpe"", 'Michael Porter Jr.', 'Nolan Traore', 'Tyrese Martin', 'Ziaire Williams')",0.3733333333333333,3,0,3,0,1,0,1,0,0,0,0,1.0,1.0,0.0,0.0,0.0,0.0,0.0,0.0,0.0,0.0,2.0,26
22500410,BKN,PHI,81.2,79.2,"('Danny Wolf', 'Egor Dëmin', 'Michael Porter Jr.', 'Nic Claxton', 'Terance Mann')",0.8333333333333334,3,1,2,1,2,0,1,0,0,0,1,2.44,3.0,0.0,0.0,0.0,0.0,0.0,0.0,0.0,2.0,5.44,26
22500410,BKN,PHI,81.0,79.0,"('Danny Wolf', ""Day'Ron Sharpe"", 'Egor Dëmin', 'Michael Porter Jr.', 'Terance Mann')",3.1133333333333333,2,12,10,2,1,2,1,0,0,3,3,7.76,5.640000000000001,3.0,0.0,3.0,2.0,0.0,0.0,0.0,4.0,13.4,26
22500410,BKN,PHI,79.8,78.8,"('Danny Wolf', ""Day'Ron Sharpe"", 'Nolan Traore', 'Tyrese Martin', 'Ziaire Williams')",4.783333333333333,4,10,3,6,4,2,0,1,1,3,2,8.32,9.44,0.0,0.0,0.0,4.0,0.0,0.0,2.0,2.0,17.759999999999998,26
22500410,BKN,PHI,80.6,79.2,"('Danny Wolf', ""Day'Ron Sharpe"", 'Michael Porter Jr.', 'Nolan Traore', 'Ziaire Williams')",1.2499999999999998,3,3,0,1,1,1,0,0,2,0,0,2.0,3.0,0.0,3.0,0.0,0.0,0.0,0.0,0.0,0.0,5.0,26
22500439,BKN,MIN,78.8,77.6,"('Cam Thomas', 'Egor Dëmin', 'Michael Porter Jr.', 'Noah Clowney', 'Nolan Traore')",0.0,3,0,0,0,0,0,0,0,0,0,0,0.0,0.0,0.0,0.0,0.0,0.0,0.0,0.0,0.0,0.0,0.0,27
22500439,BKN,MIN,81.0,77.8,"('Egor Dëmin', 'Michael Porter Jr.', 'Nic Claxton', 'Noah Clowney', 'Terance Mann')",5.683333333333333,3,15,8,6,4,3,3,3,1,2,4,12.2,11.44,3.0,3.0,0.0,2.0,0.0,0.0,2.0,4.0,23.64,27
22500439,BKN,MIN,80.4,79.8,"('Drake Powell', 'Michael Porter Jr.', 'Nic Claxton', 'Noah Clowney', 'Terance Mann')",1.9500000000000004,4,2,3,1,2,0,1,0,0,2,1,3.0,2.44,0.0,0.0,0.0,2.0,0.0,0.0,2.0,2.0,5.44,27
22500439,BKN,MIN,79.8,80.8,"('Danny Wolf', ""Day'Ron Sharpe"", 'Drake Powell', 'Noah Clowney', 'Nolan Traore')",0.8,4,0,2,2,0,0,1,2,0,2,0,2.0,3.0,0.0,0.0,0.0,0.0,2.0,2.0,0.0,2.0,5.0,27
22500439,BKN,MIN,78.4,78.6,"('Cam Thomas', 'Danny Wolf', ""Day'Ron Sharpe"", 'Drake Powell', 'Nolan Traore')",2.475,3,12,6,3,1,4,2,0,0,2,1,6.32,6.88,3.0,0.0,0.0,6.0,0.0,0.0,0.0,4.0,13.2,27
22500439,BKN,MIN,79.2,77.6,"('Cam Thomas', ""Day'Ron Sharpe"", 'Michael Porter Jr.', 'Noah Clowney', 'Nolan Traore')",0.7999999999999999,3,3,0,2,0,1,0,0,0,0,0,2.0,2.0,0.0,0.0,0.0,0.0,0.0,0.0,0.0,0.0,4.0,27
22500439,BKN,MIN,81.0,79.2,"('Egor Dëmin', 'Michael Porter Jr.', 'Nic Claxton', 'Noah Clowney', 'Terance Mann')",6.976666666666667,2,16,22,4,5,4,7,2,1,1,5,14.76,12.0,0.0,2.0,0.0,12.0,2.0,0.0,2.0,10.0,26.76,27
22500439,BKN,MIN,80.4,79.4,"('Cam Thomas', 'Egor Dëmin', 'Michael Porter Jr.', 'Nic Claxton', 'Noah Clowney')",1.1,1,0,5,0,1,0,1,1,0,0,1,2.0,2.0,0.0,0.0,0.0,0.0,3.0,3.0,0.0,2.0,4.0,27
22500439,BKN,MIN,78.4,77.8,"('Cam Thomas', 'Danny Wolf', ""Day'Ron Sharpe"", 'Drake Powell', 'Nolan Traore')",2.841666666666667,1,15,8,1,1,4,2,0,1,1,2,6.88,7.32,2.0,2.0,0.0,10.0,0.0,0.0,0.0,2.0,14.2,27
22500439,BKN,MIN,81.0,79.8,"('Egor Dëmin', 'Michael Porter Jr.', 'Nic Claxton', 'Noah Clowney', 'Terance Mann')",6.300000000000001,1,15,15,5,5,5,4,2,3,2,1,14.0,14.32,4.0,0.0,0.0,12.0,2.0,2.0,0.0,6.0,28.32,27
22500439,BKN,MIN,79.8,79.4,"('Drake Powell', 'Michael Porter Jr.', 'Nic Claxton', 'Noah Clowney', 'Nolan Traore')",0.6333333333333333,2,0,2,0,1,0,0,0,0,0,0,1.0,2.0,0.0,0.0,0.0,0.0,0.0,2.0,0.0,2.0,3.0,27
22500439,BKN,MIN,79.4,78.6,"('Cam Thomas', 'Michael Porter Jr.', 'Nic Claxton', 'Noah Clowney', 'Nolan Traore')",0.5833333333333334,1,0,2,0,1,0,0,0,0,0,0,1.0,1.0,0.0,0.0,0.0,0.0,0.0,0.0,0.0,2.0,2.0,27
22500439,BKN,MIN,79.4,77.8,"('Cam Thomas', 'Danny Wolf', ""Day'Ron Sharpe"", 'Michael Porter Jr.', 'Nolan Traore')",1.0666666666666669,1,3,0,0,1,1,0,1,0,1,1,2.44,1.0,0.0,0.0,0.0,2.0,0.0,0.0,0.0,0.0,3.44,27
22500439,BKN,MIN,79.0,78.0,"('Danny Wolf', ""Day'Ron Sharpe"", 'Drake Powell', 'Jalen Wilson', 'Nolan Traore')",0.5783333333333334,4,0,4,0,1,0,1,0,0,0,0,1.0,1.44,0.0,0.0,0.0,0.0,0.0,0.0,0.0,0.0,2.44,27
22500439,BKN,MIN,78.4,79.4,"('Cam Thomas', 'Danny Wolf', ""Day'Ron Sharpe"", 'Drake Powell', 'Nolan Traore')",2.5000000000000004,2,9,4,3,2,3,1,0,0,3,0,5.0,3.88,0.0,0.0,2.0,6.0,0.0,0.0,0.0,2.0,8.879999999999999,27
22500439,BKN,MIN,80.6,79.0,"('Danny Wolf', 'Drake Powell', 'Nic Claxton', 'Noah Clowney', 'Terance Mann')",0.1016666666666666,2,0,0,0,0,0,0,0,0,0,0,0.0,1.0,0.0,0.0,0.0,0.0,0.0,0.0,0.0,0.0,1.0,27
22500439,BKN,MIN,79.8,79.4,"('Danny Wolf', ""Day'Ron Sharpe"", 'Drake Powell', 'Noah Clowney', 'Nolan Traore')",1.7,2,4,5,1,2,1,1,1,1,0,0,4.0,4.0,2.0,0.0,0.0,4.0,0.0,0.0,0.0,2.0,8.0,27
22500439,BKN,MIN,80.4,77.6,"('Cam Thomas', 'Egor Dëmin', 'Michael Porter Jr.', 'Nic Claxton', 'Noah Clowney')",2.233333333333333,3,5,7,2,2,1,1,0,0,2,0,4.0,5.44,0.0,0.0,0.0,2.0,0.0,0.0,0.0,6.0,9.44,27
22500439,BKN,MIN,79.4,78.4,"('Cam Thomas', 'Danny Wolf', ""Day'Ron Sharpe"", 'Michael Porter Jr.', 'Nolan Traore')",0.7333333333333334,3,1,2,0,1,0,0,0,0,0,1,1.44,1.0,0.0,0.0,0.0,0.0,0.0,0.0,0.0,0.0,2.44,27
22500439,BKN,MIN,80.4,79.8,"('Cam Thomas', 'Egor Dëmin', 'Michael Porter Jr.', 'Nic Claxton', 'Noah Clowney')",2.116666666666667,4,9,1,5,1,2,0,0,0,0,1,4.88,4.44,0.0,0.0,2.0,4.0,0.0,0.0,0.0,0.0,9.32,27
22500439,BKN,MIN,81.0,78.0,"('Egor Dëmin', 'Michael Porter Jr.', 'Nic Claxton', 'Noah Clowney', 'Terance Mann')",2.6666666666666665,4,6,7,3,1,2,1,2,0,3,0,5.0,5.76,0.0,0.0,3.0,0.0,0.0,0.0,0.0,0.0,10.76,27
22500439,BKN,MIN,78.4,80.8,"('Cam Thomas', 'Danny Wolf', ""Day'Ron Sharpe"", 'Drake Powell', 'Nolan Traore')",3.133333333333333,4,8,4,1,2,1,1,1,4,1,2,6.88,8.440000000000001,0.0,2.0,0.0,4.0,0.0,0.0,0.0,0.0,15.32,27
22500449,BKN,GSW,79.4,77.6,"('Cam Thomas', 'Danny Wolf', ""Day'Ron Sharpe"", 'Michael Porter Jr.', 'Nolan Traore')",0.8,1,0,2,0,1,0,1,0,0,0,0,2.0,1.0,0.0,0.0,0.0,0.0,0.0,0.0,0.0,2.0,3.0,28
22500449,BKN,GSW,80.4,76.0,"('Drake Powell', 'Michael Porter Jr.', 'Nic Claxton', 'Noah Clowney', 'Terance Mann')",1.0333333333333332,2,2,2,1,1,0,1,0,1,0,1,2.0,3.0,0.0,2.0,0.0,2.0,0.0,0.0,0.0,2.0,5.0,28
22500449,BKN,GSW,79.8,75.4,"('Drake Powell', 'Michael Porter Jr.', 'Nic Claxton', 'Noah Clowney', 'Nolan Traore')",0.8999999999999999,2,2,4,2,0,1,1,1,0,1,0,2.0,2.44,0.0,0.0,0.0,2.0,3.0,0.0,0.0,0.0,4.44,28
22500449,BKN,GSW,81.2,75.8,"('Danny Wolf', 'Egor Dëmin', 'Michael Porter Jr.', 'Nic Claxton', 'Terance Mann')",1.7333333333333338,3,7,1,4,0,1,0,1,1,1,1,3.88,3.44,0.0,0.0,3.0,2.0,0.0,0.0,0.0,0.0,7.32,28
22500449,BKN,GSW,80.6,76.4,"('Cam Thomas', 'Danny Wolf', 'Egor Dëmin', 'Michael Porter Jr.', 'Nic Claxton')",3.5333333333333323,3,9,12,2,3,2,2,0,2,1,1,8.0,7.88,2.0,2.0,0.0,6.0,3.0,0.0,0.0,4.0,15.88,28
22500449,BKN,GSW,81.0,76.6,"('Egor Dëmin', 'Michael Porter Jr.', 'Nic Claxton', 'Noah Clowney', 'Terance Mann')",3.1,3,5,4,2,3,1,0,1,0,3,2,6.0,6.88,0.0,2.0,0.0,0.0,0.0,0.0,0.0,2.0,12.88,28
22500449,BKN,GSW,78.4,76.4,"('Cam Thomas', 'Danny Wolf', ""Day'Ron Sharpe"", 'Drake Powell', 'Nolan Traore')",1.6983333333333333,3,2,7,1,2,0,1,0,0,2,1,2.88,4.32,0.0,0.0,0.0,0.0,0.0,0.0,0.0,2.0,7.2,28
22500449,BKN,GSW,79.4,76.4,"('Cam Thomas', 'Danny Wolf', ""Day'Ron Sharpe"", 'Michael Porter Jr.', 'Nolan Traore')",1.5333333333333332,3,5,6,0,1,2,1,1,0,1,0,4.0,3.88,0.0,0.0,0.0,2.0,2.0,2.0,0.0,4.0,7.88,28
22500449,BKN,GSW,80.0,75.8,"('Drake Powell', 'Egor Dëmin', 'Michael Porter Jr.', 'Nic Claxton', 'Terance Mann')",4.3500000000000005,4,11,13,6,2,1,2,1,1,4,3,9.76,10.2,0.0,2.0,4.0,4.0,2.0,2.0,0.0,4.0,19.96,28
22500449,BKN,GSW,81.0,76.8,"('Egor Dëmin', 'Michael Porter Jr.', 'Nic Claxton', 'Noah Clowney', 'Terance Mann')",4.666666666666668,4,7,10,3,5,2,3,1,1,1,1,9.44,9.44,0.0,0.0,0.0,0.0,2.0,0.0,0.0,6.0,18.88,28
22500449,BKN,GSW,78.4,76.4,"('Cam Thomas', 'Danny Wolf', ""Day'Ron Sharpe"", 'Drake Powell', 'Nolan Traore')",1.4500000000000002,4,3,2,0,0,1,0,2,1,1,0,3.0,3.0,0.0,0.0,0.0,0.0,2.0,0.0,0.0,2.0,6.0,28
22500449,BKN,GSW,78.6,76.4,"('Cam Thomas', 'Danny Wolf', 'Drake Powell', 'Nic Claxton', 'Nolan Traore')",0.05,4,0,3,0,0,0,1,0,0,0,0,0.0,1.0,0.0,0.0,0.0,0.0,3.0,0.0,0.0,0.0,1.0,28
22500449,BKN,GSW,78.4,77.6,"('Cam Thomas', 'Danny Wolf', ""Day'Ron Sharpe"", 'Drake Powell', 'Nolan Traore')",2.716666666666666,1,2,6,1,4,0,0,1,0,3,0,5.0,4.76,0.0,0.0,0.0,2.0,0.0,2.0,0.0,2.0,9.76,28
22500449,BKN,GSW,81.0,76.4,"('Egor Dëmin', 'Michael Porter Jr.', 'Nic Claxton', 'Noah Clowney', 'Terance Mann')",6.583333333333333,1,23,15,2,8,7,4,0,4,2,3,13.88,13.88,6.0,4.0,0.0,6.0,0.0,5.0,2.0,4.0,27.76,28
22500449,BKN,GSW,78.2,77.0,"('Cam Thomas', ""Day'Ron Sharpe"", 'Drake Powell', 'Michael Porter Jr.', 'Nolan Traore')",0.0833333333333333,1,0,1,0,0,0,0,0,0,0,1,1.0,0.44,0.0,0.0,0.0,0.0,0.0,0.0,0.0,0.0,1.44,28
22500449,BKN,GSW,79.6,76.4,"('Cam Thomas', 'Danny Wolf', 'Nic Claxton', 'Noah Clowney', 'Nolan Traore')",0.9333333333333332,4,1,3,1,1,0,1,0,0,1,1,1.44,1.0,0.0,0.0,0.0,0.0,0.0,0.0,0.0,0.0,2.44,28
22500449,BKN,GSW,80.4,77.6,"('Cam Thomas', 'Egor Dëmin', 'Michael Porter Jr.', 'Nic Claxton', 'Noah Clowney')",1.55,1,5,4,1,0,1,1,1,1,1,1,3.0,4.0,3.0,2.0,0.0,2.0,2.0,2.0,0.0,4.0,7.0,28
22500449,BKN,GSW,81.0,77.2,"('Danny Wolf', 'Drake Powell', 'Egor Dëmin', 'Nic Claxton', 'Noah Clowney')",0.2,2,0,1,0,0,0,0,0,0,1,0,0.0,0.44,0.0,0.0,0.0,0.0,0.0,0.0,0.0,0.0,0.44,28
22500449,BKN,GSW,78.4,75.4,"('Cam Thomas', 'Danny Wolf', ""Day'Ron Sharpe"", 'Drake Powell', 'Nolan Traore')",3.533333333333333,2,9,11,3,2,1,3,1,0,2,2,7.44,6.88,0.0,0.0,0.0,0.0,0.0,0.0,0.0,6.0,14.32,28
22500449,BKN,GSW,79.4,76.4,"('Cam Thomas', 'Michael Porter Jr.', 'Nic Claxton', 'Noah Clowney', 'Nolan Traore')",0.4333333333333333,4,0,0,1,1,0,0,1,0,1,0,2.0,2.0,0.0,0.0,0.0,0.0,0.0,0.0,0.0,0.0,4.0,28
22500449,BKN,GSW,81.0,76.6,"('Egor Dëmin', 'Michael Porter Jr.', 'Nic Claxton', 'Noah Clowney', 'Terance Mann')",5.133333333333333,2,12,12,2,3,2,4,3,1,1,2,9.88,9.0,0.0,3.0,0.0,2.0,2.0,0.0,2.0,12.0,18.880000000000003,28
22500449,BKN,GSW,80.2,77.2,"('Danny Wolf', 'Drake Powell', 'Egor Dëmin', 'Nic Claxton', 'Terance Mann')",1.1666666666666667,2,2,1,2,3,0,0,0,0,0,1,2.88,3.44,0.0,0.0,0.0,0.0,0.0,0.0,0.0,0.0,6.32,28
22500471,BKN,HOU,79.2,79.0,"('Cam Thomas', 'Nic Claxton', 'Noah Clowney', 'Nolan Traore', 'Ziaire Williams')",1.1666666666666667,1,2,0,2,2,0,0,0,1,0,1,4.0,4.0,0.0,0.0,0.0,2.0,0.0,0.0,0.0,0.0,8.0,29
22500471,BKN,HOU,78.8,79.6,"('Cam Thomas', ""Day'Ron Sharpe"", 'Jalen Wilson', 'Tyrese Martin', 'Ziaire Williams')",1.0833333333333337,2,2,5,0,1,1,2,0,0,0,0,3.0,2.44,0.0,0.0,0.0,2.0,0.0,2.0,0.0,2.0,5.44,29
22500471,BKN,HOU,80.2,79.0,"('Danny Wolf', ""Day'Ron Sharpe"", 'Drake Powell', 'Tyrese Martin', 'Ziaire Williams')",0.0,2,0,0,0,0,0,0,0,0,0,0,0.0,0.0,0.0,0.0,0.0,0.0,0.0,0.0,0.0,0.0,0.0,29
22500471,BKN,HOU,77.6,79.0,"('Cam Thomas', ""Day'Ron Sharpe"", 'Jalen Wilson', 'Nolan Traore', 'Tyrese Martin')",3.666666666666667,2,8,10,4,2,0,3,0,0,3,2,5.88,6.0,0.0,0.0,4.0,6.0,0.0,0.0,0.0,4.0,11.88,29
22500471,BKN,HOU,81.2,80.8,"('Danny Wolf', 'Drake Powell', 'Nic Claxton', 'Noah Clowney', 'Ziaire Williams')",6.533333333333333,2,11,12,5,8,1,4,2,1,1,2,12.88,12.44,3.0,0.0,2.0,6.0,4.0,4.0,5.0,4.0,25.32,29
22500471,BKN,HOU,77.6,76.8,"('Cam Thomas', ""Day'Ron Sharpe"", 'Jalen Wilson', 'Nolan Traore', 'Tyrese Martin')",2.6666666666666665,1,2,4,1,2,0,1,2,1,2,0,4.0,5.88,0.0,0.0,0.0,2.0,2.0,0.0,0.0,2.0,9.88,29
22500471,BKN,HOU,81.2,81.6,"('Danny Wolf', 'Drake Powell', 'Nic Claxton', 'Noah Clowney', 'Ziaire Williams')",4.133333333333333,3,7,21,0,5,2,5,1,0,1,1,9.0,7.88,0.0,0.0,0.0,4.0,2.0,5.0,2.0,2.0,16.88,29
22500471,BKN,HOU,79.4,79.2,"('Cam Thomas', 'Danny Wolf', 'Nic Claxton', 'Nolan Traore', 'Ziaire Williams')",3.316666666666667,3,8,7,4,4,1,2,0,3,1,4,8.76,7.44,0.0,2.0,0.0,2.0,0.0,0.0,2.0,2.0,16.2,29
22500471,BKN,HOU,77.6,78.2,"('Cam Thomas', ""Day'Ron Sharpe"", 'Jalen Wilson', 'Nolan Traore', 'Tyrese Martin')",2.7466666666666666,3,6,7,2,1,2,2,1,0,1,1,4.44,5.44,0.0,0.0,3.0,2.0,2.0,0.0,0.0,6.0,9.88,29
22500471,BKN,HOU,80.8,81.6,"('Danny Wolf', 'Nic Claxton', 'Noah Clowney', 'Nolan Traore', 'Ziaire Williams')",1.4500000000000002,3,4,2,1,3,0,0,0,1,0,1,4.0,3.0,2.0,0.0,0.0,4.0,0.0,0.0,0.0,2.0,7.0,29
22500471,BKN,HOU,79.2,79.8,"(""Day'Ron Sharpe"", 'Drake Powell', 'Jalen Wilson', 'Tyrese Martin', 'Ziaire Williams')",0.2166666666666666,2,1,0,0,0,0,0,0,0,0,1,0.44,0.0,0.0,0.0,0.0,0.0,0.0,0.0,0.0,0.0,0.44,29
22500471,BKN,HOU,79.6,79.0,"('Cam Thomas', 'Drake Powell', 'Nic Claxton', 'Noah Clowney', 'Ziaire Williams')",1.2333333333333334,1,5,3,0,2,1,0,0,0,1,1,3.88,1.44,0.0,0.0,0.0,0.0,0.0,0.0,2.0,2.0,5.32,29
22500471,BKN,HOU,81.2,81.6,"('Danny Wolf', 'Drake Powell', 'Nic Claxton', 'Noah Clowney', 'Ziaire Williams')",5.2333333333333325,1,7,17,1,4,3,5,2,1,2,2,10.44,10.32,2.0,2.0,0.0,6.0,4.0,6.0,0.0,14.0,20.76,29
22500471,BKN,HOU,79.6,80.2,"('Danny Wolf', ""Day'Ron Sharpe"", 'Drake Powell', 'Jalen Wilson', 'Tyrese Martin')",2.5500000000000007,4,6,6,1,3,2,0,0,3,3,0,6.0,6.88,0.0,3.0,0.0,0.0,0.0,0.0,0.0,4.0,12.88,29
22500471,BKN,HOU,78.2,76.0,"('Danny Wolf', 'Drake Powell', 'Jalen Wilson', 'Nolan Traore', 'Tyrese Martin')",4.591666666666667,4,12,15,2,5,2,4,1,2,0,2,9.88,9.0,2.0,5.0,2.0,4.0,2.0,0.0,2.0,6.0,18.880000000000003,29
22500471,BKN,HOU,78.4,79.2,"('Cam Thomas', ""Day'Ron Sharpe"", 'Jalen Wilson', 'Noah Clowney', 'Nolan Traore')",3.8,4,8,9,2,2,2,0,2,1,1,3,7.44,8.0,3.0,0.0,0.0,4.0,5.0,0.0,2.0,0.0,15.44,29
22500471,BKN,HOU,78.6,79.2,"('Cam Thomas', 'Danny Wolf', ""Day'Ron Sharpe"", 'Jalen Wilson', 'Nolan Traore')",0.5333333333333333,4,3,0,1,0,0,0,1,0,1,0,2.0,1.0,0.0,0.0,0.0,0.0,0.0,0.0,0.0,0.0,3.0,29
22500471,BKN,HOU,79.0,78.2,"('Cam Thomas', ""Day'Ron Sharpe"", 'Noah Clowney', 'Nolan Traore', 'Ziaire Williams')",1.3833333333333333,1,4,2,1,1,1,0,1,0,0,1,2.88,2.0,0.0,0.0,0.0,2.0,0.0,0.0,2.0,2.0,4.88,29
22500477,BKN,WAS,81.0,78.8,"('Danny Wolf', ""Day'Ron Sharpe"", 'Egor Dëmin', 'Noah Clowney', 'Terance Mann')",4.633333333333333,1,11,15,2,3,3,2,2,0,2,2,11.0,8.440000000000001,2.0,0.0,0.0,8.0,4.0,0.0,0.0,2.0,19.44,30
22500477,BKN,WAS,78.6,78.8,"(""Day'Ron Sharpe"", 'Drake Powell', 'Nolan Traore', 'Tyrese Martin', 'Ziaire Williams')",1.1333333333333333,1,0,4,1,3,0,1,0,0,1,0,2.0,4.0,0.0,0.0,0.0,0.0,0.0,0.0,2.0,4.0,6.0,30
22500477,BKN,WAS,79.8,78.8,"('Danny Wolf', ""Day'Ron Sharpe"", 'Nolan Traore', 'Tyrese Martin', 'Ziaire Williams')",1.8333333333333333,1,4,4,2,4,1,1,0,0,0,0,4.44,5.0,0.0,0.0,0.0,0.0,0.0,2.0,2.0,4.0,9.44,30
22500477,BKN,WAS,80.8,78.8,"('Danny Wolf', 'Egor Dëmin', 'Noah Clowney', 'Terance Mann', 'Ziaire Williams')",1.9166666666666663,1,4,7,1,3,1,2,1,1,2,0,5.44,4.88,0.0,0.0,0.0,0.0,3.0,3.0,0.0,0.0,10.32,30
22500477,BKN,WAS,80.2,78.8,"('Danny Wolf', ""Day'Ron Sharpe"", 'Egor Dëmin', 'Jalen Wilson', 'Terance Mann')",2.4,2,4,5,4,3,0,1,1,1,1,0,5.0,5.44,0.0,0.0,4.0,4.0,2.0,0.0,0.0,4.0,10.44,30
22500477,BKN,WAS,81.0,78.8,"('Danny Wolf', ""Day'Ron Sharpe"", 'Egor Dëmin', 'Noah Clowney', 'Terance Mann')",1.8833333333333333,2,3,6,2,1,0,1,1,0,0,3,3.3200000000000003,4.0,0.0,0.0,0.0,0.0,0.0,0.0,0.0,4.0,7.32,30
22500477,BKN,WAS,80.0,79.2,"('Danny Wolf', ""Day'Ron Sharpe"", 'Jalen Wilson', 'Noah Clowney', 'Nolan Traore')",1.5500000000000005,2,4,2,1,3,1,0,0,1,0,0,4.0,3.0,4.0,2.0,0.0,4.0,0.0,0.0,2.0,2.0,7.0,30
22500477,BKN,WAS,80.2,78.8,"('Danny Wolf', 'Egor Dëmin', 'Jalen Wilson', 'Noah Clowney', 'Terance Mann')",0.8666666666666667,2,0,2,1,1,0,1,2,1,1,0,3.0,2.0,0.0,0.0,0.0,0.0,2.0,0.0,0.0,2.0,5.0,30
22500477,BKN,WAS,79.2,78.8,"('Danny Wolf', ""Day'Ron Sharpe"", 'Jalen Wilson', 'Nolan Traore', 'Terance Mann')",1.1883333333333332,2,4,3,1,1,2,1,0,0,0,0,3.0,2.44,0.0,0.0,0.0,4.0,0.0,0.0,0.0,2.0,5.44,30
22500477,BKN,WAS,79.8,78.4,"('Danny Wolf', 'Noah Clowney', 'Nolan Traore', 'Terance Mann', 'Ziaire Williams')",0.4166666666666666,1,1,0,1,0,0,0,0,0,0,1,0.44,1.0,0.0,0.0,0.0,0.0,0.0,0.0,0.0,0.0,1.44,30
22500477,BKN,WAS,79.8,78.0,"('Danny Wolf', 'Noah Clowney', 'Nolan Traore', 'Tyrese Martin', 'Ziaire Williams')",0.5833333333333334,1,2,2,1,0,0,0,0,0,0,1,0.88,1.0,0.0,0.0,0.0,0.0,0.0,0.0,0.0,2.0,1.88,30
22500477,BKN,WAS,78.6,78.8,"(""Day'Ron Sharpe"", 'Drake Powell', 'Jalen Wilson', 'Nolan Traore', 'Ziaire Williams')",4.0,2,11,9,1,1,2,2,1,2,0,1,6.88,8.0,2.0,0.0,0.0,4.0,3.0,0.0,0.0,6.0,14.88,30
22500477,BKN,WAS,81.0,78.8,"('Danny Wolf', ""Day'Ron Sharpe"", 'Egor Dëmin', 'Noah Clowney', 'Terance Mann')",4.466666666666665,3,8,9,5,5,1,2,1,3,2,3,9.76,11.44,4.0,2.0,0.0,4.0,0.0,3.0,2.0,2.0,21.2,30
22500477,BKN,WAS,79.6,78.4,"('Danny Wolf', 'Drake Powell', 'Noah Clowney', 'Nolan Traore', 'Ziaire Williams')",0.8666666666666666,3,3,2,0,0,1,1,0,1,0,1,1.0,2.0,0.0,3.0,0.0,0.0,0.0,0.0,0.0,2.0,3.0,30
22500477,BKN,WAS,78.6,78.4,"('Drake Powell', 'Noah Clowney', 'Nolan Traore', 'Tyrese Martin', 'Ziaire Williams')",1.2816666666666665,1,2,5,1,1,1,1,1,0,1,0,4.0,2.88,0.0,0.0,0.0,2.0,3.0,0.0,0.0,0.0,6.88,30
22500477,BKN,WAS,78.6,78.8,"(""Day'Ron Sharpe"", 'Drake Powell', 'Jalen Wilson', 'Nolan Traore', 'Ziaire Williams')",1.4833333333333334,4,2,4,0,2,0,0,2,1,0,1,3.88,4.0,0.0,0.0,0.0,0.0,0.0,0.0,2.0,2.0,7.88,30
22500477,BKN,WAS,80.6,78.4,"('Danny Wolf', 'Drake Powell', 'Egor Dëmin', 'Noah Clowney', 'Ziaire Williams')",0.6,4,2,2,0,1,0,0,0,1,0,1,2.0,2.0,0.0,0.0,0.0,2.0,0.0,0.0,0.0,0.0,4.0,30
22500477,BKN,WAS,79.6,78.8,"('Danny Wolf', 'Drake Powell', 'Noah Clowney', 'Nolan Traore', 'Ziaire Williams')",0.5166666666666666,4,0,3,0,0,0,1,0,0,0,1,0.0,1.0,0.0,0.0,0.0,0.0,3.0,0.0,0.0,0.0,1.0,30
22500477,BKN,WAS,79.0,78.2,"('Danny Wolf', 'Drake Powell', 'E.J. Liddell', 'Noah Clowney', 'Nolan Traore')",0.0,4,0,0,0,0,0,0,0,0,0,0,0.0,0.0,0.0,0.0,0.0,0.0,0.0,0.0,0.0,0.0,0.0,30
22500477,BKN,WAS,80.0,78.8,"('Danny Wolf', 'Drake Powell', 'Egor Dëmin', 'Noah Clowney', 'Terance Mann')",3.6,4,11,9,4,2,3,2,1,1,5,1,7.88,6.76,2.0,2.0,0.0,4.0,0.0,0.0,0.0,2.0,14.64,30
22500477,BKN,WAS,80.2,78.4,"('Danny Wolf', 'Egor Dëmin', 'Noah Clowney', 'Nolan Traore', 'Ziaire Williams')",2.533333333333334,4,8,0,4,2,2,0,0,1,0,0,6.0,5.0,2.0,0.0,0.0,8.0,0.0,0.0,0.0,0.0,11.0,30
22500477,BKN,WAS,78.6,78.8,"(""Day'Ron Sharpe"", 'Drake Powell', 'Jalen Wilson', 'Nolan Traore', 'Ziaire Williams')",3.414999999999999,3,8,9,0,4,1,1,3,3,0,2,9.76,8.0,2.0,2.0,0.0,4.0,4.0,0.0,4.0,6.0,17.759999999999998,30
22500477,BKN,WAS,79.8,78.2,"('Danny Wolf', 'Noah Clowney', 'Nolan Traore', 'Terance Mann', 'Ziaire Williams')",0.1833333333333333,3,0,0,0,0,0,0,0,0,1,0,0.0,1.0,0.0,0.0,0.0,0.0,0.0,0.0,0.0,0.0,1.0,30
22500477,BKN,WAS,78.6,77.4,"('Danny Wolf', 'Drake Powell', 'E.J. Liddell', 'Egor Dëmin', 'Nolan Traore')",2.4483333333333333,4,3,5,1,4,0,1,0,0,0,2,5.32,4.44,0.0,0.0,0.0,0.0,0.0,0.0,2.0,4.0,9.760000000000002,30
22500477,BKN,WAS,78.6,78.4,"('Drake Powell', 'Jalen Wilson', 'Noah Clowney', 'Nolan Traore', 'Ziaire Williams')",1.2833333333333334,3,0,7,0,3,0,3,0,0,0,0,4.0,3.0,0.0,0.0,0.0,0.0,0.0,0.0,0.0,4.0,7.0,30
22500477,BKN,WAS,80.8,78.8,"('Danny Wolf', ""Day'Ron Sharpe"", 'Egor Dëmin', 'Terance Mann', 'Ziaire Williams')",1.5666666666666669,3,4,5,0,4,1,0,0,1,0,0,4.0,4.44,0.0,2.0,0.0,4.0,0.0,0.0,0.0,4.0,8.440000000000001,30
22500496,BKN,DEN,80.8,78.0,"(""Day'Ron Sharpe"", 'Egor Dëmin', 'Michael Porter Jr.', 'Noah Clowney', 'Terance Mann')",4.763333333333334,2,14,8,4,1,4,2,1,2,5,1,9.32,10.76,2.0,2.0,2.0,8.0,0.0,0.0,0.0,4.0,20.08,31
22500496,BKN,DEN,79.0,78.2,"('Cam Thomas', ""Day'Ron Sharpe"", 'Michael Porter Jr.', 'Nolan Traore', 'Ziaire Williams')",0.8000000000000002,1,4,2,0,0,1,1,0,1,0,1,1.88,2.0,0.0,0.0,0.0,2.0,0.0,0.0,0.0,2.0,3.88,31
22500496,BKN,DEN,78.2,77.8,"('Cam Thomas', 'Danny Wolf', 'Drake Powell', 'Nolan Traore', 'Ziaire Williams')",4.500000000000001,2,6,9,4,7,2,3,1,1,1,2,10.88,8.88,0.0,0.0,0.0,4.0,3.0,0.0,2.0,4.0,19.76,31
22500496,BKN,DEN,79.4,78.0,"(""Day'Ron Sharpe"", 'Drake Powell', 'Noah Clowney', 'Nolan Traore', 'Ziaire Williams')",0.1366666666666667,2,0,2,0,0,0,0,0,0,0,0,0.0,1.0,0.0,0.0,0.0,0.0,2.0,0.0,0.0,0.0,1.0,31
22500496,BKN,DEN,80.8,78.8,"(""Day'Ron Sharpe"", 'Egor Dëmin', 'Michael Porter Jr.', 'Noah Clowney', 'Terance Mann')",4.466666666666667,3,18,10,6,1,5,3,0,0,1,2,8.32,7.44,0.0,0.0,5.0,6.0,0.0,0.0,0.0,6.0,15.760000000000002,31
22500496,BKN,DEN,79.2,77.8,"('Cam Thomas', 'Danny Wolf', 'Michael Porter Jr.', 'Nolan Traore', 'Ziaire Williams')",0.7333333333333333,3,3,0,1,1,1,0,0,0,0,0,2.0,2.0,0.0,0.0,0.0,0.0,0.0,0.0,0.0,0.0,4.0,31
22500496,BKN,DEN,77.6,77.2,"('Cam Thomas', 'Danny Wolf', 'Drake Powell', 'Nolan Traore', 'Terance Mann')",2.1833333333333336,4,5,4,3,1,0,1,0,0,0,1,4.44,4.0,4.0,0.0,0.0,4.0,0.0,0.0,0.0,2.0,8.440000000000001,31
22500496,BKN,DEN,78.2,78.6,"('Cam Thomas', 'Danny Wolf', 'Drake Powell', 'Nolan Traore', 'Ziaire Williams')",2.75,4,7,6,2,2,2,2,0,1,1,3,5.88,5.0,0.0,2.0,2.0,2.0,0.0,0.0,0.0,0.0,10.88,31
22500496,BKN,DEN,80.8,78.2,"(""Day'Ron Sharpe"", 'Egor Dëmin', 'Michael Porter Jr.', 'Noah Clowney', 'Terance Mann')",5.311666666666666,4,13,18,6,4,3,2,3,0,4,4,14.2,14.64,0.0,0.0,2.0,8.0,2.0,4.0,0.0,8.0,28.84,31
22500496,BKN,DEN,78.2,78.2,"('Cam Thomas', 'Danny Wolf', 'Drake Powell', 'Nolan Traore', 'Ziaire Williams')",2.8666666666666663,3,8,11,3,4,0,3,1,0,4,2,6.32,10.32,0.0,0.0,2.0,2.0,2.0,2.0,4.0,8.0,16.64,31
22500496,BKN,DEN,81.4,78.8,"(""Day'Ron Sharpe"", 'Egor Dëmin', 'Michael Porter Jr.', 'Noah Clowney', 'Ziaire Williams')",2.3666666666666667,3,7,4,2,2,2,1,1,0,0,1,4.0,3.44,3.0,0.0,0.0,4.0,3.0,0.0,3.0,0.0,7.439999999999999,31
22500496,BKN,DEN,80.0,77.8,"('Cam Thomas', ""Day'Ron Sharpe"", 'Egor Dëmin', 'Michael Porter Jr.', 'Ziaire Williams')",1.383333333333333,3,5,7,0,0,1,2,0,0,1,0,2.0,3.0,0.0,0.0,0.0,2.0,0.0,0.0,0.0,4.0,5.0,31
22500496,BKN,DEN,80.4,77.8,"(""Day'Ron Sharpe"", 'Michael Porter Jr.', 'Noah Clowney', 'Nolan Traore', 'Ziaire Williams')",0.2666666666666666,1,1,0,0,0,0,0,0,0,0,1,0.44,0.0,0.0,0.0,0.0,0.0,0.0,0.0,0.0,0.0,0.44,31
22500496,BKN,DEN,80.8,78.4,"(""Day'Ron Sharpe"", 'Egor Dëmin', 'Michael Porter Jr.', 'Noah Clowney', 'Terance Mann')",7.449999999999998,1,20,14,9,6,5,4,1,3,2,4,14.64,15.88,5.0,4.0,0.0,6.0,0.0,7.0,2.0,6.0,30.520000000000003,31
22500496,BKN,DEN,79.8,77.2,"('Cam Thomas', ""Day'Ron Sharpe"", 'Michael Porter Jr.', 'Noah Clowney', 'Terance Mann')",1.3333333333333337,4,2,3,1,1,0,0,0,0,1,0,2.0,2.44,0.0,0.0,0.0,2.0,0.0,0.0,0.0,0.0,4.44,31
22500496,BKN,DEN,78.2,78.2,"('Cam Thomas', 'Danny Wolf', 'Drake Powell', 'Nolan Traore', 'Ziaire Williams')",2.795,1,8,13,0,1,2,4,0,0,1,0,5.0,5.44,0.0,0.0,0.0,2.0,2.0,0.0,0.0,6.0,10.44,31
22500496,BKN,DEN,79.6,79.0,"('Cam Thomas', ""Day'Ron Sharpe"", 'Drake Powell', 'Michael Porter Jr.', 'Noah Clowney')",2.2333333333333334,2,6,3,3,1,1,1,0,0,0,2,4.32,4.0,0.0,0.0,0.0,0.0,0.0,0.0,0.0,0.0,8.32,31
22500496,BKN,DEN,80.2,78.0,"(""Day'Ron Sharpe"", 'Egor Dëmin', 'Michael Porter Jr.', 'Noah Clowney', 'Nolan Traore')",0.2633333333333333,2,0,1,0,0,0,0,1,0,1,0,1.0,0.44,0.0,0.0,0.0,0.0,0.0,0.0,0.0,0.0,1.44,31
22500496,BKN,DEN,79.2,78.2,"('Cam Thomas', 'Danny Wolf', ""Day'Ron Sharpe"", 'Nolan Traore', 'Ziaire Williams')",0.6499999999999999,1,0,0,0,1,0,0,1,1,0,0,2.0,1.0,0.0,0.0,0.0,0.0,0.0,0.0,0.0,0.0,3.0,31
22500521,BKN,ORL,82.0,80.8,"('Danny Wolf', 'Egor Dëmin', 'Michael Porter Jr.', 'Nic Claxton', 'Noah Clowney')",1.2,1,5,0,2,0,1,0,1,2,0,0,3.0,3.0,2.0,2.0,3.0,2.0,0.0,0.0,0.0,0.0,6.0,32
22500521,BKN,ORL,79.6,80.4,"('Cam Thomas', ""Day'Ron Sharpe"", 'Drake Powell', 'Michael Porter Jr.', 'Noah Clowney')",0.0,2,0,0,0,0,0,0,0,0,0,0,0.0,0.0,0.0,0.0,0.0,0.0,0.0,0.0,0.0,0.0,0.0,32
22500521,BKN,ORL,81.4,80.4,"(""Day'Ron Sharpe"", 'Egor Dëmin', 'Michael Porter Jr.', 'Noah Clowney', 'Ziaire Williams')",3.455,2,6,7,1,3,2,2,1,2,1,2,7.0,7.44,0.0,0.0,0.0,0.0,2.0,0.0,0.0,6.0,14.44,32
22500521,BKN,ORL,81.2,80.4,"('Danny Wolf', ""Day'Ron Sharpe"", 'Drake Powell', 'Michael Porter Jr.', 'Noah Clowney')",0.3866666666666666,2,1,0,1,1,0,0,0,0,0,0,0.44,1.0,0.0,0.0,0.0,0.0,0.0,0.0,0.0,0.0,1.44,32
22500521,BKN,ORL,80.4,80.4,"('Cam Thomas', 'Danny Wolf', ""Day'Ron Sharpe"", 'Egor Dëmin', 'Michael Porter Jr.')",0.0,2,0,0,0,0,0,0,0,0,0,0,0.0,0.0,0.0,0.0,0.0,0.0,0.0,0.0,0.0,0.0,0.0,32
22500521,BKN,ORL,80.6,80.6,"('Cam Thomas', 'Danny Wolf', 'Egor Dëmin', 'Michael Porter Jr.', 'Nic Claxton')",1.0,2,1,5,0,2,0,1,1,0,0,0,1.44,2.0,0.0,0.0,0.0,0.0,3.0,0.0,3.0,0.0,3.44,32
22500521,BKN,ORL,80.2,80.4,"('Cam Thomas', ""Day'Ron Sharpe"", 'Egor Dëmin', 'Michael Porter Jr.', 'Noah Clowney')",1.783333333333333,2,2,2,2,2,0,0,1,1,1,0,4.0,2.88,0.0,0.0,2.0,2.0,0.0,0.0,0.0,0.0,6.88,32
22500521,BKN,ORL,78.6,78.8,"('Cam Thomas', 'Danny Wolf', 'Drake Powell', 'Nic Claxton', 'Nolan Traore')",4.833333333333334,2,10,13,4,3,2,4,1,1,2,3,10.44,9.32,0.0,0.0,2.0,6.0,3.0,0.0,0.0,4.0,19.76,32
22500521,BKN,ORL,81.4,80.2,"(""Day'Ron Sharpe"", 'Egor Dëmin', 'Michael Porter Jr.', 'Noah Clowney', 'Ziaire Williams')",6.266666666666668,3,12,15,4,5,4,3,4,4,4,1,14.0,13.32,0.0,5.0,0.0,4.0,7.0,0.0,0.0,6.0,27.32,32
22500521,BKN,ORL,78.6,78.6,"('Cam Thomas', 'Danny Wolf', 'Drake Powell', 'Nic Claxton', 'Nolan Traore')",2.1666666666666665,3,6,7,2,4,1,2,1,0,0,2,5.32,4.0,0.0,0.0,0.0,0.0,0.0,0.0,2.0,4.0,9.32,32
22500521,BKN,ORL,78.4,80.6,"('Cam Thomas', 'Drake Powell', 'Michael Porter Jr.', 'Nic Claxton', 'Nolan Traore')",3.2,3,3,9,3,6,0,2,0,0,2,2,5.44,7.0,0.0,0.0,0.0,2.0,0.0,0.0,2.0,4.0,12.44,32
22500521,BKN,ORL,79.6,79.2,"('Cam Thomas', 'Danny Wolf', 'Michael Porter Jr.', 'Nic Claxton', 'Nolan Traore')",0.0833333333333333,1,0,0,0,0,0,0,0,0,0,0,1.0,0.0,0.0,0.0,0.0,0.0,0.0,0.0,0.0,0.0,1.0,32
22500521,BKN,ORL,80.8,80.2,"(""Day'Ron Sharpe"", 'Drake Powell', 'Michael Porter Jr.', 'Noah Clowney', 'Ziaire Williams')",0.06,5,0,3,0,0,0,1,0,0,1,0,0.0,1.0,0.0,0.0,0.0,0.0,0.0,0.0,0.0,0.0,1.0,32
22500521,BKN,ORL,81.4,80.0,"(""Day'Ron Sharpe"", 'Egor Dëmin', 'Michael Porter Jr.', 'Noah Clowney', 'Ziaire Williams')",4.8116666666666665,5,10,8,2,6,1,2,1,2,1,2,10.44,10.0,0.0,3.0,0.0,0.0,0.0,0.0,2.0,8.0,20.44,32
22500521,BKN,ORL,81.4,78.2,"(""Day'Ron Sharpe"", 'Egor Dëmin', 'Michael Porter Jr.', 'Noah Clowney', 'Ziaire Williams')",5.253333333333334,4,17,6,6,0,3,1,3,2,1,2,10.76,9.88,0.0,4.0,3.0,4.0,2.0,0.0,0.0,2.0,20.64,32
22500521,BKN,ORL,78.6,78.6,"('Cam Thomas', 'Danny Wolf', 'Drake Powell', 'Nic Claxton', 'Nolan Traore')",3.75,4,7,6,5,3,3,2,1,0,1,1,5.0,7.0,0.0,0.0,3.0,4.0,2.0,0.0,0.0,6.0,12.0,32
22500521,BKN,ORL,81.4,80.8,"(""Day'Ron Sharpe"", 'Egor Dëmin', 'Michael Porter Jr.', 'Noah Clowney', 'Ziaire Williams')",6.9,1,14,17,3,8,3,6,2,3,2,3,13.88,15.0,0.0,0.0,2.0,4.0,0.0,4.0,4.0,10.0,28.880000000000003,32
22500521,BKN,ORL,78.6,79.0,"('Cam Thomas', 'Danny Wolf', 'Drake Powell', 'Nic Claxton', 'Nolan Traore')",3.12,1,4,4,5,9,1,1,1,0,1,0,6.0,4.88,0.0,0.0,2.0,4.0,0.0,0.0,0.0,2.0,10.88,32
22500521,BKN,ORL,80.6,80.6,"('Cam Thomas', 'Danny Wolf', 'Egor Dëmin', 'Michael Porter Jr.', 'Nic Claxton')",0.4833333333333333,1,0,0,1,1,0,0,0,0,0,0,2.0,1.0,0.0,0.0,0.0,0.0,0.0,0.0,0.0,0.0,3.0,32
22500521,BKN,ORL,79.4,78.6,"('Cam Thomas', 'Michael Porter Jr.', 'Nic Claxton', 'Noah Clowney', 'Nolan Traore')",2.35,4,2,2,2,2,1,1,1,1,0,0,4.0,5.0,0.0,0.0,0.0,0.0,0.0,0.0,0.0,2.0,9.0,32
22500521,BKN,ORL,80.8,80.2,"(""Day'Ron Sharpe"", 'Drake Powell', 'Michael Porter Jr.', 'Noah Clowney', 'Ziaire Williams')",0.0766666666666666,4,0,0,0,0,0,0,0,0,1,0,0.0,1.0,0.0,0.0,0.0,0.0,0.0,0.0,0.0,0.0,1.0,32
22500521,BKN,ORL,80.2,80.0,"('Cam Thomas', ""Day'Ron Sharpe"", 'Egor Dëmin', 'Michael Porter Jr.', 'Noah Clowney')",0.1866666666666666,4,3,0,1,0,1,0,0,0,0,1,1.0,0.0,0.0,0.0,3.0,0.0,0.0,0.0,0.0,0.0,1.0,32
22500535,BKN,LAC,80.4,79.4,"('Cam Thomas', 'Egor Dëmin', 'Michael Porter Jr.', 'Nic Claxton', 'Noah Clowney')",1.4500000000000002,1,2,3,1,2,0,1,0,1,0,1,2.0,3.0,0.0,0.0,0.0,2.0,0.0,0.0,0.0,0.0,5.0,33
22500535,BKN,LAC,81.0,78.6,"('Egor Dëmin', 'Michael Porter Jr.', 'Nic Claxton', 'Noah Clowney', 'Terance Mann')",5.915,2,15,14,3,2,5,3,2,3,1,2,12.32,10.88,3.0,3.0,3.0,6.0,3.0,0.0,0.0,6.0,23.200000000000003,33
22500535,BKN,LAC,78.4,79.8,"('Cam Thomas', 'Danny Wolf', ""Day'Ron Sharpe"", 'Drake Powell', 'Nolan Traore')",1.8166666666666669,2,0,5,2,1,0,1,2,0,0,1,4.0,3.0,0.0,0.0,0.0,0.0,2.0,2.0,0.0,2.0,7.0,33
22500535,BKN,LAC,78.6,79.8,"('Cam Thomas', 'Danny Wolf', 'Drake Powell', 'Nic Claxton', 'Nolan Traore')",2.1333333333333333,2,5,5,4,1,1,0,1,0,2,0,4.0,5.44,3.0,0.0,2.0,2.0,4.0,2.0,0.0,4.0,9.44,33
22500535,BKN,LAC,79.4,79.8,"('Cam Thomas', 'Michael Porter Jr.', 'Nic Claxton', 'Noah Clowney', 'Nolan Traore')",2.05,2,2,4,1,4,0,1,1,2,0,0,5.0,5.0,0.0,2.0,0.0,2.0,2.0,2.0,0.0,2.0,10.0,33
22500535,BKN,LAC,79.2,80.4,"('Cam Thomas', ""Day'Ron Sharpe"", 'Michael Porter Jr.', 'Noah Clowney', 'Nolan Traore')",0.6166666666666667,1,1,0,1,1,0,0,0,0,0,1,1.44,1.0,0.0,0.0,0.0,0.0,0.0,0.0,0.0,0.0,2.44,33
22500535,BKN,LAC,79.4,80.4,"('Cam Thomas', 'Danny Wolf', ""Day'Ron Sharpe"", 'Michael Porter Jr.', 'Nolan Traore')",1.4666666666666666,1,6,3,1,0,1,0,0,0,1,0,2.44,2.44,0.0,0.0,0.0,2.0,0.0,0.0,0.0,2.0,4.88,33
22500535,BKN,LAC,78.4,79.6,"('Cam Thomas', 'Danny Wolf', ""Day'Ron Sharpe"", 'Drake Powell', 'Nolan Traore')",1.6849999999999998,1,4,6,0,2,1,1,0,0,1,0,4.0,3.88,0.0,0.0,0.0,4.0,0.0,0.0,0.0,4.0,7.88,33
22500535,BKN,LAC,81.0,79.0,"('Egor Dëmin', 'Michael Porter Jr.', 'Nic Claxton', 'Noah Clowney', 'Terance Mann')",6.283333333333331,1,12,23,3,8,4,6,1,1,1,2,13.88,11.88,4.0,2.0,0.0,4.0,2.0,6.0,2.0,10.0,25.76,33
22500535,BKN,LAC,80.2,78.8,"('Cam Thomas', ""Day'Ron Sharpe"", 'Egor Dëmin', 'Michael Porter Jr.', 'Noah Clowney')",1.2666666666666666,3,4,1,3,0,1,0,0,0,1,0,2.0,2.44,0.0,0.0,2.0,4.0,0.0,0.0,0.0,0.0,4.44,33
22500535,BKN,LAC,78.4,79.6,"('Cam Thomas', 'Danny Wolf', ""Day'Ron Sharpe"", 'Drake Powell', 'Nolan Traore')",3.7,4,6,8,3,2,0,2,1,0,3,0,8.0,7.88,3.0,0.0,0.0,0.0,2.0,0.0,0.0,4.0,15.88,33
22500535,BKN,LAC,79.0,79.2,"('Danny Wolf', ""Day'Ron Sharpe"", 'Drake Powell', 'Jalen Wilson', 'Nolan Traore')",2.0883333333333334,4,7,3,3,2,2,1,0,0,0,0,4.0,4.0,2.0,0.0,0.0,4.0,0.0,0.0,0.0,0.0,8.0,33
22500535,BKN,LAC,81.0,79.2,"('Egor Dëmin', 'Michael Porter Jr.', 'Nic Claxton', 'Noah Clowney', 'Terance Mann')",6.716666666666666,3,17,17,6,5,4,3,2,6,5,4,17.88,14.88,0.0,7.0,9.0,12.0,5.0,0.0,0.0,6.0,32.76,33
22500535,BKN,LAC,81.0,79.8,"('Egor Dëmin', 'Michael Porter Jr.', 'Nic Claxton', 'Noah Clowney', 'Terance Mann')",4.233333333333333,4,14,13,2,4,4,5,1,1,1,0,8.0,8.879999999999999,3.0,3.0,3.0,2.0,2.0,2.0,3.0,6.0,16.88,33
22500535,BKN,LAC,79.4,79.6,"('Cam Thomas', 'Danny Wolf', ""Day'Ron Sharpe"", 'Michael Porter Jr.', 'Nolan Traore')",1.2833333333333332,3,4,5,1,0,1,1,0,0,0,1,3.0,2.44,0.0,0.0,2.0,2.0,0.0,0.0,0.0,4.0,5.44,33
22500535,BKN,LAC,78.4,79.6,"('Cam Thomas', 'Danny Wolf', ""Day'Ron Sharpe"", 'Drake Powell', 'Nolan Traore')",2.585,3,4,5,4,2,1,2,1,1,0,0,4.44,5.0,0.0,0.0,0.0,0.0,0.0,0.0,0.0,2.0,9.44,33
22500535,BKN,LAC,79.4,80.0,"('Cam Thomas', 'Michael Porter Jr.', 'Nic Claxton', 'Noah Clowney', 'Nolan Traore')",0.9833333333333336,4,0,5,0,1,0,1,0,0,1,1,1.0,2.0,0.0,0.0,0.0,0.0,0.0,2.0,0.0,2.0,3.0,33
22500535,BKN,LAC,79.6,79.6,"('Cam Thomas', 'Danny Wolf', 'Michael Porter Jr.', 'Nic Claxton', 'Nolan Traore')",0.5833333333333333,4,2,1,1,0,1,0,0,0,1,0,1.0,0.44,0.0,0.0,2.0,0.0,0.0,0.0,0.0,0.0,1.44,33
22500549,BKN,MEM,77.6,80.4,"('Cam Thomas', ""Day'Ron Sharpe"", 'Jalen Wilson', 'Nolan Traore', 'Tyrese Martin')",2.3666666666666667,1,9,4,3,1,3,0,0,0,2,1,5.0,6.76,0.0,2.0,0.0,6.0,0.0,0.0,0.0,0.0,11.76,34
22500549,BKN,MEM,81.2,79.4,"('Danny Wolf', 'Egor Dëmin', 'Nic Claxton', 'Noah Clowney', 'Terance Mann')",6.001666666666665,2,10,13,8,6,2,3,3,0,2,4,13.44,12.32,0.0,0.0,5.0,6.0,4.0,0.0,2.0,10.0,25.76,34
22500549,BKN,MEM,79.6,80.2,"('Cam Thomas', 'Egor Dëmin', 'Nic Claxton', 'Noah Clowney', 'Tyrese Martin')",1.15,2,6,3,0,0,2,1,1,1,0,0,3.0,2.0,0.0,3.0,0.0,0.0,0.0,0.0,0.0,0.0,5.0,34
22500549,BKN,MEM,79.2,79.6,"('Nic Claxton', 'Noah Clowney', 'Nolan Traore', 'Terance Mann', 'Tyrese Martin')",1.5499999999999998,4,3,0,3,2,1,0,0,0,0,0,3.0,3.0,0.0,0.0,0.0,0.0,0.0,0.0,0.0,0.0,6.0,34
22500549,BKN,MEM,77.6,80.4,"('Cam Thomas', ""Day'Ron Sharpe"", 'Jalen Wilson', 'Nolan Traore', 'Tyrese Martin')",6.583333333333332,4,17,13,8,6,4,4,0,2,3,1,12.0,12.88,2.0,2.0,8.0,6.0,0.0,0.0,4.0,4.0,24.880000000000003,34
22500549,BKN,MEM,77.6,79.6,"('Cam Thomas', ""Day'Ron Sharpe"", 'Jalen Wilson', 'Nolan Traore', 'Tyrese Martin')",3.683333333333334,2,11,8,2,3,2,0,0,4,3,1,7.0,7.76,2.0,9.0,3.0,8.0,0.0,0.0,2.0,2.0,14.76,34
22500549,BKN,MEM,81.2,81.0,"('Danny Wolf', 'Egor Dëmin', 'Nic Claxton', 'Noah Clowney', 'Terance Mann')",3.5849999999999995,4,4,13,1,7,1,4,1,1,2,2,7.44,5.88,0.0,0.0,0.0,0.0,3.0,5.0,3.0,2.0,13.32,34
22500549,BKN,MEM,80.4,79.4,"('Cam Thomas', 'Danny Wolf', ""Day'Ron Sharpe"", 'Egor Dëmin', 'Noah Clowney')",1.7833333333333334,3,1,2,4,3,0,0,1,1,0,1,4.44,4.0,0.0,0.0,0.0,0.0,0.0,0.0,0.0,2.0,8.44,34
22500549,BKN,MEM,81.2,79.8,"('Danny Wolf', 'Egor Dëmin', 'Nic Claxton', 'Noah Clowney', 'Terance Mann')",6.366666666666666,3,17,8,6,6,4,2,1,2,2,4,12.76,12.0,0.0,2.0,0.0,4.0,0.0,0.0,0.0,8.0,24.76,34
22500549,BKN,MEM,77.6,80.0,"('Cam Thomas', ""Day'Ron Sharpe"", 'Jalen Wilson', 'Nolan Traore', 'Tyrese Martin')",3.793333333333333,3,6,6,2,5,2,3,1,1,1,0,7.0,7.0,0.0,3.0,0.0,0.0,0.0,0.0,2.0,6.0,14.0,34
22500549,BKN,MEM,79.6,80.4,"('Cam Thomas', 'Egor Dëmin', 'Nic Claxton', 'Noah Clowney', 'Terance Mann')",1.916666666666667,1,3,5,1,3,1,1,0,0,2,0,4.0,2.88,0.0,0.0,0.0,0.0,0.0,0.0,0.0,0.0,6.88,34
22500549,BKN,MEM,78.6,80.2,"('Cam Thomas', ""Day'Ron Sharpe"", 'Egor Dëmin', 'Jalen Wilson', 'Tyrese Martin')",0.35,2,0,3,0,0,0,1,1,0,0,0,1.0,1.44,0.0,0.0,0.0,0.0,2.0,0.0,0.0,0.0,2.44,34
22500549,BKN,MEM,78.4,80.4,"('Cam Thomas', ""Day'Ron Sharpe"", 'Noah Clowney', 'Nolan Traore', 'Tyrese Martin')",1.0166666666666666,1,0,3,2,2,0,1,0,0,0,0,2.0,2.0,0.0,0.0,0.0,0.0,0.0,0.0,0.0,0.0,4.0,34
22500549,BKN,MEM,81.2,79.6,"('Danny Wolf', 'Egor Dëmin', 'Nic Claxton', 'Noah Clowney', 'Terance Mann')",6.4833333333333325,1,11,22,3,10,3,7,1,2,0,1,14.44,14.0,0.0,0.0,0.0,4.0,0.0,9.0,2.0,10.0,28.44,34
22500561,BKN,DAL,80.2,79.0,"('Danny Wolf', 'Michael Porter Jr.', 'Nic Claxton', 'Nolan Traore', 'Terance Mann')",3.016666666666667,2,7,6,3,2,2,0,0,0,2,1,7.0,5.88,0.0,0.0,2.0,4.0,0.0,4.0,0.0,2.0,12.88,35
22500561,BKN,DAL,79.8,78.8,"('Drake Powell', 'Michael Porter Jr.', 'Nic Claxton', 'Noah Clowney', 'Nolan Traore')",0.6666666666666666,2,0,4,0,1,0,1,0,0,0,0,1.0,2.0,0.0,0.0,0.0,0.0,0.0,0.0,0.0,0.0,3.0,35
22500561,BKN,DAL,80.4,77.8,"('Drake Powell', 'Michael Porter Jr.', 'Nic Claxton', 'Noah Clowney', 'Terance Mann')",3.916666666666666,2,8,7,2,3,3,2,2,1,3,1,7.0,7.0,0.0,3.0,0.0,2.0,2.0,0.0,2.0,4.0,14.0,35
22500561,BKN,DAL,79.8,78.6,"('Danny Wolf', ""Day'Ron Sharpe"", 'Drake Powell', 'Michael Porter Jr.', 'Nolan Traore')",0.6166666666666667,2,2,0,1,1,0,0,0,0,1,0,2.0,1.0,0.0,0.0,0.0,2.0,0.0,0.0,0.0,0.0,3.0,35
22500561,BKN,DAL,79.2,77.8,"('Danny Wolf', ""Day'Ron Sharpe"", 'Jalen Wilson', 'Nolan Traore', 'Tyrese Martin')",3.8,4,6,7,2,2,1,3,2,2,1,1,7.44,7.0,0.0,0.0,0.0,2.0,2.0,0.0,0.0,4.0,14.44,35
22500561,BKN,DAL,80.4,76.8,"('Drake Powell', 'Michael Porter Jr.', 'Nic Claxton', 'Noah Clowney', 'Terance Mann')",5.236666666666666,4,12,15,4,4,4,4,2,2,2,2,14.44,12.88,0.0,0.0,4.0,6.0,2.0,4.0,3.0,10.0,27.32,35
22500561,BKN,DAL,79.8,78.0,"(""Day'Ron Sharpe"", 'Michael Porter Jr.', 'Noah Clowney', 'Nolan Traore', 'Tyrese Martin')",1.4333333333333331,4,5,7,0,0,2,1,1,0,1,0,3.0,4.0,0.0,0.0,0.0,2.0,0.0,0.0,0.0,4.0,7.0,35
22500561,BKN,DAL,79.0,77.8,"(""Day'Ron Sharpe"", 'Jalen Wilson', 'Noah Clowney', 'Nolan Traore', 'Tyrese Martin')",0.9166666666666669,4,5,0,2,1,1,0,0,0,0,0,2.44,2.0,2.0,0.0,0.0,4.0,0.0,0.0,0.0,0.0,4.44,35
22500561,BKN,DAL,79.2,77.4,"('Danny Wolf', ""Day'Ron Sharpe"", 'Jalen Wilson', 'Nolan Traore', 'Tyrese Martin')",0.9566666666666668,3,2,2,1,0,1,1,1,0,1,0,2.0,2.0,0.0,2.0,0.0,2.0,2.0,0.0,0.0,0.0,4.0,35
22500561,BKN,DAL,79.0,76.6,"(""Day'Ron Sharpe"", 'Jalen Wilson', 'Noah Clowney', 'Nolan Traore', 'Tyrese Martin')",1.908333333333333,3,5,8,0,1,1,2,0,1,0,0,3.44,4.0,0.0,0.0,0.0,4.0,0.0,3.0,0.0,0.0,7.439999999999999,35
22500561,BKN,DAL,80.4,77.0,"(""Day'Ron Sharpe"", 'Michael Porter Jr.', 'Noah Clowney', 'Terance Mann', 'Tyrese Martin')",2.033333333333333,3,8,2,2,1,2,0,1,1,0,2,4.32,4.0,0.0,0.0,0.0,2.0,0.0,0.0,2.0,2.0,8.32,35
22500561,BKN,DAL,80.4,79.2,"('Drake Powell', 'Michael Porter Jr.', 'Nic Claxton', 'Noah Clowney', 'Terance Mann')",6.83333333333333,3,17,16,7,4,4,4,3,1,2,2,12.88,13.88,0.0,2.0,2.0,8.0,3.0,3.0,0.0,6.0,26.76,35
22500561,BKN,DAL,79.2,78.2,"('Danny Wolf', ""Day'Ron Sharpe"", 'Jalen Wilson', 'Nolan Traore', 'Tyrese Martin')",3.115,1,4,7,3,6,0,2,1,2,1,2,6.88,7.44,0.0,0.0,0.0,2.0,0.0,0.0,3.0,0.0,14.32,35
22500561,BKN,DAL,80.4,77.2,"('Danny Wolf', ""Day'Ron Sharpe"", 'Drake Powell', 'Michael Porter Jr.', 'Terance Mann')",2.25,1,6,5,5,1,0,1,1,0,0,1,6.0,5.44,2.0,0.0,2.0,6.0,2.0,0.0,0.0,4.0,11.44,35
22500561,BKN,DAL,80.0,76.8,"('Danny Wolf', ""Day'Ron Sharpe"", 'Michael Porter Jr.', 'Nolan Traore', 'Tyrese Martin')",0.8000000000000002,1,2,3,3,0,0,1,0,0,0,1,0.88,1.0,0.0,0.0,0.0,0.0,0.0,0.0,0.0,0.0,1.88,35
22500561,BKN,DAL,80.4,78.6,"('Drake Powell', 'Michael Porter Jr.', 'Nic Claxton', 'Noah Clowney', 'Terance Mann')",5.299999999999997,1,11,17,3,5,2,3,3,0,6,1,10.88,9.76,0.0,0.0,0.0,6.0,6.0,3.0,3.0,4.0,20.64,35
22500561,BKN,DAL,79.2,78.6,"('Danny Wolf', ""Day'Ron Sharpe"", 'Jalen Wilson', 'Nolan Traore', 'Tyrese Martin')",3.3000000000000003,2,5,7,5,5,0,3,0,2,0,2,8.32,8.0,0.0,0.0,2.0,2.0,0.0,2.0,0.0,4.0,16.32,35
22500574,BKN,NOP,80.8,79.2,"('Drake Powell', 'Egor Dëmin', 'Michael Porter Jr.', 'Nic Claxton', 'Noah Clowney')",4.476666666666667,2,9,10,3,7,2,2,1,2,2,3,11.0,9.0,2.0,3.0,0.0,6.0,0.0,2.0,5.0,4.0,20.0,36
22500574,BKN,NOP,78.6,80.0,"('Cam Thomas', 'Danny Wolf', ""Day'Ron Sharpe"", 'Nolan Traore', 'Terance Mann')",4.766666666666667,2,10,11,7,4,2,3,0,0,3,0,11.0,11.44,0.0,0.0,2.0,6.0,0.0,5.0,0.0,4.0,22.44,36
22500574,BKN,NOP,80.4,79.6,"('Cam Thomas', 'Egor Dëmin', 'Michael Porter Jr.', 'Nic Claxton', 'Noah Clowney')",2.6,2,5,6,2,2,2,2,1,0,0,1,4.0,4.0,0.0,0.0,3.0,2.0,3.0,0.0,3.0,0.0,8.0,36
22500574,BKN,NOP,79.2,79.8,"('Cam Thomas', ""Day'Ron Sharpe"", 'Michael Porter Jr.', 'Noah Clowney', 'Nolan Traore')",0.3333333333333333,1,1,3,1,0,0,1,0,0,0,1,0.44,1.0,0.0,0.0,0.0,0.0,3.0,0.0,3.0,0.0,1.44,36
22500574,BKN,NOP,78.6,80.2,"('Cam Thomas', 'Danny Wolf', ""Day'Ron Sharpe"", 'Nolan Traore', 'Terance Mann')",4.433333333333333,4,12,5,3,3,4,0,1,2,4,0,8.0,8.32,2.0,4.0,0.0,6.0,0.0,0.0,0.0,2.0,16.32,36
22500574,BKN,NOP,80.0,77.8,"('Drake Powell', 'Egor Dëmin', 'Nic Claxton', 'Noah Clowney', 'Terance Mann')",0.0066666666666666,4,0,1,0,0,0,0,0,0,1,0,0.0,0.44,0.0,0.0,0.0,0.0,0.0,0.0,0.0,0.0,0.44,36
22500574,BKN,NOP,78.4,79.4,"('Cam Thomas', ""Day'Ron Sharpe"", 'Michael Porter Jr.', 'Nolan Traore', 'Terance Mann')",0.6499999999999999,4,0,4,0,0,0,1,0,0,1,0,1.0,1.88,0.0,0.0,0.0,0.0,0.0,0.0,0.0,2.0,2.88,36
22500574,BKN,NOP,80.4,78.8,"('Cam Thomas', 'Egor Dëmin', 'Michael Porter Jr.', 'Nic Claxton', 'Noah Clowney')",1.0666666666666669,3,2,2,0,1,0,1,0,1,0,0,2.0,2.0,0.0,0.0,0.0,2.0,0.0,0.0,0.0,2.0,4.0,36
22500574,BKN,NOP,80.8,80.6,"('Drake Powell', 'Egor Dëmin', 'Michael Porter Jr.', 'Nic Claxton', 'Noah Clowney')",5.846666666666665,4,12,15,3,9,1,1,1,0,1,3,11.76,10.32,0.0,0.0,0.0,0.0,2.0,0.0,9.0,6.0,22.08,36
22500574,BKN,NOP,79.4,79.8,"('Cam Thomas', 'Danny Wolf', ""Day'Ron Sharpe"", 'Noah Clowney', 'Nolan Traore')",0.0,1,0,0,0,0,0,0,0,0,0,0,0.0,0.0,0.0,0.0,0.0,0.0,0.0,0.0,0.0,0.0,0.0,36
22500574,BKN,NOP,78.6,79.2,"('Cam Thomas', 'Danny Wolf', ""Day'Ron Sharpe"", 'Nolan Traore', 'Terance Mann')",4.315,1,6,10,5,8,1,3,0,0,0,2,9.88,8.0,0.0,0.0,2.0,4.0,0.0,0.0,4.0,10.0,17.88,36
22500574,BKN,NOP,80.8,79.6,"('Drake Powell', 'Egor Dëmin', 'Michael Porter Jr.', 'Nic Claxton', 'Noah Clowney')",7.333333333333329,1,24,14,11,7,6,4,3,0,3,0,17.0,18.88,8.0,0.0,0.0,6.0,4.0,2.0,2.0,12.0,35.879999999999995,36
22500574,BKN,NOP,78.6,79.2,"('Cam Thomas', 'Danny Wolf', ""Day'Ron Sharpe"", 'Nolan Traore', 'Terance Mann')",2.5,3,8,8,1,2,2,1,2,2,4,1,7.0,6.640000000000001,0.0,0.0,0.0,2.0,0.0,0.0,0.0,2.0,13.64,36
22500574,BKN,NOP,80.8,79.2,"('Drake Powell', 'Egor Dëmin', 'Michael Porter Jr.', 'Nic Claxton', 'Noah Clowney')",6.35,3,17,17,5,8,1,3,0,1,1,0,14.0,13.0,2.0,0.0,6.0,14.0,0.0,4.0,7.0,14.0,27.0,36
22500574,BKN,NOP,79.2,78.8,"('Cam Thomas', ""Day'Ron Sharpe"", 'Michael Porter Jr.', 'Noah Clowney', 'Nolan Traore')",1.9666666666666668,3,5,6,1,1,2,1,1,0,1,0,4.0,3.44,0.0,0.0,0.0,2.0,2.0,2.0,0.0,2.0,7.439999999999999,36
22500574,BKN,NOP,80.4,79.4,"('Cam Thomas', 'Egor Dëmin', 'Michael Porter Jr.', 'Nic Claxton', 'Noah Clowney')",0.9833333333333332,4,2,4,1,1,1,1,0,0,0,0,2.0,3.0,0.0,0.0,0.0,2.0,0.0,2.0,0.0,4.0,5.0,36
22500574,BKN,NOP,80.2,79.6,"('Cam Thomas', ""Day'Ron Sharpe"", 'Egor Dëmin', 'Michael Porter Jr.', 'Noah Clowney')",0.0,1,0,0,0,0,0,0,0,0,0,0,0.0,0.0,0.0,0.0,0.0,0.0,0.0,0.0,0.0,0.0,0.0,36
22500587,BKN,CHI,79.8,77.0,"('Drake Powell', 'Michael Porter Jr.', 'Nic Claxton', 'Noah Clowney', 'Nolan Traore')",1.9666666666666663,3,3,6,2,2,1,2,0,0,1,0,3.0,4.0,0.0,0.0,0.0,0.0,0.0,0.0,2.0,6.0,7.0,37
22500587,BKN,CHI,80.8,78.6,"('Drake Powell', 'Egor Dëmin', 'Michael Porter Jr.', 'Nic Claxton', 'Noah Clowney')",2.7500000000000004,3,3,6,1,3,1,1,2,1,2,0,6.0,6.0,0.0,0.0,0.0,0.0,2.0,2.0,0.0,4.0,12.0,37
22500587,BKN,CHI,78.6,78.0,"('Cam Thomas', 'Danny Wolf', ""Day'Ron Sharpe"", 'Nolan Traore', 'Terance Mann')",2.916666666666666,3,13,8,3,2,3,1,0,2,2,1,6.88,7.640000000000001,4.0,4.0,4.0,8.0,0.0,0.0,0.0,2.0,14.52,37
22500587,BKN,CHI,79.0,77.2,"('Drake Powell', 'Nic Claxton', 'Noah Clowney', 'Nolan Traore', 'Terance Mann')",0.0,4,0,0,0,0,0,0,0,0,0,0,0.0,0.0,0.0,0.0,0.0,0.0,0.0,0.0,0.0,0.0,0.0,37
22500587,BKN,CHI,80.2,78.0,"('Cam Thomas', ""Day'Ron Sharpe"", 'Egor Dëmin', 'Michael Porter Jr.', 'Noah Clowney')",0.2166666666666666,4,3,0,1,0,1,0,0,0,0,0,1.0,1.0,0.0,0.0,0.0,0.0,0.0,0.0,0.0,0.0,2.0,37
22500587,BKN,CHI,79.8,77.2,"('Drake Powell', 'Michael Porter Jr.', 'Nic Claxton', 'Noah Clowney', 'Nolan Traore')",4.676666666666666,4,11,15,3,4,4,4,3,0,1,0,11.44,10.88,3.0,0.0,0.0,4.0,7.0,4.0,0.0,8.0,22.32,37
22500587,BKN,CHI,80.8,77.0,"('Drake Powell', 'Egor Dëmin', 'Michael Porter Jr.', 'Nic Claxton', 'Noah Clowney')",2.7166666666666672,4,1,7,3,3,0,3,1,0,0,2,5.44,5.0,0.0,0.0,0.0,0.0,2.0,2.0,0.0,4.0,10.44,37
22500587,BKN,CHI,79.4,76.8,"('Cam Thomas', 'Danny Wolf', ""Day'Ron Sharpe"", 'Michael Porter Jr.', 'Nolan Traore')",1.4666666666666668,3,3,5,1,1,1,1,1,0,1,1,3.44,3.0,0.0,0.0,0.0,2.0,2.0,2.0,3.0,2.0,6.44,37
22500587,BKN,CHI,80.4,77.6,"('Cam Thomas', 'Egor Dëmin', 'Michael Porter Jr.', 'Nic Claxton', 'Noah Clowney')",1.6333333333333333,1,3,0,3,1,0,0,0,1,0,1,3.44,2.0,2.0,2.0,0.0,2.0,0.0,0.0,0.0,0.0,5.44,37
22500587,BKN,CHI,79.4,77.6,"('Cam Thomas', 'Danny Wolf', ""Day'Ron Sharpe"", 'Michael Porter Jr.', 'Nolan Traore')",1.4166666666666663,1,2,4,0,2,1,0,0,2,1,0,3.0,4.0,0.0,2.0,0.0,2.0,0.0,0.0,0.0,4.0,7.0,37
22500587,BKN,CHI,80.8,77.6,"('Drake Powell', 'Egor Dëmin', 'Michael Porter Jr.', 'Nic Claxton', 'Noah Clowney')",5.833333333333331,1,13,11,6,6,5,3,1,0,1,2,13.0,10.44,0.0,0.0,0.0,4.0,0.0,0.0,0.0,4.0,23.44,37
22500587,BKN,CHI,78.6,78.2,"('Cam Thomas', 'Danny Wolf', ""Day'Ron Sharpe"", 'Nolan Traore', 'Terance Mann')",5.983333333333331,2,13,13,5,5,2,4,1,0,3,0,10.0,9.88,0.0,0.0,2.0,10.0,2.0,2.0,0.0,8.0,19.880000000000003,37
22500587,BKN,CHI,80.8,77.0,"('Drake Powell', 'Egor Dëmin', 'Michael Porter Jr.', 'Nic Claxton', 'Noah Clowney')",4.876666666666667,2,15,4,7,1,3,0,4,0,2,4,13.2,10.88,2.0,0.0,0.0,4.0,2.0,2.0,0.0,2.0,24.08,37
22500587,BKN,CHI,79.0,78.0,"('Cam Thomas', 'Drake Powell', 'Michael Porter Jr.', 'Nic Claxton', 'Terance Mann')",1.0000000000000002,2,2,0,3,1,1,0,0,0,0,0,2.0,3.0,0.0,0.0,0.0,2.0,0.0,0.0,0.0,0.0,5.0,37
22500587,BKN,CHI,78.6,78.6,"('Cam Thomas', 'Danny Wolf', ""Day'Ron Sharpe"", 'Nolan Traore', 'Terance Mann')",2.413333333333333,1,9,8,2,2,3,2,0,0,1,0,5.0,5.88,0.0,0.0,0.0,0.0,0.0,2.0,0.0,4.0,10.88,37
22500587,BKN,CHI,79.4,77.0,"('Cam Thomas', 'Michael Porter Jr.', 'Nic Claxton', 'Noah Clowney', 'Nolan Traore')",2.533333333333333,3,10,7,3,2,2,2,0,0,1,1,5.88,6.0,0.0,0.0,2.0,2.0,0.0,3.0,0.0,4.0,11.88,37
22500587,BKN,CHI,78.6,78.0,"('Cam Thomas', 'Danny Wolf', ""Day'Ron Sharpe"", 'Nolan Traore', 'Terance Mann')",4.266666666666665,4,6,15,4,6,2,5,1,0,1,0,9.0,8.44,0.0,0.0,0.0,0.0,0.0,3.0,0.0,2.0,17.439999999999998,37
22500587,BKN,CHI,80.6,77.2,"('Danny Wolf', 'Drake Powell', 'Nic Claxton', 'Noah Clowney', 'Terance Mann')",0.0783333333333333,4,1,0,0,0,0,0,0,1,0,1,0.44,2.0,0.0,0.0,0.0,0.0,0.0,0.0,0.0,0.0,2.44,37
22500587,BKN,CHI,81.4,77.2,"('Danny Wolf', 'Drake Powell', 'Michael Porter Jr.', 'Nic Claxton', 'Noah Clowney')",0.0116666666666666,4,1,0,0,0,0,0,0,0,0,1,0.44,0.0,0.0,0.0,0.0,0.0,0.0,0.0,0.0,0.0,0.44,37
22500603,BKN,CHI,78.4,77.2,"('Danny Wolf', 'Jalen Wilson', 'Nolan Traore', 'Terance Mann', 'Tyrese Martin')",2.8883333333333328,4,10,7,2,3,3,2,0,1,0,2,6.32,6.0,0.0,2.0,0.0,4.0,0.0,0.0,3.0,4.0,12.32,38
22500603,BKN,CHI,81.0,78.0,"('Danny Wolf', ""Day'Ron Sharpe"", 'Egor Dëmin', 'Noah Clowney', 'Terance Mann')",2.316666666666667,4,3,5,2,2,1,1,1,0,0,1,4.0,4.0,0.0,0.0,0.0,0.0,0.0,0.0,0.0,2.0,8.0,38
22500603,BKN,CHI,79.2,76.6,"('Danny Wolf', 'Jalen Wilson', 'Noah Clowney', 'Nolan Traore', 'Tyrese Martin')",1.8,4,3,4,1,2,1,2,0,0,1,0,2.0,4.0,0.0,0.0,0.0,0.0,0.0,0.0,2.0,4.0,6.0,38
22500603,BKN,CHI,79.6,77.2,"('Cam Thomas', 'Danny Wolf', 'Egor Dëmin', 'Noah Clowney', 'Terance Mann')",0.4166666666666666,3,1,0,1,0,0,0,0,0,0,1,0.44,1.0,0.0,0.0,0.0,0.0,0.0,0.0,0.0,0.0,1.44,38
22500603,BKN,CHI,77.8,78.0,"('Cam Thomas', 'Jalen Wilson', 'Nic Claxton', 'Nolan Traore', 'Tyrese Martin')",6.333333333333334,2,16,13,5,2,5,5,1,2,2,3,11.88,13.44,0.0,2.0,2.0,6.0,0.0,0.0,0.0,6.0,25.32,38
22500603,BKN,CHI,81.2,77.2,"('Danny Wolf', 'Egor Dëmin', 'Nic Claxton', 'Noah Clowney', 'Terance Mann')",3.4833333333333334,2,10,10,3,4,4,2,1,0,1,1,9.0,7.0,2.0,0.0,0.0,10.0,0.0,2.0,2.0,4.0,16.0,38
22500603,BKN,CHI,80.0,77.6,"('Danny Wolf', ""Day'Ron Sharpe"", 'Noah Clowney', 'Nolan Traore', 'Terance Mann')",0.55,4,2,0,1,1,0,0,0,0,0,0,1.0,1.0,0.0,0.0,2.0,2.0,0.0,0.0,0.0,0.0,2.0,38
22500603,BKN,CHI,78.4,76.6,"('Cam Thomas', ""Day'Ron Sharpe"", 'Noah Clowney', 'Nolan Traore', 'Terance Mann')",4.1000000000000005,4,12,13,3,4,4,4,2,0,1,3,8.0,7.88,3.0,0.0,0.0,0.0,3.0,3.0,3.0,2.0,15.88,38
22500603,BKN,CHI,79.6,77.2,"('Cam Thomas', 'Egor Dëmin', 'Nic Claxton', 'Noah Clowney', 'Terance Mann')",0.9666666666666668,1,2,8,1,0,0,2,1,0,1,0,2.0,3.0,0.0,0.0,2.0,2.0,2.0,2.0,0.0,2.0,5.0,38
22500603,BKN,CHI,78.4,76.8,"('Cam Thomas', ""Day'Ron Sharpe"", 'Noah Clowney', 'Nolan Traore', 'Tyrese Martin')",1.5000000000000002,1,0,7,0,4,0,3,0,0,0,0,3.0,3.0,0.0,0.0,0.0,0.0,0.0,3.0,2.0,4.0,6.0,38
22500603,BKN,CHI,81.0,77.6,"('Danny Wolf', ""Day'Ron Sharpe"", 'Egor Dëmin', 'Noah Clowney', 'Terance Mann')",4.94,3,7,8,5,6,3,2,2,2,3,1,11.44,9.88,0.0,0.0,0.0,6.0,2.0,0.0,0.0,6.0,21.32,38
22500603,BKN,CHI,80.6,77.2,"('Cam Thomas', 'Danny Wolf', 'Egor Dëmin', 'Nic Claxton', 'Noah Clowney')",0.6,3,2,0,0,0,1,0,0,0,1,0,1.0,0.0,0.0,2.0,0.0,0.0,0.0,0.0,0.0,0.0,1.0,38
22500603,BKN,CHI,81.2,78.0,"('Danny Wolf', 'Egor Dëmin', 'Nic Claxton', 'Noah Clowney', 'Terance Mann')",5.216666666666667,1,10,13,5,6,4,5,1,1,3,0,12.0,11.44,5.0,2.0,2.0,4.0,0.0,0.0,0.0,6.0,23.44,38
22500603,BKN,CHI,81.0,77.2,"('Danny Wolf', ""Day'Ron Sharpe"", 'Egor Dëmin', 'Noah Clowney', 'Terance Mann')",1.9333333333333331,2,3,8,2,2,1,3,2,0,1,0,5.0,5.0,0.0,0.0,0.0,0.0,3.0,0.0,0.0,2.0,10.0,38
22500603,BKN,CHI,77.8,77.2,"('Cam Thomas', 'Jalen Wilson', 'Nic Claxton', 'Nolan Traore', 'Tyrese Martin')",5.3500000000000005,3,10,17,3,6,2,6,0,1,0,3,11.44,12.0,0.0,0.0,0.0,0.0,0.0,0.0,2.0,8.0,23.44,38
22500603,BKN,CHI,79.6,77.2,"('Cam Thomas', 'Egor Dëmin', 'Nic Claxton', 'Noah Clowney', 'Tyrese Martin')",0.8500000000000001,1,3,0,2,0,1,0,0,0,0,1,1.0,2.0,0.0,0.0,0.0,0.0,0.0,0.0,0.0,0.0,3.0,38
22500603,BKN,CHI,77.6,76.8,"('Cam Thomas', ""Day'Ron Sharpe"", 'Jalen Wilson', 'Nolan Traore', 'Tyrese Martin')",2.7416666666666667,1,5,8,2,2,2,3,0,0,0,1,5.44,5.0,0.0,0.0,0.0,4.0,0.0,2.0,0.0,8.0,10.44,38
22500603,BKN,CHI,77.6,76.6,"('Cam Thomas', 'Jalen Wilson', 'Noah Clowney', 'Nolan Traore', 'Tyrese Martin')",0.0166666666666666,4,1,0,0,0,0,0,0,0,1,0,0.44,0.0,0.0,0.0,0.0,0.0,0.0,0.0,0.0,0.0,0.44,38
22500603,BKN,CHI,79.4,76.8,"('Cam Thomas', ""Day'Ron Sharpe"", 'Egor Dëmin', 'Noah Clowney', 'Tyrese Martin')",0.6833333333333333,1,2,3,0,0,1,1,0,0,0,1,1.0,1.0,0.0,0.0,0.0,2.0,0.0,0.0,0.0,0.0,2.0,38
22500610,BKN,PHX,80.6,78.2,"('Michael Porter Jr.', 'Nic Claxton', 'Noah Clowney', 'Nolan Traore', 'Ziaire Williams')",0.9666666666666668,3,3,3,0,1,0,1,0,0,1,2,3.44,2.44,0.0,2.0,0.0,2.0,0.0,2.0,0.0,2.0,5.88,39
22500610,BKN,PHX,80.4,78.4,"('Drake Powell', 'Michael Porter Jr.', 'Nic Claxton', 'Noah Clowney', 'Terance Mann')",6.366666666666665,3,9,18,2,5,2,4,1,1,5,0,10.0,10.76,0.0,0.0,0.0,4.0,2.0,0.0,2.0,8.0,20.76,39
22500610,BKN,PHX,80.4,78.8,"('Drake Powell', 'Michael Porter Jr.', 'Nic Claxton', 'Noah Clowney', 'Terance Mann')",4.563333333333333,4,6,9,2,5,2,2,1,0,1,3,8.88,9.44,0.0,0.0,0.0,4.0,0.0,0.0,0.0,2.0,18.32,39
22500610,BKN,PHX,79.0,77.0,"('Danny Wolf', 'Jalen Wilson', 'Nolan Traore', 'Tyrese Martin', 'Ziaire Williams')",3.65,1,13,13,1,1,2,3,0,2,0,4,8.08,8.44,0.0,0.0,0.0,6.0,0.0,0.0,0.0,2.0,16.52,39
22500610,BKN,PHX,79.8,77.8,"('Danny Wolf', 'Noah Clowney', 'Nolan Traore', 'Tyrese Martin', 'Ziaire Williams')",0.5833333333333334,1,0,2,0,1,0,1,0,0,1,0,1.0,1.0,0.0,0.0,0.0,0.0,0.0,0.0,0.0,2.0,2.0,39
22500610,BKN,PHX,79.0,78.8,"('Drake Powell', 'Michael Porter Jr.', 'Nic Claxton', 'Nolan Traore', 'Terance Mann')",0.4,4,2,0,0,0,0,0,0,0,1,0,1.0,1.0,0.0,0.0,2.0,2.0,0.0,0.0,0.0,0.0,2.0,39
22500610,BKN,PHX,79.8,78.8,"('Drake Powell', 'Michael Porter Jr.', 'Nic Claxton', 'Noah Clowney', 'Nolan Traore')",0.4499999999999999,3,2,0,0,0,0,0,0,2,0,1,1.0,2.0,0.0,2.0,0.0,2.0,0.0,0.0,0.0,0.0,3.0,39
22500610,BKN,PHX,79.0,77.0,"('Danny Wolf', 'Jalen Wilson', 'Nolan Traore', 'Tyrese Martin', 'Ziaire Williams')",3.9216666666666673,3,7,9,5,5,1,2,0,1,1,2,6.76,9.44,0.0,0.0,0.0,0.0,0.0,3.0,3.0,2.0,16.2,39
22500610,BKN,PHX,80.8,78.2,"('Danny Wolf', 'Michael Porter Jr.', 'Nic Claxton', 'Nolan Traore', 'Ziaire Williams')",0.15,3,0,1,0,0,0,0,1,0,1,0,1.0,0.44,0.0,0.0,0.0,0.0,0.0,0.0,0.0,0.0,1.44,39
22500610,BKN,PHX,79.8,78.8,"('Michael Porter Jr.', 'Nic Claxton', 'Nolan Traore', 'Tyrese Martin', 'Ziaire Williams')",6.799999999999997,4,20,14,5,2,7,2,1,4,3,0,12.0,11.0,3.0,7.0,4.0,8.0,3.0,0.0,2.0,2.0,23.0,39
22500610,BKN,PHX,80.4,78.4,"('Drake Powell', 'Michael Porter Jr.', 'Nic Claxton', 'Noah Clowney', 'Terance Mann')",5.883333333333333,1,11,20,2,6,4,5,1,0,3,0,11.0,11.88,3.0,0.0,0.0,0.0,0.0,5.0,6.0,2.0,22.880000000000003,39
22500610,BKN,PHX,80.2,78.8,"('Drake Powell', 'Nic Claxton', 'Noah Clowney', 'Terance Mann', 'Ziaire Williams')",1.75,1,2,5,1,2,0,0,0,0,0,0,3.0,3.44,0.0,0.0,0.0,2.0,0.0,2.0,0.0,2.0,6.44,39
22500610,BKN,PHX,80.4,79.4,"('Drake Powell', 'Michael Porter Jr.', 'Nic Claxton', 'Noah Clowney', 'Terance Mann')",1.5333333333333337,2,2,4,1,1,1,0,2,0,2,0,3.0,2.76,0.0,0.0,2.0,0.0,0.0,0.0,0.0,0.0,5.76,39
22500610,BKN,PHX,80.2,78.8,"('Drake Powell', 'Nic Claxton', 'Noah Clowney', 'Terance Mann', 'Ziaire Williams')",1.3166666666666669,2,5,5,0,0,0,1,0,1,1,2,2.3200000000000003,3.0,0.0,0.0,0.0,2.0,3.0,0.0,0.0,2.0,5.32,39
22500610,BKN,PHX,80.0,79.0,"('Drake Powell', 'Michael Porter Jr.', 'Noah Clowney', 'Terance Mann', 'Ziaire Williams')",2.1833333333333336,2,9,6,2,2,3,2,0,0,1,1,5.44,4.88,2.0,0.0,0.0,2.0,0.0,0.0,0.0,4.0,10.32,39
22500610,BKN,PHX,81.2,79.0,"('Michael Porter Jr.', 'Nic Claxton', 'Noah Clowney', 'Terance Mann', 'Ziaire Williams')",1.9833333333333332,2,12,2,2,1,3,0,0,1,0,1,4.44,4.0,0.0,3.0,0.0,2.0,0.0,0.0,2.0,2.0,8.440000000000001,39
22500610,BKN,PHX,80.2,78.2,"('Danny Wolf', 'Jalen Wilson', 'Michael Porter Jr.', 'Nic Claxton', 'Nolan Traore')",4.766666666666667,2,14,15,5,3,3,6,0,0,0,1,8.440000000000001,9.0,3.0,0.0,2.0,4.0,0.0,3.0,0.0,6.0,17.44,39
22500622,BKN,NYK,78.4,79.4,"('Danny Wolf', 'Jalen Wilson', 'Nolan Traore', 'Terance Mann', 'Tyrese Martin')",1.84,4,5,3,1,4,2,0,0,0,1,0,4.0,3.44,0.0,0.0,0.0,2.0,0.0,0.0,2.0,2.0,7.439999999999999,40
22500622,BKN,NYK,80.8,77.6,"('Drake Powell', 'Egor Dëmin', 'Michael Porter Jr.', 'Nic Claxton', 'Noah Clowney')",7.599999999999997,3,8,18,4,10,1,7,0,1,0,2,15.0,14.0,0.0,2.0,0.0,0.0,0.0,2.0,0.0,14.0,29.0,40
22500622,BKN,NYK,78.6,79.4,"(""Day'Ron Sharpe"", 'Drake Powell', 'Jalen Wilson', 'Terance Mann', 'Tyrese Martin')",4.449999999999998,4,5,13,2,3,1,3,3,2,3,3,9.88,9.32,0.0,0.0,0.0,0.0,5.0,2.0,0.0,4.0,19.200000000000003,40
22500622,BKN,NYK,79.0,78.4,"('Cam Thomas', ""Day'Ron Sharpe"", 'Michael Porter Jr.', 'Nolan Traore', 'Ziaire Williams')",2.2516666666666665,1,4,5,2,2,2,1,1,0,1,0,6.0,4.0,2.0,0.0,0.0,4.0,2.0,2.0,0.0,2.0,10.0,40
22500622,BKN,NYK,79.2,78.2,"('Cam Thomas', 'Danny Wolf', ""Day'Ron Sharpe"", 'Nolan Traore', 'Ziaire Williams')",1.2833333333333332,4,0,8,0,2,0,1,0,0,0,0,2.0,3.0,0.0,0.0,0.0,0.0,0.0,3.0,0.0,0.0,5.0,40
22500622,BKN,NYK,79.4,79.0,"(""Day'Ron Sharpe"", 'Jalen Wilson', 'Terance Mann', 'Tyrese Martin', 'Ziaire Williams')",4.016666666666667,4,0,8,3,6,0,2,2,0,1,1,8.0,6.0,0.0,0.0,0.0,0.0,0.0,3.0,3.0,2.0,14.0,40
22500622,BKN,NYK,79.2,77.6,"('Cam Thomas', 'Danny Wolf', ""Day'Ron Sharpe"", 'Nolan Traore', 'Ziaire Williams')",2.0650000000000004,1,3,9,1,2,1,2,0,0,1,1,3.0,4.44,0.0,0.0,0.0,0.0,0.0,3.0,0.0,0.0,7.439999999999999,40
22500622,BKN,NYK,79.2,78.4,"('Cam Thomas', 'Michael Porter Jr.', 'Nic Claxton', 'Nolan Traore', 'Ziaire Williams')",0.3,1,1,0,0,0,0,0,0,0,0,0,0.44,1.0,0.0,0.0,0.0,0.0,0.0,0.0,0.0,0.0,1.44,40
22500622,BKN,NYK,80.8,78.4,"('Drake Powell', 'Egor Dëmin', 'Michael Porter Jr.', 'Nic Claxton', 'Noah Clowney')",6.416666666666668,1,11,20,3,7,2,6,1,1,3,2,12.0,13.2,2.0,2.0,0.0,2.0,0.0,2.0,0.0,10.0,25.2,40
22500622,BKN,NYK,81.6,78.4,"('Egor Dëmin', 'Michael Porter Jr.', 'Nic Claxton', 'Noah Clowney', 'Ziaire Williams')",0.1,1,0,0,0,0,0,0,1,0,0,0,1.0,0.0,0.0,0.0,0.0,0.0,0.0,0.0,0.0,0.0,1.0,40
22500622,BKN,NYK,79.2,79.4,"('Cam Thomas', 'Danny Wolf', ""Day'Ron Sharpe"", 'Nolan Traore', 'Ziaire Williams')",4.05,2,6,6,3,5,0,1,2,2,3,2,7.88,7.44,0.0,2.0,0.0,4.0,2.0,2.0,0.0,2.0,15.32,40
22500622,BKN,NYK,79.4,79.4,"('Cam Thomas', ""Day'Ron Sharpe"", 'Michael Porter Jr.', 'Nic Claxton', 'Nolan Traore')",1.2500000000000002,2,0,5,1,3,0,2,0,0,0,0,2.0,3.0,0.0,0.0,0.0,0.0,0.0,0.0,3.0,0.0,5.0,40
22500622,BKN,NYK,80.8,77.0,"('Drake Powell', 'Egor Dëmin', 'Michael Porter Jr.', 'Nic Claxton', 'Noah Clowney')",6.561666666666666,2,12,11,6,7,4,1,2,4,2,6,15.32,14.44,0.0,4.0,0.0,4.0,0.0,3.0,2.0,4.0,29.76,40
22500622,BKN,NYK,79.2,77.6,"('Cam Thomas', 'Danny Wolf', ""Day'Ron Sharpe"", 'Nolan Traore', 'Ziaire Williams')",2.6783333333333337,3,7,8,0,2,1,2,0,1,1,0,5.0,6.0,0.0,0.0,0.0,4.0,3.0,3.0,0.0,2.0,11.0,40
22500622,BKN,NYK,79.0,77.6,"('Cam Thomas', ""Day'Ron Sharpe"", 'Noah Clowney', 'Nolan Traore', 'Ziaire Williams')",1.65,3,3,2,1,1,1,0,2,1,0,0,4.0,3.0,0.0,0.0,0.0,0.0,0.0,0.0,0.0,0.0,7.0,40
22500622,BKN,NYK,79.0,77.6,"('Cam Thomas', 'Michael Porter Jr.', 'Noah Clowney', 'Nolan Traore', 'Ziaire Williams')",0.0,3,0,0,0,0,0,0,0,0,0,0,0.0,0.0,0.0,0.0,0.0,0.0,0.0,0.0,0.0,0.0,0.0,40
22500622,BKN,NYK,80.6,78.4,"('Michael Porter Jr.', 'Nic Claxton', 'Noah Clowney', 'Nolan Traore', 'Ziaire Williams')",0.8,1,1,4,0,2,0,0,0,0,0,1,1.44,2.0,0.0,0.0,0.0,0.0,2.0,0.0,2.0,4.0,3.44,40
22500637,BKN,BOS,81.6,77.6,"('Egor Dëmin', 'Michael Porter Jr.', 'Nic Claxton', 'Noah Clowney', 'Ziaire Williams')",1.7166666666666668,3,2,4,1,1,0,1,0,0,0,1,3.0,3.0,2.0,0.0,0.0,2.0,2.0,0.0,0.0,4.0,6.0,41
22500637,BKN,BOS,79.2,78.4,"('Cam Thomas', 'Danny Wolf', ""Day'Ron Sharpe"", 'Nolan Traore', 'Ziaire Williams')",2.583333333333333,4,3,5,3,2,1,2,2,0,1,0,4.0,4.0,0.0,0.0,3.0,0.0,2.0,0.0,3.0,2.0,8.0,41
22500637,BKN,BOS,81.0,78.8,"('Danny Wolf', 'Michael Porter Jr.', 'Nic Claxton', 'Noah Clowney', 'Nolan Traore')",2.1333333333333333,4,3,4,1,2,1,1,2,0,1,0,4.0,3.0,0.0,0.0,3.0,0.0,2.0,2.0,2.0,4.0,7.0,41
22500637,BKN,BOS,79.4,78.4,"('Cam Thomas', 'Danny Wolf', ""Day'Ron Sharpe"", 'Noah Clowney', 'Nolan Traore')",2.45,4,4,7,2,0,0,2,0,0,0,0,4.0,3.44,0.0,0.0,2.0,2.0,0.0,0.0,0.0,4.0,7.439999999999999,41
22500637,BKN,BOS,80.6,76.6,"('Michael Porter Jr.', 'Nic Claxton', 'Noah Clowney', 'Nolan Traore', 'Ziaire Williams')",3.011666666666667,4,13,3,4,2,2,1,0,1,3,2,5.88,5.44,0.0,0.0,4.0,8.0,0.0,0.0,0.0,2.0,11.32,41
22500637,BKN,BOS,80.6,77.6,"('Michael Porter Jr.', 'Nic Claxton', 'Noah Clowney', 'Nolan Traore', 'Ziaire Williams')",1.7000000000000002,1,2,4,3,2,0,1,0,0,0,1,4.0,3.44,0.0,0.0,2.0,2.0,0.0,0.0,0.0,0.0,7.439999999999999,41
22500637,BKN,BOS,79.2,78.0,"('Cam Thomas', 'Danny Wolf', ""Day'Ron Sharpe"", 'Nolan Traore', 'Ziaire Williams')",1.535,1,1,5,1,2,0,2,0,0,0,1,4.44,3.0,0.0,0.0,0.0,0.0,0.0,0.0,0.0,2.0,7.439999999999999,41
22500637,BKN,BOS,80.6,78.2,"('Danny Wolf', ""Day'Ron Sharpe"", 'Noah Clowney', 'Nolan Traore', 'Ziaire Williams')",0.945,1,2,1,2,0,1,0,1,0,2,0,2.0,3.44,2.0,0.0,0.0,2.0,0.0,0.0,0.0,0.0,5.44,41
22500637,BKN,BOS,80.8,77.6,"('Drake Powell', 'Egor Dëmin', 'Michael Porter Jr.', 'Nic Claxton', 'Noah Clowney')",5.566666666666666,1,15,13,4,5,3,3,1,1,3,1,11.44,12.0,0.0,0.0,0.0,0.0,3.0,0.0,2.0,4.0,23.44,41
22500637,BKN,BOS,79.4,77.8,"('Cam Thomas', 'Michael Porter Jr.', 'Nic Claxton', 'Noah Clowney', 'Nolan Traore')",1.2833333333333334,2,4,3,1,0,1,1,0,0,0,0,2.0,3.0,2.0,0.0,0.0,2.0,0.0,0.0,0.0,0.0,5.0,41
22500637,BKN,BOS,79.2,77.8,"('Cam Thomas', 'Danny Wolf', ""Day'Ron Sharpe"", 'Nolan Traore', 'Ziaire Williams')",4.633333333333333,2,13,8,8,2,2,3,2,0,1,2,8.76,9.0,2.0,0.0,0.0,6.0,2.0,0.0,0.0,2.0,17.759999999999998,41
22500637,BKN,BOS,80.8,78.6,"('Drake Powell', 'Egor Dëmin', 'Michael Porter Jr.', 'Nic Claxton', 'Noah Clowney')",5.748333333333334,2,10,10,4,5,2,1,2,2,4,2,10.44,13.0,0.0,3.0,0.0,6.0,5.0,0.0,5.0,4.0,23.44,41
22500637,BKN,BOS,79.0,77.2,"('Cam Thomas', ""Day'Ron Sharpe"", 'Michael Porter Jr.', 'Nolan Traore', 'Ziaire Williams')",0.7999999999999999,3,2,2,1,0,1,1,1,0,0,1,2.0,1.0,0.0,0.0,2.0,2.0,0.0,0.0,0.0,2.0,3.0,41
22500637,BKN,BOS,79.2,77.2,"('Cam Thomas', 'Danny Wolf', ""Day'Ron Sharpe"", 'Nolan Traore', 'Ziaire Williams')",3.15,3,8,8,2,2,1,2,2,1,1,2,7.32,7.0,0.0,0.0,0.0,2.0,4.0,2.0,0.0,8.0,14.32,41
22500637,BKN,BOS,80.8,78.2,"('Drake Powell', 'Egor Dëmin', 'Michael Porter Jr.', 'Nic Claxton', 'Noah Clowney')",6.283333333333331,3,14,15,6,3,2,4,3,2,3,3,12.2,15.44,3.0,2.0,0.0,6.0,3.0,3.0,3.0,2.0,27.64,41
22500637,BKN,BOS,79.0,78.0,"('Cam Thomas', ""Day'Ron Sharpe"", 'Michael Porter Jr.', 'Nolan Traore', 'Ziaire Williams')",1.7000000000000002,1,8,5,1,1,2,1,0,0,1,2,3.3200000000000003,2.0,0.0,2.0,0.0,2.0,0.0,0.0,0.0,2.0,5.32,41
22500637,BKN,BOS,80.8,77.6,"('Drake Powell', 'Egor Dëmin', 'Michael Porter Jr.', 'Nic Claxton', 'Noah Clowney')",0.9000000000000001,4,0,4,0,1,0,1,0,0,1,2,1.0,1.88,0.0,0.0,0.0,0.0,2.0,0.0,0.0,2.0,2.88,41
22500637,BKN,BOS,80.6,76.6,"(""Day'Ron Sharpe"", 'Drake Powell', 'Egor Dëmin', 'Michael Porter Jr.', 'Noah Clowney')",0.5499999999999999,4,0,3,0,1,0,1,0,0,0,0,1.0,1.0,0.0,0.0,0.0,0.0,0.0,0.0,0.0,0.0,2.0,41
22500637,BKN,BOS,80.6,76.6,"('Michael Porter Jr.', 'Nic Claxton', 'Noah Clowney', 'Nolan Traore', 'Ziaire Williams')",4.611666666666666,5,10,8,8,2,2,2,1,0,1,4,7.2,9.0,3.0,0.0,0.0,2.0,2.0,2.0,5.0,2.0,16.2,41
22500637,BKN,BOS,81.0,79.2,"('Drake Powell', 'Michael Porter Jr.', 'Nic Claxton', 'Noah Clowney', 'Ziaire Williams')",0.0416666666666666,5,0,3,0,0,0,1,0,0,0,0,1.0,1.0,0.0,0.0,0.0,0.0,0.0,0.0,0.0,0.0,2.0,41
22500637,BKN,BOS,79.6,78.2,"('Drake Powell', 'Nic Claxton', 'Noah Clowney', 'Nolan Traore', 'Ziaire Williams')",0.255,5,3,3,1,1,0,1,0,0,1,1,2.3200000000000003,2.0,0.0,0.0,0.0,0.0,0.0,0.0,0.0,0.0,4.32,41
22500637,BKN,BOS,79.4,77.2,"('Drake Powell', 'Michael Porter Jr.', 'Noah Clowney', 'Nolan Traore', 'Ziaire Williams')",0.0183333333333333,5,1,0,0,0,0,0,0,0,0,1,0.44,0.0,0.0,0.0,0.0,0.0,0.0,0.0,0.0,0.0,0.44,41
22500637,BKN,BOS,80.6,78.2,"('Michael Porter Jr.', 'Nic Claxton', 'Noah Clowney', 'Nolan Traore', 'Ziaire Williams')",4.8983333333333325,6,8,12,5,7,1,3,0,1,3,2,12.0,11.32,0.0,0.0,2.0,8.0,0.0,2.0,0.0,6.0,23.32,41
22500637,BKN,BOS,81.0,76.6,"('Drake Powell', 'Michael Porter Jr.', 'Nic Claxton', 'Noah Clowney', 'Ziaire Williams')",0.0299999999999999,4,0,0,0,0,0,0,0,0,0,0,0.0,1.0,0.0,0.0,0.0,0.0,0.0,0.0,0.0,0.0,1.0,41
22500656,BKN,LAC,80.2,79.0,"('Danny Wolf', 'Drake Powell', 'Egor Dëmin', 'Jalen Wilson', 'Nic Claxton')",1.9333333333333336,2,3,4,3,2,1,1,1,0,0,0,4.0,4.0,0.0,0.0,0.0,0.0,0.0,0.0,0.0,4.0,8.0,42
22500656,BKN,LAC,80.2,79.8,"('Danny Wolf', ""Day'Ron Sharpe"", 'Drake Powell', 'Jalen Wilson', 'Ziaire Williams')",1.8583333333333327,2,8,1,2,1,3,0,0,1,0,3,4.88,3.44,0.0,2.0,0.0,6.0,0.0,0.0,0.0,0.0,8.32,42
22500656,BKN,LAC,80.4,79.8,"('Michael Porter Jr.', 'Nic Claxton', 'Terance Mann', 'Tyrese Martin', 'Ziaire Williams')",3.2166666666666672,2,3,12,1,4,1,1,1,1,2,1,6.0,6.76,0.0,0.0,0.0,0.0,0.0,3.0,0.0,0.0,12.76,42
22500656,BKN,LAC,79.8,79.0,"('Jalen Wilson', 'Michael Porter Jr.', 'Nic Claxton', 'Terance Mann', 'Tyrese Martin')",1.5333333333333332,2,3,2,3,2,1,1,1,0,1,1,4.44,4.0,0.0,0.0,0.0,2.0,0.0,0.0,0.0,2.0,8.440000000000001,42
22500656,BKN,LAC,80.0,79.0,"('Drake Powell', 'Egor Dëmin', 'Michael Porter Jr.', 'Nic Claxton', 'Terance Mann')",6.416666666666663,1,10,16,4,10,3,4,3,2,1,1,14.88,14.88,0.0,0.0,0.0,2.0,2.0,2.0,0.0,12.0,29.76,42
22500656,BKN,LAC,80.0,79.8,"('Danny Wolf', ""Day'Ron Sharpe"", 'Drake Powell', 'Egor Dëmin', 'Jalen Wilson')",2.033333333333333,2,2,5,3,3,1,1,0,1,1,0,3.0,3.44,2.0,2.0,0.0,2.0,0.0,0.0,2.0,4.0,6.44,42
22500656,BKN,LAC,79.6,79.0,"('Drake Powell', 'Jalen Wilson', 'Michael Porter Jr.', 'Nic Claxton', 'Terance Mann')",1.0833333333333337,2,3,4,0,1,1,0,0,0,1,0,2.0,2.0,0.0,0.0,0.0,0.0,0.0,0.0,0.0,4.0,4.0,42
22500656,BKN,LAC,79.2,80.6,"('Danny Wolf', 'Drake Powell', 'E.J. Liddell', 'Egor Dëmin', 'Jalen Wilson')",0.8166666666666667,4,0,2,0,2,0,0,0,1,0,0,3.0,2.0,0.0,0.0,0.0,0.0,0.0,0.0,0.0,2.0,5.0,42
22500656,BKN,LAC,80.4,79.2,"('Ben Saraf', 'Danny Wolf', ""Day'Ron Sharpe"", 'Tyrese Martin', 'Ziaire Williams')",2.7,4,6,4,2,3,2,0,2,3,1,0,7.0,6.0,4.0,4.0,0.0,4.0,4.0,4.0,2.0,4.0,13.0,42
22500656,BKN,LAC,80.0,80.6,"('Danny Wolf', ""Day'Ron Sharpe"", 'Drake Powell', 'Egor Dëmin', 'Jalen Wilson')",0.4499999999999999,4,2,0,1,0,0,0,0,0,0,1,0.88,1.0,0.0,0.0,0.0,0.0,0.0,0.0,0.0,0.0,1.88,42
22500656,BKN,LAC,79.2,80.6,"('Ben Saraf', 'Danny Wolf', 'Drake Powell', 'E.J. Liddell', 'Egor Dëmin')",2.81,4,9,9,0,3,2,1,1,3,0,2,6.76,7.0,0.0,0.0,0.0,2.0,2.0,2.0,0.0,6.0,13.76,42
22500656,BKN,LAC,79.0,80.6,"('Ben Saraf', ""Day'Ron Sharpe"", 'Drake Powell', 'Egor Dëmin', 'Jalen Wilson')",2.683333333333333,4,3,5,1,1,1,1,1,1,0,1,4.44,4.0,2.0,2.0,0.0,2.0,2.0,0.0,0.0,2.0,8.440000000000001,42
22500656,BKN,LAC,81.8,79.4,"('Danny Wolf', 'Egor Dëmin', 'Michael Porter Jr.', 'Nic Claxton', 'Ziaire Williams')",0.8500000000000001,1,0,3,0,2,0,0,0,0,0,0,2.0,3.0,0.0,0.0,0.0,0.0,0.0,0.0,0.0,0.0,5.0,42
22500656,BKN,LAC,80.4,79.6,"('Ben Saraf', 'Danny Wolf', ""Day'Ron Sharpe"", 'Tyrese Martin', 'Ziaire Williams')",3.4133333333333327,1,4,12,2,3,0,0,2,1,2,1,7.88,7.32,0.0,0.0,2.0,2.0,2.0,2.0,0.0,4.0,15.2,42
22500656,BKN,LAC,81.2,79.6,"('Ben Saraf', 'Danny Wolf', ""Day'Ron Sharpe"", 'Michael Porter Jr.', 'Ziaire Williams')",1.1166666666666665,1,0,7,0,1,0,0,1,0,3,0,2.0,2.76,0.0,0.0,0.0,0.0,0.0,0.0,0.0,0.0,4.76,42
22500656,BKN,LAC,80.2,80.0,"('Egor Dëmin', 'Jalen Wilson', 'Michael Porter Jr.', 'Nic Claxton', 'Terance Mann')",3.1,3,9,7,2,2,3,2,0,3,2,1,6.44,7.88,0.0,4.0,0.0,8.0,0.0,0.0,0.0,2.0,14.32,42
22500656,BKN,LAC,80.8,80.0,"('Danny Wolf', ""Day'Ron Sharpe"", 'Egor Dëmin', 'Jalen Wilson', 'Ziaire Williams')",2.8666666666666667,3,11,8,5,2,2,2,0,0,1,1,6.32,6.32,0.0,3.0,3.0,2.0,0.0,0.0,0.0,2.0,12.64,42
22500656,BKN,LAC,80.2,79.8,"('Danny Wolf', ""Day'Ron Sharpe"", 'Egor Dëmin', 'Jalen Wilson', 'Terance Mann')",0.0,3,0,0,0,0,0,0,0,0,0,0,0.0,0.0,0.0,0.0,0.0,0.0,0.0,0.0,0.0,0.0,0.0,42
22500656,BKN,LAC,80.4,79.0,"('Ben Saraf', 'Danny Wolf', ""Day'Ron Sharpe"", 'Tyrese Martin', 'Ziaire Williams')",1.9450000000000005,3,2,5,1,2,0,2,0,0,0,0,4.0,3.0,0.0,0.0,0.0,2.0,0.0,0.0,0.0,2.0,7.0,42
22500656,BKN,LAC,80.0,80.0,"('Drake Powell', 'Egor Dëmin', 'Michael Porter Jr.', 'Nic Claxton', 'Terance Mann')",3.0833333333333326,3,4,8,2,3,2,1,2,1,3,0,7.0,6.640000000000001,0.0,2.0,0.0,4.0,0.0,0.0,0.0,2.0,13.64,42
22500656,BKN,LAC,80.0,79.8,"(""Day'Ron Sharpe"", 'Egor Dëmin', 'Jalen Wilson', 'Michael Porter Jr.', 'Terance Mann')",0.9833333333333332,3,3,0,2,1,0,0,0,1,0,0,2.0,2.0,3.0,0.0,0.0,0.0,0.0,0.0,0.0,0.0,4.0,42
22500656,BKN,LAC,80.6,79.6,"('Ben Saraf', 'Danny Wolf', 'Nic Claxton', 'Tyrese Martin', 'Ziaire Williams')",1.4500000000000002,4,3,3,2,2,0,1,0,0,1,2,3.3200000000000003,3.0,0.0,0.0,0.0,0.0,0.0,0.0,0.0,0.0,6.32,42
22500656,BKN,LAC,80.4,79.6,"('Ben Saraf', 'Danny Wolf', 'Drake Powell', 'Nic Claxton', 'Ziaire Williams')",0.9,4,0,7,0,1,0,2,1,0,0,0,2.0,3.0,0.0,0.0,0.0,0.0,2.0,2.0,0.0,4.0,5.0,42
22500656,BKN,LAC,79.6,79.8,"('Danny Wolf', ""Day'Ron Sharpe"", 'Drake Powell', 'Jalen Wilson', 'Terance Mann')",0.125,2,1,2,0,0,0,0,0,0,0,0,0.44,1.0,0.0,0.0,0.0,0.0,0.0,0.0,0.0,2.0,1.44,42
22500669,BKN,PHX,79.6,79.0,"('Ben Saraf', 'Cam Thomas', ""Day'Ron Sharpe"", 'Michael Porter Jr.', 'Ziaire Williams')",1.2666666666666666,2,3,4,1,1,1,1,1,1,0,0,3.0,4.0,0.0,0.0,0.0,0.0,2.0,4.0,0.0,4.0,7.0,43
22500669,BKN,PHX,79.4,78.0,"('Ben Saraf', 'Cam Thomas', ""Day'Ron Sharpe"", 'Egor Dëmin', 'Michael Porter Jr.')",1.0,3,1,2,2,1,0,0,0,0,0,2,2.44,2.0,0.0,0.0,0.0,0.0,0.0,2.0,0.0,2.0,4.44,43
22500669,BKN,PHX,79.6,79.8,"('Cam Thomas', 'Egor Dëmin', 'Michael Porter Jr.', 'Nic Claxton', 'Terance Mann')",2.0166666666666666,2,2,5,0,3,0,0,0,0,1,1,4.0,3.44,0.0,0.0,0.0,2.0,0.0,0.0,0.0,2.0,7.439999999999999,43
22500669,BKN,PHX,80.8,78.8,"('Egor Dëmin', 'Michael Porter Jr.', 'Nic Claxton', 'Terance Mann', 'Ziaire Williams')",2.8200000000000003,2,10,8,1,2,2,0,0,1,2,1,5.88,6.2,0.0,0.0,0.0,2.0,0.0,0.0,3.0,0.0,12.08,43
22500669,BKN,PHX,80.0,79.8,"('Cam Thomas', ""Day'Ron Sharpe"", 'Egor Dëmin', 'Michael Porter Jr.', 'Ziaire Williams')",0.0,2,0,0,0,0,0,0,0,0,0,0,1.0,0.0,0.0,0.0,0.0,0.0,0.0,0.0,0.0,0.0,1.0,43
22500669,BKN,PHX,80.0,79.8,"('Drake Powell', 'Egor Dëmin', 'Michael Porter Jr.', 'Nic Claxton', 'Terance Mann')",1.8333333333333333,2,4,7,0,0,2,1,1,0,2,0,3.0,4.44,0.0,0.0,0.0,4.0,2.0,2.0,2.0,6.0,7.44,43
22500669,BKN,PHX,79.8,77.8,"('Ben Saraf', 'Cam Thomas', 'Danny Wolf', ""Day'Ron Sharpe"", 'Ziaire Williams')",3.068333333333334,1,9,5,5,3,2,2,0,2,2,0,6.0,8.440000000000001,3.0,5.0,2.0,6.0,0.0,0.0,0.0,4.0,14.44,43
22500669,BKN,PHX,79.6,78.4,"('Cam Thomas', 'Egor Dëmin', 'Michael Porter Jr.', 'Nic Claxton', 'Terance Mann')",0.6,1,0,4,0,0,0,1,1,0,0,0,1.0,2.0,0.0,0.0,0.0,0.0,4.0,2.0,0.0,4.0,3.0,43
22500669,BKN,PHX,80.0,78.4,"('Cam Thomas', ""Day'Ron Sharpe"", 'Egor Dëmin', 'Michael Porter Jr.', 'Ziaire Williams')",1.6166666666666667,1,6,0,3,0,2,0,0,0,1,0,3.0,2.0,0.0,0.0,2.0,4.0,0.0,0.0,0.0,0.0,5.0,43
22500669,BKN,PHX,79.8,79.0,"('Ben Saraf', 'Cam Thomas', 'Danny Wolf', ""Day'Ron Sharpe"", 'Ziaire Williams')",3.416666666666667,2,3,8,0,2,0,1,2,1,2,2,6.0,5.76,0.0,0.0,0.0,0.0,2.0,0.0,0.0,4.0,11.76,43
22500669,BKN,PHX,80.6,77.8,"('Cam Thomas', ""Day'Ron Sharpe"", 'Michael Porter Jr.', 'Nic Claxton', 'Ziaire Williams')",0.0,4,0,0,0,0,0,0,0,0,0,0,0.0,0.0,0.0,0.0,0.0,0.0,0.0,0.0,0.0,0.0,0.0,43
22500669,BKN,PHX,79.6,77.8,"('Ben Saraf', 'Cam Thomas', ""Day'Ron Sharpe"", 'Michael Porter Jr.', 'Ziaire Williams')",0.3666666666666666,4,1,0,0,0,0,0,1,2,0,0,1.44,2.0,0.0,0.0,0.0,0.0,0.0,0.0,0.0,0.0,3.44,43
22500669,BKN,PHX,78.8,77.8,"('Ben Saraf', 'Cam Thomas', ""Day'Ron Sharpe"", 'Terance Mann', 'Ziaire Williams')",1.0333333333333334,4,3,2,2,0,1,0,0,0,0,1,2.0,2.0,0.0,0.0,0.0,0.0,0.0,0.0,0.0,2.0,4.0,43
22500669,BKN,PHX,80.8,78.2,"('Egor Dëmin', 'Michael Porter Jr.', 'Nic Claxton', 'Terance Mann', 'Ziaire Williams')",4.750000000000001,4,16,13,1,5,5,2,2,2,4,2,11.32,9.32,0.0,3.0,0.0,4.0,0.0,0.0,2.0,10.0,20.64,43
22500669,BKN,PHX,80.8,78.2,"('Ben Saraf', 'Danny Wolf', 'Michael Porter Jr.', 'Nic Claxton', 'Terance Mann')",0.3749999999999999,4,0,2,0,0,0,0,0,0,0,0,0.0,1.0,0.0,0.0,0.0,0.0,2.0,0.0,0.0,2.0,1.0,43
22500669,BKN,PHX,80.2,78.4,"('Ben Saraf', 'Egor Dëmin', 'Michael Porter Jr.', 'Nic Claxton', 'Terance Mann')",0.525,4,0,0,0,1,0,0,0,1,0,0,2.0,2.0,0.0,0.0,0.0,0.0,0.0,0.0,0.0,0.0,4.0,43
22500669,BKN,PHX,79.2,77.8,"('Ben Saraf', 'Cam Thomas', 'Danny Wolf', ""Day'Ron Sharpe"", 'Terance Mann')",2.733333333333334,4,2,4,3,1,1,2,2,0,1,1,4.0,4.0,0.0,0.0,0.0,2.0,4.0,2.0,0.0,2.0,8.0,43
22500669,BKN,PHX,80.0,78.4,"('Drake Powell', 'Egor Dëmin', 'Michael Porter Jr.', 'Nic Claxton', 'Terance Mann')",6.633333333333333,1,14,19,6,6,5,5,4,1,1,2,14.88,13.0,2.0,2.0,2.0,12.0,4.0,2.0,4.0,16.0,27.880000000000003,43
22500669,BKN,PHX,80.2,78.4,"('Cam Thomas', 'Egor Dëmin', 'Michael Porter Jr.', 'Nic Claxton', 'Ziaire Williams')",1.8166666666666669,4,5,3,0,1,2,1,0,2,0,2,3.0,3.0,0.0,2.0,0.0,2.0,0.0,0.0,0.0,0.0,6.0,43
22500669,BKN,PHX,80.8,78.4,"('Egor Dëmin', 'Michael Porter Jr.', 'Nic Claxton', 'Terance Mann', 'Ziaire Williams')",5.716666666666666,3,10,9,6,3,2,2,5,1,4,2,11.0,10.0,0.0,0.0,3.0,4.0,3.0,0.0,2.0,6.0,21.0,43
22500669,BKN,PHX,80.0,77.8,"('Ben Saraf', 'Cam Thomas', 'Danny Wolf', ""Day'Ron Sharpe"", 'Michael Porter Jr.')",3.795,3,9,4,5,2,2,1,1,1,1,1,6.88,6.0,2.0,2.0,0.0,4.0,0.0,0.0,2.0,4.0,12.88,43
22500669,BKN,PHX,79.2,76.2,"('Ben Saraf', 'Cam Thomas', 'Danny Wolf', ""Day'Ron Sharpe"", 'Terance Mann')",0.31,3,1,3,0,0,0,1,0,0,0,0,0.44,1.0,0.0,0.0,0.0,0.0,0.0,0.0,0.0,0.0,1.44,43
22500669,BKN,PHX,80.2,78.4,"('Cam Thomas', 'Egor Dëmin', 'Michael Porter Jr.', 'Nic Claxton', 'Ziaire Williams')",1.0666666666666669,3,3,4,0,1,1,2,0,0,0,1,2.44,2.0,0.0,0.0,0.0,2.0,0.0,2.0,0.0,4.0,4.44,43
22500684,BKN,DEN,78.6,78.6,"('Ben Saraf', ""Day'Ron Sharpe"", 'Drake Powell', 'Jalen Wilson', 'Tyrese Martin')",1.7683333333333335,1,3,5,3,3,1,1,1,0,1,1,4.44,4.0,0.0,0.0,0.0,2.0,2.0,0.0,0.0,0.0,8.44,44
22500684,BKN,DEN,80.2,77.8,"('Danny Wolf', 'Michael Porter Jr.', 'Nic Claxton', 'Nolan Traore', 'Terance Mann')",7.833333333333333,1,18,19,6,6,4,5,0,0,3,3,13.32,16.32,0.0,0.0,0.0,4.0,0.0,3.0,2.0,4.0,29.64,44
22500684,BKN,DEN,80.6,78.2,"('Ben Saraf', 'Danny Wolf', ""Day'Ron Sharpe"", 'Michael Porter Jr.', 'Terance Mann')",0.35,1,1,0,2,0,0,0,0,0,0,1,0.44,0.0,0.0,0.0,0.0,0.0,0.0,0.0,0.0,0.0,0.44,44
22500684,BKN,DEN,79.0,78.8,"('Drake Powell', 'Michael Porter Jr.', 'Nic Claxton', 'Nolan Traore', 'Tyrese Martin')",0.8666666666666667,2,2,5,0,0,0,2,1,0,1,0,2.0,2.0,0.0,0.0,0.0,2.0,3.0,3.0,0.0,2.0,4.0,44
22500684,BKN,DEN,78.6,78.8,"('Ben Saraf', ""Day'Ron Sharpe"", 'Drake Powell', 'Jalen Wilson', 'Tyrese Martin')",3.683333333333332,2,5,11,2,8,1,3,0,1,0,0,8.0,8.0,0.0,0.0,0.0,2.0,0.0,5.0,0.0,6.0,16.0,44
22500684,BKN,DEN,79.2,78.4,"('Jalen Wilson', 'Michael Porter Jr.', 'Nic Claxton', 'Nolan Traore', 'Terance Mann')",0.4533333333333333,2,2,0,1,1,1,0,0,0,0,0,2.0,1.0,2.0,0.0,0.0,2.0,0.0,0.0,0.0,0.0,3.0,44
22500684,BKN,DEN,80.2,78.4,"('Danny Wolf', 'Michael Porter Jr.', 'Nic Claxton', 'Nolan Traore', 'Terance Mann')",6.8983333333333325,2,14,18,5,5,4,3,2,2,3,2,12.44,13.2,0.0,0.0,2.0,10.0,2.0,0.0,2.0,8.0,25.64,44
22500684,BKN,DEN,79.4,78.2,"('Ben Saraf', ""Day'Ron Sharpe"", 'Drake Powell', 'Michael Porter Jr.', 'Terance Mann')",0.0,1,0,0,0,0,0,0,0,0,0,0,1.0,0.0,0.0,0.0,0.0,0.0,0.0,0.0,0.0,0.0,1.0,44
22500684,BKN,DEN,79.4,78.2,"('Ben Saraf', ""Day'Ron Sharpe"", 'Drake Powell', 'Michael Porter Jr.', 'Tyrese Martin')",2.0,1,4,6,3,0,0,2,1,0,0,0,3.0,4.0,0.0,0.0,4.0,4.0,3.0,0.0,0.0,0.0,7.0,44
22500684,BKN,DEN,79.0,78.6,"('Drake Powell', 'Michael Porter Jr.', 'Nic Claxton', 'Nolan Traore', 'Terance Mann')",1.7499999999999998,4,5,0,2,1,0,0,0,1,0,1,2.44,3.0,2.0,2.0,0.0,4.0,0.0,0.0,0.0,0.0,5.44,44
22500684,BKN,DEN,79.6,78.6,"('Ben Saraf', 'Drake Powell', 'Jalen Wilson', 'Michael Porter Jr.', 'Nic Claxton')",0.9833333333333334,4,4,3,0,0,1,1,0,0,0,1,1.44,1.0,0.0,0.0,0.0,0.0,0.0,0.0,0.0,0.0,2.44,44
22500684,BKN,DEN,80.0,79.4,"(""Day'Ron Sharpe"", 'Michael Porter Jr.', 'Nic Claxton', 'Nolan Traore', 'Terance Mann')",0.0,4,0,0,0,0,0,0,0,0,0,0,0.0,0.0,0.0,0.0,0.0,0.0,0.0,0.0,0.0,0.0,0.0,44
22500684,BKN,DEN,79.4,78.8,"('Ben Saraf', ""Day'Ron Sharpe"", 'Drake Powell', 'Jalen Wilson', 'Michael Porter Jr.')",0.7,4,2,1,1,0,0,0,0,0,0,1,1.0,1.44,0.0,0.0,0.0,0.0,0.0,0.0,0.0,0.0,2.44,44
22500684,BKN,DEN,80.2,77.8,"('Danny Wolf', 'Michael Porter Jr.', 'Nic Claxton', 'Nolan Traore', 'Tyrese Martin')",0.8666666666666667,3,0,2,1,2,0,1,0,0,0,0,2.0,2.0,0.0,0.0,0.0,0.0,0.0,0.0,0.0,2.0,4.0,44
22500684,BKN,DEN,79.4,78.2,"('Ben Saraf', ""Day'Ron Sharpe"", 'Drake Powell', 'Michael Porter Jr.', 'Tyrese Martin')",2.3666666666666667,3,8,5,2,2,3,2,1,1,1,0,5.0,4.0,2.0,2.0,3.0,2.0,0.0,0.0,0.0,2.0,9.0,44
22500684,BKN,DEN,80.2,77.8,"('Danny Wolf', 'Michael Porter Jr.', 'Nic Claxton', 'Nolan Traore', 'Terance Mann')",6.266666666666665,3,16,4,8,3,4,1,1,0,2,2,9.88,10.0,2.0,3.0,0.0,2.0,0.0,0.0,0.0,2.0,19.880000000000003,44
22500684,BKN,DEN,78.6,78.6,"('Ben Saraf', ""Day'Ron Sharpe"", 'Drake Powell', 'Jalen Wilson', 'Tyrese Martin')",2.066666666666667,3,3,4,4,2,1,1,1,0,0,0,4.0,5.0,0.0,0.0,0.0,0.0,2.0,0.0,0.0,4.0,9.0,44
22500684,BKN,DEN,80.2,78.6,"('Danny Wolf', 'Michael Porter Jr.', 'Nic Claxton', 'Nolan Traore', 'Terance Mann')",5.165,4,13,15,6,3,3,1,0,0,4,2,11.2,11.2,0.0,0.0,4.0,8.0,0.0,0.0,2.0,8.0,22.4,44
22500684,BKN,DEN,78.6,78.8,"('Ben Saraf', ""Day'Ron Sharpe"", 'Drake Powell', 'Jalen Wilson', 'Tyrese Martin')",3.283333333333333,4,3,7,3,5,1,1,0,1,5,0,5.0,6.88,0.0,0.0,0.0,0.0,0.0,0.0,2.0,2.0,11.88,44
22500684,BKN,DEN,79.0,78.4,"(""Day'Ron Sharpe"", 'Drake Powell', 'Nic Claxton', 'Nolan Traore', 'Terance Mann')",0.03,4,0,2,0,0,0,0,0,0,1,0,0.0,0.88,0.0,0.0,0.0,0.0,0.0,0.0,0.0,0.0,0.88,44
22500694,BKN,UTA,79.8,79.8,"('Danny Wolf', 'Egor Dëmin', 'Nic Claxton', 'Nolan Traore', 'Terance Mann')",5.566666666666667,1,10,16,4,3,4,5,2,0,1,4,12.0,11.0,0.0,0.0,0.0,4.0,4.0,4.0,0.0,8.0,23.0,45
22500694,BKN,UTA,78.6,78.6,"('Ben Saraf', 'Cam Thomas', 'Danny Wolf', ""Day'Ron Sharpe"", 'Nolan Traore')",1.0666666666666669,1,2,3,1,0,0,1,0,0,1,0,1.0,1.44,0.0,0.0,2.0,2.0,0.0,0.0,0.0,2.0,2.44,45
22500694,BKN,UTA,78.0,79.2,"('Ben Saraf', 'Cam Thomas', ""Day'Ron Sharpe"", 'Drake Powell', 'Jalen Wilson')",4.526666666666667,1,12,7,3,2,2,3,2,1,2,2,8.76,8.44,3.0,3.0,0.0,2.0,2.0,2.0,0.0,6.0,17.2,45
22500694,BKN,UTA,78.8,77.8,"('Ben Saraf', 'Cam Thomas', 'Egor Dëmin', 'Jalen Wilson', 'Nic Claxton')",0.6666666666666666,2,2,0,2,0,0,0,0,1,0,0,2.0,2.0,0.0,0.0,2.0,0.0,0.0,0.0,0.0,0.0,4.0,45
22500694,BKN,UTA,78.0,78.2,"('Ben Saraf', 'Cam Thomas', ""Day'Ron Sharpe"", 'Drake Powell', 'Jalen Wilson')",3.4666666666666663,4,8,2,5,3,2,1,1,2,1,2,6.32,7.0,0.0,0.0,0.0,2.0,0.0,0.0,0.0,2.0,13.32,45
22500694,BKN,UTA,78.2,78.2,"('Ben Saraf', 'Cam Thomas', ""Day'Ron Sharpe"", 'Jalen Wilson', 'Terance Mann')",0.1666666666666666,4,0,0,0,0,0,0,1,0,0,0,1.0,0.0,0.0,0.0,0.0,0.0,0.0,0.0,0.0,0.0,1.0,45
22500694,BKN,UTA,79.8,79.6,"('Danny Wolf', 'Egor Dëmin', 'Nic Claxton', 'Nolan Traore', 'Terance Mann')",3.9816666666666665,4,9,6,3,6,2,1,1,2,1,3,10.88,8.44,0.0,0.0,0.0,4.0,0.0,0.0,0.0,2.0,19.32,45
22500694,BKN,UTA,78.4,78.2,"('Ben Saraf', 'Cam Thomas', 'Jalen Wilson', 'Nic Claxton', 'Terance Mann')",1.3666666666666667,4,0,4,1,1,0,1,1,0,1,1,2.0,3.0,0.0,0.0,0.0,0.0,4.0,0.0,0.0,4.0,5.0,45
22500694,BKN,UTA,79.8,78.8,"('Cam Thomas', 'Danny Wolf', 'Egor Dëmin', 'Nic Claxton', 'Terance Mann')",2.833333333333333,4,9,6,2,2,3,2,0,0,1,1,6.0,5.44,0.0,0.0,0.0,0.0,0.0,0.0,0.0,2.0,11.44,45
22500694,BKN,UTA,79.0,78.6,"('Cam Thomas', 'Danny Wolf', ""Day'Ron Sharpe"", 'Egor Dëmin', 'Nolan Traore')",0.6333333333333334,1,3,0,2,0,1,0,0,0,1,0,2.0,1.0,0.0,0.0,3.0,0.0,0.0,0.0,0.0,0.0,3.0,45
22500694,BKN,UTA,79.8,79.2,"('Danny Wolf', 'Egor Dëmin', 'Nic Claxton', 'Nolan Traore', 'Terance Mann')",5.723333333333335,2,8,16,6,9,2,3,1,1,3,0,12.88,12.2,0.0,0.0,2.0,6.0,2.0,2.0,2.0,8.0,25.08,45
22500694,BKN,UTA,79.4,77.8,"('Ben Saraf', 'Egor Dëmin', 'Jalen Wilson', 'Nic Claxton', 'Terance Mann')",1.3,2,2,0,3,2,1,0,0,1,0,1,3.0,4.0,0.0,0.0,0.0,2.0,0.0,0.0,0.0,0.0,7.0,45
22500694,BKN,UTA,78.0,78.8,"('Ben Saraf', 'Cam Thomas', ""Day'Ron Sharpe"", 'Drake Powell', 'Jalen Wilson')",2.8666666666666667,2,10,7,3,1,2,2,0,0,2,3,6.32,5.88,0.0,0.0,2.0,4.0,0.0,0.0,0.0,2.0,12.2,45
22500694,BKN,UTA,79.0,78.6,"('Cam Thomas', 'Danny Wolf', ""Day'Ron Sharpe"", 'Egor Dëmin', 'Nolan Traore')",1.25,3,2,4,2,0,1,0,1,0,0,0,2.0,3.0,0.0,0.0,0.0,2.0,2.0,2.0,0.0,4.0,5.0,45
22500694,BKN,UTA,79.8,78.6,"('Danny Wolf', 'Egor Dëmin', 'Nic Claxton', 'Nolan Traore', 'Terance Mann')",7.016666666666665,3,18,13,6,3,5,2,2,3,4,1,14.0,14.0,2.0,4.0,5.0,12.0,4.0,2.0,0.0,10.0,28.0,45
22500694,BKN,UTA,78.0,79.2,"('Ben Saraf', 'Cam Thomas', ""Day'Ron Sharpe"", 'Drake Powell', 'Jalen Wilson')",3.583333333333333,3,9,12,3,1,2,4,0,0,1,4,8.879999999999999,7.0,0.0,0.0,0.0,4.0,0.0,0.0,0.0,6.0,15.88,45
22500694,BKN,UTA,78.2,77.8,"('Ben Saraf', 'Cam Thomas', 'Drake Powell', 'Jalen Wilson', 'Nic Claxton')",1.35,2,5,3,1,0,0,1,0,0,1,1,2.44,2.0,0.0,0.0,0.0,2.0,0.0,0.0,0.0,0.0,4.44,45
22500704,BKN,DET,78.0,78.6,"('Ben Saraf', 'Cam Thomas', ""Day'Ron Sharpe"", 'Drake Powell', 'Jalen Wilson')",2.9900000000000007,1,5,9,4,2,1,0,2,0,2,2,7.44,6.2,0.0,0.0,2.0,4.0,2.0,2.0,0.0,4.0,13.64,46
22500704,BKN,DET,78.4,78.8,"('Cam Thomas', 'Danny Wolf', ""Day'Ron Sharpe"", 'Drake Powell', 'Nolan Traore')",0.5333333333333333,1,2,2,1,1,0,1,0,0,0,0,1.0,2.0,2.0,0.0,0.0,2.0,0.0,0.0,0.0,2.0,3.0,46
22500704,BKN,DET,79.0,79.0,"('Ben Saraf', 'Cam Thomas', 'Danny Wolf', ""Day'Ron Sharpe"", 'Drake Powell')",1.2666666666666668,1,0,2,1,1,0,1,0,0,0,1,2.0,2.0,0.0,0.0,0.0,0.0,0.0,0.0,0.0,2.0,4.0,46
22500704,BKN,DET,79.8,79.6,"('Danny Wolf', 'Egor Dëmin', 'Nic Claxton', 'Nolan Traore', 'Terance Mann')",2.2,2,2,8,0,4,1,1,0,0,2,0,4.0,5.0,0.0,0.0,0.0,2.0,0.0,2.0,2.0,8.0,9.0,46
22500704,BKN,DET,77.6,79.0,"('Cam Thomas', 'Drake Powell', 'Nic Claxton', 'Nolan Traore', 'Terance Mann')",0.25,2,0,3,0,0,0,1,1,0,0,0,1.0,1.0,0.0,0.0,0.0,0.0,3.0,0.0,0.0,0.0,2.0,46
22500704,BKN,DET,77.4,78.6,"('Cam Thomas', ""Day'Ron Sharpe"", 'Drake Powell', 'Nolan Traore', 'Terance Mann')",0.0833333333333333,2,0,0,0,0,0,0,0,0,0,1,0.0,0.0,0.0,0.0,0.0,0.0,0.0,0.0,0.0,0.0,0.0,46
22500704,BKN,DET,79.8,79.6,"('Ben Saraf', 'Danny Wolf', 'Drake Powell', 'Nic Claxton', 'Terance Mann')",1.95,2,2,8,0,1,1,2,2,0,1,0,4.0,3.88,0.0,0.0,0.0,0.0,4.0,2.0,0.0,6.0,7.88,46
22500704,BKN,DET,79.8,79.6,"('Danny Wolf', 'Egor Dëmin', 'Nic Claxton', 'Nolan Traore', 'Terance Mann')",5.166666666666665,3,3,13,5,5,1,4,4,0,4,0,10.0,10.32,3.0,0.0,0.0,0.0,6.0,6.0,0.0,10.0,20.32,46
22500704,BKN,DET,77.4,76.8,"('Cam Thomas', ""Day'Ron Sharpe"", 'Drake Powell', 'Jalen Wilson', 'Nolan Traore')",1.7416666666666665,3,8,4,1,0,0,1,1,1,0,4,4.52,5.44,0.0,0.0,0.0,0.0,0.0,0.0,0.0,0.0,9.96,46
22500704,BKN,DET,78.0,79.2,"('Ben Saraf', 'Cam Thomas', ""Day'Ron Sharpe"", 'Drake Powell', 'Jalen Wilson')",7.488333333333332,2,16,15,9,8,4,4,3,3,1,5,16.32,18.0,0.0,3.0,0.0,2.0,5.0,2.0,3.0,6.0,34.32,46
22500704,BKN,DET,78.8,77.4,"('Danny Wolf', 'Drake Powell', 'E.J. Liddell', 'Jalen Wilson', 'Tyrese Martin')",7.703333333333331,4,11,20,6,8,2,5,2,0,1,1,14.88,14.88,3.0,0.0,0.0,6.0,4.0,4.0,0.0,10.0,29.76,46
22500704,BKN,DET,79.2,79.6,"('Ben Saraf', 'Cam Thomas', 'Danny Wolf', 'Drake Powell', 'Nic Claxton')",0.6333333333333333,3,0,4,1,1,0,1,1,0,0,0,2.0,3.0,0.0,0.0,0.0,0.0,2.0,4.0,0.0,4.0,5.0,46
22500704,BKN,DET,78.0,76.8,"('Ben Saraf', 'Cam Thomas', ""Day'Ron Sharpe"", 'Drake Powell', 'Jalen Wilson')",4.066666666666666,3,7,12,4,4,2,3,2,0,3,2,9.44,9.32,0.0,0.0,0.0,0.0,4.0,4.0,0.0,6.0,18.76,46
22500704,BKN,DET,79.8,79.6,"('Danny Wolf', 'Egor Dëmin', 'Nic Claxton', 'Nolan Traore', 'Terance Mann')",6.916666666666665,1,17,20,6,6,5,6,1,1,4,2,15.32,14.64,0.0,2.0,2.0,14.0,0.0,0.0,2.0,8.0,29.96,46
22500704,BKN,DET,79.2,77.0,"('Cam Thomas', 'Danny Wolf', ""Day'Ron Sharpe"", 'E.J. Liddell', 'Terance Mann')",1.2166666666666666,4,0,3,1,1,0,1,2,0,1,0,3.0,2.0,0.0,0.0,0.0,0.0,3.0,0.0,0.0,0.0,5.0,46
22500704,BKN,DET,78.0,77.0,"('Cam Thomas', ""Day'Ron Sharpe"", 'Drake Powell', 'Jalen Wilson', 'Terance Mann')",2.3166666666666664,4,4,7,4,1,0,2,2,1,0,3,5.76,5.0,0.0,0.0,0.0,0.0,4.0,2.0,0.0,4.0,10.76,46
22500719,BKN,LAL,79.6,79.6,"('Ben Saraf', 'Cam Thomas', ""Day'Ron Sharpe"", 'Michael Porter Jr.', 'Ziaire Williams')",1.65,1,6,3,2,1,0,1,0,2,1,1,4.88,4.44,0.0,2.0,2.0,4.0,0.0,0.0,0.0,2.0,9.32,47
22500719,BKN,LAL,79.8,79.8,"('Ben Saraf', 'Cam Thomas', 'Danny Wolf', ""Day'Ron Sharpe"", 'Ziaire Williams')",1.95,1,4,9,2,3,1,1,2,0,2,0,6.0,5.88,0.0,2.0,2.0,2.0,4.0,4.0,2.0,4.0,11.88,47
22500719,BKN,LAL,81.6,79.6,"('Egor Dëmin', 'Michael Porter Jr.', 'Nic Claxton', 'Noah Clowney', 'Ziaire Williams')",0.5,1,2,3,1,0,0,0,0,0,1,0,1.0,1.44,0.0,0.0,2.0,2.0,0.0,0.0,0.0,2.0,2.44,47
22500719,BKN,LAL,79.6,79.4,"('Ben Saraf', 'Cam Thomas', ""Day'Ron Sharpe"", 'Michael Porter Jr.', 'Ziaire Williams')",2.6333333333333333,3,12,8,1,1,4,1,0,0,0,0,6.0,5.0,0.0,0.0,0.0,6.0,0.0,0.0,0.0,8.0,11.0,47
22500719,BKN,LAL,79.8,79.6,"('Ben Saraf', 'Cam Thomas', 'Danny Wolf', ""Day'Ron Sharpe"", 'Ziaire Williams')",1.5983333333333332,3,5,3,2,0,2,1,0,0,1,0,2.0,2.0,0.0,0.0,2.0,2.0,0.0,0.0,0.0,0.0,4.0,47
22500719,BKN,LAL,81.2,79.6,"('Ben Saraf', 'Danny Wolf', ""Day'Ron Sharpe"", 'Noah Clowney', 'Ziaire Williams')",0.1183333333333333,3,2,0,0,0,1,0,0,1,0,0,1.0,1.0,2.0,2.0,0.0,2.0,0.0,0.0,0.0,0.0,2.0,47
22500719,BKN,LAL,79.2,79.6,"('Cam Thomas', 'Michael Porter Jr.', 'Nic Claxton', 'Nolan Traore', 'Ziaire Williams')",0.9833333333333334,3,3,2,2,2,1,0,0,1,0,0,2.0,3.0,0.0,3.0,0.0,0.0,0.0,0.0,2.0,2.0,5.0,47
22500719,BKN,LAL,80.4,79.6,"('Danny Wolf', ""Day'Ron Sharpe"", 'Egor Dëmin', 'Noah Clowney', 'Nolan Traore')",0.7333333333333333,2,0,2,1,1,0,0,0,0,2,0,1.0,2.88,0.0,0.0,0.0,0.0,0.0,0.0,0.0,0.0,3.88,47
22500719,BKN,LAL,79.4,79.4,"('Cam Thomas', 'Drake Powell', 'Egor Dëmin', 'Michael Porter Jr.', 'Nic Claxton')",0.7666666666666666,2,2,4,0,0,1,1,1,0,0,0,2.0,2.0,0.0,2.0,0.0,2.0,2.0,2.0,0.0,4.0,4.0,47
22500719,BKN,LAL,80.4,79.6,"('Cam Thomas', 'Danny Wolf', ""Day'Ron Sharpe"", 'Egor Dëmin', 'Noah Clowney')",2.166666666666667,2,1,5,0,5,0,1,2,1,1,1,5.44,4.44,0.0,0.0,0.0,0.0,2.0,0.0,2.0,2.0,9.88,47
22500719,BKN,LAL,79.6,79.4,"('Cam Thomas', 'Drake Powell', 'Michael Porter Jr.', 'Nic Claxton', 'Ziaire Williams')",2.916666666666667,2,4,8,2,4,1,0,1,2,2,2,7.0,7.88,0.0,0.0,0.0,4.0,2.0,4.0,0.0,6.0,14.88,47
22500719,BKN,LAL,80.2,80.4,"(""Day'Ron Sharpe"", 'Egor Dëmin', 'Michael Porter Jr.', 'Noah Clowney', 'Nolan Traore')",5.134999999999999,2,10,5,9,3,4,1,3,2,0,2,12.44,12.44,2.0,0.0,3.0,6.0,0.0,0.0,2.0,4.0,24.88,47
22500719,BKN,LAL,80.4,79.8,"('Egor Dëmin', 'Michael Porter Jr.', 'Nic Claxton', 'Noah Clowney', 'Nolan Traore')",5.3,1,9,18,2,6,2,4,2,0,3,2,12.88,11.32,0.0,0.0,0.0,2.0,4.0,7.0,0.0,8.0,24.200000000000003,47
22500719,BKN,LAL,79.8,80.4,"('Ben Saraf', 'Cam Thomas', 'Michael Porter Jr.', 'Nic Claxton', 'Ziaire Williams')",1.905,1,2,11,0,2,0,2,0,0,1,1,3.0,4.32,0.0,0.0,0.0,2.0,0.0,3.0,0.0,2.0,7.32,47
22500719,BKN,LAL,80.2,79.4,"('Ben Saraf', 'Cam Thomas', 'Danny Wolf', 'Michael Porter Jr.', 'Nic Claxton')",1.6166666666666667,4,4,2,3,0,0,1,0,0,0,1,2.0,3.0,0.0,0.0,2.0,4.0,0.0,0.0,0.0,2.0,5.0,47
22500719,BKN,LAL,79.8,79.0,"('Ben Saraf', 'Cam Thomas', 'Danny Wolf', ""Day'Ron Sharpe"", 'Ziaire Williams')",4.55,4,12,12,3,1,4,1,3,2,5,0,9.0,9.52,5.0,2.0,5.0,6.0,0.0,2.0,0.0,2.0,18.52,47
22500719,BKN,LAL,80.6,78.8,"('Danny Wolf', 'Egor Dëmin', 'Michael Porter Jr.', 'Nic Claxton', 'Nolan Traore')",1.1333333333333335,4,2,3,3,2,0,1,1,0,1,0,4.0,3.44,0.0,0.0,2.0,2.0,0.0,2.0,0.0,2.0,7.439999999999999,47
22500719,BKN,LAL,80.2,79.0,"('Danny Wolf', ""Day'Ron Sharpe"", 'Egor Dëmin', 'Nolan Traore', 'Ziaire Williams')",4.461666666666667,4,17,8,9,2,5,3,2,0,0,1,10.44,10.0,6.0,0.0,5.0,10.0,2.0,2.0,0.0,6.0,20.44,47
22500719,BKN,LAL,80.4,79.4,"('Egor Dëmin', 'Michael Porter Jr.', 'Nic Claxton', 'Noah Clowney', 'Nolan Traore')",6.316666666666667,3,12,18,5,7,2,6,3,1,0,2,13.88,15.0,2.0,2.0,2.0,8.0,5.0,4.0,2.0,10.0,28.880000000000003,47
22500719,BKN,LAL,81.2,79.6,"('Ben Saraf', 'Michael Porter Jr.', 'Nic Claxton', 'Noah Clowney', 'Ziaire Williams')",0.3666666666666666,1,0,1,1,1,0,0,0,0,1,0,1.0,2.44,0.0,0.0,0.0,0.0,0.0,0.0,0.0,0.0,3.44,47
22500734,BKN,ORL,81.4,79.2,"('Ben Saraf', 'Danny Wolf', 'Michael Porter Jr.', 'Nic Claxton', 'Ziaire Williams')",1.7666666666666666,2,4,6,1,2,1,2,0,0,0,0,4.0,3.88,0.0,0.0,0.0,4.0,0.0,2.0,0.0,2.0,7.88,48
22500734,BKN,ORL,80.4,80.2,"('Egor Dëmin', 'Michael Porter Jr.', 'Nic Claxton', 'Noah Clowney', 'Nolan Traore')",4.633333333333334,2,8,10,6,6,1,2,2,2,3,4,11.76,10.32,2.0,0.0,0.0,4.0,0.0,2.0,0.0,4.0,22.08,48
22500734,BKN,ORL,81.2,79.2,"('Ben Saraf', 'Danny Wolf', ""Day'Ron Sharpe"", 'Michael Porter Jr.', 'Ziaire Williams')",1.6833333333333331,2,0,2,2,3,0,1,2,1,2,0,3.0,3.0,0.0,0.0,0.0,0.0,2.0,0.0,0.0,2.0,6.0,48
22500734,BKN,ORL,80.6,79.6,"('Michael Porter Jr.', 'Nic Claxton', 'Noah Clowney', 'Nolan Traore', 'Ziaire Williams')",0.6833333333333333,2,0,5,0,1,0,1,0,0,1,0,1.0,1.88,0.0,0.0,0.0,0.0,0.0,0.0,0.0,0.0,2.88,48
22500734,BKN,ORL,79.8,79.4,"('Danny Wolf', 'Drake Powell', 'Nic Claxton', 'Nolan Traore', 'Ziaire Williams')",0.44,2,0,0,1,1,0,0,0,0,0,0,1.0,1.0,0.0,0.0,0.0,0.0,0.0,0.0,0.0,0.0,2.0,48
22500734,BKN,ORL,80.4,78.8,"('Egor Dëmin', 'Michael Porter Jr.', 'Nic Claxton', 'Noah Clowney', 'Nolan Traore')",7.316666666666664,1,15,17,7,9,5,4,1,2,2,3,15.44,16.439999999999998,2.0,0.0,0.0,6.0,2.0,0.0,4.0,8.0,31.879999999999995,48
22500734,BKN,ORL,80.2,79.2,"('Ben Saraf', 'Danny Wolf', ""Day'Ron Sharpe"", 'Drake Powell', 'Ziaire Williams')",2.111666666666667,1,1,5,3,2,0,1,2,1,4,1,7.44,6.32,0.0,0.0,0.0,0.0,0.0,0.0,0.0,2.0,13.760000000000002,48
22500734,BKN,ORL,80.0,79.4,"('Ben Saraf', ""Day'Ron Sharpe"", 'Drake Powell', 'Michael Porter Jr.', 'Ziaire Williams')",0.7333333333333333,1,3,0,0,0,1,0,0,1,0,2,2.0,1.0,0.0,0.0,0.0,0.0,0.0,0.0,0.0,0.0,3.0,48
22500734,BKN,ORL,79.6,79.4,"('Drake Powell', 'Michael Porter Jr.', 'Nic Claxton', 'Nolan Traore', 'Ziaire Williams')",1.0,1,0,5,0,1,0,2,1,0,0,0,2.0,2.0,0.0,0.0,0.0,0.0,3.0,0.0,0.0,2.0,4.0,48
22500734,BKN,ORL,80.6,79.8,"('Danny Wolf', 'Egor Dëmin', 'Michael Porter Jr.', 'Nic Claxton', 'Nolan Traore')",2.3549999999999995,2,9,6,2,0,2,2,2,0,1,2,6.88,5.0,0.0,0.0,0.0,4.0,2.0,2.0,0.0,6.0,11.88,48
22500734,BKN,ORL,80.2,79.4,"('Ben Saraf', 'Danny Wolf', ""Day'Ron Sharpe"", 'Drake Powell', 'Ziaire Williams')",0.0,3,0,0,0,0,0,0,0,0,0,0,0.0,0.0,0.0,0.0,0.0,0.0,0.0,0.0,0.0,0.0,0.0,48
22500734,BKN,ORL,80.0,79.4,"('Ben Saraf', ""Day'Ron Sharpe"", 'Drake Powell', 'Michael Porter Jr.', 'Ziaire Williams')",2.6949999999999994,3,6,10,1,4,1,3,2,1,3,1,7.88,6.88,0.0,2.0,2.0,4.0,2.0,2.0,2.0,8.0,14.76,48
22500734,BKN,ORL,80.6,79.2,"('Danny Wolf', 'Egor Dëmin', 'Nic Claxton', 'Noah Clowney', 'Nolan Traore')",2.3833333333333333,3,6,5,4,2,2,2,1,1,1,0,7.0,5.0,3.0,0.0,0.0,0.0,2.0,0.0,0.0,2.0,12.0,48
22500734,BKN,ORL,79.6,79.4,"('Danny Wolf', ""Day'Ron Sharpe"", 'Drake Powell', 'Nolan Traore', 'Ziaire Williams')",1.6999999999999995,3,5,0,3,2,0,0,0,0,0,2,5.32,4.0,2.0,0.0,0.0,2.0,0.0,0.0,0.0,0.0,9.32,48
22500734,BKN,ORL,80.4,79.2,"('Danny Wolf', 'Egor Dëmin', 'Nic Claxton', 'Nolan Traore', 'Ziaire Williams')",0.9333333333333332,3,0,4,0,1,0,2,0,0,0,1,1.0,2.0,0.0,0.0,0.0,0.0,0.0,0.0,0.0,2.0,3.0,48
22500734,BKN,ORL,80.4,78.8,"('Egor Dëmin', 'Michael Porter Jr.', 'Nic Claxton', 'Noah Clowney', 'Nolan Traore')",2.6166666666666667,4,5,8,0,3,2,2,1,2,3,1,6.0,7.88,2.0,5.0,0.0,2.0,0.0,0.0,2.0,6.0,13.88,48
22500734,BKN,ORL,79.4,79.4,"(""Day'Ron Sharpe"", 'Drake Powell', 'Michael Porter Jr.', 'Nolan Traore', 'Ziaire Williams')",2.1,4,4,4,0,1,0,1,0,1,2,0,3.0,2.88,0.0,2.0,0.0,4.0,0.0,0.0,0.0,2.0,5.88,48
22500734,BKN,ORL,80.6,79.4,"('Michael Porter Jr.', 'Nic Claxton', 'Noah Clowney', 'Nolan Traore', 'Ziaire Williams')",0.0,1,0,0,0,0,0,0,0,0,0,0,0.0,0.0,0.0,0.0,0.0,0.0,0.0,0.0,0.0,0.0,0.0,48
22500734,BKN,ORL,80.4,79.6,"('Egor Dëmin', 'Michael Porter Jr.', 'Nic Claxton', 'Noah Clowney', 'Nolan Traore')",3.55,3,10,13,0,1,2,4,2,0,1,1,7.88,7.44,0.0,0.0,3.0,0.0,4.0,2.0,3.0,6.0,15.32,48
22500734,BKN,ORL,78.6,78.8,"('Ben Saraf', 'Danny Wolf', 'Drake Powell', 'Egor Dëmin', 'Nolan Traore')",5.563333333333333,4,19,14,5,3,4,3,1,1,0,3,13.32,10.44,4.0,2.0,5.0,10.0,2.0,2.0,2.0,10.0,23.76,48
22500734,BKN,ORL,79.4,78.8,"('Danny Wolf', ""Day'Ron Sharpe"", 'Drake Powell', 'Egor Dëmin', 'Nolan Traore')",1.0833333333333333,4,3,4,1,0,1,0,2,0,1,0,3.0,3.88,0.0,0.0,0.0,0.0,0.0,0.0,0.0,2.0,6.88,48
22500747,BKN,WAS,79.6,77.2,"('Ben Saraf', 'Danny Wolf', ""Day'Ron Sharpe"", 'Drake Powell', 'Terance Mann')",4.083333333333333,4,11,8,5,2,3,1,0,1,1,1,8.44,8.0,0.0,0.0,2.0,10.0,0.0,0.0,0.0,8.0,16.439999999999998,49
22500747,BKN,WAS,79.4,77.2,"('Ben Saraf', ""Day'Ron Sharpe"", 'Drake Powell', 'Michael Porter Jr.', 'Terance Mann')",0.9833333333333334,1,4,0,2,0,2,0,0,0,0,0,3.0,2.0,0.0,0.0,2.0,4.0,0.0,0.0,0.0,0.0,5.0,49
22500747,BKN,WAS,80.4,77.2,"('Egor Dëmin', 'Michael Porter Jr.', 'Nic Claxton', 'Noah Clowney', 'Nolan Traore')",6.133333333333333,4,12,17,3,5,2,4,1,1,2,4,11.76,12.32,0.0,3.0,0.0,2.0,3.0,2.0,0.0,8.0,24.08,49
22500747,BKN,WAS,80.4,79.4,"('Egor Dëmin', 'Michael Porter Jr.', 'Nic Claxton', 'Noah Clowney', 'Nolan Traore')",5.633333333333332,1,19,13,6,2,4,3,1,3,3,3,12.32,11.76,0.0,5.0,5.0,8.0,0.0,0.0,0.0,6.0,24.08,49
22500747,BKN,WAS,79.8,77.2,"('Drake Powell', 'Michael Porter Jr.', 'Nic Claxton', 'Noah Clowney', 'Nolan Traore')",1.65,4,3,6,0,2,1,2,0,0,1,2,3.0,2.44,0.0,0.0,0.0,0.0,0.0,5.0,0.0,2.0,5.44,49
22500747,BKN,WAS,80.4,78.4,"('Egor Dëmin', 'Michael Porter Jr.', 'Nic Claxton', 'Noah Clowney', 'Nolan Traore')",4.9,3,5,18,3,8,2,3,2,0,3,2,9.0,11.88,0.0,0.0,0.0,2.0,5.0,2.0,7.0,10.0,20.880000000000003,49
22500747,BKN,WAS,79.6,78.2,"('Ben Saraf', 'Danny Wolf', ""Day'Ron Sharpe"", 'Drake Powell', 'Terance Mann')",5.7316666666666665,3,13,14,6,1,6,2,4,1,4,2,12.0,10.76,2.0,2.0,2.0,8.0,2.0,0.0,0.0,4.0,22.76,49
22500747,BKN,WAS,79.8,77.2,"('Danny Wolf', ""Day'Ron Sharpe"", 'Drake Powell', 'Michael Porter Jr.', 'Nolan Traore')",0.6666666666666666,3,3,3,0,0,1,0,0,0,0,0,1.0,1.0,0.0,0.0,0.0,0.0,3.0,0.0,0.0,0.0,2.0,49
22500747,BKN,WAS,79.6,77.2,"('Ben Saraf', 'Danny Wolf', ""Day'Ron Sharpe"", 'Drake Powell', 'Terance Mann')",3.268333333333333,1,19,3,7,1,6,0,0,3,2,0,9.0,9.32,7.0,7.0,4.0,10.0,0.0,0.0,0.0,0.0,18.32,49
22500747,BKN,WAS,81.0,79.4,"('Ben Saraf', 'Egor Dëmin', 'Michael Porter Jr.', 'Nic Claxton', 'Noah Clowney')",1.7166666666666666,1,4,4,0,1,2,1,1,2,0,1,4.0,4.0,0.0,2.0,0.0,4.0,0.0,2.0,0.0,4.0,8.0,49
22500747,BKN,WAS,79.6,77.2,"('Ben Saraf', 'Danny Wolf', ""Day'Ron Sharpe"", 'Drake Powell', 'Terance Mann')",3.5833333333333344,2,7,3,7,3,2,0,2,2,1,2,8.44,9.32,0.0,0.0,0.0,6.0,0.0,0.0,0.0,0.0,17.759999999999998,49
22500747,BKN,WAS,80.6,77.2,"('Ben Saraf', 'Danny Wolf', 'Drake Powell', 'Michael Porter Jr.', 'Nic Claxton')",1.1833333333333331,2,5,3,1,0,1,0,0,0,0,1,2.44,2.0,0.0,2.0,0.0,4.0,0.0,0.0,0.0,0.0,4.44,49
22500747,BKN,WAS,80.4,78.4,"('Egor Dëmin', 'Michael Porter Jr.', 'Nic Claxton', 'Noah Clowney', 'Nolan Traore')",4.149999999999999,2,10,12,5,4,2,1,2,1,5,3,11.76,12.08,0.0,0.0,0.0,4.0,0.0,0.0,0.0,2.0,23.84,49
22500747,BKN,WAS,81.0,78.4,"('Ben Saraf', 'Egor Dëmin', 'Michael Porter Jr.', 'Nic Claxton', 'Noah Clowney')",2.786666666666666,2,12,9,0,1,2,1,0,1,0,0,6.0,6.44,2.0,2.0,0.0,4.0,0.0,0.0,0.0,4.0,12.44,49
22500762,BKN,CHI,80.8,77.0,"('Danny Wolf', 'Nic Claxton', 'Noah Clowney', 'Nolan Traore', 'Ziaire Williams')",0.1333333333333333,4,0,0,0,0,0,0,0,0,1,0,0.0,0.0,0.0,0.0,0.0,0.0,0.0,0.0,0.0,0.0,0.0,50
22500762,BKN,CHI,78.8,76.4,"('Drake Powell', 'Jalen Wilson', 'Nic Claxton', 'Nolan Traore', 'Ziaire Williams')",4.949999999999998,4,14,10,7,1,4,0,2,0,3,3,10.76,10.88,0.0,0.0,2.0,10.0,0.0,0.0,0.0,4.0,21.64,50
22500762,BKN,CHI,80.6,75.8,"('Danny Wolf', 'Drake Powell', 'Nic Claxton', 'Noah Clowney', 'Terance Mann')",0.5233333333333333,2,2,3,0,0,1,0,0,0,0,0,1.0,1.44,0.0,0.0,0.0,2.0,0.0,0.0,0.0,2.0,2.44,50
22500762,BKN,CHI,79.6,77.6,"('Drake Powell', 'Nic Claxton', 'Noah Clowney', 'Nolan Traore', 'Ziaire Williams')",1.3666666666666665,3,3,7,1,3,1,1,2,0,0,0,4.0,4.0,0.0,0.0,0.0,0.0,2.0,2.0,4.0,4.0,8.0,50
22500762,BKN,CHI,80.2,77.8,"('Danny Wolf', 'Nic Claxton', 'Noah Clowney', 'Nolan Traore', 'Terance Mann')",3.8466666666666662,4,12,10,4,3,2,2,0,1,1,2,7.76,9.88,0.0,2.0,2.0,8.0,2.0,0.0,2.0,6.0,17.64,50
22500762,BKN,CHI,80.2,75.8,"('Danny Wolf', 'Nic Claxton', 'Noah Clowney', 'Nolan Traore', 'Terance Mann')",4.558333333333333,2,15,10,4,3,4,0,1,1,4,2,13.0,9.76,4.0,4.0,2.0,12.0,2.0,0.0,2.0,4.0,22.76,50
22500762,BKN,CHI,79.2,77.2,"('Ben Saraf', ""Day'Ron Sharpe"", 'Drake Powell', 'Jalen Wilson', 'Ziaire Williams')",4.346666666666667,1,6,13,3,6,2,3,1,2,1,2,11.88,11.0,4.0,2.0,0.0,4.0,2.0,4.0,4.0,10.0,22.880000000000003,50
22500762,BKN,CHI,80.2,77.8,"('Danny Wolf', 'Nic Claxton', 'Noah Clowney', 'Nolan Traore', 'Terance Mann')",6.699999999999997,1,18,18,8,5,3,5,4,2,2,2,15.88,16.32,5.0,2.0,4.0,10.0,2.0,0.0,2.0,6.0,32.2,50
22500762,BKN,CHI,80.2,77.6,"('Danny Wolf', 'Nic Claxton', 'Noah Clowney', 'Nolan Traore', 'Terance Mann')",6.749999999999998,3,24,17,5,6,6,3,0,2,4,5,16.759999999999998,14.08,0.0,2.0,0.0,8.0,0.0,0.0,0.0,4.0,30.84,50
22500762,BKN,CHI,78.8,77.8,"('Drake Powell', 'Jalen Wilson', 'Nic Claxton', 'Nolan Traore', 'Ziaire Williams')",2.1,2,2,1,4,3,0,0,1,3,1,1,5.0,6.44,0.0,0.0,2.0,2.0,0.0,0.0,0.0,0.0,11.44,50
22500762,BKN,CHI,79.2,77.0,"('Ben Saraf', ""Day'Ron Sharpe"", 'Drake Powell', 'Jalen Wilson', 'Ziaire Williams')",3.846666666666668,3,2,11,3,3,1,2,6,2,4,0,11.0,11.76,0.0,2.0,0.0,2.0,3.0,2.0,3.0,4.0,22.76,50
22500762,BKN,CHI,81.2,77.8,"('Danny Wolf', ""Day'Ron Sharpe"", 'Noah Clowney', 'Terance Mann', 'Ziaire Williams')",2.916666666666667,4,8,6,0,1,1,2,0,3,1,1,6.44,7.44,3.0,3.0,0.0,4.0,0.0,0.0,0.0,2.0,13.88,50
22500762,BKN,CHI,79.2,76.4,"('Ben Saraf', ""Day'Ron Sharpe"", 'Drake Powell', 'Jalen Wilson', 'Ziaire Williams')",4.75,2,14,9,6,4,2,2,1,1,0,2,9.76,9.0,0.0,0.0,2.0,4.0,2.0,0.0,0.0,4.0,18.76,50
22500762,BKN,CHI,79.6,77.6,"('Drake Powell', 'Nic Claxton', 'Noah Clowney', 'Nolan Traore', 'Ziaire Williams')",0.9,1,3,0,2,1,1,0,0,1,0,2,2.0,3.0,0.0,0.0,0.0,0.0,0.0,0.0,0.0,0.0,5.0,50
22500779,BKN,IND,79.2,77.6,"(""Day'Ron Sharpe"", 'Egor Dëmin', 'Nolan Traore', 'Terance Mann', 'Ziaire Williams')",7.633333333333331,1,25,11,11,5,6,2,0,2,1,2,15.32,14.0,0.0,2.0,10.0,10.0,0.0,0.0,0.0,8.0,29.32,51
22500779,BKN,IND,78.6,78.2,"('Ben Saraf', 'Danny Wolf', 'Drake Powell', 'Jalen Wilson', 'Ochai Agbaji')",2.746666666666667,1,4,5,4,3,0,1,1,1,1,2,7.88,5.0,0.0,0.0,0.0,2.0,0.0,0.0,0.0,2.0,12.88,51
22500779,BKN,IND,79.6,78.8,"('Danny Wolf', ""Day'Ron Sharpe"", 'Egor Dëmin', 'Nolan Traore', 'Terance Mann')",0.0,2,0,0,0,0,0,0,0,0,0,0,0.0,0.0,0.0,0.0,0.0,0.0,0.0,0.0,0.0,0.0,0.0,51
22500779,BKN,IND,79.4,77.4,"('Danny Wolf', ""Day'Ron Sharpe"", 'Drake Powell', 'Egor Dëmin', 'Nolan Traore')",2.4,2,10,8,1,1,3,3,0,0,0,1,4.88,4.0,0.0,0.0,0.0,2.0,0.0,0.0,0.0,2.0,8.879999999999999,51
22500779,BKN,IND,78.6,77.4,"('Ben Saraf', 'Danny Wolf', 'Drake Powell', 'Jalen Wilson', 'Ochai Agbaji')",4.4833333333333325,2,12,14,6,5,4,4,0,0,2,0,10.0,10.88,0.0,0.0,2.0,6.0,0.0,3.0,0.0,6.0,20.880000000000003,51
22500779,BKN,IND,79.2,78.8,"(""Day'Ron Sharpe"", 'Egor Dëmin', 'Nolan Traore', 'Terance Mann', 'Ziaire Williams')",4.875000000000001,2,11,13,6,5,2,2,2,0,3,3,10.76,11.88,0.0,0.0,0.0,4.0,2.0,4.0,2.0,8.0,22.64,51
22500779,BKN,IND,79.8,77.4,"('Ben Saraf', 'Danny Wolf', 'Egor Dëmin', 'Ochai Agbaji', 'Ziaire Williams')",0.8833333333333334,1,0,0,2,2,0,0,0,0,0,0,2.0,2.0,0.0,0.0,0.0,0.0,0.0,0.0,0.0,0.0,4.0,51
22500779,BKN,IND,79.4,77.4,"('Ben Saraf', 'Danny Wolf', 'Egor Dëmin', 'Nolan Traore', 'Ziaire Williams')",0.7333333333333333,1,2,2,0,0,1,1,1,0,0,0,2.0,2.0,0.0,0.0,0.0,2.0,2.0,0.0,0.0,2.0,4.0,51
22500779,BKN,IND,79.2,79.2,"(""Day'Ron Sharpe"", 'Egor Dëmin', 'Nolan Traore', 'Terance Mann', 'Ziaire Williams')",6.593333333333334,4,11,15,5,7,2,2,3,4,4,1,15.0,15.2,4.0,4.0,0.0,6.0,0.0,0.0,3.0,4.0,30.2,51
22500779,BKN,IND,80.2,77.4,"('Danny Wolf', ""Day'Ron Sharpe"", 'Egor Dëmin', 'Nolan Traore', 'Ziaire Williams')",1.35,3,4,4,0,3,1,1,1,2,0,0,4.0,4.0,2.0,2.0,0.0,4.0,4.0,0.0,4.0,4.0,8.0,51
22500779,BKN,IND,78.6,78.2,"('Ben Saraf', 'Danny Wolf', 'Drake Powell', 'Jalen Wilson', 'Ochai Agbaji')",3.225,3,4,11,4,2,0,4,4,0,2,2,7.76,9.0,0.0,0.0,0.0,0.0,5.0,2.0,0.0,6.0,16.759999999999998,51
22500779,BKN,IND,79.2,77.4,"(""Day'Ron Sharpe"", 'Egor Dëmin', 'Nolan Traore', 'Terance Mann', 'Ziaire Williams')",5.683333333333332,3,18,13,4,3,6,5,4,1,2,4,13.88,11.0,0.0,3.0,0.0,4.0,5.0,7.0,2.0,10.0,24.880000000000003,51
22500779,BKN,IND,79.4,78.0,"('Danny Wolf', ""Day'Ron Sharpe"", 'Drake Powell', 'Egor Dëmin', 'Nolan Traore')",1.0166666666666666,4,2,3,0,2,0,0,0,0,1,0,2.0,2.44,0.0,0.0,0.0,2.0,0.0,0.0,2.0,2.0,4.44,51
22500779,BKN,IND,78.6,78.0,"('Ben Saraf', 'Danny Wolf', 'Drake Powell', 'Jalen Wilson', 'Ochai Agbaji')",4.333333333333333,4,7,13,4,3,0,3,0,0,2,3,7.32,8.0,0.0,0.0,2.0,4.0,0.0,0.0,0.0,4.0,15.32,51
22500779,BKN,IND,79.4,77.4,"('Danny Wolf', ""Day'Ron Sharpe"", 'Drake Powell', 'Egor Dëmin', 'Nolan Traore')",0.5499999999999999,3,0,3,0,1,0,1,0,0,0,0,1.0,2.0,0.0,0.0,0.0,0.0,0.0,0.0,0.0,0.0,3.0,51
22500793,BKN,CLE,79.2,77.8,"('Egor Dëmin', 'Michael Porter Jr.', 'Noah Clowney', 'Nolan Traore', 'Ochai Agbaji')",5.516666666666666,2,19,17,4,5,6,3,0,1,2,0,12.0,12.88,5.0,3.0,0.0,6.0,0.0,0.0,0.0,6.0,24.880000000000003,52
22500793,BKN,CLE,79.6,77.0,"('Danny Wolf', ""Day'Ron Sharpe"", 'Egor Dëmin', 'Nolan Traore', 'Terance Mann')",1.3166666666666669,3,4,2,1,0,1,1,0,0,0,1,3.44,2.0,0.0,0.0,0.0,0.0,0.0,0.0,0.0,2.0,5.44,52
22500793,BKN,CLE,80.2,77.0,"('Danny Wolf', ""Day'Ron Sharpe"", 'Ochai Agbaji', 'Terance Mann', 'Ziaire Williams')",1.2666666666666668,3,0,3,1,2,0,1,0,0,1,0,2.0,1.44,0.0,0.0,0.0,0.0,0.0,0.0,0.0,2.0,3.44,52
22500793,BKN,CLE,80.2,79.2,"(""Day'Ron Sharpe"", 'Egor Dëmin', 'Michael Porter Jr.', 'Noah Clowney', 'Nolan Traore')",4.583333333333332,3,2,15,2,7,0,2,2,0,2,1,8.88,9.0,0.0,0.0,0.0,0.0,3.0,6.0,0.0,2.0,17.880000000000003,52
22500793,BKN,CLE,79.2,77.4,"('Danny Wolf', 'Drake Powell', 'Ochai Agbaji', 'Terance Mann', 'Ziaire Williams')",4.35,3,13,12,2,5,5,2,0,2,1,2,9.0,11.32,2.0,4.0,0.0,4.0,0.0,0.0,0.0,6.0,20.32,52
22500793,BKN,CLE,79.2,76.4,"('Danny Wolf', 'Drake Powell', 'Ochai Agbaji', 'Terance Mann', 'Ziaire Williams')",4.433333333333334,4,7,2,6,5,2,1,2,4,2,2,10.88,11.0,2.0,2.0,0.0,2.0,2.0,0.0,0.0,2.0,21.880000000000003,52
22500793,BKN,CLE,78.6,76.4,"('Danny Wolf', 'Egor Dëmin', 'Jalen Wilson', 'Nolan Traore', 'Ochai Agbaji')",4.616666666666666,4,7,4,5,6,2,0,1,1,0,1,9.88,9.0,0.0,0.0,0.0,2.0,2.0,2.0,2.0,4.0,18.880000000000003,52
22500793,BKN,CLE,78.6,76.4,"('Danny Wolf', 'Egor Dëmin', 'Nolan Traore', 'Ochai Agbaji', 'Terance Mann')",0.2833333333333333,4,0,0,0,0,0,0,0,0,0,2,1.0,0.0,0.0,0.0,0.0,0.0,0.0,0.0,0.0,0.0,1.0,52
22500793,BKN,CLE,80.0,77.8,"('Egor Dëmin', 'Michael Porter Jr.', 'Noah Clowney', 'Nolan Traore', 'Ziaire Williams')",1.7033333333333334,2,3,7,0,4,1,2,0,1,1,0,3.44,4.44,2.0,2.0,0.0,2.0,0.0,0.0,4.0,6.0,7.880000000000001,52
22500793,BKN,CLE,80.2,77.0,"(""Day'Ron Sharpe"", 'Drake Powell', 'Michael Porter Jr.', 'Noah Clowney', 'Terance Mann')",1.1666666666666667,1,2,3,1,1,1,1,0,0,0,0,3.0,2.0,0.0,0.0,2.0,2.0,0.0,0.0,0.0,0.0,5.0,52
22500793,BKN,CLE,79.4,77.4,"('Michael Porter Jr.', 'Noah Clowney', 'Nolan Traore', 'Ochai Agbaji', 'Ziaire Williams')",0.9666666666666668,2,3,2,1,1,1,1,0,0,1,0,2.0,3.0,0.0,0.0,0.0,0.0,0.0,0.0,0.0,2.0,5.0,52
22500793,BKN,CLE,80.2,76.8,"('Danny Wolf', ""Day'Ron Sharpe"", 'Ochai Agbaji', 'Terance Mann', 'Ziaire Williams')",0.4499999999999999,2,0,2,0,0,0,1,1,0,0,0,1.0,1.0,0.0,0.0,0.0,0.0,2.0,2.0,0.0,2.0,2.0,52
22500793,BKN,CLE,79.8,76.8,"('Danny Wolf', ""Day'Ron Sharpe"", 'Nolan Traore', 'Terance Mann', 'Ziaire Williams')",2.833333333333333,2,7,8,3,3,1,3,0,2,1,1,7.0,6.44,0.0,0.0,5.0,4.0,0.0,2.0,0.0,4.0,13.44,52
22500793,BKN,CLE,80.4,77.4,"(""Day'Ron Sharpe"", 'Michael Porter Jr.', 'Noah Clowney', 'Nolan Traore', 'Ziaire Williams')",0.2,2,0,0,1,0,0,0,1,0,1,0,1.0,1.0,0.0,0.0,0.0,0.0,0.0,0.0,0.0,0.0,2.0,52
22500793,BKN,CLE,80.2,77.0,"(""Day'Ron Sharpe"", 'Egor Dëmin', 'Michael Porter Jr.', 'Noah Clowney', 'Nolan Traore')",5.3166666666666655,1,10,18,2,7,2,6,1,2,3,2,12.88,12.88,0.0,0.0,0.0,2.0,2.0,6.0,0.0,10.0,25.76,52
22500793,BKN,CLE,79.2,76.4,"('Danny Wolf', 'Drake Powell', 'Ochai Agbaji', 'Terance Mann', 'Ziaire Williams')",4.448333333333334,1,2,11,4,6,1,2,2,0,1,1,9.0,9.88,0.0,0.0,0.0,2.0,4.0,2.0,0.0,4.0,18.880000000000003,52
22500793,BKN,CLE,80.2,77.0,"('Danny Wolf', 'Drake Powell', 'Michael Porter Jr.', 'Terance Mann', 'Ziaire Williams')",0.8833333333333333,1,2,2,0,1,1,0,0,0,1,0,2.0,1.0,0.0,0.0,0.0,0.0,0.0,0.0,0.0,2.0,3.0,52
22500793,BKN,CLE,78.4,76.4,"(""Day'Ron Sharpe"", 'Egor Dëmin', 'Jalen Wilson', 'Nolan Traore', 'Ochai Agbaji')",0.35,4,0,2,1,0,0,0,1,0,0,0,1.0,2.0,0.0,0.0,0.0,0.0,2.0,2.0,0.0,2.0,3.0,52
22500793,BKN,CLE,79.6,76.4,"('Danny Wolf', ""Day'Ron Sharpe"", 'Egor Dëmin', 'Jalen Wilson', 'Nolan Traore')",1.8000000000000005,4,3,2,2,3,1,1,0,0,2,0,3.0,4.0,0.0,0.0,0.0,0.0,0.0,0.0,2.0,2.0,7.0,52
22500808,BKN,OKC,80.4,77.2,"('Danny Wolf', 'Egor Dëmin', 'Michael Porter Jr.', 'Noah Clowney', 'Nolan Traore')",1.7999999999999998,3,8,4,0,1,3,1,0,2,1,2,4.44,3.88,5.0,5.0,0.0,4.0,0.0,0.0,0.0,2.0,8.32,53
22500808,BKN,OKC,80.2,77.6,"(""Day'Ron Sharpe"", 'Egor Dëmin', 'Michael Porter Jr.', 'Noah Clowney', 'Nolan Traore')",4.333333333333333,4,8,8,5,4,2,1,3,1,1,2,9.32,9.44,0.0,0.0,0.0,2.0,3.0,0.0,0.0,2.0,18.76,53
22500808,BKN,OKC,80.2,79.4,"(""Day'Ron Sharpe"", 'Egor Dëmin', 'Michael Porter Jr.', 'Noah Clowney', 'Nolan Traore')",4.2333333333333325,3,9,9,5,6,1,1,1,0,1,2,8.879999999999999,8.0,0.0,0.0,2.0,4.0,0.0,0.0,4.0,6.0,16.88,53
22500808,BKN,OKC,79.6,77.6,"('Danny Wolf', 'Egor Dëmin', 'Jalen Wilson', 'Michael Porter Jr.', 'Nolan Traore')",1.3,3,3,5,1,0,1,1,1,0,1,1,2.44,1.88,0.0,0.0,0.0,2.0,0.0,0.0,0.0,0.0,4.32,53
22500808,BKN,OKC,81.0,78.2,"('Danny Wolf', ""Day'Ron Sharpe"", 'Egor Dëmin', 'Michael Porter Jr.', 'Terance Mann')",2.33,2,5,9,2,3,2,2,0,0,2,0,5.0,5.32,0.0,2.0,0.0,0.0,0.0,3.0,0.0,0.0,10.32,53
22500808,BKN,OKC,79.4,77.6,"('Danny Wolf', 'Drake Powell', 'Michael Porter Jr.', 'Ochai Agbaji', 'Terance Mann')",1.866666666666667,1,7,2,2,0,1,0,1,1,0,0,4.0,4.0,0.0,2.0,0.0,2.0,0.0,0.0,0.0,2.0,8.0,53
22500808,BKN,OKC,80.4,78.4,"('Danny Wolf', 'Egor Dëmin', 'Michael Porter Jr.', 'Noah Clowney', 'Nolan Traore')",0.8333333333333333,1,2,3,0,1,0,1,0,0,1,0,1.88,2.0,0.0,0.0,0.0,0.0,0.0,0.0,0.0,0.0,3.88,53
22500808,BKN,OKC,80.2,78.8,"(""Day'Ron Sharpe"", 'Egor Dëmin', 'Michael Porter Jr.', 'Noah Clowney', 'Nolan Traore')",5.749999999999997,1,12,10,7,7,2,2,0,3,2,1,12.0,12.76,2.0,2.0,2.0,12.0,0.0,0.0,3.0,0.0,24.76,53
22500808,BKN,OKC,80.4,78.6,"('Danny Wolf', 'Drake Powell', 'Michael Porter Jr.', 'Noah Clowney', 'Terance Mann')",1.4,1,2,2,3,1,0,1,1,0,2,1,2.88,3.0,0.0,0.0,0.0,0.0,0.0,0.0,2.0,2.0,5.88,53
22500808,BKN,OKC,78.6,79.6,"('Danny Wolf', 'Drake Powell', 'Jalen Wilson', 'Ochai Agbaji', 'Terance Mann')",2.6833333333333327,4,3,9,1,4,1,2,0,2,0,0,5.0,6.0,0.0,3.0,0.0,0.0,0.0,2.0,2.0,6.0,11.0,53
22500808,BKN,OKC,78.8,77.8,"(""Day'Ron Sharpe"", 'Drake Powell', 'Michael Porter Jr.', 'Nolan Traore', 'Terance Mann')",1.8666666666666667,4,5,2,0,0,2,1,1,1,2,2,4.44,2.0,0.0,2.0,0.0,2.0,2.0,2.0,0.0,2.0,6.44,53
22500808,BKN,OKC,80.4,78.0,"('Danny Wolf', 'Drake Powell', 'Michael Porter Jr.', 'Noah Clowney', 'Terance Mann')",0.9333333333333332,2,1,2,2,1,0,1,2,0,1,0,2.44,2.0,0.0,0.0,0.0,0.0,0.0,0.0,0.0,2.0,4.44,53
22500808,BKN,OKC,79.8,77.4,"(""Day'Ron Sharpe"", 'Michael Porter Jr.', 'Noah Clowney', 'Nolan Traore', 'Terance Mann')",1.0500000000000005,4,0,4,2,2,0,1,0,0,1,0,2.0,3.0,0.0,0.0,0.0,0.0,0.0,2.0,0.0,4.0,5.0,53
22500808,BKN,OKC,78.6,77.2,"('Danny Wolf', 'Drake Powell', 'Egor Dëmin', 'Jalen Wilson', 'Nolan Traore')",1.0983333333333332,4,2,4,0,1,0,1,0,1,0,1,2.88,2.44,0.0,0.0,0.0,0.0,0.0,0.0,0.0,0.0,5.32,53
22500808,BKN,OKC,78.4,78.0,"('Drake Powell', 'Jalen Wilson', 'Noah Clowney', 'Ochai Agbaji', 'Terance Mann')",0.95,2,1,2,2,1,0,0,0,0,0,1,1.44,2.0,0.0,0.0,0.0,0.0,0.0,0.0,0.0,2.0,3.44,53
22500808,BKN,OKC,79.2,78.6,"('Drake Powell', 'Egor Dëmin', 'Michael Porter Jr.', 'Noah Clowney', 'Nolan Traore')",0.2,2,0,0,0,0,0,0,0,1,0,1,1.0,1.0,0.0,0.0,0.0,0.0,0.0,0.0,0.0,0.0,2.0,53
22500808,BKN,OKC,80.8,78.8,"(""Day'Ron Sharpe"", 'Egor Dëmin', 'Michael Porter Jr.', 'Noah Clowney', 'Terance Mann')",1.0833333333333333,2,2,2,0,0,1,0,0,2,1,2,2.0,2.88,0.0,0.0,0.0,2.0,0.0,0.0,0.0,0.0,4.88,53
22500808,BKN,OKC,81.0,77.8,"('Danny Wolf', 'Egor Dëmin', 'Michael Porter Jr.', 'Noah Clowney', 'Terance Mann')",0.7383333333333333,2,0,3,0,2,0,0,0,0,1,0,2.0,1.32,0.0,0.0,0.0,0.0,0.0,0.0,0.0,0.0,3.3200000000000003,53
22500808,BKN,OKC,79.4,79.8,"('Danny Wolf', 'Drake Powell', 'Michael Porter Jr.', 'Ochai Agbaji', 'Terance Mann')",0.1966666666666666,3,0,0,0,0,0,0,0,0,0,0,1.0,0.0,0.0,0.0,0.0,0.0,0.0,0.0,0.0,0.0,1.0,53
22500808,BKN,OKC,78.6,77.6,"('Danny Wolf', 'Drake Powell', 'Jalen Wilson', 'Ochai Agbaji', 'Terance Mann')",1.865,1,0,4,1,3,0,1,2,0,1,0,4.0,3.88,0.0,0.0,0.0,0.0,2.0,0.0,0.0,2.0,7.88,53
22500808,BKN,OKC,78.4,78.8,"(""Day'Ron Sharpe"", 'Drake Powell', 'Jalen Wilson', 'Ochai Agbaji', 'Terance Mann')",2.9166666666666656,2,1,5,1,4,0,1,3,1,2,2,6.44,6.0,0.0,0.0,0.0,0.0,2.0,0.0,2.0,0.0,12.44,53
22500808,BKN,OKC,80.2,78.8,"(""Day'Ron Sharpe"", 'Egor Dëmin', 'Michael Porter Jr.', 'Noah Clowney', 'Nolan Traore')",2.1,2,0,6,2,1,0,1,3,1,0,0,5.0,5.0,0.0,0.0,0.0,0.0,4.0,2.0,0.0,6.0,10.0,53
22500808,BKN,OKC,78.6,77.8,"('Danny Wolf', 'Drake Powell', 'Jalen Wilson', 'Ochai Agbaji', 'Terance Mann')",0.3283333333333333,3,0,1,0,0,0,0,1,0,1,0,1.0,2.44,0.0,0.0,0.0,0.0,0.0,0.0,0.0,0.0,3.44,53
22500808,BKN,OKC,79.6,77.8,"('Danny Wolf', 'Drake Powell', 'Jalen Wilson', 'Michael Porter Jr.', 'Terance Mann')",3.4750000000000005,3,12,5,2,4,3,2,1,2,1,1,9.32,8.0,0.0,2.0,2.0,6.0,0.0,0.0,0.0,2.0,17.32,53
22500808,BKN,OKC,80.4,79.4,"('Danny Wolf', ""Day'Ron Sharpe"", 'Egor Dëmin', 'Michael Porter Jr.', 'Nolan Traore')",0.3999999999999999,3,2,3,1,0,0,1,0,0,0,0,1.0,1.0,0.0,0.0,2.0,2.0,0.0,0.0,0.0,0.0,2.0,53
22500808,BKN,OKC,79.6,77.2,"('Danny Wolf', 'Egor Dëmin', 'Jalen Wilson', 'Michael Porter Jr.', 'Nolan Traore')",0.65,4,1,1,1,1,0,0,0,0,1,0,1.44,1.44,0.0,0.0,0.0,0.0,0.0,0.0,0.0,0.0,2.88,53
22500818,BKN,ATL,80.4,79.2,"('Danny Wolf', ""Day'Ron Sharpe"", 'Drake Powell', 'Michael Porter Jr.', 'Terance Mann')",1.1,1,5,3,1,0,0,1,0,0,0,0,2.44,2.0,0.0,0.0,0.0,4.0,0.0,0.0,0.0,0.0,4.44,54
22500818,BKN,ATL,79.4,79.6,"('Danny Wolf', ""Day'Ron Sharpe"", 'Drake Powell', 'Ochai Agbaji', 'Terance Mann')",1.416666666666667,3,0,4,1,2,0,1,1,1,1,0,3.0,3.0,0.0,0.0,0.0,0.0,0.0,2.0,0.0,4.0,6.0,54
22500818,BKN,ATL,79.0,79.6,"('Danny Wolf', ""Day'Ron Sharpe"", 'Nolan Traore', 'Ochai Agbaji', 'Terance Mann')",0.8799999999999999,3,2,0,1,1,0,0,1,1,1,0,2.0,2.0,0.0,2.0,2.0,2.0,0.0,0.0,0.0,0.0,4.0,54
22500818,BKN,ATL,80.4,79.4,"('Egor Dëmin', 'Michael Porter Jr.', 'Nic Claxton', 'Noah Clowney', 'Nolan Traore')",6.269999999999998,2,12,16,5,9,5,4,0,1,3,1,13.88,13.32,0.0,4.0,0.0,10.0,0.0,7.0,0.0,8.0,27.200000000000003,54
22500818,BKN,ATL,80.4,79.0,"('Egor Dëmin', 'Michael Porter Jr.', 'Nic Claxton', 'Noah Clowney', 'Nolan Traore')",6.683333333333332,1,13,18,4,11,6,4,1,2,1,1,16.0,13.88,0.0,0.0,0.0,8.0,2.0,2.0,0.0,8.0,29.880000000000003,54
22500818,BKN,ATL,81.0,79.8,"('Danny Wolf', 'Michael Porter Jr.', 'Nic Claxton', 'Noah Clowney', 'Nolan Traore')",2.2166666666666663,2,8,0,4,1,3,0,0,1,0,2,5.88,5.0,2.0,0.0,0.0,6.0,0.0,0.0,0.0,0.0,10.88,54
22500818,BKN,ATL,79.4,79.2,"('Danny Wolf', ""Day'Ron Sharpe"", 'Drake Powell', 'Ochai Agbaji', 'Terance Mann')",3.0833333333333344,2,6,10,0,7,0,3,0,0,2,1,4.44,5.0,0.0,0.0,0.0,2.0,0.0,0.0,2.0,4.0,9.44,54
22500818,BKN,ATL,80.0,79.6,"('Danny Wolf', 'Drake Powell', 'Michael Porter Jr.', 'Nic Claxton', 'Nolan Traore')",0.1333333333333333,2,0,2,0,0,0,1,0,0,0,0,0.0,1.0,0.0,0.0,0.0,0.0,0.0,0.0,2.0,2.0,1.0,54
22500818,BKN,ATL,80.2,79.2,"(""Day'Ron Sharpe"", 'Egor Dëmin', 'Michael Porter Jr.', 'Noah Clowney', 'Nolan Traore')",0.75,1,5,0,2,1,1,0,0,1,0,1,3.44,2.0,2.0,4.0,2.0,4.0,0.0,0.0,0.0,0.0,5.44,54
22500818,BKN,ATL,79.0,79.6,"('Danny Wolf', 'Noah Clowney', 'Nolan Traore', 'Ochai Agbaji', 'Terance Mann')",0.0,3,0,0,0,0,0,0,0,0,0,0,0.0,0.0,0.0,0.0,0.0,0.0,0.0,0.0,0.0,0.0,0.0,54
22500818,BKN,ATL,79.4,79.6,"('Danny Wolf', ""Day'Ron Sharpe"", 'Drake Powell', 'Ochai Agbaji', 'Terance Mann')",2.8616666666666664,1,5,8,1,2,1,1,3,1,2,1,5.88,7.76,0.0,0.0,0.0,0.0,2.0,0.0,2.0,4.0,13.64,54
22500818,BKN,ATL,80.2,79.2,"(""Day'Ron Sharpe"", 'Drake Powell', 'Michael Porter Jr.', 'Noah Clowney', 'Terance Mann')",0.4,1,2,3,0,0,1,1,0,0,0,1,1.0,1.0,0.0,0.0,0.0,2.0,0.0,0.0,0.0,0.0,2.0,54
22500818,BKN,ATL,80.4,78.8,"('Danny Wolf', ""Day'Ron Sharpe"", 'Drake Powell', 'Michael Porter Jr.', 'Terance Mann')",1.3666666666666667,3,3,6,1,0,1,1,1,0,0,1,2.44,3.0,0.0,0.0,0.0,2.0,0.0,0.0,0.0,0.0,5.44,54
22500818,BKN,ATL,80.8,78.6,"('Drake Powell', 'Egor Dëmin', 'Michael Porter Jr.', 'Nic Claxton', 'Noah Clowney')",0.85,4,0,3,2,1,0,1,2,0,1,0,3.0,3.44,0.0,0.0,0.0,0.0,2.0,2.0,0.0,2.0,6.44,54
22500818,BKN,ATL,79.0,78.6,"('Danny Wolf', ""Day'Ron Sharpe"", 'Nolan Traore', 'Ochai Agbaji', 'Terance Mann')",3.7833333333333328,4,15,2,2,4,4,0,0,3,1,2,7.44,6.0,0.0,6.0,2.0,2.0,0.0,0.0,0.0,2.0,13.44,54
22500818,BKN,ATL,79.4,78.6,"('Danny Wolf', ""Day'Ron Sharpe"", 'Drake Powell', 'Ochai Agbaji', 'Terance Mann')",0.7833333333333333,4,0,0,2,0,0,0,0,0,0,1,1.0,1.0,0.0,0.0,0.0,0.0,0.0,0.0,0.0,0.0,2.0,54
22500818,BKN,ATL,80.4,79.0,"('Egor Dëmin', 'Michael Porter Jr.', 'Nic Claxton', 'Noah Clowney', 'Nolan Traore')",7.683333333333332,3,24,19,5,4,7,5,1,3,2,2,14.32,14.76,0.0,6.0,5.0,6.0,2.0,0.0,2.0,10.0,29.08,54
22500818,BKN,ATL,79.4,78.4,"('Drake Powell', 'Michael Porter Jr.', 'Nic Claxton', 'Ochai Agbaji', 'Terance Mann')",0.7666666666666666,4,0,3,0,1,0,1,0,0,0,0,2.0,1.0,0.0,0.0,0.0,0.0,0.0,0.0,0.0,0.0,3.0,54
22500818,BKN,ATL,80.2,78.8,"(""Day'Ron Sharpe"", 'Drake Powell', 'Michael Porter Jr.', 'Noah Clowney', 'Terance Mann')",0.3833333333333333,3,2,0,1,0,0,0,0,0,0,1,0.88,1.0,0.0,0.0,0.0,0.0,0.0,0.0,0.0,0.0,1.88,54
22500818,BKN,ATL,80.4,78.6,"('Egor Dëmin', 'Michael Porter Jr.', 'Nic Claxton', 'Noah Clowney', 'Nolan Traore')",5.356666666666666,4,2,18,2,8,0,4,3,1,4,1,13.0,11.76,0.0,0.0,0.0,0.0,2.0,2.0,0.0,4.0,24.76,54
22500833,BKN,DAL,80.4,78.2,"('Egor Dëmin', 'Michael Porter Jr.', 'Nic Claxton', 'Noah Clowney', 'Nolan Traore')",6.941666666666665,2,23,21,4,5,9,6,1,3,3,1,15.0,16.759999999999998,4.0,6.0,0.0,14.0,2.0,0.0,0.0,10.0,31.76,55
22500833,BKN,DAL,79.2,78.4,"(""Day'Ron Sharpe"", 'Drake Powell', 'Michael Porter Jr.', 'Ochai Agbaji', 'Terance Mann')",1.1,3,2,4,0,1,0,0,0,0,0,0,2.0,2.0,0.0,2.0,0.0,0.0,0.0,0.0,0.0,4.0,4.0,55
22500833,BKN,DAL,79.4,78.4,"('Danny Wolf', ""Day'Ron Sharpe"", 'Drake Powell', 'Ochai Agbaji', 'Terance Mann')",2.833333333333333,3,8,6,1,2,2,2,0,0,2,0,4.0,4.44,0.0,0.0,0.0,0.0,0.0,0.0,3.0,0.0,8.44,55
22500833,BKN,DAL,80.8,78.6,"('Drake Powell', 'Egor Dëmin', 'Michael Porter Jr.', 'Nic Claxton', 'Noah Clowney')",1.4,3,2,0,2,2,0,0,0,2,0,0,3.0,4.0,2.0,2.0,0.0,2.0,0.0,0.0,0.0,0.0,7.0,55
22500833,BKN,DAL,80.4,78.6,"('Egor Dëmin', 'Michael Porter Jr.', 'Nic Claxton', 'Noah Clowney', 'Nolan Traore')",6.5666666666666655,3,15,13,4,7,5,2,1,2,1,3,14.88,14.0,0.0,2.0,0.0,10.0,2.0,4.0,0.0,10.0,28.880000000000003,55
22500833,BKN,DAL,79.4,78.6,"('Drake Powell', 'Nic Claxton', 'Noah Clowney', 'Ochai Agbaji', 'Terance Mann')",1.5833333333333337,4,6,3,2,1,1,1,0,0,0,0,3.0,3.0,0.0,3.0,0.0,0.0,0.0,0.0,0.0,0.0,6.0,55
22500833,BKN,DAL,79.4,77.2,"('Danny Wolf', ""Day'Ron Sharpe"", 'Drake Powell', 'Ochai Agbaji', 'Terance Mann')",3.4166666666666665,4,5,5,4,4,1,0,0,1,2,2,7.44,7.44,0.0,0.0,0.0,2.0,0.0,0.0,2.0,4.0,14.88,55
22500833,BKN,DAL,79.8,77.6,"('Drake Powell', 'Michael Porter Jr.', 'Nic Claxton', 'Noah Clowney', 'Nolan Traore')",1.083333333333333,2,3,3,1,2,1,0,0,0,2,0,2.0,2.44,0.0,0.0,0.0,0.0,0.0,0.0,0.0,2.0,4.44,55
22500833,BKN,DAL,80.2,78.6,"(""Day'Ron Sharpe"", 'Drake Powell', 'Michael Porter Jr.', 'Noah Clowney', 'Terance Mann')",0.7166666666666667,1,1,2,0,2,0,0,0,0,1,0,1.44,2.0,0.0,0.0,0.0,0.0,0.0,0.0,2.0,2.0,3.44,55
22500833,BKN,DAL,79.4,78.4,"('Danny Wolf', ""Day'Ron Sharpe"", 'Drake Powell', 'Ochai Agbaji', 'Terance Mann')",3.4216666666666664,1,11,14,3,0,3,3,3,1,1,2,8.879999999999999,8.44,2.0,2.0,0.0,6.0,4.0,0.0,0.0,8.0,17.32,55
22500833,BKN,DAL,80.4,79.0,"('Egor Dëmin', 'Michael Porter Jr.', 'Nic Claxton', 'Noah Clowney', 'Nolan Traore')",6.150000000000001,1,14,14,4,7,4,4,2,1,3,4,13.32,11.76,2.0,2.0,0.0,8.0,2.0,0.0,0.0,6.0,25.08,55
22500833,BKN,DAL,79.4,77.2,"('Danny Wolf', ""Day'Ron Sharpe"", 'Drake Powell', 'Ochai Agbaji', 'Terance Mann')",3.9333333333333327,2,9,16,1,3,2,2,3,2,1,1,7.88,8.44,0.0,0.0,2.0,4.0,4.0,0.0,3.0,6.0,16.32,55
22500833,BKN,DAL,80.4,78.6,"('Drake Powell', 'Michael Porter Jr.', 'Nic Claxton', 'Noah Clowney', 'Terance Mann')",1.15,1,3,4,1,1,0,2,0,0,0,2,3.3200000000000003,3.0,0.0,0.0,0.0,0.0,0.0,0.0,0.0,4.0,6.32,55
22500833,BKN,DAL,80.4,78.6,"('Danny Wolf', ""Day'Ron Sharpe"", 'Drake Powell', 'Michael Porter Jr.', 'Terance Mann')",0.4333333333333333,1,0,2,0,1,0,0,0,0,1,0,1.0,0.88,0.0,0.0,0.0,0.0,0.0,0.0,0.0,0.0,1.88,55
22500833,BKN,DAL,80.4,77.0,"('Egor Dëmin', 'Michael Porter Jr.', 'Nic Claxton', 'Noah Clowney', 'Nolan Traore')",6.421666666666665,4,12,16,1,6,1,4,1,3,4,4,15.2,11.76,2.0,2.0,0.0,4.0,2.0,0.0,0.0,10.0,26.96,55
22501214,BKN,DAL,81.2,77.6,"('Danny Wolf', ""Day'Ron Sharpe"", 'Noah Clowney', 'Tyrese Martin', 'Ziaire Williams')",3.4083333333333337,3,6,4,4,2,1,1,1,1,2,1,6.88,8.0,2.0,2.0,0.0,4.0,0.0,0.0,2.0,4.0,14.88,56
22501214,BKN,DAL,81.2,77.4,"('Michael Porter Jr.', 'Nic Claxton', 'Noah Clowney', 'Tyrese Martin', 'Ziaire Williams')",1.3666666666666667,2,2,1,2,1,1,0,1,0,1,0,3.0,2.44,0.0,0.0,0.0,2.0,0.0,0.0,0.0,0.0,5.44,56
22501214,BKN,DAL,81.0,79.2,"('Egor Dëmin', 'Michael Porter Jr.', 'Nic Claxton', 'Noah Clowney', 'Terance Mann')",1.6000000000000003,2,2,7,1,2,0,2,0,1,2,0,4.0,5.44,2.0,0.0,0.0,2.0,0.0,2.0,0.0,4.0,9.44,56
22501214,BKN,DAL,80.8,78.6,"('Danny Wolf', 'Nic Claxton', 'Noah Clowney', 'Nolan Traore', 'Ziaire Williams')",2.9833333333333325,4,5,7,2,4,0,2,1,0,0,0,6.0,6.0,0.0,0.0,0.0,2.0,2.0,3.0,2.0,2.0,12.0,56
22501214,BKN,DAL,80.8,78.8,"(""Day'Ron Sharpe"", 'Egor Dëmin', 'Michael Porter Jr.', 'Noah Clowney', 'Terance Mann')",0.65,4,0,3,0,2,0,1,0,0,1,0,2.0,2.44,0.0,0.0,0.0,0.0,0.0,0.0,0.0,2.0,4.44,56
22501214,BKN,DAL,81.2,78.8,"('Danny Wolf', 'Egor Dëmin', 'Michael Porter Jr.', 'Nic Claxton', 'Terance Mann')",1.5166666666666666,4,2,2,0,1,1,0,0,2,0,0,3.0,4.0,2.0,2.0,0.0,2.0,0.0,0.0,0.0,2.0,7.0,56
22501214,BKN,DAL,81.2,79.2,"('Danny Wolf', ""Day'Ron Sharpe"", 'Michael Porter Jr.', 'Tyrese Martin', 'Ziaire Williams')",2.5,3,8,7,2,1,2,2,1,0,0,2,5.44,5.0,0.0,0.0,0.0,4.0,2.0,4.0,0.0,4.0,10.44,56
22501214,BKN,DAL,81.6,79.4,"('Danny Wolf', 'Michael Porter Jr.', 'Nic Claxton', 'Noah Clowney', 'Terance Mann')",5.041666666666664,4,8,13,6,8,2,2,2,1,3,2,12.32,12.76,0.0,0.0,0.0,2.0,2.0,0.0,5.0,6.0,25.08,56
22501214,BKN,DAL,80.6,78.8,"('Michael Porter Jr.', 'Nic Claxton', 'Noah Clowney', 'Nolan Traore', 'Ziaire Williams')",1.416666666666667,4,4,4,3,1,0,2,0,0,2,2,2.88,5.0,0.0,0.0,0.0,2.0,0.0,2.0,0.0,4.0,7.88,56
22501214,BKN,DAL,81.0,77.8,"('Egor Dëmin', 'Michael Porter Jr.', 'Nic Claxton', 'Noah Clowney', 'Terance Mann')",1.8333333333333333,3,9,3,2,0,3,1,0,1,2,1,3.88,4.44,2.0,2.0,0.0,4.0,0.0,0.0,0.0,2.0,8.32,56
22501214,BKN,DAL,81.2,79.2,"('Danny Wolf', 'Egor Dëmin', 'Michael Porter Jr.', 'Nic Claxton', 'Terance Mann')",4.116666666666665,3,8,11,4,4,1,4,3,2,0,1,10.0,10.0,2.0,0.0,3.0,2.0,2.0,2.0,2.0,8.0,20.0,56
22501214,BKN,DAL,81.2,77.6,"('Michael Porter Jr.', 'Nic Claxton', 'Noah Clowney', 'Terance Mann', 'Ziaire Williams')",4.331666666666667,2,13,13,1,0,3,3,3,1,3,6,8.76,9.76,3.0,3.0,0.0,0.0,4.0,0.0,0.0,6.0,18.52,56
22501214,BKN,DAL,79.8,77.2,"('Danny Wolf', ""Day'Ron Sharpe"", 'Nolan Traore', 'Tyrese Martin', 'Ziaire Williams')",2.9,2,8,11,3,1,1,2,1,2,2,0,5.0,6.44,0.0,5.0,6.0,2.0,3.0,2.0,0.0,4.0,11.44,56
22501214,BKN,DAL,81.2,79.0,"('Danny Wolf', ""Day'Ron Sharpe"", 'Michael Porter Jr.', 'Tyrese Martin', 'Ziaire Williams')",1.0833333333333333,1,2,7,1,1,0,3,0,0,0,1,2.0,3.0,0.0,0.0,2.0,2.0,2.0,2.0,0.0,4.0,5.0,56
22501214,BKN,DAL,80.2,78.4,"('Danny Wolf', ""Day'Ron Sharpe"", 'Drake Powell', 'Tyrese Martin', 'Ziaire Williams')",2.668333333333333,1,10,8,3,4,3,2,1,1,2,1,6.88,6.44,3.0,3.0,0.0,2.0,0.0,2.0,0.0,4.0,13.32,56
22501214,BKN,DAL,81.2,79.0,"(""Day'Ron Sharpe"", 'Michael Porter Jr.', 'Nic Claxton', 'Tyrese Martin', 'Ziaire Williams')",0.0,1,0,0,0,0,0,0,0,0,0,0,0.0,0.0,0.0,0.0,0.0,0.0,0.0,0.0,0.0,0.0,0.0,56
22501214,BKN,DAL,79.8,77.4,"('Nic Claxton', 'Noah Clowney', 'Nolan Traore', 'Tyrese Martin', 'Ziaire Williams')",1.2999999999999998,2,3,1,2,1,1,0,0,0,1,0,3.0,2.44,0.0,0.0,0.0,0.0,0.0,0.0,0.0,0.0,5.44,56
22501214,BKN,DAL,81.6,79.2,"('Egor Dëmin', 'Michael Porter Jr.', 'Nic Claxton', 'Noah Clowney', 'Ziaire Williams')",0.8333333333333335,1,2,0,2,0,1,0,1,0,0,0,2.0,2.0,0.0,0.0,0.0,2.0,0.0,0.0,0.0,0.0,4.0,56
22501214,BKN,DAL,81.0,77.8,"('Egor Dëmin', 'Michael Porter Jr.', 'Nic Claxton', 'Noah Clowney', 'Terance Mann')",7.166666666666663,1,19,17,5,7,6,6,2,2,1,3,17.0,15.88,0.0,5.0,0.0,10.0,2.0,4.0,3.0,10.0,32.88,56
22501219,BKN,MIL,81.0,79.8,"('Egor Dëmin', 'Michael Porter Jr.', 'Nic Claxton', 'Noah Clowney', 'Terance Mann')",4.906666666666667,2,8,12,2,7,2,2,1,1,2,3,9.32,9.32,3.0,2.0,0.0,2.0,2.0,2.0,3.0,6.0,18.64,57
22501219,BKN,MIL,80.4,79.6,"('Danny Wolf', 'Drake Powell', 'Nic Claxton', 'Tyrese Martin', 'Ziaire Williams')",2.45,2,11,4,1,1,2,2,0,2,0,0,6.0,5.0,4.0,6.0,0.0,8.0,0.0,0.0,0.0,2.0,11.0,57
22501219,BKN,MIL,81.2,78.0,"('Danny Wolf', ""Day'Ron Sharpe"", 'Michael Porter Jr.', 'Tyrese Martin', 'Ziaire Williams')",1.6166666666666667,1,5,4,1,2,2,1,0,1,1,0,4.0,3.44,0.0,2.0,0.0,2.0,0.0,0.0,0.0,0.0,7.439999999999999,57
22501219,BKN,MIL,81.2,78.4,"('Michael Porter Jr.', 'Nic Claxton', 'Noah Clowney', 'Tyrese Martin', 'Ziaire Williams')",0.9166666666666669,1,5,1,0,0,2,0,0,0,0,2,2.0,1.44,0.0,0.0,0.0,2.0,0.0,0.0,0.0,0.0,3.44,57
22501219,BKN,MIL,80.2,77.8,"('Danny Wolf', ""Day'Ron Sharpe"", 'Drake Powell', 'Tyrese Martin', 'Ziaire Williams')",1.8500000000000003,2,2,2,2,2,1,1,0,2,0,0,3.0,4.0,0.0,0.0,0.0,2.0,0.0,2.0,0.0,2.0,7.0,57
22501219,BKN,MIL,80.8,78.2,"('Egor Dëmin', 'Michael Porter Jr.', 'Nic Claxton', 'Terance Mann', 'Ziaire Williams')",0.8433333333333333,2,5,2,2,0,2,0,0,0,0,0,2.44,3.0,4.0,0.0,0.0,4.0,0.0,0.0,0.0,2.0,5.44,57
22501219,BKN,MIL,81.4,78.4,"('Danny Wolf', 'Michael Porter Jr.', 'Nic Claxton', 'Tyrese Martin', 'Ziaire Williams')",0.2166666666666666,3,0,0,0,0,0,0,1,0,0,0,1.0,0.0,0.0,0.0,0.0,0.0,0.0,0.0,0.0,0.0,1.0,57
22501219,BKN,MIL,81.0,78.6,"('Egor Dëmin', 'Michael Porter Jr.', 'Nic Claxton', 'Noah Clowney', 'Tyrese Martin')",1.1833333333333336,3,6,3,1,1,1,1,0,1,0,2,3.3200000000000003,3.44,0.0,0.0,0.0,0.0,0.0,0.0,0.0,2.0,6.76,57
22501219,BKN,MIL,80.2,78.4,"('Danny Wolf', ""Day'Ron Sharpe"", 'Drake Powell', 'Tyrese Martin', 'Ziaire Williams')",2.478333333333333,3,5,2,1,3,2,0,1,2,1,0,6.0,5.0,2.0,5.0,0.0,2.0,2.0,2.0,0.0,2.0,11.0,57
22501219,BKN,MIL,81.2,78.4,"('Danny Wolf', ""Day'Ron Sharpe"", 'Michael Porter Jr.', 'Tyrese Martin', 'Ziaire Williams')",1.65,3,0,4,2,4,0,1,0,0,0,0,3.0,4.0,0.0,0.0,0.0,0.0,2.0,0.0,2.0,4.0,7.0,57
22501219,BKN,MIL,80.4,79.8,"('Drake Powell', 'Michael Porter Jr.', 'Nic Claxton', 'Noah Clowney', 'Terance Mann')",1.7166666666666666,2,2,3,0,3,1,0,0,1,3,1,3.0,5.32,0.0,0.0,0.0,2.0,0.0,0.0,0.0,0.0,8.32,57
22501219,BKN,MIL,81.0,78.4,"('Egor Dëmin', 'Michael Porter Jr.', 'Nic Claxton', 'Noah Clowney', 'Terance Mann')",6.333333333333333,3,23,14,9,1,5,4,4,2,3,5,14.76,15.0,0.0,3.0,3.0,4.0,2.0,2.0,0.0,2.0,29.76,57
22501219,BKN,MIL,80.2,77.6,"('Danny Wolf', ""Day'Ron Sharpe"", 'Drake Powell', 'Tyrese Martin', 'Ziaire Williams')",2.516666666666666,1,8,3,4,1,2,1,0,2,0,2,5.88,6.0,0.0,2.0,2.0,6.0,0.0,0.0,0.0,0.0,11.88,57
22501219,BKN,MIL,81.0,78.4,"('Egor Dëmin', 'Michael Porter Jr.', 'Nic Claxton', 'Noah Clowney', 'Terance Mann')",6.666666666666665,1,19,17,6,4,3,5,3,1,2,0,15.0,15.44,5.0,0.0,2.0,8.0,4.0,4.0,2.0,16.0,30.44,57
22501219,BKN,MIL,78.6,78.8,"(""Day'Ron Sharpe"", 'Drake Powell', 'Jalen Wilson', 'Nolan Traore', 'Ziaire Williams')",1.7000000000000002,4,6,2,1,1,1,1,0,2,0,0,3.44,4.0,0.0,3.0,0.0,2.0,0.0,0.0,0.0,2.0,7.439999999999999,57
22501219,BKN,MIL,79.6,78.8,"('Danny Wolf', ""Day'Ron Sharpe"", 'Drake Powell', 'Nolan Traore', 'Ziaire Williams')",2.1333333333333333,4,5,4,2,1,1,0,1,0,1,1,3.88,3.88,0.0,0.0,0.0,0.0,0.0,0.0,2.0,2.0,7.76,57
22501219,BKN,MIL,78.6,78.8,"('Danny Wolf', 'Drake Powell', 'Egor Dëmin', 'Jalen Wilson', 'Nolan Traore')",4.803333333333335,4,8,0,7,5,3,0,2,2,1,1,9.0,9.0,0.0,3.0,0.0,2.0,0.0,0.0,0.0,0.0,18.0,57
22501219,BKN,MIL,80.2,78.4,"('Danny Wolf', ""Day'Ron Sharpe"", 'Drake Powell', 'Tyrese Martin', 'Ziaire Williams')",2.583333333333333,4,9,5,2,1,3,1,0,1,1,1,5.88,4.0,2.0,2.0,0.0,4.0,0.0,0.0,0.0,2.0,9.88,57
