game_id,team,opponent,team_avg_height,opp_avg_height,lineup,minutes_played,period,points,opp_points,rebounds,opp_rebounds,assists,opp_assists,turnovers,opp_turnovers,fouls_committed,fouls_drawn,possessions,opp_possessions,fastbreak,from_turnover,second_chance,points_in_paint,opp_from_turnover,opp_fastbreak,opp_second_chance,opp_points_in_paint,unscaled_pace,game_number
22500004,DAL,SAS,79.0,80.2,"('Anthony Davis', 'Cooper Flagg', 'Klay Thompson')",1.2833333333333334,1,5,5,1,0,1,2,0,0,0,1,2.88,2.0,0.0,0.0,0.0,0.0,0.0,0.0,0.0,2.0,4.88,1
22500004,DAL,SAS,79.0,80.2,"('Anthony Davis', 'Cooper Flagg', 'Max Christie')",1.2833333333333334,1,5,5,1,0,1,2,0,0,0,1,2.88,2.0,0.0,0.0,0.0,0.0,0.0,0.0,0.0,2.0,4.88,1
22500004,DAL,SAS,79.0,80.2,"('Anthony Davis', 'Cooper Flagg', 'Naji Marshall')",1.2833333333333334,1,5,5,1,0,1,2,0,0,0,1,2.88,2.0,0.0,0.0,0.0,0.0,0.0,0.0,0.0,2.0,4.88,1
22500004,DAL,SAS,79.0,80.2,"('Anthony Davis', 'Klay Thompson', 'Max Christie')",1.2833333333333334,1,5,5,1,0,1,2,0,0,0,1,2.88,2.0,0.0,0.0,0.0,0.0,0.0,0.0,0.0,2.0,4.88,1
22500004,DAL,SAS,79.0,80.2,"('Anthony Davis', 'Klay Thompson', 'Naji Marshall')",1.2833333333333334,1,5,5,1,0,1,2,0,0,0,1,2.88,2.0,0.0,0.0,0.0,0.0,0.0,0.0,0.0,2.0,4.88,1
22500004,DAL,SAS,79.0,80.2,"('Anthony Davis', 'Max Christie', 'Naji Marshall')",1.2833333333333334,1,5,5,1,0,1,2,0,0,0,1,2.88,2.0,0.0,0.0,0.0,0.0,0.0,0.0,0.0,2.0,4.88,1
22500004,DAL,SAS,79.0,80.2,"('Cooper Flagg', 'Klay Thompson', 'Max Christie')",1.2833333333333334,1,5,5,1,0,1,2,0,0,0,1,2.88,2.0,0.0,0.0,0.0,0.0,0.0,0.0,0.0,2.0,4.88,1
22500004,DAL,SAS,79.0,80.2,"('Cooper Flagg', 'Klay Thompson', 'Naji Marshall')",1.2833333333333334,1,5,5,1,0,1,2,0,0,0,1,2.88,2.0,0.0,0.0,0.0,0.0,0.0,0.0,0.0,2.0,4.88,1
22500004,DAL,SAS,79.0,80.2,"('Cooper Flagg', 'Max Christie', 'Naji Marshall')",1.2833333333333334,1,5,5,1,0,1,2,0,0,0,1,2.88,2.0,0.0,0.0,0.0,0.0,0.0,0.0,0.0,2.0,4.88,1
22500004,DAL,SAS,79.0,80.2,"('Klay Thompson', 'Max Christie', 'Naji Marshall')",1.2833333333333334,1,5,5,1,0,1,2,0,0,0,1,2.88,2.0,0.0,0.0,0.0,0.0,0.0,0.0,0.0,2.0,4.88,1
22500004,DAL,SAS,80.6,80.2,"('Anthony Davis', 'Cooper Flagg', 'Dereck Lively II')",1.6,1,2,8,1,2,1,2,0,0,0,0,4.0,3.44,0.0,0.0,0.0,2.0,0.0,3.0,0.0,0.0,7.439999999999999,1
22500004,DAL,SAS,80.6,80.2,"('Anthony Davis', 'Cooper Flagg', 'Klay Thompson')",1.6,1,2,8,1,2,1,2,0,0,0,0,4.0,3.44,0.0,0.0,0.0,2.0,0.0,3.0,0.0,0.0,7.439999999999999,1
22500004,DAL,SAS,80.6,80.2,"('Anthony Davis', 'Cooper Flagg', 'Naji Marshall')",1.6,1,2,8,1,2,1,2,0,0,0,0,4.0,3.44,0.0,0.0,0.0,2.0,0.0,3.0,0.0,0.0,7.439999999999999,1
22500004,DAL,SAS,80.6,80.2,"('Anthony Davis', 'Dereck Lively II', 'Klay Thompson')",1.6,1,2,8,1,2,1,2,0,0,0,0,4.0,3.44,0.0,0.0,0.0,2.0,0.0,3.0,0.0,0.0,7.439999999999999,1
22500004,DAL,SAS,80.6,80.2,"('Anthony Davis', 'Dereck Lively II', 'Naji Marshall')",1.6,1,2,8,1,2,1,2,0,0,0,0,4.0,3.44,0.0,0.0,0.0,2.0,0.0,3.0,0.0,0.0,7.439999999999999,1
22500004,DAL,SAS,80.6,80.2,"('Anthony Davis', 'Klay Thompson', 'Naji Marshall')",1.6,1,2,8,1,2,1,2,0,0,0,0,4.0,3.44,0.0,0.0,0.0,2.0,0.0,3.0,0.0,0.0,7.439999999999999,1
22500004,DAL,SAS,80.6,80.2,"('Cooper Flagg', 'Dereck Lively II', 'Klay Thompson')",1.6,1,2,8,1,2,1,2,0,0,0,0,4.0,3.44,0.0,0.0,0.0,2.0,0.0,3.0,0.0,0.0,7.439999999999999,1
22500004,DAL,SAS,80.6,80.2,"('Cooper Flagg', 'Dereck Lively II', 'Naji Marshall')",1.6,1,2,8,1,2,1,2,0,0,0,0,4.0,3.44,0.0,0.0,0.0,2.0,0.0,3.0,0.0,0.0,7.439999999999999,1
22500004,DAL,SAS,80.6,80.2,"('Cooper Flagg', 'Klay Thompson', 'Naji Marshall')",1.6,1,2,8,1,2,1,2,0,0,0,0,4.0,3.44,0.0,0.0,0.0,2.0,0.0,3.0,0.0,0.0,7.439999999999999,1
22500004,DAL,SAS,80.6,80.2,"('Dereck Lively II', 'Klay Thompson', 'Naji Marshall')",1.6,1,2,8,1,2,1,2,0,0,0,0,4.0,3.44,0.0,0.0,0.0,2.0,0.0,3.0,0.0,0.0,7.439999999999999,1
22500004,DAL,SAS,76.6,77.6,"('Anthony Davis', ""D'Angelo Russell"", 'Max Christie')",3.4166666666666665,1,11,7,3,3,1,3,1,2,1,4,9.32,9.0,0.0,2.0,0.0,6.0,0.0,0.0,0.0,0.0,18.32,1
22500004,DAL,SAS,76.6,77.6,"('Anthony Davis', ""D'Angelo Russell"", 'Naji Marshall')",3.4166666666666665,1,11,7,3,3,1,3,1,2,1,4,9.32,9.0,0.0,2.0,0.0,6.0,0.0,0.0,0.0,0.0,18.32,1
22500004,DAL,SAS,76.6,77.6,"('Anthony Davis', ""D'Angelo Russell"", 'Ryan Nembhard')",3.4166666666666665,1,11,7,3,3,1,3,1,2,1,4,9.32,9.0,0.0,2.0,0.0,6.0,0.0,0.0,0.0,0.0,18.32,1
22500004,DAL,SAS,76.6,77.6,"('Anthony Davis', 'Max Christie', 'Naji Marshall')",3.4166666666666665,1,11,7,3,3,1,3,1,2,1,4,9.32,9.0,0.0,2.0,0.0,6.0,0.0,0.0,0.0,0.0,18.32,1
22500004,DAL,SAS,76.6,77.6,"('Anthony Davis', 'Max Christie', 'Ryan Nembhard')",3.4166666666666665,1,11,7,3,3,1,3,1,2,1,4,9.32,9.0,0.0,2.0,0.0,6.0,0.0,0.0,0.0,0.0,18.32,1
22500004,DAL,SAS,76.6,77.6,"('Anthony Davis', 'Naji Marshall', 'Ryan Nembhard')",3.4166666666666665,1,11,7,3,3,1,3,1,2,1,4,9.32,9.0,0.0,2.0,0.0,6.0,0.0,0.0,0.0,0.0,18.32,1
22500004,DAL,SAS,76.6,77.6,"(""D'Angelo Russell"", 'Max Christie', 'Naji Marshall')",3.4166666666666665,1,11,7,3,3,1,3,1,2,1,4,9.32,9.0,0.0,2.0,0.0,6.0,0.0,0.0,0.0,0.0,18.32,1
22500004,DAL,SAS,76.6,77.6,"(""D'Angelo Russell"", 'Max Christie', 'Ryan Nembhard')",3.4166666666666665,1,11,7,3,3,1,3,1,2,1,4,9.32,9.0,0.0,2.0,0.0,6.0,0.0,0.0,0.0,0.0,18.32,1
22500004,DAL,SAS,76.6,77.6,"(""D'Angelo Russell"", 'Naji Marshall', 'Ryan Nembhard')",3.4166666666666665,1,11,7,3,3,1,3,1,2,1,4,9.32,9.0,0.0,2.0,0.0,6.0,0.0,0.0,0.0,0.0,18.32,1
22500004,DAL,SAS,76.6,77.6,"('Max Christie', 'Naji Marshall', 'Ryan Nembhard')",3.4166666666666665,1,11,7,3,3,1,3,1,2,1,4,9.32,9.0,0.0,2.0,0.0,6.0,0.0,0.0,0.0,0.0,18.32,1
22500004,DAL,SAS,80.8,80.2,"('Anthony Davis', 'Cooper Flagg', 'Dereck Lively II')",2.233333333333334,1,6,3,3,0,1,0,0,1,2,0,4.0,4.32,2.0,2.0,2.0,4.0,0.0,0.0,0.0,0.0,8.32,1
22500004,DAL,SAS,80.8,80.2,"('Anthony Davis', 'Cooper Flagg', 'Klay Thompson')",2.233333333333334,1,6,3,3,0,1,0,0,1,2,0,4.0,4.32,2.0,2.0,2.0,4.0,0.0,0.0,0.0,0.0,8.32,1
22500004,DAL,SAS,80.8,80.2,"('Anthony Davis', 'Cooper Flagg', 'P.J. Washington')",2.233333333333334,1,6,3,3,0,1,0,0,1,2,0,4.0,4.32,2.0,2.0,2.0,4.0,0.0,0.0,0.0,0.0,8.32,1
22500004,DAL,SAS,80.8,80.2,"('Anthony Davis', 'Dereck Lively II', 'Klay Thompson')",2.233333333333334,1,6,3,3,0,1,0,0,1,2,0,4.0,4.32,2.0,2.0,2.0,4.0,0.0,0.0,0.0,0.0,8.32,1
22500004,DAL,SAS,80.8,80.2,"('Anthony Davis', 'Dereck Lively II', 'P.J. Washington')",2.233333333333334,1,6,3,3,0,1,0,0,1,2,0,4.0,4.32,2.0,2.0,2.0,4.0,0.0,0.0,0.0,0.0,8.32,1
22500004,DAL,SAS,80.8,80.2,"('Anthony Davis', 'Klay Thompson', 'P.J. Washington')",2.233333333333334,1,6,3,3,0,1,0,0,1,2,0,4.0,4.32,2.0,2.0,2.0,4.0,0.0,0.0,0.0,0.0,8.32,1
22500004,DAL,SAS,80.8,80.2,"('Cooper Flagg', 'Dereck Lively II', 'Klay Thompson')",2.233333333333334,1,6,3,3,0,1,0,0,1,2,0,4.0,4.32,2.0,2.0,2.0,4.0,0.0,0.0,0.0,0.0,8.32,1
22500004,DAL,SAS,80.8,80.2,"('Cooper Flagg', 'Dereck Lively II', 'P.J. Washington')",2.233333333333334,1,6,3,3,0,1,0,0,1,2,0,4.0,4.32,2.0,2.0,2.0,4.0,0.0,0.0,0.0,0.0,8.32,1
22500004,DAL,SAS,80.8,80.2,"('Cooper Flagg', 'Klay Thompson', 'P.J. Washington')",2.233333333333334,1,6,3,3,0,1,0,0,1,2,0,4.0,4.32,2.0,2.0,2.0,4.0,0.0,0.0,0.0,0.0,8.32,1
22500004,DAL,SAS,80.8,80.2,"('Dereck Lively II', 'Klay Thompson', 'P.J. Washington')",2.233333333333334,1,6,3,3,0,1,0,0,1,2,0,4.0,4.32,2.0,2.0,2.0,4.0,0.0,0.0,0.0,0.0,8.32,1
22500004,DAL,SAS,76.8,78.0,"('Brandon Williams', 'Caleb Martin', 'Jaden Hardy')",3.6233333333333335,4,7,11,1,5,2,2,2,4,1,4,8.879999999999999,8.44,0.0,2.0,0.0,0.0,3.0,3.0,5.0,4.0,17.32,1
22500004,DAL,SAS,76.8,78.0,"('Brandon Williams', 'Caleb Martin', 'Moussa Cisse')",3.6233333333333335,4,7,11,1,5,2,2,2,4,1,4,8.879999999999999,8.44,0.0,2.0,0.0,0.0,3.0,3.0,5.0,4.0,17.32,1
22500004,DAL,SAS,76.8,78.0,"('Brandon Williams', 'Caleb Martin', 'Ryan Nembhard')",3.6233333333333335,4,7,11,1,5,2,2,2,4,1,4,8.879999999999999,8.44,0.0,2.0,0.0,0.0,3.0,3.0,5.0,4.0,17.32,1
22500004,DAL,SAS,76.8,78.0,"('Brandon Williams', 'Jaden Hardy', 'Moussa Cisse')",3.6233333333333335,4,7,11,1,5,2,2,2,4,1,4,8.879999999999999,8.44,0.0,2.0,0.0,0.0,3.0,3.0,5.0,4.0,17.32,1
22500004,DAL,SAS,76.8,78.0,"('Brandon Williams', 'Jaden Hardy', 'Ryan Nembhard')",3.6233333333333335,4,7,11,1,5,2,2,2,4,1,4,8.879999999999999,8.44,0.0,2.0,0.0,0.0,3.0,3.0,5.0,4.0,17.32,1
22500004,DAL,SAS,76.8,78.0,"('Brandon Williams', 'Moussa Cisse', 'Ryan Nembhard')",3.6233333333333335,4,7,11,1,5,2,2,2,4,1,4,8.879999999999999,8.44,0.0,2.0,0.0,0.0,3.0,3.0,5.0,4.0,17.32,1
22500004,DAL,SAS,76.8,78.0,"('Caleb Martin', 'Jaden Hardy', 'Moussa Cisse')",3.6233333333333335,4,7,11,1,5,2,2,2,4,1,4,8.879999999999999,8.44,0.0,2.0,0.0,0.0,3.0,3.0,5.0,4.0,17.32,1
22500004,DAL,SAS,76.8,78.0,"('Caleb Martin', 'Jaden Hardy', 'Ryan Nembhard')",3.6233333333333335,4,7,11,1,5,2,2,2,4,1,4,8.879999999999999,8.44,0.0,2.0,0.0,0.0,3.0,3.0,5.0,4.0,17.32,1
22500004,DAL,SAS,76.8,78.0,"('Caleb Martin', 'Moussa Cisse', 'Ryan Nembhard')",3.6233333333333335,4,7,11,1,5,2,2,2,4,1,4,8.879999999999999,8.44,0.0,2.0,0.0,0.0,3.0,3.0,5.0,4.0,17.32,1
22500004,DAL,SAS,76.8,78.0,"('Jaden Hardy', 'Moussa Cisse', 'Ryan Nembhard')",3.6233333333333335,4,7,11,1,5,2,2,2,4,1,4,8.879999999999999,8.44,0.0,2.0,0.0,0.0,3.0,3.0,5.0,4.0,17.32,1
22500004,DAL,SAS,78.0,78.6,"('Anthony Davis', 'Cooper Flagg', 'Klay Thompson')",0.6166666666666667,4,3,2,0,0,1,1,0,0,0,0,1.44,1.0,0.0,0.0,0.0,2.0,0.0,0.0,0.0,2.0,2.44,1
22500004,DAL,SAS,78.0,78.6,"('Anthony Davis', 'Cooper Flagg', 'P.J. Washington')",0.6166666666666667,4,3,2,0,0,1,1,0,0,0,0,1.44,1.0,0.0,0.0,0.0,2.0,0.0,0.0,0.0,2.0,2.44,1
22500004,DAL,SAS,78.0,78.6,"('Anthony Davis', 'Cooper Flagg', 'Ryan Nembhard')",0.6166666666666667,4,3,2,0,0,1,1,0,0,0,0,1.44,1.0,0.0,0.0,0.0,2.0,0.0,0.0,0.0,2.0,2.44,1
22500004,DAL,SAS,78.0,78.6,"('Anthony Davis', 'Klay Thompson', 'P.J. Washington')",0.6166666666666667,4,3,2,0,0,1,1,0,0,0,0,1.44,1.0,0.0,0.0,0.0,2.0,0.0,0.0,0.0,2.0,2.44,1
22500004,DAL,SAS,78.0,78.6,"('Anthony Davis', 'Klay Thompson', 'Ryan Nembhard')",0.6166666666666667,4,3,2,0,0,1,1,0,0,0,0,1.44,1.0,0.0,0.0,0.0,2.0,0.0,0.0,0.0,2.0,2.44,1
22500004,DAL,SAS,78.0,78.6,"('Anthony Davis', 'P.J. Washington', 'Ryan Nembhard')",0.6166666666666667,4,3,2,0,0,1,1,0,0,0,0,1.44,1.0,0.0,0.0,0.0,2.0,0.0,0.0,0.0,2.0,2.44,1
22500004,DAL,SAS,78.0,78.6,"('Cooper Flagg', 'Klay Thompson', 'P.J. Washington')",0.6166666666666667,4,3,2,0,0,1,1,0,0,0,0,1.44,1.0,0.0,0.0,0.0,2.0,0.0,0.0,0.0,2.0,2.44,1
22500004,DAL,SAS,78.0,78.6,"('Cooper Flagg', 'Klay Thompson', 'Ryan Nembhard')",0.6166666666666667,4,3,2,0,0,1,1,0,0,0,0,1.44,1.0,0.0,0.0,0.0,2.0,0.0,0.0,0.0,2.0,2.44,1
22500004,DAL,SAS,78.0,78.6,"('Cooper Flagg', 'P.J. Washington', 'Ryan Nembhard')",0.6166666666666667,4,3,2,0,0,1,1,0,0,0,0,1.44,1.0,0.0,0.0,0.0,2.0,0.0,0.0,0.0,2.0,2.44,1
22500004,DAL,SAS,78.0,78.6,"('Klay Thompson', 'P.J. Washington', 'Ryan Nembhard')",0.6166666666666667,4,3,2,0,0,1,1,0,0,0,0,1.44,1.0,0.0,0.0,0.0,2.0,0.0,0.0,0.0,2.0,2.44,1
22500004,DAL,SAS,79.4,78.4,"('Anthony Davis', 'Brandon Williams', 'Cooper Flagg')",3.5666666666666664,4,5,10,1,3,2,2,1,0,1,3,6.44,7.0,0.0,0.0,0.0,2.0,2.0,4.0,0.0,10.0,13.44,1
22500004,DAL,SAS,79.4,78.4,"('Anthony Davis', 'Brandon Williams', 'Klay Thompson')",3.5666666666666664,4,5,10,1,3,2,2,1,0,1,3,6.44,7.0,0.0,0.0,0.0,2.0,2.0,4.0,0.0,10.0,13.44,1
22500004,DAL,SAS,79.4,78.4,"('Anthony Davis', 'Brandon Williams', 'P.J. Washington')",3.5666666666666664,4,5,10,1,3,2,2,1,0,1,3,6.44,7.0,0.0,0.0,0.0,2.0,2.0,4.0,0.0,10.0,13.44,1
22500004,DAL,SAS,79.4,78.4,"('Anthony Davis', 'Cooper Flagg', 'Klay Thompson')",3.5666666666666664,4,5,10,1,3,2,2,1,0,1,3,6.44,7.0,0.0,0.0,0.0,2.0,2.0,4.0,0.0,10.0,13.44,1
22500004,DAL,SAS,79.4,78.4,"('Anthony Davis', 'Cooper Flagg', 'P.J. Washington')",3.5666666666666664,4,5,10,1,3,2,2,1,0,1,3,6.44,7.0,0.0,0.0,0.0,2.0,2.0,4.0,0.0,10.0,13.44,1
22500004,DAL,SAS,79.4,78.4,"('Anthony Davis', 'Klay Thompson', 'P.J. Washington')",3.5666666666666664,4,5,10,1,3,2,2,1,0,1,3,6.44,7.0,0.0,0.0,0.0,2.0,2.0,4.0,0.0,10.0,13.44,1
22500004,DAL,SAS,79.4,78.4,"('Brandon Williams', 'Cooper Flagg', 'Klay Thompson')",3.5666666666666664,4,5,10,1,3,2,2,1,0,1,3,6.44,7.0,0.0,0.0,0.0,2.0,2.0,4.0,0.0,10.0,13.44,1
22500004,DAL,SAS,79.4,78.4,"('Brandon Williams', 'Cooper Flagg', 'P.J. Washington')",3.5666666666666664,4,5,10,1,3,2,2,1,0,1,3,6.44,7.0,0.0,0.0,0.0,2.0,2.0,4.0,0.0,10.0,13.44,1
22500004,DAL,SAS,79.4,78.4,"('Brandon Williams', 'Klay Thompson', 'P.J. Washington')",3.5666666666666664,4,5,10,1,3,2,2,1,0,1,3,6.44,7.0,0.0,0.0,0.0,2.0,2.0,4.0,0.0,10.0,13.44,1
22500004,DAL,SAS,79.4,78.4,"('Cooper Flagg', 'Klay Thompson', 'P.J. Washington')",3.5666666666666664,4,5,10,1,3,2,2,1,0,1,3,6.44,7.0,0.0,0.0,0.0,2.0,2.0,4.0,0.0,10.0,13.44,1
22500004,DAL,SAS,77.4,78.0,"('Anthony Davis', 'Max Christie', 'Naji Marshall')",3.6,4,5,9,0,4,1,1,1,1,1,1,6.0,6.44,0.0,3.0,0.0,0.0,0.0,0.0,2.0,6.0,12.44,1
22500004,DAL,SAS,77.4,78.0,"('Anthony Davis', 'Max Christie', 'P.J. Washington')",3.6,4,5,9,0,4,1,1,1,1,1,1,6.0,6.44,0.0,3.0,0.0,0.0,0.0,0.0,2.0,6.0,12.44,1
22500004,DAL,SAS,77.4,78.0,"('Anthony Davis', 'Max Christie', 'Ryan Nembhard')",3.6,4,5,9,0,4,1,1,1,1,1,1,6.0,6.44,0.0,3.0,0.0,0.0,0.0,0.0,2.0,6.0,12.44,1
22500004,DAL,SAS,77.4,78.0,"('Anthony Davis', 'Naji Marshall', 'P.J. Washington')",3.6,4,5,9,0,4,1,1,1,1,1,1,6.0,6.44,0.0,3.0,0.0,0.0,0.0,0.0,2.0,6.0,12.44,1
22500004,DAL,SAS,77.4,78.0,"('Anthony Davis', 'Naji Marshall', 'Ryan Nembhard')",3.6,4,5,9,0,4,1,1,1,1,1,1,6.0,6.44,0.0,3.0,0.0,0.0,0.0,0.0,2.0,6.0,12.44,1
22500004,DAL,SAS,77.4,78.0,"('Anthony Davis', 'P.J. Washington', 'Ryan Nembhard')",3.6,4,5,9,0,4,1,1,1,1,1,1,6.0,6.44,0.0,3.0,0.0,0.0,0.0,0.0,2.0,6.0,12.44,1
22500004,DAL,SAS,77.4,78.0,"('Max Christie', 'Naji Marshall', 'P.J. Washington')",3.6,4,5,9,0,4,1,1,1,1,1,1,6.0,6.44,0.0,3.0,0.0,0.0,0.0,0.0,2.0,6.0,12.44,1
22500004,DAL,SAS,77.4,78.0,"('Max Christie', 'Naji Marshall', 'Ryan Nembhard')",3.6,4,5,9,0,4,1,1,1,1,1,1,6.0,6.44,0.0,3.0,0.0,0.0,0.0,0.0,2.0,6.0,12.44,1
22500004,DAL,SAS,77.4,78.0,"('Max Christie', 'P.J. Washington', 'Ryan Nembhard')",3.6,4,5,9,0,4,1,1,1,1,1,1,6.0,6.44,0.0,3.0,0.0,0.0,0.0,0.0,2.0,6.0,12.44,1
22500004,DAL,SAS,77.4,78.0,"('Naji Marshall', 'P.J. Washington', 'Ryan Nembhard')",3.6,4,5,9,0,4,1,1,1,1,1,1,6.0,6.44,0.0,3.0,0.0,0.0,0.0,0.0,2.0,6.0,12.44,1
22500004,DAL,SAS,80.8,80.2,"('Anthony Davis', 'Cooper Flagg', 'Dereck Lively II')",3.6000000000000005,3,8,11,4,4,3,2,2,2,1,1,10.0,9.44,2.0,2.0,0.0,4.0,3.0,5.0,0.0,4.0,19.44,1
22500004,DAL,SAS,80.8,80.2,"('Anthony Davis', 'Cooper Flagg', 'Klay Thompson')",3.6000000000000005,3,8,11,4,4,3,2,2,2,1,1,10.0,9.44,2.0,2.0,0.0,4.0,3.0,5.0,0.0,4.0,19.44,1
22500004,DAL,SAS,80.8,80.2,"('Anthony Davis', 'Cooper Flagg', 'P.J. Washington')",3.6000000000000005,3,8,11,4,4,3,2,2,2,1,1,10.0,9.44,2.0,2.0,0.0,4.0,3.0,5.0,0.0,4.0,19.44,1
22500004,DAL,SAS,80.8,80.2,"('Anthony Davis', 'Dereck Lively II', 'Klay Thompson')",3.6000000000000005,3,8,11,4,4,3,2,2,2,1,1,10.0,9.44,2.0,2.0,0.0,4.0,3.0,5.0,0.0,4.0,19.44,1
22500004,DAL,SAS,80.8,80.2,"('Anthony Davis', 'Dereck Lively II', 'P.J. Washington')",3.6000000000000005,3,8,11,4,4,3,2,2,2,1,1,10.0,9.44,2.0,2.0,0.0,4.0,3.0,5.0,0.0,4.0,19.44,1
22500004,DAL,SAS,80.8,80.2,"('Anthony Davis', 'Klay Thompson', 'P.J. Washington')",3.6000000000000005,3,8,11,4,4,3,2,2,2,1,1,10.0,9.44,2.0,2.0,0.0,4.0,3.0,5.0,0.0,4.0,19.44,1
22500004,DAL,SAS,80.8,80.2,"('Cooper Flagg', 'Dereck Lively II', 'Klay Thompson')",3.6000000000000005,3,8,11,4,4,3,2,2,2,1,1,10.0,9.44,2.0,2.0,0.0,4.0,3.0,5.0,0.0,4.0,19.44,1
22500004,DAL,SAS,80.8,80.2,"('Cooper Flagg', 'Dereck Lively II', 'P.J. Washington')",3.6000000000000005,3,8,11,4,4,3,2,2,2,1,1,10.0,9.44,2.0,2.0,0.0,4.0,3.0,5.0,0.0,4.0,19.44,1
22500004,DAL,SAS,80.8,80.2,"('Cooper Flagg', 'Klay Thompson', 'P.J. Washington')",3.6000000000000005,3,8,11,4,4,3,2,2,2,1,1,10.0,9.44,2.0,2.0,0.0,4.0,3.0,5.0,0.0,4.0,19.44,1
22500004,DAL,SAS,80.8,80.2,"('Dereck Lively II', 'Klay Thompson', 'P.J. Washington')",3.6000000000000005,3,8,11,4,4,3,2,2,2,1,1,10.0,9.44,2.0,2.0,0.0,4.0,3.0,5.0,0.0,4.0,19.44,1
22500004,DAL,SAS,80.2,80.2,"('Anthony Davis', 'Dereck Lively II', 'Klay Thompson')",0.4666666666666667,3,1,0,1,1,0,0,0,0,1,0,1.44,1.0,0.0,0.0,0.0,0.0,0.0,0.0,0.0,0.0,2.44,1
22500004,DAL,SAS,80.2,80.2,"('Anthony Davis', 'Dereck Lively II', 'Naji Marshall')",0.4666666666666667,3,1,0,1,1,0,0,0,0,1,0,1.44,1.0,0.0,0.0,0.0,0.0,0.0,0.0,0.0,0.0,2.44,1
22500004,DAL,SAS,80.2,80.2,"('Anthony Davis', 'Dereck Lively II', 'P.J. Washington')",0.4666666666666667,3,1,0,1,1,0,0,0,0,1,0,1.44,1.0,0.0,0.0,0.0,0.0,0.0,0.0,0.0,0.0,2.44,1
22500004,DAL,SAS,80.2,80.2,"('Anthony Davis', 'Klay Thompson', 'Naji Marshall')",0.4666666666666667,3,1,0,1,1,0,0,0,0,1,0,1.44,1.0,0.0,0.0,0.0,0.0,0.0,0.0,0.0,0.0,2.44,1
22500004,DAL,SAS,80.2,80.2,"('Anthony Davis', 'Klay Thompson', 'P.J. Washington')",0.4666666666666667,3,1,0,1,1,0,0,0,0,1,0,1.44,1.0,0.0,0.0,0.0,0.0,0.0,0.0,0.0,0.0,2.44,1
22500004,DAL,SAS,80.2,80.2,"('Anthony Davis', 'Naji Marshall', 'P.J. Washington')",0.4666666666666667,3,1,0,1,1,0,0,0,0,1,0,1.44,1.0,0.0,0.0,0.0,0.0,0.0,0.0,0.0,0.0,2.44,1
22500004,DAL,SAS,80.2,80.2,"('Dereck Lively II', 'Klay Thompson', 'Naji Marshall')",0.4666666666666667,3,1,0,1,1,0,0,0,0,1,0,1.44,1.0,0.0,0.0,0.0,0.0,0.0,0.0,0.0,0.0,2.44,1
22500004,DAL,SAS,80.2,80.2,"('Dereck Lively II', 'Klay Thompson', 'P.J. Washington')",0.4666666666666667,3,1,0,1,1,0,0,0,0,1,0,1.44,1.0,0.0,0.0,0.0,0.0,0.0,0.0,0.0,0.0,2.44,1
22500004,DAL,SAS,80.2,80.2,"('Dereck Lively II', 'Naji Marshall', 'P.J. Washington')",0.4666666666666667,3,1,0,1,1,0,0,0,0,1,0,1.44,1.0,0.0,0.0,0.0,0.0,0.0,0.0,0.0,0.0,2.44,1
22500004,DAL,SAS,80.2,80.2,"('Klay Thompson', 'Naji Marshall', 'P.J. Washington')",0.4666666666666667,3,1,0,1,1,0,0,0,0,1,0,1.44,1.0,0.0,0.0,0.0,0.0,0.0,0.0,0.0,0.0,2.44,1
22500004,DAL,SAS,78.2,80.2,"('Anthony Davis', ""D'Angelo Russell"", 'Klay Thompson')",0.9333333333333332,3,0,4,0,0,0,0,0,0,1,1,1.0,1.88,0.0,0.0,0.0,0.0,0.0,0.0,0.0,0.0,2.88,1
22500004,DAL,SAS,78.2,80.2,"('Anthony Davis', ""D'Angelo Russell"", 'Naji Marshall')",0.9333333333333332,3,0,4,0,0,0,0,0,0,1,1,1.0,1.88,0.0,0.0,0.0,0.0,0.0,0.0,0.0,0.0,2.88,1
22500004,DAL,SAS,78.2,80.2,"('Anthony Davis', ""D'Angelo Russell"", 'P.J. Washington')",0.9333333333333332,3,0,4,0,0,0,0,0,0,1,1,1.0,1.88,0.0,0.0,0.0,0.0,0.0,0.0,0.0,0.0,2.88,1
22500004,DAL,SAS,78.2,80.2,"('Anthony Davis', 'Klay Thompson', 'Naji Marshall')",0.9333333333333332,3,0,4,0,0,0,0,0,0,1,1,1.0,1.88,0.0,0.0,0.0,0.0,0.0,0.0,0.0,0.0,2.88,1
22500004,DAL,SAS,78.2,80.2,"('Anthony Davis', 'Klay Thompson', 'P.J. Washington')",0.9333333333333332,3,0,4,0,0,0,0,0,0,1,1,1.0,1.88,0.0,0.0,0.0,0.0,0.0,0.0,0.0,0.0,2.88,1
22500004,DAL,SAS,78.2,80.2,"('Anthony Davis', 'Naji Marshall', 'P.J. Washington')",0.9333333333333332,3,0,4,0,0,0,0,0,0,1,1,1.0,1.88,0.0,0.0,0.0,0.0,0.0,0.0,0.0,0.0,2.88,1
22500004,DAL,SAS,78.2,80.2,"(""D'Angelo Russell"", 'Klay Thompson', 'Naji Marshall')",0.9333333333333332,3,0,4,0,0,0,0,0,0,1,1,1.0,1.88,0.0,0.0,0.0,0.0,0.0,0.0,0.0,0.0,2.88,1
22500004,DAL,SAS,78.2,80.2,"(""D'Angelo Russell"", 'Klay Thompson', 'P.J. Washington')",0.9333333333333332,3,0,4,0,0,0,0,0,0,1,1,1.0,1.88,0.0,0.0,0.0,0.0,0.0,0.0,0.0,0.0,2.88,1
22500004,DAL,SAS,78.2,80.2,"(""D'Angelo Russell"", 'Naji Marshall', 'P.J. Washington')",0.9333333333333332,3,0,4,0,0,0,0,0,0,1,1,1.0,1.88,0.0,0.0,0.0,0.0,0.0,0.0,0.0,0.0,2.88,1
22500004,DAL,SAS,78.2,80.2,"('Klay Thompson', 'Naji Marshall', 'P.J. Washington')",0.9333333333333332,3,0,4,0,0,0,0,0,0,1,1,1.0,1.88,0.0,0.0,0.0,0.0,0.0,0.0,0.0,0.0,2.88,1
22500004,DAL,SAS,78.8,79.4,"('Anthony Davis', 'Cooper Flagg', ""D'Angelo Russell"")",3.0333333333333337,3,3,9,4,4,1,1,3,1,2,0,7.0,8.32,0.0,0.0,0.0,0.0,4.0,4.0,0.0,6.0,15.32,1
22500004,DAL,SAS,78.8,79.4,"('Anthony Davis', 'Cooper Flagg', 'Max Christie')",3.0333333333333337,3,3,9,4,4,1,1,3,1,2,0,7.0,8.32,0.0,0.0,0.0,0.0,4.0,4.0,0.0,6.0,15.32,1
22500004,DAL,SAS,78.8,79.4,"('Anthony Davis', 'Cooper Flagg', 'P.J. Washington')",3.0333333333333337,3,3,9,4,4,1,1,3,1,2,0,7.0,8.32,0.0,0.0,0.0,0.0,4.0,4.0,0.0,6.0,15.32,1
22500004,DAL,SAS,78.8,79.4,"('Anthony Davis', ""D'Angelo Russell"", 'Max Christie')",3.0333333333333337,3,3,9,4,4,1,1,3,1,2,0,7.0,8.32,0.0,0.0,0.0,0.0,4.0,4.0,0.0,6.0,15.32,1
22500004,DAL,SAS,78.8,79.4,"('Anthony Davis', ""D'Angelo Russell"", 'P.J. Washington')",3.0333333333333337,3,3,9,4,4,1,1,3,1,2,0,7.0,8.32,0.0,0.0,0.0,0.0,4.0,4.0,0.0,6.0,15.32,1
22500004,DAL,SAS,78.8,79.4,"('Anthony Davis', 'Max Christie', 'P.J. Washington')",3.0333333333333337,3,3,9,4,4,1,1,3,1,2,0,7.0,8.32,0.0,0.0,0.0,0.0,4.0,4.0,0.0,6.0,15.32,1
22500004,DAL,SAS,78.8,79.4,"('Cooper Flagg', ""D'Angelo Russell"", 'Max Christie')",3.0333333333333337,3,3,9,4,4,1,1,3,1,2,0,7.0,8.32,0.0,0.0,0.0,0.0,4.0,4.0,0.0,6.0,15.32,1
22500004,DAL,SAS,78.8,79.4,"('Cooper Flagg', ""D'Angelo Russell"", 'P.J. Washington')",3.0333333333333337,3,3,9,4,4,1,1,3,1,2,0,7.0,8.32,0.0,0.0,0.0,0.0,4.0,4.0,0.0,6.0,15.32,1
22500004,DAL,SAS,78.8,79.4,"('Cooper Flagg', 'Max Christie', 'P.J. Washington')",3.0333333333333337,3,3,9,4,4,1,1,3,1,2,0,7.0,8.32,0.0,0.0,0.0,0.0,4.0,4.0,0.0,6.0,15.32,1
22500004,DAL,SAS,78.8,79.4,"(""D'Angelo Russell"", 'Max Christie', 'P.J. Washington')",3.0333333333333337,3,3,9,4,4,1,1,3,1,2,0,7.0,8.32,0.0,0.0,0.0,0.0,4.0,4.0,0.0,6.0,15.32,1
22500004,DAL,SAS,79.4,79.4,"('Anthony Davis', 'Brandon Williams', 'Cooper Flagg')",0.7166666666666667,3,3,2,0,0,1,1,0,0,0,1,1.0,1.0,0.0,0.0,0.0,0.0,0.0,0.0,0.0,2.0,2.0,1
22500004,DAL,SAS,79.4,79.4,"('Anthony Davis', 'Brandon Williams', 'Max Christie')",0.7166666666666667,3,3,2,0,0,1,1,0,0,0,1,1.0,1.0,0.0,0.0,0.0,0.0,0.0,0.0,0.0,2.0,2.0,1
22500004,DAL,SAS,79.4,79.4,"('Anthony Davis', 'Brandon Williams', 'P.J. Washington')",0.7166666666666667,3,3,2,0,0,1,1,0,0,0,1,1.0,1.0,0.0,0.0,0.0,0.0,0.0,0.0,0.0,2.0,2.0,1
22500004,DAL,SAS,79.4,79.4,"('Anthony Davis', 'Cooper Flagg', 'Max Christie')",0.7166666666666667,3,3,2,0,0,1,1,0,0,0,1,1.0,1.0,0.0,0.0,0.0,0.0,0.0,0.0,0.0,2.0,2.0,1
22500004,DAL,SAS,79.4,79.4,"('Anthony Davis', 'Cooper Flagg', 'P.J. Washington')",0.7166666666666667,3,3,2,0,0,1,1,0,0,0,1,1.0,1.0,0.0,0.0,0.0,0.0,0.0,0.0,0.0,2.0,2.0,1
22500004,DAL,SAS,79.4,79.4,"('Anthony Davis', 'Max Christie', 'P.J. Washington')",0.7166666666666667,3,3,2,0,0,1,1,0,0,0,1,1.0,1.0,0.0,0.0,0.0,0.0,0.0,0.0,0.0,2.0,2.0,1
22500004,DAL,SAS,79.4,79.4,"('Brandon Williams', 'Cooper Flagg', 'Max Christie')",0.7166666666666667,3,3,2,0,0,1,1,0,0,0,1,1.0,1.0,0.0,0.0,0.0,0.0,0.0,0.0,0.0,2.0,2.0,1
22500004,DAL,SAS,79.4,79.4,"('Brandon Williams', 'Cooper Flagg', 'P.J. Washington')",0.7166666666666667,3,3,2,0,0,1,1,0,0,0,1,1.0,1.0,0.0,0.0,0.0,0.0,0.0,0.0,0.0,2.0,2.0,1
22500004,DAL,SAS,79.4,79.4,"('Brandon Williams', 'Max Christie', 'P.J. Washington')",0.7166666666666667,3,3,2,0,0,1,1,0,0,0,1,1.0,1.0,0.0,0.0,0.0,0.0,0.0,0.0,0.0,2.0,2.0,1
22500004,DAL,SAS,79.4,79.4,"('Cooper Flagg', 'Max Christie', 'P.J. Washington')",0.7166666666666667,3,3,2,0,0,1,1,0,0,0,1,1.0,1.0,0.0,0.0,0.0,0.0,0.0,0.0,0.0,2.0,2.0,1
22500004,DAL,SAS,78.6,79.4,"('Brandon Williams', 'Cooper Flagg', 'Dwight Powell')",1.9,3,4,5,1,4,1,1,0,1,0,0,4.0,5.0,0.0,0.0,0.0,4.0,0.0,0.0,0.0,2.0,9.0,1
22500004,DAL,SAS,78.6,79.4,"('Brandon Williams', 'Cooper Flagg', 'Jaden Hardy')",1.9,3,4,5,1,4,1,1,0,1,0,0,4.0,5.0,0.0,0.0,0.0,4.0,0.0,0.0,0.0,2.0,9.0,1
22500004,DAL,SAS,78.6,79.4,"('Brandon Williams', 'Cooper Flagg', 'Max Christie')",1.9,3,4,5,1,4,1,1,0,1,0,0,4.0,5.0,0.0,0.0,0.0,4.0,0.0,0.0,0.0,2.0,9.0,1
22500004,DAL,SAS,78.6,79.4,"('Brandon Williams', 'Dwight Powell', 'Jaden Hardy')",1.9,3,4,5,1,4,1,1,0,1,0,0,4.0,5.0,0.0,0.0,0.0,4.0,0.0,0.0,0.0,2.0,9.0,1
22500004,DAL,SAS,78.6,79.4,"('Brandon Williams', 'Dwight Powell', 'Max Christie')",1.9,3,4,5,1,4,1,1,0,1,0,0,4.0,5.0,0.0,0.0,0.0,4.0,0.0,0.0,0.0,2.0,9.0,1
22500004,DAL,SAS,78.6,79.4,"('Brandon Williams', 'Jaden Hardy', 'Max Christie')",1.9,3,4,5,1,4,1,1,0,1,0,0,4.0,5.0,0.0,0.0,0.0,4.0,0.0,0.0,0.0,2.0,9.0,1
22500004,DAL,SAS,78.6,79.4,"('Cooper Flagg', 'Dwight Powell', 'Jaden Hardy')",1.9,3,4,5,1,4,1,1,0,1,0,0,4.0,5.0,0.0,0.0,0.0,4.0,0.0,0.0,0.0,2.0,9.0,1
22500004,DAL,SAS,78.6,79.4,"('Cooper Flagg', 'Dwight Powell', 'Max Christie')",1.9,3,4,5,1,4,1,1,0,1,0,0,4.0,5.0,0.0,0.0,0.0,4.0,0.0,0.0,0.0,2.0,9.0,1
22500004,DAL,SAS,78.6,79.4,"('Cooper Flagg', 'Jaden Hardy', 'Max Christie')",1.9,3,4,5,1,4,1,1,0,1,0,0,4.0,5.0,0.0,0.0,0.0,4.0,0.0,0.0,0.0,2.0,9.0,1
22500004,DAL,SAS,78.6,79.4,"('Dwight Powell', 'Jaden Hardy', 'Max Christie')",1.9,3,4,5,1,4,1,1,0,1,0,0,4.0,5.0,0.0,0.0,0.0,4.0,0.0,0.0,0.0,2.0,9.0,1
22500004,DAL,SAS,79.2,78.6,"('Cooper Flagg', ""D'Angelo Russell"", 'Dereck Lively II')",2.33,1,3,3,2,3,0,1,1,2,3,2,6.32,7.44,0.0,0.0,0.0,0.0,0.0,0.0,2.0,2.0,13.760000000000002,1
22500004,DAL,SAS,79.2,78.6,"('Cooper Flagg', ""D'Angelo Russell"", 'Max Christie')",2.33,1,3,3,2,3,0,1,1,2,3,2,6.32,7.44,0.0,0.0,0.0,0.0,0.0,0.0,2.0,2.0,13.760000000000002,1
22500004,DAL,SAS,79.2,78.6,"('Cooper Flagg', ""D'Angelo Russell"", 'Naji Marshall')",2.33,1,3,3,2,3,0,1,1,2,3,2,6.32,7.44,0.0,0.0,0.0,0.0,0.0,0.0,2.0,2.0,13.760000000000002,1
22500004,DAL,SAS,79.2,78.6,"('Cooper Flagg', 'Dereck Lively II', 'Max Christie')",2.33,1,3,3,2,3,0,1,1,2,3,2,6.32,7.44,0.0,0.0,0.0,0.0,0.0,0.0,2.0,2.0,13.760000000000002,1
22500004,DAL,SAS,79.2,78.6,"('Cooper Flagg', 'Dereck Lively II', 'Naji Marshall')",2.33,1,3,3,2,3,0,1,1,2,3,2,6.32,7.44,0.0,0.0,0.0,0.0,0.0,0.0,2.0,2.0,13.760000000000002,1
22500004,DAL,SAS,79.2,78.6,"('Cooper Flagg', 'Max Christie', 'Naji Marshall')",2.33,1,3,3,2,3,0,1,1,2,3,2,6.32,7.44,0.0,0.0,0.0,0.0,0.0,0.0,2.0,2.0,13.760000000000002,1
22500004,DAL,SAS,79.2,78.6,"(""D'Angelo Russell"", 'Dereck Lively II', 'Max Christie')",2.33,1,3,3,2,3,0,1,1,2,3,2,6.32,7.44,0.0,0.0,0.0,0.0,0.0,0.0,2.0,2.0,13.760000000000002,1
22500004,DAL,SAS,79.2,78.6,"(""D'Angelo Russell"", 'Dereck Lively II', 'Naji Marshall')",2.33,1,3,3,2,3,0,1,1,2,3,2,6.32,7.44,0.0,0.0,0.0,0.0,0.0,0.0,2.0,2.0,13.760000000000002,1
22500004,DAL,SAS,79.2,78.6,"(""D'Angelo Russell"", 'Max Christie', 'Naji Marshall')",2.33,1,3,3,2,3,0,1,1,2,3,2,6.32,7.44,0.0,0.0,0.0,0.0,0.0,0.0,2.0,2.0,13.760000000000002,1
22500004,DAL,SAS,79.2,78.6,"('Dereck Lively II', 'Max Christie', 'Naji Marshall')",2.33,1,3,3,2,3,0,1,1,2,3,2,6.32,7.44,0.0,0.0,0.0,0.0,0.0,0.0,2.0,2.0,13.760000000000002,1
22500004,DAL,SAS,78.6,79.0,"('Cooper Flagg', ""D'Angelo Russell"", 'Dwight Powell')",0.5383333333333333,1,2,2,1,0,0,0,0,0,0,1,0.88,2.0,0.0,0.0,0.0,0.0,0.0,0.0,0.0,2.0,2.88,1
22500004,DAL,SAS,78.6,79.0,"('Cooper Flagg', ""D'Angelo Russell"", 'Max Christie')",0.5383333333333333,1,2,2,1,0,0,0,0,0,0,1,0.88,2.0,0.0,0.0,0.0,0.0,0.0,0.0,0.0,2.0,2.88,1
22500004,DAL,SAS,78.6,79.0,"('Cooper Flagg', ""D'Angelo Russell"", 'Naji Marshall')",0.5383333333333333,1,2,2,1,0,0,0,0,0,0,1,0.88,2.0,0.0,0.0,0.0,0.0,0.0,0.0,0.0,2.0,2.88,1
22500004,DAL,SAS,78.6,79.0,"('Cooper Flagg', 'Dwight Powell', 'Max Christie')",0.5383333333333333,1,2,2,1,0,0,0,0,0,0,1,0.88,2.0,0.0,0.0,0.0,0.0,0.0,0.0,0.0,2.0,2.88,1
22500004,DAL,SAS,78.6,79.0,"('Cooper Flagg', 'Dwight Powell', 'Naji Marshall')",0.5383333333333333,1,2,2,1,0,0,0,0,0,0,1,0.88,2.0,0.0,0.0,0.0,0.0,0.0,0.0,0.0,2.0,2.88,1
22500004,DAL,SAS,78.6,79.0,"('Cooper Flagg', 'Max Christie', 'Naji Marshall')",0.5383333333333333,1,2,2,1,0,0,0,0,0,0,1,0.88,2.0,0.0,0.0,0.0,0.0,0.0,0.0,0.0,2.0,2.88,1
22500004,DAL,SAS,78.6,79.0,"(""D'Angelo Russell"", 'Dwight Powell', 'Max Christie')",0.5383333333333333,1,2,2,1,0,0,0,0,0,0,1,0.88,2.0,0.0,0.0,0.0,0.0,0.0,0.0,0.0,2.0,2.88,1
22500004,DAL,SAS,78.6,79.0,"(""D'Angelo Russell"", 'Dwight Powell', 'Naji Marshall')",0.5383333333333333,1,2,2,1,0,0,0,0,0,0,1,0.88,2.0,0.0,0.0,0.0,0.0,0.0,0.0,0.0,2.0,2.88,1
22500004,DAL,SAS,78.6,79.0,"(""D'Angelo Russell"", 'Max Christie', 'Naji Marshall')",0.5383333333333333,1,2,2,1,0,0,0,0,0,0,1,0.88,2.0,0.0,0.0,0.0,0.0,0.0,0.0,0.0,2.0,2.88,1
22500004,DAL,SAS,78.6,79.0,"('Dwight Powell', 'Max Christie', 'Naji Marshall')",0.5383333333333333,1,2,2,1,0,0,0,0,0,0,1,0.88,2.0,0.0,0.0,0.0,0.0,0.0,0.0,0.0,2.0,2.88,1
22500004,DAL,SAS,78.0,80.4,"('Cooper Flagg', 'Dwight Powell', 'Klay Thompson')",3.316666666666667,2,8,8,4,2,3,2,2,0,3,1,8.44,8.0,0.0,0.0,0.0,0.0,2.0,6.0,0.0,6.0,16.439999999999998,1
22500004,DAL,SAS,78.0,80.4,"('Cooper Flagg', 'Dwight Powell', 'P.J. Washington')",3.316666666666667,2,8,8,4,2,3,2,2,0,3,1,8.44,8.0,0.0,0.0,0.0,0.0,2.0,6.0,0.0,6.0,16.439999999999998,1
22500004,DAL,SAS,78.0,80.4,"('Cooper Flagg', 'Dwight Powell', 'Ryan Nembhard')",3.316666666666667,2,8,8,4,2,3,2,2,0,3,1,8.44,8.0,0.0,0.0,0.0,0.0,2.0,6.0,0.0,6.0,16.439999999999998,1
22500004,DAL,SAS,78.0,80.4,"('Cooper Flagg', 'Klay Thompson', 'P.J. Washington')",3.316666666666667,2,8,8,4,2,3,2,2,0,3,1,8.44,8.0,0.0,0.0,0.0,0.0,2.0,6.0,0.0,6.0,16.439999999999998,1
22500004,DAL,SAS,78.0,80.4,"('Cooper Flagg', 'Klay Thompson', 'Ryan Nembhard')",3.316666666666667,2,8,8,4,2,3,2,2,0,3,1,8.44,8.0,0.0,0.0,0.0,0.0,2.0,6.0,0.0,6.0,16.439999999999998,1
22500004,DAL,SAS,78.0,80.4,"('Cooper Flagg', 'P.J. Washington', 'Ryan Nembhard')",3.316666666666667,2,8,8,4,2,3,2,2,0,3,1,8.44,8.0,0.0,0.0,0.0,0.0,2.0,6.0,0.0,6.0,16.439999999999998,1
22500004,DAL,SAS,78.0,80.4,"('Dwight Powell', 'Klay Thompson', 'P.J. Washington')",3.316666666666667,2,8,8,4,2,3,2,2,0,3,1,8.44,8.0,0.0,0.0,0.0,0.0,2.0,6.0,0.0,6.0,16.439999999999998,1
22500004,DAL,SAS,78.0,80.4,"('Dwight Powell', 'Klay Thompson', 'Ryan Nembhard')",3.316666666666667,2,8,8,4,2,3,2,2,0,3,1,8.44,8.0,0.0,0.0,0.0,0.0,2.0,6.0,0.0,6.0,16.439999999999998,1
22500004,DAL,SAS,78.0,80.4,"('Dwight Powell', 'P.J. Washington', 'Ryan Nembhard')",3.316666666666667,2,8,8,4,2,3,2,2,0,3,1,8.44,8.0,0.0,0.0,0.0,0.0,2.0,6.0,0.0,6.0,16.439999999999998,1
22500004,DAL,SAS,78.0,80.4,"('Klay Thompson', 'P.J. Washington', 'Ryan Nembhard')",3.316666666666667,2,8,8,4,2,3,2,2,0,3,1,8.44,8.0,0.0,0.0,0.0,0.0,2.0,6.0,0.0,6.0,16.439999999999998,1
22500004,DAL,SAS,79.0,81.0,"('Anthony Davis', 'Cooper Flagg', 'Klay Thompson')",1.0333333333333332,2,0,3,1,3,0,0,0,0,1,0,2.0,2.44,0.0,0.0,0.0,0.0,0.0,0.0,0.0,0.0,4.44,1
22500004,DAL,SAS,79.0,81.0,"('Anthony Davis', 'Cooper Flagg', 'Max Christie')",1.0333333333333332,2,0,3,1,3,0,0,0,0,1,0,2.0,2.44,0.0,0.0,0.0,0.0,0.0,0.0,0.0,0.0,4.44,1
22500004,DAL,SAS,79.0,81.0,"('Anthony Davis', 'Cooper Flagg', 'Naji Marshall')",1.0333333333333332,2,0,3,1,3,0,0,0,0,1,0,2.0,2.44,0.0,0.0,0.0,0.0,0.0,0.0,0.0,0.0,4.44,1
22500004,DAL,SAS,79.0,81.0,"('Anthony Davis', 'Klay Thompson', 'Max Christie')",1.0333333333333332,2,0,3,1,3,0,0,0,0,1,0,2.0,2.44,0.0,0.0,0.0,0.0,0.0,0.0,0.0,0.0,4.44,1
22500004,DAL,SAS,79.0,81.0,"('Anthony Davis', 'Klay Thompson', 'Naji Marshall')",1.0333333333333332,2,0,3,1,3,0,0,0,0,1,0,2.0,2.44,0.0,0.0,0.0,0.0,0.0,0.0,0.0,0.0,4.44,1
22500004,DAL,SAS,79.0,81.0,"('Anthony Davis', 'Max Christie', 'Naji Marshall')",1.0333333333333332,2,0,3,1,3,0,0,0,0,1,0,2.0,2.44,0.0,0.0,0.0,0.0,0.0,0.0,0.0,0.0,4.44,1
22500004,DAL,SAS,79.0,81.0,"('Cooper Flagg', 'Klay Thompson', 'Max Christie')",1.0333333333333332,2,0,3,1,3,0,0,0,0,1,0,2.0,2.44,0.0,0.0,0.0,0.0,0.0,0.0,0.0,0.0,4.44,1
22500004,DAL,SAS,79.0,81.0,"('Cooper Flagg', 'Klay Thompson', 'Naji Marshall')",1.0333333333333332,2,0,3,1,3,0,0,0,0,1,0,2.0,2.44,0.0,0.0,0.0,0.0,0.0,0.0,0.0,0.0,4.44,1
22500004,DAL,SAS,79.0,81.0,"('Cooper Flagg', 'Max Christie', 'Naji Marshall')",1.0333333333333332,2,0,3,1,3,0,0,0,0,1,0,2.0,2.44,0.0,0.0,0.0,0.0,0.0,0.0,0.0,0.0,4.44,1
22500004,DAL,SAS,79.0,81.0,"('Klay Thompson', 'Max Christie', 'Naji Marshall')",1.0333333333333332,2,0,3,1,3,0,0,0,0,1,0,2.0,2.44,0.0,0.0,0.0,0.0,0.0,0.0,0.0,0.0,4.44,1
22500004,DAL,SAS,78.2,79.2,"('Anthony Davis', ""D'Angelo Russell"", 'Max Christie')",3.1833333333333336,2,9,4,5,5,1,1,0,0,1,2,7.32,7.0,3.0,0.0,0.0,0.0,0.0,0.0,2.0,4.0,14.32,1
22500004,DAL,SAS,78.2,79.2,"('Anthony Davis', ""D'Angelo Russell"", 'Naji Marshall')",3.1833333333333336,2,9,4,5,5,1,1,0,0,1,2,7.32,7.0,3.0,0.0,0.0,0.0,0.0,0.0,2.0,4.0,14.32,1
22500004,DAL,SAS,78.2,79.2,"('Anthony Davis', ""D'Angelo Russell"", 'P.J. Washington')",3.1833333333333336,2,9,4,5,5,1,1,0,0,1,2,7.32,7.0,3.0,0.0,0.0,0.0,0.0,0.0,2.0,4.0,14.32,1
22500004,DAL,SAS,78.2,79.2,"('Anthony Davis', 'Max Christie', 'Naji Marshall')",3.1833333333333336,2,9,4,5,5,1,1,0,0,1,2,7.32,7.0,3.0,0.0,0.0,0.0,0.0,0.0,2.0,4.0,14.32,1
22500004,DAL,SAS,78.2,79.2,"('Anthony Davis', 'Max Christie', 'P.J. Washington')",3.1833333333333336,2,9,4,5,5,1,1,0,0,1,2,7.32,7.0,3.0,0.0,0.0,0.0,0.0,0.0,2.0,4.0,14.32,1
22500004,DAL,SAS,78.2,79.2,"('Anthony Davis', 'Naji Marshall', 'P.J. Washington')",3.1833333333333336,2,9,4,5,5,1,1,0,0,1,2,7.32,7.0,3.0,0.0,0.0,0.0,0.0,0.0,2.0,4.0,14.32,1
22500004,DAL,SAS,78.2,79.2,"(""D'Angelo Russell"", 'Max Christie', 'Naji Marshall')",3.1833333333333336,2,9,4,5,5,1,1,0,0,1,2,7.32,7.0,3.0,0.0,0.0,0.0,0.0,0.0,2.0,4.0,14.32,1
22500004,DAL,SAS,78.2,79.2,"(""D'Angelo Russell"", 'Max Christie', 'P.J. Washington')",3.1833333333333336,2,9,4,5,5,1,1,0,0,1,2,7.32,7.0,3.0,0.0,0.0,0.0,0.0,0.0,2.0,4.0,14.32,1
22500004,DAL,SAS,78.2,79.2,"(""D'Angelo Russell"", 'Naji Marshall', 'P.J. Washington')",3.1833333333333336,2,9,4,5,5,1,1,0,0,1,2,7.32,7.0,3.0,0.0,0.0,0.0,0.0,0.0,2.0,4.0,14.32,1
22500004,DAL,SAS,78.2,79.2,"('Max Christie', 'Naji Marshall', 'P.J. Washington')",3.1833333333333336,2,9,4,5,5,1,1,0,0,1,2,7.32,7.0,3.0,0.0,0.0,0.0,0.0,0.0,2.0,4.0,14.32,1
22500004,DAL,SAS,79.4,81.0,"('Anthony Davis', 'Cooper Flagg', 'Max Christie')",1.2166666666666666,2,2,6,0,1,0,0,0,0,1,1,1.88,3.0,0.0,0.0,0.0,0.0,0.0,0.0,0.0,6.0,4.88,1
22500004,DAL,SAS,79.4,81.0,"('Anthony Davis', 'Cooper Flagg', 'Naji Marshall')",1.2166666666666666,2,2,6,0,1,0,0,0,0,1,1,1.88,3.0,0.0,0.0,0.0,0.0,0.0,0.0,0.0,6.0,4.88,1
22500004,DAL,SAS,79.4,81.0,"('Anthony Davis', 'Cooper Flagg', 'P.J. Washington')",1.2166666666666666,2,2,6,0,1,0,0,0,0,1,1,1.88,3.0,0.0,0.0,0.0,0.0,0.0,0.0,0.0,6.0,4.88,1
22500004,DAL,SAS,79.4,81.0,"('Anthony Davis', 'Max Christie', 'Naji Marshall')",1.2166666666666666,2,2,6,0,1,0,0,0,0,1,1,1.88,3.0,0.0,0.0,0.0,0.0,0.0,0.0,0.0,6.0,4.88,1
22500004,DAL,SAS,79.4,81.0,"('Anthony Davis', 'Max Christie', 'P.J. Washington')",1.2166666666666666,2,2,6,0,1,0,0,0,0,1,1,1.88,3.0,0.0,0.0,0.0,0.0,0.0,0.0,0.0,6.0,4.88,1
22500004,DAL,SAS,79.4,81.0,"('Anthony Davis', 'Naji Marshall', 'P.J. Washington')",1.2166666666666666,2,2,6,0,1,0,0,0,0,1,1,1.88,3.0,0.0,0.0,0.0,0.0,0.0,0.0,0.0,6.0,4.88,1
22500004,DAL,SAS,79.4,81.0,"('Cooper Flagg', 'Max Christie', 'Naji Marshall')",1.2166666666666666,2,2,6,0,1,0,0,0,0,1,1,1.88,3.0,0.0,0.0,0.0,0.0,0.0,0.0,0.0,6.0,4.88,1
22500004,DAL,SAS,79.4,81.0,"('Cooper Flagg', 'Max Christie', 'P.J. Washington')",1.2166666666666666,2,2,6,0,1,0,0,0,0,1,1,1.88,3.0,0.0,0.0,0.0,0.0,0.0,0.0,0.0,6.0,4.88,1
22500004,DAL,SAS,79.4,81.0,"('Cooper Flagg', 'Naji Marshall', 'P.J. Washington')",1.2166666666666666,2,2,6,0,1,0,0,0,0,1,1,1.88,3.0,0.0,0.0,0.0,0.0,0.0,0.0,0.0,6.0,4.88,1
22500004,DAL,SAS,79.4,81.0,"('Max Christie', 'Naji Marshall', 'P.J. Washington')",1.2166666666666666,2,2,6,0,1,0,0,0,0,1,1,1.88,3.0,0.0,0.0,0.0,0.0,0.0,0.0,0.0,6.0,4.88,1
22500004,DAL,SAS,78.2,80.4,"('Anthony Davis', ""D'Angelo Russell"", 'Klay Thompson')",0.45,2,0,1,1,1,0,0,0,0,1,1,1.0,1.44,0.0,0.0,0.0,0.0,0.0,0.0,0.0,0.0,2.44,1
22500004,DAL,SAS,78.2,80.4,"('Anthony Davis', ""D'Angelo Russell"", 'Naji Marshall')",0.45,2,0,1,1,1,0,0,0,0,1,1,1.0,1.44,0.0,0.0,0.0,0.0,0.0,0.0,0.0,0.0,2.44,1
22500004,DAL,SAS,78.2,80.4,"('Anthony Davis', ""D'Angelo Russell"", 'P.J. Washington')",0.45,2,0,1,1,1,0,0,0,0,1,1,1.0,1.44,0.0,0.0,0.0,0.0,0.0,0.0,0.0,0.0,2.44,1
22500004,DAL,SAS,78.2,80.4,"('Anthony Davis', 'Klay Thompson', 'Naji Marshall')",0.45,2,0,1,1,1,0,0,0,0,1,1,1.0,1.44,0.0,0.0,0.0,0.0,0.0,0.0,0.0,0.0,2.44,1
22500004,DAL,SAS,78.2,80.4,"('Anthony Davis', 'Klay Thompson', 'P.J. Washington')",0.45,2,0,1,1,1,0,0,0,0,1,1,1.0,1.44,0.0,0.0,0.0,0.0,0.0,0.0,0.0,0.0,2.44,1
22500004,DAL,SAS,78.2,80.4,"('Anthony Davis', 'Naji Marshall', 'P.J. Washington')",0.45,2,0,1,1,1,0,0,0,0,1,1,1.0,1.44,0.0,0.0,0.0,0.0,0.0,0.0,0.0,0.0,2.44,1
22500004,DAL,SAS,78.2,80.4,"(""D'Angelo Russell"", 'Klay Thompson', 'Naji Marshall')",0.45,2,0,1,1,1,0,0,0,0,1,1,1.0,1.44,0.0,0.0,0.0,0.0,0.0,0.0,0.0,0.0,2.44,1
22500004,DAL,SAS,78.2,80.4,"(""D'Angelo Russell"", 'Klay Thompson', 'P.J. Washington')",0.45,2,0,1,1,1,0,0,0,0,1,1,1.0,1.44,0.0,0.0,0.0,0.0,0.0,0.0,0.0,0.0,2.44,1
22500004,DAL,SAS,78.2,80.4,"(""D'Angelo Russell"", 'Naji Marshall', 'P.J. Washington')",0.45,2,0,1,1,1,0,0,0,0,1,1,1.0,1.44,0.0,0.0,0.0,0.0,0.0,0.0,0.0,0.0,2.44,1
22500004,DAL,SAS,78.2,80.4,"('Klay Thompson', 'Naji Marshall', 'P.J. Washington')",0.45,2,0,1,1,1,0,0,0,0,1,1,1.0,1.44,0.0,0.0,0.0,0.0,0.0,0.0,0.0,0.0,2.44,1
22500004,DAL,SAS,78.8,80.4,"('Anthony Davis', 'Cooper Flagg', ""D'Angelo Russell"")",0.8,2,0,2,0,2,0,0,0,0,1,0,2.0,1.0,0.0,0.0,0.0,0.0,0.0,0.0,0.0,2.0,3.0,1
22500004,DAL,SAS,78.8,80.4,"('Anthony Davis', 'Cooper Flagg', 'Klay Thompson')",0.8,2,0,2,0,2,0,0,0,0,1,0,2.0,1.0,0.0,0.0,0.0,0.0,0.0,0.0,0.0,2.0,3.0,1
22500004,DAL,SAS,78.8,80.4,"('Anthony Davis', 'Cooper Flagg', 'P.J. Washington')",0.8,2,0,2,0,2,0,0,0,0,1,0,2.0,1.0,0.0,0.0,0.0,0.0,0.0,0.0,0.0,2.0,3.0,1
22500004,DAL,SAS,78.8,80.4,"('Anthony Davis', ""D'Angelo Russell"", 'Klay Thompson')",0.8,2,0,2,0,2,0,0,0,0,1,0,2.0,1.0,0.0,0.0,0.0,0.0,0.0,0.0,0.0,2.0,3.0,1
22500004,DAL,SAS,78.8,80.4,"('Anthony Davis', ""D'Angelo Russell"", 'P.J. Washington')",0.8,2,0,2,0,2,0,0,0,0,1,0,2.0,1.0,0.0,0.0,0.0,0.0,0.0,0.0,0.0,2.0,3.0,1
22500004,DAL,SAS,78.8,80.4,"('Anthony Davis', 'Klay Thompson', 'P.J. Washington')",0.8,2,0,2,0,2,0,0,0,0,1,0,2.0,1.0,0.0,0.0,0.0,0.0,0.0,0.0,0.0,2.0,3.0,1
22500004,DAL,SAS,78.8,80.4,"('Cooper Flagg', ""D'Angelo Russell"", 'Klay Thompson')",0.8,2,0,2,0,2,0,0,0,0,1,0,2.0,1.0,0.0,0.0,0.0,0.0,0.0,0.0,0.0,2.0,3.0,1
22500004,DAL,SAS,78.8,80.4,"('Cooper Flagg', ""D'Angelo Russell"", 'P.J. Washington')",0.8,2,0,2,0,2,0,0,0,0,1,0,2.0,1.0,0.0,0.0,0.0,0.0,0.0,0.0,0.0,2.0,3.0,1
22500004,DAL,SAS,78.8,80.4,"('Cooper Flagg', 'Klay Thompson', 'P.J. Washington')",0.8,2,0,2,0,2,0,0,0,0,1,0,2.0,1.0,0.0,0.0,0.0,0.0,0.0,0.0,0.0,2.0,3.0,1
22500004,DAL,SAS,78.8,80.4,"(""D'Angelo Russell"", 'Klay Thompson', 'P.J. Washington')",0.8,2,0,2,0,2,0,0,0,0,1,0,2.0,1.0,0.0,0.0,0.0,0.0,0.0,0.0,0.0,2.0,3.0,1
22500004,DAL,SAS,79.0,80.0,"('Cooper Flagg', 'Dwight Powell', 'Klay Thompson')",1.7033333333333336,2,3,8,2,1,0,2,3,0,2,0,5.0,5.88,0.0,0.0,3.0,0.0,4.0,4.0,0.0,6.0,10.88,1
22500004,DAL,SAS,79.0,80.0,"('Cooper Flagg', 'Dwight Powell', 'Max Christie')",1.7033333333333336,2,3,8,2,1,0,2,3,0,2,0,5.0,5.88,0.0,0.0,3.0,0.0,4.0,4.0,0.0,6.0,10.88,1
22500004,DAL,SAS,79.0,80.0,"('Cooper Flagg', 'Dwight Powell', 'Naji Marshall')",1.7033333333333336,2,3,8,2,1,0,2,3,0,2,0,5.0,5.88,0.0,0.0,3.0,0.0,4.0,4.0,0.0,6.0,10.88,1
22500004,DAL,SAS,79.0,80.0,"('Cooper Flagg', 'Klay Thompson', 'Max Christie')",1.7033333333333336,2,3,8,2,1,0,2,3,0,2,0,5.0,5.88,0.0,0.0,3.0,0.0,4.0,4.0,0.0,6.0,10.88,1
22500004,DAL,SAS,79.0,80.0,"('Cooper Flagg', 'Klay Thompson', 'Naji Marshall')",1.7033333333333336,2,3,8,2,1,0,2,3,0,2,0,5.0,5.88,0.0,0.0,3.0,0.0,4.0,4.0,0.0,6.0,10.88,1
22500004,DAL,SAS,79.0,80.0,"('Cooper Flagg', 'Max Christie', 'Naji Marshall')",1.7033333333333336,2,3,8,2,1,0,2,3,0,2,0,5.0,5.88,0.0,0.0,3.0,0.0,4.0,4.0,0.0,6.0,10.88,1
22500004,DAL,SAS,79.0,80.0,"('Dwight Powell', 'Klay Thompson', 'Max Christie')",1.7033333333333336,2,3,8,2,1,0,2,3,0,2,0,5.0,5.88,0.0,0.0,3.0,0.0,4.0,4.0,0.0,6.0,10.88,1
22500004,DAL,SAS,79.0,80.0,"('Dwight Powell', 'Klay Thompson', 'Naji Marshall')",1.7033333333333336,2,3,8,2,1,0,2,3,0,2,0,5.0,5.88,0.0,0.0,3.0,0.0,4.0,4.0,0.0,6.0,10.88,1
22500004,DAL,SAS,79.0,80.0,"('Dwight Powell', 'Max Christie', 'Naji Marshall')",1.7033333333333336,2,3,8,2,1,0,2,3,0,2,0,5.0,5.88,0.0,0.0,3.0,0.0,4.0,4.0,0.0,6.0,10.88,1
22500004,DAL,SAS,79.0,80.0,"('Klay Thompson', 'Max Christie', 'Naji Marshall')",1.7033333333333336,2,3,8,2,1,0,2,3,0,2,0,5.0,5.88,0.0,0.0,3.0,0.0,4.0,4.0,0.0,6.0,10.88,1
22500004,DAL,SAS,78.0,79.2,"('Brandon Williams', 'Cooper Flagg', 'Jaden Hardy')",1.1933333333333334,3,2,2,1,2,0,0,0,0,0,0,2.0,2.0,0.0,2.0,0.0,2.0,0.0,0.0,2.0,2.0,4.0,1
22500004,DAL,SAS,78.0,79.2,"('Brandon Williams', 'Cooper Flagg', 'Max Christie')",1.1933333333333334,3,2,2,1,2,0,0,0,0,0,0,2.0,2.0,0.0,2.0,0.0,2.0,0.0,0.0,2.0,2.0,4.0,1
22500004,DAL,SAS,78.0,79.2,"('Brandon Williams', 'Cooper Flagg', 'P.J. Washington')",1.1933333333333334,3,2,2,1,2,0,0,0,0,0,0,2.0,2.0,0.0,2.0,0.0,2.0,0.0,0.0,2.0,2.0,4.0,1
22500004,DAL,SAS,78.0,79.2,"('Brandon Williams', 'Jaden Hardy', 'Max Christie')",1.1933333333333334,3,2,2,1,2,0,0,0,0,0,0,2.0,2.0,0.0,2.0,0.0,2.0,0.0,0.0,2.0,2.0,4.0,1
22500004,DAL,SAS,78.0,79.2,"('Brandon Williams', 'Jaden Hardy', 'P.J. Washington')",1.1933333333333334,3,2,2,1,2,0,0,0,0,0,0,2.0,2.0,0.0,2.0,0.0,2.0,0.0,0.0,2.0,2.0,4.0,1
22500004,DAL,SAS,78.0,79.2,"('Brandon Williams', 'Max Christie', 'P.J. Washington')",1.1933333333333334,3,2,2,1,2,0,0,0,0,0,0,2.0,2.0,0.0,2.0,0.0,2.0,0.0,0.0,2.0,2.0,4.0,1
22500004,DAL,SAS,78.0,79.2,"('Cooper Flagg', 'Jaden Hardy', 'Max Christie')",1.1933333333333334,3,2,2,1,2,0,0,0,0,0,0,2.0,2.0,0.0,2.0,0.0,2.0,0.0,0.0,2.0,2.0,4.0,1
22500004,DAL,SAS,78.0,79.2,"('Cooper Flagg', 'Jaden Hardy', 'P.J. Washington')",1.1933333333333334,3,2,2,1,2,0,0,0,0,0,0,2.0,2.0,0.0,2.0,0.0,2.0,0.0,0.0,2.0,2.0,4.0,1
22500004,DAL,SAS,78.0,79.2,"('Cooper Flagg', 'Max Christie', 'P.J. Washington')",1.1933333333333334,3,2,2,1,2,0,0,0,0,0,0,2.0,2.0,0.0,2.0,0.0,2.0,0.0,0.0,2.0,2.0,4.0,1
22500004,DAL,SAS,78.0,79.2,"('Jaden Hardy', 'Max Christie', 'P.J. Washington')",1.1933333333333334,3,2,2,1,2,0,0,0,0,0,0,2.0,2.0,0.0,2.0,0.0,2.0,0.0,0.0,2.0,2.0,4.0,1
22500034,DAL,MEM,78.2,79.6,"('Brandon Williams', 'Cooper Flagg', 'Klay Thompson')",0.5,2,2,1,0,0,0,0,0,0,0,0,1.0,1.44,0.0,0.0,0.0,2.0,0.0,0.0,0.0,0.0,2.44,2
22500034,DAL,MEM,78.2,79.6,"('Brandon Williams', 'Cooper Flagg', 'Max Christie')",0.5,2,2,1,0,0,0,0,0,0,0,0,1.0,1.44,0.0,0.0,0.0,2.0,0.0,0.0,0.0,0.0,2.44,2
22500034,DAL,MEM,78.2,79.6,"('Brandon Williams', 'Cooper Flagg', 'Naji Marshall')",0.5,2,2,1,0,0,0,0,0,0,0,0,1.0,1.44,0.0,0.0,0.0,2.0,0.0,0.0,0.0,0.0,2.44,2
22500034,DAL,MEM,78.2,79.6,"('Brandon Williams', 'Klay Thompson', 'Max Christie')",0.5,2,2,1,0,0,0,0,0,0,0,0,1.0,1.44,0.0,0.0,0.0,2.0,0.0,0.0,0.0,0.0,2.44,2
22500034,DAL,MEM,78.2,79.6,"('Brandon Williams', 'Klay Thompson', 'Naji Marshall')",0.5,2,2,1,0,0,0,0,0,0,0,0,1.0,1.44,0.0,0.0,0.0,2.0,0.0,0.0,0.0,0.0,2.44,2
22500034,DAL,MEM,78.2,79.6,"('Brandon Williams', 'Max Christie', 'Naji Marshall')",0.5,2,2,1,0,0,0,0,0,0,0,0,1.0,1.44,0.0,0.0,0.0,2.0,0.0,0.0,0.0,0.0,2.44,2
22500034,DAL,MEM,78.2,79.6,"('Cooper Flagg', 'Klay Thompson', 'Max Christie')",0.5,2,2,1,0,0,0,0,0,0,0,0,1.0,1.44,0.0,0.0,0.0,2.0,0.0,0.0,0.0,0.0,2.44,2
22500034,DAL,MEM,78.2,79.6,"('Cooper Flagg', 'Klay Thompson', 'Naji Marshall')",0.5,2,2,1,0,0,0,0,0,0,0,0,1.0,1.44,0.0,0.0,0.0,2.0,0.0,0.0,0.0,0.0,2.44,2
22500034,DAL,MEM,78.2,79.6,"('Cooper Flagg', 'Max Christie', 'Naji Marshall')",0.5,2,2,1,0,0,0,0,0,0,0,0,1.0,1.44,0.0,0.0,0.0,2.0,0.0,0.0,0.0,0.0,2.44,2
22500034,DAL,MEM,78.2,79.6,"('Klay Thompson', 'Max Christie', 'Naji Marshall')",0.5,2,2,1,0,0,0,0,0,0,0,0,1.0,1.44,0.0,0.0,0.0,2.0,0.0,0.0,0.0,0.0,2.44,2
22500034,DAL,MEM,78.8,79.6,"('Brandon Williams', 'Dwight Powell', 'Max Christie')",1.5499999999999998,1,4,5,3,1,1,2,0,0,1,1,3.0,4.0,0.0,0.0,2.0,4.0,0.0,3.0,0.0,2.0,7.0,2
22500034,DAL,MEM,78.8,79.6,"('Brandon Williams', 'Dwight Powell', 'Naji Marshall')",1.5499999999999998,1,4,5,3,1,1,2,0,0,1,1,3.0,4.0,0.0,0.0,2.0,4.0,0.0,3.0,0.0,2.0,7.0,2
22500034,DAL,MEM,78.8,79.6,"('Brandon Williams', 'Dwight Powell', 'P.J. Washington')",1.5499999999999998,1,4,5,3,1,1,2,0,0,1,1,3.0,4.0,0.0,0.0,2.0,4.0,0.0,3.0,0.0,2.0,7.0,2
22500034,DAL,MEM,78.8,79.6,"('Brandon Williams', 'Max Christie', 'Naji Marshall')",1.5499999999999998,1,4,5,3,1,1,2,0,0,1,1,3.0,4.0,0.0,0.0,2.0,4.0,0.0,3.0,0.0,2.0,7.0,2
22500034,DAL,MEM,78.8,79.6,"('Brandon Williams', 'Max Christie', 'P.J. Washington')",1.5499999999999998,1,4,5,3,1,1,2,0,0,1,1,3.0,4.0,0.0,0.0,2.0,4.0,0.0,3.0,0.0,2.0,7.0,2
22500034,DAL,MEM,78.8,79.6,"('Brandon Williams', 'Naji Marshall', 'P.J. Washington')",1.5499999999999998,1,4,5,3,1,1,2,0,0,1,1,3.0,4.0,0.0,0.0,2.0,4.0,0.0,3.0,0.0,2.0,7.0,2
22500034,DAL,MEM,78.8,79.6,"('Dwight Powell', 'Max Christie', 'Naji Marshall')",1.5499999999999998,1,4,5,3,1,1,2,0,0,1,1,3.0,4.0,0.0,0.0,2.0,4.0,0.0,3.0,0.0,2.0,7.0,2
22500034,DAL,MEM,78.8,79.6,"('Dwight Powell', 'Max Christie', 'P.J. Washington')",1.5499999999999998,1,4,5,3,1,1,2,0,0,1,1,3.0,4.0,0.0,0.0,2.0,4.0,0.0,3.0,0.0,2.0,7.0,2
22500034,DAL,MEM,78.8,79.6,"('Dwight Powell', 'Naji Marshall', 'P.J. Washington')",1.5499999999999998,1,4,5,3,1,1,2,0,0,1,1,3.0,4.0,0.0,0.0,2.0,4.0,0.0,3.0,0.0,2.0,7.0,2
22500034,DAL,MEM,78.8,79.6,"('Max Christie', 'Naji Marshall', 'P.J. Washington')",1.5499999999999998,1,4,5,3,1,1,2,0,0,1,1,3.0,4.0,0.0,0.0,2.0,4.0,0.0,3.0,0.0,2.0,7.0,2
22500034,DAL,MEM,78.0,78.8,"('Cooper Flagg', ""D'Angelo Russell"", 'Max Christie')",1.4500000000000002,2,3,0,2,2,1,0,0,0,0,0,3.0,3.0,0.0,0.0,0.0,0.0,0.0,0.0,0.0,0.0,6.0,2
22500034,DAL,MEM,78.0,78.8,"('Cooper Flagg', ""D'Angelo Russell"", 'Naji Marshall')",1.4500000000000002,2,3,0,2,2,1,0,0,0,0,0,3.0,3.0,0.0,0.0,0.0,0.0,0.0,0.0,0.0,0.0,6.0,2
22500034,DAL,MEM,78.0,78.8,"('Cooper Flagg', ""D'Angelo Russell"", 'P.J. Washington')",1.4500000000000002,2,3,0,2,2,1,0,0,0,0,0,3.0,3.0,0.0,0.0,0.0,0.0,0.0,0.0,0.0,0.0,6.0,2
22500034,DAL,MEM,78.0,78.8,"('Cooper Flagg', 'Max Christie', 'Naji Marshall')",1.4500000000000002,2,3,0,2,2,1,0,0,0,0,0,3.0,3.0,0.0,0.0,0.0,0.0,0.0,0.0,0.0,0.0,6.0,2
22500034,DAL,MEM,78.0,78.8,"('Cooper Flagg', 'Max Christie', 'P.J. Washington')",1.4500000000000002,2,3,0,2,2,1,0,0,0,0,0,3.0,3.0,0.0,0.0,0.0,0.0,0.0,0.0,0.0,0.0,6.0,2
22500034,DAL,MEM,78.0,78.8,"('Cooper Flagg', 'Naji Marshall', 'P.J. Washington')",1.4500000000000002,2,3,0,2,2,1,0,0,0,0,0,3.0,3.0,0.0,0.0,0.0,0.0,0.0,0.0,0.0,0.0,6.0,2
22500034,DAL,MEM,78.0,78.8,"(""D'Angelo Russell"", 'Max Christie', 'Naji Marshall')",1.4500000000000002,2,3,0,2,2,1,0,0,0,0,0,3.0,3.0,0.0,0.0,0.0,0.0,0.0,0.0,0.0,0.0,6.0,2
22500034,DAL,MEM,78.0,78.8,"(""D'Angelo Russell"", 'Max Christie', 'P.J. Washington')",1.4500000000000002,2,3,0,2,2,1,0,0,0,0,0,3.0,3.0,0.0,0.0,0.0,0.0,0.0,0.0,0.0,0.0,6.0,2
22500034,DAL,MEM,78.0,78.8,"(""D'Angelo Russell"", 'Naji Marshall', 'P.J. Washington')",1.4500000000000002,2,3,0,2,2,1,0,0,0,0,0,3.0,3.0,0.0,0.0,0.0,0.0,0.0,0.0,0.0,0.0,6.0,2
22500034,DAL,MEM,78.0,78.8,"('Max Christie', 'Naji Marshall', 'P.J. Washington')",1.4500000000000002,2,3,0,2,2,1,0,0,0,0,0,3.0,3.0,0.0,0.0,0.0,0.0,0.0,0.0,0.0,0.0,6.0,2
22500034,DAL,MEM,78.8,79.4,"('Cooper Flagg', ""D'Angelo Russell"", 'Daniel Gafford')",1.5000000000000002,2,2,11,0,2,1,3,0,1,1,0,3.0,5.32,0.0,2.0,0.0,2.0,0.0,0.0,3.0,0.0,8.32,2
22500034,DAL,MEM,78.8,79.4,"('Cooper Flagg', ""D'Angelo Russell"", 'Max Christie')",1.5000000000000002,2,2,11,0,2,1,3,0,1,1,0,3.0,5.32,0.0,2.0,0.0,2.0,0.0,0.0,3.0,0.0,8.32,2
22500034,DAL,MEM,78.8,79.4,"('Cooper Flagg', ""D'Angelo Russell"", 'P.J. Washington')",1.5000000000000002,2,2,11,0,2,1,3,0,1,1,0,3.0,5.32,0.0,2.0,0.0,2.0,0.0,0.0,3.0,0.0,8.32,2
22500034,DAL,MEM,78.8,79.4,"('Cooper Flagg', 'Daniel Gafford', 'Max Christie')",1.5000000000000002,2,2,11,0,2,1,3,0,1,1,0,3.0,5.32,0.0,2.0,0.0,2.0,0.0,0.0,3.0,0.0,8.32,2
22500034,DAL,MEM,78.8,79.4,"('Cooper Flagg', 'Daniel Gafford', 'P.J. Washington')",1.5000000000000002,2,2,11,0,2,1,3,0,1,1,0,3.0,5.32,0.0,2.0,0.0,2.0,0.0,0.0,3.0,0.0,8.32,2
22500034,DAL,MEM,78.8,79.4,"('Cooper Flagg', 'Max Christie', 'P.J. Washington')",1.5000000000000002,2,2,11,0,2,1,3,0,1,1,0,3.0,5.32,0.0,2.0,0.0,2.0,0.0,0.0,3.0,0.0,8.32,2
22500034,DAL,MEM,78.8,79.4,"(""D'Angelo Russell"", 'Daniel Gafford', 'Max Christie')",1.5000000000000002,2,2,11,0,2,1,3,0,1,1,0,3.0,5.32,0.0,2.0,0.0,2.0,0.0,0.0,3.0,0.0,8.32,2
22500034,DAL,MEM,78.8,79.4,"(""D'Angelo Russell"", 'Daniel Gafford', 'P.J. Washington')",1.5000000000000002,2,2,11,0,2,1,3,0,1,1,0,3.0,5.32,0.0,2.0,0.0,2.0,0.0,0.0,3.0,0.0,8.32,2
22500034,DAL,MEM,78.8,79.4,"(""D'Angelo Russell"", 'Max Christie', 'P.J. Washington')",1.5000000000000002,2,2,11,0,2,1,3,0,1,1,0,3.0,5.32,0.0,2.0,0.0,2.0,0.0,0.0,3.0,0.0,8.32,2
22500034,DAL,MEM,78.8,79.4,"('Daniel Gafford', 'Max Christie', 'P.J. Washington')",1.5000000000000002,2,2,11,0,2,1,3,0,1,1,0,3.0,5.32,0.0,2.0,0.0,2.0,0.0,0.0,3.0,0.0,8.32,2
22500034,DAL,MEM,79.4,79.2,"('Brandon Williams', 'Cooper Flagg', 'Daniel Gafford')",1.5416666666666663,2,9,9,0,0,1,3,0,0,1,0,4.0,3.44,0.0,0.0,0.0,6.0,0.0,0.0,0.0,2.0,7.439999999999999,2
22500034,DAL,MEM,79.4,79.2,"('Brandon Williams', 'Cooper Flagg', 'Max Christie')",1.5416666666666663,2,9,9,0,0,1,3,0,0,1,0,4.0,3.44,0.0,0.0,0.0,6.0,0.0,0.0,0.0,2.0,7.439999999999999,2
22500034,DAL,MEM,79.4,79.2,"('Brandon Williams', 'Cooper Flagg', 'P.J. Washington')",1.5416666666666663,2,9,9,0,0,1,3,0,0,1,0,4.0,3.44,0.0,0.0,0.0,6.0,0.0,0.0,0.0,2.0,7.439999999999999,2
22500034,DAL,MEM,79.4,79.2,"('Brandon Williams', 'Daniel Gafford', 'Max Christie')",1.5416666666666663,2,9,9,0,0,1,3,0,0,1,0,4.0,3.44,0.0,0.0,0.0,6.0,0.0,0.0,0.0,2.0,7.439999999999999,2
22500034,DAL,MEM,79.4,79.2,"('Brandon Williams', 'Daniel Gafford', 'P.J. Washington')",1.5416666666666663,2,9,9,0,0,1,3,0,0,1,0,4.0,3.44,0.0,0.0,0.0,6.0,0.0,0.0,0.0,2.0,7.439999999999999,2
22500034,DAL,MEM,79.4,79.2,"('Brandon Williams', 'Max Christie', 'P.J. Washington')",1.5416666666666663,2,9,9,0,0,1,3,0,0,1,0,4.0,3.44,0.0,0.0,0.0,6.0,0.0,0.0,0.0,2.0,7.439999999999999,2
22500034,DAL,MEM,79.4,79.2,"('Cooper Flagg', 'Daniel Gafford', 'Max Christie')",1.5416666666666663,2,9,9,0,0,1,3,0,0,1,0,4.0,3.44,0.0,0.0,0.0,6.0,0.0,0.0,0.0,2.0,7.439999999999999,2
22500034,DAL,MEM,79.4,79.2,"('Cooper Flagg', 'Daniel Gafford', 'P.J. Washington')",1.5416666666666663,2,9,9,0,0,1,3,0,0,1,0,4.0,3.44,0.0,0.0,0.0,6.0,0.0,0.0,0.0,2.0,7.439999999999999,2
22500034,DAL,MEM,79.4,79.2,"('Cooper Flagg', 'Max Christie', 'P.J. Washington')",1.5416666666666663,2,9,9,0,0,1,3,0,0,1,0,4.0,3.44,0.0,0.0,0.0,6.0,0.0,0.0,0.0,2.0,7.439999999999999,2
22500034,DAL,MEM,79.4,79.2,"('Daniel Gafford', 'Max Christie', 'P.J. Washington')",1.5416666666666663,2,9,9,0,0,1,3,0,0,1,0,4.0,3.44,0.0,0.0,0.0,6.0,0.0,0.0,0.0,2.0,7.439999999999999,2
22500034,DAL,MEM,78.6,78.8,"('Cooper Flagg', ""D'Angelo Russell"", 'Daniel Gafford')",0.55,2,0,2,0,1,0,0,0,1,0,0,1.0,2.0,0.0,0.0,0.0,0.0,0.0,0.0,0.0,2.0,3.0,2
22500034,DAL,MEM,78.6,78.8,"('Cooper Flagg', ""D'Angelo Russell"", 'Klay Thompson')",0.55,2,0,2,0,1,0,0,0,1,0,0,1.0,2.0,0.0,0.0,0.0,0.0,0.0,0.0,0.0,2.0,3.0,2
22500034,DAL,MEM,78.6,78.8,"('Cooper Flagg', ""D'Angelo Russell"", 'Naji Marshall')",0.55,2,0,2,0,1,0,0,0,1,0,0,1.0,2.0,0.0,0.0,0.0,0.0,0.0,0.0,0.0,2.0,3.0,2
22500034,DAL,MEM,78.6,78.8,"('Cooper Flagg', 'Daniel Gafford', 'Klay Thompson')",0.55,2,0,2,0,1,0,0,0,1,0,0,1.0,2.0,0.0,0.0,0.0,0.0,0.0,0.0,0.0,2.0,3.0,2
22500034,DAL,MEM,78.6,78.8,"('Cooper Flagg', 'Daniel Gafford', 'Naji Marshall')",0.55,2,0,2,0,1,0,0,0,1,0,0,1.0,2.0,0.0,0.0,0.0,0.0,0.0,0.0,0.0,2.0,3.0,2
22500034,DAL,MEM,78.6,78.8,"('Cooper Flagg', 'Klay Thompson', 'Naji Marshall')",0.55,2,0,2,0,1,0,0,0,1,0,0,1.0,2.0,0.0,0.0,0.0,0.0,0.0,0.0,0.0,2.0,3.0,2
22500034,DAL,MEM,78.6,78.8,"(""D'Angelo Russell"", 'Daniel Gafford', 'Klay Thompson')",0.55,2,0,2,0,1,0,0,0,1,0,0,1.0,2.0,0.0,0.0,0.0,0.0,0.0,0.0,0.0,2.0,3.0,2
22500034,DAL,MEM,78.6,78.8,"(""D'Angelo Russell"", 'Daniel Gafford', 'Naji Marshall')",0.55,2,0,2,0,1,0,0,0,1,0,0,1.0,2.0,0.0,0.0,0.0,0.0,0.0,0.0,0.0,2.0,3.0,2
22500034,DAL,MEM,78.6,78.8,"(""D'Angelo Russell"", 'Klay Thompson', 'Naji Marshall')",0.55,2,0,2,0,1,0,0,0,1,0,0,1.0,2.0,0.0,0.0,0.0,0.0,0.0,0.0,0.0,2.0,3.0,2
22500034,DAL,MEM,78.6,78.8,"('Daniel Gafford', 'Klay Thompson', 'Naji Marshall')",0.55,2,0,2,0,1,0,0,0,1,0,0,1.0,2.0,0.0,0.0,0.0,0.0,0.0,0.0,0.0,2.0,3.0,2
22500034,DAL,MEM,78.8,79.0,"('Cooper Flagg', ""D'Angelo Russell"", 'Dwight Powell')",1.1166666666666667,1,4,4,1,0,2,0,1,0,0,2,3.0,3.0,0.0,0.0,0.0,4.0,0.0,0.0,0.0,4.0,6.0,2
22500034,DAL,MEM,78.8,79.0,"('Cooper Flagg', ""D'Angelo Russell"", 'Max Christie')",1.1166666666666667,1,4,4,1,0,2,0,1,0,0,2,3.0,3.0,0.0,0.0,0.0,4.0,0.0,0.0,0.0,4.0,6.0,2
22500034,DAL,MEM,78.8,79.0,"('Cooper Flagg', ""D'Angelo Russell"", 'P.J. Washington')",1.1166666666666667,1,4,4,1,0,2,0,1,0,0,2,3.0,3.0,0.0,0.0,0.0,4.0,0.0,0.0,0.0,4.0,6.0,2
22500034,DAL,MEM,78.8,79.0,"('Cooper Flagg', 'Dwight Powell', 'Max Christie')",1.1166666666666667,1,4,4,1,0,2,0,1,0,0,2,3.0,3.0,0.0,0.0,0.0,4.0,0.0,0.0,0.0,4.0,6.0,2
22500034,DAL,MEM,78.8,79.0,"('Cooper Flagg', 'Dwight Powell', 'P.J. Washington')",1.1166666666666667,1,4,4,1,0,2,0,1,0,0,2,3.0,3.0,0.0,0.0,0.0,4.0,0.0,0.0,0.0,4.0,6.0,2
22500034,DAL,MEM,78.8,79.0,"('Cooper Flagg', 'Max Christie', 'P.J. Washington')",1.1166666666666667,1,4,4,1,0,2,0,1,0,0,2,3.0,3.0,0.0,0.0,0.0,4.0,0.0,0.0,0.0,4.0,6.0,2
22500034,DAL,MEM,78.8,79.0,"(""D'Angelo Russell"", 'Dwight Powell', 'Max Christie')",1.1166666666666667,1,4,4,1,0,2,0,1,0,0,2,3.0,3.0,0.0,0.0,0.0,4.0,0.0,0.0,0.0,4.0,6.0,2
22500034,DAL,MEM,78.8,79.0,"(""D'Angelo Russell"", 'Dwight Powell', 'P.J. Washington')",1.1166666666666667,1,4,4,1,0,2,0,1,0,0,2,3.0,3.0,0.0,0.0,0.0,4.0,0.0,0.0,0.0,4.0,6.0,2
22500034,DAL,MEM,78.8,79.0,"(""D'Angelo Russell"", 'Max Christie', 'P.J. Washington')",1.1166666666666667,1,4,4,1,0,2,0,1,0,0,2,3.0,3.0,0.0,0.0,0.0,4.0,0.0,0.0,0.0,4.0,6.0,2
22500034,DAL,MEM,78.8,79.0,"('Dwight Powell', 'Max Christie', 'P.J. Washington')",1.1166666666666667,1,4,4,1,0,2,0,1,0,0,2,3.0,3.0,0.0,0.0,0.0,4.0,0.0,0.0,0.0,4.0,6.0,2
22500034,DAL,MEM,78.8,79.0,"('Cooper Flagg', ""D'Angelo Russell"", 'Daniel Gafford')",4.033333333333333,1,7,14,1,5,2,4,0,0,2,0,7.0,6.88,0.0,0.0,0.0,2.0,0.0,0.0,2.0,4.0,13.88,2
22500034,DAL,MEM,78.8,79.0,"('Cooper Flagg', ""D'Angelo Russell"", 'Max Christie')",4.033333333333333,1,7,14,1,5,2,4,0,0,2,0,7.0,6.88,0.0,0.0,0.0,2.0,0.0,0.0,2.0,4.0,13.88,2
22500034,DAL,MEM,78.8,79.0,"('Cooper Flagg', ""D'Angelo Russell"", 'P.J. Washington')",4.033333333333333,1,7,14,1,5,2,4,0,0,2,0,7.0,6.88,0.0,0.0,0.0,2.0,0.0,0.0,2.0,4.0,13.88,2
22500034,DAL,MEM,78.8,79.0,"('Cooper Flagg', 'Daniel Gafford', 'Max Christie')",4.033333333333333,1,7,14,1,5,2,4,0,0,2,0,7.0,6.88,0.0,0.0,0.0,2.0,0.0,0.0,2.0,4.0,13.88,2
22500034,DAL,MEM,78.8,79.0,"('Cooper Flagg', 'Daniel Gafford', 'P.J. Washington')",4.033333333333333,1,7,14,1,5,2,4,0,0,2,0,7.0,6.88,0.0,0.0,0.0,2.0,0.0,0.0,2.0,4.0,13.88,2
22500034,DAL,MEM,78.8,79.0,"('Cooper Flagg', 'Max Christie', 'P.J. Washington')",4.033333333333333,1,7,14,1,5,2,4,0,0,2,0,7.0,6.88,0.0,0.0,0.0,2.0,0.0,0.0,2.0,4.0,13.88,2
22500034,DAL,MEM,78.8,79.0,"(""D'Angelo Russell"", 'Daniel Gafford', 'Max Christie')",4.033333333333333,1,7,14,1,5,2,4,0,0,2,0,7.0,6.88,0.0,0.0,0.0,2.0,0.0,0.0,2.0,4.0,13.88,2
22500034,DAL,MEM,78.8,79.0,"(""D'Angelo Russell"", 'Daniel Gafford', 'P.J. Washington')",4.033333333333333,1,7,14,1,5,2,4,0,0,2,0,7.0,6.88,0.0,0.0,0.0,2.0,0.0,0.0,2.0,4.0,13.88,2
22500034,DAL,MEM,78.8,79.0,"(""D'Angelo Russell"", 'Max Christie', 'P.J. Washington')",4.033333333333333,1,7,14,1,5,2,4,0,0,2,0,7.0,6.88,0.0,0.0,0.0,2.0,0.0,0.0,2.0,4.0,13.88,2
22500034,DAL,MEM,78.8,79.0,"('Daniel Gafford', 'Max Christie', 'P.J. Washington')",4.033333333333333,1,7,14,1,5,2,4,0,0,2,0,7.0,6.88,0.0,0.0,0.0,2.0,0.0,0.0,2.0,4.0,13.88,2
22500034,DAL,MEM,78.8,79.6,"('Brandon Williams', 'Dwight Powell', 'Klay Thompson')",1.7000000000000002,1,3,0,5,3,1,0,0,0,0,2,4.0,5.0,0.0,0.0,0.0,0.0,0.0,0.0,0.0,0.0,9.0,2
22500034,DAL,MEM,78.8,79.6,"('Brandon Williams', 'Dwight Powell', 'Naji Marshall')",1.7000000000000002,1,3,0,5,3,1,0,0,0,0,2,4.0,5.0,0.0,0.0,0.0,0.0,0.0,0.0,0.0,0.0,9.0,2
22500034,DAL,MEM,78.8,79.6,"('Brandon Williams', 'Dwight Powell', 'P.J. Washington')",1.7000000000000002,1,3,0,5,3,1,0,0,0,0,2,4.0,5.0,0.0,0.0,0.0,0.0,0.0,0.0,0.0,0.0,9.0,2
22500034,DAL,MEM,78.8,79.6,"('Brandon Williams', 'Klay Thompson', 'Naji Marshall')",1.7000000000000002,1,3,0,5,3,1,0,0,0,0,2,4.0,5.0,0.0,0.0,0.0,0.0,0.0,0.0,0.0,0.0,9.0,2
22500034,DAL,MEM,78.8,79.6,"('Brandon Williams', 'Klay Thompson', 'P.J. Washington')",1.7000000000000002,1,3,0,5,3,1,0,0,0,0,2,4.0,5.0,0.0,0.0,0.0,0.0,0.0,0.0,0.0,0.0,9.0,2
22500034,DAL,MEM,78.8,79.6,"('Brandon Williams', 'Naji Marshall', 'P.J. Washington')",1.7000000000000002,1,3,0,5,3,1,0,0,0,0,2,4.0,5.0,0.0,0.0,0.0,0.0,0.0,0.0,0.0,0.0,9.0,2
22500034,DAL,MEM,78.8,79.6,"('Dwight Powell', 'Klay Thompson', 'Naji Marshall')",1.7000000000000002,1,3,0,5,3,1,0,0,0,0,2,4.0,5.0,0.0,0.0,0.0,0.0,0.0,0.0,0.0,0.0,9.0,2
22500034,DAL,MEM,78.8,79.6,"('Dwight Powell', 'Klay Thompson', 'P.J. Washington')",1.7000000000000002,1,3,0,5,3,1,0,0,0,0,2,4.0,5.0,0.0,0.0,0.0,0.0,0.0,0.0,0.0,0.0,9.0,2
22500034,DAL,MEM,78.8,79.6,"('Dwight Powell', 'Naji Marshall', 'P.J. Washington')",1.7000000000000002,1,3,0,5,3,1,0,0,0,0,2,4.0,5.0,0.0,0.0,0.0,0.0,0.0,0.0,0.0,0.0,9.0,2
22500034,DAL,MEM,78.8,79.6,"('Klay Thompson', 'Naji Marshall', 'P.J. Washington')",1.7000000000000002,1,3,0,5,3,1,0,0,0,0,2,4.0,5.0,0.0,0.0,0.0,0.0,0.0,0.0,0.0,0.0,9.0,2
22500034,DAL,MEM,78.2,77.2,"('Brandon Williams', 'Caleb Martin', 'Cooper Flagg')",2.441666666666667,1,6,6,2,2,1,1,1,1,2,1,7.88,5.76,2.0,0.0,0.0,4.0,0.0,0.0,0.0,2.0,13.64,2
22500034,DAL,MEM,78.2,77.2,"('Brandon Williams', 'Caleb Martin', 'Klay Thompson')",2.441666666666667,1,6,6,2,2,1,1,1,1,2,1,7.88,5.76,2.0,0.0,0.0,4.0,0.0,0.0,0.0,2.0,13.64,2
22500034,DAL,MEM,78.2,77.2,"('Brandon Williams', 'Caleb Martin', 'Naji Marshall')",2.441666666666667,1,6,6,2,2,1,1,1,1,2,1,7.88,5.76,2.0,0.0,0.0,4.0,0.0,0.0,0.0,2.0,13.64,2
22500034,DAL,MEM,78.2,77.2,"('Brandon Williams', 'Cooper Flagg', 'Klay Thompson')",2.441666666666667,1,6,6,2,2,1,1,1,1,2,1,7.88,5.76,2.0,0.0,0.0,4.0,0.0,0.0,0.0,2.0,13.64,2
22500034,DAL,MEM,78.2,77.2,"('Brandon Williams', 'Cooper Flagg', 'Naji Marshall')",2.441666666666667,1,6,6,2,2,1,1,1,1,2,1,7.88,5.76,2.0,0.0,0.0,4.0,0.0,0.0,0.0,2.0,13.64,2
22500034,DAL,MEM,78.2,77.2,"('Brandon Williams', 'Klay Thompson', 'Naji Marshall')",2.441666666666667,1,6,6,2,2,1,1,1,1,2,1,7.88,5.76,2.0,0.0,0.0,4.0,0.0,0.0,0.0,2.0,13.64,2
22500034,DAL,MEM,78.2,77.2,"('Caleb Martin', 'Cooper Flagg', 'Klay Thompson')",2.441666666666667,1,6,6,2,2,1,1,1,1,2,1,7.88,5.76,2.0,0.0,0.0,4.0,0.0,0.0,0.0,2.0,13.64,2
22500034,DAL,MEM,78.2,77.2,"('Caleb Martin', 'Cooper Flagg', 'Naji Marshall')",2.441666666666667,1,6,6,2,2,1,1,1,1,2,1,7.88,5.76,2.0,0.0,0.0,4.0,0.0,0.0,0.0,2.0,13.64,2
22500034,DAL,MEM,78.2,77.2,"('Caleb Martin', 'Klay Thompson', 'Naji Marshall')",2.441666666666667,1,6,6,2,2,1,1,1,1,2,1,7.88,5.76,2.0,0.0,0.0,4.0,0.0,0.0,0.0,2.0,13.64,2
22500034,DAL,MEM,78.2,77.2,"('Cooper Flagg', 'Klay Thompson', 'Naji Marshall')",2.441666666666667,1,6,6,2,2,1,1,1,1,2,1,7.88,5.76,2.0,0.0,0.0,4.0,0.0,0.0,0.0,2.0,13.64,2
22500034,DAL,MEM,79.4,78.8,"('Brandon Williams', 'Cooper Flagg', 'Dwight Powell')",1.2333333333333332,4,0,1,2,1,0,0,0,0,1,2,1.0,1.44,0.0,0.0,0.0,0.0,0.0,0.0,0.0,0.0,2.44,2
22500034,DAL,MEM,79.4,78.8,"('Brandon Williams', 'Cooper Flagg', 'Max Christie')",1.2333333333333332,4,0,1,2,1,0,0,0,0,1,2,1.0,1.44,0.0,0.0,0.0,0.0,0.0,0.0,0.0,0.0,2.44,2
22500034,DAL,MEM,79.4,78.8,"('Brandon Williams', 'Cooper Flagg', 'P.J. Washington')",1.2333333333333332,4,0,1,2,1,0,0,0,0,1,2,1.0,1.44,0.0,0.0,0.0,0.0,0.0,0.0,0.0,0.0,2.44,2
22500034,DAL,MEM,79.4,78.8,"('Brandon Williams', 'Dwight Powell', 'Max Christie')",1.2333333333333332,4,0,1,2,1,0,0,0,0,1,2,1.0,1.44,0.0,0.0,0.0,0.0,0.0,0.0,0.0,0.0,2.44,2
22500034,DAL,MEM,79.4,78.8,"('Brandon Williams', 'Dwight Powell', 'P.J. Washington')",1.2333333333333332,4,0,1,2,1,0,0,0,0,1,2,1.0,1.44,0.0,0.0,0.0,0.0,0.0,0.0,0.0,0.0,2.44,2
22500034,DAL,MEM,79.4,78.8,"('Brandon Williams', 'Max Christie', 'P.J. Washington')",1.2333333333333332,4,0,1,2,1,0,0,0,0,1,2,1.0,1.44,0.0,0.0,0.0,0.0,0.0,0.0,0.0,0.0,2.44,2
22500034,DAL,MEM,79.4,78.8,"('Cooper Flagg', 'Dwight Powell', 'Max Christie')",1.2333333333333332,4,0,1,2,1,0,0,0,0,1,2,1.0,1.44,0.0,0.0,0.0,0.0,0.0,0.0,0.0,0.0,2.44,2
22500034,DAL,MEM,79.4,78.8,"('Cooper Flagg', 'Dwight Powell', 'P.J. Washington')",1.2333333333333332,4,0,1,2,1,0,0,0,0,1,2,1.0,1.44,0.0,0.0,0.0,0.0,0.0,0.0,0.0,0.0,2.44,2
22500034,DAL,MEM,79.4,78.8,"('Cooper Flagg', 'Max Christie', 'P.J. Washington')",1.2333333333333332,4,0,1,2,1,0,0,0,0,1,2,1.0,1.44,0.0,0.0,0.0,0.0,0.0,0.0,0.0,0.0,2.44,2
22500034,DAL,MEM,79.4,78.8,"('Dwight Powell', 'Max Christie', 'P.J. Washington')",1.2333333333333332,4,0,1,2,1,0,0,0,0,1,2,1.0,1.44,0.0,0.0,0.0,0.0,0.0,0.0,0.0,0.0,2.44,2
22500034,DAL,MEM,78.0,78.8,"('Cooper Flagg', 'Dwight Powell', 'Max Christie')",2.483333333333333,4,5,2,3,1,1,1,2,1,0,0,5.0,5.0,0.0,2.0,2.0,0.0,0.0,0.0,0.0,2.0,10.0,2
22500034,DAL,MEM,78.0,78.8,"('Cooper Flagg', 'Dwight Powell', 'P.J. Washington')",2.483333333333333,4,5,2,3,1,1,1,2,1,0,0,5.0,5.0,0.0,2.0,2.0,0.0,0.0,0.0,0.0,2.0,10.0,2
22500034,DAL,MEM,78.0,78.8,"('Cooper Flagg', 'Dwight Powell', 'Ryan Nembhard')",2.483333333333333,4,5,2,3,1,1,1,2,1,0,0,5.0,5.0,0.0,2.0,2.0,0.0,0.0,0.0,0.0,2.0,10.0,2
22500034,DAL,MEM,78.0,78.8,"('Cooper Flagg', 'Max Christie', 'P.J. Washington')",2.483333333333333,4,5,2,3,1,1,1,2,1,0,0,5.0,5.0,0.0,2.0,2.0,0.0,0.0,0.0,0.0,2.0,10.0,2
22500034,DAL,MEM,78.0,78.8,"('Cooper Flagg', 'Max Christie', 'Ryan Nembhard')",2.483333333333333,4,5,2,3,1,1,1,2,1,0,0,5.0,5.0,0.0,2.0,2.0,0.0,0.0,0.0,0.0,2.0,10.0,2
22500034,DAL,MEM,78.0,78.8,"('Cooper Flagg', 'P.J. Washington', 'Ryan Nembhard')",2.483333333333333,4,5,2,3,1,1,1,2,1,0,0,5.0,5.0,0.0,2.0,2.0,0.0,0.0,0.0,0.0,2.0,10.0,2
22500034,DAL,MEM,78.0,78.8,"('Dwight Powell', 'Max Christie', 'P.J. Washington')",2.483333333333333,4,5,2,3,1,1,1,2,1,0,0,5.0,5.0,0.0,2.0,2.0,0.0,0.0,0.0,0.0,2.0,10.0,2
22500034,DAL,MEM,78.0,78.8,"('Dwight Powell', 'Max Christie', 'Ryan Nembhard')",2.483333333333333,4,5,2,3,1,1,1,2,1,0,0,5.0,5.0,0.0,2.0,2.0,0.0,0.0,0.0,0.0,2.0,10.0,2
22500034,DAL,MEM,78.0,78.8,"('Dwight Powell', 'P.J. Washington', 'Ryan Nembhard')",2.483333333333333,4,5,2,3,1,1,1,2,1,0,0,5.0,5.0,0.0,2.0,2.0,0.0,0.0,0.0,0.0,2.0,10.0,2
22500034,DAL,MEM,78.0,78.8,"('Max Christie', 'P.J. Washington', 'Ryan Nembhard')",2.483333333333333,4,5,2,3,1,1,1,2,1,0,0,5.0,5.0,0.0,2.0,2.0,0.0,0.0,0.0,0.0,2.0,10.0,2
22500034,DAL,MEM,78.2,79.0,"(""D'Angelo Russell"", 'Dwight Powell', 'Max Christie')",0.7833333333333333,1,0,5,0,1,0,1,1,0,1,0,2.0,2.0,0.0,0.0,0.0,0.0,3.0,0.0,0.0,2.0,4.0,2
22500034,DAL,MEM,78.2,79.0,"(""D'Angelo Russell"", 'Dwight Powell', 'Naji Marshall')",0.7833333333333333,1,0,5,0,1,0,1,1,0,1,0,2.0,2.0,0.0,0.0,0.0,0.0,3.0,0.0,0.0,2.0,4.0,2
22500034,DAL,MEM,78.2,79.0,"(""D'Angelo Russell"", 'Dwight Powell', 'P.J. Washington')",0.7833333333333333,1,0,5,0,1,0,1,1,0,1,0,2.0,2.0,0.0,0.0,0.0,0.0,3.0,0.0,0.0,2.0,4.0,2
22500034,DAL,MEM,78.2,79.0,"(""D'Angelo Russell"", 'Max Christie', 'Naji Marshall')",0.7833333333333333,1,0,5,0,1,0,1,1,0,1,0,2.0,2.0,0.0,0.0,0.0,0.0,3.0,0.0,0.0,2.0,4.0,2
22500034,DAL,MEM,78.2,79.0,"(""D'Angelo Russell"", 'Max Christie', 'P.J. Washington')",0.7833333333333333,1,0,5,0,1,0,1,1,0,1,0,2.0,2.0,0.0,0.0,0.0,0.0,3.0,0.0,0.0,2.0,4.0,2
22500034,DAL,MEM,78.2,79.0,"(""D'Angelo Russell"", 'Naji Marshall', 'P.J. Washington')",0.7833333333333333,1,0,5,0,1,0,1,1,0,1,0,2.0,2.0,0.0,0.0,0.0,0.0,3.0,0.0,0.0,2.0,4.0,2
22500034,DAL,MEM,78.2,79.0,"('Dwight Powell', 'Max Christie', 'Naji Marshall')",0.7833333333333333,1,0,5,0,1,0,1,1,0,1,0,2.0,2.0,0.0,0.0,0.0,0.0,3.0,0.0,0.0,2.0,4.0,2
22500034,DAL,MEM,78.2,79.0,"('Dwight Powell', 'Max Christie', 'P.J. Washington')",0.7833333333333333,1,0,5,0,1,0,1,1,0,1,0,2.0,2.0,0.0,0.0,0.0,0.0,3.0,0.0,0.0,2.0,4.0,2
22500034,DAL,MEM,78.2,79.0,"('Dwight Powell', 'Naji Marshall', 'P.J. Washington')",0.7833333333333333,1,0,5,0,1,0,1,1,0,1,0,2.0,2.0,0.0,0.0,0.0,0.0,3.0,0.0,0.0,2.0,4.0,2
22500034,DAL,MEM,78.2,79.0,"('Max Christie', 'Naji Marshall', 'P.J. Washington')",0.7833333333333333,1,0,5,0,1,0,1,1,0,1,0,2.0,2.0,0.0,0.0,0.0,0.0,3.0,0.0,0.0,2.0,4.0,2
22500034,DAL,MEM,77.8,79.0,"('Brandon Williams', 'Caleb Martin', 'Cooper Flagg')",2.1,3,2,7,1,5,0,2,0,1,2,1,4.88,6.44,0.0,0.0,0.0,0.0,0.0,2.0,0.0,6.0,11.32,2
22500034,DAL,MEM,77.8,79.0,"('Brandon Williams', 'Caleb Martin', 'Jaden Hardy')",2.1,3,2,7,1,5,0,2,0,1,2,1,4.88,6.44,0.0,0.0,0.0,0.0,0.0,2.0,0.0,6.0,11.32,2
22500034,DAL,MEM,77.8,79.0,"('Brandon Williams', 'Caleb Martin', 'Naji Marshall')",2.1,3,2,7,1,5,0,2,0,1,2,1,4.88,6.44,0.0,0.0,0.0,0.0,0.0,2.0,0.0,6.0,11.32,2
22500034,DAL,MEM,77.8,79.0,"('Brandon Williams', 'Cooper Flagg', 'Jaden Hardy')",2.1,3,2,7,1,5,0,2,0,1,2,1,4.88,6.44,0.0,0.0,0.0,0.0,0.0,2.0,0.0,6.0,11.32,2
22500034,DAL,MEM,77.8,79.0,"('Brandon Williams', 'Cooper Flagg', 'Naji Marshall')",2.1,3,2,7,1,5,0,2,0,1,2,1,4.88,6.44,0.0,0.0,0.0,0.0,0.0,2.0,0.0,6.0,11.32,2
22500034,DAL,MEM,77.8,79.0,"('Brandon Williams', 'Jaden Hardy', 'Naji Marshall')",2.1,3,2,7,1,5,0,2,0,1,2,1,4.88,6.44,0.0,0.0,0.0,0.0,0.0,2.0,0.0,6.0,11.32,2
22500034,DAL,MEM,77.8,79.0,"('Caleb Martin', 'Cooper Flagg', 'Jaden Hardy')",2.1,3,2,7,1,5,0,2,0,1,2,1,4.88,6.44,0.0,0.0,0.0,0.0,0.0,2.0,0.0,6.0,11.32,2
22500034,DAL,MEM,77.8,79.0,"('Caleb Martin', 'Cooper Flagg', 'Naji Marshall')",2.1,3,2,7,1,5,0,2,0,1,2,1,4.88,6.44,0.0,0.0,0.0,0.0,0.0,2.0,0.0,6.0,11.32,2
22500034,DAL,MEM,77.8,79.0,"('Caleb Martin', 'Jaden Hardy', 'Naji Marshall')",2.1,3,2,7,1,5,0,2,0,1,2,1,4.88,6.44,0.0,0.0,0.0,0.0,0.0,2.0,0.0,6.0,11.32,2
22500034,DAL,MEM,77.8,79.0,"('Cooper Flagg', 'Jaden Hardy', 'Naji Marshall')",2.1,3,2,7,1,5,0,2,0,1,2,1,4.88,6.44,0.0,0.0,0.0,0.0,0.0,2.0,0.0,6.0,11.32,2
22500034,DAL,MEM,78.0,79.0,"('Brandon Williams', 'Caleb Martin', 'Cooper Flagg')",0.1666666666666666,3,0,1,0,0,0,0,0,0,0,1,0.0,0.44,0.0,0.0,0.0,0.0,0.0,0.0,0.0,0.0,0.44,2
22500034,DAL,MEM,78.0,79.0,"('Brandon Williams', 'Caleb Martin', 'Jaden Hardy')",0.1666666666666666,3,0,1,0,0,0,0,0,0,0,1,0.0,0.44,0.0,0.0,0.0,0.0,0.0,0.0,0.0,0.0,0.44,2
22500034,DAL,MEM,78.0,79.0,"('Brandon Williams', 'Caleb Martin', 'P.J. Washington')",0.1666666666666666,3,0,1,0,0,0,0,0,0,0,1,0.0,0.44,0.0,0.0,0.0,0.0,0.0,0.0,0.0,0.0,0.44,2
22500034,DAL,MEM,78.0,79.0,"('Brandon Williams', 'Cooper Flagg', 'Jaden Hardy')",0.1666666666666666,3,0,1,0,0,0,0,0,0,0,1,0.0,0.44,0.0,0.0,0.0,0.0,0.0,0.0,0.0,0.0,0.44,2
22500034,DAL,MEM,78.0,79.0,"('Brandon Williams', 'Cooper Flagg', 'P.J. Washington')",0.1666666666666666,3,0,1,0,0,0,0,0,0,0,1,0.0,0.44,0.0,0.0,0.0,0.0,0.0,0.0,0.0,0.0,0.44,2
22500034,DAL,MEM,78.0,79.0,"('Brandon Williams', 'Jaden Hardy', 'P.J. Washington')",0.1666666666666666,3,0,1,0,0,0,0,0,0,0,1,0.0,0.44,0.0,0.0,0.0,0.0,0.0,0.0,0.0,0.0,0.44,2
22500034,DAL,MEM,78.0,79.0,"('Caleb Martin', 'Cooper Flagg', 'Jaden Hardy')",0.1666666666666666,3,0,1,0,0,0,0,0,0,0,1,0.0,0.44,0.0,0.0,0.0,0.0,0.0,0.0,0.0,0.0,0.44,2
22500034,DAL,MEM,78.0,79.0,"('Caleb Martin', 'Cooper Flagg', 'P.J. Washington')",0.1666666666666666,3,0,1,0,0,0,0,0,0,0,1,0.0,0.44,0.0,0.0,0.0,0.0,0.0,0.0,0.0,0.0,0.44,2
22500034,DAL,MEM,78.0,79.0,"('Caleb Martin', 'Jaden Hardy', 'P.J. Washington')",0.1666666666666666,3,0,1,0,0,0,0,0,0,0,1,0.0,0.44,0.0,0.0,0.0,0.0,0.0,0.0,0.0,0.0,0.44,2
22500034,DAL,MEM,78.0,79.0,"('Cooper Flagg', 'Jaden Hardy', 'P.J. Washington')",0.1666666666666666,3,0,1,0,0,0,0,0,0,0,1,0.0,0.44,0.0,0.0,0.0,0.0,0.0,0.0,0.0,0.0,0.44,2
22500034,DAL,MEM,76.6,77.2,"('Jaden Hardy', 'Klay Thompson', 'Max Christie')",1.985,3,5,1,3,3,1,0,1,2,1,1,5.0,4.44,0.0,3.0,3.0,2.0,0.0,0.0,0.0,0.0,9.44,2
22500034,DAL,MEM,76.6,77.2,"('Jaden Hardy', 'Klay Thompson', 'Moussa Cisse')",1.985,3,5,1,3,3,1,0,1,2,1,1,5.0,4.44,0.0,3.0,3.0,2.0,0.0,0.0,0.0,0.0,9.44,2
22500034,DAL,MEM,76.6,77.2,"('Jaden Hardy', 'Klay Thompson', 'Ryan Nembhard')",1.985,3,5,1,3,3,1,0,1,2,1,1,5.0,4.44,0.0,3.0,3.0,2.0,0.0,0.0,0.0,0.0,9.44,2
22500034,DAL,MEM,76.6,77.2,"('Jaden Hardy', 'Max Christie', 'Moussa Cisse')",1.985,3,5,1,3,3,1,0,1,2,1,1,5.0,4.44,0.0,3.0,3.0,2.0,0.0,0.0,0.0,0.0,9.44,2
22500034,DAL,MEM,76.6,77.2,"('Jaden Hardy', 'Max Christie', 'Ryan Nembhard')",1.985,3,5,1,3,3,1,0,1,2,1,1,5.0,4.44,0.0,3.0,3.0,2.0,0.0,0.0,0.0,0.0,9.44,2
22500034,DAL,MEM,76.6,77.2,"('Jaden Hardy', 'Moussa Cisse', 'Ryan Nembhard')",1.985,3,5,1,3,3,1,0,1,2,1,1,5.0,4.44,0.0,3.0,3.0,2.0,0.0,0.0,0.0,0.0,9.44,2
22500034,DAL,MEM,76.6,77.2,"('Klay Thompson', 'Max Christie', 'Moussa Cisse')",1.985,3,5,1,3,3,1,0,1,2,1,1,5.0,4.44,0.0,3.0,3.0,2.0,0.0,0.0,0.0,0.0,9.44,2
22500034,DAL,MEM,76.6,77.2,"('Klay Thompson', 'Max Christie', 'Ryan Nembhard')",1.985,3,5,1,3,3,1,0,1,2,1,1,5.0,4.44,0.0,3.0,3.0,2.0,0.0,0.0,0.0,0.0,9.44,2
22500034,DAL,MEM,76.6,77.2,"('Klay Thompson', 'Moussa Cisse', 'Ryan Nembhard')",1.985,3,5,1,3,3,1,0,1,2,1,1,5.0,4.44,0.0,3.0,3.0,2.0,0.0,0.0,0.0,0.0,9.44,2
22500034,DAL,MEM,76.6,77.2,"('Max Christie', 'Moussa Cisse', 'Ryan Nembhard')",1.985,3,5,1,3,3,1,0,1,2,1,1,5.0,4.44,0.0,3.0,3.0,2.0,0.0,0.0,0.0,0.0,9.44,2
22500034,DAL,MEM,77.0,79.0,"('Brandon Williams', 'Caleb Martin', 'Jaden Hardy')",0.5833333333333334,3,2,2,1,0,0,1,1,0,0,0,2.0,2.0,2.0,0.0,0.0,2.0,0.0,0.0,0.0,2.0,4.0,2
22500034,DAL,MEM,77.0,79.0,"('Brandon Williams', 'Caleb Martin', 'Klay Thompson')",0.5833333333333334,3,2,2,1,0,0,1,1,0,0,0,2.0,2.0,2.0,0.0,0.0,2.0,0.0,0.0,0.0,2.0,4.0,2
22500034,DAL,MEM,77.0,79.0,"('Brandon Williams', 'Caleb Martin', 'Naji Marshall')",0.5833333333333334,3,2,2,1,0,0,1,1,0,0,0,2.0,2.0,2.0,0.0,0.0,2.0,0.0,0.0,0.0,2.0,4.0,2
22500034,DAL,MEM,77.0,79.0,"('Brandon Williams', 'Jaden Hardy', 'Klay Thompson')",0.5833333333333334,3,2,2,1,0,0,1,1,0,0,0,2.0,2.0,2.0,0.0,0.0,2.0,0.0,0.0,0.0,2.0,4.0,2
22500034,DAL,MEM,77.0,79.0,"('Brandon Williams', 'Jaden Hardy', 'Naji Marshall')",0.5833333333333334,3,2,2,1,0,0,1,1,0,0,0,2.0,2.0,2.0,0.0,0.0,2.0,0.0,0.0,0.0,2.0,4.0,2
22500034,DAL,MEM,77.0,79.0,"('Brandon Williams', 'Klay Thompson', 'Naji Marshall')",0.5833333333333334,3,2,2,1,0,0,1,1,0,0,0,2.0,2.0,2.0,0.0,0.0,2.0,0.0,0.0,0.0,2.0,4.0,2
22500034,DAL,MEM,77.0,79.0,"('Caleb Martin', 'Jaden Hardy', 'Klay Thompson')",0.5833333333333334,3,2,2,1,0,0,1,1,0,0,0,2.0,2.0,2.0,0.0,0.0,2.0,0.0,0.0,0.0,2.0,4.0,2
22500034,DAL,MEM,77.0,79.0,"('Caleb Martin', 'Jaden Hardy', 'Naji Marshall')",0.5833333333333334,3,2,2,1,0,0,1,1,0,0,0,2.0,2.0,2.0,0.0,0.0,2.0,0.0,0.0,0.0,2.0,4.0,2
22500034,DAL,MEM,77.0,79.0,"('Caleb Martin', 'Klay Thompson', 'Naji Marshall')",0.5833333333333334,3,2,2,1,0,0,1,1,0,0,0,2.0,2.0,2.0,0.0,0.0,2.0,0.0,0.0,0.0,2.0,4.0,2
22500034,DAL,MEM,77.0,79.0,"('Jaden Hardy', 'Klay Thompson', 'Naji Marshall')",0.5833333333333334,3,2,2,1,0,0,1,1,0,0,0,2.0,2.0,2.0,0.0,0.0,2.0,0.0,0.0,0.0,2.0,4.0,2
22500034,DAL,MEM,77.8,79.0,"('Caleb Martin', 'Cooper Flagg', ""D'Angelo Russell"")",0.9833333333333332,3,3,3,0,2,1,0,1,1,3,0,3.0,2.44,0.0,3.0,0.0,0.0,0.0,0.0,2.0,2.0,5.44,2
22500034,DAL,MEM,77.8,79.0,"('Caleb Martin', 'Cooper Flagg', 'Max Christie')",0.9833333333333332,3,3,3,0,2,1,0,1,1,3,0,3.0,2.44,0.0,3.0,0.0,0.0,0.0,0.0,2.0,2.0,5.44,2
22500034,DAL,MEM,77.8,79.0,"('Caleb Martin', 'Cooper Flagg', 'P.J. Washington')",0.9833333333333332,3,3,3,0,2,1,0,1,1,3,0,3.0,2.44,0.0,3.0,0.0,0.0,0.0,0.0,2.0,2.0,5.44,2
22500034,DAL,MEM,77.8,79.0,"('Caleb Martin', ""D'Angelo Russell"", 'Max Christie')",0.9833333333333332,3,3,3,0,2,1,0,1,1,3,0,3.0,2.44,0.0,3.0,0.0,0.0,0.0,0.0,2.0,2.0,5.44,2
22500034,DAL,MEM,77.8,79.0,"('Caleb Martin', ""D'Angelo Russell"", 'P.J. Washington')",0.9833333333333332,3,3,3,0,2,1,0,1,1,3,0,3.0,2.44,0.0,3.0,0.0,0.0,0.0,0.0,2.0,2.0,5.44,2
22500034,DAL,MEM,77.8,79.0,"('Caleb Martin', 'Max Christie', 'P.J. Washington')",0.9833333333333332,3,3,3,0,2,1,0,1,1,3,0,3.0,2.44,0.0,3.0,0.0,0.0,0.0,0.0,2.0,2.0,5.44,2
22500034,DAL,MEM,77.8,79.0,"('Cooper Flagg', ""D'Angelo Russell"", 'Max Christie')",0.9833333333333332,3,3,3,0,2,1,0,1,1,3,0,3.0,2.44,0.0,3.0,0.0,0.0,0.0,0.0,2.0,2.0,5.44,2
22500034,DAL,MEM,77.8,79.0,"('Cooper Flagg', ""D'Angelo Russell"", 'P.J. Washington')",0.9833333333333332,3,3,3,0,2,1,0,1,1,3,0,3.0,2.44,0.0,3.0,0.0,0.0,0.0,0.0,2.0,2.0,5.44,2
22500034,DAL,MEM,77.8,79.0,"('Cooper Flagg', 'Max Christie', 'P.J. Washington')",0.9833333333333332,3,3,3,0,2,1,0,1,1,3,0,3.0,2.44,0.0,3.0,0.0,0.0,0.0,0.0,2.0,2.0,5.44,2
22500034,DAL,MEM,77.8,79.0,"(""D'Angelo Russell"", 'Max Christie', 'P.J. Washington')",0.9833333333333332,3,3,3,0,2,1,0,1,1,3,0,3.0,2.44,0.0,3.0,0.0,0.0,0.0,0.0,2.0,2.0,5.44,2
22500034,DAL,MEM,78.2,79.6,"('Brandon Williams', 'Jaden Hardy', 'Klay Thompson')",1.7166666666666666,3,5,4,1,1,2,1,0,1,0,1,3.44,4.0,2.0,0.0,0.0,4.0,0.0,0.0,0.0,4.0,7.439999999999999,2
22500034,DAL,MEM,78.2,79.6,"('Brandon Williams', 'Jaden Hardy', 'Moussa Cisse')",1.7166666666666666,3,5,4,1,1,2,1,0,1,0,1,3.44,4.0,2.0,0.0,0.0,4.0,0.0,0.0,0.0,4.0,7.439999999999999,2
22500034,DAL,MEM,78.2,79.6,"('Brandon Williams', 'Jaden Hardy', 'Naji Marshall')",1.7166666666666666,3,5,4,1,1,2,1,0,1,0,1,3.44,4.0,2.0,0.0,0.0,4.0,0.0,0.0,0.0,4.0,7.439999999999999,2
22500034,DAL,MEM,78.2,79.6,"('Brandon Williams', 'Klay Thompson', 'Moussa Cisse')",1.7166666666666666,3,5,4,1,1,2,1,0,1,0,1,3.44,4.0,2.0,0.0,0.0,4.0,0.0,0.0,0.0,4.0,7.439999999999999,2
22500034,DAL,MEM,78.2,79.6,"('Brandon Williams', 'Klay Thompson', 'Naji Marshall')",1.7166666666666666,3,5,4,1,1,2,1,0,1,0,1,3.44,4.0,2.0,0.0,0.0,4.0,0.0,0.0,0.0,4.0,7.439999999999999,2
22500034,DAL,MEM,78.2,79.6,"('Brandon Williams', 'Moussa Cisse', 'Naji Marshall')",1.7166666666666666,3,5,4,1,1,2,1,0,1,0,1,3.44,4.0,2.0,0.0,0.0,4.0,0.0,0.0,0.0,4.0,7.439999999999999,2
22500034,DAL,MEM,78.2,79.6,"('Jaden Hardy', 'Klay Thompson', 'Moussa Cisse')",1.7166666666666666,3,5,4,1,1,2,1,0,1,0,1,3.44,4.0,2.0,0.0,0.0,4.0,0.0,0.0,0.0,4.0,7.439999999999999,2
22500034,DAL,MEM,78.2,79.6,"('Jaden Hardy', 'Klay Thompson', 'Naji Marshall')",1.7166666666666666,3,5,4,1,1,2,1,0,1,0,1,3.44,4.0,2.0,0.0,0.0,4.0,0.0,0.0,0.0,4.0,7.439999999999999,2
22500034,DAL,MEM,78.2,79.6,"('Jaden Hardy', 'Moussa Cisse', 'Naji Marshall')",1.7166666666666666,3,5,4,1,1,2,1,0,1,0,1,3.44,4.0,2.0,0.0,0.0,4.0,0.0,0.0,0.0,4.0,7.439999999999999,2
22500034,DAL,MEM,78.2,79.6,"('Klay Thompson', 'Moussa Cisse', 'Naji Marshall')",1.7166666666666666,3,5,4,1,1,2,1,0,1,0,1,3.44,4.0,2.0,0.0,0.0,4.0,0.0,0.0,0.0,4.0,7.439999999999999,2
22500034,DAL,MEM,76.8,79.6,"('Jaden Hardy', 'Klay Thompson', 'Moussa Cisse')",2.0666666666666664,3,10,4,2,0,2,0,0,1,0,2,5.32,4.0,2.0,2.0,3.0,4.0,0.0,0.0,0.0,4.0,9.32,2
22500034,DAL,MEM,76.8,79.6,"('Jaden Hardy', 'Klay Thompson', 'Naji Marshall')",2.0666666666666664,3,10,4,2,0,2,0,0,1,0,2,5.32,4.0,2.0,2.0,3.0,4.0,0.0,0.0,0.0,4.0,9.32,2
22500034,DAL,MEM,76.8,79.6,"('Jaden Hardy', 'Klay Thompson', 'Ryan Nembhard')",2.0666666666666664,3,10,4,2,0,2,0,0,1,0,2,5.32,4.0,2.0,2.0,3.0,4.0,0.0,0.0,0.0,4.0,9.32,2
22500034,DAL,MEM,76.8,79.6,"('Jaden Hardy', 'Moussa Cisse', 'Naji Marshall')",2.0666666666666664,3,10,4,2,0,2,0,0,1,0,2,5.32,4.0,2.0,2.0,3.0,4.0,0.0,0.0,0.0,4.0,9.32,2
22500034,DAL,MEM,76.8,79.6,"('Jaden Hardy', 'Moussa Cisse', 'Ryan Nembhard')",2.0666666666666664,3,10,4,2,0,2,0,0,1,0,2,5.32,4.0,2.0,2.0,3.0,4.0,0.0,0.0,0.0,4.0,9.32,2
22500034,DAL,MEM,76.8,79.6,"('Jaden Hardy', 'Naji Marshall', 'Ryan Nembhard')",2.0666666666666664,3,10,4,2,0,2,0,0,1,0,2,5.32,4.0,2.0,2.0,3.0,4.0,0.0,0.0,0.0,4.0,9.32,2
22500034,DAL,MEM,76.8,79.6,"('Klay Thompson', 'Moussa Cisse', 'Naji Marshall')",2.0666666666666664,3,10,4,2,0,2,0,0,1,0,2,5.32,4.0,2.0,2.0,3.0,4.0,0.0,0.0,0.0,4.0,9.32,2
22500034,DAL,MEM,76.8,79.6,"('Klay Thompson', 'Moussa Cisse', 'Ryan Nembhard')",2.0666666666666664,3,10,4,2,0,2,0,0,1,0,2,5.32,4.0,2.0,2.0,3.0,4.0,0.0,0.0,0.0,4.0,9.32,2
22500034,DAL,MEM,76.8,79.6,"('Klay Thompson', 'Naji Marshall', 'Ryan Nembhard')",2.0666666666666664,3,10,4,2,0,2,0,0,1,0,2,5.32,4.0,2.0,2.0,3.0,4.0,0.0,0.0,0.0,4.0,9.32,2
22500034,DAL,MEM,76.8,79.6,"('Moussa Cisse', 'Naji Marshall', 'Ryan Nembhard')",2.0666666666666664,3,10,4,2,0,2,0,0,1,0,2,5.32,4.0,2.0,2.0,3.0,4.0,0.0,0.0,0.0,4.0,9.32,2
22500034,DAL,MEM,78.2,78.0,"('Brandon Williams', 'Caleb Martin', 'Jaden Hardy')",4.066666666666666,4,9,4,3,2,3,1,2,2,1,0,8.0,8.440000000000001,2.0,2.0,2.0,4.0,0.0,0.0,0.0,0.0,16.44,2
22500034,DAL,MEM,78.2,78.0,"('Brandon Williams', 'Caleb Martin', 'Moussa Cisse')",4.066666666666666,4,9,4,3,2,3,1,2,2,1,0,8.0,8.440000000000001,2.0,2.0,2.0,4.0,0.0,0.0,0.0,0.0,16.44,2
22500034,DAL,MEM,78.2,78.0,"('Brandon Williams', 'Caleb Martin', 'Naji Marshall')",4.066666666666666,4,9,4,3,2,3,1,2,2,1,0,8.0,8.440000000000001,2.0,2.0,2.0,4.0,0.0,0.0,0.0,0.0,16.44,2
22500034,DAL,MEM,78.2,78.0,"('Brandon Williams', 'Jaden Hardy', 'Moussa Cisse')",4.066666666666666,4,9,4,3,2,3,1,2,2,1,0,8.0,8.440000000000001,2.0,2.0,2.0,4.0,0.0,0.0,0.0,0.0,16.44,2
22500034,DAL,MEM,78.2,78.0,"('Brandon Williams', 'Jaden Hardy', 'Naji Marshall')",4.066666666666666,4,9,4,3,2,3,1,2,2,1,0,8.0,8.440000000000001,2.0,2.0,2.0,4.0,0.0,0.0,0.0,0.0,16.44,2
22500034,DAL,MEM,78.2,78.0,"('Brandon Williams', 'Moussa Cisse', 'Naji Marshall')",4.066666666666666,4,9,4,3,2,3,1,2,2,1,0,8.0,8.440000000000001,2.0,2.0,2.0,4.0,0.0,0.0,0.0,0.0,16.44,2
22500034,DAL,MEM,78.2,78.0,"('Caleb Martin', 'Jaden Hardy', 'Moussa Cisse')",4.066666666666666,4,9,4,3,2,3,1,2,2,1,0,8.0,8.440000000000001,2.0,2.0,2.0,4.0,0.0,0.0,0.0,0.0,16.44,2
22500034,DAL,MEM,78.2,78.0,"('Caleb Martin', 'Jaden Hardy', 'Naji Marshall')",4.066666666666666,4,9,4,3,2,3,1,2,2,1,0,8.0,8.440000000000001,2.0,2.0,2.0,4.0,0.0,0.0,0.0,0.0,16.44,2
22500034,DAL,MEM,78.2,78.0,"('Caleb Martin', 'Moussa Cisse', 'Naji Marshall')",4.066666666666666,4,9,4,3,2,3,1,2,2,1,0,8.0,8.440000000000001,2.0,2.0,2.0,4.0,0.0,0.0,0.0,0.0,16.44,2
22500034,DAL,MEM,78.2,78.0,"('Jaden Hardy', 'Moussa Cisse', 'Naji Marshall')",4.066666666666666,4,9,4,3,2,3,1,2,2,1,0,8.0,8.440000000000001,2.0,2.0,2.0,4.0,0.0,0.0,0.0,0.0,16.44,2
22500034,DAL,MEM,77.8,77.2,"('Caleb Martin', 'Jaden Hardy', 'Klay Thompson')",0.1016666666666666,3,0,0,1,0,0,0,0,0,0,0,0.0,1.0,0.0,0.0,0.0,0.0,0.0,0.0,0.0,0.0,1.0,2
22500034,DAL,MEM,77.8,77.2,"('Caleb Martin', 'Jaden Hardy', 'Max Christie')",0.1016666666666666,3,0,0,1,0,0,0,0,0,0,0,0.0,1.0,0.0,0.0,0.0,0.0,0.0,0.0,0.0,0.0,1.0,2
22500034,DAL,MEM,77.8,77.2,"('Caleb Martin', 'Jaden Hardy', 'Moussa Cisse')",0.1016666666666666,3,0,0,1,0,0,0,0,0,0,0,0.0,1.0,0.0,0.0,0.0,0.0,0.0,0.0,0.0,0.0,1.0,2
22500034,DAL,MEM,77.8,77.2,"('Caleb Martin', 'Klay Thompson', 'Max Christie')",0.1016666666666666,3,0,0,1,0,0,0,0,0,0,0,0.0,1.0,0.0,0.0,0.0,0.0,0.0,0.0,0.0,0.0,1.0,2
22500034,DAL,MEM,77.8,77.2,"('Caleb Martin', 'Klay Thompson', 'Moussa Cisse')",0.1016666666666666,3,0,0,1,0,0,0,0,0,0,0,0.0,1.0,0.0,0.0,0.0,0.0,0.0,0.0,0.0,0.0,1.0,2
22500034,DAL,MEM,77.8,77.2,"('Caleb Martin', 'Max Christie', 'Moussa Cisse')",0.1016666666666666,3,0,0,1,0,0,0,0,0,0,0,0.0,1.0,0.0,0.0,0.0,0.0,0.0,0.0,0.0,0.0,1.0,2
22500034,DAL,MEM,77.8,77.2,"('Jaden Hardy', 'Klay Thompson', 'Max Christie')",0.1016666666666666,3,0,0,1,0,0,0,0,0,0,0,0.0,1.0,0.0,0.0,0.0,0.0,0.0,0.0,0.0,0.0,1.0,2
22500034,DAL,MEM,77.8,77.2,"('Jaden Hardy', 'Klay Thompson', 'Moussa Cisse')",0.1016666666666666,3,0,0,1,0,0,0,0,0,0,0,0.0,1.0,0.0,0.0,0.0,0.0,0.0,0.0,0.0,0.0,1.0,2
22500034,DAL,MEM,77.8,77.2,"('Jaden Hardy', 'Max Christie', 'Moussa Cisse')",0.1016666666666666,3,0,0,1,0,0,0,0,0,0,0,0.0,1.0,0.0,0.0,0.0,0.0,0.0,0.0,0.0,0.0,1.0,2
22500034,DAL,MEM,77.8,77.2,"('Klay Thompson', 'Max Christie', 'Moussa Cisse')",0.1016666666666666,3,0,0,1,0,0,0,0,0,0,0,0.0,1.0,0.0,0.0,0.0,0.0,0.0,0.0,0.0,0.0,1.0,2
22500034,DAL,MEM,78.2,77.2,"('Cooper Flagg', 'Max Christie', 'Moussa Cisse')",0.7333333333333334,4,2,1,0,0,1,0,0,0,1,0,1.0,0.44,0.0,0.0,0.0,0.0,0.0,0.0,0.0,0.0,1.44,2
22500034,DAL,MEM,78.2,77.2,"('Cooper Flagg', 'Max Christie', 'P.J. Washington')",0.7333333333333334,4,2,1,0,0,1,0,0,0,1,0,1.0,0.44,0.0,0.0,0.0,0.0,0.0,0.0,0.0,0.0,1.44,2
22500034,DAL,MEM,78.2,77.2,"('Cooper Flagg', 'Max Christie', 'Ryan Nembhard')",0.7333333333333334,4,2,1,0,0,1,0,0,0,1,0,1.0,0.44,0.0,0.0,0.0,0.0,0.0,0.0,0.0,0.0,1.44,2
22500034,DAL,MEM,78.2,77.2,"('Cooper Flagg', 'Moussa Cisse', 'P.J. Washington')",0.7333333333333334,4,2,1,0,0,1,0,0,0,1,0,1.0,0.44,0.0,0.0,0.0,0.0,0.0,0.0,0.0,0.0,1.44,2
22500034,DAL,MEM,78.2,77.2,"('Cooper Flagg', 'Moussa Cisse', 'Ryan Nembhard')",0.7333333333333334,4,2,1,0,0,1,0,0,0,1,0,1.0,0.44,0.0,0.0,0.0,0.0,0.0,0.0,0.0,0.0,1.44,2
22500034,DAL,MEM,78.2,77.2,"('Cooper Flagg', 'P.J. Washington', 'Ryan Nembhard')",0.7333333333333334,4,2,1,0,0,1,0,0,0,1,0,1.0,0.44,0.0,0.0,0.0,0.0,0.0,0.0,0.0,0.0,1.44,2
22500034,DAL,MEM,78.2,77.2,"('Max Christie', 'Moussa Cisse', 'P.J. Washington')",0.7333333333333334,4,2,1,0,0,1,0,0,0,1,0,1.0,0.44,0.0,0.0,0.0,0.0,0.0,0.0,0.0,0.0,1.44,2
22500034,DAL,MEM,78.2,77.2,"('Max Christie', 'Moussa Cisse', 'Ryan Nembhard')",0.7333333333333334,4,2,1,0,0,1,0,0,0,1,0,1.0,0.44,0.0,0.0,0.0,0.0,0.0,0.0,0.0,0.0,1.44,2
22500034,DAL,MEM,78.2,77.2,"('Max Christie', 'P.J. Washington', 'Ryan Nembhard')",0.7333333333333334,4,2,1,0,0,1,0,0,0,1,0,1.0,0.44,0.0,0.0,0.0,0.0,0.0,0.0,0.0,0.0,1.44,2
22500034,DAL,MEM,78.2,77.2,"('Moussa Cisse', 'P.J. Washington', 'Ryan Nembhard')",0.7333333333333334,4,2,1,0,0,1,0,0,0,1,0,1.0,0.44,0.0,0.0,0.0,0.0,0.0,0.0,0.0,0.0,1.44,2
22500034,DAL,MEM,79.0,79.4,"('Brandon Williams', 'Cooper Flagg', 'Jaden Hardy')",1.0666666666666669,4,2,1,4,1,0,0,0,0,0,1,3.0,2.44,0.0,0.0,2.0,2.0,0.0,0.0,0.0,0.0,5.44,2
22500034,DAL,MEM,79.0,79.4,"('Brandon Williams', 'Cooper Flagg', 'Moussa Cisse')",1.0666666666666669,4,2,1,4,1,0,0,0,0,0,1,3.0,2.44,0.0,0.0,2.0,2.0,0.0,0.0,0.0,0.0,5.44,2
22500034,DAL,MEM,79.0,79.4,"('Brandon Williams', 'Cooper Flagg', 'Naji Marshall')",1.0666666666666669,4,2,1,4,1,0,0,0,0,0,1,3.0,2.44,0.0,0.0,2.0,2.0,0.0,0.0,0.0,0.0,5.44,2
22500034,DAL,MEM,79.0,79.4,"('Brandon Williams', 'Jaden Hardy', 'Moussa Cisse')",1.0666666666666669,4,2,1,4,1,0,0,0,0,0,1,3.0,2.44,0.0,0.0,2.0,2.0,0.0,0.0,0.0,0.0,5.44,2
22500034,DAL,MEM,79.0,79.4,"('Brandon Williams', 'Jaden Hardy', 'Naji Marshall')",1.0666666666666669,4,2,1,4,1,0,0,0,0,0,1,3.0,2.44,0.0,0.0,2.0,2.0,0.0,0.0,0.0,0.0,5.44,2
22500034,DAL,MEM,79.0,79.4,"('Brandon Williams', 'Moussa Cisse', 'Naji Marshall')",1.0666666666666669,4,2,1,4,1,0,0,0,0,0,1,3.0,2.44,0.0,0.0,2.0,2.0,0.0,0.0,0.0,0.0,5.44,2
22500034,DAL,MEM,79.0,79.4,"('Cooper Flagg', 'Jaden Hardy', 'Moussa Cisse')",1.0666666666666669,4,2,1,4,1,0,0,0,0,0,1,3.0,2.44,0.0,0.0,2.0,2.0,0.0,0.0,0.0,0.0,5.44,2
22500034,DAL,MEM,79.0,79.4,"('Cooper Flagg', 'Jaden Hardy', 'Naji Marshall')",1.0666666666666669,4,2,1,4,1,0,0,0,0,0,1,3.0,2.44,0.0,0.0,2.0,2.0,0.0,0.0,0.0,0.0,5.44,2
22500034,DAL,MEM,79.0,79.4,"('Cooper Flagg', 'Moussa Cisse', 'Naji Marshall')",1.0666666666666669,4,2,1,4,1,0,0,0,0,0,1,3.0,2.44,0.0,0.0,2.0,2.0,0.0,0.0,0.0,0.0,5.44,2
22500034,DAL,MEM,79.0,79.4,"('Jaden Hardy', 'Moussa Cisse', 'Naji Marshall')",1.0666666666666669,4,2,1,4,1,0,0,0,0,0,1,3.0,2.44,0.0,0.0,2.0,2.0,0.0,0.0,0.0,0.0,5.44,2
22500034,DAL,MEM,76.6,77.2,"('Jaden Hardy', 'Klay Thompson', 'Max Christie')",2.3,4,6,7,3,1,2,1,3,0,1,1,7.44,4.44,0.0,0.0,0.0,2.0,3.0,0.0,0.0,0.0,11.88,2
22500034,DAL,MEM,76.6,77.2,"('Jaden Hardy', 'Klay Thompson', 'Moussa Cisse')",2.3,4,6,7,3,1,2,1,3,0,1,1,7.44,4.44,0.0,0.0,0.0,2.0,3.0,0.0,0.0,0.0,11.88,2
22500034,DAL,MEM,76.6,77.2,"('Jaden Hardy', 'Klay Thompson', 'Ryan Nembhard')",2.3,4,6,7,3,1,2,1,3,0,1,1,7.44,4.44,0.0,0.0,0.0,2.0,3.0,0.0,0.0,0.0,11.88,2
22500034,DAL,MEM,76.6,77.2,"('Jaden Hardy', 'Max Christie', 'Moussa Cisse')",2.3,4,6,7,3,1,2,1,3,0,1,1,7.44,4.44,0.0,0.0,0.0,2.0,3.0,0.0,0.0,0.0,11.88,2
22500034,DAL,MEM,76.6,77.2,"('Jaden Hardy', 'Max Christie', 'Ryan Nembhard')",2.3,4,6,7,3,1,2,1,3,0,1,1,7.44,4.44,0.0,0.0,0.0,2.0,3.0,0.0,0.0,0.0,11.88,2
22500034,DAL,MEM,76.6,77.2,"('Jaden Hardy', 'Moussa Cisse', 'Ryan Nembhard')",2.3,4,6,7,3,1,2,1,3,0,1,1,7.44,4.44,0.0,0.0,0.0,2.0,3.0,0.0,0.0,0.0,11.88,2
22500034,DAL,MEM,76.6,77.2,"('Klay Thompson', 'Max Christie', 'Moussa Cisse')",2.3,4,6,7,3,1,2,1,3,0,1,1,7.44,4.44,0.0,0.0,0.0,2.0,3.0,0.0,0.0,0.0,11.88,2
22500034,DAL,MEM,76.6,77.2,"('Klay Thompson', 'Max Christie', 'Ryan Nembhard')",2.3,4,6,7,3,1,2,1,3,0,1,1,7.44,4.44,0.0,0.0,0.0,2.0,3.0,0.0,0.0,0.0,11.88,2
22500034,DAL,MEM,76.6,77.2,"('Klay Thompson', 'Moussa Cisse', 'Ryan Nembhard')",2.3,4,6,7,3,1,2,1,3,0,1,1,7.44,4.44,0.0,0.0,0.0,2.0,3.0,0.0,0.0,0.0,11.88,2
22500034,DAL,MEM,76.6,77.2,"('Max Christie', 'Moussa Cisse', 'Ryan Nembhard')",2.3,4,6,7,3,1,2,1,3,0,1,1,7.44,4.44,0.0,0.0,0.0,2.0,3.0,0.0,0.0,0.0,11.88,2
22500034,DAL,MEM,79.0,77.2,"('Brandon Williams', 'Caleb Martin', 'Cooper Flagg')",2.65,2,2,5,2,4,0,2,1,1,1,2,5.0,5.0,0.0,0.0,0.0,2.0,2.0,0.0,0.0,2.0,10.0,2
22500034,DAL,MEM,79.0,77.2,"('Brandon Williams', 'Caleb Martin', 'Daniel Gafford')",2.65,2,2,5,2,4,0,2,1,1,1,2,5.0,5.0,0.0,0.0,0.0,2.0,2.0,0.0,0.0,2.0,10.0,2
22500034,DAL,MEM,79.0,77.2,"('Brandon Williams', 'Caleb Martin', 'Klay Thompson')",2.65,2,2,5,2,4,0,2,1,1,1,2,5.0,5.0,0.0,0.0,0.0,2.0,2.0,0.0,0.0,2.0,10.0,2
22500034,DAL,MEM,79.0,77.2,"('Brandon Williams', 'Cooper Flagg', 'Daniel Gafford')",2.65,2,2,5,2,4,0,2,1,1,1,2,5.0,5.0,0.0,0.0,0.0,2.0,2.0,0.0,0.0,2.0,10.0,2
22500034,DAL,MEM,79.0,77.2,"('Brandon Williams', 'Cooper Flagg', 'Klay Thompson')",2.65,2,2,5,2,4,0,2,1,1,1,2,5.0,5.0,0.0,0.0,0.0,2.0,2.0,0.0,0.0,2.0,10.0,2
22500034,DAL,MEM,79.0,77.2,"('Brandon Williams', 'Daniel Gafford', 'Klay Thompson')",2.65,2,2,5,2,4,0,2,1,1,1,2,5.0,5.0,0.0,0.0,0.0,2.0,2.0,0.0,0.0,2.0,10.0,2
22500034,DAL,MEM,79.0,77.2,"('Caleb Martin', 'Cooper Flagg', 'Daniel Gafford')",2.65,2,2,5,2,4,0,2,1,1,1,2,5.0,5.0,0.0,0.0,0.0,2.0,2.0,0.0,0.0,2.0,10.0,2
22500034,DAL,MEM,79.0,77.2,"('Caleb Martin', 'Cooper Flagg', 'Klay Thompson')",2.65,2,2,5,2,4,0,2,1,1,1,2,5.0,5.0,0.0,0.0,0.0,2.0,2.0,0.0,0.0,2.0,10.0,2
22500034,DAL,MEM,79.0,77.2,"('Caleb Martin', 'Daniel Gafford', 'Klay Thompson')",2.65,2,2,5,2,4,0,2,1,1,1,2,5.0,5.0,0.0,0.0,0.0,2.0,2.0,0.0,0.0,2.0,10.0,2
22500034,DAL,MEM,79.0,77.2,"('Cooper Flagg', 'Daniel Gafford', 'Klay Thompson')",2.65,2,2,5,2,4,0,2,1,1,1,2,5.0,5.0,0.0,0.0,0.0,2.0,2.0,0.0,0.0,2.0,10.0,2
22500034,DAL,MEM,78.2,79.4,"(""D'Angelo Russell"", 'Daniel Gafford', 'Max Christie')",0.0,2,0,0,0,0,0,0,0,0,0,0,0.0,0.0,0.0,0.0,0.0,0.0,0.0,0.0,0.0,0.0,0.0,2
22500034,DAL,MEM,78.2,79.4,"(""D'Angelo Russell"", 'Daniel Gafford', 'Naji Marshall')",0.0,2,0,0,0,0,0,0,0,0,0,0,0.0,0.0,0.0,0.0,0.0,0.0,0.0,0.0,0.0,0.0,0.0,2
22500034,DAL,MEM,78.2,79.4,"(""D'Angelo Russell"", 'Daniel Gafford', 'P.J. Washington')",0.0,2,0,0,0,0,0,0,0,0,0,0,0.0,0.0,0.0,0.0,0.0,0.0,0.0,0.0,0.0,0.0,0.0,2
22500034,DAL,MEM,78.2,79.4,"(""D'Angelo Russell"", 'Max Christie', 'Naji Marshall')",0.0,2,0,0,0,0,0,0,0,0,0,0,0.0,0.0,0.0,0.0,0.0,0.0,0.0,0.0,0.0,0.0,0.0,2
22500034,DAL,MEM,78.2,79.4,"(""D'Angelo Russell"", 'Max Christie', 'P.J. Washington')",0.0,2,0,0,0,0,0,0,0,0,0,0,0.0,0.0,0.0,0.0,0.0,0.0,0.0,0.0,0.0,0.0,0.0,2
22500034,DAL,MEM,78.2,79.4,"(""D'Angelo Russell"", 'Naji Marshall', 'P.J. Washington')",0.0,2,0,0,0,0,0,0,0,0,0,0,0.0,0.0,0.0,0.0,0.0,0.0,0.0,0.0,0.0,0.0,0.0,2
22500034,DAL,MEM,78.2,79.4,"('Daniel Gafford', 'Max Christie', 'Naji Marshall')",0.0,2,0,0,0,0,0,0,0,0,0,0,0.0,0.0,0.0,0.0,0.0,0.0,0.0,0.0,0.0,0.0,0.0,2
22500034,DAL,MEM,78.2,79.4,"('Daniel Gafford', 'Max Christie', 'P.J. Washington')",0.0,2,0,0,0,0,0,0,0,0,0,0,0.0,0.0,0.0,0.0,0.0,0.0,0.0,0.0,0.0,0.0,0.0,2
22500034,DAL,MEM,78.2,79.4,"('Daniel Gafford', 'Naji Marshall', 'P.J. Washington')",0.0,2,0,0,0,0,0,0,0,0,0,0,0.0,0.0,0.0,0.0,0.0,0.0,0.0,0.0,0.0,0.0,0.0,2
22500034,DAL,MEM,78.2,79.4,"('Max Christie', 'Naji Marshall', 'P.J. Washington')",0.0,2,0,0,0,0,0,0,0,0,0,0,0.0,0.0,0.0,0.0,0.0,0.0,0.0,0.0,0.0,0.0,0.0,2
22500034,DAL,MEM,77.2,79.4,"('Caleb Martin', ""D'Angelo Russell"", 'Max Christie')",3.416666666666667,2,9,12,3,2,2,3,2,0,1,1,8.440000000000001,8.32,2.0,0.0,0.0,6.0,3.0,0.0,2.0,6.0,16.76,2
22500034,DAL,MEM,77.2,79.4,"('Caleb Martin', ""D'Angelo Russell"", 'Naji Marshall')",3.416666666666667,2,9,12,3,2,2,3,2,0,1,1,8.440000000000001,8.32,2.0,0.0,0.0,6.0,3.0,0.0,2.0,6.0,16.76,2
22500034,DAL,MEM,77.2,79.4,"('Caleb Martin', ""D'Angelo Russell"", 'P.J. Washington')",3.416666666666667,2,9,12,3,2,2,3,2,0,1,1,8.440000000000001,8.32,2.0,0.0,0.0,6.0,3.0,0.0,2.0,6.0,16.76,2
22500034,DAL,MEM,77.2,79.4,"('Caleb Martin', 'Max Christie', 'Naji Marshall')",3.416666666666667,2,9,12,3,2,2,3,2,0,1,1,8.440000000000001,8.32,2.0,0.0,0.0,6.0,3.0,0.0,2.0,6.0,16.76,2
22500034,DAL,MEM,77.2,79.4,"('Caleb Martin', 'Max Christie', 'P.J. Washington')",3.416666666666667,2,9,12,3,2,2,3,2,0,1,1,8.440000000000001,8.32,2.0,0.0,0.0,6.0,3.0,0.0,2.0,6.0,16.76,2
22500034,DAL,MEM,77.2,79.4,"('Caleb Martin', 'Naji Marshall', 'P.J. Washington')",3.416666666666667,2,9,12,3,2,2,3,2,0,1,1,8.440000000000001,8.32,2.0,0.0,0.0,6.0,3.0,0.0,2.0,6.0,16.76,2
22500034,DAL,MEM,77.2,79.4,"(""D'Angelo Russell"", 'Max Christie', 'Naji Marshall')",3.416666666666667,2,9,12,3,2,2,3,2,0,1,1,8.440000000000001,8.32,2.0,0.0,0.0,6.0,3.0,0.0,2.0,6.0,16.76,2
22500034,DAL,MEM,77.2,79.4,"(""D'Angelo Russell"", 'Max Christie', 'P.J. Washington')",3.416666666666667,2,9,12,3,2,2,3,2,0,1,1,8.440000000000001,8.32,2.0,0.0,0.0,6.0,3.0,0.0,2.0,6.0,16.76,2
22500034,DAL,MEM,77.2,79.4,"(""D'Angelo Russell"", 'Naji Marshall', 'P.J. Washington')",3.416666666666667,2,9,12,3,2,2,3,2,0,1,1,8.440000000000001,8.32,2.0,0.0,0.0,6.0,3.0,0.0,2.0,6.0,16.76,2
22500034,DAL,MEM,77.2,79.4,"('Max Christie', 'Naji Marshall', 'P.J. Washington')",3.416666666666667,2,9,12,3,2,2,3,2,0,1,1,8.440000000000001,8.32,2.0,0.0,0.0,6.0,3.0,0.0,2.0,6.0,16.76,2
22500034,DAL,MEM,78.8,79.0,"('Cooper Flagg', ""D'Angelo Russell"", 'Daniel Gafford')",2.0166666666666666,3,2,6,1,2,0,1,1,0,0,1,4.0,4.0,2.0,0.0,0.0,2.0,2.0,2.0,2.0,2.0,8.0,2
22500034,DAL,MEM,78.8,79.0,"('Cooper Flagg', ""D'Angelo Russell"", 'Max Christie')",2.0166666666666666,3,2,6,1,2,0,1,1,0,0,1,4.0,4.0,2.0,0.0,0.0,2.0,2.0,2.0,2.0,2.0,8.0,2
22500034,DAL,MEM,78.8,79.0,"('Cooper Flagg', ""D'Angelo Russell"", 'P.J. Washington')",2.0166666666666666,3,2,6,1,2,0,1,1,0,0,1,4.0,4.0,2.0,0.0,0.0,2.0,2.0,2.0,2.0,2.0,8.0,2
22500034,DAL,MEM,78.8,79.0,"('Cooper Flagg', 'Daniel Gafford', 'Max Christie')",2.0166666666666666,3,2,6,1,2,0,1,1,0,0,1,4.0,4.0,2.0,0.0,0.0,2.0,2.0,2.0,2.0,2.0,8.0,2
22500034,DAL,MEM,78.8,79.0,"('Cooper Flagg', 'Daniel Gafford', 'P.J. Washington')",2.0166666666666666,3,2,6,1,2,0,1,1,0,0,1,4.0,4.0,2.0,0.0,0.0,2.0,2.0,2.0,2.0,2.0,8.0,2
22500034,DAL,MEM,78.8,79.0,"('Cooper Flagg', 'Max Christie', 'P.J. Washington')",2.0166666666666666,3,2,6,1,2,0,1,1,0,0,1,4.0,4.0,2.0,0.0,0.0,2.0,2.0,2.0,2.0,2.0,8.0,2
22500034,DAL,MEM,78.8,79.0,"(""D'Angelo Russell"", 'Daniel Gafford', 'Max Christie')",2.0166666666666666,3,2,6,1,2,0,1,1,0,0,1,4.0,4.0,2.0,0.0,0.0,2.0,2.0,2.0,2.0,2.0,8.0,2
22500034,DAL,MEM,78.8,79.0,"(""D'Angelo Russell"", 'Daniel Gafford', 'P.J. Washington')",2.0166666666666666,3,2,6,1,2,0,1,1,0,0,1,4.0,4.0,2.0,0.0,0.0,2.0,2.0,2.0,2.0,2.0,8.0,2
22500034,DAL,MEM,78.8,79.0,"(""D'Angelo Russell"", 'Max Christie', 'P.J. Washington')",2.0166666666666666,3,2,6,1,2,0,1,1,0,0,1,4.0,4.0,2.0,0.0,0.0,2.0,2.0,2.0,2.0,2.0,8.0,2
22500034,DAL,MEM,78.8,79.0,"('Daniel Gafford', 'Max Christie', 'P.J. Washington')",2.0166666666666666,3,2,6,1,2,0,1,1,0,0,1,4.0,4.0,2.0,0.0,0.0,2.0,2.0,2.0,2.0,2.0,8.0,2
22500046,DAL,LAC,78.6,78.8,"('Brandon Williams', 'Klay Thompson', 'Max Christie')",0.3833333333333333,2,0,0,0,0,0,0,0,0,0,0,1.0,0.0,0.0,0.0,0.0,0.0,0.0,0.0,0.0,0.0,1.0,3
22500046,DAL,LAC,78.6,78.8,"('Brandon Williams', 'Klay Thompson', 'Moussa Cisse')",0.3833333333333333,2,0,0,0,0,0,0,0,0,0,0,1.0,0.0,0.0,0.0,0.0,0.0,0.0,0.0,0.0,0.0,1.0,3
22500046,DAL,LAC,78.6,78.8,"('Brandon Williams', 'Klay Thompson', 'Naji Marshall')",0.3833333333333333,2,0,0,0,0,0,0,0,0,0,0,1.0,0.0,0.0,0.0,0.0,0.0,0.0,0.0,0.0,0.0,1.0,3
22500046,DAL,LAC,78.6,78.8,"('Brandon Williams', 'Max Christie', 'Moussa Cisse')",0.3833333333333333,2,0,0,0,0,0,0,0,0,0,0,1.0,0.0,0.0,0.0,0.0,0.0,0.0,0.0,0.0,0.0,1.0,3
22500046,DAL,LAC,78.6,78.8,"('Brandon Williams', 'Max Christie', 'Naji Marshall')",0.3833333333333333,2,0,0,0,0,0,0,0,0,0,0,1.0,0.0,0.0,0.0,0.0,0.0,0.0,0.0,0.0,0.0,1.0,3
22500046,DAL,LAC,78.6,78.8,"('Brandon Williams', 'Moussa Cisse', 'Naji Marshall')",0.3833333333333333,2,0,0,0,0,0,0,0,0,0,0,1.0,0.0,0.0,0.0,0.0,0.0,0.0,0.0,0.0,0.0,1.0,3
22500046,DAL,LAC,78.6,78.8,"('Klay Thompson', 'Max Christie', 'Moussa Cisse')",0.3833333333333333,2,0,0,0,0,0,0,0,0,0,0,1.0,0.0,0.0,0.0,0.0,0.0,0.0,0.0,0.0,0.0,1.0,3
22500046,DAL,LAC,78.6,78.8,"('Klay Thompson', 'Max Christie', 'Naji Marshall')",0.3833333333333333,2,0,0,0,0,0,0,0,0,0,0,1.0,0.0,0.0,0.0,0.0,0.0,0.0,0.0,0.0,0.0,1.0,3
22500046,DAL,LAC,78.6,78.8,"('Klay Thompson', 'Moussa Cisse', 'Naji Marshall')",0.3833333333333333,2,0,0,0,0,0,0,0,0,0,0,1.0,0.0,0.0,0.0,0.0,0.0,0.0,0.0,0.0,0.0,1.0,3
22500046,DAL,LAC,78.6,78.8,"('Max Christie', 'Moussa Cisse', 'Naji Marshall')",0.3833333333333333,2,0,0,0,0,0,0,0,0,0,0,1.0,0.0,0.0,0.0,0.0,0.0,0.0,0.0,0.0,0.0,1.0,3
22500046,DAL,LAC,78.6,79.0,"('Cooper Flagg', ""D'Angelo Russell"", 'Daniel Gafford')",1.616666666666667,3,9,4,1,0,2,2,0,1,0,0,4.0,4.0,2.0,2.0,0.0,4.0,2.0,0.0,0.0,4.0,8.0,3
22500046,DAL,LAC,78.6,79.0,"('Cooper Flagg', ""D'Angelo Russell"", 'Max Christie')",1.616666666666667,3,9,4,1,0,2,2,0,1,0,0,4.0,4.0,2.0,2.0,0.0,4.0,2.0,0.0,0.0,4.0,8.0,3
22500046,DAL,LAC,78.6,79.0,"('Cooper Flagg', ""D'Angelo Russell"", 'Naji Marshall')",1.616666666666667,3,9,4,1,0,2,2,0,1,0,0,4.0,4.0,2.0,2.0,0.0,4.0,2.0,0.0,0.0,4.0,8.0,3
22500046,DAL,LAC,78.6,79.0,"('Cooper Flagg', 'Daniel Gafford', 'Max Christie')",1.616666666666667,3,9,4,1,0,2,2,0,1,0,0,4.0,4.0,2.0,2.0,0.0,4.0,2.0,0.0,0.0,4.0,8.0,3
22500046,DAL,LAC,78.6,79.0,"('Cooper Flagg', 'Daniel Gafford', 'Naji Marshall')",1.616666666666667,3,9,4,1,0,2,2,0,1,0,0,4.0,4.0,2.0,2.0,0.0,4.0,2.0,0.0,0.0,4.0,8.0,3
22500046,DAL,LAC,78.6,79.0,"('Cooper Flagg', 'Max Christie', 'Naji Marshall')",1.616666666666667,3,9,4,1,0,2,2,0,1,0,0,4.0,4.0,2.0,2.0,0.0,4.0,2.0,0.0,0.0,4.0,8.0,3
22500046,DAL,LAC,78.6,79.0,"(""D'Angelo Russell"", 'Daniel Gafford', 'Max Christie')",1.616666666666667,3,9,4,1,0,2,2,0,1,0,0,4.0,4.0,2.0,2.0,0.0,4.0,2.0,0.0,0.0,4.0,8.0,3
22500046,DAL,LAC,78.6,79.0,"(""D'Angelo Russell"", 'Daniel Gafford', 'Naji Marshall')",1.616666666666667,3,9,4,1,0,2,2,0,1,0,0,4.0,4.0,2.0,2.0,0.0,4.0,2.0,0.0,0.0,4.0,8.0,3
22500046,DAL,LAC,78.6,79.0,"(""D'Angelo Russell"", 'Max Christie', 'Naji Marshall')",1.616666666666667,3,9,4,1,0,2,2,0,1,0,0,4.0,4.0,2.0,2.0,0.0,4.0,2.0,0.0,0.0,4.0,8.0,3
22500046,DAL,LAC,78.6,79.0,"('Daniel Gafford', 'Max Christie', 'Naji Marshall')",1.616666666666667,3,9,4,1,0,2,2,0,1,0,0,4.0,4.0,2.0,2.0,0.0,4.0,2.0,0.0,0.0,4.0,8.0,3
22500046,DAL,LAC,79.2,79.0,"('Brandon Williams', 'Cooper Flagg', 'Daniel Gafford')",2.683333333333334,3,3,8,2,3,1,2,3,1,2,2,8.440000000000001,6.88,0.0,0.0,0.0,2.0,4.0,4.0,0.0,6.0,15.32,3
22500046,DAL,LAC,79.2,79.0,"('Brandon Williams', 'Cooper Flagg', 'Max Christie')",2.683333333333334,3,3,8,2,3,1,2,3,1,2,2,8.440000000000001,6.88,0.0,0.0,0.0,2.0,4.0,4.0,0.0,6.0,15.32,3
22500046,DAL,LAC,79.2,79.0,"('Brandon Williams', 'Cooper Flagg', 'Naji Marshall')",2.683333333333334,3,3,8,2,3,1,2,3,1,2,2,8.440000000000001,6.88,0.0,0.0,0.0,2.0,4.0,4.0,0.0,6.0,15.32,3
22500046,DAL,LAC,79.2,79.0,"('Brandon Williams', 'Daniel Gafford', 'Max Christie')",2.683333333333334,3,3,8,2,3,1,2,3,1,2,2,8.440000000000001,6.88,0.0,0.0,0.0,2.0,4.0,4.0,0.0,6.0,15.32,3
22500046,DAL,LAC,79.2,79.0,"('Brandon Williams', 'Daniel Gafford', 'Naji Marshall')",2.683333333333334,3,3,8,2,3,1,2,3,1,2,2,8.440000000000001,6.88,0.0,0.0,0.0,2.0,4.0,4.0,0.0,6.0,15.32,3
22500046,DAL,LAC,79.2,79.0,"('Brandon Williams', 'Max Christie', 'Naji Marshall')",2.683333333333334,3,3,8,2,3,1,2,3,1,2,2,8.440000000000001,6.88,0.0,0.0,0.0,2.0,4.0,4.0,0.0,6.0,15.32,3
22500046,DAL,LAC,79.2,79.0,"('Cooper Flagg', 'Daniel Gafford', 'Max Christie')",2.683333333333334,3,3,8,2,3,1,2,3,1,2,2,8.440000000000001,6.88,0.0,0.0,0.0,2.0,4.0,4.0,0.0,6.0,15.32,3
22500046,DAL,LAC,79.2,79.0,"('Cooper Flagg', 'Daniel Gafford', 'Naji Marshall')",2.683333333333334,3,3,8,2,3,1,2,3,1,2,2,8.440000000000001,6.88,0.0,0.0,0.0,2.0,4.0,4.0,0.0,6.0,15.32,3
22500046,DAL,LAC,79.2,79.0,"('Cooper Flagg', 'Max Christie', 'Naji Marshall')",2.683333333333334,3,3,8,2,3,1,2,3,1,2,2,8.440000000000001,6.88,0.0,0.0,0.0,2.0,4.0,4.0,0.0,6.0,15.32,3
22500046,DAL,LAC,79.2,79.0,"('Daniel Gafford', 'Max Christie', 'Naji Marshall')",2.683333333333334,3,3,8,2,3,1,2,3,1,2,2,8.440000000000001,6.88,0.0,0.0,0.0,2.0,4.0,4.0,0.0,6.0,15.32,3
22500046,DAL,LAC,78.6,78.4,"('Cooper Flagg', ""D'Angelo Russell"", 'Daniel Gafford')",3.0500000000000003,2,9,3,4,3,1,0,2,1,2,0,7.0,7.44,0.0,3.0,0.0,0.0,2.0,2.0,0.0,2.0,14.44,3
22500046,DAL,LAC,78.6,78.4,"('Cooper Flagg', ""D'Angelo Russell"", 'Klay Thompson')",3.0500000000000003,2,9,3,4,3,1,0,2,1,2,0,7.0,7.44,0.0,3.0,0.0,0.0,2.0,2.0,0.0,2.0,14.44,3
22500046,DAL,LAC,78.6,78.4,"('Cooper Flagg', ""D'Angelo Russell"", 'Naji Marshall')",3.0500000000000003,2,9,3,4,3,1,0,2,1,2,0,7.0,7.44,0.0,3.0,0.0,0.0,2.0,2.0,0.0,2.0,14.44,3
22500046,DAL,LAC,78.6,78.4,"('Cooper Flagg', 'Daniel Gafford', 'Klay Thompson')",3.0500000000000003,2,9,3,4,3,1,0,2,1,2,0,7.0,7.44,0.0,3.0,0.0,0.0,2.0,2.0,0.0,2.0,14.44,3
22500046,DAL,LAC,78.6,78.4,"('Cooper Flagg', 'Daniel Gafford', 'Naji Marshall')",3.0500000000000003,2,9,3,4,3,1,0,2,1,2,0,7.0,7.44,0.0,3.0,0.0,0.0,2.0,2.0,0.0,2.0,14.44,3
22500046,DAL,LAC,78.6,78.4,"('Cooper Flagg', 'Klay Thompson', 'Naji Marshall')",3.0500000000000003,2,9,3,4,3,1,0,2,1,2,0,7.0,7.44,0.0,3.0,0.0,0.0,2.0,2.0,0.0,2.0,14.44,3
22500046,DAL,LAC,78.6,78.4,"(""D'Angelo Russell"", 'Daniel Gafford', 'Klay Thompson')",3.0500000000000003,2,9,3,4,3,1,0,2,1,2,0,7.0,7.44,0.0,3.0,0.0,0.0,2.0,2.0,0.0,2.0,14.44,3
22500046,DAL,LAC,78.6,78.4,"(""D'Angelo Russell"", 'Daniel Gafford', 'Naji Marshall')",3.0500000000000003,2,9,3,4,3,1,0,2,1,2,0,7.0,7.44,0.0,3.0,0.0,0.0,2.0,2.0,0.0,2.0,14.44,3
22500046,DAL,LAC,78.6,78.4,"(""D'Angelo Russell"", 'Klay Thompson', 'Naji Marshall')",3.0500000000000003,2,9,3,4,3,1,0,2,1,2,0,7.0,7.44,0.0,3.0,0.0,0.0,2.0,2.0,0.0,2.0,14.44,3
22500046,DAL,LAC,78.6,78.4,"('Daniel Gafford', 'Klay Thompson', 'Naji Marshall')",3.0500000000000003,2,9,3,4,3,1,0,2,1,2,0,7.0,7.44,0.0,3.0,0.0,0.0,2.0,2.0,0.0,2.0,14.44,3
22500046,DAL,LAC,79.8,78.8,"('Brandon Williams', 'Cooper Flagg', 'Dereck Lively II')",0.4333333333333333,2,0,2,0,0,0,1,0,0,1,1,0.0,1.0,0.0,0.0,0.0,0.0,0.0,0.0,0.0,2.0,1.0,3
22500046,DAL,LAC,79.8,78.8,"('Brandon Williams', 'Cooper Flagg', 'Max Christie')",0.4333333333333333,2,0,2,0,0,0,1,0,0,1,1,0.0,1.0,0.0,0.0,0.0,0.0,0.0,0.0,0.0,2.0,1.0,3
22500046,DAL,LAC,79.8,78.8,"('Brandon Williams', 'Cooper Flagg', 'Naji Marshall')",0.4333333333333333,2,0,2,0,0,0,1,0,0,1,1,0.0,1.0,0.0,0.0,0.0,0.0,0.0,0.0,0.0,2.0,1.0,3
22500046,DAL,LAC,79.8,78.8,"('Brandon Williams', 'Dereck Lively II', 'Max Christie')",0.4333333333333333,2,0,2,0,0,0,1,0,0,1,1,0.0,1.0,0.0,0.0,0.0,0.0,0.0,0.0,0.0,2.0,1.0,3
22500046,DAL,LAC,79.8,78.8,"('Brandon Williams', 'Dereck Lively II', 'Naji Marshall')",0.4333333333333333,2,0,2,0,0,0,1,0,0,1,1,0.0,1.0,0.0,0.0,0.0,0.0,0.0,0.0,0.0,2.0,1.0,3
22500046,DAL,LAC,79.8,78.8,"('Brandon Williams', 'Max Christie', 'Naji Marshall')",0.4333333333333333,2,0,2,0,0,0,1,0,0,1,1,0.0,1.0,0.0,0.0,0.0,0.0,0.0,0.0,0.0,2.0,1.0,3
22500046,DAL,LAC,79.8,78.8,"('Cooper Flagg', 'Dereck Lively II', 'Max Christie')",0.4333333333333333,2,0,2,0,0,0,1,0,0,1,1,0.0,1.0,0.0,0.0,0.0,0.0,0.0,0.0,0.0,2.0,1.0,3
22500046,DAL,LAC,79.8,78.8,"('Cooper Flagg', 'Dereck Lively II', 'Naji Marshall')",0.4333333333333333,2,0,2,0,0,0,1,0,0,1,1,0.0,1.0,0.0,0.0,0.0,0.0,0.0,0.0,0.0,2.0,1.0,3
22500046,DAL,LAC,79.8,78.8,"('Cooper Flagg', 'Max Christie', 'Naji Marshall')",0.4333333333333333,2,0,2,0,0,0,1,0,0,1,1,0.0,1.0,0.0,0.0,0.0,0.0,0.0,0.0,0.0,2.0,1.0,3
22500046,DAL,LAC,79.8,78.8,"('Dereck Lively II', 'Max Christie', 'Naji Marshall')",0.4333333333333333,2,0,2,0,0,0,1,0,0,1,1,0.0,1.0,0.0,0.0,0.0,0.0,0.0,0.0,0.0,2.0,1.0,3
22500046,DAL,LAC,79.2,78.4,"('Cooper Flagg', ""D'Angelo Russell"", 'Dereck Lively II')",0.6333333333333334,2,0,1,1,1,0,0,0,0,0,1,1.0,1.44,0.0,0.0,0.0,0.0,0.0,0.0,0.0,0.0,2.44,3
22500046,DAL,LAC,79.2,78.4,"('Cooper Flagg', ""D'Angelo Russell"", 'Klay Thompson')",0.6333333333333334,2,0,1,1,1,0,0,0,0,0,1,1.0,1.44,0.0,0.0,0.0,0.0,0.0,0.0,0.0,0.0,2.44,3
22500046,DAL,LAC,79.2,78.4,"('Cooper Flagg', ""D'Angelo Russell"", 'Naji Marshall')",0.6333333333333334,2,0,1,1,1,0,0,0,0,0,1,1.0,1.44,0.0,0.0,0.0,0.0,0.0,0.0,0.0,0.0,2.44,3
22500046,DAL,LAC,79.2,78.4,"('Cooper Flagg', 'Dereck Lively II', 'Klay Thompson')",0.6333333333333334,2,0,1,1,1,0,0,0,0,0,1,1.0,1.44,0.0,0.0,0.0,0.0,0.0,0.0,0.0,0.0,2.44,3
22500046,DAL,LAC,79.2,78.4,"('Cooper Flagg', 'Dereck Lively II', 'Naji Marshall')",0.6333333333333334,2,0,1,1,1,0,0,0,0,0,1,1.0,1.44,0.0,0.0,0.0,0.0,0.0,0.0,0.0,0.0,2.44,3
22500046,DAL,LAC,79.2,78.4,"('Cooper Flagg', 'Klay Thompson', 'Naji Marshall')",0.6333333333333334,2,0,1,1,1,0,0,0,0,0,1,1.0,1.44,0.0,0.0,0.0,0.0,0.0,0.0,0.0,0.0,2.44,3
22500046,DAL,LAC,79.2,78.4,"(""D'Angelo Russell"", 'Dereck Lively II', 'Klay Thompson')",0.6333333333333334,2,0,1,1,1,0,0,0,0,0,1,1.0,1.44,0.0,0.0,0.0,0.0,0.0,0.0,0.0,0.0,2.44,3
22500046,DAL,LAC,79.2,78.4,"(""D'Angelo Russell"", 'Dereck Lively II', 'Naji Marshall')",0.6333333333333334,2,0,1,1,1,0,0,0,0,0,1,1.0,1.44,0.0,0.0,0.0,0.0,0.0,0.0,0.0,0.0,2.44,3
22500046,DAL,LAC,79.2,78.4,"(""D'Angelo Russell"", 'Klay Thompson', 'Naji Marshall')",0.6333333333333334,2,0,1,1,1,0,0,0,0,0,1,1.0,1.44,0.0,0.0,0.0,0.0,0.0,0.0,0.0,0.0,2.44,3
22500046,DAL,LAC,79.2,78.4,"('Dereck Lively II', 'Klay Thompson', 'Naji Marshall')",0.6333333333333334,2,0,1,1,1,0,0,0,0,0,1,1.0,1.44,0.0,0.0,0.0,0.0,0.0,0.0,0.0,0.0,2.44,3
22500046,DAL,LAC,79.2,79.0,"('Brandon Williams', 'Cooper Flagg', 'Daniel Gafford')",4.316666666666666,1,10,15,3,4,3,3,2,1,3,0,11.0,11.2,0.0,0.0,0.0,10.0,2.0,0.0,0.0,10.0,22.2,3
22500046,DAL,LAC,79.2,79.0,"('Brandon Williams', 'Cooper Flagg', 'Max Christie')",4.316666666666666,1,10,15,3,4,3,3,2,1,3,0,11.0,11.2,0.0,0.0,0.0,10.0,2.0,0.0,0.0,10.0,22.2,3
22500046,DAL,LAC,79.2,79.0,"('Brandon Williams', 'Cooper Flagg', 'Naji Marshall')",4.316666666666666,1,10,15,3,4,3,3,2,1,3,0,11.0,11.2,0.0,0.0,0.0,10.0,2.0,0.0,0.0,10.0,22.2,3
22500046,DAL,LAC,79.2,79.0,"('Brandon Williams', 'Daniel Gafford', 'Max Christie')",4.316666666666666,1,10,15,3,4,3,3,2,1,3,0,11.0,11.2,0.0,0.0,0.0,10.0,2.0,0.0,0.0,10.0,22.2,3
22500046,DAL,LAC,79.2,79.0,"('Brandon Williams', 'Daniel Gafford', 'Naji Marshall')",4.316666666666666,1,10,15,3,4,3,3,2,1,3,0,11.0,11.2,0.0,0.0,0.0,10.0,2.0,0.0,0.0,10.0,22.2,3
22500046,DAL,LAC,79.2,79.0,"('Brandon Williams', 'Max Christie', 'Naji Marshall')",4.316666666666666,1,10,15,3,4,3,3,2,1,3,0,11.0,11.2,0.0,0.0,0.0,10.0,2.0,0.0,0.0,10.0,22.2,3
22500046,DAL,LAC,79.2,79.0,"('Cooper Flagg', 'Daniel Gafford', 'Max Christie')",4.316666666666666,1,10,15,3,4,3,3,2,1,3,0,11.0,11.2,0.0,0.0,0.0,10.0,2.0,0.0,0.0,10.0,22.2,3
22500046,DAL,LAC,79.2,79.0,"('Cooper Flagg', 'Daniel Gafford', 'Naji Marshall')",4.316666666666666,1,10,15,3,4,3,3,2,1,3,0,11.0,11.2,0.0,0.0,0.0,10.0,2.0,0.0,0.0,10.0,22.2,3
22500046,DAL,LAC,79.2,79.0,"('Cooper Flagg', 'Max Christie', 'Naji Marshall')",4.316666666666666,1,10,15,3,4,3,3,2,1,3,0,11.0,11.2,0.0,0.0,0.0,10.0,2.0,0.0,0.0,10.0,22.2,3
22500046,DAL,LAC,79.2,79.0,"('Daniel Gafford', 'Max Christie', 'Naji Marshall')",4.316666666666666,1,10,15,3,4,3,3,2,1,3,0,11.0,11.2,0.0,0.0,0.0,10.0,2.0,0.0,0.0,10.0,22.2,3
22500046,DAL,LAC,78.8,78.2,"('Cooper Flagg', ""D'Angelo Russell"", 'Klay Thompson')",2.601666666666667,2,8,7,3,3,0,0,0,0,2,4,7.76,6.76,2.0,0.0,2.0,4.0,0.0,0.0,0.0,0.0,14.52,3
22500046,DAL,LAC,78.8,78.2,"('Cooper Flagg', ""D'Angelo Russell"", 'Moussa Cisse')",2.601666666666667,2,8,7,3,3,0,0,0,0,2,4,7.76,6.76,2.0,0.0,2.0,4.0,0.0,0.0,0.0,0.0,14.52,3
22500046,DAL,LAC,78.8,78.2,"('Cooper Flagg', ""D'Angelo Russell"", 'Naji Marshall')",2.601666666666667,2,8,7,3,3,0,0,0,0,2,4,7.76,6.76,2.0,0.0,2.0,4.0,0.0,0.0,0.0,0.0,14.52,3
22500046,DAL,LAC,78.8,78.2,"('Cooper Flagg', 'Klay Thompson', 'Moussa Cisse')",2.601666666666667,2,8,7,3,3,0,0,0,0,2,4,7.76,6.76,2.0,0.0,2.0,4.0,0.0,0.0,0.0,0.0,14.52,3
22500046,DAL,LAC,78.8,78.2,"('Cooper Flagg', 'Klay Thompson', 'Naji Marshall')",2.601666666666667,2,8,7,3,3,0,0,0,0,2,4,7.76,6.76,2.0,0.0,2.0,4.0,0.0,0.0,0.0,0.0,14.52,3
22500046,DAL,LAC,78.8,78.2,"('Cooper Flagg', 'Moussa Cisse', 'Naji Marshall')",2.601666666666667,2,8,7,3,3,0,0,0,0,2,4,7.76,6.76,2.0,0.0,2.0,4.0,0.0,0.0,0.0,0.0,14.52,3
22500046,DAL,LAC,78.8,78.2,"(""D'Angelo Russell"", 'Klay Thompson', 'Moussa Cisse')",2.601666666666667,2,8,7,3,3,0,0,0,0,2,4,7.76,6.76,2.0,0.0,2.0,4.0,0.0,0.0,0.0,0.0,14.52,3
22500046,DAL,LAC,78.8,78.2,"(""D'Angelo Russell"", 'Klay Thompson', 'Naji Marshall')",2.601666666666667,2,8,7,3,3,0,0,0,0,2,4,7.76,6.76,2.0,0.0,2.0,4.0,0.0,0.0,0.0,0.0,14.52,3
22500046,DAL,LAC,78.8,78.2,"(""D'Angelo Russell"", 'Moussa Cisse', 'Naji Marshall')",2.601666666666667,2,8,7,3,3,0,0,0,0,2,4,7.76,6.76,2.0,0.0,2.0,4.0,0.0,0.0,0.0,0.0,14.52,3
22500046,DAL,LAC,78.8,78.2,"('Klay Thompson', 'Moussa Cisse', 'Naji Marshall')",2.601666666666667,2,8,7,3,3,0,0,0,0,2,4,7.76,6.76,2.0,0.0,2.0,4.0,0.0,0.0,0.0,0.0,14.52,3
22500046,DAL,LAC,78.8,79.6,"('Cooper Flagg', ""D'Angelo Russell"", 'Max Christie')",0.2516666666666666,1,1,0,0,0,0,0,0,0,0,0,0.44,1.0,0.0,0.0,0.0,0.0,0.0,0.0,0.0,0.0,1.44,3
22500046,DAL,LAC,78.8,79.6,"('Cooper Flagg', ""D'Angelo Russell"", 'Moussa Cisse')",0.2516666666666666,1,1,0,0,0,0,0,0,0,0,0,0.44,1.0,0.0,0.0,0.0,0.0,0.0,0.0,0.0,0.0,1.44,3
22500046,DAL,LAC,78.8,79.6,"('Cooper Flagg', ""D'Angelo Russell"", 'Naji Marshall')",0.2516666666666666,1,1,0,0,0,0,0,0,0,0,0,0.44,1.0,0.0,0.0,0.0,0.0,0.0,0.0,0.0,0.0,1.44,3
22500046,DAL,LAC,78.8,79.6,"('Cooper Flagg', 'Max Christie', 'Moussa Cisse')",0.2516666666666666,1,1,0,0,0,0,0,0,0,0,0,0.44,1.0,0.0,0.0,0.0,0.0,0.0,0.0,0.0,0.0,1.44,3
22500046,DAL,LAC,78.8,79.6,"('Cooper Flagg', 'Max Christie', 'Naji Marshall')",0.2516666666666666,1,1,0,0,0,0,0,0,0,0,0,0.44,1.0,0.0,0.0,0.0,0.0,0.0,0.0,0.0,0.0,1.44,3
22500046,DAL,LAC,78.8,79.6,"('Cooper Flagg', 'Moussa Cisse', 'Naji Marshall')",0.2516666666666666,1,1,0,0,0,0,0,0,0,0,0,0.44,1.0,0.0,0.0,0.0,0.0,0.0,0.0,0.0,0.0,1.44,3
22500046,DAL,LAC,78.8,79.6,"(""D'Angelo Russell"", 'Max Christie', 'Moussa Cisse')",0.2516666666666666,1,1,0,0,0,0,0,0,0,0,0,0.44,1.0,0.0,0.0,0.0,0.0,0.0,0.0,0.0,0.0,1.44,3
22500046,DAL,LAC,78.8,79.6,"(""D'Angelo Russell"", 'Max Christie', 'Naji Marshall')",0.2516666666666666,1,1,0,0,0,0,0,0,0,0,0,0.44,1.0,0.0,0.0,0.0,0.0,0.0,0.0,0.0,0.0,1.44,3
22500046,DAL,LAC,78.8,79.6,"(""D'Angelo Russell"", 'Moussa Cisse', 'Naji Marshall')",0.2516666666666666,1,1,0,0,0,0,0,0,0,0,0,0.44,1.0,0.0,0.0,0.0,0.0,0.0,0.0,0.0,0.0,1.44,3
22500046,DAL,LAC,78.8,79.6,"('Max Christie', 'Moussa Cisse', 'Naji Marshall')",0.2516666666666666,1,1,0,0,0,0,0,0,0,0,0,0.44,1.0,0.0,0.0,0.0,0.0,0.0,0.0,0.0,0.0,1.44,3
22500046,DAL,LAC,79.0,80.0,"('Caleb Martin', 'Cooper Flagg', ""D'Angelo Russell"")",1.6333333333333335,1,2,0,2,3,0,0,1,1,0,0,4.0,3.0,0.0,2.0,0.0,0.0,0.0,0.0,0.0,0.0,7.0,3
22500046,DAL,LAC,79.0,80.0,"('Caleb Martin', 'Cooper Flagg', 'Dereck Lively II')",1.6333333333333335,1,2,0,2,3,0,0,1,1,0,0,4.0,3.0,0.0,2.0,0.0,0.0,0.0,0.0,0.0,0.0,7.0,3
22500046,DAL,LAC,79.0,80.0,"('Caleb Martin', 'Cooper Flagg', 'Klay Thompson')",1.6333333333333335,1,2,0,2,3,0,0,1,1,0,0,4.0,3.0,0.0,2.0,0.0,0.0,0.0,0.0,0.0,0.0,7.0,3
22500046,DAL,LAC,79.0,80.0,"('Caleb Martin', ""D'Angelo Russell"", 'Dereck Lively II')",1.6333333333333335,1,2,0,2,3,0,0,1,1,0,0,4.0,3.0,0.0,2.0,0.0,0.0,0.0,0.0,0.0,0.0,7.0,3
22500046,DAL,LAC,79.0,80.0,"('Caleb Martin', ""D'Angelo Russell"", 'Klay Thompson')",1.6333333333333335,1,2,0,2,3,0,0,1,1,0,0,4.0,3.0,0.0,2.0,0.0,0.0,0.0,0.0,0.0,0.0,7.0,3
22500046,DAL,LAC,79.0,80.0,"('Caleb Martin', 'Dereck Lively II', 'Klay Thompson')",1.6333333333333335,1,2,0,2,3,0,0,1,1,0,0,4.0,3.0,0.0,2.0,0.0,0.0,0.0,0.0,0.0,0.0,7.0,3
22500046,DAL,LAC,79.0,80.0,"('Cooper Flagg', ""D'Angelo Russell"", 'Dereck Lively II')",1.6333333333333335,1,2,0,2,3,0,0,1,1,0,0,4.0,3.0,0.0,2.0,0.0,0.0,0.0,0.0,0.0,0.0,7.0,3
22500046,DAL,LAC,79.0,80.0,"('Cooper Flagg', ""D'Angelo Russell"", 'Klay Thompson')",1.6333333333333335,1,2,0,2,3,0,0,1,1,0,0,4.0,3.0,0.0,2.0,0.0,0.0,0.0,0.0,0.0,0.0,7.0,3
22500046,DAL,LAC,79.0,80.0,"('Cooper Flagg', 'Dereck Lively II', 'Klay Thompson')",1.6333333333333335,1,2,0,2,3,0,0,1,1,0,0,4.0,3.0,0.0,2.0,0.0,0.0,0.0,0.0,0.0,0.0,7.0,3
22500046,DAL,LAC,79.0,80.0,"(""D'Angelo Russell"", 'Dereck Lively II', 'Klay Thompson')",1.6333333333333335,1,2,0,2,3,0,0,1,1,0,0,4.0,3.0,0.0,2.0,0.0,0.0,0.0,0.0,0.0,0.0,7.0,3
22500046,DAL,LAC,78.4,80.2,"('Caleb Martin', ""D'Angelo Russell"", 'Dereck Lively II')",0.2666666666666666,1,0,0,1,0,0,0,0,0,0,1,0.0,1.0,0.0,0.0,0.0,0.0,0.0,0.0,0.0,0.0,1.0,3
22500046,DAL,LAC,78.4,80.2,"('Caleb Martin', ""D'Angelo Russell"", 'Klay Thompson')",0.2666666666666666,1,0,0,1,0,0,0,0,0,0,1,0.0,1.0,0.0,0.0,0.0,0.0,0.0,0.0,0.0,0.0,1.0,3
22500046,DAL,LAC,78.4,80.2,"('Caleb Martin', ""D'Angelo Russell"", 'Naji Marshall')",0.2666666666666666,1,0,0,1,0,0,0,0,0,0,1,0.0,1.0,0.0,0.0,0.0,0.0,0.0,0.0,0.0,0.0,1.0,3
22500046,DAL,LAC,78.4,80.2,"('Caleb Martin', 'Dereck Lively II', 'Klay Thompson')",0.2666666666666666,1,0,0,1,0,0,0,0,0,0,1,0.0,1.0,0.0,0.0,0.0,0.0,0.0,0.0,0.0,0.0,1.0,3
22500046,DAL,LAC,78.4,80.2,"('Caleb Martin', 'Dereck Lively II', 'Naji Marshall')",0.2666666666666666,1,0,0,1,0,0,0,0,0,0,1,0.0,1.0,0.0,0.0,0.0,0.0,0.0,0.0,0.0,0.0,1.0,3
22500046,DAL,LAC,78.4,80.2,"('Caleb Martin', 'Klay Thompson', 'Naji Marshall')",0.2666666666666666,1,0,0,1,0,0,0,0,0,0,1,0.0,1.0,0.0,0.0,0.0,0.0,0.0,0.0,0.0,0.0,1.0,3
22500046,DAL,LAC,78.4,80.2,"(""D'Angelo Russell"", 'Dereck Lively II', 'Klay Thompson')",0.2666666666666666,1,0,0,1,0,0,0,0,0,0,1,0.0,1.0,0.0,0.0,0.0,0.0,0.0,0.0,0.0,0.0,1.0,3
22500046,DAL,LAC,78.4,80.2,"(""D'Angelo Russell"", 'Dereck Lively II', 'Naji Marshall')",0.2666666666666666,1,0,0,1,0,0,0,0,0,0,1,0.0,1.0,0.0,0.0,0.0,0.0,0.0,0.0,0.0,0.0,1.0,3
22500046,DAL,LAC,78.4,80.2,"(""D'Angelo Russell"", 'Klay Thompson', 'Naji Marshall')",0.2666666666666666,1,0,0,1,0,0,0,0,0,0,1,0.0,1.0,0.0,0.0,0.0,0.0,0.0,0.0,0.0,0.0,1.0,3
22500046,DAL,LAC,78.4,80.2,"('Dereck Lively II', 'Klay Thompson', 'Naji Marshall')",0.2666666666666666,1,0,0,1,0,0,0,0,0,0,1,0.0,1.0,0.0,0.0,0.0,0.0,0.0,0.0,0.0,0.0,1.0,3
22500046,DAL,LAC,79.0,79.0,"('Caleb Martin', 'Cooper Flagg', 'Daniel Gafford')",0.2283333333333334,6,0,0,1,0,0,0,0,0,0,0,0.0,1.0,0.0,0.0,0.0,0.0,0.0,0.0,0.0,0.0,1.0,3
22500046,DAL,LAC,79.0,79.0,"('Caleb Martin', 'Cooper Flagg', 'Max Christie')",0.2283333333333334,6,0,0,1,0,0,0,0,0,0,0,0.0,1.0,0.0,0.0,0.0,0.0,0.0,0.0,0.0,0.0,1.0,3
22500046,DAL,LAC,79.0,79.0,"('Caleb Martin', 'Cooper Flagg', 'Naji Marshall')",0.2283333333333334,6,0,0,1,0,0,0,0,0,0,0,0.0,1.0,0.0,0.0,0.0,0.0,0.0,0.0,0.0,0.0,1.0,3
22500046,DAL,LAC,79.0,79.0,"('Caleb Martin', 'Daniel Gafford', 'Max Christie')",0.2283333333333334,6,0,0,1,0,0,0,0,0,0,0,0.0,1.0,0.0,0.0,0.0,0.0,0.0,0.0,0.0,0.0,1.0,3
22500046,DAL,LAC,79.0,79.0,"('Caleb Martin', 'Daniel Gafford', 'Naji Marshall')",0.2283333333333334,6,0,0,1,0,0,0,0,0,0,0,0.0,1.0,0.0,0.0,0.0,0.0,0.0,0.0,0.0,0.0,1.0,3
22500046,DAL,LAC,79.0,79.0,"('Caleb Martin', 'Max Christie', 'Naji Marshall')",0.2283333333333334,6,0,0,1,0,0,0,0,0,0,0,0.0,1.0,0.0,0.0,0.0,0.0,0.0,0.0,0.0,0.0,1.0,3
22500046,DAL,LAC,79.0,79.0,"('Cooper Flagg', 'Daniel Gafford', 'Max Christie')",0.2283333333333334,6,0,0,1,0,0,0,0,0,0,0,0.0,1.0,0.0,0.0,0.0,0.0,0.0,0.0,0.0,0.0,1.0,3
22500046,DAL,LAC,79.0,79.0,"('Cooper Flagg', 'Daniel Gafford', 'Naji Marshall')",0.2283333333333334,6,0,0,1,0,0,0,0,0,0,0,0.0,1.0,0.0,0.0,0.0,0.0,0.0,0.0,0.0,0.0,1.0,3
22500046,DAL,LAC,79.0,79.0,"('Cooper Flagg', 'Max Christie', 'Naji Marshall')",0.2283333333333334,6,0,0,1,0,0,0,0,0,0,0,0.0,1.0,0.0,0.0,0.0,0.0,0.0,0.0,0.0,0.0,1.0,3
22500046,DAL,LAC,79.0,79.0,"('Daniel Gafford', 'Max Christie', 'Naji Marshall')",0.2283333333333334,6,0,0,1,0,0,0,0,0,0,0,0.0,1.0,0.0,0.0,0.0,0.0,0.0,0.0,0.0,0.0,1.0,3
22500046,DAL,LAC,77.6,77.8,"('Cooper Flagg', ""D'Angelo Russell"", 'Klay Thompson')",0.0833333333333333,5,2,0,0,0,0,0,0,0,0,0,1.0,0.0,0.0,0.0,0.0,2.0,0.0,0.0,0.0,0.0,1.0,3
22500046,DAL,LAC,77.6,77.8,"('Cooper Flagg', ""D'Angelo Russell"", 'Max Christie')",0.0833333333333333,5,2,0,0,0,0,0,0,0,0,0,1.0,0.0,0.0,0.0,0.0,2.0,0.0,0.0,0.0,0.0,1.0,3
22500046,DAL,LAC,77.6,77.8,"('Cooper Flagg', ""D'Angelo Russell"", 'Naji Marshall')",0.0833333333333333,5,2,0,0,0,0,0,0,0,0,0,1.0,0.0,0.0,0.0,0.0,2.0,0.0,0.0,0.0,0.0,1.0,3
22500046,DAL,LAC,77.6,77.8,"('Cooper Flagg', 'Klay Thompson', 'Max Christie')",0.0833333333333333,5,2,0,0,0,0,0,0,0,0,0,1.0,0.0,0.0,0.0,0.0,2.0,0.0,0.0,0.0,0.0,1.0,3
22500046,DAL,LAC,77.6,77.8,"('Cooper Flagg', 'Klay Thompson', 'Naji Marshall')",0.0833333333333333,5,2,0,0,0,0,0,0,0,0,0,1.0,0.0,0.0,0.0,0.0,2.0,0.0,0.0,0.0,0.0,1.0,3
22500046,DAL,LAC,77.6,77.8,"('Cooper Flagg', 'Max Christie', 'Naji Marshall')",0.0833333333333333,5,2,0,0,0,0,0,0,0,0,0,1.0,0.0,0.0,0.0,0.0,2.0,0.0,0.0,0.0,0.0,1.0,3
22500046,DAL,LAC,77.6,77.8,"(""D'Angelo Russell"", 'Klay Thompson', 'Max Christie')",0.0833333333333333,5,2,0,0,0,0,0,0,0,0,0,1.0,0.0,0.0,0.0,0.0,2.0,0.0,0.0,0.0,0.0,1.0,3
22500046,DAL,LAC,77.6,77.8,"(""D'Angelo Russell"", 'Klay Thompson', 'Naji Marshall')",0.0833333333333333,5,2,0,0,0,0,0,0,0,0,0,1.0,0.0,0.0,0.0,0.0,2.0,0.0,0.0,0.0,0.0,1.0,3
22500046,DAL,LAC,77.6,77.8,"(""D'Angelo Russell"", 'Max Christie', 'Naji Marshall')",0.0833333333333333,5,2,0,0,0,0,0,0,0,0,0,1.0,0.0,0.0,0.0,0.0,2.0,0.0,0.0,0.0,0.0,1.0,3
22500046,DAL,LAC,77.6,77.8,"('Klay Thompson', 'Max Christie', 'Naji Marshall')",0.0833333333333333,5,2,0,0,0,0,0,0,0,0,0,1.0,0.0,0.0,0.0,0.0,2.0,0.0,0.0,0.0,0.0,1.0,3
22500046,DAL,LAC,78.4,79.0,"('Cooper Flagg', ""D'Angelo Russell"", 'Daniel Gafford')",0.54,6,0,0,0,1,0,0,1,1,0,0,2.0,2.0,0.0,0.0,0.0,0.0,0.0,0.0,0.0,0.0,4.0,3
22500046,DAL,LAC,78.4,79.0,"('Cooper Flagg', ""D'Angelo Russell"", 'Klay Thompson')",0.54,6,0,0,0,1,0,0,1,1,0,0,2.0,2.0,0.0,0.0,0.0,0.0,0.0,0.0,0.0,0.0,4.0,3
22500046,DAL,LAC,78.4,79.0,"('Cooper Flagg', ""D'Angelo Russell"", 'Max Christie')",0.54,6,0,0,0,1,0,0,1,1,0,0,2.0,2.0,0.0,0.0,0.0,0.0,0.0,0.0,0.0,0.0,4.0,3
22500046,DAL,LAC,78.4,79.0,"('Cooper Flagg', 'Daniel Gafford', 'Klay Thompson')",0.54,6,0,0,0,1,0,0,1,1,0,0,2.0,2.0,0.0,0.0,0.0,0.0,0.0,0.0,0.0,0.0,4.0,3
22500046,DAL,LAC,78.4,79.0,"('Cooper Flagg', 'Daniel Gafford', 'Max Christie')",0.54,6,0,0,0,1,0,0,1,1,0,0,2.0,2.0,0.0,0.0,0.0,0.0,0.0,0.0,0.0,0.0,4.0,3
22500046,DAL,LAC,78.4,79.0,"('Cooper Flagg', 'Klay Thompson', 'Max Christie')",0.54,6,0,0,0,1,0,0,1,1,0,0,2.0,2.0,0.0,0.0,0.0,0.0,0.0,0.0,0.0,0.0,4.0,3
22500046,DAL,LAC,78.4,79.0,"(""D'Angelo Russell"", 'Daniel Gafford', 'Klay Thompson')",0.54,6,0,0,0,1,0,0,1,1,0,0,2.0,2.0,0.0,0.0,0.0,0.0,0.0,0.0,0.0,0.0,4.0,3
22500046,DAL,LAC,78.4,79.0,"(""D'Angelo Russell"", 'Daniel Gafford', 'Max Christie')",0.54,6,0,0,0,1,0,0,1,1,0,0,2.0,2.0,0.0,0.0,0.0,0.0,0.0,0.0,0.0,0.0,4.0,3
22500046,DAL,LAC,78.4,79.0,"(""D'Angelo Russell"", 'Klay Thompson', 'Max Christie')",0.54,6,0,0,0,1,0,0,1,1,0,0,2.0,2.0,0.0,0.0,0.0,0.0,0.0,0.0,0.0,0.0,4.0,3
22500046,DAL,LAC,78.4,79.0,"('Daniel Gafford', 'Klay Thompson', 'Max Christie')",0.54,6,0,0,0,1,0,0,1,1,0,0,2.0,2.0,0.0,0.0,0.0,0.0,0.0,0.0,0.0,0.0,4.0,3
22500046,DAL,LAC,79.6,79.4,"('Brandon Williams', 'Cooper Flagg', 'Dereck Lively II')",1.0333333333333332,4,2,0,1,0,0,0,2,2,0,2,4.88,3.0,0.0,0.0,0.0,0.0,0.0,0.0,0.0,0.0,7.88,3
22500046,DAL,LAC,79.6,79.4,"('Brandon Williams', 'Cooper Flagg', 'Klay Thompson')",1.0333333333333332,4,2,0,1,0,0,0,2,2,0,2,4.88,3.0,0.0,0.0,0.0,0.0,0.0,0.0,0.0,0.0,7.88,3
22500046,DAL,LAC,79.6,79.4,"('Brandon Williams', 'Cooper Flagg', 'Max Christie')",1.0333333333333332,4,2,0,1,0,0,0,2,2,0,2,4.88,3.0,0.0,0.0,0.0,0.0,0.0,0.0,0.0,0.0,7.88,3
22500046,DAL,LAC,79.6,79.4,"('Brandon Williams', 'Dereck Lively II', 'Klay Thompson')",1.0333333333333332,4,2,0,1,0,0,0,2,2,0,2,4.88,3.0,0.0,0.0,0.0,0.0,0.0,0.0,0.0,0.0,7.88,3
22500046,DAL,LAC,79.6,79.4,"('Brandon Williams', 'Dereck Lively II', 'Max Christie')",1.0333333333333332,4,2,0,1,0,0,0,2,2,0,2,4.88,3.0,0.0,0.0,0.0,0.0,0.0,0.0,0.0,0.0,7.88,3
22500046,DAL,LAC,79.6,79.4,"('Brandon Williams', 'Klay Thompson', 'Max Christie')",1.0333333333333332,4,2,0,1,0,0,0,2,2,0,2,4.88,3.0,0.0,0.0,0.0,0.0,0.0,0.0,0.0,0.0,7.88,3
22500046,DAL,LAC,79.6,79.4,"('Cooper Flagg', 'Dereck Lively II', 'Klay Thompson')",1.0333333333333332,4,2,0,1,0,0,0,2,2,0,2,4.88,3.0,0.0,0.0,0.0,0.0,0.0,0.0,0.0,0.0,7.88,3
22500046,DAL,LAC,79.6,79.4,"('Cooper Flagg', 'Dereck Lively II', 'Max Christie')",1.0333333333333332,4,2,0,1,0,0,0,2,2,0,2,4.88,3.0,0.0,0.0,0.0,0.0,0.0,0.0,0.0,0.0,7.88,3
22500046,DAL,LAC,79.6,79.4,"('Cooper Flagg', 'Klay Thompson', 'Max Christie')",1.0333333333333332,4,2,0,1,0,0,0,2,2,0,2,4.88,3.0,0.0,0.0,0.0,0.0,0.0,0.0,0.0,0.0,7.88,3
22500046,DAL,LAC,79.6,79.4,"('Dereck Lively II', 'Klay Thompson', 'Max Christie')",1.0333333333333332,4,2,0,1,0,0,0,2,2,0,2,4.88,3.0,0.0,0.0,0.0,0.0,0.0,0.0,0.0,0.0,7.88,3
22500046,DAL,LAC,79.6,79.4,"('Brandon Williams', 'Caleb Martin', 'Cooper Flagg')",2.1666666666666665,4,2,8,1,1,1,1,0,0,0,1,4.0,4.0,0.0,0.0,0.0,2.0,0.0,0.0,0.0,2.0,8.0,3
22500046,DAL,LAC,79.6,79.4,"('Brandon Williams', 'Caleb Martin', 'Dereck Lively II')",2.1666666666666665,4,2,8,1,1,1,1,0,0,0,1,4.0,4.0,0.0,0.0,0.0,2.0,0.0,0.0,0.0,2.0,8.0,3
22500046,DAL,LAC,79.6,79.4,"('Brandon Williams', 'Caleb Martin', 'Klay Thompson')",2.1666666666666665,4,2,8,1,1,1,1,0,0,0,1,4.0,4.0,0.0,0.0,0.0,2.0,0.0,0.0,0.0,2.0,8.0,3
22500046,DAL,LAC,79.6,79.4,"('Brandon Williams', 'Cooper Flagg', 'Dereck Lively II')",2.1666666666666665,4,2,8,1,1,1,1,0,0,0,1,4.0,4.0,0.0,0.0,0.0,2.0,0.0,0.0,0.0,2.0,8.0,3
22500046,DAL,LAC,79.6,79.4,"('Brandon Williams', 'Cooper Flagg', 'Klay Thompson')",2.1666666666666665,4,2,8,1,1,1,1,0,0,0,1,4.0,4.0,0.0,0.0,0.0,2.0,0.0,0.0,0.0,2.0,8.0,3
22500046,DAL,LAC,79.6,79.4,"('Brandon Williams', 'Dereck Lively II', 'Klay Thompson')",2.1666666666666665,4,2,8,1,1,1,1,0,0,0,1,4.0,4.0,0.0,0.0,0.0,2.0,0.0,0.0,0.0,2.0,8.0,3
22500046,DAL,LAC,79.6,79.4,"('Caleb Martin', 'Cooper Flagg', 'Dereck Lively II')",2.1666666666666665,4,2,8,1,1,1,1,0,0,0,1,4.0,4.0,0.0,0.0,0.0,2.0,0.0,0.0,0.0,2.0,8.0,3
22500046,DAL,LAC,79.6,79.4,"('Caleb Martin', 'Cooper Flagg', 'Klay Thompson')",2.1666666666666665,4,2,8,1,1,1,1,0,0,0,1,4.0,4.0,0.0,0.0,0.0,2.0,0.0,0.0,0.0,2.0,8.0,3
22500046,DAL,LAC,79.6,79.4,"('Caleb Martin', 'Dereck Lively II', 'Klay Thompson')",2.1666666666666665,4,2,8,1,1,1,1,0,0,0,1,4.0,4.0,0.0,0.0,0.0,2.0,0.0,0.0,0.0,2.0,8.0,3
22500046,DAL,LAC,79.6,79.4,"('Cooper Flagg', 'Dereck Lively II', 'Klay Thompson')",2.1666666666666665,4,2,8,1,1,1,1,0,0,0,1,4.0,4.0,0.0,0.0,0.0,2.0,0.0,0.0,0.0,2.0,8.0,3
22500046,DAL,LAC,78.6,78.2,"('Cooper Flagg', ""D'Angelo Russell"", 'Daniel Gafford')",3.370000000000001,4,8,6,1,2,1,1,0,0,1,0,6.0,4.88,0.0,4.0,0.0,8.0,0.0,0.0,0.0,4.0,10.88,3
22500046,DAL,LAC,78.6,78.2,"('Cooper Flagg', ""D'Angelo Russell"", 'Max Christie')",3.370000000000001,4,8,6,1,2,1,1,0,0,1,0,6.0,4.88,0.0,4.0,0.0,8.0,0.0,0.0,0.0,4.0,10.88,3
22500046,DAL,LAC,78.6,78.2,"('Cooper Flagg', ""D'Angelo Russell"", 'Naji Marshall')",3.370000000000001,4,8,6,1,2,1,1,0,0,1,0,6.0,4.88,0.0,4.0,0.0,8.0,0.0,0.0,0.0,4.0,10.88,3
22500046,DAL,LAC,78.6,78.2,"('Cooper Flagg', 'Daniel Gafford', 'Max Christie')",3.370000000000001,4,8,6,1,2,1,1,0,0,1,0,6.0,4.88,0.0,4.0,0.0,8.0,0.0,0.0,0.0,4.0,10.88,3
22500046,DAL,LAC,78.6,78.2,"('Cooper Flagg', 'Daniel Gafford', 'Naji Marshall')",3.370000000000001,4,8,6,1,2,1,1,0,0,1,0,6.0,4.88,0.0,4.0,0.0,8.0,0.0,0.0,0.0,4.0,10.88,3
22500046,DAL,LAC,78.6,78.2,"('Cooper Flagg', 'Max Christie', 'Naji Marshall')",3.370000000000001,4,8,6,1,2,1,1,0,0,1,0,6.0,4.88,0.0,4.0,0.0,8.0,0.0,0.0,0.0,4.0,10.88,3
22500046,DAL,LAC,78.6,78.2,"(""D'Angelo Russell"", 'Daniel Gafford', 'Max Christie')",3.370000000000001,4,8,6,1,2,1,1,0,0,1,0,6.0,4.88,0.0,4.0,0.0,8.0,0.0,0.0,0.0,4.0,10.88,3
22500046,DAL,LAC,78.6,78.2,"(""D'Angelo Russell"", 'Daniel Gafford', 'Naji Marshall')",3.370000000000001,4,8,6,1,2,1,1,0,0,1,0,6.0,4.88,0.0,4.0,0.0,8.0,0.0,0.0,0.0,4.0,10.88,3
22500046,DAL,LAC,78.6,78.2,"(""D'Angelo Russell"", 'Max Christie', 'Naji Marshall')",3.370000000000001,4,8,6,1,2,1,1,0,0,1,0,6.0,4.88,0.0,4.0,0.0,8.0,0.0,0.0,0.0,4.0,10.88,3
22500046,DAL,LAC,78.6,78.2,"('Daniel Gafford', 'Max Christie', 'Naji Marshall')",3.370000000000001,4,8,6,1,2,1,1,0,0,1,0,6.0,4.88,0.0,4.0,0.0,8.0,0.0,0.0,0.0,4.0,10.88,3
22500046,DAL,LAC,78.6,79.0,"('Cooper Flagg', ""D'Angelo Russell"", 'Daniel Gafford')",4.411666666666666,5,6,6,4,5,0,0,1,1,2,2,7.88,7.44,2.0,2.0,0.0,4.0,0.0,0.0,2.0,2.0,15.32,3
22500046,DAL,LAC,78.6,79.0,"('Cooper Flagg', ""D'Angelo Russell"", 'Max Christie')",4.411666666666666,5,6,6,4,5,0,0,1,1,2,2,7.88,7.44,2.0,2.0,0.0,4.0,0.0,0.0,2.0,2.0,15.32,3
22500046,DAL,LAC,78.6,79.0,"('Cooper Flagg', ""D'Angelo Russell"", 'Naji Marshall')",4.411666666666666,5,6,6,4,5,0,0,1,1,2,2,7.88,7.44,2.0,2.0,0.0,4.0,0.0,0.0,2.0,2.0,15.32,3
22500046,DAL,LAC,78.6,79.0,"('Cooper Flagg', 'Daniel Gafford', 'Max Christie')",4.411666666666666,5,6,6,4,5,0,0,1,1,2,2,7.88,7.44,2.0,2.0,0.0,4.0,0.0,0.0,2.0,2.0,15.32,3
22500046,DAL,LAC,78.6,79.0,"('Cooper Flagg', 'Daniel Gafford', 'Naji Marshall')",4.411666666666666,5,6,6,4,5,0,0,1,1,2,2,7.88,7.44,2.0,2.0,0.0,4.0,0.0,0.0,2.0,2.0,15.32,3
22500046,DAL,LAC,78.6,79.0,"('Cooper Flagg', 'Max Christie', 'Naji Marshall')",4.411666666666666,5,6,6,4,5,0,0,1,1,2,2,7.88,7.44,2.0,2.0,0.0,4.0,0.0,0.0,2.0,2.0,15.32,3
22500046,DAL,LAC,78.6,79.0,"(""D'Angelo Russell"", 'Daniel Gafford', 'Max Christie')",4.411666666666666,5,6,6,4,5,0,0,1,1,2,2,7.88,7.44,2.0,2.0,0.0,4.0,0.0,0.0,2.0,2.0,15.32,3
22500046,DAL,LAC,78.6,79.0,"(""D'Angelo Russell"", 'Daniel Gafford', 'Naji Marshall')",4.411666666666666,5,6,6,4,5,0,0,1,1,2,2,7.88,7.44,2.0,2.0,0.0,4.0,0.0,0.0,2.0,2.0,15.32,3
22500046,DAL,LAC,78.6,79.0,"(""D'Angelo Russell"", 'Max Christie', 'Naji Marshall')",4.411666666666666,5,6,6,4,5,0,0,1,1,2,2,7.88,7.44,2.0,2.0,0.0,4.0,0.0,0.0,2.0,2.0,15.32,3
22500046,DAL,LAC,78.6,79.0,"('Daniel Gafford', 'Max Christie', 'Naji Marshall')",4.411666666666666,5,6,6,4,5,0,0,1,1,2,2,7.88,7.44,2.0,2.0,0.0,4.0,0.0,0.0,2.0,2.0,15.32,3
22500046,DAL,LAC,79.0,79.0,"('Caleb Martin', 'Cooper Flagg', 'Daniel Gafford')",0.2666666666666666,5,1,3,1,0,0,1,0,0,1,0,0.44,2.0,0.0,0.0,0.0,0.0,0.0,0.0,0.0,0.0,2.44,3
22500046,DAL,LAC,79.0,79.0,"('Caleb Martin', 'Cooper Flagg', 'Max Christie')",0.2666666666666666,5,1,3,1,0,0,1,0,0,1,0,0.44,2.0,0.0,0.0,0.0,0.0,0.0,0.0,0.0,0.0,2.44,3
22500046,DAL,LAC,79.0,79.0,"('Caleb Martin', 'Cooper Flagg', 'Naji Marshall')",0.2666666666666666,5,1,3,1,0,0,1,0,0,1,0,0.44,2.0,0.0,0.0,0.0,0.0,0.0,0.0,0.0,0.0,2.44,3
22500046,DAL,LAC,79.0,79.0,"('Caleb Martin', 'Daniel Gafford', 'Max Christie')",0.2666666666666666,5,1,3,1,0,0,1,0,0,1,0,0.44,2.0,0.0,0.0,0.0,0.0,0.0,0.0,0.0,0.0,2.44,3
22500046,DAL,LAC,79.0,79.0,"('Caleb Martin', 'Daniel Gafford', 'Naji Marshall')",0.2666666666666666,5,1,3,1,0,0,1,0,0,1,0,0.44,2.0,0.0,0.0,0.0,0.0,0.0,0.0,0.0,0.0,2.44,3
22500046,DAL,LAC,79.0,79.0,"('Caleb Martin', 'Max Christie', 'Naji Marshall')",0.2666666666666666,5,1,3,1,0,0,1,0,0,1,0,0.44,2.0,0.0,0.0,0.0,0.0,0.0,0.0,0.0,0.0,2.44,3
22500046,DAL,LAC,79.0,79.0,"('Cooper Flagg', 'Daniel Gafford', 'Max Christie')",0.2666666666666666,5,1,3,1,0,0,1,0,0,1,0,0.44,2.0,0.0,0.0,0.0,0.0,0.0,0.0,0.0,0.0,2.44,3
22500046,DAL,LAC,79.0,79.0,"('Cooper Flagg', 'Daniel Gafford', 'Naji Marshall')",0.2666666666666666,5,1,3,1,0,0,1,0,0,1,0,0.44,2.0,0.0,0.0,0.0,0.0,0.0,0.0,0.0,0.0,2.44,3
22500046,DAL,LAC,79.0,79.0,"('Cooper Flagg', 'Max Christie', 'Naji Marshall')",0.2666666666666666,5,1,3,1,0,0,1,0,0,1,0,0.44,2.0,0.0,0.0,0.0,0.0,0.0,0.0,0.0,0.0,2.44,3
22500046,DAL,LAC,79.0,79.0,"('Daniel Gafford', 'Max Christie', 'Naji Marshall')",0.2666666666666666,5,1,3,1,0,0,1,0,0,1,0,0.44,2.0,0.0,0.0,0.0,0.0,0.0,0.0,0.0,0.0,2.44,3
22500046,DAL,LAC,78.8,79.6,"('Cooper Flagg', ""D'Angelo Russell"", 'Klay Thompson')",0.8,3,2,2,0,0,0,0,0,0,2,0,1.0,1.88,0.0,0.0,0.0,0.0,0.0,0.0,0.0,0.0,2.88,3
22500046,DAL,LAC,78.8,79.6,"('Cooper Flagg', ""D'Angelo Russell"", 'Moussa Cisse')",0.8,3,2,2,0,0,0,0,0,0,2,0,1.0,1.88,0.0,0.0,0.0,0.0,0.0,0.0,0.0,0.0,2.88,3
22500046,DAL,LAC,78.8,79.6,"('Cooper Flagg', ""D'Angelo Russell"", 'Naji Marshall')",0.8,3,2,2,0,0,0,0,0,0,2,0,1.0,1.88,0.0,0.0,0.0,0.0,0.0,0.0,0.0,0.0,2.88,3
22500046,DAL,LAC,78.8,79.6,"('Cooper Flagg', 'Klay Thompson', 'Moussa Cisse')",0.8,3,2,2,0,0,0,0,0,0,2,0,1.0,1.88,0.0,0.0,0.0,0.0,0.0,0.0,0.0,0.0,2.88,3
22500046,DAL,LAC,78.8,79.6,"('Cooper Flagg', 'Klay Thompson', 'Naji Marshall')",0.8,3,2,2,0,0,0,0,0,0,2,0,1.0,1.88,0.0,0.0,0.0,0.0,0.0,0.0,0.0,0.0,2.88,3
22500046,DAL,LAC,78.8,79.6,"('Cooper Flagg', 'Moussa Cisse', 'Naji Marshall')",0.8,3,2,2,0,0,0,0,0,0,2,0,1.0,1.88,0.0,0.0,0.0,0.0,0.0,0.0,0.0,0.0,2.88,3
22500046,DAL,LAC,78.8,79.6,"(""D'Angelo Russell"", 'Klay Thompson', 'Moussa Cisse')",0.8,3,2,2,0,0,0,0,0,0,2,0,1.0,1.88,0.0,0.0,0.0,0.0,0.0,0.0,0.0,0.0,2.88,3
22500046,DAL,LAC,78.8,79.6,"(""D'Angelo Russell"", 'Klay Thompson', 'Naji Marshall')",0.8,3,2,2,0,0,0,0,0,0,2,0,1.0,1.88,0.0,0.0,0.0,0.0,0.0,0.0,0.0,0.0,2.88,3
22500046,DAL,LAC,78.8,79.6,"(""D'Angelo Russell"", 'Moussa Cisse', 'Naji Marshall')",0.8,3,2,2,0,0,0,0,0,0,2,0,1.0,1.88,0.0,0.0,0.0,0.0,0.0,0.0,0.0,0.0,2.88,3
22500046,DAL,LAC,78.8,79.6,"('Klay Thompson', 'Moussa Cisse', 'Naji Marshall')",0.8,3,2,2,0,0,0,0,0,0,2,0,1.0,1.88,0.0,0.0,0.0,0.0,0.0,0.0,0.0,0.0,2.88,3
22500046,DAL,LAC,78.0,79.6,"('Caleb Martin', 'Cooper Flagg', 'Klay Thompson')",0.2749999999999999,3,0,0,1,0,0,0,0,0,0,0,0.0,1.0,0.0,0.0,0.0,0.0,0.0,0.0,0.0,0.0,1.0,3
22500046,DAL,LAC,78.0,79.6,"('Caleb Martin', 'Cooper Flagg', 'Max Christie')",0.2749999999999999,3,0,0,1,0,0,0,0,0,0,0,0.0,1.0,0.0,0.0,0.0,0.0,0.0,0.0,0.0,0.0,1.0,3
22500046,DAL,LAC,78.0,79.6,"('Caleb Martin', 'Cooper Flagg', 'Naji Marshall')",0.2749999999999999,3,0,0,1,0,0,0,0,0,0,0,0.0,1.0,0.0,0.0,0.0,0.0,0.0,0.0,0.0,0.0,1.0,3
22500046,DAL,LAC,78.0,79.6,"('Caleb Martin', 'Klay Thompson', 'Max Christie')",0.2749999999999999,3,0,0,1,0,0,0,0,0,0,0,0.0,1.0,0.0,0.0,0.0,0.0,0.0,0.0,0.0,0.0,1.0,3
22500046,DAL,LAC,78.0,79.6,"('Caleb Martin', 'Klay Thompson', 'Naji Marshall')",0.2749999999999999,3,0,0,1,0,0,0,0,0,0,0,0.0,1.0,0.0,0.0,0.0,0.0,0.0,0.0,0.0,0.0,1.0,3
22500046,DAL,LAC,78.0,79.6,"('Caleb Martin', 'Max Christie', 'Naji Marshall')",0.2749999999999999,3,0,0,1,0,0,0,0,0,0,0,0.0,1.0,0.0,0.0,0.0,0.0,0.0,0.0,0.0,0.0,1.0,3
22500046,DAL,LAC,78.0,79.6,"('Cooper Flagg', 'Klay Thompson', 'Max Christie')",0.2749999999999999,3,0,0,1,0,0,0,0,0,0,0,0.0,1.0,0.0,0.0,0.0,0.0,0.0,0.0,0.0,0.0,1.0,3
22500046,DAL,LAC,78.0,79.6,"('Cooper Flagg', 'Klay Thompson', 'Naji Marshall')",0.2749999999999999,3,0,0,1,0,0,0,0,0,0,0,0.0,1.0,0.0,0.0,0.0,0.0,0.0,0.0,0.0,0.0,1.0,3
22500046,DAL,LAC,78.0,79.6,"('Cooper Flagg', 'Max Christie', 'Naji Marshall')",0.2749999999999999,3,0,0,1,0,0,0,0,0,0,0,0.0,1.0,0.0,0.0,0.0,0.0,0.0,0.0,0.0,0.0,1.0,3
22500046,DAL,LAC,78.0,79.6,"('Klay Thompson', 'Max Christie', 'Naji Marshall')",0.2749999999999999,3,0,0,1,0,0,0,0,0,0,0,0.0,1.0,0.0,0.0,0.0,0.0,0.0,0.0,0.0,0.0,1.0,3
22500046,DAL,LAC,78.4,78.0,"('Caleb Martin', ""D'Angelo Russell"", 'Dereck Lively II')",0.1833333333333333,3,0,1,0,0,0,0,0,0,0,0,1.0,0.44,0.0,0.0,0.0,0.0,0.0,0.0,0.0,0.0,1.44,3
22500046,DAL,LAC,78.4,78.0,"('Caleb Martin', ""D'Angelo Russell"", 'Klay Thompson')",0.1833333333333333,3,0,1,0,0,0,0,0,0,0,0,1.0,0.44,0.0,0.0,0.0,0.0,0.0,0.0,0.0,0.0,1.44,3
22500046,DAL,LAC,78.4,78.0,"('Caleb Martin', ""D'Angelo Russell"", 'Naji Marshall')",0.1833333333333333,3,0,1,0,0,0,0,0,0,0,0,1.0,0.44,0.0,0.0,0.0,0.0,0.0,0.0,0.0,0.0,1.44,3
22500046,DAL,LAC,78.4,78.0,"('Caleb Martin', 'Dereck Lively II', 'Klay Thompson')",0.1833333333333333,3,0,1,0,0,0,0,0,0,0,0,1.0,0.44,0.0,0.0,0.0,0.0,0.0,0.0,0.0,0.0,1.44,3
22500046,DAL,LAC,78.4,78.0,"('Caleb Martin', 'Dereck Lively II', 'Naji Marshall')",0.1833333333333333,3,0,1,0,0,0,0,0,0,0,0,1.0,0.44,0.0,0.0,0.0,0.0,0.0,0.0,0.0,0.0,1.44,3
22500046,DAL,LAC,78.4,78.0,"('Caleb Martin', 'Klay Thompson', 'Naji Marshall')",0.1833333333333333,3,0,1,0,0,0,0,0,0,0,0,1.0,0.44,0.0,0.0,0.0,0.0,0.0,0.0,0.0,0.0,1.44,3
22500046,DAL,LAC,78.4,78.0,"(""D'Angelo Russell"", 'Dereck Lively II', 'Klay Thompson')",0.1833333333333333,3,0,1,0,0,0,0,0,0,0,0,1.0,0.44,0.0,0.0,0.0,0.0,0.0,0.0,0.0,0.0,1.44,3
22500046,DAL,LAC,78.4,78.0,"(""D'Angelo Russell"", 'Dereck Lively II', 'Naji Marshall')",0.1833333333333333,3,0,1,0,0,0,0,0,0,0,0,1.0,0.44,0.0,0.0,0.0,0.0,0.0,0.0,0.0,0.0,1.44,3
22500046,DAL,LAC,78.4,78.0,"(""D'Angelo Russell"", 'Klay Thompson', 'Naji Marshall')",0.1833333333333333,3,0,1,0,0,0,0,0,0,0,0,1.0,0.44,0.0,0.0,0.0,0.0,0.0,0.0,0.0,0.0,1.44,3
22500046,DAL,LAC,78.4,78.0,"('Dereck Lively II', 'Klay Thompson', 'Naji Marshall')",0.1833333333333333,3,0,1,0,0,0,0,0,0,0,0,1.0,0.44,0.0,0.0,0.0,0.0,0.0,0.0,0.0,0.0,1.44,3
22500046,DAL,LAC,79.4,78.8,"('Brandon Williams', 'Cooper Flagg', 'Max Christie')",0.35,2,0,3,0,1,0,1,0,0,0,0,1.0,1.0,0.0,0.0,0.0,0.0,0.0,0.0,0.0,0.0,2.0,3
22500046,DAL,LAC,79.4,78.8,"('Brandon Williams', 'Cooper Flagg', 'Moussa Cisse')",0.35,2,0,3,0,1,0,1,0,0,0,0,1.0,1.0,0.0,0.0,0.0,0.0,0.0,0.0,0.0,0.0,2.0,3
22500046,DAL,LAC,79.4,78.8,"('Brandon Williams', 'Cooper Flagg', 'Naji Marshall')",0.35,2,0,3,0,1,0,1,0,0,0,0,1.0,1.0,0.0,0.0,0.0,0.0,0.0,0.0,0.0,0.0,2.0,3
22500046,DAL,LAC,79.4,78.8,"('Brandon Williams', 'Max Christie', 'Moussa Cisse')",0.35,2,0,3,0,1,0,1,0,0,0,0,1.0,1.0,0.0,0.0,0.0,0.0,0.0,0.0,0.0,0.0,2.0,3
22500046,DAL,LAC,79.4,78.8,"('Brandon Williams', 'Max Christie', 'Naji Marshall')",0.35,2,0,3,0,1,0,1,0,0,0,0,1.0,1.0,0.0,0.0,0.0,0.0,0.0,0.0,0.0,0.0,2.0,3
22500046,DAL,LAC,79.4,78.8,"('Brandon Williams', 'Moussa Cisse', 'Naji Marshall')",0.35,2,0,3,0,1,0,1,0,0,0,0,1.0,1.0,0.0,0.0,0.0,0.0,0.0,0.0,0.0,0.0,2.0,3
22500046,DAL,LAC,79.4,78.8,"('Cooper Flagg', 'Max Christie', 'Moussa Cisse')",0.35,2,0,3,0,1,0,1,0,0,0,0,1.0,1.0,0.0,0.0,0.0,0.0,0.0,0.0,0.0,0.0,2.0,3
22500046,DAL,LAC,79.4,78.8,"('Cooper Flagg', 'Max Christie', 'Naji Marshall')",0.35,2,0,3,0,1,0,1,0,0,0,0,1.0,1.0,0.0,0.0,0.0,0.0,0.0,0.0,0.0,0.0,2.0,3
22500046,DAL,LAC,79.4,78.8,"('Cooper Flagg', 'Moussa Cisse', 'Naji Marshall')",0.35,2,0,3,0,1,0,1,0,0,0,0,1.0,1.0,0.0,0.0,0.0,0.0,0.0,0.0,0.0,0.0,2.0,3
22500046,DAL,LAC,79.4,78.8,"('Max Christie', 'Moussa Cisse', 'Naji Marshall')",0.35,2,0,3,0,1,0,1,0,0,0,0,1.0,1.0,0.0,0.0,0.0,0.0,0.0,0.0,0.0,0.0,2.0,3
22500046,DAL,LAC,78.0,79.4,"(""D'Angelo Russell"", 'Klay Thompson', 'Max Christie')",1.4,2,4,6,0,0,0,0,1,1,0,0,3.0,5.0,0.0,0.0,0.0,2.0,3.0,0.0,3.0,0.0,8.0,3
22500046,DAL,LAC,78.0,79.4,"(""D'Angelo Russell"", 'Klay Thompson', 'Moussa Cisse')",1.4,2,4,6,0,0,0,0,1,1,0,0,3.0,5.0,0.0,0.0,0.0,2.0,3.0,0.0,3.0,0.0,8.0,3
22500046,DAL,LAC,78.0,79.4,"(""D'Angelo Russell"", 'Klay Thompson', 'Naji Marshall')",1.4,2,4,6,0,0,0,0,1,1,0,0,3.0,5.0,0.0,0.0,0.0,2.0,3.0,0.0,3.0,0.0,8.0,3
22500046,DAL,LAC,78.0,79.4,"(""D'Angelo Russell"", 'Max Christie', 'Moussa Cisse')",1.4,2,4,6,0,0,0,0,1,1,0,0,3.0,5.0,0.0,0.0,0.0,2.0,3.0,0.0,3.0,0.0,8.0,3
22500046,DAL,LAC,78.0,79.4,"(""D'Angelo Russell"", 'Max Christie', 'Naji Marshall')",1.4,2,4,6,0,0,0,0,1,1,0,0,3.0,5.0,0.0,0.0,0.0,2.0,3.0,0.0,3.0,0.0,8.0,3
22500046,DAL,LAC,78.0,79.4,"(""D'Angelo Russell"", 'Moussa Cisse', 'Naji Marshall')",1.4,2,4,6,0,0,0,0,1,1,0,0,3.0,5.0,0.0,0.0,0.0,2.0,3.0,0.0,3.0,0.0,8.0,3
22500046,DAL,LAC,78.0,79.4,"('Klay Thompson', 'Max Christie', 'Moussa Cisse')",1.4,2,4,6,0,0,0,0,1,1,0,0,3.0,5.0,0.0,0.0,0.0,2.0,3.0,0.0,3.0,0.0,8.0,3
22500046,DAL,LAC,78.0,79.4,"('Klay Thompson', 'Max Christie', 'Naji Marshall')",1.4,2,4,6,0,0,0,0,1,1,0,0,3.0,5.0,0.0,0.0,0.0,2.0,3.0,0.0,3.0,0.0,8.0,3
22500046,DAL,LAC,78.0,79.4,"('Klay Thompson', 'Moussa Cisse', 'Naji Marshall')",1.4,2,4,6,0,0,0,0,1,1,0,0,3.0,5.0,0.0,0.0,0.0,2.0,3.0,0.0,3.0,0.0,8.0,3
22500046,DAL,LAC,78.0,79.4,"('Max Christie', 'Moussa Cisse', 'Naji Marshall')",1.4,2,4,6,0,0,0,0,1,1,0,0,3.0,5.0,0.0,0.0,0.0,2.0,3.0,0.0,3.0,0.0,8.0,3
22500046,DAL,LAC,79.8,78.6,"('Brandon Williams', 'Cooper Flagg', 'Dereck Lively II')",1.8666666666666667,4,6,4,1,2,1,0,0,1,0,2,4.88,4.0,0.0,0.0,0.0,4.0,0.0,0.0,0.0,2.0,8.879999999999999,3
22500046,DAL,LAC,79.8,78.6,"('Brandon Williams', 'Cooper Flagg', 'Max Christie')",1.8666666666666667,4,6,4,1,2,1,0,0,1,0,2,4.88,4.0,0.0,0.0,0.0,4.0,0.0,0.0,0.0,2.0,8.879999999999999,3
22500046,DAL,LAC,79.8,78.6,"('Brandon Williams', 'Cooper Flagg', 'Naji Marshall')",1.8666666666666667,4,6,4,1,2,1,0,0,1,0,2,4.88,4.0,0.0,0.0,0.0,4.0,0.0,0.0,0.0,2.0,8.879999999999999,3
22500046,DAL,LAC,79.8,78.6,"('Brandon Williams', 'Dereck Lively II', 'Max Christie')",1.8666666666666667,4,6,4,1,2,1,0,0,1,0,2,4.88,4.0,0.0,0.0,0.0,4.0,0.0,0.0,0.0,2.0,8.879999999999999,3
22500046,DAL,LAC,79.8,78.6,"('Brandon Williams', 'Dereck Lively II', 'Naji Marshall')",1.8666666666666667,4,6,4,1,2,1,0,0,1,0,2,4.88,4.0,0.0,0.0,0.0,4.0,0.0,0.0,0.0,2.0,8.879999999999999,3
22500046,DAL,LAC,79.8,78.6,"('Brandon Williams', 'Max Christie', 'Naji Marshall')",1.8666666666666667,4,6,4,1,2,1,0,0,1,0,2,4.88,4.0,0.0,0.0,0.0,4.0,0.0,0.0,0.0,2.0,8.879999999999999,3
22500046,DAL,LAC,79.8,78.6,"('Cooper Flagg', 'Dereck Lively II', 'Max Christie')",1.8666666666666667,4,6,4,1,2,1,0,0,1,0,2,4.88,4.0,0.0,0.0,0.0,4.0,0.0,0.0,0.0,2.0,8.879999999999999,3
22500046,DAL,LAC,79.8,78.6,"('Cooper Flagg', 'Dereck Lively II', 'Naji Marshall')",1.8666666666666667,4,6,4,1,2,1,0,0,1,0,2,4.88,4.0,0.0,0.0,0.0,4.0,0.0,0.0,0.0,2.0,8.879999999999999,3
22500046,DAL,LAC,79.8,78.6,"('Cooper Flagg', 'Max Christie', 'Naji Marshall')",1.8666666666666667,4,6,4,1,2,1,0,0,1,0,2,4.88,4.0,0.0,0.0,0.0,4.0,0.0,0.0,0.0,2.0,8.879999999999999,3
22500046,DAL,LAC,79.8,78.6,"('Dereck Lively II', 'Max Christie', 'Naji Marshall')",1.8666666666666667,4,6,4,1,2,1,0,0,1,0,2,4.88,4.0,0.0,0.0,0.0,4.0,0.0,0.0,0.0,2.0,8.879999999999999,3
22500046,DAL,LAC,78.4,78.2,"('Cooper Flagg', ""D'Angelo Russell"", 'Daniel Gafford')",1.0333333333333332,4,3,0,3,0,0,0,0,0,0,1,1.44,1.0,0.0,2.0,0.0,2.0,0.0,0.0,0.0,0.0,2.44,3
22500046,DAL,LAC,78.4,78.2,"('Cooper Flagg', ""D'Angelo Russell"", 'Klay Thompson')",1.0333333333333332,4,3,0,3,0,0,0,0,0,0,1,1.44,1.0,0.0,2.0,0.0,2.0,0.0,0.0,0.0,0.0,2.44,3
22500046,DAL,LAC,78.4,78.2,"('Cooper Flagg', ""D'Angelo Russell"", 'Max Christie')",1.0333333333333332,4,3,0,3,0,0,0,0,0,0,1,1.44,1.0,0.0,2.0,0.0,2.0,0.0,0.0,0.0,0.0,2.44,3
22500046,DAL,LAC,78.4,78.2,"('Cooper Flagg', 'Daniel Gafford', 'Klay Thompson')",1.0333333333333332,4,3,0,3,0,0,0,0,0,0,1,1.44,1.0,0.0,2.0,0.0,2.0,0.0,0.0,0.0,0.0,2.44,3
22500046,DAL,LAC,78.4,78.2,"('Cooper Flagg', 'Daniel Gafford', 'Max Christie')",1.0333333333333332,4,3,0,3,0,0,0,0,0,0,1,1.44,1.0,0.0,2.0,0.0,2.0,0.0,0.0,0.0,0.0,2.44,3
22500046,DAL,LAC,78.4,78.2,"('Cooper Flagg', 'Klay Thompson', 'Max Christie')",1.0333333333333332,4,3,0,3,0,0,0,0,0,0,1,1.44,1.0,0.0,2.0,0.0,2.0,0.0,0.0,0.0,0.0,2.44,3
22500046,DAL,LAC,78.4,78.2,"(""D'Angelo Russell"", 'Daniel Gafford', 'Klay Thompson')",1.0333333333333332,4,3,0,3,0,0,0,0,0,0,1,1.44,1.0,0.0,2.0,0.0,2.0,0.0,0.0,0.0,0.0,2.44,3
22500046,DAL,LAC,78.4,78.2,"(""D'Angelo Russell"", 'Daniel Gafford', 'Max Christie')",1.0333333333333332,4,3,0,3,0,0,0,0,0,0,1,1.44,1.0,0.0,2.0,0.0,2.0,0.0,0.0,0.0,0.0,2.44,3
22500046,DAL,LAC,78.4,78.2,"(""D'Angelo Russell"", 'Klay Thompson', 'Max Christie')",1.0333333333333332,4,3,0,3,0,0,0,0,0,0,1,1.44,1.0,0.0,2.0,0.0,2.0,0.0,0.0,0.0,0.0,2.44,3
22500046,DAL,LAC,78.4,78.2,"('Daniel Gafford', 'Klay Thompson', 'Max Christie')",1.0333333333333332,4,3,0,3,0,0,0,0,0,0,1,1.44,1.0,0.0,2.0,0.0,2.0,0.0,0.0,0.0,0.0,2.44,3
22500046,DAL,LAC,78.6,79.0,"('Cooper Flagg', ""D'Angelo Russell"", 'Daniel Gafford')",4.131666666666667,6,4,10,3,2,0,0,3,0,3,2,6.88,6.640000000000001,0.0,0.0,0.0,2.0,2.0,0.0,0.0,4.0,13.52,3
22500046,DAL,LAC,78.6,79.0,"('Cooper Flagg', ""D'Angelo Russell"", 'Max Christie')",4.131666666666667,6,4,10,3,2,0,0,3,0,3,2,6.88,6.640000000000001,0.0,0.0,0.0,2.0,2.0,0.0,0.0,4.0,13.52,3
22500046,DAL,LAC,78.6,79.0,"('Cooper Flagg', ""D'Angelo Russell"", 'Naji Marshall')",4.131666666666667,6,4,10,3,2,0,0,3,0,3,2,6.88,6.640000000000001,0.0,0.0,0.0,2.0,2.0,0.0,0.0,4.0,13.52,3
22500046,DAL,LAC,78.6,79.0,"('Cooper Flagg', 'Daniel Gafford', 'Max Christie')",4.131666666666667,6,4,10,3,2,0,0,3,0,3,2,6.88,6.640000000000001,0.0,0.0,0.0,2.0,2.0,0.0,0.0,4.0,13.52,3
22500046,DAL,LAC,78.6,79.0,"('Cooper Flagg', 'Daniel Gafford', 'Naji Marshall')",4.131666666666667,6,4,10,3,2,0,0,3,0,3,2,6.88,6.640000000000001,0.0,0.0,0.0,2.0,2.0,0.0,0.0,4.0,13.52,3
22500046,DAL,LAC,78.6,79.0,"('Cooper Flagg', 'Max Christie', 'Naji Marshall')",4.131666666666667,6,4,10,3,2,0,0,3,0,3,2,6.88,6.640000000000001,0.0,0.0,0.0,2.0,2.0,0.0,0.0,4.0,13.52,3
22500046,DAL,LAC,78.6,79.0,"(""D'Angelo Russell"", 'Daniel Gafford', 'Max Christie')",4.131666666666667,6,4,10,3,2,0,0,3,0,3,2,6.88,6.640000000000001,0.0,0.0,0.0,2.0,2.0,0.0,0.0,4.0,13.52,3
22500046,DAL,LAC,78.6,79.0,"(""D'Angelo Russell"", 'Daniel Gafford', 'Naji Marshall')",4.131666666666667,6,4,10,3,2,0,0,3,0,3,2,6.88,6.640000000000001,0.0,0.0,0.0,2.0,2.0,0.0,0.0,4.0,13.52,3
22500046,DAL,LAC,78.6,79.0,"(""D'Angelo Russell"", 'Max Christie', 'Naji Marshall')",4.131666666666667,6,4,10,3,2,0,0,3,0,3,2,6.88,6.640000000000001,0.0,0.0,0.0,2.0,2.0,0.0,0.0,4.0,13.52,3
22500046,DAL,LAC,78.6,79.0,"('Daniel Gafford', 'Max Christie', 'Naji Marshall')",4.131666666666667,6,4,10,3,2,0,0,3,0,3,2,6.88,6.640000000000001,0.0,0.0,0.0,2.0,2.0,0.0,0.0,4.0,13.52,3
22500046,DAL,LAC,79.8,79.0,"('Brandon Williams', 'Cooper Flagg', 'Dereck Lively II')",0.7,1,0,3,1,2,0,1,0,0,0,0,2.0,2.44,0.0,0.0,0.0,0.0,0.0,0.0,0.0,2.0,4.44,3
22500046,DAL,LAC,79.8,79.0,"('Brandon Williams', 'Cooper Flagg', 'Max Christie')",0.7,1,0,3,1,2,0,1,0,0,0,0,2.0,2.44,0.0,0.0,0.0,0.0,0.0,0.0,0.0,2.0,4.44,3
22500046,DAL,LAC,79.8,79.0,"('Brandon Williams', 'Cooper Flagg', 'Naji Marshall')",0.7,1,0,3,1,2,0,1,0,0,0,0,2.0,2.44,0.0,0.0,0.0,0.0,0.0,0.0,0.0,2.0,4.44,3
22500046,DAL,LAC,79.8,79.0,"('Brandon Williams', 'Dereck Lively II', 'Max Christie')",0.7,1,0,3,1,2,0,1,0,0,0,0,2.0,2.44,0.0,0.0,0.0,0.0,0.0,0.0,0.0,2.0,4.44,3
22500046,DAL,LAC,79.8,79.0,"('Brandon Williams', 'Dereck Lively II', 'Naji Marshall')",0.7,1,0,3,1,2,0,1,0,0,0,0,2.0,2.44,0.0,0.0,0.0,0.0,0.0,0.0,0.0,2.0,4.44,3
22500046,DAL,LAC,79.8,79.0,"('Brandon Williams', 'Max Christie', 'Naji Marshall')",0.7,1,0,3,1,2,0,1,0,0,0,0,2.0,2.44,0.0,0.0,0.0,0.0,0.0,0.0,0.0,2.0,4.44,3
22500046,DAL,LAC,79.8,79.0,"('Cooper Flagg', 'Dereck Lively II', 'Max Christie')",0.7,1,0,3,1,2,0,1,0,0,0,0,2.0,2.44,0.0,0.0,0.0,0.0,0.0,0.0,0.0,2.0,4.44,3
22500046,DAL,LAC,79.8,79.0,"('Cooper Flagg', 'Dereck Lively II', 'Naji Marshall')",0.7,1,0,3,1,2,0,1,0,0,0,0,2.0,2.44,0.0,0.0,0.0,0.0,0.0,0.0,0.0,2.0,4.44,3
22500046,DAL,LAC,79.8,79.0,"('Cooper Flagg', 'Max Christie', 'Naji Marshall')",0.7,1,0,3,1,2,0,1,0,0,0,0,2.0,2.44,0.0,0.0,0.0,0.0,0.0,0.0,0.0,2.0,4.44,3
22500046,DAL,LAC,79.8,79.0,"('Dereck Lively II', 'Max Christie', 'Naji Marshall')",0.7,1,0,3,1,2,0,1,0,0,0,0,2.0,2.44,0.0,0.0,0.0,0.0,0.0,0.0,0.0,2.0,4.44,3
22500046,DAL,LAC,78.0,79.6,"('Caleb Martin', ""D'Angelo Russell"", 'Klay Thompson')",3.71,1,18,12,4,3,3,2,0,2,2,4,9.76,9.44,3.0,5.0,2.0,6.0,0.0,2.0,2.0,8.0,19.2,3
22500046,DAL,LAC,78.0,79.6,"('Caleb Martin', ""D'Angelo Russell"", 'Moussa Cisse')",3.71,1,18,12,4,3,3,2,0,2,2,4,9.76,9.44,3.0,5.0,2.0,6.0,0.0,2.0,2.0,8.0,19.2,3
22500046,DAL,LAC,78.0,79.6,"('Caleb Martin', ""D'Angelo Russell"", 'Naji Marshall')",3.71,1,18,12,4,3,3,2,0,2,2,4,9.76,9.44,3.0,5.0,2.0,6.0,0.0,2.0,2.0,8.0,19.2,3
22500046,DAL,LAC,78.0,79.6,"('Caleb Martin', 'Klay Thompson', 'Moussa Cisse')",3.71,1,18,12,4,3,3,2,0,2,2,4,9.76,9.44,3.0,5.0,2.0,6.0,0.0,2.0,2.0,8.0,19.2,3
22500046,DAL,LAC,78.0,79.6,"('Caleb Martin', 'Klay Thompson', 'Naji Marshall')",3.71,1,18,12,4,3,3,2,0,2,2,4,9.76,9.44,3.0,5.0,2.0,6.0,0.0,2.0,2.0,8.0,19.2,3
22500046,DAL,LAC,78.0,79.6,"('Caleb Martin', 'Moussa Cisse', 'Naji Marshall')",3.71,1,18,12,4,3,3,2,0,2,2,4,9.76,9.44,3.0,5.0,2.0,6.0,0.0,2.0,2.0,8.0,19.2,3
22500046,DAL,LAC,78.0,79.6,"(""D'Angelo Russell"", 'Klay Thompson', 'Moussa Cisse')",3.71,1,18,12,4,3,3,2,0,2,2,4,9.76,9.44,3.0,5.0,2.0,6.0,0.0,2.0,2.0,8.0,19.2,3
22500046,DAL,LAC,78.0,79.6,"(""D'Angelo Russell"", 'Klay Thompson', 'Naji Marshall')",3.71,1,18,12,4,3,3,2,0,2,2,4,9.76,9.44,3.0,5.0,2.0,6.0,0.0,2.0,2.0,8.0,19.2,3
22500046,DAL,LAC,78.0,79.6,"(""D'Angelo Russell"", 'Moussa Cisse', 'Naji Marshall')",3.71,1,18,12,4,3,3,2,0,2,2,4,9.76,9.44,3.0,5.0,2.0,6.0,0.0,2.0,2.0,8.0,19.2,3
22500046,DAL,LAC,78.0,79.6,"('Klay Thompson', 'Moussa Cisse', 'Naji Marshall')",3.71,1,18,12,4,3,3,2,0,2,2,4,9.76,9.44,3.0,5.0,2.0,6.0,0.0,2.0,2.0,8.0,19.2,3
22500046,DAL,LAC,79.6,79.0,"('Brandon Williams', 'Caleb Martin', 'Cooper Flagg')",1.0666666666666669,1,0,4,0,2,0,0,0,1,1,2,2.0,2.44,0.0,0.0,0.0,0.0,0.0,0.0,0.0,0.0,4.44,3
22500046,DAL,LAC,79.6,79.0,"('Brandon Williams', 'Caleb Martin', 'Dereck Lively II')",1.0666666666666669,1,0,4,0,2,0,0,0,1,1,2,2.0,2.44,0.0,0.0,0.0,0.0,0.0,0.0,0.0,0.0,4.44,3
22500046,DAL,LAC,79.6,79.0,"('Brandon Williams', 'Caleb Martin', 'Max Christie')",1.0666666666666669,1,0,4,0,2,0,0,0,1,1,2,2.0,2.44,0.0,0.0,0.0,0.0,0.0,0.0,0.0,0.0,4.44,3
22500046,DAL,LAC,79.6,79.0,"('Brandon Williams', 'Cooper Flagg', 'Dereck Lively II')",1.0666666666666669,1,0,4,0,2,0,0,0,1,1,2,2.0,2.44,0.0,0.0,0.0,0.0,0.0,0.0,0.0,0.0,4.44,3
22500046,DAL,LAC,79.6,79.0,"('Brandon Williams', 'Cooper Flagg', 'Max Christie')",1.0666666666666669,1,0,4,0,2,0,0,0,1,1,2,2.0,2.44,0.0,0.0,0.0,0.0,0.0,0.0,0.0,0.0,4.44,3
22500046,DAL,LAC,79.6,79.0,"('Brandon Williams', 'Dereck Lively II', 'Max Christie')",1.0666666666666669,1,0,4,0,2,0,0,0,1,1,2,2.0,2.44,0.0,0.0,0.0,0.0,0.0,0.0,0.0,0.0,4.44,3
22500046,DAL,LAC,79.6,79.0,"('Caleb Martin', 'Cooper Flagg', 'Dereck Lively II')",1.0666666666666669,1,0,4,0,2,0,0,0,1,1,2,2.0,2.44,0.0,0.0,0.0,0.0,0.0,0.0,0.0,0.0,4.44,3
22500046,DAL,LAC,79.6,79.0,"('Caleb Martin', 'Cooper Flagg', 'Max Christie')",1.0666666666666669,1,0,4,0,2,0,0,0,1,1,2,2.0,2.44,0.0,0.0,0.0,0.0,0.0,0.0,0.0,0.0,4.44,3
22500046,DAL,LAC,79.6,79.0,"('Caleb Martin', 'Dereck Lively II', 'Max Christie')",1.0666666666666669,1,0,4,0,2,0,0,0,1,1,2,2.0,2.44,0.0,0.0,0.0,0.0,0.0,0.0,0.0,0.0,4.44,3
22500046,DAL,LAC,79.6,79.0,"('Cooper Flagg', 'Dereck Lively II', 'Max Christie')",1.0666666666666669,1,0,4,0,2,0,0,0,1,1,2,2.0,2.44,0.0,0.0,0.0,0.0,0.0,0.0,0.0,0.0,4.44,3
22500046,DAL,LAC,78.8,78.2,"('Caleb Martin', 'Cooper Flagg', 'Daniel Gafford')",0.3166666666666666,4,1,0,1,0,0,0,0,0,0,0,0.44,1.0,0.0,0.0,0.0,0.0,0.0,0.0,0.0,0.0,1.44,3
22500046,DAL,LAC,78.8,78.2,"('Caleb Martin', 'Cooper Flagg', 'Klay Thompson')",0.3166666666666666,4,1,0,1,0,0,0,0,0,0,0,0.44,1.0,0.0,0.0,0.0,0.0,0.0,0.0,0.0,0.0,1.44,3
22500046,DAL,LAC,78.8,78.2,"('Caleb Martin', 'Cooper Flagg', 'Max Christie')",0.3166666666666666,4,1,0,1,0,0,0,0,0,0,0,0.44,1.0,0.0,0.0,0.0,0.0,0.0,0.0,0.0,0.0,1.44,3
22500046,DAL,LAC,78.8,78.2,"('Caleb Martin', 'Daniel Gafford', 'Klay Thompson')",0.3166666666666666,4,1,0,1,0,0,0,0,0,0,0,0.44,1.0,0.0,0.0,0.0,0.0,0.0,0.0,0.0,0.0,1.44,3
22500046,DAL,LAC,78.8,78.2,"('Caleb Martin', 'Daniel Gafford', 'Max Christie')",0.3166666666666666,4,1,0,1,0,0,0,0,0,0,0,0.44,1.0,0.0,0.0,0.0,0.0,0.0,0.0,0.0,0.0,1.44,3
22500046,DAL,LAC,78.8,78.2,"('Caleb Martin', 'Klay Thompson', 'Max Christie')",0.3166666666666666,4,1,0,1,0,0,0,0,0,0,0,0.44,1.0,0.0,0.0,0.0,0.0,0.0,0.0,0.0,0.0,1.44,3
22500046,DAL,LAC,78.8,78.2,"('Cooper Flagg', 'Daniel Gafford', 'Klay Thompson')",0.3166666666666666,4,1,0,1,0,0,0,0,0,0,0,0.44,1.0,0.0,0.0,0.0,0.0,0.0,0.0,0.0,0.0,1.44,3
22500046,DAL,LAC,78.8,78.2,"('Cooper Flagg', 'Daniel Gafford', 'Max Christie')",0.3166666666666666,4,1,0,1,0,0,0,0,0,0,0,0.44,1.0,0.0,0.0,0.0,0.0,0.0,0.0,0.0,0.0,1.44,3
22500046,DAL,LAC,78.8,78.2,"('Cooper Flagg', 'Klay Thompson', 'Max Christie')",0.3166666666666666,4,1,0,1,0,0,0,0,0,0,0,0.44,1.0,0.0,0.0,0.0,0.0,0.0,0.0,0.0,0.0,1.44,3
22500046,DAL,LAC,78.8,78.2,"('Daniel Gafford', 'Klay Thompson', 'Max Christie')",0.3166666666666666,4,1,0,1,0,0,0,0,0,0,0,0.44,1.0,0.0,0.0,0.0,0.0,0.0,0.0,0.0,0.0,1.44,3
22500046,DAL,LAC,77.8,78.2,"(""D'Angelo Russell"", 'Daniel Gafford', 'Klay Thompson')",0.8666666666666667,4,2,0,2,0,0,0,1,1,0,1,2.0,2.0,0.0,0.0,2.0,2.0,0.0,0.0,0.0,0.0,4.0,3
22500046,DAL,LAC,77.8,78.2,"(""D'Angelo Russell"", 'Daniel Gafford', 'Max Christie')",0.8666666666666667,4,2,0,2,0,0,0,1,1,0,1,2.0,2.0,0.0,0.0,2.0,2.0,0.0,0.0,0.0,0.0,4.0,3
22500046,DAL,LAC,77.8,78.2,"(""D'Angelo Russell"", 'Daniel Gafford', 'Naji Marshall')",0.8666666666666667,4,2,0,2,0,0,0,1,1,0,1,2.0,2.0,0.0,0.0,2.0,2.0,0.0,0.0,0.0,0.0,4.0,3
22500046,DAL,LAC,77.8,78.2,"(""D'Angelo Russell"", 'Klay Thompson', 'Max Christie')",0.8666666666666667,4,2,0,2,0,0,0,1,1,0,1,2.0,2.0,0.0,0.0,2.0,2.0,0.0,0.0,0.0,0.0,4.0,3
22500046,DAL,LAC,77.8,78.2,"(""D'Angelo Russell"", 'Klay Thompson', 'Naji Marshall')",0.8666666666666667,4,2,0,2,0,0,0,1,1,0,1,2.0,2.0,0.0,0.0,2.0,2.0,0.0,0.0,0.0,0.0,4.0,3
22500046,DAL,LAC,77.8,78.2,"(""D'Angelo Russell"", 'Max Christie', 'Naji Marshall')",0.8666666666666667,4,2,0,2,0,0,0,1,1,0,1,2.0,2.0,0.0,0.0,2.0,2.0,0.0,0.0,0.0,0.0,4.0,3
22500046,DAL,LAC,77.8,78.2,"('Daniel Gafford', 'Klay Thompson', 'Max Christie')",0.8666666666666667,4,2,0,2,0,0,0,1,1,0,1,2.0,2.0,0.0,0.0,2.0,2.0,0.0,0.0,0.0,0.0,4.0,3
22500046,DAL,LAC,77.8,78.2,"('Daniel Gafford', 'Klay Thompson', 'Naji Marshall')",0.8666666666666667,4,2,0,2,0,0,0,1,1,0,1,2.0,2.0,0.0,0.0,2.0,2.0,0.0,0.0,0.0,0.0,4.0,3
22500046,DAL,LAC,77.8,78.2,"('Daniel Gafford', 'Max Christie', 'Naji Marshall')",0.8666666666666667,4,2,0,2,0,0,0,1,1,0,1,2.0,2.0,0.0,0.0,2.0,2.0,0.0,0.0,0.0,0.0,4.0,3
22500046,DAL,LAC,77.8,78.2,"('Klay Thompson', 'Max Christie', 'Naji Marshall')",0.8666666666666667,4,2,0,2,0,0,0,1,1,0,1,2.0,2.0,0.0,0.0,2.0,2.0,0.0,0.0,0.0,0.0,4.0,3
22500046,DAL,LAC,78.0,79.6,"('Caleb Martin', ""D'Angelo Russell"", 'Klay Thompson')",1.4000000000000004,3,4,3,1,1,1,1,0,1,1,2,5.88,3.0,0.0,0.0,2.0,2.0,0.0,3.0,0.0,0.0,8.879999999999999,3
22500046,DAL,LAC,78.0,79.6,"('Caleb Martin', ""D'Angelo Russell"", 'Moussa Cisse')",1.4000000000000004,3,4,3,1,1,1,1,0,1,1,2,5.88,3.0,0.0,0.0,2.0,2.0,0.0,3.0,0.0,0.0,8.879999999999999,3
22500046,DAL,LAC,78.0,79.6,"('Caleb Martin', ""D'Angelo Russell"", 'Naji Marshall')",1.4000000000000004,3,4,3,1,1,1,1,0,1,1,2,5.88,3.0,0.0,0.0,2.0,2.0,0.0,3.0,0.0,0.0,8.879999999999999,3
22500046,DAL,LAC,78.0,79.6,"('Caleb Martin', 'Klay Thompson', 'Moussa Cisse')",1.4000000000000004,3,4,3,1,1,1,1,0,1,1,2,5.88,3.0,0.0,0.0,2.0,2.0,0.0,3.0,0.0,0.0,8.879999999999999,3
22500046,DAL,LAC,78.0,79.6,"('Caleb Martin', 'Klay Thompson', 'Naji Marshall')",1.4000000000000004,3,4,3,1,1,1,1,0,1,1,2,5.88,3.0,0.0,0.0,2.0,2.0,0.0,3.0,0.0,0.0,8.879999999999999,3
22500046,DAL,LAC,78.0,79.6,"('Caleb Martin', 'Moussa Cisse', 'Naji Marshall')",1.4000000000000004,3,4,3,1,1,1,1,0,1,1,2,5.88,3.0,0.0,0.0,2.0,2.0,0.0,3.0,0.0,0.0,8.879999999999999,3
22500046,DAL,LAC,78.0,79.6,"(""D'Angelo Russell"", 'Klay Thompson', 'Moussa Cisse')",1.4000000000000004,3,4,3,1,1,1,1,0,1,1,2,5.88,3.0,0.0,0.0,2.0,2.0,0.0,3.0,0.0,0.0,8.879999999999999,3
22500046,DAL,LAC,78.0,79.6,"(""D'Angelo Russell"", 'Klay Thompson', 'Naji Marshall')",1.4000000000000004,3,4,3,1,1,1,1,0,1,1,2,5.88,3.0,0.0,0.0,2.0,2.0,0.0,3.0,0.0,0.0,8.879999999999999,3
22500046,DAL,LAC,78.0,79.6,"(""D'Angelo Russell"", 'Moussa Cisse', 'Naji Marshall')",1.4000000000000004,3,4,3,1,1,1,1,0,1,1,2,5.88,3.0,0.0,0.0,2.0,2.0,0.0,3.0,0.0,0.0,8.879999999999999,3
22500046,DAL,LAC,78.0,79.6,"('Klay Thompson', 'Moussa Cisse', 'Naji Marshall')",1.4000000000000004,3,4,3,1,1,1,1,0,1,1,2,5.88,3.0,0.0,0.0,2.0,2.0,0.0,3.0,0.0,0.0,8.879999999999999,3
22500046,DAL,LAC,79.2,79.0,"('Cooper Flagg', ""D'Angelo Russell"", 'Dereck Lively II')",1.2000000000000002,3,3,5,1,1,1,1,1,1,0,0,3.0,3.0,0.0,0.0,0.0,0.0,0.0,0.0,0.0,0.0,6.0,3
22500046,DAL,LAC,79.2,79.0,"('Cooper Flagg', ""D'Angelo Russell"", 'Max Christie')",1.2000000000000002,3,3,5,1,1,1,1,1,1,0,0,3.0,3.0,0.0,0.0,0.0,0.0,0.0,0.0,0.0,0.0,6.0,3
22500046,DAL,LAC,79.2,79.0,"('Cooper Flagg', ""D'Angelo Russell"", 'Naji Marshall')",1.2000000000000002,3,3,5,1,1,1,1,1,1,0,0,3.0,3.0,0.0,0.0,0.0,0.0,0.0,0.0,0.0,0.0,6.0,3
22500046,DAL,LAC,79.2,79.0,"('Cooper Flagg', 'Dereck Lively II', 'Max Christie')",1.2000000000000002,3,3,5,1,1,1,1,1,1,0,0,3.0,3.0,0.0,0.0,0.0,0.0,0.0,0.0,0.0,0.0,6.0,3
22500046,DAL,LAC,79.2,79.0,"('Cooper Flagg', 'Dereck Lively II', 'Naji Marshall')",1.2000000000000002,3,3,5,1,1,1,1,1,1,0,0,3.0,3.0,0.0,0.0,0.0,0.0,0.0,0.0,0.0,0.0,6.0,3
22500046,DAL,LAC,79.2,79.0,"('Cooper Flagg', 'Max Christie', 'Naji Marshall')",1.2000000000000002,3,3,5,1,1,1,1,1,1,0,0,3.0,3.0,0.0,0.0,0.0,0.0,0.0,0.0,0.0,0.0,6.0,3
22500046,DAL,LAC,79.2,79.0,"(""D'Angelo Russell"", 'Dereck Lively II', 'Max Christie')",1.2000000000000002,3,3,5,1,1,1,1,1,1,0,0,3.0,3.0,0.0,0.0,0.0,0.0,0.0,0.0,0.0,0.0,6.0,3
22500046,DAL,LAC,79.2,79.0,"(""D'Angelo Russell"", 'Dereck Lively II', 'Naji Marshall')",1.2000000000000002,3,3,5,1,1,1,1,1,1,0,0,3.0,3.0,0.0,0.0,0.0,0.0,0.0,0.0,0.0,0.0,6.0,3
22500046,DAL,LAC,79.2,79.0,"(""D'Angelo Russell"", 'Max Christie', 'Naji Marshall')",1.2000000000000002,3,3,5,1,1,1,1,1,1,0,0,3.0,3.0,0.0,0.0,0.0,0.0,0.0,0.0,0.0,0.0,6.0,3
22500046,DAL,LAC,79.2,79.0,"('Dereck Lively II', 'Max Christie', 'Naji Marshall')",1.2000000000000002,3,3,5,1,1,1,1,1,1,0,0,3.0,3.0,0.0,0.0,0.0,0.0,0.0,0.0,0.0,0.0,6.0,3
22500046,DAL,LAC,78.4,79.0,"('Caleb Martin', ""D'Angelo Russell"", 'Dereck Lively II')",1.9833333333333336,3,5,3,3,1,1,1,0,0,1,1,2.88,3.44,0.0,0.0,3.0,0.0,0.0,0.0,0.0,2.0,6.32,3
22500046,DAL,LAC,78.4,79.0,"('Caleb Martin', ""D'Angelo Russell"", 'Max Christie')",1.9833333333333336,3,5,3,3,1,1,1,0,0,1,1,2.88,3.44,0.0,0.0,3.0,0.0,0.0,0.0,0.0,2.0,6.32,3
22500046,DAL,LAC,78.4,79.0,"('Caleb Martin', ""D'Angelo Russell"", 'Naji Marshall')",1.9833333333333336,3,5,3,3,1,1,1,0,0,1,1,2.88,3.44,0.0,0.0,3.0,0.0,0.0,0.0,0.0,2.0,6.32,3
22500046,DAL,LAC,78.4,79.0,"('Caleb Martin', 'Dereck Lively II', 'Max Christie')",1.9833333333333336,3,5,3,3,1,1,1,0,0,1,1,2.88,3.44,0.0,0.0,3.0,0.0,0.0,0.0,0.0,2.0,6.32,3
22500046,DAL,LAC,78.4,79.0,"('Caleb Martin', 'Dereck Lively II', 'Naji Marshall')",1.9833333333333336,3,5,3,3,1,1,1,0,0,1,1,2.88,3.44,0.0,0.0,3.0,0.0,0.0,0.0,0.0,2.0,6.32,3
22500046,DAL,LAC,78.4,79.0,"('Caleb Martin', 'Max Christie', 'Naji Marshall')",1.9833333333333336,3,5,3,3,1,1,1,0,0,1,1,2.88,3.44,0.0,0.0,3.0,0.0,0.0,0.0,0.0,2.0,6.32,3
22500046,DAL,LAC,78.4,79.0,"(""D'Angelo Russell"", 'Dereck Lively II', 'Max Christie')",1.9833333333333336,3,5,3,3,1,1,1,0,0,1,1,2.88,3.44,0.0,0.0,3.0,0.0,0.0,0.0,0.0,2.0,6.32,3
22500046,DAL,LAC,78.4,79.0,"(""D'Angelo Russell"", 'Dereck Lively II', 'Naji Marshall')",1.9833333333333336,3,5,3,3,1,1,1,0,0,1,1,2.88,3.44,0.0,0.0,3.0,0.0,0.0,0.0,0.0,2.0,6.32,3
22500046,DAL,LAC,78.4,79.0,"(""D'Angelo Russell"", 'Max Christie', 'Naji Marshall')",1.9833333333333336,3,5,3,3,1,1,1,0,0,1,1,2.88,3.44,0.0,0.0,3.0,0.0,0.0,0.0,0.0,2.0,6.32,3
22500046,DAL,LAC,78.4,79.0,"('Dereck Lively II', 'Max Christie', 'Naji Marshall')",1.9833333333333336,3,5,3,3,1,1,1,0,0,1,1,2.88,3.44,0.0,0.0,3.0,0.0,0.0,0.0,0.0,2.0,6.32,3
22500046,DAL,LAC,77.6,79.6,"('Caleb Martin', 'Cooper Flagg', ""D'Angelo Russell"")",1.7433333333333336,3,5,5,1,1,1,1,2,1,0,1,4.88,4.44,0.0,0.0,0.0,0.0,2.0,2.0,0.0,2.0,9.32,3
22500046,DAL,LAC,77.6,79.6,"('Caleb Martin', 'Cooper Flagg', 'Klay Thompson')",1.7433333333333336,3,5,5,1,1,1,1,2,1,0,1,4.88,4.44,0.0,0.0,0.0,0.0,2.0,2.0,0.0,2.0,9.32,3
22500046,DAL,LAC,77.6,79.6,"('Caleb Martin', 'Cooper Flagg', 'Naji Marshall')",1.7433333333333336,3,5,5,1,1,1,1,2,1,0,1,4.88,4.44,0.0,0.0,0.0,0.0,2.0,2.0,0.0,2.0,9.32,3
22500046,DAL,LAC,77.6,79.6,"('Caleb Martin', ""D'Angelo Russell"", 'Klay Thompson')",1.7433333333333336,3,5,5,1,1,1,1,2,1,0,1,4.88,4.44,0.0,0.0,0.0,0.0,2.0,2.0,0.0,2.0,9.32,3
22500046,DAL,LAC,77.6,79.6,"('Caleb Martin', ""D'Angelo Russell"", 'Naji Marshall')",1.7433333333333336,3,5,5,1,1,1,1,2,1,0,1,4.88,4.44,0.0,0.0,0.0,0.0,2.0,2.0,0.0,2.0,9.32,3
22500046,DAL,LAC,77.6,79.6,"('Caleb Martin', 'Klay Thompson', 'Naji Marshall')",1.7433333333333336,3,5,5,1,1,1,1,2,1,0,1,4.88,4.44,0.0,0.0,0.0,0.0,2.0,2.0,0.0,2.0,9.32,3
22500046,DAL,LAC,77.6,79.6,"('Cooper Flagg', ""D'Angelo Russell"", 'Klay Thompson')",1.7433333333333336,3,5,5,1,1,1,1,2,1,0,1,4.88,4.44,0.0,0.0,0.0,0.0,2.0,2.0,0.0,2.0,9.32,3
22500046,DAL,LAC,77.6,79.6,"('Cooper Flagg', ""D'Angelo Russell"", 'Naji Marshall')",1.7433333333333336,3,5,5,1,1,1,1,2,1,0,1,4.88,4.44,0.0,0.0,0.0,0.0,2.0,2.0,0.0,2.0,9.32,3
22500046,DAL,LAC,77.6,79.6,"('Cooper Flagg', 'Klay Thompson', 'Naji Marshall')",1.7433333333333336,3,5,5,1,1,1,1,2,1,0,1,4.88,4.44,0.0,0.0,0.0,0.0,2.0,2.0,0.0,2.0,9.32,3
22500046,DAL,LAC,77.6,79.6,"(""D'Angelo Russell"", 'Klay Thompson', 'Naji Marshall')",1.7433333333333336,3,5,5,1,1,1,1,2,1,0,1,4.88,4.44,0.0,0.0,0.0,0.0,2.0,2.0,0.0,2.0,9.32,3
22500046,DAL,LAC,77.6,78.2,"('Cooper Flagg', ""D'Angelo Russell"", 'Klay Thompson')",0.0,2,1,0,0,0,0,0,0,0,0,0,0.44,0.0,0.0,0.0,0.0,0.0,0.0,0.0,0.0,0.0,0.44,3
22500046,DAL,LAC,77.6,78.2,"('Cooper Flagg', ""D'Angelo Russell"", 'Max Christie')",0.0,2,1,0,0,0,0,0,0,0,0,0,0.44,0.0,0.0,0.0,0.0,0.0,0.0,0.0,0.0,0.0,0.44,3
22500046,DAL,LAC,77.6,78.2,"('Cooper Flagg', ""D'Angelo Russell"", 'Naji Marshall')",0.0,2,1,0,0,0,0,0,0,0,0,0,0.44,0.0,0.0,0.0,0.0,0.0,0.0,0.0,0.0,0.0,0.44,3
22500046,DAL,LAC,77.6,78.2,"('Cooper Flagg', 'Klay Thompson', 'Max Christie')",0.0,2,1,0,0,0,0,0,0,0,0,0,0.44,0.0,0.0,0.0,0.0,0.0,0.0,0.0,0.0,0.0,0.44,3
22500046,DAL,LAC,77.6,78.2,"('Cooper Flagg', 'Klay Thompson', 'Naji Marshall')",0.0,2,1,0,0,0,0,0,0,0,0,0,0.44,0.0,0.0,0.0,0.0,0.0,0.0,0.0,0.0,0.0,0.44,3
22500046,DAL,LAC,77.6,78.2,"('Cooper Flagg', 'Max Christie', 'Naji Marshall')",0.0,2,1,0,0,0,0,0,0,0,0,0,0.44,0.0,0.0,0.0,0.0,0.0,0.0,0.0,0.0,0.0,0.44,3
22500046,DAL,LAC,77.6,78.2,"(""D'Angelo Russell"", 'Klay Thompson', 'Max Christie')",0.0,2,1,0,0,0,0,0,0,0,0,0,0.44,0.0,0.0,0.0,0.0,0.0,0.0,0.0,0.0,0.0,0.44,3
22500046,DAL,LAC,77.6,78.2,"(""D'Angelo Russell"", 'Klay Thompson', 'Naji Marshall')",0.0,2,1,0,0,0,0,0,0,0,0,0,0.44,0.0,0.0,0.0,0.0,0.0,0.0,0.0,0.0,0.0,0.44,3
22500046,DAL,LAC,77.6,78.2,"(""D'Angelo Russell"", 'Max Christie', 'Naji Marshall')",0.0,2,1,0,0,0,0,0,0,0,0,0,0.44,0.0,0.0,0.0,0.0,0.0,0.0,0.0,0.0,0.0,0.44,3
22500046,DAL,LAC,77.6,78.2,"('Klay Thompson', 'Max Christie', 'Naji Marshall')",0.0,2,1,0,0,0,0,0,0,0,0,0,0.44,0.0,0.0,0.0,0.0,0.0,0.0,0.0,0.0,0.0,0.44,3
22500046,DAL,LAC,79.6,78.8,"('Brandon Williams', 'Caleb Martin', 'Cooper Flagg')",2.9333333333333327,2,2,6,2,3,0,2,2,2,1,2,7.0,6.0,0.0,0.0,0.0,2.0,2.0,2.0,0.0,6.0,13.0,3
22500046,DAL,LAC,79.6,78.8,"('Brandon Williams', 'Caleb Martin', 'Dereck Lively II')",2.9333333333333327,2,2,6,2,3,0,2,2,2,1,2,7.0,6.0,0.0,0.0,0.0,2.0,2.0,2.0,0.0,6.0,13.0,3
22500046,DAL,LAC,79.6,78.8,"('Brandon Williams', 'Caleb Martin', 'Klay Thompson')",2.9333333333333327,2,2,6,2,3,0,2,2,2,1,2,7.0,6.0,0.0,0.0,0.0,2.0,2.0,2.0,0.0,6.0,13.0,3
22500046,DAL,LAC,79.6,78.8,"('Brandon Williams', 'Cooper Flagg', 'Dereck Lively II')",2.9333333333333327,2,2,6,2,3,0,2,2,2,1,2,7.0,6.0,0.0,0.0,0.0,2.0,2.0,2.0,0.0,6.0,13.0,3
22500046,DAL,LAC,79.6,78.8,"('Brandon Williams', 'Cooper Flagg', 'Klay Thompson')",2.9333333333333327,2,2,6,2,3,0,2,2,2,1,2,7.0,6.0,0.0,0.0,0.0,2.0,2.0,2.0,0.0,6.0,13.0,3
22500046,DAL,LAC,79.6,78.8,"('Brandon Williams', 'Dereck Lively II', 'Klay Thompson')",2.9333333333333327,2,2,6,2,3,0,2,2,2,1,2,7.0,6.0,0.0,0.0,0.0,2.0,2.0,2.0,0.0,6.0,13.0,3
22500046,DAL,LAC,79.6,78.8,"('Caleb Martin', 'Cooper Flagg', 'Dereck Lively II')",2.9333333333333327,2,2,6,2,3,0,2,2,2,1,2,7.0,6.0,0.0,0.0,0.0,2.0,2.0,2.0,0.0,6.0,13.0,3
22500046,DAL,LAC,79.6,78.8,"('Caleb Martin', 'Cooper Flagg', 'Klay Thompson')",2.9333333333333327,2,2,6,2,3,0,2,2,2,1,2,7.0,6.0,0.0,0.0,0.0,2.0,2.0,2.0,0.0,6.0,13.0,3
22500046,DAL,LAC,79.6,78.8,"('Caleb Martin', 'Dereck Lively II', 'Klay Thompson')",2.9333333333333327,2,2,6,2,3,0,2,2,2,1,2,7.0,6.0,0.0,0.0,0.0,2.0,2.0,2.0,0.0,6.0,13.0,3
22500046,DAL,LAC,79.6,78.8,"('Cooper Flagg', 'Dereck Lively II', 'Klay Thompson')",2.9333333333333327,2,2,6,2,3,0,2,2,2,1,2,7.0,6.0,0.0,0.0,0.0,2.0,2.0,2.0,0.0,6.0,13.0,3
22500046,DAL,LAC,79.2,78.2,"('Cooper Flagg', ""D'Angelo Russell"", 'Dereck Lively II')",0.6499999999999999,4,4,3,0,0,1,1,0,0,0,0,1.44,1.0,0.0,0.0,0.0,0.0,0.0,0.0,0.0,0.0,2.44,3
22500046,DAL,LAC,79.2,78.2,"('Cooper Flagg', ""D'Angelo Russell"", 'Max Christie')",0.6499999999999999,4,4,3,0,0,1,1,0,0,0,0,1.44,1.0,0.0,0.0,0.0,0.0,0.0,0.0,0.0,0.0,2.44,3
22500046,DAL,LAC,79.2,78.2,"('Cooper Flagg', ""D'Angelo Russell"", 'Naji Marshall')",0.6499999999999999,4,4,3,0,0,1,1,0,0,0,0,1.44,1.0,0.0,0.0,0.0,0.0,0.0,0.0,0.0,0.0,2.44,3
22500046,DAL,LAC,79.2,78.2,"('Cooper Flagg', 'Dereck Lively II', 'Max Christie')",0.6499999999999999,4,4,3,0,0,1,1,0,0,0,0,1.44,1.0,0.0,0.0,0.0,0.0,0.0,0.0,0.0,0.0,2.44,3
22500046,DAL,LAC,79.2,78.2,"('Cooper Flagg', 'Dereck Lively II', 'Naji Marshall')",0.6499999999999999,4,4,3,0,0,1,1,0,0,0,0,1.44,1.0,0.0,0.0,0.0,0.0,0.0,0.0,0.0,0.0,2.44,3
22500046,DAL,LAC,79.2,78.2,"('Cooper Flagg', 'Max Christie', 'Naji Marshall')",0.6499999999999999,4,4,3,0,0,1,1,0,0,0,0,1.44,1.0,0.0,0.0,0.0,0.0,0.0,0.0,0.0,0.0,2.44,3
22500046,DAL,LAC,79.2,78.2,"(""D'Angelo Russell"", 'Dereck Lively II', 'Max Christie')",0.6499999999999999,4,4,3,0,0,1,1,0,0,0,0,1.44,1.0,0.0,0.0,0.0,0.0,0.0,0.0,0.0,0.0,2.44,3
22500046,DAL,LAC,79.2,78.2,"(""D'Angelo Russell"", 'Dereck Lively II', 'Naji Marshall')",0.6499999999999999,4,4,3,0,0,1,1,0,0,0,0,1.44,1.0,0.0,0.0,0.0,0.0,0.0,0.0,0.0,0.0,2.44,3
22500046,DAL,LAC,79.2,78.2,"(""D'Angelo Russell"", 'Max Christie', 'Naji Marshall')",0.6499999999999999,4,4,3,0,0,1,1,0,0,0,0,1.44,1.0,0.0,0.0,0.0,0.0,0.0,0.0,0.0,0.0,2.44,3
22500046,DAL,LAC,79.2,78.2,"('Dereck Lively II', 'Max Christie', 'Naji Marshall')",0.6499999999999999,4,4,3,0,0,1,1,0,0,0,0,1.44,1.0,0.0,0.0,0.0,0.0,0.0,0.0,0.0,0.0,2.44,3
22500052,DAL,NOP,79.4,79.0,"('Brandon Williams', 'Cooper Flagg', 'Daniel Gafford')",2.016666666666667,4,4,2,3,4,1,1,0,1,0,1,3.88,5.0,2.0,0.0,0.0,2.0,0.0,0.0,0.0,2.0,8.879999999999999,4
22500052,DAL,NOP,79.4,79.0,"('Brandon Williams', 'Cooper Flagg', 'Max Christie')",2.016666666666667,4,4,2,3,4,1,1,0,1,0,1,3.88,5.0,2.0,0.0,0.0,2.0,0.0,0.0,0.0,2.0,8.879999999999999,4
22500052,DAL,NOP,79.4,79.0,"('Brandon Williams', 'Cooper Flagg', 'P.J. Washington')",2.016666666666667,4,4,2,3,4,1,1,0,1,0,1,3.88,5.0,2.0,0.0,0.0,2.0,0.0,0.0,0.0,2.0,8.879999999999999,4
22500052,DAL,NOP,79.4,79.0,"('Brandon Williams', 'Daniel Gafford', 'Max Christie')",2.016666666666667,4,4,2,3,4,1,1,0,1,0,1,3.88,5.0,2.0,0.0,0.0,2.0,0.0,0.0,0.0,2.0,8.879999999999999,4
22500052,DAL,NOP,79.4,79.0,"('Brandon Williams', 'Daniel Gafford', 'P.J. Washington')",2.016666666666667,4,4,2,3,4,1,1,0,1,0,1,3.88,5.0,2.0,0.0,0.0,2.0,0.0,0.0,0.0,2.0,8.879999999999999,4
22500052,DAL,NOP,79.4,79.0,"('Brandon Williams', 'Max Christie', 'P.J. Washington')",2.016666666666667,4,4,2,3,4,1,1,0,1,0,1,3.88,5.0,2.0,0.0,0.0,2.0,0.0,0.0,0.0,2.0,8.879999999999999,4
22500052,DAL,NOP,79.4,79.0,"('Cooper Flagg', 'Daniel Gafford', 'Max Christie')",2.016666666666667,4,4,2,3,4,1,1,0,1,0,1,3.88,5.0,2.0,0.0,0.0,2.0,0.0,0.0,0.0,2.0,8.879999999999999,4
22500052,DAL,NOP,79.4,79.0,"('Cooper Flagg', 'Daniel Gafford', 'P.J. Washington')",2.016666666666667,4,4,2,3,4,1,1,0,1,0,1,3.88,5.0,2.0,0.0,0.0,2.0,0.0,0.0,0.0,2.0,8.879999999999999,4
22500052,DAL,NOP,79.4,79.0,"('Cooper Flagg', 'Max Christie', 'P.J. Washington')",2.016666666666667,4,4,2,3,4,1,1,0,1,0,1,3.88,5.0,2.0,0.0,0.0,2.0,0.0,0.0,0.0,2.0,8.879999999999999,4
22500052,DAL,NOP,79.4,79.0,"('Daniel Gafford', 'Max Christie', 'P.J. Washington')",2.016666666666667,4,4,2,3,4,1,1,0,1,0,1,3.88,5.0,2.0,0.0,0.0,2.0,0.0,0.0,0.0,2.0,8.879999999999999,4
22500052,DAL,NOP,80.0,77.8,"('Brandon Williams', 'Cooper Flagg', 'Dereck Lively II')",0.0,4,1,0,0,0,0,0,0,0,0,0,0.44,0.0,0.0,0.0,0.0,0.0,0.0,0.0,0.0,0.0,0.44,4
22500052,DAL,NOP,80.0,77.8,"('Brandon Williams', 'Cooper Flagg', 'Max Christie')",0.0,4,1,0,0,0,0,0,0,0,0,0,0.44,0.0,0.0,0.0,0.0,0.0,0.0,0.0,0.0,0.0,0.44,4
22500052,DAL,NOP,80.0,77.8,"('Brandon Williams', 'Cooper Flagg', 'P.J. Washington')",0.0,4,1,0,0,0,0,0,0,0,0,0,0.44,0.0,0.0,0.0,0.0,0.0,0.0,0.0,0.0,0.0,0.44,4
22500052,DAL,NOP,80.0,77.8,"('Brandon Williams', 'Dereck Lively II', 'Max Christie')",0.0,4,1,0,0,0,0,0,0,0,0,0,0.44,0.0,0.0,0.0,0.0,0.0,0.0,0.0,0.0,0.0,0.44,4
22500052,DAL,NOP,80.0,77.8,"('Brandon Williams', 'Dereck Lively II', 'P.J. Washington')",0.0,4,1,0,0,0,0,0,0,0,0,0,0.44,0.0,0.0,0.0,0.0,0.0,0.0,0.0,0.0,0.0,0.44,4
22500052,DAL,NOP,80.0,77.8,"('Brandon Williams', 'Max Christie', 'P.J. Washington')",0.0,4,1,0,0,0,0,0,0,0,0,0,0.44,0.0,0.0,0.0,0.0,0.0,0.0,0.0,0.0,0.0,0.44,4
22500052,DAL,NOP,80.0,77.8,"('Cooper Flagg', 'Dereck Lively II', 'Max Christie')",0.0,4,1,0,0,0,0,0,0,0,0,0,0.44,0.0,0.0,0.0,0.0,0.0,0.0,0.0,0.0,0.0,0.44,4
22500052,DAL,NOP,80.0,77.8,"('Cooper Flagg', 'Dereck Lively II', 'P.J. Washington')",0.0,4,1,0,0,0,0,0,0,0,0,0,0.44,0.0,0.0,0.0,0.0,0.0,0.0,0.0,0.0,0.0,0.44,4
22500052,DAL,NOP,80.0,77.8,"('Cooper Flagg', 'Max Christie', 'P.J. Washington')",0.0,4,1,0,0,0,0,0,0,0,0,0,0.44,0.0,0.0,0.0,0.0,0.0,0.0,0.0,0.0,0.0,0.44,4
22500052,DAL,NOP,80.0,77.8,"('Dereck Lively II', 'Max Christie', 'P.J. Washington')",0.0,4,1,0,0,0,0,0,0,0,0,0,0.44,0.0,0.0,0.0,0.0,0.0,0.0,0.0,0.0,0.0,0.44,4
22500052,DAL,NOP,78.4,78.4,"('Caleb Martin', 'Cooper Flagg', 'Max Christie')",0.1266666666666666,4,0,0,1,1,0,0,0,0,0,0,0.0,1.0,0.0,0.0,0.0,0.0,0.0,0.0,0.0,0.0,1.0,4
22500052,DAL,NOP,78.4,78.4,"('Caleb Martin', 'Cooper Flagg', 'Naji Marshall')",0.1266666666666666,4,0,0,1,1,0,0,0,0,0,0,0.0,1.0,0.0,0.0,0.0,0.0,0.0,0.0,0.0,0.0,1.0,4
22500052,DAL,NOP,78.4,78.4,"('Caleb Martin', 'Cooper Flagg', 'P.J. Washington')",0.1266666666666666,4,0,0,1,1,0,0,0,0,0,0,0.0,1.0,0.0,0.0,0.0,0.0,0.0,0.0,0.0,0.0,1.0,4
22500052,DAL,NOP,78.4,78.4,"('Caleb Martin', 'Max Christie', 'Naji Marshall')",0.1266666666666666,4,0,0,1,1,0,0,0,0,0,0,0.0,1.0,0.0,0.0,0.0,0.0,0.0,0.0,0.0,0.0,1.0,4
22500052,DAL,NOP,78.4,78.4,"('Caleb Martin', 'Max Christie', 'P.J. Washington')",0.1266666666666666,4,0,0,1,1,0,0,0,0,0,0,0.0,1.0,0.0,0.0,0.0,0.0,0.0,0.0,0.0,0.0,1.0,4
22500052,DAL,NOP,78.4,78.4,"('Caleb Martin', 'Naji Marshall', 'P.J. Washington')",0.1266666666666666,4,0,0,1,1,0,0,0,0,0,0,0.0,1.0,0.0,0.0,0.0,0.0,0.0,0.0,0.0,0.0,1.0,4
22500052,DAL,NOP,78.4,78.4,"('Cooper Flagg', 'Max Christie', 'Naji Marshall')",0.1266666666666666,4,0,0,1,1,0,0,0,0,0,0,0.0,1.0,0.0,0.0,0.0,0.0,0.0,0.0,0.0,0.0,1.0,4
22500052,DAL,NOP,78.4,78.4,"('Cooper Flagg', 'Max Christie', 'P.J. Washington')",0.1266666666666666,4,0,0,1,1,0,0,0,0,0,0,0.0,1.0,0.0,0.0,0.0,0.0,0.0,0.0,0.0,0.0,1.0,4
22500052,DAL,NOP,78.4,78.4,"('Cooper Flagg', 'Naji Marshall', 'P.J. Washington')",0.1266666666666666,4,0,0,1,1,0,0,0,0,0,0,0.0,1.0,0.0,0.0,0.0,0.0,0.0,0.0,0.0,0.0,1.0,4
22500052,DAL,NOP,78.4,78.4,"('Max Christie', 'Naji Marshall', 'P.J. Washington')",0.1266666666666666,4,0,0,1,1,0,0,0,0,0,0,0.0,1.0,0.0,0.0,0.0,0.0,0.0,0.0,0.0,0.0,1.0,4
22500052,DAL,NOP,79.2,79.0,"('Brandon Williams', 'Cooper Flagg', 'Daniel Gafford')",1.2166666666666668,4,3,5,2,2,0,0,0,1,1,0,3.44,3.44,0.0,2.0,2.0,2.0,0.0,2.0,0.0,4.0,6.88,4
22500052,DAL,NOP,79.2,79.0,"('Brandon Williams', 'Cooper Flagg', 'Max Christie')",1.2166666666666668,4,3,5,2,2,0,0,0,1,1,0,3.44,3.44,0.0,2.0,2.0,2.0,0.0,2.0,0.0,4.0,6.88,4
22500052,DAL,NOP,79.2,79.0,"('Brandon Williams', 'Cooper Flagg', 'Naji Marshall')",1.2166666666666668,4,3,5,2,2,0,0,0,1,1,0,3.44,3.44,0.0,2.0,2.0,2.0,0.0,2.0,0.0,4.0,6.88,4
22500052,DAL,NOP,79.2,79.0,"('Brandon Williams', 'Daniel Gafford', 'Max Christie')",1.2166666666666668,4,3,5,2,2,0,0,0,1,1,0,3.44,3.44,0.0,2.0,2.0,2.0,0.0,2.0,0.0,4.0,6.88,4
22500052,DAL,NOP,79.2,79.0,"('Brandon Williams', 'Daniel Gafford', 'Naji Marshall')",1.2166666666666668,4,3,5,2,2,0,0,0,1,1,0,3.44,3.44,0.0,2.0,2.0,2.0,0.0,2.0,0.0,4.0,6.88,4
22500052,DAL,NOP,79.2,79.0,"('Brandon Williams', 'Max Christie', 'Naji Marshall')",1.2166666666666668,4,3,5,2,2,0,0,0,1,1,0,3.44,3.44,0.0,2.0,2.0,2.0,0.0,2.0,0.0,4.0,6.88,4
22500052,DAL,NOP,79.2,79.0,"('Cooper Flagg', 'Daniel Gafford', 'Max Christie')",1.2166666666666668,4,3,5,2,2,0,0,0,1,1,0,3.44,3.44,0.0,2.0,2.0,2.0,0.0,2.0,0.0,4.0,6.88,4
22500052,DAL,NOP,79.2,79.0,"('Cooper Flagg', 'Daniel Gafford', 'Naji Marshall')",1.2166666666666668,4,3,5,2,2,0,0,0,1,1,0,3.44,3.44,0.0,2.0,2.0,2.0,0.0,2.0,0.0,4.0,6.88,4
22500052,DAL,NOP,79.2,79.0,"('Cooper Flagg', 'Max Christie', 'Naji Marshall')",1.2166666666666668,4,3,5,2,2,0,0,0,1,1,0,3.44,3.44,0.0,2.0,2.0,2.0,0.0,2.0,0.0,4.0,6.88,4
22500052,DAL,NOP,79.2,79.0,"('Daniel Gafford', 'Max Christie', 'Naji Marshall')",1.2166666666666668,4,3,5,2,2,0,0,0,1,1,0,3.44,3.44,0.0,2.0,2.0,2.0,0.0,2.0,0.0,4.0,6.88,4
22500052,DAL,NOP,78.6,77.6,"('Brandon Williams', 'Caleb Martin', 'Daniel Gafford')",2.083333333333333,2,8,5,2,0,2,2,1,1,0,2,5.0,4.0,0.0,0.0,0.0,0.0,3.0,3.0,0.0,2.0,9.0,4
22500052,DAL,NOP,78.6,77.6,"('Brandon Williams', 'Caleb Martin', 'Klay Thompson')",2.083333333333333,2,8,5,2,0,2,2,1,1,0,2,5.0,4.0,0.0,0.0,0.0,0.0,3.0,3.0,0.0,2.0,9.0,4
22500052,DAL,NOP,78.6,77.6,"('Brandon Williams', 'Caleb Martin', 'P.J. Washington')",2.083333333333333,2,8,5,2,0,2,2,1,1,0,2,5.0,4.0,0.0,0.0,0.0,0.0,3.0,3.0,0.0,2.0,9.0,4
22500052,DAL,NOP,78.6,77.6,"('Brandon Williams', 'Daniel Gafford', 'Klay Thompson')",2.083333333333333,2,8,5,2,0,2,2,1,1,0,2,5.0,4.0,0.0,0.0,0.0,0.0,3.0,3.0,0.0,2.0,9.0,4
22500052,DAL,NOP,78.6,77.6,"('Brandon Williams', 'Daniel Gafford', 'P.J. Washington')",2.083333333333333,2,8,5,2,0,2,2,1,1,0,2,5.0,4.0,0.0,0.0,0.0,0.0,3.0,3.0,0.0,2.0,9.0,4
22500052,DAL,NOP,78.6,77.6,"('Brandon Williams', 'Klay Thompson', 'P.J. Washington')",2.083333333333333,2,8,5,2,0,2,2,1,1,0,2,5.0,4.0,0.0,0.0,0.0,0.0,3.0,3.0,0.0,2.0,9.0,4
22500052,DAL,NOP,78.6,77.6,"('Caleb Martin', 'Daniel Gafford', 'Klay Thompson')",2.083333333333333,2,8,5,2,0,2,2,1,1,0,2,5.0,4.0,0.0,0.0,0.0,0.0,3.0,3.0,0.0,2.0,9.0,4
22500052,DAL,NOP,78.6,77.6,"('Caleb Martin', 'Daniel Gafford', 'P.J. Washington')",2.083333333333333,2,8,5,2,0,2,2,1,1,0,2,5.0,4.0,0.0,0.0,0.0,0.0,3.0,3.0,0.0,2.0,9.0,4
22500052,DAL,NOP,78.6,77.6,"('Caleb Martin', 'Klay Thompson', 'P.J. Washington')",2.083333333333333,2,8,5,2,0,2,2,1,1,0,2,5.0,4.0,0.0,0.0,0.0,0.0,3.0,3.0,0.0,2.0,9.0,4
22500052,DAL,NOP,78.6,77.6,"('Daniel Gafford', 'Klay Thompson', 'P.J. Washington')",2.083333333333333,2,8,5,2,0,2,2,1,1,0,2,5.0,4.0,0.0,0.0,0.0,0.0,3.0,3.0,0.0,2.0,9.0,4
22500052,DAL,NOP,79.2,77.6,"('Brandon Williams', 'Caleb Martin', 'Dereck Lively II')",2.833333333333334,2,5,11,2,3,2,2,1,0,2,0,5.0,5.88,0.0,0.0,5.0,2.0,2.0,0.0,5.0,6.0,10.88,4
22500052,DAL,NOP,79.2,77.6,"('Brandon Williams', 'Caleb Martin', 'Klay Thompson')",2.833333333333334,2,5,11,2,3,2,2,1,0,2,0,5.0,5.88,0.0,0.0,5.0,2.0,2.0,0.0,5.0,6.0,10.88,4
22500052,DAL,NOP,79.2,77.6,"('Brandon Williams', 'Caleb Martin', 'P.J. Washington')",2.833333333333334,2,5,11,2,3,2,2,1,0,2,0,5.0,5.88,0.0,0.0,5.0,2.0,2.0,0.0,5.0,6.0,10.88,4
22500052,DAL,NOP,79.2,77.6,"('Brandon Williams', 'Dereck Lively II', 'Klay Thompson')",2.833333333333334,2,5,11,2,3,2,2,1,0,2,0,5.0,5.88,0.0,0.0,5.0,2.0,2.0,0.0,5.0,6.0,10.88,4
22500052,DAL,NOP,79.2,77.6,"('Brandon Williams', 'Dereck Lively II', 'P.J. Washington')",2.833333333333334,2,5,11,2,3,2,2,1,0,2,0,5.0,5.88,0.0,0.0,5.0,2.0,2.0,0.0,5.0,6.0,10.88,4
22500052,DAL,NOP,79.2,77.6,"('Brandon Williams', 'Klay Thompson', 'P.J. Washington')",2.833333333333334,2,5,11,2,3,2,2,1,0,2,0,5.0,5.88,0.0,0.0,5.0,2.0,2.0,0.0,5.0,6.0,10.88,4
22500052,DAL,NOP,79.2,77.6,"('Caleb Martin', 'Dereck Lively II', 'Klay Thompson')",2.833333333333334,2,5,11,2,3,2,2,1,0,2,0,5.0,5.88,0.0,0.0,5.0,2.0,2.0,0.0,5.0,6.0,10.88,4
22500052,DAL,NOP,79.2,77.6,"('Caleb Martin', 'Dereck Lively II', 'P.J. Washington')",2.833333333333334,2,5,11,2,3,2,2,1,0,2,0,5.0,5.88,0.0,0.0,5.0,2.0,2.0,0.0,5.0,6.0,10.88,4
22500052,DAL,NOP,79.2,77.6,"('Caleb Martin', 'Klay Thompson', 'P.J. Washington')",2.833333333333334,2,5,11,2,3,2,2,1,0,2,0,5.0,5.88,0.0,0.0,5.0,2.0,2.0,0.0,5.0,6.0,10.88,4
22500052,DAL,NOP,79.2,77.6,"('Dereck Lively II', 'Klay Thompson', 'P.J. Washington')",2.833333333333334,2,5,11,2,3,2,2,1,0,2,0,5.0,5.88,0.0,0.0,5.0,2.0,2.0,0.0,5.0,6.0,10.88,4
22500052,DAL,NOP,79.4,79.0,"('Brandon Williams', 'Cooper Flagg', 'Max Christie')",2.95,1,7,9,2,3,3,4,2,1,1,0,7.0,7.0,5.0,2.0,0.0,2.0,0.0,0.0,3.0,6.0,14.0,4
22500052,DAL,NOP,79.4,79.0,"('Brandon Williams', 'Cooper Flagg', 'Moussa Cisse')",2.95,1,7,9,2,3,3,4,2,1,1,0,7.0,7.0,5.0,2.0,0.0,2.0,0.0,0.0,3.0,6.0,14.0,4
22500052,DAL,NOP,79.4,79.0,"('Brandon Williams', 'Cooper Flagg', 'Naji Marshall')",2.95,1,7,9,2,3,3,4,2,1,1,0,7.0,7.0,5.0,2.0,0.0,2.0,0.0,0.0,3.0,6.0,14.0,4
22500052,DAL,NOP,79.4,79.0,"('Brandon Williams', 'Max Christie', 'Moussa Cisse')",2.95,1,7,9,2,3,3,4,2,1,1,0,7.0,7.0,5.0,2.0,0.0,2.0,0.0,0.0,3.0,6.0,14.0,4
22500052,DAL,NOP,79.4,79.0,"('Brandon Williams', 'Max Christie', 'Naji Marshall')",2.95,1,7,9,2,3,3,4,2,1,1,0,7.0,7.0,5.0,2.0,0.0,2.0,0.0,0.0,3.0,6.0,14.0,4
22500052,DAL,NOP,79.4,79.0,"('Brandon Williams', 'Moussa Cisse', 'Naji Marshall')",2.95,1,7,9,2,3,3,4,2,1,1,0,7.0,7.0,5.0,2.0,0.0,2.0,0.0,0.0,3.0,6.0,14.0,4
22500052,DAL,NOP,79.4,79.0,"('Cooper Flagg', 'Max Christie', 'Moussa Cisse')",2.95,1,7,9,2,3,3,4,2,1,1,0,7.0,7.0,5.0,2.0,0.0,2.0,0.0,0.0,3.0,6.0,14.0,4
22500052,DAL,NOP,79.4,79.0,"('Cooper Flagg', 'Max Christie', 'Naji Marshall')",2.95,1,7,9,2,3,3,4,2,1,1,0,7.0,7.0,5.0,2.0,0.0,2.0,0.0,0.0,3.0,6.0,14.0,4
22500052,DAL,NOP,79.4,79.0,"('Cooper Flagg', 'Moussa Cisse', 'Naji Marshall')",2.95,1,7,9,2,3,3,4,2,1,1,0,7.0,7.0,5.0,2.0,0.0,2.0,0.0,0.0,3.0,6.0,14.0,4
22500052,DAL,NOP,79.4,79.0,"('Max Christie', 'Moussa Cisse', 'Naji Marshall')",2.95,1,7,9,2,3,3,4,2,1,1,0,7.0,7.0,5.0,2.0,0.0,2.0,0.0,0.0,3.0,6.0,14.0,4
22500052,DAL,NOP,79.2,77.8,"('Brandon Williams', 'Caleb Martin', 'Dereck Lively II')",2.7500000000000004,4,7,8,3,1,2,3,1,1,2,1,5.88,5.88,0.0,0.0,2.0,2.0,2.0,2.0,0.0,4.0,11.76,4
22500052,DAL,NOP,79.2,77.8,"('Brandon Williams', 'Caleb Martin', 'Klay Thompson')",2.7500000000000004,4,7,8,3,1,2,3,1,1,2,1,5.88,5.88,0.0,0.0,2.0,2.0,2.0,2.0,0.0,4.0,11.76,4
22500052,DAL,NOP,79.2,77.8,"('Brandon Williams', 'Caleb Martin', 'P.J. Washington')",2.7500000000000004,4,7,8,3,1,2,3,1,1,2,1,5.88,5.88,0.0,0.0,2.0,2.0,2.0,2.0,0.0,4.0,11.76,4
22500052,DAL,NOP,79.2,77.8,"('Brandon Williams', 'Dereck Lively II', 'Klay Thompson')",2.7500000000000004,4,7,8,3,1,2,3,1,1,2,1,5.88,5.88,0.0,0.0,2.0,2.0,2.0,2.0,0.0,4.0,11.76,4
22500052,DAL,NOP,79.2,77.8,"('Brandon Williams', 'Dereck Lively II', 'P.J. Washington')",2.7500000000000004,4,7,8,3,1,2,3,1,1,2,1,5.88,5.88,0.0,0.0,2.0,2.0,2.0,2.0,0.0,4.0,11.76,4
22500052,DAL,NOP,79.2,77.8,"('Brandon Williams', 'Klay Thompson', 'P.J. Washington')",2.7500000000000004,4,7,8,3,1,2,3,1,1,2,1,5.88,5.88,0.0,0.0,2.0,2.0,2.0,2.0,0.0,4.0,11.76,4
22500052,DAL,NOP,79.2,77.8,"('Caleb Martin', 'Dereck Lively II', 'Klay Thompson')",2.7500000000000004,4,7,8,3,1,2,3,1,1,2,1,5.88,5.88,0.0,0.0,2.0,2.0,2.0,2.0,0.0,4.0,11.76,4
22500052,DAL,NOP,79.2,77.8,"('Caleb Martin', 'Dereck Lively II', 'P.J. Washington')",2.7500000000000004,4,7,8,3,1,2,3,1,1,2,1,5.88,5.88,0.0,0.0,2.0,2.0,2.0,2.0,0.0,4.0,11.76,4
22500052,DAL,NOP,79.2,77.8,"('Caleb Martin', 'Klay Thompson', 'P.J. Washington')",2.7500000000000004,4,7,8,3,1,2,3,1,1,2,1,5.88,5.88,0.0,0.0,2.0,2.0,2.0,2.0,0.0,4.0,11.76,4
22500052,DAL,NOP,79.2,77.8,"('Dereck Lively II', 'Klay Thompson', 'P.J. Washington')",2.7500000000000004,4,7,8,3,1,2,3,1,1,2,1,5.88,5.88,0.0,0.0,2.0,2.0,2.0,2.0,0.0,4.0,11.76,4
22500052,DAL,NOP,79.8,79.0,"('Brandon Williams', 'Cooper Flagg', 'Dereck Lively II')",0.45,2,0,1,0,1,0,0,0,0,0,0,1.0,0.44,0.0,0.0,0.0,0.0,0.0,0.0,0.0,0.0,1.44,4
22500052,DAL,NOP,79.8,79.0,"('Brandon Williams', 'Cooper Flagg', 'Klay Thompson')",0.45,2,0,1,0,1,0,0,0,0,0,0,1.0,0.44,0.0,0.0,0.0,0.0,0.0,0.0,0.0,0.0,1.44,4
22500052,DAL,NOP,79.8,79.0,"('Brandon Williams', 'Cooper Flagg', 'Naji Marshall')",0.45,2,0,1,0,1,0,0,0,0,0,0,1.0,0.44,0.0,0.0,0.0,0.0,0.0,0.0,0.0,0.0,1.44,4
22500052,DAL,NOP,79.8,79.0,"('Brandon Williams', 'Dereck Lively II', 'Klay Thompson')",0.45,2,0,1,0,1,0,0,0,0,0,0,1.0,0.44,0.0,0.0,0.0,0.0,0.0,0.0,0.0,0.0,1.44,4
22500052,DAL,NOP,79.8,79.0,"('Brandon Williams', 'Dereck Lively II', 'Naji Marshall')",0.45,2,0,1,0,1,0,0,0,0,0,0,1.0,0.44,0.0,0.0,0.0,0.0,0.0,0.0,0.0,0.0,1.44,4
22500052,DAL,NOP,79.8,79.0,"('Brandon Williams', 'Klay Thompson', 'Naji Marshall')",0.45,2,0,1,0,1,0,0,0,0,0,0,1.0,0.44,0.0,0.0,0.0,0.0,0.0,0.0,0.0,0.0,1.44,4
22500052,DAL,NOP,79.8,79.0,"('Cooper Flagg', 'Dereck Lively II', 'Klay Thompson')",0.45,2,0,1,0,1,0,0,0,0,0,0,1.0,0.44,0.0,0.0,0.0,0.0,0.0,0.0,0.0,0.0,1.44,4
22500052,DAL,NOP,79.8,79.0,"('Cooper Flagg', 'Dereck Lively II', 'Naji Marshall')",0.45,2,0,1,0,1,0,0,0,0,0,0,1.0,0.44,0.0,0.0,0.0,0.0,0.0,0.0,0.0,0.0,1.44,4
22500052,DAL,NOP,79.8,79.0,"('Cooper Flagg', 'Klay Thompson', 'Naji Marshall')",0.45,2,0,1,0,1,0,0,0,0,0,0,1.0,0.44,0.0,0.0,0.0,0.0,0.0,0.0,0.0,0.0,1.44,4
22500052,DAL,NOP,79.8,79.0,"('Dereck Lively II', 'Klay Thompson', 'Naji Marshall')",0.45,2,0,1,0,1,0,0,0,0,0,0,1.0,0.44,0.0,0.0,0.0,0.0,0.0,0.0,0.0,0.0,1.44,4
22500052,DAL,NOP,78.4,78.2,"('Jaden Hardy', 'Klay Thompson', 'Moussa Cisse')",1.6833333333333336,1,6,3,2,1,2,1,0,0,0,1,4.44,3.44,2.0,0.0,0.0,2.0,0.0,0.0,0.0,2.0,7.879999999999999,4
22500052,DAL,NOP,78.4,78.2,"('Jaden Hardy', 'Klay Thompson', 'Naji Marshall')",1.6833333333333336,1,6,3,2,1,2,1,0,0,0,1,4.44,3.44,2.0,0.0,0.0,2.0,0.0,0.0,0.0,2.0,7.879999999999999,4
22500052,DAL,NOP,78.4,78.2,"('Jaden Hardy', 'Klay Thompson', 'P.J. Washington')",1.6833333333333336,1,6,3,2,1,2,1,0,0,0,1,4.44,3.44,2.0,0.0,0.0,2.0,0.0,0.0,0.0,2.0,7.879999999999999,4
22500052,DAL,NOP,78.4,78.2,"('Jaden Hardy', 'Moussa Cisse', 'Naji Marshall')",1.6833333333333336,1,6,3,2,1,2,1,0,0,0,1,4.44,3.44,2.0,0.0,0.0,2.0,0.0,0.0,0.0,2.0,7.879999999999999,4
22500052,DAL,NOP,78.4,78.2,"('Jaden Hardy', 'Moussa Cisse', 'P.J. Washington')",1.6833333333333336,1,6,3,2,1,2,1,0,0,0,1,4.44,3.44,2.0,0.0,0.0,2.0,0.0,0.0,0.0,2.0,7.879999999999999,4
22500052,DAL,NOP,78.4,78.2,"('Jaden Hardy', 'Naji Marshall', 'P.J. Washington')",1.6833333333333336,1,6,3,2,1,2,1,0,0,0,1,4.44,3.44,2.0,0.0,0.0,2.0,0.0,0.0,0.0,2.0,7.879999999999999,4
22500052,DAL,NOP,78.4,78.2,"('Klay Thompson', 'Moussa Cisse', 'Naji Marshall')",1.6833333333333336,1,6,3,2,1,2,1,0,0,0,1,4.44,3.44,2.0,0.0,0.0,2.0,0.0,0.0,0.0,2.0,7.879999999999999,4
22500052,DAL,NOP,78.4,78.2,"('Klay Thompson', 'Moussa Cisse', 'P.J. Washington')",1.6833333333333336,1,6,3,2,1,2,1,0,0,0,1,4.44,3.44,2.0,0.0,0.0,2.0,0.0,0.0,0.0,2.0,7.879999999999999,4
22500052,DAL,NOP,78.4,78.2,"('Klay Thompson', 'Naji Marshall', 'P.J. Washington')",1.6833333333333336,1,6,3,2,1,2,1,0,0,0,1,4.44,3.44,2.0,0.0,0.0,2.0,0.0,0.0,0.0,2.0,7.879999999999999,4
22500052,DAL,NOP,78.4,78.2,"('Moussa Cisse', 'Naji Marshall', 'P.J. Washington')",1.6833333333333336,1,6,3,2,1,2,1,0,0,0,1,4.44,3.44,2.0,0.0,0.0,2.0,0.0,0.0,0.0,2.0,7.879999999999999,4
22500052,DAL,NOP,77.8,78.0,"('Cooper Flagg', 'Jaden Hardy', 'Klay Thompson')",0.0516666666666666,2,0,0,0,1,0,0,0,0,0,0,1.0,0.0,0.0,0.0,0.0,0.0,0.0,0.0,0.0,0.0,1.0,4
22500052,DAL,NOP,77.8,78.0,"('Cooper Flagg', 'Jaden Hardy', 'Max Christie')",0.0516666666666666,2,0,0,0,1,0,0,0,0,0,0,1.0,0.0,0.0,0.0,0.0,0.0,0.0,0.0,0.0,0.0,1.0,4
22500052,DAL,NOP,77.8,78.0,"('Cooper Flagg', 'Jaden Hardy', 'P.J. Washington')",0.0516666666666666,2,0,0,0,1,0,0,0,0,0,0,1.0,0.0,0.0,0.0,0.0,0.0,0.0,0.0,0.0,0.0,1.0,4
22500052,DAL,NOP,77.8,78.0,"('Cooper Flagg', 'Klay Thompson', 'Max Christie')",0.0516666666666666,2,0,0,0,1,0,0,0,0,0,0,1.0,0.0,0.0,0.0,0.0,0.0,0.0,0.0,0.0,0.0,1.0,4
22500052,DAL,NOP,77.8,78.0,"('Cooper Flagg', 'Klay Thompson', 'P.J. Washington')",0.0516666666666666,2,0,0,0,1,0,0,0,0,0,0,1.0,0.0,0.0,0.0,0.0,0.0,0.0,0.0,0.0,0.0,1.0,4
22500052,DAL,NOP,77.8,78.0,"('Cooper Flagg', 'Max Christie', 'P.J. Washington')",0.0516666666666666,2,0,0,0,1,0,0,0,0,0,0,1.0,0.0,0.0,0.0,0.0,0.0,0.0,0.0,0.0,0.0,1.0,4
22500052,DAL,NOP,77.8,78.0,"('Jaden Hardy', 'Klay Thompson', 'Max Christie')",0.0516666666666666,2,0,0,0,1,0,0,0,0,0,0,1.0,0.0,0.0,0.0,0.0,0.0,0.0,0.0,0.0,0.0,1.0,4
22500052,DAL,NOP,77.8,78.0,"('Jaden Hardy', 'Klay Thompson', 'P.J. Washington')",0.0516666666666666,2,0,0,0,1,0,0,0,0,0,0,1.0,0.0,0.0,0.0,0.0,0.0,0.0,0.0,0.0,0.0,1.0,4
22500052,DAL,NOP,77.8,78.0,"('Jaden Hardy', 'Max Christie', 'P.J. Washington')",0.0516666666666666,2,0,0,0,1,0,0,0,0,0,0,1.0,0.0,0.0,0.0,0.0,0.0,0.0,0.0,0.0,0.0,1.0,4
22500052,DAL,NOP,77.8,78.0,"('Klay Thompson', 'Max Christie', 'P.J. Washington')",0.0516666666666666,2,0,0,0,1,0,0,0,0,0,0,1.0,0.0,0.0,0.0,0.0,0.0,0.0,0.0,0.0,0.0,1.0,4
22500052,DAL,NOP,78.8,80.2,"('Cooper Flagg', 'Daniel Gafford', 'Jaden Hardy')",3.036666666666667,2,3,7,3,4,1,1,2,2,2,1,7.0,8.32,3.0,3.0,0.0,0.0,0.0,0.0,0.0,4.0,15.32,4
22500052,DAL,NOP,78.8,80.2,"('Cooper Flagg', 'Daniel Gafford', 'Max Christie')",3.036666666666667,2,3,7,3,4,1,1,2,2,2,1,7.0,8.32,3.0,3.0,0.0,0.0,0.0,0.0,0.0,4.0,15.32,4
22500052,DAL,NOP,78.8,80.2,"('Cooper Flagg', 'Daniel Gafford', 'P.J. Washington')",3.036666666666667,2,3,7,3,4,1,1,2,2,2,1,7.0,8.32,3.0,3.0,0.0,0.0,0.0,0.0,0.0,4.0,15.32,4
22500052,DAL,NOP,78.8,80.2,"('Cooper Flagg', 'Jaden Hardy', 'Max Christie')",3.036666666666667,2,3,7,3,4,1,1,2,2,2,1,7.0,8.32,3.0,3.0,0.0,0.0,0.0,0.0,0.0,4.0,15.32,4
22500052,DAL,NOP,78.8,80.2,"('Cooper Flagg', 'Jaden Hardy', 'P.J. Washington')",3.036666666666667,2,3,7,3,4,1,1,2,2,2,1,7.0,8.32,3.0,3.0,0.0,0.0,0.0,0.0,0.0,4.0,15.32,4
22500052,DAL,NOP,78.8,80.2,"('Cooper Flagg', 'Max Christie', 'P.J. Washington')",3.036666666666667,2,3,7,3,4,1,1,2,2,2,1,7.0,8.32,3.0,3.0,0.0,0.0,0.0,0.0,0.0,4.0,15.32,4
22500052,DAL,NOP,78.8,80.2,"('Daniel Gafford', 'Jaden Hardy', 'Max Christie')",3.036666666666667,2,3,7,3,4,1,1,2,2,2,1,7.0,8.32,3.0,3.0,0.0,0.0,0.0,0.0,0.0,4.0,15.32,4
22500052,DAL,NOP,78.8,80.2,"('Daniel Gafford', 'Jaden Hardy', 'P.J. Washington')",3.036666666666667,2,3,7,3,4,1,1,2,2,2,1,7.0,8.32,3.0,3.0,0.0,0.0,0.0,0.0,0.0,4.0,15.32,4
22500052,DAL,NOP,78.8,80.2,"('Daniel Gafford', 'Max Christie', 'P.J. Washington')",3.036666666666667,2,3,7,3,4,1,1,2,2,2,1,7.0,8.32,3.0,3.0,0.0,0.0,0.0,0.0,0.0,4.0,15.32,4
22500052,DAL,NOP,78.8,80.2,"('Jaden Hardy', 'Max Christie', 'P.J. Washington')",3.036666666666667,2,3,7,3,4,1,1,2,2,2,1,7.0,8.32,3.0,3.0,0.0,0.0,0.0,0.0,0.0,4.0,15.32,4
22500052,DAL,NOP,80.0,77.4,"('Brandon Williams', 'Cooper Flagg', 'Dereck Lively II')",0.2166666666666666,4,1,1,0,0,0,0,0,0,0,1,0.44,0.44,0.0,0.0,0.0,0.0,0.0,0.0,0.0,0.0,0.88,4
22500052,DAL,NOP,80.0,77.4,"('Brandon Williams', 'Cooper Flagg', 'Klay Thompson')",0.2166666666666666,4,1,1,0,0,0,0,0,0,0,1,0.44,0.44,0.0,0.0,0.0,0.0,0.0,0.0,0.0,0.0,0.88,4
22500052,DAL,NOP,80.0,77.4,"('Brandon Williams', 'Cooper Flagg', 'P.J. Washington')",0.2166666666666666,4,1,1,0,0,0,0,0,0,0,1,0.44,0.44,0.0,0.0,0.0,0.0,0.0,0.0,0.0,0.0,0.88,4
22500052,DAL,NOP,80.0,77.4,"('Brandon Williams', 'Dereck Lively II', 'Klay Thompson')",0.2166666666666666,4,1,1,0,0,0,0,0,0,0,1,0.44,0.44,0.0,0.0,0.0,0.0,0.0,0.0,0.0,0.0,0.88,4
22500052,DAL,NOP,80.0,77.4,"('Brandon Williams', 'Dereck Lively II', 'P.J. Washington')",0.2166666666666666,4,1,1,0,0,0,0,0,0,0,1,0.44,0.44,0.0,0.0,0.0,0.0,0.0,0.0,0.0,0.0,0.88,4
22500052,DAL,NOP,80.0,77.4,"('Brandon Williams', 'Klay Thompson', 'P.J. Washington')",0.2166666666666666,4,1,1,0,0,0,0,0,0,0,1,0.44,0.44,0.0,0.0,0.0,0.0,0.0,0.0,0.0,0.0,0.88,4
22500052,DAL,NOP,80.0,77.4,"('Cooper Flagg', 'Dereck Lively II', 'Klay Thompson')",0.2166666666666666,4,1,1,0,0,0,0,0,0,0,1,0.44,0.44,0.0,0.0,0.0,0.0,0.0,0.0,0.0,0.0,0.88,4
22500052,DAL,NOP,80.0,77.4,"('Cooper Flagg', 'Dereck Lively II', 'P.J. Washington')",0.2166666666666666,4,1,1,0,0,0,0,0,0,0,1,0.44,0.44,0.0,0.0,0.0,0.0,0.0,0.0,0.0,0.0,0.88,4
22500052,DAL,NOP,80.0,77.4,"('Cooper Flagg', 'Klay Thompson', 'P.J. Washington')",0.2166666666666666,4,1,1,0,0,0,0,0,0,0,1,0.44,0.44,0.0,0.0,0.0,0.0,0.0,0.0,0.0,0.0,0.88,4
22500052,DAL,NOP,80.0,77.4,"('Dereck Lively II', 'Klay Thompson', 'P.J. Washington')",0.2166666666666666,4,1,1,0,0,0,0,0,0,0,1,0.44,0.44,0.0,0.0,0.0,0.0,0.0,0.0,0.0,0.0,0.88,4
22500052,DAL,NOP,78.2,77.8,"('Daniel Gafford', 'Jaden Hardy', 'Klay Thompson')",3.6,3,7,7,4,4,2,1,1,0,2,4,8.32,8.32,0.0,0.0,0.0,4.0,2.0,0.0,0.0,4.0,16.64,4
22500052,DAL,NOP,78.2,77.8,"('Daniel Gafford', 'Jaden Hardy', 'Naji Marshall')",3.6,3,7,7,4,4,2,1,1,0,2,4,8.32,8.32,0.0,0.0,0.0,4.0,2.0,0.0,0.0,4.0,16.64,4
22500052,DAL,NOP,78.2,77.8,"('Daniel Gafford', 'Jaden Hardy', 'P.J. Washington')",3.6,3,7,7,4,4,2,1,1,0,2,4,8.32,8.32,0.0,0.0,0.0,4.0,2.0,0.0,0.0,4.0,16.64,4
22500052,DAL,NOP,78.2,77.8,"('Daniel Gafford', 'Klay Thompson', 'Naji Marshall')",3.6,3,7,7,4,4,2,1,1,0,2,4,8.32,8.32,0.0,0.0,0.0,4.0,2.0,0.0,0.0,4.0,16.64,4
22500052,DAL,NOP,78.2,77.8,"('Daniel Gafford', 'Klay Thompson', 'P.J. Washington')",3.6,3,7,7,4,4,2,1,1,0,2,4,8.32,8.32,0.0,0.0,0.0,4.0,2.0,0.0,0.0,4.0,16.64,4
22500052,DAL,NOP,78.2,77.8,"('Daniel Gafford', 'Naji Marshall', 'P.J. Washington')",3.6,3,7,7,4,4,2,1,1,0,2,4,8.32,8.32,0.0,0.0,0.0,4.0,2.0,0.0,0.0,4.0,16.64,4
22500052,DAL,NOP,78.2,77.8,"('Jaden Hardy', 'Klay Thompson', 'Naji Marshall')",3.6,3,7,7,4,4,2,1,1,0,2,4,8.32,8.32,0.0,0.0,0.0,4.0,2.0,0.0,0.0,4.0,16.64,4
22500052,DAL,NOP,78.2,77.8,"('Jaden Hardy', 'Klay Thompson', 'P.J. Washington')",3.6,3,7,7,4,4,2,1,1,0,2,4,8.32,8.32,0.0,0.0,0.0,4.0,2.0,0.0,0.0,4.0,16.64,4
22500052,DAL,NOP,78.2,77.8,"('Jaden Hardy', 'Naji Marshall', 'P.J. Washington')",3.6,3,7,7,4,4,2,1,1,0,2,4,8.32,8.32,0.0,0.0,0.0,4.0,2.0,0.0,0.0,4.0,16.64,4
22500052,DAL,NOP,78.2,77.8,"('Klay Thompson', 'Naji Marshall', 'P.J. Washington')",3.6,3,7,7,4,4,2,1,1,0,2,4,8.32,8.32,0.0,0.0,0.0,4.0,2.0,0.0,0.0,4.0,16.64,4
22500052,DAL,NOP,80.0,78.6,"('Cooper Flagg', 'Dereck Lively II', 'Max Christie')",4.0183333333333335,4,15,12,3,1,2,1,2,1,3,4,9.64,11.76,2.0,0.0,0.0,4.0,2.0,0.0,4.0,8.0,21.4,4
22500052,DAL,NOP,80.0,78.6,"('Cooper Flagg', 'Dereck Lively II', 'Naji Marshall')",4.0183333333333335,4,15,12,3,1,2,1,2,1,3,4,9.64,11.76,2.0,0.0,0.0,4.0,2.0,0.0,4.0,8.0,21.4,4
22500052,DAL,NOP,80.0,78.6,"('Cooper Flagg', 'Dereck Lively II', 'P.J. Washington')",4.0183333333333335,4,15,12,3,1,2,1,2,1,3,4,9.64,11.76,2.0,0.0,0.0,4.0,2.0,0.0,4.0,8.0,21.4,4
22500052,DAL,NOP,80.0,78.6,"('Cooper Flagg', 'Max Christie', 'Naji Marshall')",4.0183333333333335,4,15,12,3,1,2,1,2,1,3,4,9.64,11.76,2.0,0.0,0.0,4.0,2.0,0.0,4.0,8.0,21.4,4
22500052,DAL,NOP,80.0,78.6,"('Cooper Flagg', 'Max Christie', 'P.J. Washington')",4.0183333333333335,4,15,12,3,1,2,1,2,1,3,4,9.64,11.76,2.0,0.0,0.0,4.0,2.0,0.0,4.0,8.0,21.4,4
22500052,DAL,NOP,80.0,78.6,"('Cooper Flagg', 'Naji Marshall', 'P.J. Washington')",4.0183333333333335,4,15,12,3,1,2,1,2,1,3,4,9.64,11.76,2.0,0.0,0.0,4.0,2.0,0.0,4.0,8.0,21.4,4
22500052,DAL,NOP,80.0,78.6,"('Dereck Lively II', 'Max Christie', 'Naji Marshall')",4.0183333333333335,4,15,12,3,1,2,1,2,1,3,4,9.64,11.76,2.0,0.0,0.0,4.0,2.0,0.0,4.0,8.0,21.4,4
22500052,DAL,NOP,80.0,78.6,"('Dereck Lively II', 'Max Christie', 'P.J. Washington')",4.0183333333333335,4,15,12,3,1,2,1,2,1,3,4,9.64,11.76,2.0,0.0,0.0,4.0,2.0,0.0,4.0,8.0,21.4,4
22500052,DAL,NOP,80.0,78.6,"('Dereck Lively II', 'Naji Marshall', 'P.J. Washington')",4.0183333333333335,4,15,12,3,1,2,1,2,1,3,4,9.64,11.76,2.0,0.0,0.0,4.0,2.0,0.0,4.0,8.0,21.4,4
22500052,DAL,NOP,80.0,78.6,"('Max Christie', 'Naji Marshall', 'P.J. Washington')",4.0183333333333335,4,15,12,3,1,2,1,2,1,3,4,9.64,11.76,2.0,0.0,0.0,4.0,2.0,0.0,4.0,8.0,21.4,4
22500052,DAL,NOP,79.4,78.6,"('Cooper Flagg', 'Daniel Gafford', 'Max Christie')",1.0666666666666669,4,2,2,1,1,1,0,1,0,0,0,3.0,3.0,0.0,0.0,0.0,2.0,0.0,0.0,0.0,2.0,6.0,4
22500052,DAL,NOP,79.4,78.6,"('Cooper Flagg', 'Daniel Gafford', 'Naji Marshall')",1.0666666666666669,4,2,2,1,1,1,0,1,0,0,0,3.0,3.0,0.0,0.0,0.0,2.0,0.0,0.0,0.0,2.0,6.0,4
22500052,DAL,NOP,79.4,78.6,"('Cooper Flagg', 'Daniel Gafford', 'P.J. Washington')",1.0666666666666669,4,2,2,1,1,1,0,1,0,0,0,3.0,3.0,0.0,0.0,0.0,2.0,0.0,0.0,0.0,2.0,6.0,4
22500052,DAL,NOP,79.4,78.6,"('Cooper Flagg', 'Max Christie', 'Naji Marshall')",1.0666666666666669,4,2,2,1,1,1,0,1,0,0,0,3.0,3.0,0.0,0.0,0.0,2.0,0.0,0.0,0.0,2.0,6.0,4
22500052,DAL,NOP,79.4,78.6,"('Cooper Flagg', 'Max Christie', 'P.J. Washington')",1.0666666666666669,4,2,2,1,1,1,0,1,0,0,0,3.0,3.0,0.0,0.0,0.0,2.0,0.0,0.0,0.0,2.0,6.0,4
22500052,DAL,NOP,79.4,78.6,"('Cooper Flagg', 'Naji Marshall', 'P.J. Washington')",1.0666666666666669,4,2,2,1,1,1,0,1,0,0,0,3.0,3.0,0.0,0.0,0.0,2.0,0.0,0.0,0.0,2.0,6.0,4
22500052,DAL,NOP,79.4,78.6,"('Daniel Gafford', 'Max Christie', 'Naji Marshall')",1.0666666666666669,4,2,2,1,1,1,0,1,0,0,0,3.0,3.0,0.0,0.0,0.0,2.0,0.0,0.0,0.0,2.0,6.0,4
22500052,DAL,NOP,79.4,78.6,"('Daniel Gafford', 'Max Christie', 'P.J. Washington')",1.0666666666666669,4,2,2,1,1,1,0,1,0,0,0,3.0,3.0,0.0,0.0,0.0,2.0,0.0,0.0,0.0,2.0,6.0,4
22500052,DAL,NOP,79.4,78.6,"('Daniel Gafford', 'Naji Marshall', 'P.J. Washington')",1.0666666666666669,4,2,2,1,1,1,0,1,0,0,0,3.0,3.0,0.0,0.0,0.0,2.0,0.0,0.0,0.0,2.0,6.0,4
22500052,DAL,NOP,79.4,78.6,"('Max Christie', 'Naji Marshall', 'P.J. Washington')",1.0666666666666669,4,2,2,1,1,1,0,1,0,0,0,3.0,3.0,0.0,0.0,0.0,2.0,0.0,0.0,0.0,2.0,6.0,4
22500052,DAL,NOP,80.0,78.4,"('Brandon Williams', 'Cooper Flagg', 'Dereck Lively II')",5.749999999999997,3,21,11,6,3,5,1,2,2,2,2,13.32,13.32,3.0,2.0,2.0,6.0,2.0,2.0,0.0,8.0,26.64,4
22500052,DAL,NOP,80.0,78.4,"('Brandon Williams', 'Cooper Flagg', 'Max Christie')",5.749999999999997,3,21,11,6,3,5,1,2,2,2,2,13.32,13.32,3.0,2.0,2.0,6.0,2.0,2.0,0.0,8.0,26.64,4
22500052,DAL,NOP,80.0,78.4,"('Brandon Williams', 'Cooper Flagg', 'P.J. Washington')",5.749999999999997,3,21,11,6,3,5,1,2,2,2,2,13.32,13.32,3.0,2.0,2.0,6.0,2.0,2.0,0.0,8.0,26.64,4
22500052,DAL,NOP,80.0,78.4,"('Brandon Williams', 'Dereck Lively II', 'Max Christie')",5.749999999999997,3,21,11,6,3,5,1,2,2,2,2,13.32,13.32,3.0,2.0,2.0,6.0,2.0,2.0,0.0,8.0,26.64,4
22500052,DAL,NOP,80.0,78.4,"('Brandon Williams', 'Dereck Lively II', 'P.J. Washington')",5.749999999999997,3,21,11,6,3,5,1,2,2,2,2,13.32,13.32,3.0,2.0,2.0,6.0,2.0,2.0,0.0,8.0,26.64,4
22500052,DAL,NOP,80.0,78.4,"('Brandon Williams', 'Max Christie', 'P.J. Washington')",5.749999999999997,3,21,11,6,3,5,1,2,2,2,2,13.32,13.32,3.0,2.0,2.0,6.0,2.0,2.0,0.0,8.0,26.64,4
22500052,DAL,NOP,80.0,78.4,"('Cooper Flagg', 'Dereck Lively II', 'Max Christie')",5.749999999999997,3,21,11,6,3,5,1,2,2,2,2,13.32,13.32,3.0,2.0,2.0,6.0,2.0,2.0,0.0,8.0,26.64,4
22500052,DAL,NOP,80.0,78.4,"('Cooper Flagg', 'Dereck Lively II', 'P.J. Washington')",5.749999999999997,3,21,11,6,3,5,1,2,2,2,2,13.32,13.32,3.0,2.0,2.0,6.0,2.0,2.0,0.0,8.0,26.64,4
22500052,DAL,NOP,80.0,78.4,"('Cooper Flagg', 'Max Christie', 'P.J. Washington')",5.749999999999997,3,21,11,6,3,5,1,2,2,2,2,13.32,13.32,3.0,2.0,2.0,6.0,2.0,2.0,0.0,8.0,26.64,4
22500052,DAL,NOP,80.0,78.4,"('Dereck Lively II', 'Max Christie', 'P.J. Washington')",5.749999999999997,3,21,11,6,3,5,1,2,2,2,2,13.32,13.32,3.0,2.0,2.0,6.0,2.0,2.0,0.0,8.0,26.64,4
22500052,DAL,NOP,79.4,78.6,"('Brandon Williams', 'Cooper Flagg', 'Daniel Gafford')",4.966666666666668,1,12,18,3,2,2,5,2,2,1,1,10.0,12.0,0.0,0.0,2.0,6.0,2.0,2.0,0.0,4.0,22.0,4
22500052,DAL,NOP,79.4,78.6,"('Brandon Williams', 'Cooper Flagg', 'Max Christie')",4.966666666666668,1,12,18,3,2,2,5,2,2,1,1,10.0,12.0,0.0,0.0,2.0,6.0,2.0,2.0,0.0,4.0,22.0,4
22500052,DAL,NOP,79.4,78.6,"('Brandon Williams', 'Cooper Flagg', 'P.J. Washington')",4.966666666666668,1,12,18,3,2,2,5,2,2,1,1,10.0,12.0,0.0,0.0,2.0,6.0,2.0,2.0,0.0,4.0,22.0,4
22500052,DAL,NOP,79.4,78.6,"('Brandon Williams', 'Daniel Gafford', 'Max Christie')",4.966666666666668,1,12,18,3,2,2,5,2,2,1,1,10.0,12.0,0.0,0.0,2.0,6.0,2.0,2.0,0.0,4.0,22.0,4
22500052,DAL,NOP,79.4,78.6,"('Brandon Williams', 'Daniel Gafford', 'P.J. Washington')",4.966666666666668,1,12,18,3,2,2,5,2,2,1,1,10.0,12.0,0.0,0.0,2.0,6.0,2.0,2.0,0.0,4.0,22.0,4
22500052,DAL,NOP,79.4,78.6,"('Brandon Williams', 'Max Christie', 'P.J. Washington')",4.966666666666668,1,12,18,3,2,2,5,2,2,1,1,10.0,12.0,0.0,0.0,2.0,6.0,2.0,2.0,0.0,4.0,22.0,4
22500052,DAL,NOP,79.4,78.6,"('Cooper Flagg', 'Daniel Gafford', 'Max Christie')",4.966666666666668,1,12,18,3,2,2,5,2,2,1,1,10.0,12.0,0.0,0.0,2.0,6.0,2.0,2.0,0.0,4.0,22.0,4
22500052,DAL,NOP,79.4,78.6,"('Cooper Flagg', 'Daniel Gafford', 'P.J. Washington')",4.966666666666668,1,12,18,3,2,2,5,2,2,1,1,10.0,12.0,0.0,0.0,2.0,6.0,2.0,2.0,0.0,4.0,22.0,4
22500052,DAL,NOP,79.4,78.6,"('Cooper Flagg', 'Max Christie', 'P.J. Washington')",4.966666666666668,1,12,18,3,2,2,5,2,2,1,1,10.0,12.0,0.0,0.0,2.0,6.0,2.0,2.0,0.0,4.0,22.0,4
22500052,DAL,NOP,79.4,78.6,"('Daniel Gafford', 'Max Christie', 'P.J. Washington')",4.966666666666668,1,12,18,3,2,2,5,2,2,1,1,10.0,12.0,0.0,0.0,2.0,6.0,2.0,2.0,0.0,4.0,22.0,4
22500052,DAL,NOP,78.2,77.8,"('Daniel Gafford', 'Jaden Hardy', 'Klay Thompson')",2.325,1,0,4,3,4,0,2,3,0,0,0,6.0,6.0,0.0,0.0,0.0,0.0,2.0,0.0,2.0,2.0,12.0,4
22500052,DAL,NOP,78.2,77.8,"('Daniel Gafford', 'Jaden Hardy', 'Naji Marshall')",2.325,1,0,4,3,4,0,2,3,0,0,0,6.0,6.0,0.0,0.0,0.0,0.0,2.0,0.0,2.0,2.0,12.0,4
22500052,DAL,NOP,78.2,77.8,"('Daniel Gafford', 'Jaden Hardy', 'P.J. Washington')",2.325,1,0,4,3,4,0,2,3,0,0,0,6.0,6.0,0.0,0.0,0.0,0.0,2.0,0.0,2.0,2.0,12.0,4
22500052,DAL,NOP,78.2,77.8,"('Daniel Gafford', 'Klay Thompson', 'Naji Marshall')",2.325,1,0,4,3,4,0,2,3,0,0,0,6.0,6.0,0.0,0.0,0.0,0.0,2.0,0.0,2.0,2.0,12.0,4
22500052,DAL,NOP,78.2,77.8,"('Daniel Gafford', 'Klay Thompson', 'P.J. Washington')",2.325,1,0,4,3,4,0,2,3,0,0,0,6.0,6.0,0.0,0.0,0.0,0.0,2.0,0.0,2.0,2.0,12.0,4
22500052,DAL,NOP,78.2,77.8,"('Daniel Gafford', 'Naji Marshall', 'P.J. Washington')",2.325,1,0,4,3,4,0,2,3,0,0,0,6.0,6.0,0.0,0.0,0.0,0.0,2.0,0.0,2.0,2.0,12.0,4
22500052,DAL,NOP,78.2,77.8,"('Jaden Hardy', 'Klay Thompson', 'Naji Marshall')",2.325,1,0,4,3,4,0,2,3,0,0,0,6.0,6.0,0.0,0.0,0.0,0.0,2.0,0.0,2.0,2.0,12.0,4
22500052,DAL,NOP,78.2,77.8,"('Jaden Hardy', 'Klay Thompson', 'P.J. Washington')",2.325,1,0,4,3,4,0,2,3,0,0,0,6.0,6.0,0.0,0.0,0.0,0.0,2.0,0.0,2.0,2.0,12.0,4
22500052,DAL,NOP,78.2,77.8,"('Jaden Hardy', 'Naji Marshall', 'P.J. Washington')",2.325,1,0,4,3,4,0,2,3,0,0,0,6.0,6.0,0.0,0.0,0.0,0.0,2.0,0.0,2.0,2.0,12.0,4
22500052,DAL,NOP,78.2,77.8,"('Klay Thompson', 'Naji Marshall', 'P.J. Washington')",2.325,1,0,4,3,4,0,2,3,0,0,0,6.0,6.0,0.0,0.0,0.0,0.0,2.0,0.0,2.0,2.0,12.0,4
22500052,DAL,NOP,79.2,78.4,"('Brandon Williams', 'Cooper Flagg', 'Daniel Gafford')",2.1833333333333336,3,8,3,4,1,3,1,1,0,1,1,5.44,4.44,0.0,0.0,0.0,4.0,0.0,2.0,0.0,2.0,9.88,4
22500052,DAL,NOP,79.2,78.4,"('Brandon Williams', 'Cooper Flagg', 'Max Christie')",2.1833333333333336,3,8,3,4,1,3,1,1,0,1,1,5.44,4.44,0.0,0.0,0.0,4.0,0.0,2.0,0.0,2.0,9.88,4
22500052,DAL,NOP,79.2,78.4,"('Brandon Williams', 'Cooper Flagg', 'Naji Marshall')",2.1833333333333336,3,8,3,4,1,3,1,1,0,1,1,5.44,4.44,0.0,0.0,0.0,4.0,0.0,2.0,0.0,2.0,9.88,4
22500052,DAL,NOP,79.2,78.4,"('Brandon Williams', 'Daniel Gafford', 'Max Christie')",2.1833333333333336,3,8,3,4,1,3,1,1,0,1,1,5.44,4.44,0.0,0.0,0.0,4.0,0.0,2.0,0.0,2.0,9.88,4
22500052,DAL,NOP,79.2,78.4,"('Brandon Williams', 'Daniel Gafford', 'Naji Marshall')",2.1833333333333336,3,8,3,4,1,3,1,1,0,1,1,5.44,4.44,0.0,0.0,0.0,4.0,0.0,2.0,0.0,2.0,9.88,4
22500052,DAL,NOP,79.2,78.4,"('Brandon Williams', 'Max Christie', 'Naji Marshall')",2.1833333333333336,3,8,3,4,1,3,1,1,0,1,1,5.44,4.44,0.0,0.0,0.0,4.0,0.0,2.0,0.0,2.0,9.88,4
22500052,DAL,NOP,79.2,78.4,"('Cooper Flagg', 'Daniel Gafford', 'Max Christie')",2.1833333333333336,3,8,3,4,1,3,1,1,0,1,1,5.44,4.44,0.0,0.0,0.0,4.0,0.0,2.0,0.0,2.0,9.88,4
22500052,DAL,NOP,79.2,78.4,"('Cooper Flagg', 'Daniel Gafford', 'Naji Marshall')",2.1833333333333336,3,8,3,4,1,3,1,1,0,1,1,5.44,4.44,0.0,0.0,0.0,4.0,0.0,2.0,0.0,2.0,9.88,4
22500052,DAL,NOP,79.2,78.4,"('Cooper Flagg', 'Max Christie', 'Naji Marshall')",2.1833333333333336,3,8,3,4,1,3,1,1,0,1,1,5.44,4.44,0.0,0.0,0.0,4.0,0.0,2.0,0.0,2.0,9.88,4
22500052,DAL,NOP,79.2,78.4,"('Daniel Gafford', 'Max Christie', 'Naji Marshall')",2.1833333333333336,3,8,3,4,1,3,1,1,0,1,1,5.44,4.44,0.0,0.0,0.0,4.0,0.0,2.0,0.0,2.0,9.88,4
22500052,DAL,NOP,79.2,78.8,"('Cooper Flagg', 'Dereck Lively II', 'Jaden Hardy')",1.2500000000000002,2,5,3,1,1,1,0,0,0,1,1,2.44,3.44,0.0,0.0,0.0,2.0,0.0,0.0,0.0,2.0,5.88,4
22500052,DAL,NOP,79.2,78.8,"('Cooper Flagg', 'Dereck Lively II', 'Max Christie')",1.2500000000000002,2,5,3,1,1,1,0,0,0,1,1,2.44,3.44,0.0,0.0,0.0,2.0,0.0,0.0,0.0,2.0,5.88,4
22500052,DAL,NOP,79.2,78.8,"('Cooper Flagg', 'Dereck Lively II', 'Naji Marshall')",1.2500000000000002,2,5,3,1,1,1,0,0,0,1,1,2.44,3.44,0.0,0.0,0.0,2.0,0.0,0.0,0.0,2.0,5.88,4
22500052,DAL,NOP,79.2,78.8,"('Cooper Flagg', 'Jaden Hardy', 'Max Christie')",1.2500000000000002,2,5,3,1,1,1,0,0,0,1,1,2.44,3.44,0.0,0.0,0.0,2.0,0.0,0.0,0.0,2.0,5.88,4
22500052,DAL,NOP,79.2,78.8,"('Cooper Flagg', 'Jaden Hardy', 'Naji Marshall')",1.2500000000000002,2,5,3,1,1,1,0,0,0,1,1,2.44,3.44,0.0,0.0,0.0,2.0,0.0,0.0,0.0,2.0,5.88,4
22500052,DAL,NOP,79.2,78.8,"('Cooper Flagg', 'Max Christie', 'Naji Marshall')",1.2500000000000002,2,5,3,1,1,1,0,0,0,1,1,2.44,3.44,0.0,0.0,0.0,2.0,0.0,0.0,0.0,2.0,5.88,4
22500052,DAL,NOP,79.2,78.8,"('Dereck Lively II', 'Jaden Hardy', 'Max Christie')",1.2500000000000002,2,5,3,1,1,1,0,0,0,1,1,2.44,3.44,0.0,0.0,0.0,2.0,0.0,0.0,0.0,2.0,5.88,4
22500052,DAL,NOP,79.2,78.8,"('Dereck Lively II', 'Jaden Hardy', 'Naji Marshall')",1.2500000000000002,2,5,3,1,1,1,0,0,0,1,1,2.44,3.44,0.0,0.0,0.0,2.0,0.0,0.0,0.0,2.0,5.88,4
22500052,DAL,NOP,79.2,78.8,"('Dereck Lively II', 'Max Christie', 'Naji Marshall')",1.2500000000000002,2,5,3,1,1,1,0,0,0,1,1,2.44,3.44,0.0,0.0,0.0,2.0,0.0,0.0,0.0,2.0,5.88,4
22500052,DAL,NOP,79.2,78.8,"('Jaden Hardy', 'Max Christie', 'Naji Marshall')",1.2500000000000002,2,5,3,1,1,1,0,0,0,1,1,2.44,3.44,0.0,0.0,0.0,2.0,0.0,0.0,0.0,2.0,5.88,4
22500052,DAL,NOP,78.6,76.4,"('Caleb Martin', 'Daniel Gafford', 'Klay Thompson')",0.1949999999999999,3,0,1,0,1,0,0,0,0,1,0,1.0,1.44,0.0,0.0,0.0,0.0,0.0,0.0,0.0,0.0,2.44,4
22500052,DAL,NOP,78.6,76.4,"('Caleb Martin', 'Daniel Gafford', 'Naji Marshall')",0.1949999999999999,3,0,1,0,1,0,0,0,0,1,0,1.0,1.44,0.0,0.0,0.0,0.0,0.0,0.0,0.0,0.0,2.44,4
22500052,DAL,NOP,78.6,76.4,"('Caleb Martin', 'Daniel Gafford', 'P.J. Washington')",0.1949999999999999,3,0,1,0,1,0,0,0,0,1,0,1.0,1.44,0.0,0.0,0.0,0.0,0.0,0.0,0.0,0.0,2.44,4
22500052,DAL,NOP,78.6,76.4,"('Caleb Martin', 'Klay Thompson', 'Naji Marshall')",0.1949999999999999,3,0,1,0,1,0,0,0,0,1,0,1.0,1.44,0.0,0.0,0.0,0.0,0.0,0.0,0.0,0.0,2.44,4
22500052,DAL,NOP,78.6,76.4,"('Caleb Martin', 'Klay Thompson', 'P.J. Washington')",0.1949999999999999,3,0,1,0,1,0,0,0,0,1,0,1.0,1.44,0.0,0.0,0.0,0.0,0.0,0.0,0.0,0.0,2.44,4
22500052,DAL,NOP,78.6,76.4,"('Caleb Martin', 'Naji Marshall', 'P.J. Washington')",0.1949999999999999,3,0,1,0,1,0,0,0,0,1,0,1.0,1.44,0.0,0.0,0.0,0.0,0.0,0.0,0.0,0.0,2.44,4
22500052,DAL,NOP,78.6,76.4,"('Daniel Gafford', 'Klay Thompson', 'Naji Marshall')",0.1949999999999999,3,0,1,0,1,0,0,0,0,1,0,1.0,1.44,0.0,0.0,0.0,0.0,0.0,0.0,0.0,0.0,2.44,4
22500052,DAL,NOP,78.6,76.4,"('Daniel Gafford', 'Klay Thompson', 'P.J. Washington')",0.1949999999999999,3,0,1,0,1,0,0,0,0,1,0,1.0,1.44,0.0,0.0,0.0,0.0,0.0,0.0,0.0,0.0,2.44,4
22500052,DAL,NOP,78.6,76.4,"('Daniel Gafford', 'Naji Marshall', 'P.J. Washington')",0.1949999999999999,3,0,1,0,1,0,0,0,0,1,0,1.0,1.44,0.0,0.0,0.0,0.0,0.0,0.0,0.0,0.0,2.44,4
22500052,DAL,NOP,78.6,76.4,"('Klay Thompson', 'Naji Marshall', 'P.J. Washington')",0.1949999999999999,3,0,1,0,1,0,0,0,0,1,0,1.0,1.44,0.0,0.0,0.0,0.0,0.0,0.0,0.0,0.0,2.44,4
22500052,DAL,NOP,78.6,78.8,"('Cooper Flagg', 'Daniel Gafford', 'Jaden Hardy')",2.0500000000000003,2,3,2,2,3,1,0,1,1,0,0,5.0,4.0,0.0,3.0,0.0,0.0,0.0,0.0,0.0,2.0,9.0,4
22500052,DAL,NOP,78.6,78.8,"('Cooper Flagg', 'Daniel Gafford', 'Max Christie')",2.0500000000000003,2,3,2,2,3,1,0,1,1,0,0,5.0,4.0,0.0,3.0,0.0,0.0,0.0,0.0,0.0,2.0,9.0,4
22500052,DAL,NOP,78.6,78.8,"('Cooper Flagg', 'Daniel Gafford', 'Naji Marshall')",2.0500000000000003,2,3,2,2,3,1,0,1,1,0,0,5.0,4.0,0.0,3.0,0.0,0.0,0.0,0.0,0.0,2.0,9.0,4
22500052,DAL,NOP,78.6,78.8,"('Cooper Flagg', 'Jaden Hardy', 'Max Christie')",2.0500000000000003,2,3,2,2,3,1,0,1,1,0,0,5.0,4.0,0.0,3.0,0.0,0.0,0.0,0.0,0.0,2.0,9.0,4
22500052,DAL,NOP,78.6,78.8,"('Cooper Flagg', 'Jaden Hardy', 'Naji Marshall')",2.0500000000000003,2,3,2,2,3,1,0,1,1,0,0,5.0,4.0,0.0,3.0,0.0,0.0,0.0,0.0,0.0,2.0,9.0,4
22500052,DAL,NOP,78.6,78.8,"('Cooper Flagg', 'Max Christie', 'Naji Marshall')",2.0500000000000003,2,3,2,2,3,1,0,1,1,0,0,5.0,4.0,0.0,3.0,0.0,0.0,0.0,0.0,0.0,2.0,9.0,4
22500052,DAL,NOP,78.6,78.8,"('Daniel Gafford', 'Jaden Hardy', 'Max Christie')",2.0500000000000003,2,3,2,2,3,1,0,1,1,0,0,5.0,4.0,0.0,3.0,0.0,0.0,0.0,0.0,0.0,2.0,9.0,4
22500052,DAL,NOP,78.6,78.8,"('Daniel Gafford', 'Jaden Hardy', 'Naji Marshall')",2.0500000000000003,2,3,2,2,3,1,0,1,1,0,0,5.0,4.0,0.0,3.0,0.0,0.0,0.0,0.0,0.0,2.0,9.0,4
22500052,DAL,NOP,78.6,78.8,"('Daniel Gafford', 'Max Christie', 'Naji Marshall')",2.0500000000000003,2,3,2,2,3,1,0,1,1,0,0,5.0,4.0,0.0,3.0,0.0,0.0,0.0,0.0,0.0,2.0,9.0,4
22500052,DAL,NOP,78.6,78.8,"('Jaden Hardy', 'Max Christie', 'Naji Marshall')",2.0500000000000003,2,3,2,2,3,1,0,1,1,0,0,5.0,4.0,0.0,3.0,0.0,0.0,0.0,0.0,0.0,2.0,9.0,4
22500096,DAL,WAS,79.4,79.0,"('Anthony Davis', 'Brandon Williams', 'Cooper Flagg')",3.2333333333333334,2,9,10,2,3,2,4,1,1,0,1,7.0,8.0,0.0,0.0,0.0,6.0,0.0,3.0,0.0,2.0,15.0,5
22500096,DAL,WAS,79.4,79.0,"('Anthony Davis', 'Brandon Williams', 'Max Christie')",3.2333333333333334,2,9,10,2,3,2,4,1,1,0,1,7.0,8.0,0.0,0.0,0.0,6.0,0.0,3.0,0.0,2.0,15.0,5
22500096,DAL,WAS,79.4,79.0,"('Anthony Davis', 'Brandon Williams', 'P.J. Washington')",3.2333333333333334,2,9,10,2,3,2,4,1,1,0,1,7.0,8.0,0.0,0.0,0.0,6.0,0.0,3.0,0.0,2.0,15.0,5
22500096,DAL,WAS,79.4,79.0,"('Anthony Davis', 'Cooper Flagg', 'Max Christie')",3.2333333333333334,2,9,10,2,3,2,4,1,1,0,1,7.0,8.0,0.0,0.0,0.0,6.0,0.0,3.0,0.0,2.0,15.0,5
22500096,DAL,WAS,79.4,79.0,"('Anthony Davis', 'Cooper Flagg', 'P.J. Washington')",3.2333333333333334,2,9,10,2,3,2,4,1,1,0,1,7.0,8.0,0.0,0.0,0.0,6.0,0.0,3.0,0.0,2.0,15.0,5
22500096,DAL,WAS,79.4,79.0,"('Anthony Davis', 'Max Christie', 'P.J. Washington')",3.2333333333333334,2,9,10,2,3,2,4,1,1,0,1,7.0,8.0,0.0,0.0,0.0,6.0,0.0,3.0,0.0,2.0,15.0,5
22500096,DAL,WAS,79.4,79.0,"('Brandon Williams', 'Cooper Flagg', 'Max Christie')",3.2333333333333334,2,9,10,2,3,2,4,1,1,0,1,7.0,8.0,0.0,0.0,0.0,6.0,0.0,3.0,0.0,2.0,15.0,5
22500096,DAL,WAS,79.4,79.0,"('Brandon Williams', 'Cooper Flagg', 'P.J. Washington')",3.2333333333333334,2,9,10,2,3,2,4,1,1,0,1,7.0,8.0,0.0,0.0,0.0,6.0,0.0,3.0,0.0,2.0,15.0,5
22500096,DAL,WAS,79.4,79.0,"('Brandon Williams', 'Max Christie', 'P.J. Washington')",3.2333333333333334,2,9,10,2,3,2,4,1,1,0,1,7.0,8.0,0.0,0.0,0.0,6.0,0.0,3.0,0.0,2.0,15.0,5
22500096,DAL,WAS,79.4,79.0,"('Cooper Flagg', 'Max Christie', 'P.J. Washington')",3.2333333333333334,2,9,10,2,3,2,4,1,1,0,1,7.0,8.0,0.0,0.0,0.0,6.0,0.0,3.0,0.0,2.0,15.0,5
22500096,DAL,WAS,78.0,79.4,"('Anthony Davis', 'Cooper Flagg', 'Klay Thompson')",1.3333333333333333,2,1,4,2,3,0,1,0,0,0,1,3.44,4.0,0.0,0.0,0.0,0.0,2.0,2.0,0.0,4.0,7.439999999999999,5
22500096,DAL,WAS,78.0,79.4,"('Anthony Davis', 'Cooper Flagg', 'P.J. Washington')",1.3333333333333333,2,1,4,2,3,0,1,0,0,0,1,3.44,4.0,0.0,0.0,0.0,0.0,2.0,2.0,0.0,4.0,7.439999999999999,5
22500096,DAL,WAS,78.0,79.4,"('Anthony Davis', 'Cooper Flagg', 'Ryan Nembhard')",1.3333333333333333,2,1,4,2,3,0,1,0,0,0,1,3.44,4.0,0.0,0.0,0.0,0.0,2.0,2.0,0.0,4.0,7.439999999999999,5
22500096,DAL,WAS,78.0,79.4,"('Anthony Davis', 'Klay Thompson', 'P.J. Washington')",1.3333333333333333,2,1,4,2,3,0,1,0,0,0,1,3.44,4.0,0.0,0.0,0.0,0.0,2.0,2.0,0.0,4.0,7.439999999999999,5
22500096,DAL,WAS,78.0,79.4,"('Anthony Davis', 'Klay Thompson', 'Ryan Nembhard')",1.3333333333333333,2,1,4,2,3,0,1,0,0,0,1,3.44,4.0,0.0,0.0,0.0,0.0,2.0,2.0,0.0,4.0,7.439999999999999,5
22500096,DAL,WAS,78.0,79.4,"('Anthony Davis', 'P.J. Washington', 'Ryan Nembhard')",1.3333333333333333,2,1,4,2,3,0,1,0,0,0,1,3.44,4.0,0.0,0.0,0.0,0.0,2.0,2.0,0.0,4.0,7.439999999999999,5
22500096,DAL,WAS,78.0,79.4,"('Cooper Flagg', 'Klay Thompson', 'P.J. Washington')",1.3333333333333333,2,1,4,2,3,0,1,0,0,0,1,3.44,4.0,0.0,0.0,0.0,0.0,2.0,2.0,0.0,4.0,7.439999999999999,5
22500096,DAL,WAS,78.0,79.4,"('Cooper Flagg', 'Klay Thompson', 'Ryan Nembhard')",1.3333333333333333,2,1,4,2,3,0,1,0,0,0,1,3.44,4.0,0.0,0.0,0.0,0.0,2.0,2.0,0.0,4.0,7.439999999999999,5
22500096,DAL,WAS,78.0,79.4,"('Cooper Flagg', 'P.J. Washington', 'Ryan Nembhard')",1.3333333333333333,2,1,4,2,3,0,1,0,0,0,1,3.44,4.0,0.0,0.0,0.0,0.0,2.0,2.0,0.0,4.0,7.439999999999999,5
22500096,DAL,WAS,78.0,79.4,"('Klay Thompson', 'P.J. Washington', 'Ryan Nembhard')",1.3333333333333333,2,1,4,2,3,0,1,0,0,0,1,3.44,4.0,0.0,0.0,0.0,0.0,2.0,2.0,0.0,4.0,7.439999999999999,5
22500096,DAL,WAS,78.2,79.0,"('Anthony Davis', ""D'Angelo Russell"", 'Max Christie')",1.2333333333333334,2,2,0,3,2,1,0,0,0,0,1,3.0,3.0,2.0,0.0,0.0,2.0,0.0,0.0,0.0,0.0,6.0,5
22500096,DAL,WAS,78.2,79.0,"('Anthony Davis', ""D'Angelo Russell"", 'Naji Marshall')",1.2333333333333334,2,2,0,3,2,1,0,0,0,0,1,3.0,3.0,2.0,0.0,0.0,2.0,0.0,0.0,0.0,0.0,6.0,5
22500096,DAL,WAS,78.2,79.0,"('Anthony Davis', ""D'Angelo Russell"", 'P.J. Washington')",1.2333333333333334,2,2,0,3,2,1,0,0,0,0,1,3.0,3.0,2.0,0.0,0.0,2.0,0.0,0.0,0.0,0.0,6.0,5
22500096,DAL,WAS,78.2,79.0,"('Anthony Davis', 'Max Christie', 'Naji Marshall')",1.2333333333333334,2,2,0,3,2,1,0,0,0,0,1,3.0,3.0,2.0,0.0,0.0,2.0,0.0,0.0,0.0,0.0,6.0,5
22500096,DAL,WAS,78.2,79.0,"('Anthony Davis', 'Max Christie', 'P.J. Washington')",1.2333333333333334,2,2,0,3,2,1,0,0,0,0,1,3.0,3.0,2.0,0.0,0.0,2.0,0.0,0.0,0.0,0.0,6.0,5
22500096,DAL,WAS,78.2,79.0,"('Anthony Davis', 'Naji Marshall', 'P.J. Washington')",1.2333333333333334,2,2,0,3,2,1,0,0,0,0,1,3.0,3.0,2.0,0.0,0.0,2.0,0.0,0.0,0.0,0.0,6.0,5
22500096,DAL,WAS,78.2,79.0,"(""D'Angelo Russell"", 'Max Christie', 'Naji Marshall')",1.2333333333333334,2,2,0,3,2,1,0,0,0,0,1,3.0,3.0,2.0,0.0,0.0,2.0,0.0,0.0,0.0,0.0,6.0,5
22500096,DAL,WAS,78.2,79.0,"(""D'Angelo Russell"", 'Max Christie', 'P.J. Washington')",1.2333333333333334,2,2,0,3,2,1,0,0,0,0,1,3.0,3.0,2.0,0.0,0.0,2.0,0.0,0.0,0.0,0.0,6.0,5
22500096,DAL,WAS,78.2,79.0,"(""D'Angelo Russell"", 'Naji Marshall', 'P.J. Washington')",1.2333333333333334,2,2,0,3,2,1,0,0,0,0,1,3.0,3.0,2.0,0.0,0.0,2.0,0.0,0.0,0.0,0.0,6.0,5
22500096,DAL,WAS,78.2,79.0,"('Max Christie', 'Naji Marshall', 'P.J. Washington')",1.2333333333333334,2,2,0,3,2,1,0,0,0,0,1,3.0,3.0,2.0,0.0,0.0,2.0,0.0,0.0,0.0,0.0,6.0,5
22500096,DAL,WAS,79.2,79.0,"('Anthony Davis', 'Cooper Flagg', 'Klay Thompson')",0.895,2,0,0,1,2,0,0,1,1,0,1,2.0,2.0,0.0,0.0,0.0,0.0,0.0,0.0,0.0,0.0,4.0,5
22500096,DAL,WAS,79.2,79.0,"('Anthony Davis', 'Cooper Flagg', 'Max Christie')",0.895,2,0,0,1,2,0,0,1,1,0,1,2.0,2.0,0.0,0.0,0.0,0.0,0.0,0.0,0.0,0.0,4.0,5
22500096,DAL,WAS,79.2,79.0,"('Anthony Davis', 'Cooper Flagg', 'P.J. Washington')",0.895,2,0,0,1,2,0,0,1,1,0,1,2.0,2.0,0.0,0.0,0.0,0.0,0.0,0.0,0.0,0.0,4.0,5
22500096,DAL,WAS,79.2,79.0,"('Anthony Davis', 'Klay Thompson', 'Max Christie')",0.895,2,0,0,1,2,0,0,1,1,0,1,2.0,2.0,0.0,0.0,0.0,0.0,0.0,0.0,0.0,0.0,4.0,5
22500096,DAL,WAS,79.2,79.0,"('Anthony Davis', 'Klay Thompson', 'P.J. Washington')",0.895,2,0,0,1,2,0,0,1,1,0,1,2.0,2.0,0.0,0.0,0.0,0.0,0.0,0.0,0.0,0.0,4.0,5
22500096,DAL,WAS,79.2,79.0,"('Anthony Davis', 'Max Christie', 'P.J. Washington')",0.895,2,0,0,1,2,0,0,1,1,0,1,2.0,2.0,0.0,0.0,0.0,0.0,0.0,0.0,0.0,0.0,4.0,5
22500096,DAL,WAS,79.2,79.0,"('Cooper Flagg', 'Klay Thompson', 'Max Christie')",0.895,2,0,0,1,2,0,0,1,1,0,1,2.0,2.0,0.0,0.0,0.0,0.0,0.0,0.0,0.0,0.0,4.0,5
22500096,DAL,WAS,79.2,79.0,"('Cooper Flagg', 'Klay Thompson', 'P.J. Washington')",0.895,2,0,0,1,2,0,0,1,1,0,1,2.0,2.0,0.0,0.0,0.0,0.0,0.0,0.0,0.0,0.0,4.0,5
22500096,DAL,WAS,79.2,79.0,"('Cooper Flagg', 'Max Christie', 'P.J. Washington')",0.895,2,0,0,1,2,0,0,1,1,0,1,2.0,2.0,0.0,0.0,0.0,0.0,0.0,0.0,0.0,0.0,4.0,5
22500096,DAL,WAS,79.2,79.0,"('Klay Thompson', 'Max Christie', 'P.J. Washington')",0.895,2,0,0,1,2,0,0,1,1,0,1,2.0,2.0,0.0,0.0,0.0,0.0,0.0,0.0,0.0,0.0,4.0,5
22500096,DAL,WAS,78.0,79.0,"('Anthony Davis', ""D'Angelo Russell"", 'Klay Thompson')",1.5166666666666668,2,3,6,2,1,1,1,2,1,1,0,4.44,6.0,2.0,2.0,0.0,2.0,2.0,0.0,0.0,2.0,10.44,5
22500096,DAL,WAS,78.0,79.0,"('Anthony Davis', ""D'Angelo Russell"", 'Max Christie')",1.5166666666666668,2,3,6,2,1,1,1,2,1,1,0,4.44,6.0,2.0,2.0,0.0,2.0,2.0,0.0,0.0,2.0,10.44,5
22500096,DAL,WAS,78.0,79.0,"('Anthony Davis', ""D'Angelo Russell"", 'P.J. Washington')",1.5166666666666668,2,3,6,2,1,1,1,2,1,1,0,4.44,6.0,2.0,2.0,0.0,2.0,2.0,0.0,0.0,2.0,10.44,5
22500096,DAL,WAS,78.0,79.0,"('Anthony Davis', 'Klay Thompson', 'Max Christie')",1.5166666666666668,2,3,6,2,1,1,1,2,1,1,0,4.44,6.0,2.0,2.0,0.0,2.0,2.0,0.0,0.0,2.0,10.44,5
22500096,DAL,WAS,78.0,79.0,"('Anthony Davis', 'Klay Thompson', 'P.J. Washington')",1.5166666666666668,2,3,6,2,1,1,1,2,1,1,0,4.44,6.0,2.0,2.0,0.0,2.0,2.0,0.0,0.0,2.0,10.44,5
22500096,DAL,WAS,78.0,79.0,"('Anthony Davis', 'Max Christie', 'P.J. Washington')",1.5166666666666668,2,3,6,2,1,1,1,2,1,1,0,4.44,6.0,2.0,2.0,0.0,2.0,2.0,0.0,0.0,2.0,10.44,5
22500096,DAL,WAS,78.0,79.0,"(""D'Angelo Russell"", 'Klay Thompson', 'Max Christie')",1.5166666666666668,2,3,6,2,1,1,1,2,1,1,0,4.44,6.0,2.0,2.0,0.0,2.0,2.0,0.0,0.0,2.0,10.44,5
22500096,DAL,WAS,78.0,79.0,"(""D'Angelo Russell"", 'Klay Thompson', 'P.J. Washington')",1.5166666666666668,2,3,6,2,1,1,1,2,1,1,0,4.44,6.0,2.0,2.0,0.0,2.0,2.0,0.0,0.0,2.0,10.44,5
22500096,DAL,WAS,78.0,79.0,"(""D'Angelo Russell"", 'Max Christie', 'P.J. Washington')",1.5166666666666668,2,3,6,2,1,1,1,2,1,1,0,4.44,6.0,2.0,2.0,0.0,2.0,2.0,0.0,0.0,2.0,10.44,5
22500096,DAL,WAS,78.0,79.0,"('Klay Thompson', 'Max Christie', 'P.J. Washington')",1.5166666666666668,2,3,6,2,1,1,1,2,1,1,0,4.44,6.0,2.0,2.0,0.0,2.0,2.0,0.0,0.0,2.0,10.44,5
22500096,DAL,WAS,79.2,79.0,"('Cooper Flagg', ""D'Angelo Russell"", 'Dereck Lively II')",1.7266666666666668,1,6,9,1,2,1,2,0,0,0,1,3.88,3.44,0.0,0.0,0.0,4.0,0.0,0.0,3.0,2.0,7.32,5
22500096,DAL,WAS,79.2,79.0,"('Cooper Flagg', ""D'Angelo Russell"", 'Max Christie')",1.7266666666666668,1,6,9,1,2,1,2,0,0,0,1,3.88,3.44,0.0,0.0,0.0,4.0,0.0,0.0,3.0,2.0,7.32,5
22500096,DAL,WAS,79.2,79.0,"('Cooper Flagg', ""D'Angelo Russell"", 'Naji Marshall')",1.7266666666666668,1,6,9,1,2,1,2,0,0,0,1,3.88,3.44,0.0,0.0,0.0,4.0,0.0,0.0,3.0,2.0,7.32,5
22500096,DAL,WAS,79.2,79.0,"('Cooper Flagg', 'Dereck Lively II', 'Max Christie')",1.7266666666666668,1,6,9,1,2,1,2,0,0,0,1,3.88,3.44,0.0,0.0,0.0,4.0,0.0,0.0,3.0,2.0,7.32,5
22500096,DAL,WAS,79.2,79.0,"('Cooper Flagg', 'Dereck Lively II', 'Naji Marshall')",1.7266666666666668,1,6,9,1,2,1,2,0,0,0,1,3.88,3.44,0.0,0.0,0.0,4.0,0.0,0.0,3.0,2.0,7.32,5
22500096,DAL,WAS,79.2,79.0,"('Cooper Flagg', 'Max Christie', 'Naji Marshall')",1.7266666666666668,1,6,9,1,2,1,2,0,0,0,1,3.88,3.44,0.0,0.0,0.0,4.0,0.0,0.0,3.0,2.0,7.32,5
22500096,DAL,WAS,79.2,79.0,"(""D'Angelo Russell"", 'Dereck Lively II', 'Max Christie')",1.7266666666666668,1,6,9,1,2,1,2,0,0,0,1,3.88,3.44,0.0,0.0,0.0,4.0,0.0,0.0,3.0,2.0,7.32,5
22500096,DAL,WAS,79.2,79.0,"(""D'Angelo Russell"", 'Dereck Lively II', 'Naji Marshall')",1.7266666666666668,1,6,9,1,2,1,2,0,0,0,1,3.88,3.44,0.0,0.0,0.0,4.0,0.0,0.0,3.0,2.0,7.32,5
22500096,DAL,WAS,79.2,79.0,"(""D'Angelo Russell"", 'Max Christie', 'Naji Marshall')",1.7266666666666668,1,6,9,1,2,1,2,0,0,0,1,3.88,3.44,0.0,0.0,0.0,4.0,0.0,0.0,3.0,2.0,7.32,5
22500096,DAL,WAS,79.2,79.0,"('Dereck Lively II', 'Max Christie', 'Naji Marshall')",1.7266666666666668,1,6,9,1,2,1,2,0,0,0,1,3.88,3.44,0.0,0.0,0.0,4.0,0.0,0.0,3.0,2.0,7.32,5
22500096,DAL,WAS,79.2,78.8,"('Anthony Davis', 'Cooper Flagg', 'Klay Thompson')",1.1,1,3,2,0,1,1,1,0,1,0,1,2.0,3.0,3.0,3.0,0.0,0.0,0.0,0.0,0.0,2.0,5.0,5
22500096,DAL,WAS,79.2,78.8,"('Anthony Davis', 'Cooper Flagg', 'Max Christie')",1.1,1,3,2,0,1,1,1,0,1,0,1,2.0,3.0,3.0,3.0,0.0,0.0,0.0,0.0,0.0,2.0,5.0,5
22500096,DAL,WAS,79.2,78.8,"('Anthony Davis', 'Cooper Flagg', 'P.J. Washington')",1.1,1,3,2,0,1,1,1,0,1,0,1,2.0,3.0,3.0,3.0,0.0,0.0,0.0,0.0,0.0,2.0,5.0,5
22500096,DAL,WAS,79.2,78.8,"('Anthony Davis', 'Klay Thompson', 'Max Christie')",1.1,1,3,2,0,1,1,1,0,1,0,1,2.0,3.0,3.0,3.0,0.0,0.0,0.0,0.0,0.0,2.0,5.0,5
22500096,DAL,WAS,79.2,78.8,"('Anthony Davis', 'Klay Thompson', 'P.J. Washington')",1.1,1,3,2,0,1,1,1,0,1,0,1,2.0,3.0,3.0,3.0,0.0,0.0,0.0,0.0,0.0,2.0,5.0,5
22500096,DAL,WAS,79.2,78.8,"('Anthony Davis', 'Max Christie', 'P.J. Washington')",1.1,1,3,2,0,1,1,1,0,1,0,1,2.0,3.0,3.0,3.0,0.0,0.0,0.0,0.0,0.0,2.0,5.0,5
22500096,DAL,WAS,79.2,78.8,"('Cooper Flagg', 'Klay Thompson', 'Max Christie')",1.1,1,3,2,0,1,1,1,0,1,0,1,2.0,3.0,3.0,3.0,0.0,0.0,0.0,0.0,0.0,2.0,5.0,5
22500096,DAL,WAS,79.2,78.8,"('Cooper Flagg', 'Klay Thompson', 'P.J. Washington')",1.1,1,3,2,0,1,1,1,0,1,0,1,2.0,3.0,3.0,3.0,0.0,0.0,0.0,0.0,0.0,2.0,5.0,5
22500096,DAL,WAS,79.2,78.8,"('Cooper Flagg', 'Max Christie', 'P.J. Washington')",1.1,1,3,2,0,1,1,1,0,1,0,1,2.0,3.0,3.0,3.0,0.0,0.0,0.0,0.0,0.0,2.0,5.0,5
22500096,DAL,WAS,79.2,78.8,"('Klay Thompson', 'Max Christie', 'P.J. Washington')",1.1,1,3,2,0,1,1,1,0,1,0,1,2.0,3.0,3.0,3.0,0.0,0.0,0.0,0.0,0.0,2.0,5.0,5
22500096,DAL,WAS,78.4,79.0,"('Cooper Flagg', 'Dereck Lively II', 'Max Christie')",0.585,1,4,6,0,0,1,2,0,0,0,0,1.44,2.0,0.0,0.0,0.0,0.0,0.0,0.0,0.0,0.0,3.44,5
22500096,DAL,WAS,78.4,79.0,"('Cooper Flagg', 'Dereck Lively II', 'Naji Marshall')",0.585,1,4,6,0,0,1,2,0,0,0,0,1.44,2.0,0.0,0.0,0.0,0.0,0.0,0.0,0.0,0.0,3.44,5
22500096,DAL,WAS,78.4,79.0,"('Cooper Flagg', 'Dereck Lively II', 'Ryan Nembhard')",0.585,1,4,6,0,0,1,2,0,0,0,0,1.44,2.0,0.0,0.0,0.0,0.0,0.0,0.0,0.0,0.0,3.44,5
22500096,DAL,WAS,78.4,79.0,"('Cooper Flagg', 'Max Christie', 'Naji Marshall')",0.585,1,4,6,0,0,1,2,0,0,0,0,1.44,2.0,0.0,0.0,0.0,0.0,0.0,0.0,0.0,0.0,3.44,5
22500096,DAL,WAS,78.4,79.0,"('Cooper Flagg', 'Max Christie', 'Ryan Nembhard')",0.585,1,4,6,0,0,1,2,0,0,0,0,1.44,2.0,0.0,0.0,0.0,0.0,0.0,0.0,0.0,0.0,3.44,5
22500096,DAL,WAS,78.4,79.0,"('Cooper Flagg', 'Naji Marshall', 'Ryan Nembhard')",0.585,1,4,6,0,0,1,2,0,0,0,0,1.44,2.0,0.0,0.0,0.0,0.0,0.0,0.0,0.0,0.0,3.44,5
22500096,DAL,WAS,78.4,79.0,"('Dereck Lively II', 'Max Christie', 'Naji Marshall')",0.585,1,4,6,0,0,1,2,0,0,0,0,1.44,2.0,0.0,0.0,0.0,0.0,0.0,0.0,0.0,0.0,3.44,5
22500096,DAL,WAS,78.4,79.0,"('Dereck Lively II', 'Max Christie', 'Ryan Nembhard')",0.585,1,4,6,0,0,1,2,0,0,0,0,1.44,2.0,0.0,0.0,0.0,0.0,0.0,0.0,0.0,0.0,3.44,5
22500096,DAL,WAS,78.4,79.0,"('Dereck Lively II', 'Naji Marshall', 'Ryan Nembhard')",0.585,1,4,6,0,0,1,2,0,0,0,0,1.44,2.0,0.0,0.0,0.0,0.0,0.0,0.0,0.0,0.0,3.44,5
22500096,DAL,WAS,78.4,79.0,"('Max Christie', 'Naji Marshall', 'Ryan Nembhard')",0.585,1,4,6,0,0,1,2,0,0,0,0,1.44,2.0,0.0,0.0,0.0,0.0,0.0,0.0,0.0,0.0,3.44,5
22500096,DAL,WAS,76.8,78.0,"('Anthony Davis', 'Jaden Hardy', 'Max Christie')",2.8999999999999995,3,7,6,2,3,1,1,0,0,3,1,7.0,5.32,0.0,0.0,5.0,4.0,0.0,0.0,0.0,0.0,12.32,5
22500096,DAL,WAS,76.8,78.0,"('Anthony Davis', 'Jaden Hardy', 'P.J. Washington')",2.8999999999999995,3,7,6,2,3,1,1,0,0,3,1,7.0,5.32,0.0,0.0,5.0,4.0,0.0,0.0,0.0,0.0,12.32,5
22500096,DAL,WAS,76.8,78.0,"('Anthony Davis', 'Jaden Hardy', 'Ryan Nembhard')",2.8999999999999995,3,7,6,2,3,1,1,0,0,3,1,7.0,5.32,0.0,0.0,5.0,4.0,0.0,0.0,0.0,0.0,12.32,5
22500096,DAL,WAS,76.8,78.0,"('Anthony Davis', 'Max Christie', 'P.J. Washington')",2.8999999999999995,3,7,6,2,3,1,1,0,0,3,1,7.0,5.32,0.0,0.0,5.0,4.0,0.0,0.0,0.0,0.0,12.32,5
22500096,DAL,WAS,76.8,78.0,"('Anthony Davis', 'Max Christie', 'Ryan Nembhard')",2.8999999999999995,3,7,6,2,3,1,1,0,0,3,1,7.0,5.32,0.0,0.0,5.0,4.0,0.0,0.0,0.0,0.0,12.32,5
22500096,DAL,WAS,76.8,78.0,"('Anthony Davis', 'P.J. Washington', 'Ryan Nembhard')",2.8999999999999995,3,7,6,2,3,1,1,0,0,3,1,7.0,5.32,0.0,0.0,5.0,4.0,0.0,0.0,0.0,0.0,12.32,5
22500096,DAL,WAS,76.8,78.0,"('Jaden Hardy', 'Max Christie', 'P.J. Washington')",2.8999999999999995,3,7,6,2,3,1,1,0,0,3,1,7.0,5.32,0.0,0.0,5.0,4.0,0.0,0.0,0.0,0.0,12.32,5
22500096,DAL,WAS,76.8,78.0,"('Jaden Hardy', 'Max Christie', 'Ryan Nembhard')",2.8999999999999995,3,7,6,2,3,1,1,0,0,3,1,7.0,5.32,0.0,0.0,5.0,4.0,0.0,0.0,0.0,0.0,12.32,5
22500096,DAL,WAS,76.8,78.0,"('Jaden Hardy', 'P.J. Washington', 'Ryan Nembhard')",2.8999999999999995,3,7,6,2,3,1,1,0,0,3,1,7.0,5.32,0.0,0.0,5.0,4.0,0.0,0.0,0.0,0.0,12.32,5
22500096,DAL,WAS,76.8,78.0,"('Max Christie', 'P.J. Washington', 'Ryan Nembhard')",2.8999999999999995,3,7,6,2,3,1,1,0,0,3,1,7.0,5.32,0.0,0.0,5.0,4.0,0.0,0.0,0.0,0.0,12.32,5
22500096,DAL,WAS,78.4,79.4,"('Cooper Flagg', 'Dereck Lively II', 'Klay Thompson')",2.333333333333333,2,0,4,5,4,0,1,1,0,0,0,5.0,6.0,0.0,0.0,0.0,0.0,0.0,2.0,0.0,2.0,11.0,5
22500096,DAL,WAS,78.4,79.4,"('Cooper Flagg', 'Dereck Lively II', 'Naji Marshall')",2.333333333333333,2,0,4,5,4,0,1,1,0,0,0,5.0,6.0,0.0,0.0,0.0,0.0,0.0,2.0,0.0,2.0,11.0,5
22500096,DAL,WAS,78.4,79.4,"('Cooper Flagg', 'Dereck Lively II', 'Ryan Nembhard')",2.333333333333333,2,0,4,5,4,0,1,1,0,0,0,5.0,6.0,0.0,0.0,0.0,0.0,0.0,2.0,0.0,2.0,11.0,5
22500096,DAL,WAS,78.4,79.4,"('Cooper Flagg', 'Klay Thompson', 'Naji Marshall')",2.333333333333333,2,0,4,5,4,0,1,1,0,0,0,5.0,6.0,0.0,0.0,0.0,0.0,0.0,2.0,0.0,2.0,11.0,5
22500096,DAL,WAS,78.4,79.4,"('Cooper Flagg', 'Klay Thompson', 'Ryan Nembhard')",2.333333333333333,2,0,4,5,4,0,1,1,0,0,0,5.0,6.0,0.0,0.0,0.0,0.0,0.0,2.0,0.0,2.0,11.0,5
22500096,DAL,WAS,78.4,79.4,"('Cooper Flagg', 'Naji Marshall', 'Ryan Nembhard')",2.333333333333333,2,0,4,5,4,0,1,1,0,0,0,5.0,6.0,0.0,0.0,0.0,0.0,0.0,2.0,0.0,2.0,11.0,5
22500096,DAL,WAS,78.4,79.4,"('Dereck Lively II', 'Klay Thompson', 'Naji Marshall')",2.333333333333333,2,0,4,5,4,0,1,1,0,0,0,5.0,6.0,0.0,0.0,0.0,0.0,0.0,2.0,0.0,2.0,11.0,5
22500096,DAL,WAS,78.4,79.4,"('Dereck Lively II', 'Klay Thompson', 'Ryan Nembhard')",2.333333333333333,2,0,4,5,4,0,1,1,0,0,0,5.0,6.0,0.0,0.0,0.0,0.0,0.0,2.0,0.0,2.0,11.0,5
22500096,DAL,WAS,78.4,79.4,"('Dereck Lively II', 'Naji Marshall', 'Ryan Nembhard')",2.333333333333333,2,0,4,5,4,0,1,1,0,0,0,5.0,6.0,0.0,0.0,0.0,0.0,0.0,2.0,0.0,2.0,11.0,5
22500096,DAL,WAS,78.4,79.4,"('Klay Thompson', 'Naji Marshall', 'Ryan Nembhard')",2.333333333333333,2,0,4,5,4,0,1,1,0,0,0,5.0,6.0,0.0,0.0,0.0,0.0,0.0,2.0,0.0,2.0,11.0,5
22500096,DAL,WAS,78.8,79.0,"('Anthony Davis', 'Brandon Williams', 'Cooper Flagg')",2.1366666666666667,3,7,5,3,1,2,0,0,1,1,0,5.44,4.88,0.0,2.0,2.0,4.0,0.0,0.0,0.0,0.0,10.32,5
22500096,DAL,WAS,78.8,79.0,"('Anthony Davis', 'Brandon Williams', 'Jaden Hardy')",2.1366666666666667,3,7,5,3,1,2,0,0,1,1,0,5.44,4.88,0.0,2.0,2.0,4.0,0.0,0.0,0.0,0.0,10.32,5
22500096,DAL,WAS,78.8,79.0,"('Anthony Davis', 'Brandon Williams', 'Naji Marshall')",2.1366666666666667,3,7,5,3,1,2,0,0,1,1,0,5.44,4.88,0.0,2.0,2.0,4.0,0.0,0.0,0.0,0.0,10.32,5
22500096,DAL,WAS,78.8,79.0,"('Anthony Davis', 'Cooper Flagg', 'Jaden Hardy')",2.1366666666666667,3,7,5,3,1,2,0,0,1,1,0,5.44,4.88,0.0,2.0,2.0,4.0,0.0,0.0,0.0,0.0,10.32,5
22500096,DAL,WAS,78.8,79.0,"('Anthony Davis', 'Cooper Flagg', 'Naji Marshall')",2.1366666666666667,3,7,5,3,1,2,0,0,1,1,0,5.44,4.88,0.0,2.0,2.0,4.0,0.0,0.0,0.0,0.0,10.32,5
22500096,DAL,WAS,78.8,79.0,"('Anthony Davis', 'Jaden Hardy', 'Naji Marshall')",2.1366666666666667,3,7,5,3,1,2,0,0,1,1,0,5.44,4.88,0.0,2.0,2.0,4.0,0.0,0.0,0.0,0.0,10.32,5
22500096,DAL,WAS,78.8,79.0,"('Brandon Williams', 'Cooper Flagg', 'Jaden Hardy')",2.1366666666666667,3,7,5,3,1,2,0,0,1,1,0,5.44,4.88,0.0,2.0,2.0,4.0,0.0,0.0,0.0,0.0,10.32,5
22500096,DAL,WAS,78.8,79.0,"('Brandon Williams', 'Cooper Flagg', 'Naji Marshall')",2.1366666666666667,3,7,5,3,1,2,0,0,1,1,0,5.44,4.88,0.0,2.0,2.0,4.0,0.0,0.0,0.0,0.0,10.32,5
22500096,DAL,WAS,78.8,79.0,"('Brandon Williams', 'Jaden Hardy', 'Naji Marshall')",2.1366666666666667,3,7,5,3,1,2,0,0,1,1,0,5.44,4.88,0.0,2.0,2.0,4.0,0.0,0.0,0.0,0.0,10.32,5
22500096,DAL,WAS,78.8,79.0,"('Cooper Flagg', 'Jaden Hardy', 'Naji Marshall')",2.1366666666666667,3,7,5,3,1,2,0,0,1,1,0,5.44,4.88,0.0,2.0,2.0,4.0,0.0,0.0,0.0,0.0,10.32,5
22500096,DAL,WAS,80.8,78.8,"('Anthony Davis', 'Cooper Flagg', 'Dereck Lively II')",4.1,3,8,12,3,4,0,4,1,1,1,2,9.88,8.88,0.0,0.0,0.0,4.0,2.0,6.0,0.0,2.0,18.76,5
22500096,DAL,WAS,80.8,78.8,"('Anthony Davis', 'Cooper Flagg', 'Klay Thompson')",4.1,3,8,12,3,4,0,4,1,1,1,2,9.88,8.88,0.0,0.0,0.0,4.0,2.0,6.0,0.0,2.0,18.76,5
22500096,DAL,WAS,80.8,78.8,"('Anthony Davis', 'Cooper Flagg', 'P.J. Washington')",4.1,3,8,12,3,4,0,4,1,1,1,2,9.88,8.88,0.0,0.0,0.0,4.0,2.0,6.0,0.0,2.0,18.76,5
22500096,DAL,WAS,80.8,78.8,"('Anthony Davis', 'Dereck Lively II', 'Klay Thompson')",4.1,3,8,12,3,4,0,4,1,1,1,2,9.88,8.88,0.0,0.0,0.0,4.0,2.0,6.0,0.0,2.0,18.76,5
22500096,DAL,WAS,80.8,78.8,"('Anthony Davis', 'Dereck Lively II', 'P.J. Washington')",4.1,3,8,12,3,4,0,4,1,1,1,2,9.88,8.88,0.0,0.0,0.0,4.0,2.0,6.0,0.0,2.0,18.76,5
22500096,DAL,WAS,80.8,78.8,"('Anthony Davis', 'Klay Thompson', 'P.J. Washington')",4.1,3,8,12,3,4,0,4,1,1,1,2,9.88,8.88,0.0,0.0,0.0,4.0,2.0,6.0,0.0,2.0,18.76,5
22500096,DAL,WAS,80.8,78.8,"('Cooper Flagg', 'Dereck Lively II', 'Klay Thompson')",4.1,3,8,12,3,4,0,4,1,1,1,2,9.88,8.88,0.0,0.0,0.0,4.0,2.0,6.0,0.0,2.0,18.76,5
22500096,DAL,WAS,80.8,78.8,"('Cooper Flagg', 'Dereck Lively II', 'P.J. Washington')",4.1,3,8,12,3,4,0,4,1,1,1,2,9.88,8.88,0.0,0.0,0.0,4.0,2.0,6.0,0.0,2.0,18.76,5
22500096,DAL,WAS,80.8,78.8,"('Cooper Flagg', 'Klay Thompson', 'P.J. Washington')",4.1,3,8,12,3,4,0,4,1,1,1,2,9.88,8.88,0.0,0.0,0.0,4.0,2.0,6.0,0.0,2.0,18.76,5
22500096,DAL,WAS,80.8,78.8,"('Dereck Lively II', 'Klay Thompson', 'P.J. Washington')",4.1,3,8,12,3,4,0,4,1,1,1,2,9.88,8.88,0.0,0.0,0.0,4.0,2.0,6.0,0.0,2.0,18.76,5
22500096,DAL,WAS,78.2,79.0,"('Anthony Davis', ""D'Angelo Russell"", 'Max Christie')",3.55,1,12,6,6,4,2,1,1,0,1,2,10.32,8.0,0.0,0.0,2.0,4.0,2.0,0.0,0.0,4.0,18.32,5
22500096,DAL,WAS,78.2,79.0,"('Anthony Davis', ""D'Angelo Russell"", 'Naji Marshall')",3.55,1,12,6,6,4,2,1,1,0,1,2,10.32,8.0,0.0,0.0,2.0,4.0,2.0,0.0,0.0,4.0,18.32,5
22500096,DAL,WAS,78.2,79.0,"('Anthony Davis', ""D'Angelo Russell"", 'P.J. Washington')",3.55,1,12,6,6,4,2,1,1,0,1,2,10.32,8.0,0.0,0.0,2.0,4.0,2.0,0.0,0.0,4.0,18.32,5
22500096,DAL,WAS,78.2,79.0,"('Anthony Davis', 'Max Christie', 'Naji Marshall')",3.55,1,12,6,6,4,2,1,1,0,1,2,10.32,8.0,0.0,0.0,2.0,4.0,2.0,0.0,0.0,4.0,18.32,5
22500096,DAL,WAS,78.2,79.0,"('Anthony Davis', 'Max Christie', 'P.J. Washington')",3.55,1,12,6,6,4,2,1,1,0,1,2,10.32,8.0,0.0,0.0,2.0,4.0,2.0,0.0,0.0,4.0,18.32,5
22500096,DAL,WAS,78.2,79.0,"('Anthony Davis', 'Naji Marshall', 'P.J. Washington')",3.55,1,12,6,6,4,2,1,1,0,1,2,10.32,8.0,0.0,0.0,2.0,4.0,2.0,0.0,0.0,4.0,18.32,5
22500096,DAL,WAS,78.2,79.0,"(""D'Angelo Russell"", 'Max Christie', 'Naji Marshall')",3.55,1,12,6,6,4,2,1,1,0,1,2,10.32,8.0,0.0,0.0,2.0,4.0,2.0,0.0,0.0,4.0,18.32,5
22500096,DAL,WAS,78.2,79.0,"(""D'Angelo Russell"", 'Max Christie', 'P.J. Washington')",3.55,1,12,6,6,4,2,1,1,0,1,2,10.32,8.0,0.0,0.0,2.0,4.0,2.0,0.0,0.0,4.0,18.32,5
22500096,DAL,WAS,78.2,79.0,"(""D'Angelo Russell"", 'Naji Marshall', 'P.J. Washington')",3.55,1,12,6,6,4,2,1,1,0,1,2,10.32,8.0,0.0,0.0,2.0,4.0,2.0,0.0,0.0,4.0,18.32,5
22500096,DAL,WAS,78.2,79.0,"('Max Christie', 'Naji Marshall', 'P.J. Washington')",3.55,1,12,6,6,4,2,1,1,0,1,2,10.32,8.0,0.0,0.0,2.0,4.0,2.0,0.0,0.0,4.0,18.32,5
22500096,DAL,WAS,79.0,78.0,"('Anthony Davis', 'Cooper Flagg', 'Jaden Hardy')",0.5833333333333333,4,1,4,0,0,0,0,0,0,1,1,1.44,1.88,0.0,0.0,0.0,0.0,2.0,0.0,0.0,2.0,3.32,5
22500096,DAL,WAS,79.0,78.0,"('Anthony Davis', 'Cooper Flagg', 'Naji Marshall')",0.5833333333333333,4,1,4,0,0,0,0,0,0,1,1,1.44,1.88,0.0,0.0,0.0,0.0,2.0,0.0,0.0,2.0,3.32,5
22500096,DAL,WAS,79.0,78.0,"('Anthony Davis', 'Cooper Flagg', 'P.J. Washington')",0.5833333333333333,4,1,4,0,0,0,0,0,0,1,1,1.44,1.88,0.0,0.0,0.0,0.0,2.0,0.0,0.0,2.0,3.32,5
22500096,DAL,WAS,79.0,78.0,"('Anthony Davis', 'Jaden Hardy', 'Naji Marshall')",0.5833333333333333,4,1,4,0,0,0,0,0,0,1,1,1.44,1.88,0.0,0.0,0.0,0.0,2.0,0.0,0.0,2.0,3.32,5
22500096,DAL,WAS,79.0,78.0,"('Anthony Davis', 'Jaden Hardy', 'P.J. Washington')",0.5833333333333333,4,1,4,0,0,0,0,0,0,1,1,1.44,1.88,0.0,0.0,0.0,0.0,2.0,0.0,0.0,2.0,3.32,5
22500096,DAL,WAS,79.0,78.0,"('Anthony Davis', 'Naji Marshall', 'P.J. Washington')",0.5833333333333333,4,1,4,0,0,0,0,0,0,1,1,1.44,1.88,0.0,0.0,0.0,0.0,2.0,0.0,0.0,2.0,3.32,5
22500096,DAL,WAS,79.0,78.0,"('Cooper Flagg', 'Jaden Hardy', 'Naji Marshall')",0.5833333333333333,4,1,4,0,0,0,0,0,0,1,1,1.44,1.88,0.0,0.0,0.0,0.0,2.0,0.0,0.0,2.0,3.32,5
22500096,DAL,WAS,79.0,78.0,"('Cooper Flagg', 'Jaden Hardy', 'P.J. Washington')",0.5833333333333333,4,1,4,0,0,0,0,0,0,1,1,1.44,1.88,0.0,0.0,0.0,0.0,2.0,0.0,0.0,2.0,3.32,5
22500096,DAL,WAS,79.0,78.0,"('Cooper Flagg', 'Naji Marshall', 'P.J. Washington')",0.5833333333333333,4,1,4,0,0,0,0,0,0,1,1,1.44,1.88,0.0,0.0,0.0,0.0,2.0,0.0,0.0,2.0,3.32,5
22500096,DAL,WAS,79.0,78.0,"('Jaden Hardy', 'Naji Marshall', 'P.J. Washington')",0.5833333333333333,4,1,4,0,0,0,0,0,0,1,1,1.44,1.88,0.0,0.0,0.0,0.0,2.0,0.0,0.0,2.0,3.32,5
22500096,DAL,WAS,77.8,77.4,"('Brandon Williams', 'Dwight Powell', 'Jaden Hardy')",0.0,4,0,0,0,0,0,0,0,0,0,0,0.0,0.0,0.0,0.0,0.0,0.0,0.0,0.0,0.0,0.0,0.0,5
22500096,DAL,WAS,77.8,77.4,"('Brandon Williams', 'Dwight Powell', 'Moussa Cisse')",0.0,4,0,0,0,0,0,0,0,0,0,0,0.0,0.0,0.0,0.0,0.0,0.0,0.0,0.0,0.0,0.0,0.0,5
22500096,DAL,WAS,77.8,77.4,"('Brandon Williams', 'Dwight Powell', 'Ryan Nembhard')",0.0,4,0,0,0,0,0,0,0,0,0,0,0.0,0.0,0.0,0.0,0.0,0.0,0.0,0.0,0.0,0.0,0.0,5
22500096,DAL,WAS,77.8,77.4,"('Brandon Williams', 'Jaden Hardy', 'Moussa Cisse')",0.0,4,0,0,0,0,0,0,0,0,0,0,0.0,0.0,0.0,0.0,0.0,0.0,0.0,0.0,0.0,0.0,0.0,5
22500096,DAL,WAS,77.8,77.4,"('Brandon Williams', 'Jaden Hardy', 'Ryan Nembhard')",0.0,4,0,0,0,0,0,0,0,0,0,0,0.0,0.0,0.0,0.0,0.0,0.0,0.0,0.0,0.0,0.0,0.0,5
22500096,DAL,WAS,77.8,77.4,"('Brandon Williams', 'Moussa Cisse', 'Ryan Nembhard')",0.0,4,0,0,0,0,0,0,0,0,0,0,0.0,0.0,0.0,0.0,0.0,0.0,0.0,0.0,0.0,0.0,0.0,5
22500096,DAL,WAS,77.8,77.4,"('Dwight Powell', 'Jaden Hardy', 'Moussa Cisse')",0.0,4,0,0,0,0,0,0,0,0,0,0,0.0,0.0,0.0,0.0,0.0,0.0,0.0,0.0,0.0,0.0,0.0,5
22500096,DAL,WAS,77.8,77.4,"('Dwight Powell', 'Jaden Hardy', 'Ryan Nembhard')",0.0,4,0,0,0,0,0,0,0,0,0,0,0.0,0.0,0.0,0.0,0.0,0.0,0.0,0.0,0.0,0.0,0.0,5
22500096,DAL,WAS,77.8,77.4,"('Dwight Powell', 'Moussa Cisse', 'Ryan Nembhard')",0.0,4,0,0,0,0,0,0,0,0,0,0,0.0,0.0,0.0,0.0,0.0,0.0,0.0,0.0,0.0,0.0,0.0,5
22500096,DAL,WAS,77.8,77.4,"('Jaden Hardy', 'Moussa Cisse', 'Ryan Nembhard')",0.0,4,0,0,0,0,0,0,0,0,0,0,0.0,0.0,0.0,0.0,0.0,0.0,0.0,0.0,0.0,0.0,0.0,5
22500096,DAL,WAS,80.0,79.0,"('Cooper Flagg', 'Dereck Lively II', 'Max Christie')",3.0500000000000003,4,10,3,2,2,3,1,1,2,2,2,6.88,6.0,0.0,5.0,0.0,2.0,0.0,0.0,0.0,0.0,12.88,5
22500096,DAL,WAS,80.0,79.0,"('Cooper Flagg', 'Dereck Lively II', 'Naji Marshall')",3.0500000000000003,4,10,3,2,2,3,1,1,2,2,2,6.88,6.0,0.0,5.0,0.0,2.0,0.0,0.0,0.0,0.0,12.88,5
22500096,DAL,WAS,80.0,79.0,"('Cooper Flagg', 'Dereck Lively II', 'P.J. Washington')",3.0500000000000003,4,10,3,2,2,3,1,1,2,2,2,6.88,6.0,0.0,5.0,0.0,2.0,0.0,0.0,0.0,0.0,12.88,5
22500096,DAL,WAS,80.0,79.0,"('Cooper Flagg', 'Max Christie', 'Naji Marshall')",3.0500000000000003,4,10,3,2,2,3,1,1,2,2,2,6.88,6.0,0.0,5.0,0.0,2.0,0.0,0.0,0.0,0.0,12.88,5
22500096,DAL,WAS,80.0,79.0,"('Cooper Flagg', 'Max Christie', 'P.J. Washington')",3.0500000000000003,4,10,3,2,2,3,1,1,2,2,2,6.88,6.0,0.0,5.0,0.0,2.0,0.0,0.0,0.0,0.0,12.88,5
22500096,DAL,WAS,80.0,79.0,"('Cooper Flagg', 'Naji Marshall', 'P.J. Washington')",3.0500000000000003,4,10,3,2,2,3,1,1,2,2,2,6.88,6.0,0.0,5.0,0.0,2.0,0.0,0.0,0.0,0.0,12.88,5
22500096,DAL,WAS,80.0,79.0,"('Dereck Lively II', 'Max Christie', 'Naji Marshall')",3.0500000000000003,4,10,3,2,2,3,1,1,2,2,2,6.88,6.0,0.0,5.0,0.0,2.0,0.0,0.0,0.0,0.0,12.88,5
22500096,DAL,WAS,80.0,79.0,"('Dereck Lively II', 'Max Christie', 'P.J. Washington')",3.0500000000000003,4,10,3,2,2,3,1,1,2,2,2,6.88,6.0,0.0,5.0,0.0,2.0,0.0,0.0,0.0,0.0,12.88,5
22500096,DAL,WAS,80.0,79.0,"('Dereck Lively II', 'Naji Marshall', 'P.J. Washington')",3.0500000000000003,4,10,3,2,2,3,1,1,2,2,2,6.88,6.0,0.0,5.0,0.0,2.0,0.0,0.0,0.0,0.0,12.88,5
22500096,DAL,WAS,80.0,79.0,"('Max Christie', 'Naji Marshall', 'P.J. Washington')",3.0500000000000003,4,10,3,2,2,3,1,1,2,2,2,6.88,6.0,0.0,5.0,0.0,2.0,0.0,0.0,0.0,0.0,12.88,5
22500096,DAL,WAS,80.2,78.0,"('Anthony Davis', 'Cooper Flagg', 'Dereck Lively II')",1.0833333333333333,4,6,3,2,0,1,1,0,0,1,2,2.76,3.44,0.0,0.0,0.0,2.0,0.0,0.0,0.0,2.0,6.199999999999999,5
22500096,DAL,WAS,80.2,78.0,"('Anthony Davis', 'Cooper Flagg', 'Jaden Hardy')",1.0833333333333333,4,6,3,2,0,1,1,0,0,1,2,2.76,3.44,0.0,0.0,0.0,2.0,0.0,0.0,0.0,2.0,6.199999999999999,5
22500096,DAL,WAS,80.2,78.0,"('Anthony Davis', 'Cooper Flagg', 'Naji Marshall')",1.0833333333333333,4,6,3,2,0,1,1,0,0,1,2,2.76,3.44,0.0,0.0,0.0,2.0,0.0,0.0,0.0,2.0,6.199999999999999,5
22500096,DAL,WAS,80.2,78.0,"('Anthony Davis', 'Dereck Lively II', 'Jaden Hardy')",1.0833333333333333,4,6,3,2,0,1,1,0,0,1,2,2.76,3.44,0.0,0.0,0.0,2.0,0.0,0.0,0.0,2.0,6.199999999999999,5
22500096,DAL,WAS,80.2,78.0,"('Anthony Davis', 'Dereck Lively II', 'Naji Marshall')",1.0833333333333333,4,6,3,2,0,1,1,0,0,1,2,2.76,3.44,0.0,0.0,0.0,2.0,0.0,0.0,0.0,2.0,6.199999999999999,5
22500096,DAL,WAS,80.2,78.0,"('Anthony Davis', 'Jaden Hardy', 'Naji Marshall')",1.0833333333333333,4,6,3,2,0,1,1,0,0,1,2,2.76,3.44,0.0,0.0,0.0,2.0,0.0,0.0,0.0,2.0,6.199999999999999,5
22500096,DAL,WAS,80.2,78.0,"('Cooper Flagg', 'Dereck Lively II', 'Jaden Hardy')",1.0833333333333333,4,6,3,2,0,1,1,0,0,1,2,2.76,3.44,0.0,0.0,0.0,2.0,0.0,0.0,0.0,2.0,6.199999999999999,5
22500096,DAL,WAS,80.2,78.0,"('Cooper Flagg', 'Dereck Lively II', 'Naji Marshall')",1.0833333333333333,4,6,3,2,0,1,1,0,0,1,2,2.76,3.44,0.0,0.0,0.0,2.0,0.0,0.0,0.0,2.0,6.199999999999999,5
22500096,DAL,WAS,80.2,78.0,"('Cooper Flagg', 'Jaden Hardy', 'Naji Marshall')",1.0833333333333333,4,6,3,2,0,1,1,0,0,1,2,2.76,3.44,0.0,0.0,0.0,2.0,0.0,0.0,0.0,2.0,6.199999999999999,5
22500096,DAL,WAS,80.2,78.0,"('Dereck Lively II', 'Jaden Hardy', 'Naji Marshall')",1.0833333333333333,4,6,3,2,0,1,1,0,0,1,2,2.76,3.44,0.0,0.0,0.0,2.0,0.0,0.0,0.0,2.0,6.199999999999999,5
22500096,DAL,WAS,78.2,78.8,"('Anthony Davis', 'Jaden Hardy', 'Max Christie')",0.8166666666666667,4,0,5,0,1,0,2,1,0,1,0,2.0,2.0,0.0,0.0,0.0,0.0,3.0,0.0,0.0,2.0,4.0,5
22500096,DAL,WAS,78.2,78.8,"('Anthony Davis', 'Jaden Hardy', 'Naji Marshall')",0.8166666666666667,4,0,5,0,1,0,2,1,0,1,0,2.0,2.0,0.0,0.0,0.0,0.0,3.0,0.0,0.0,2.0,4.0,5
22500096,DAL,WAS,78.2,78.8,"('Anthony Davis', 'Jaden Hardy', 'P.J. Washington')",0.8166666666666667,4,0,5,0,1,0,2,1,0,1,0,2.0,2.0,0.0,0.0,0.0,0.0,3.0,0.0,0.0,2.0,4.0,5
22500096,DAL,WAS,78.2,78.8,"('Anthony Davis', 'Max Christie', 'Naji Marshall')",0.8166666666666667,4,0,5,0,1,0,2,1,0,1,0,2.0,2.0,0.0,0.0,0.0,0.0,3.0,0.0,0.0,2.0,4.0,5
22500096,DAL,WAS,78.2,78.8,"('Anthony Davis', 'Max Christie', 'P.J. Washington')",0.8166666666666667,4,0,5,0,1,0,2,1,0,1,0,2.0,2.0,0.0,0.0,0.0,0.0,3.0,0.0,0.0,2.0,4.0,5
22500096,DAL,WAS,78.2,78.8,"('Anthony Davis', 'Naji Marshall', 'P.J. Washington')",0.8166666666666667,4,0,5,0,1,0,2,1,0,1,0,2.0,2.0,0.0,0.0,0.0,0.0,3.0,0.0,0.0,2.0,4.0,5
22500096,DAL,WAS,78.2,78.8,"('Jaden Hardy', 'Max Christie', 'Naji Marshall')",0.8166666666666667,4,0,5,0,1,0,2,1,0,1,0,2.0,2.0,0.0,0.0,0.0,0.0,3.0,0.0,0.0,2.0,4.0,5
22500096,DAL,WAS,78.2,78.8,"('Jaden Hardy', 'Max Christie', 'P.J. Washington')",0.8166666666666667,4,0,5,0,1,0,2,1,0,1,0,2.0,2.0,0.0,0.0,0.0,0.0,3.0,0.0,0.0,2.0,4.0,5
22500096,DAL,WAS,78.2,78.8,"('Jaden Hardy', 'Naji Marshall', 'P.J. Washington')",0.8166666666666667,4,0,5,0,1,0,2,1,0,1,0,2.0,2.0,0.0,0.0,0.0,0.0,3.0,0.0,0.0,2.0,4.0,5
22500096,DAL,WAS,78.2,78.8,"('Max Christie', 'Naji Marshall', 'P.J. Washington')",0.8166666666666667,4,0,5,0,1,0,2,1,0,1,0,2.0,2.0,0.0,0.0,0.0,0.0,3.0,0.0,0.0,2.0,4.0,5
22500096,DAL,WAS,78.8,79.2,"('Anthony Davis', 'Brandon Williams', 'Max Christie')",0.7333333333333334,2,2,3,1,0,0,0,1,0,2,1,2.0,1.32,0.0,0.0,2.0,2.0,0.0,0.0,0.0,0.0,3.3200000000000003,5
22500096,DAL,WAS,78.8,79.2,"('Anthony Davis', 'Brandon Williams', 'Naji Marshall')",0.7333333333333334,2,2,3,1,0,0,0,1,0,2,1,2.0,1.32,0.0,0.0,2.0,2.0,0.0,0.0,0.0,0.0,3.3200000000000003,5
22500096,DAL,WAS,78.8,79.2,"('Anthony Davis', 'Brandon Williams', 'P.J. Washington')",0.7333333333333334,2,2,3,1,0,0,0,1,0,2,1,2.0,1.32,0.0,0.0,2.0,2.0,0.0,0.0,0.0,0.0,3.3200000000000003,5
22500096,DAL,WAS,78.8,79.2,"('Anthony Davis', 'Max Christie', 'Naji Marshall')",0.7333333333333334,2,2,3,1,0,0,0,1,0,2,1,2.0,1.32,0.0,0.0,2.0,2.0,0.0,0.0,0.0,0.0,3.3200000000000003,5
22500096,DAL,WAS,78.8,79.2,"('Anthony Davis', 'Max Christie', 'P.J. Washington')",0.7333333333333334,2,2,3,1,0,0,0,1,0,2,1,2.0,1.32,0.0,0.0,2.0,2.0,0.0,0.0,0.0,0.0,3.3200000000000003,5
22500096,DAL,WAS,78.8,79.2,"('Anthony Davis', 'Naji Marshall', 'P.J. Washington')",0.7333333333333334,2,2,3,1,0,0,0,1,0,2,1,2.0,1.32,0.0,0.0,2.0,2.0,0.0,0.0,0.0,0.0,3.3200000000000003,5
22500096,DAL,WAS,78.8,79.2,"('Brandon Williams', 'Max Christie', 'Naji Marshall')",0.7333333333333334,2,2,3,1,0,0,0,1,0,2,1,2.0,1.32,0.0,0.0,2.0,2.0,0.0,0.0,0.0,0.0,3.3200000000000003,5
22500096,DAL,WAS,78.8,79.2,"('Brandon Williams', 'Max Christie', 'P.J. Washington')",0.7333333333333334,2,2,3,1,0,0,0,1,0,2,1,2.0,1.32,0.0,0.0,2.0,2.0,0.0,0.0,0.0,0.0,3.3200000000000003,5
22500096,DAL,WAS,78.8,79.2,"('Brandon Williams', 'Naji Marshall', 'P.J. Washington')",0.7333333333333334,2,2,3,1,0,0,0,1,0,2,1,2.0,1.32,0.0,0.0,2.0,2.0,0.0,0.0,0.0,0.0,3.3200000000000003,5
22500096,DAL,WAS,78.8,79.2,"('Max Christie', 'Naji Marshall', 'P.J. Washington')",0.7333333333333334,2,2,3,1,0,0,0,1,0,2,1,2.0,1.32,0.0,0.0,2.0,2.0,0.0,0.0,0.0,0.0,3.3200000000000003,5
22500096,DAL,WAS,79.4,78.8,"('Anthony Davis', 'Cooper Flagg', 'Max Christie')",4.733333333333333,4,10,11,2,6,3,2,4,4,2,3,13.44,11.76,4.0,5.0,0.0,6.0,2.0,0.0,0.0,4.0,25.2,5
22500096,DAL,WAS,79.4,78.8,"('Anthony Davis', 'Cooper Flagg', 'Naji Marshall')",4.733333333333333,4,10,11,2,6,3,2,4,4,2,3,13.44,11.76,4.0,5.0,0.0,6.0,2.0,0.0,0.0,4.0,25.2,5
22500096,DAL,WAS,79.4,78.8,"('Anthony Davis', 'Cooper Flagg', 'P.J. Washington')",4.733333333333333,4,10,11,2,6,3,2,4,4,2,3,13.44,11.76,4.0,5.0,0.0,6.0,2.0,0.0,0.0,4.0,25.2,5
22500096,DAL,WAS,79.4,78.8,"('Anthony Davis', 'Max Christie', 'Naji Marshall')",4.733333333333333,4,10,11,2,6,3,2,4,4,2,3,13.44,11.76,4.0,5.0,0.0,6.0,2.0,0.0,0.0,4.0,25.2,5
22500096,DAL,WAS,79.4,78.8,"('Anthony Davis', 'Max Christie', 'P.J. Washington')",4.733333333333333,4,10,11,2,6,3,2,4,4,2,3,13.44,11.76,4.0,5.0,0.0,6.0,2.0,0.0,0.0,4.0,25.2,5
22500096,DAL,WAS,79.4,78.8,"('Anthony Davis', 'Naji Marshall', 'P.J. Washington')",4.733333333333333,4,10,11,2,6,3,2,4,4,2,3,13.44,11.76,4.0,5.0,0.0,6.0,2.0,0.0,0.0,4.0,25.2,5
22500096,DAL,WAS,79.4,78.8,"('Cooper Flagg', 'Max Christie', 'Naji Marshall')",4.733333333333333,4,10,11,2,6,3,2,4,4,2,3,13.44,11.76,4.0,5.0,0.0,6.0,2.0,0.0,0.0,4.0,25.2,5
22500096,DAL,WAS,79.4,78.8,"('Cooper Flagg', 'Max Christie', 'P.J. Washington')",4.733333333333333,4,10,11,2,6,3,2,4,4,2,3,13.44,11.76,4.0,5.0,0.0,6.0,2.0,0.0,0.0,4.0,25.2,5
22500096,DAL,WAS,79.4,78.8,"('Cooper Flagg', 'Naji Marshall', 'P.J. Washington')",4.733333333333333,4,10,11,2,6,3,2,4,4,2,3,13.44,11.76,4.0,5.0,0.0,6.0,2.0,0.0,0.0,4.0,25.2,5
22500096,DAL,WAS,79.4,78.8,"('Max Christie', 'Naji Marshall', 'P.J. Washington')",4.733333333333333,4,10,11,2,6,3,2,4,4,2,3,13.44,11.76,4.0,5.0,0.0,6.0,2.0,0.0,0.0,4.0,25.2,5
22500096,DAL,WAS,80.4,78.4,"('Anthony Davis', 'Cooper Flagg', 'Dereck Lively II')",1.266666666666667,4,2,0,2,3,0,0,0,1,0,1,4.0,4.0,0.0,0.0,0.0,0.0,0.0,0.0,0.0,0.0,8.0,5
22500096,DAL,WAS,80.4,78.4,"('Anthony Davis', 'Cooper Flagg', 'Jaden Hardy')",1.266666666666667,4,2,0,2,3,0,0,0,1,0,1,4.0,4.0,0.0,0.0,0.0,0.0,0.0,0.0,0.0,0.0,8.0,5
22500096,DAL,WAS,80.4,78.4,"('Anthony Davis', 'Cooper Flagg', 'P.J. Washington')",1.266666666666667,4,2,0,2,3,0,0,0,1,0,1,4.0,4.0,0.0,0.0,0.0,0.0,0.0,0.0,0.0,0.0,8.0,5
22500096,DAL,WAS,80.4,78.4,"('Anthony Davis', 'Dereck Lively II', 'Jaden Hardy')",1.266666666666667,4,2,0,2,3,0,0,0,1,0,1,4.0,4.0,0.0,0.0,0.0,0.0,0.0,0.0,0.0,0.0,8.0,5
22500096,DAL,WAS,80.4,78.4,"('Anthony Davis', 'Dereck Lively II', 'P.J. Washington')",1.266666666666667,4,2,0,2,3,0,0,0,1,0,1,4.0,4.0,0.0,0.0,0.0,0.0,0.0,0.0,0.0,0.0,8.0,5
22500096,DAL,WAS,80.4,78.4,"('Anthony Davis', 'Jaden Hardy', 'P.J. Washington')",1.266666666666667,4,2,0,2,3,0,0,0,1,0,1,4.0,4.0,0.0,0.0,0.0,0.0,0.0,0.0,0.0,0.0,8.0,5
22500096,DAL,WAS,80.4,78.4,"('Cooper Flagg', 'Dereck Lively II', 'Jaden Hardy')",1.266666666666667,4,2,0,2,3,0,0,0,1,0,1,4.0,4.0,0.0,0.0,0.0,0.0,0.0,0.0,0.0,0.0,8.0,5
22500096,DAL,WAS,80.4,78.4,"('Cooper Flagg', 'Dereck Lively II', 'P.J. Washington')",1.266666666666667,4,2,0,2,3,0,0,0,1,0,1,4.0,4.0,0.0,0.0,0.0,0.0,0.0,0.0,0.0,0.0,8.0,5
22500096,DAL,WAS,80.4,78.4,"('Cooper Flagg', 'Jaden Hardy', 'P.J. Washington')",1.266666666666667,4,2,0,2,3,0,0,0,1,0,1,4.0,4.0,0.0,0.0,0.0,0.0,0.0,0.0,0.0,0.0,8.0,5
22500096,DAL,WAS,80.4,78.4,"('Dereck Lively II', 'Jaden Hardy', 'P.J. Washington')",1.266666666666667,4,2,0,2,3,0,0,0,1,0,1,4.0,4.0,0.0,0.0,0.0,0.0,0.0,0.0,0.0,0.0,8.0,5
22500096,DAL,WAS,80.8,78.8,"('Anthony Davis', 'Cooper Flagg', 'Dereck Lively II')",4.166666666666666,1,10,5,7,0,3,2,4,2,2,2,9.44,10.44,3.0,0.0,2.0,6.0,0.0,0.0,0.0,4.0,19.88,5
22500096,DAL,WAS,80.8,78.8,"('Anthony Davis', 'Cooper Flagg', 'Klay Thompson')",4.166666666666666,1,10,5,7,0,3,2,4,2,2,2,9.44,10.44,3.0,0.0,2.0,6.0,0.0,0.0,0.0,4.0,19.88,5
22500096,DAL,WAS,80.8,78.8,"('Anthony Davis', 'Cooper Flagg', 'P.J. Washington')",4.166666666666666,1,10,5,7,0,3,2,4,2,2,2,9.44,10.44,3.0,0.0,2.0,6.0,0.0,0.0,0.0,4.0,19.88,5
22500096,DAL,WAS,80.8,78.8,"('Anthony Davis', 'Dereck Lively II', 'Klay Thompson')",4.166666666666666,1,10,5,7,0,3,2,4,2,2,2,9.44,10.44,3.0,0.0,2.0,6.0,0.0,0.0,0.0,4.0,19.88,5
22500096,DAL,WAS,80.8,78.8,"('Anthony Davis', 'Dereck Lively II', 'P.J. Washington')",4.166666666666666,1,10,5,7,0,3,2,4,2,2,2,9.44,10.44,3.0,0.0,2.0,6.0,0.0,0.0,0.0,4.0,19.88,5
22500096,DAL,WAS,80.8,78.8,"('Anthony Davis', 'Klay Thompson', 'P.J. Washington')",4.166666666666666,1,10,5,7,0,3,2,4,2,2,2,9.44,10.44,3.0,0.0,2.0,6.0,0.0,0.0,0.0,4.0,19.88,5
22500096,DAL,WAS,80.8,78.8,"('Cooper Flagg', 'Dereck Lively II', 'Klay Thompson')",4.166666666666666,1,10,5,7,0,3,2,4,2,2,2,9.44,10.44,3.0,0.0,2.0,6.0,0.0,0.0,0.0,4.0,19.88,5
22500096,DAL,WAS,80.8,78.8,"('Cooper Flagg', 'Dereck Lively II', 'P.J. Washington')",4.166666666666666,1,10,5,7,0,3,2,4,2,2,2,9.44,10.44,3.0,0.0,2.0,6.0,0.0,0.0,0.0,4.0,19.88,5
22500096,DAL,WAS,80.8,78.8,"('Cooper Flagg', 'Klay Thompson', 'P.J. Washington')",4.166666666666666,1,10,5,7,0,3,2,4,2,2,2,9.44,10.44,3.0,0.0,2.0,6.0,0.0,0.0,0.0,4.0,19.88,5
22500096,DAL,WAS,80.8,78.8,"('Dereck Lively II', 'Klay Thompson', 'P.J. Washington')",4.166666666666666,1,10,5,7,0,3,2,4,2,2,2,9.44,10.44,3.0,0.0,2.0,6.0,0.0,0.0,0.0,4.0,19.88,5
22500096,DAL,WAS,79.2,78.8,"('Anthony Davis', 'Cooper Flagg', 'Klay Thompson')",0.6166666666666667,3,0,3,1,1,0,1,1,0,0,0,2.0,2.0,0.0,0.0,0.0,0.0,0.0,3.0,0.0,0.0,4.0,5
22500096,DAL,WAS,79.2,78.8,"('Anthony Davis', 'Cooper Flagg', 'Max Christie')",0.6166666666666667,3,0,3,1,1,0,1,1,0,0,0,2.0,2.0,0.0,0.0,0.0,0.0,0.0,3.0,0.0,0.0,4.0,5
22500096,DAL,WAS,79.2,78.8,"('Anthony Davis', 'Cooper Flagg', 'P.J. Washington')",0.6166666666666667,3,0,3,1,1,0,1,1,0,0,0,2.0,2.0,0.0,0.0,0.0,0.0,0.0,3.0,0.0,0.0,4.0,5
22500096,DAL,WAS,79.2,78.8,"('Anthony Davis', 'Klay Thompson', 'Max Christie')",0.6166666666666667,3,0,3,1,1,0,1,1,0,0,0,2.0,2.0,0.0,0.0,0.0,0.0,0.0,3.0,0.0,0.0,4.0,5
22500096,DAL,WAS,79.2,78.8,"('Anthony Davis', 'Klay Thompson', 'P.J. Washington')",0.6166666666666667,3,0,3,1,1,0,1,1,0,0,0,2.0,2.0,0.0,0.0,0.0,0.0,0.0,3.0,0.0,0.0,4.0,5
22500096,DAL,WAS,79.2,78.8,"('Anthony Davis', 'Max Christie', 'P.J. Washington')",0.6166666666666667,3,0,3,1,1,0,1,1,0,0,0,2.0,2.0,0.0,0.0,0.0,0.0,0.0,3.0,0.0,0.0,4.0,5
22500096,DAL,WAS,79.2,78.8,"('Cooper Flagg', 'Klay Thompson', 'Max Christie')",0.6166666666666667,3,0,3,1,1,0,1,1,0,0,0,2.0,2.0,0.0,0.0,0.0,0.0,0.0,3.0,0.0,0.0,4.0,5
22500096,DAL,WAS,79.2,78.8,"('Cooper Flagg', 'Klay Thompson', 'P.J. Washington')",0.6166666666666667,3,0,3,1,1,0,1,1,0,0,0,2.0,2.0,0.0,0.0,0.0,0.0,0.0,3.0,0.0,0.0,4.0,5
22500096,DAL,WAS,79.2,78.8,"('Cooper Flagg', 'Max Christie', 'P.J. Washington')",0.6166666666666667,3,0,3,1,1,0,1,1,0,0,0,2.0,2.0,0.0,0.0,0.0,0.0,0.0,3.0,0.0,0.0,4.0,5
22500096,DAL,WAS,79.2,78.8,"('Klay Thompson', 'Max Christie', 'P.J. Washington')",0.6166666666666667,3,0,3,1,1,0,1,1,0,0,0,2.0,2.0,0.0,0.0,0.0,0.0,0.0,3.0,0.0,0.0,4.0,5
22500096,DAL,WAS,76.0,78.0,"('Jaden Hardy', 'Max Christie', 'Naji Marshall')",1.6,3,3,7,0,4,1,0,0,0,0,0,3.0,3.44,0.0,0.0,0.0,0.0,0.0,2.0,2.0,6.0,6.44,5
22500096,DAL,WAS,76.0,78.0,"('Jaden Hardy', 'Max Christie', 'P.J. Washington')",1.6,3,3,7,0,4,1,0,0,0,0,0,3.0,3.44,0.0,0.0,0.0,0.0,0.0,2.0,2.0,6.0,6.44,5
22500096,DAL,WAS,76.0,78.0,"('Jaden Hardy', 'Max Christie', 'Ryan Nembhard')",1.6,3,3,7,0,4,1,0,0,0,0,0,3.0,3.44,0.0,0.0,0.0,0.0,0.0,2.0,2.0,6.0,6.44,5
22500096,DAL,WAS,76.0,78.0,"('Jaden Hardy', 'Naji Marshall', 'P.J. Washington')",1.6,3,3,7,0,4,1,0,0,0,0,0,3.0,3.44,0.0,0.0,0.0,0.0,0.0,2.0,2.0,6.0,6.44,5
22500096,DAL,WAS,76.0,78.0,"('Jaden Hardy', 'Naji Marshall', 'Ryan Nembhard')",1.6,3,3,7,0,4,1,0,0,0,0,0,3.0,3.44,0.0,0.0,0.0,0.0,0.0,2.0,2.0,6.0,6.44,5
22500096,DAL,WAS,76.0,78.0,"('Jaden Hardy', 'P.J. Washington', 'Ryan Nembhard')",1.6,3,3,7,0,4,1,0,0,0,0,0,3.0,3.44,0.0,0.0,0.0,0.0,0.0,2.0,2.0,6.0,6.44,5
22500096,DAL,WAS,76.0,78.0,"('Max Christie', 'Naji Marshall', 'P.J. Washington')",1.6,3,3,7,0,4,1,0,0,0,0,0,3.0,3.44,0.0,0.0,0.0,0.0,0.0,2.0,2.0,6.0,6.44,5
22500096,DAL,WAS,76.0,78.0,"('Max Christie', 'Naji Marshall', 'Ryan Nembhard')",1.6,3,3,7,0,4,1,0,0,0,0,0,3.0,3.44,0.0,0.0,0.0,0.0,0.0,2.0,2.0,6.0,6.44,5
22500096,DAL,WAS,76.0,78.0,"('Max Christie', 'P.J. Washington', 'Ryan Nembhard')",1.6,3,3,7,0,4,1,0,0,0,0,0,3.0,3.44,0.0,0.0,0.0,0.0,0.0,2.0,2.0,6.0,6.44,5
22500096,DAL,WAS,76.0,78.0,"('Naji Marshall', 'P.J. Washington', 'Ryan Nembhard')",1.6,3,3,7,0,4,1,0,0,0,0,0,3.0,3.44,0.0,0.0,0.0,0.0,0.0,2.0,2.0,6.0,6.44,5
22500096,DAL,WAS,78.6,79.4,"('Cooper Flagg', 'Dereck Lively II', 'Klay Thompson')",0.6499999999999999,2,0,3,1,1,0,0,2,0,1,0,3.0,2.0,0.0,0.0,0.0,0.0,3.0,0.0,0.0,0.0,5.0,5
22500096,DAL,WAS,78.6,79.4,"('Cooper Flagg', 'Dereck Lively II', 'P.J. Washington')",0.6499999999999999,2,0,3,1,1,0,0,2,0,1,0,3.0,2.0,0.0,0.0,0.0,0.0,3.0,0.0,0.0,0.0,5.0,5
22500096,DAL,WAS,78.6,79.4,"('Cooper Flagg', 'Dereck Lively II', 'Ryan Nembhard')",0.6499999999999999,2,0,3,1,1,0,0,2,0,1,0,3.0,2.0,0.0,0.0,0.0,0.0,3.0,0.0,0.0,0.0,5.0,5
22500096,DAL,WAS,78.6,79.4,"('Cooper Flagg', 'Klay Thompson', 'P.J. Washington')",0.6499999999999999,2,0,3,1,1,0,0,2,0,1,0,3.0,2.0,0.0,0.0,0.0,0.0,3.0,0.0,0.0,0.0,5.0,5
22500096,DAL,WAS,78.6,79.4,"('Cooper Flagg', 'Klay Thompson', 'Ryan Nembhard')",0.6499999999999999,2,0,3,1,1,0,0,2,0,1,0,3.0,2.0,0.0,0.0,0.0,0.0,3.0,0.0,0.0,0.0,5.0,5
22500096,DAL,WAS,78.6,79.4,"('Cooper Flagg', 'P.J. Washington', 'Ryan Nembhard')",0.6499999999999999,2,0,3,1,1,0,0,2,0,1,0,3.0,2.0,0.0,0.0,0.0,0.0,3.0,0.0,0.0,0.0,5.0,5
22500096,DAL,WAS,78.6,79.4,"('Dereck Lively II', 'Klay Thompson', 'P.J. Washington')",0.6499999999999999,2,0,3,1,1,0,0,2,0,1,0,3.0,2.0,0.0,0.0,0.0,0.0,3.0,0.0,0.0,0.0,5.0,5
22500096,DAL,WAS,78.6,79.4,"('Dereck Lively II', 'Klay Thompson', 'Ryan Nembhard')",0.6499999999999999,2,0,3,1,1,0,0,2,0,1,0,3.0,2.0,0.0,0.0,0.0,0.0,3.0,0.0,0.0,0.0,5.0,5
22500096,DAL,WAS,78.6,79.4,"('Dereck Lively II', 'P.J. Washington', 'Ryan Nembhard')",0.6499999999999999,2,0,3,1,1,0,0,2,0,1,0,3.0,2.0,0.0,0.0,0.0,0.0,3.0,0.0,0.0,0.0,5.0,5
22500096,DAL,WAS,78.6,79.4,"('Klay Thompson', 'P.J. Washington', 'Ryan Nembhard')",0.6499999999999999,2,0,3,1,1,0,0,2,0,1,0,3.0,2.0,0.0,0.0,0.0,0.0,3.0,0.0,0.0,0.0,5.0,5
22500096,DAL,WAS,78.0,79.0,"('Anthony Davis', 'Brandon Williams', 'Jaden Hardy')",0.2,3,1,0,0,0,0,0,0,0,0,1,0.44,0.0,0.0,0.0,0.0,0.0,0.0,0.0,0.0,0.0,0.44,5
22500096,DAL,WAS,78.0,79.0,"('Anthony Davis', 'Brandon Williams', 'Max Christie')",0.2,3,1,0,0,0,0,0,0,0,0,1,0.44,0.0,0.0,0.0,0.0,0.0,0.0,0.0,0.0,0.0,0.44,5
22500096,DAL,WAS,78.0,79.0,"('Anthony Davis', 'Brandon Williams', 'Naji Marshall')",0.2,3,1,0,0,0,0,0,0,0,0,1,0.44,0.0,0.0,0.0,0.0,0.0,0.0,0.0,0.0,0.0,0.44,5
22500096,DAL,WAS,78.0,79.0,"('Anthony Davis', 'Jaden Hardy', 'Max Christie')",0.2,3,1,0,0,0,0,0,0,0,0,1,0.44,0.0,0.0,0.0,0.0,0.0,0.0,0.0,0.0,0.0,0.44,5
22500096,DAL,WAS,78.0,79.0,"('Anthony Davis', 'Jaden Hardy', 'Naji Marshall')",0.2,3,1,0,0,0,0,0,0,0,0,1,0.44,0.0,0.0,0.0,0.0,0.0,0.0,0.0,0.0,0.0,0.44,5
22500096,DAL,WAS,78.0,79.0,"('Anthony Davis', 'Max Christie', 'Naji Marshall')",0.2,3,1,0,0,0,0,0,0,0,0,1,0.44,0.0,0.0,0.0,0.0,0.0,0.0,0.0,0.0,0.0,0.44,5
22500096,DAL,WAS,78.0,79.0,"('Brandon Williams', 'Jaden Hardy', 'Max Christie')",0.2,3,1,0,0,0,0,0,0,0,0,1,0.44,0.0,0.0,0.0,0.0,0.0,0.0,0.0,0.0,0.0,0.44,5
22500096,DAL,WAS,78.0,79.0,"('Brandon Williams', 'Jaden Hardy', 'Naji Marshall')",0.2,3,1,0,0,0,0,0,0,0,0,1,0.44,0.0,0.0,0.0,0.0,0.0,0.0,0.0,0.0,0.0,0.44,5
22500096,DAL,WAS,78.0,79.0,"('Brandon Williams', 'Max Christie', 'Naji Marshall')",0.2,3,1,0,0,0,0,0,0,0,0,1,0.44,0.0,0.0,0.0,0.0,0.0,0.0,0.0,0.0,0.0,0.44,5
22500096,DAL,WAS,78.0,79.0,"('Jaden Hardy', 'Max Christie', 'Naji Marshall')",0.2,3,1,0,0,0,0,0,0,0,0,1,0.44,0.0,0.0,0.0,0.0,0.0,0.0,0.0,0.0,0.0,0.44,5
22500111,DAL,TOR,79.4,78.6,"('Anthony Davis', 'Cooper Flagg', 'Max Christie')",0.7833333333333333,4,3,2,0,1,1,0,0,0,1,0,2.0,1.0,0.0,0.0,0.0,0.0,0.0,2.0,0.0,2.0,3.0,6
22500111,DAL,TOR,79.4,78.6,"('Anthony Davis', 'Cooper Flagg', 'Naji Marshall')",0.7833333333333333,4,3,2,0,1,1,0,0,0,1,0,2.0,1.0,0.0,0.0,0.0,0.0,0.0,2.0,0.0,2.0,3.0,6
22500111,DAL,TOR,79.4,78.6,"('Anthony Davis', 'Cooper Flagg', 'P.J. Washington')",0.7833333333333333,4,3,2,0,1,1,0,0,0,1,0,2.0,1.0,0.0,0.0,0.0,0.0,0.0,2.0,0.0,2.0,3.0,6
22500111,DAL,TOR,79.4,78.6,"('Anthony Davis', 'Max Christie', 'Naji Marshall')",0.7833333333333333,4,3,2,0,1,1,0,0,0,1,0,2.0,1.0,0.0,0.0,0.0,0.0,0.0,2.0,0.0,2.0,3.0,6
22500111,DAL,TOR,79.4,78.6,"('Anthony Davis', 'Max Christie', 'P.J. Washington')",0.7833333333333333,4,3,2,0,1,1,0,0,0,1,0,2.0,1.0,0.0,0.0,0.0,0.0,0.0,2.0,0.0,2.0,3.0,6
22500111,DAL,TOR,79.4,78.6,"('Anthony Davis', 'Naji Marshall', 'P.J. Washington')",0.7833333333333333,4,3,2,0,1,1,0,0,0,1,0,2.0,1.0,0.0,0.0,0.0,0.0,0.0,2.0,0.0,2.0,3.0,6
22500111,DAL,TOR,79.4,78.6,"('Cooper Flagg', 'Max Christie', 'Naji Marshall')",0.7833333333333333,4,3,2,0,1,1,0,0,0,1,0,2.0,1.0,0.0,0.0,0.0,0.0,0.0,2.0,0.0,2.0,3.0,6
22500111,DAL,TOR,79.4,78.6,"('Cooper Flagg', 'Max Christie', 'P.J. Washington')",0.7833333333333333,4,3,2,0,1,1,0,0,0,1,0,2.0,1.0,0.0,0.0,0.0,0.0,0.0,2.0,0.0,2.0,3.0,6
22500111,DAL,TOR,79.4,78.6,"('Cooper Flagg', 'Naji Marshall', 'P.J. Washington')",0.7833333333333333,4,3,2,0,1,1,0,0,0,1,0,2.0,1.0,0.0,0.0,0.0,0.0,0.0,2.0,0.0,2.0,3.0,6
22500111,DAL,TOR,79.4,78.6,"('Max Christie', 'Naji Marshall', 'P.J. Washington')",0.7833333333333333,4,3,2,0,1,1,0,0,0,1,0,2.0,1.0,0.0,0.0,0.0,0.0,0.0,2.0,0.0,2.0,3.0,6
22500111,DAL,TOR,78.2,79.2,"('Anthony Davis', ""D'Angelo Russell"", 'Max Christie')",0.7833333333333333,4,1,2,1,1,0,1,0,1,0,1,1.44,2.0,0.0,0.0,0.0,0.0,0.0,0.0,0.0,2.0,3.44,6
22500111,DAL,TOR,78.2,79.2,"('Anthony Davis', ""D'Angelo Russell"", 'Naji Marshall')",0.7833333333333333,4,1,2,1,1,0,1,0,1,0,1,1.44,2.0,0.0,0.0,0.0,0.0,0.0,0.0,0.0,2.0,3.44,6
22500111,DAL,TOR,78.2,79.2,"('Anthony Davis', ""D'Angelo Russell"", 'P.J. Washington')",0.7833333333333333,4,1,2,1,1,0,1,0,1,0,1,1.44,2.0,0.0,0.0,0.0,0.0,0.0,0.0,0.0,2.0,3.44,6
22500111,DAL,TOR,78.2,79.2,"('Anthony Davis', 'Max Christie', 'Naji Marshall')",0.7833333333333333,4,1,2,1,1,0,1,0,1,0,1,1.44,2.0,0.0,0.0,0.0,0.0,0.0,0.0,0.0,2.0,3.44,6
22500111,DAL,TOR,78.2,79.2,"('Anthony Davis', 'Max Christie', 'P.J. Washington')",0.7833333333333333,4,1,2,1,1,0,1,0,1,0,1,1.44,2.0,0.0,0.0,0.0,0.0,0.0,0.0,0.0,2.0,3.44,6
22500111,DAL,TOR,78.2,79.2,"('Anthony Davis', 'Naji Marshall', 'P.J. Washington')",0.7833333333333333,4,1,2,1,1,0,1,0,1,0,1,1.44,2.0,0.0,0.0,0.0,0.0,0.0,0.0,0.0,2.0,3.44,6
22500111,DAL,TOR,78.2,79.2,"(""D'Angelo Russell"", 'Max Christie', 'Naji Marshall')",0.7833333333333333,4,1,2,1,1,0,1,0,1,0,1,1.44,2.0,0.0,0.0,0.0,0.0,0.0,0.0,0.0,2.0,3.44,6
22500111,DAL,TOR,78.2,79.2,"(""D'Angelo Russell"", 'Max Christie', 'P.J. Washington')",0.7833333333333333,4,1,2,1,1,0,1,0,1,0,1,1.44,2.0,0.0,0.0,0.0,0.0,0.0,0.0,0.0,2.0,3.44,6
22500111,DAL,TOR,78.2,79.2,"(""D'Angelo Russell"", 'Naji Marshall', 'P.J. Washington')",0.7833333333333333,4,1,2,1,1,0,1,0,1,0,1,1.44,2.0,0.0,0.0,0.0,0.0,0.0,0.0,0.0,2.0,3.44,6
22500111,DAL,TOR,78.2,79.2,"('Max Christie', 'Naji Marshall', 'P.J. Washington')",0.7833333333333333,4,1,2,1,1,0,1,0,1,0,1,1.44,2.0,0.0,0.0,0.0,0.0,0.0,0.0,0.0,2.0,3.44,6
22500111,DAL,TOR,79.6,78.2,"('Cooper Flagg', 'Dereck Lively II', 'Klay Thompson')",0.8166666666666667,3,4,6,0,0,1,0,0,0,1,1,1.88,2.44,0.0,0.0,0.0,0.0,0.0,0.0,0.0,2.0,4.32,6
22500111,DAL,TOR,79.6,78.2,"('Cooper Flagg', 'Dereck Lively II', 'Max Christie')",0.8166666666666667,3,4,6,0,0,1,0,0,0,1,1,1.88,2.44,0.0,0.0,0.0,0.0,0.0,0.0,0.0,2.0,4.32,6
22500111,DAL,TOR,79.6,78.2,"('Cooper Flagg', 'Dereck Lively II', 'Naji Marshall')",0.8166666666666667,3,4,6,0,0,1,0,0,0,1,1,1.88,2.44,0.0,0.0,0.0,0.0,0.0,0.0,0.0,2.0,4.32,6
22500111,DAL,TOR,79.6,78.2,"('Cooper Flagg', 'Klay Thompson', 'Max Christie')",0.8166666666666667,3,4,6,0,0,1,0,0,0,1,1,1.88,2.44,0.0,0.0,0.0,0.0,0.0,0.0,0.0,2.0,4.32,6
22500111,DAL,TOR,79.6,78.2,"('Cooper Flagg', 'Klay Thompson', 'Naji Marshall')",0.8166666666666667,3,4,6,0,0,1,0,0,0,1,1,1.88,2.44,0.0,0.0,0.0,0.0,0.0,0.0,0.0,2.0,4.32,6
22500111,DAL,TOR,79.6,78.2,"('Cooper Flagg', 'Max Christie', 'Naji Marshall')",0.8166666666666667,3,4,6,0,0,1,0,0,0,1,1,1.88,2.44,0.0,0.0,0.0,0.0,0.0,0.0,0.0,2.0,4.32,6
22500111,DAL,TOR,79.6,78.2,"('Dereck Lively II', 'Klay Thompson', 'Max Christie')",0.8166666666666667,3,4,6,0,0,1,0,0,0,1,1,1.88,2.44,0.0,0.0,0.0,0.0,0.0,0.0,0.0,2.0,4.32,6
22500111,DAL,TOR,79.6,78.2,"('Dereck Lively II', 'Klay Thompson', 'Naji Marshall')",0.8166666666666667,3,4,6,0,0,1,0,0,0,1,1,1.88,2.44,0.0,0.0,0.0,0.0,0.0,0.0,0.0,2.0,4.32,6
22500111,DAL,TOR,79.6,78.2,"('Dereck Lively II', 'Max Christie', 'Naji Marshall')",0.8166666666666667,3,4,6,0,0,1,0,0,0,1,1,1.88,2.44,0.0,0.0,0.0,0.0,0.0,0.0,0.0,2.0,4.32,6
22500111,DAL,TOR,79.6,78.2,"('Klay Thompson', 'Max Christie', 'Naji Marshall')",0.8166666666666667,3,4,6,0,0,1,0,0,0,1,1,1.88,2.44,0.0,0.0,0.0,0.0,0.0,0.0,0.0,2.0,4.32,6
22500111,DAL,TOR,78.4,79.4,"('Caleb Martin', 'Cooper Flagg', 'Max Christie')",0.1516666666666666,3,1,0,0,0,0,0,0,0,2,0,0.44,1.0,0.0,0.0,0.0,0.0,0.0,0.0,0.0,0.0,1.44,6
22500111,DAL,TOR,78.4,79.4,"('Caleb Martin', 'Cooper Flagg', 'Naji Marshall')",0.1516666666666666,3,1,0,0,0,0,0,0,0,2,0,0.44,1.0,0.0,0.0,0.0,0.0,0.0,0.0,0.0,0.0,1.44,6
22500111,DAL,TOR,78.4,79.4,"('Caleb Martin', 'Cooper Flagg', 'P.J. Washington')",0.1516666666666666,3,1,0,0,0,0,0,0,0,2,0,0.44,1.0,0.0,0.0,0.0,0.0,0.0,0.0,0.0,0.0,1.44,6
22500111,DAL,TOR,78.4,79.4,"('Caleb Martin', 'Max Christie', 'Naji Marshall')",0.1516666666666666,3,1,0,0,0,0,0,0,0,2,0,0.44,1.0,0.0,0.0,0.0,0.0,0.0,0.0,0.0,0.0,1.44,6
22500111,DAL,TOR,78.4,79.4,"('Caleb Martin', 'Max Christie', 'P.J. Washington')",0.1516666666666666,3,1,0,0,0,0,0,0,0,2,0,0.44,1.0,0.0,0.0,0.0,0.0,0.0,0.0,0.0,0.0,1.44,6
22500111,DAL,TOR,78.4,79.4,"('Caleb Martin', 'Naji Marshall', 'P.J. Washington')",0.1516666666666666,3,1,0,0,0,0,0,0,0,2,0,0.44,1.0,0.0,0.0,0.0,0.0,0.0,0.0,0.0,0.0,1.44,6
22500111,DAL,TOR,78.4,79.4,"('Cooper Flagg', 'Max Christie', 'Naji Marshall')",0.1516666666666666,3,1,0,0,0,0,0,0,0,2,0,0.44,1.0,0.0,0.0,0.0,0.0,0.0,0.0,0.0,0.0,1.44,6
22500111,DAL,TOR,78.4,79.4,"('Cooper Flagg', 'Max Christie', 'P.J. Washington')",0.1516666666666666,3,1,0,0,0,0,0,0,0,2,0,0.44,1.0,0.0,0.0,0.0,0.0,0.0,0.0,0.0,0.0,1.44,6
22500111,DAL,TOR,78.4,79.4,"('Cooper Flagg', 'Naji Marshall', 'P.J. Washington')",0.1516666666666666,3,1,0,0,0,0,0,0,0,2,0,0.44,1.0,0.0,0.0,0.0,0.0,0.0,0.0,0.0,0.0,1.44,6
22500111,DAL,TOR,78.4,79.4,"('Max Christie', 'Naji Marshall', 'P.J. Washington')",0.1516666666666666,3,1,0,0,0,0,0,0,0,2,0,0.44,1.0,0.0,0.0,0.0,0.0,0.0,0.0,0.0,0.0,1.44,6
22500111,DAL,TOR,78.6,79.0,"('Anthony Davis', 'Cooper Flagg', ""D'Angelo Russell"")",1.15,3,1,4,0,5,0,0,0,0,0,0,1.44,2.0,0.0,0.0,0.0,0.0,0.0,0.0,4.0,4.0,3.44,6
22500111,DAL,TOR,78.6,79.0,"('Anthony Davis', 'Cooper Flagg', 'Max Christie')",1.15,3,1,4,0,5,0,0,0,0,0,0,1.44,2.0,0.0,0.0,0.0,0.0,0.0,0.0,4.0,4.0,3.44,6
22500111,DAL,TOR,78.6,79.0,"('Anthony Davis', 'Cooper Flagg', 'Naji Marshall')",1.15,3,1,4,0,5,0,0,0,0,0,0,1.44,2.0,0.0,0.0,0.0,0.0,0.0,0.0,4.0,4.0,3.44,6
22500111,DAL,TOR,78.6,79.0,"('Anthony Davis', ""D'Angelo Russell"", 'Max Christie')",1.15,3,1,4,0,5,0,0,0,0,0,0,1.44,2.0,0.0,0.0,0.0,0.0,0.0,0.0,4.0,4.0,3.44,6
22500111,DAL,TOR,78.6,79.0,"('Anthony Davis', ""D'Angelo Russell"", 'Naji Marshall')",1.15,3,1,4,0,5,0,0,0,0,0,0,1.44,2.0,0.0,0.0,0.0,0.0,0.0,0.0,4.0,4.0,3.44,6
22500111,DAL,TOR,78.6,79.0,"('Anthony Davis', 'Max Christie', 'Naji Marshall')",1.15,3,1,4,0,5,0,0,0,0,0,0,1.44,2.0,0.0,0.0,0.0,0.0,0.0,0.0,4.0,4.0,3.44,6
22500111,DAL,TOR,78.6,79.0,"('Cooper Flagg', ""D'Angelo Russell"", 'Max Christie')",1.15,3,1,4,0,5,0,0,0,0,0,0,1.44,2.0,0.0,0.0,0.0,0.0,0.0,0.0,4.0,4.0,3.44,6
22500111,DAL,TOR,78.6,79.0,"('Cooper Flagg', ""D'Angelo Russell"", 'Naji Marshall')",1.15,3,1,4,0,5,0,0,0,0,0,0,1.44,2.0,0.0,0.0,0.0,0.0,0.0,0.0,4.0,4.0,3.44,6
22500111,DAL,TOR,78.6,79.0,"('Cooper Flagg', 'Max Christie', 'Naji Marshall')",1.15,3,1,4,0,5,0,0,0,0,0,0,1.44,2.0,0.0,0.0,0.0,0.0,0.0,0.0,4.0,4.0,3.44,6
22500111,DAL,TOR,78.6,79.0,"(""D'Angelo Russell"", 'Max Christie', 'Naji Marshall')",1.15,3,1,4,0,5,0,0,0,0,0,0,1.44,2.0,0.0,0.0,0.0,0.0,0.0,0.0,4.0,4.0,3.44,6
22500111,DAL,TOR,79.2,78.4,"('Cooper Flagg', ""D'Angelo Russell"", 'Dereck Lively II')",2.9,3,12,1,5,1,4,0,0,1,0,1,7.0,6.44,6.0,2.0,0.0,12.0,0.0,0.0,0.0,0.0,13.44,6
22500111,DAL,TOR,79.2,78.4,"('Cooper Flagg', ""D'Angelo Russell"", 'Max Christie')",2.9,3,12,1,5,1,4,0,0,1,0,1,7.0,6.44,6.0,2.0,0.0,12.0,0.0,0.0,0.0,0.0,13.44,6
22500111,DAL,TOR,79.2,78.4,"('Cooper Flagg', ""D'Angelo Russell"", 'Naji Marshall')",2.9,3,12,1,5,1,4,0,0,1,0,1,7.0,6.44,6.0,2.0,0.0,12.0,0.0,0.0,0.0,0.0,13.44,6
22500111,DAL,TOR,79.2,78.4,"('Cooper Flagg', 'Dereck Lively II', 'Max Christie')",2.9,3,12,1,5,1,4,0,0,1,0,1,7.0,6.44,6.0,2.0,0.0,12.0,0.0,0.0,0.0,0.0,13.44,6
22500111,DAL,TOR,79.2,78.4,"('Cooper Flagg', 'Dereck Lively II', 'Naji Marshall')",2.9,3,12,1,5,1,4,0,0,1,0,1,7.0,6.44,6.0,2.0,0.0,12.0,0.0,0.0,0.0,0.0,13.44,6
22500111,DAL,TOR,79.2,78.4,"('Cooper Flagg', 'Max Christie', 'Naji Marshall')",2.9,3,12,1,5,1,4,0,0,1,0,1,7.0,6.44,6.0,2.0,0.0,12.0,0.0,0.0,0.0,0.0,13.44,6
22500111,DAL,TOR,79.2,78.4,"(""D'Angelo Russell"", 'Dereck Lively II', 'Max Christie')",2.9,3,12,1,5,1,4,0,0,1,0,1,7.0,6.44,6.0,2.0,0.0,12.0,0.0,0.0,0.0,0.0,13.44,6
22500111,DAL,TOR,79.2,78.4,"(""D'Angelo Russell"", 'Dereck Lively II', 'Naji Marshall')",2.9,3,12,1,5,1,4,0,0,1,0,1,7.0,6.44,6.0,2.0,0.0,12.0,0.0,0.0,0.0,0.0,13.44,6
22500111,DAL,TOR,79.2,78.4,"(""D'Angelo Russell"", 'Max Christie', 'Naji Marshall')",2.9,3,12,1,5,1,4,0,0,1,0,1,7.0,6.44,6.0,2.0,0.0,12.0,0.0,0.0,0.0,0.0,13.44,6
22500111,DAL,TOR,79.2,78.4,"('Dereck Lively II', 'Max Christie', 'Naji Marshall')",2.9,3,12,1,5,1,4,0,0,1,0,1,7.0,6.44,6.0,2.0,0.0,12.0,0.0,0.0,0.0,0.0,13.44,6
22500111,DAL,TOR,80.8,78.4,"('Anthony Davis', 'Cooper Flagg', 'Dereck Lively II')",5.099999999999998,3,14,12,8,7,2,2,1,2,3,5,12.88,12.44,4.0,4.0,4.0,12.0,2.0,0.0,0.0,6.0,25.32,6
22500111,DAL,TOR,80.8,78.4,"('Anthony Davis', 'Cooper Flagg', 'Klay Thompson')",5.099999999999998,3,14,12,8,7,2,2,1,2,3,5,12.88,12.44,4.0,4.0,4.0,12.0,2.0,0.0,0.0,6.0,25.32,6
22500111,DAL,TOR,80.8,78.4,"('Anthony Davis', 'Cooper Flagg', 'P.J. Washington')",5.099999999999998,3,14,12,8,7,2,2,1,2,3,5,12.88,12.44,4.0,4.0,4.0,12.0,2.0,0.0,0.0,6.0,25.32,6
22500111,DAL,TOR,80.8,78.4,"('Anthony Davis', 'Dereck Lively II', 'Klay Thompson')",5.099999999999998,3,14,12,8,7,2,2,1,2,3,5,12.88,12.44,4.0,4.0,4.0,12.0,2.0,0.0,0.0,6.0,25.32,6
22500111,DAL,TOR,80.8,78.4,"('Anthony Davis', 'Dereck Lively II', 'P.J. Washington')",5.099999999999998,3,14,12,8,7,2,2,1,2,3,5,12.88,12.44,4.0,4.0,4.0,12.0,2.0,0.0,0.0,6.0,25.32,6
22500111,DAL,TOR,80.8,78.4,"('Anthony Davis', 'Klay Thompson', 'P.J. Washington')",5.099999999999998,3,14,12,8,7,2,2,1,2,3,5,12.88,12.44,4.0,4.0,4.0,12.0,2.0,0.0,0.0,6.0,25.32,6
22500111,DAL,TOR,80.8,78.4,"('Cooper Flagg', 'Dereck Lively II', 'Klay Thompson')",5.099999999999998,3,14,12,8,7,2,2,1,2,3,5,12.88,12.44,4.0,4.0,4.0,12.0,2.0,0.0,0.0,6.0,25.32,6
22500111,DAL,TOR,80.8,78.4,"('Cooper Flagg', 'Dereck Lively II', 'P.J. Washington')",5.099999999999998,3,14,12,8,7,2,2,1,2,3,5,12.88,12.44,4.0,4.0,4.0,12.0,2.0,0.0,0.0,6.0,25.32,6
22500111,DAL,TOR,80.8,78.4,"('Cooper Flagg', 'Klay Thompson', 'P.J. Washington')",5.099999999999998,3,14,12,8,7,2,2,1,2,3,5,12.88,12.44,4.0,4.0,4.0,12.0,2.0,0.0,0.0,6.0,25.32,6
22500111,DAL,TOR,80.8,78.4,"('Dereck Lively II', 'Klay Thompson', 'P.J. Washington')",5.099999999999998,3,14,12,8,7,2,2,1,2,3,5,12.88,12.44,4.0,4.0,4.0,12.0,2.0,0.0,0.0,6.0,25.32,6
22500111,DAL,TOR,79.4,79.0,"('Anthony Davis', 'Cooper Flagg', 'Max Christie')",0.025,3,0,0,0,1,0,0,0,0,0,0,0.0,1.0,0.0,0.0,0.0,0.0,0.0,0.0,0.0,0.0,1.0,6
22500111,DAL,TOR,79.4,79.0,"('Anthony Davis', 'Cooper Flagg', 'Naji Marshall')",0.025,3,0,0,0,1,0,0,0,0,0,0,0.0,1.0,0.0,0.0,0.0,0.0,0.0,0.0,0.0,0.0,1.0,6
22500111,DAL,TOR,79.4,79.0,"('Anthony Davis', 'Cooper Flagg', 'P.J. Washington')",0.025,3,0,0,0,1,0,0,0,0,0,0,0.0,1.0,0.0,0.0,0.0,0.0,0.0,0.0,0.0,0.0,1.0,6
22500111,DAL,TOR,79.4,79.0,"('Anthony Davis', 'Max Christie', 'Naji Marshall')",0.025,3,0,0,0,1,0,0,0,0,0,0,0.0,1.0,0.0,0.0,0.0,0.0,0.0,0.0,0.0,0.0,1.0,6
22500111,DAL,TOR,79.4,79.0,"('Anthony Davis', 'Max Christie', 'P.J. Washington')",0.025,3,0,0,0,1,0,0,0,0,0,0,0.0,1.0,0.0,0.0,0.0,0.0,0.0,0.0,0.0,0.0,1.0,6
22500111,DAL,TOR,79.4,79.0,"('Anthony Davis', 'Naji Marshall', 'P.J. Washington')",0.025,3,0,0,0,1,0,0,0,0,0,0,0.0,1.0,0.0,0.0,0.0,0.0,0.0,0.0,0.0,0.0,1.0,6
22500111,DAL,TOR,79.4,79.0,"('Cooper Flagg', 'Max Christie', 'Naji Marshall')",0.025,3,0,0,0,1,0,0,0,0,0,0,0.0,1.0,0.0,0.0,0.0,0.0,0.0,0.0,0.0,0.0,1.0,6
22500111,DAL,TOR,79.4,79.0,"('Cooper Flagg', 'Max Christie', 'P.J. Washington')",0.025,3,0,0,0,1,0,0,0,0,0,0,0.0,1.0,0.0,0.0,0.0,0.0,0.0,0.0,0.0,0.0,1.0,6
22500111,DAL,TOR,79.4,79.0,"('Cooper Flagg', 'Naji Marshall', 'P.J. Washington')",0.025,3,0,0,0,1,0,0,0,0,0,0,0.0,1.0,0.0,0.0,0.0,0.0,0.0,0.0,0.0,0.0,1.0,6
22500111,DAL,TOR,79.4,79.0,"('Max Christie', 'Naji Marshall', 'P.J. Washington')",0.025,3,0,0,0,1,0,0,0,0,0,0,0.0,1.0,0.0,0.0,0.0,0.0,0.0,0.0,0.0,0.0,1.0,6
22500111,DAL,TOR,78.8,77.4,"('Anthony Davis', 'Cooper Flagg', ""D'Angelo Russell"")",0.7333333333333334,4,3,1,2,0,1,0,0,0,2,0,1.0,2.44,0.0,0.0,0.0,0.0,0.0,0.0,0.0,0.0,3.44,6
22500111,DAL,TOR,78.8,77.4,"('Anthony Davis', 'Cooper Flagg', 'Max Christie')",0.7333333333333334,4,3,1,2,0,1,0,0,0,2,0,1.0,2.44,0.0,0.0,0.0,0.0,0.0,0.0,0.0,0.0,3.44,6
22500111,DAL,TOR,78.8,77.4,"('Anthony Davis', 'Cooper Flagg', 'P.J. Washington')",0.7333333333333334,4,3,1,2,0,1,0,0,0,2,0,1.0,2.44,0.0,0.0,0.0,0.0,0.0,0.0,0.0,0.0,3.44,6
22500111,DAL,TOR,78.8,77.4,"('Anthony Davis', ""D'Angelo Russell"", 'Max Christie')",0.7333333333333334,4,3,1,2,0,1,0,0,0,2,0,1.0,2.44,0.0,0.0,0.0,0.0,0.0,0.0,0.0,0.0,3.44,6
22500111,DAL,TOR,78.8,77.4,"('Anthony Davis', ""D'Angelo Russell"", 'P.J. Washington')",0.7333333333333334,4,3,1,2,0,1,0,0,0,2,0,1.0,2.44,0.0,0.0,0.0,0.0,0.0,0.0,0.0,0.0,3.44,6
22500111,DAL,TOR,78.8,77.4,"('Anthony Davis', 'Max Christie', 'P.J. Washington')",0.7333333333333334,4,3,1,2,0,1,0,0,0,2,0,1.0,2.44,0.0,0.0,0.0,0.0,0.0,0.0,0.0,0.0,3.44,6
22500111,DAL,TOR,78.8,77.4,"('Cooper Flagg', ""D'Angelo Russell"", 'Max Christie')",0.7333333333333334,4,3,1,2,0,1,0,0,0,2,0,1.0,2.44,0.0,0.0,0.0,0.0,0.0,0.0,0.0,0.0,3.44,6
22500111,DAL,TOR,78.8,77.4,"('Cooper Flagg', ""D'Angelo Russell"", 'P.J. Washington')",0.7333333333333334,4,3,1,2,0,1,0,0,0,2,0,1.0,2.44,0.0,0.0,0.0,0.0,0.0,0.0,0.0,0.0,3.44,6
22500111,DAL,TOR,78.8,77.4,"('Cooper Flagg', 'Max Christie', 'P.J. Washington')",0.7333333333333334,4,3,1,2,0,1,0,0,0,2,0,1.0,2.44,0.0,0.0,0.0,0.0,0.0,0.0,0.0,0.0,3.44,6
22500111,DAL,TOR,78.8,77.4,"(""D'Angelo Russell"", 'Max Christie', 'P.J. Washington')",0.7333333333333334,4,3,1,2,0,1,0,0,0,2,0,1.0,2.44,0.0,0.0,0.0,0.0,0.0,0.0,0.0,0.0,3.44,6
22500111,DAL,TOR,78.8,79.2,"(""D'Angelo Russell"", 'Dereck Lively II', 'Max Christie')",1.9,4,8,7,0,1,1,2,0,1,1,3,4.88,4.32,0.0,0.0,0.0,6.0,0.0,0.0,0.0,4.0,9.2,6
22500111,DAL,TOR,78.8,79.2,"(""D'Angelo Russell"", 'Dereck Lively II', 'Naji Marshall')",1.9,4,8,7,0,1,1,2,0,1,1,3,4.88,4.32,0.0,0.0,0.0,6.0,0.0,0.0,0.0,4.0,9.2,6
22500111,DAL,TOR,78.8,79.2,"(""D'Angelo Russell"", 'Dereck Lively II', 'P.J. Washington')",1.9,4,8,7,0,1,1,2,0,1,1,3,4.88,4.32,0.0,0.0,0.0,6.0,0.0,0.0,0.0,4.0,9.2,6
22500111,DAL,TOR,78.8,79.2,"(""D'Angelo Russell"", 'Max Christie', 'Naji Marshall')",1.9,4,8,7,0,1,1,2,0,1,1,3,4.88,4.32,0.0,0.0,0.0,6.0,0.0,0.0,0.0,4.0,9.2,6
22500111,DAL,TOR,78.8,79.2,"(""D'Angelo Russell"", 'Max Christie', 'P.J. Washington')",1.9,4,8,7,0,1,1,2,0,1,1,3,4.88,4.32,0.0,0.0,0.0,6.0,0.0,0.0,0.0,4.0,9.2,6
22500111,DAL,TOR,78.8,79.2,"(""D'Angelo Russell"", 'Naji Marshall', 'P.J. Washington')",1.9,4,8,7,0,1,1,2,0,1,1,3,4.88,4.32,0.0,0.0,0.0,6.0,0.0,0.0,0.0,4.0,9.2,6
22500111,DAL,TOR,78.8,79.2,"('Dereck Lively II', 'Max Christie', 'Naji Marshall')",1.9,4,8,7,0,1,1,2,0,1,1,3,4.88,4.32,0.0,0.0,0.0,6.0,0.0,0.0,0.0,4.0,9.2,6
22500111,DAL,TOR,78.8,79.2,"('Dereck Lively II', 'Max Christie', 'P.J. Washington')",1.9,4,8,7,0,1,1,2,0,1,1,3,4.88,4.32,0.0,0.0,0.0,6.0,0.0,0.0,0.0,4.0,9.2,6
22500111,DAL,TOR,78.8,79.2,"('Dereck Lively II', 'Naji Marshall', 'P.J. Washington')",1.9,4,8,7,0,1,1,2,0,1,1,3,4.88,4.32,0.0,0.0,0.0,6.0,0.0,0.0,0.0,4.0,9.2,6
22500111,DAL,TOR,78.8,79.2,"('Max Christie', 'Naji Marshall', 'P.J. Washington')",1.9,4,8,7,0,1,1,2,0,1,1,3,4.88,4.32,0.0,0.0,0.0,6.0,0.0,0.0,0.0,4.0,9.2,6
22500111,DAL,TOR,76.2,77.8,"('Caleb Martin', 'Dwight Powell', 'Jaden Hardy')",2.173333333333334,4,8,14,2,1,2,3,5,1,5,2,8.76,8.32,0.0,0.0,0.0,4.0,9.0,0.0,3.0,2.0,17.08,6
22500111,DAL,TOR,76.2,77.8,"('Caleb Martin', 'Dwight Powell', 'Miles Kelly')",2.173333333333334,4,8,14,2,1,2,3,5,1,5,2,8.76,8.32,0.0,0.0,0.0,4.0,9.0,0.0,3.0,2.0,17.08,6
22500111,DAL,TOR,76.2,77.8,"('Caleb Martin', 'Dwight Powell', 'Ryan Nembhard')",2.173333333333334,4,8,14,2,1,2,3,5,1,5,2,8.76,8.32,0.0,0.0,0.0,4.0,9.0,0.0,3.0,2.0,17.08,6
22500111,DAL,TOR,76.2,77.8,"('Caleb Martin', 'Jaden Hardy', 'Miles Kelly')",2.173333333333334,4,8,14,2,1,2,3,5,1,5,2,8.76,8.32,0.0,0.0,0.0,4.0,9.0,0.0,3.0,2.0,17.08,6
22500111,DAL,TOR,76.2,77.8,"('Caleb Martin', 'Jaden Hardy', 'Ryan Nembhard')",2.173333333333334,4,8,14,2,1,2,3,5,1,5,2,8.76,8.32,0.0,0.0,0.0,4.0,9.0,0.0,3.0,2.0,17.08,6
22500111,DAL,TOR,76.2,77.8,"('Caleb Martin', 'Miles Kelly', 'Ryan Nembhard')",2.173333333333334,4,8,14,2,1,2,3,5,1,5,2,8.76,8.32,0.0,0.0,0.0,4.0,9.0,0.0,3.0,2.0,17.08,6
22500111,DAL,TOR,76.2,77.8,"('Dwight Powell', 'Jaden Hardy', 'Miles Kelly')",2.173333333333334,4,8,14,2,1,2,3,5,1,5,2,8.76,8.32,0.0,0.0,0.0,4.0,9.0,0.0,3.0,2.0,17.08,6
22500111,DAL,TOR,76.2,77.8,"('Dwight Powell', 'Jaden Hardy', 'Ryan Nembhard')",2.173333333333334,4,8,14,2,1,2,3,5,1,5,2,8.76,8.32,0.0,0.0,0.0,4.0,9.0,0.0,3.0,2.0,17.08,6
22500111,DAL,TOR,76.2,77.8,"('Dwight Powell', 'Miles Kelly', 'Ryan Nembhard')",2.173333333333334,4,8,14,2,1,2,3,5,1,5,2,8.76,8.32,0.0,0.0,0.0,4.0,9.0,0.0,3.0,2.0,17.08,6
22500111,DAL,TOR,76.2,77.8,"('Jaden Hardy', 'Miles Kelly', 'Ryan Nembhard')",2.173333333333334,4,8,14,2,1,2,3,5,1,5,2,8.76,8.32,0.0,0.0,0.0,4.0,9.0,0.0,3.0,2.0,17.08,6
22500111,DAL,TOR,77.8,79.2,"('Anthony Davis', 'Caleb Martin', ""D'Angelo Russell"")",0.9666666666666668,4,4,2,0,1,1,0,0,1,0,1,2.44,2.0,0.0,0.0,0.0,0.0,0.0,0.0,0.0,2.0,4.44,6
22500111,DAL,TOR,77.8,79.2,"('Anthony Davis', 'Caleb Martin', 'Max Christie')",0.9666666666666668,4,4,2,0,1,1,0,0,1,0,1,2.44,2.0,0.0,0.0,0.0,0.0,0.0,0.0,0.0,2.0,4.44,6
22500111,DAL,TOR,77.8,79.2,"('Anthony Davis', 'Caleb Martin', 'Naji Marshall')",0.9666666666666668,4,4,2,0,1,1,0,0,1,0,1,2.44,2.0,0.0,0.0,0.0,0.0,0.0,0.0,0.0,2.0,4.44,6
22500111,DAL,TOR,77.8,79.2,"('Anthony Davis', ""D'Angelo Russell"", 'Max Christie')",0.9666666666666668,4,4,2,0,1,1,0,0,1,0,1,2.44,2.0,0.0,0.0,0.0,0.0,0.0,0.0,0.0,2.0,4.44,6
22500111,DAL,TOR,77.8,79.2,"('Anthony Davis', ""D'Angelo Russell"", 'Naji Marshall')",0.9666666666666668,4,4,2,0,1,1,0,0,1,0,1,2.44,2.0,0.0,0.0,0.0,0.0,0.0,0.0,0.0,2.0,4.44,6
22500111,DAL,TOR,77.8,79.2,"('Anthony Davis', 'Max Christie', 'Naji Marshall')",0.9666666666666668,4,4,2,0,1,1,0,0,1,0,1,2.44,2.0,0.0,0.0,0.0,0.0,0.0,0.0,0.0,2.0,4.44,6
22500111,DAL,TOR,77.8,79.2,"('Caleb Martin', ""D'Angelo Russell"", 'Max Christie')",0.9666666666666668,4,4,2,0,1,1,0,0,1,0,1,2.44,2.0,0.0,0.0,0.0,0.0,0.0,0.0,0.0,2.0,4.44,6
22500111,DAL,TOR,77.8,79.2,"('Caleb Martin', ""D'Angelo Russell"", 'Naji Marshall')",0.9666666666666668,4,4,2,0,1,1,0,0,1,0,1,2.44,2.0,0.0,0.0,0.0,0.0,0.0,0.0,0.0,2.0,4.44,6
22500111,DAL,TOR,77.8,79.2,"('Caleb Martin', 'Max Christie', 'Naji Marshall')",0.9666666666666668,4,4,2,0,1,1,0,0,1,0,1,2.44,2.0,0.0,0.0,0.0,0.0,0.0,0.0,0.0,2.0,4.44,6
22500111,DAL,TOR,77.8,79.2,"(""D'Angelo Russell"", 'Max Christie', 'Naji Marshall')",0.9666666666666668,4,4,2,0,1,1,0,0,1,0,1,2.44,2.0,0.0,0.0,0.0,0.0,0.0,0.0,0.0,2.0,4.44,6
22500111,DAL,TOR,78.6,77.4,"('Anthony Davis', 'Cooper Flagg', ""D'Angelo Russell"")",0.0,4,1,1,0,0,0,0,0,0,0,0,0.44,0.44,0.0,0.0,0.0,0.0,0.0,0.0,0.0,0.0,0.88,6
22500111,DAL,TOR,78.6,77.4,"('Anthony Davis', 'Cooper Flagg', 'Max Christie')",0.0,4,1,1,0,0,0,0,0,0,0,0,0.44,0.44,0.0,0.0,0.0,0.0,0.0,0.0,0.0,0.0,0.88,6
22500111,DAL,TOR,78.6,77.4,"('Anthony Davis', 'Cooper Flagg', 'Naji Marshall')",0.0,4,1,1,0,0,0,0,0,0,0,0,0.44,0.44,0.0,0.0,0.0,0.0,0.0,0.0,0.0,0.0,0.88,6
22500111,DAL,TOR,78.6,77.4,"('Anthony Davis', ""D'Angelo Russell"", 'Max Christie')",0.0,4,1,1,0,0,0,0,0,0,0,0,0.44,0.44,0.0,0.0,0.0,0.0,0.0,0.0,0.0,0.0,0.88,6
22500111,DAL,TOR,78.6,77.4,"('Anthony Davis', ""D'Angelo Russell"", 'Naji Marshall')",0.0,4,1,1,0,0,0,0,0,0,0,0,0.44,0.44,0.0,0.0,0.0,0.0,0.0,0.0,0.0,0.0,0.88,6
22500111,DAL,TOR,78.6,77.4,"('Anthony Davis', 'Max Christie', 'Naji Marshall')",0.0,4,1,1,0,0,0,0,0,0,0,0,0.44,0.44,0.0,0.0,0.0,0.0,0.0,0.0,0.0,0.0,0.88,6
22500111,DAL,TOR,78.6,77.4,"('Cooper Flagg', ""D'Angelo Russell"", 'Max Christie')",0.0,4,1,1,0,0,0,0,0,0,0,0,0.44,0.44,0.0,0.0,0.0,0.0,0.0,0.0,0.0,0.0,0.88,6
22500111,DAL,TOR,78.6,77.4,"('Cooper Flagg', ""D'Angelo Russell"", 'Naji Marshall')",0.0,4,1,1,0,0,0,0,0,0,0,0,0.44,0.44,0.0,0.0,0.0,0.0,0.0,0.0,0.0,0.0,0.88,6
22500111,DAL,TOR,78.6,77.4,"('Cooper Flagg', 'Max Christie', 'Naji Marshall')",0.0,4,1,1,0,0,0,0,0,0,0,0,0.44,0.44,0.0,0.0,0.0,0.0,0.0,0.0,0.0,0.0,0.88,6
22500111,DAL,TOR,78.6,77.4,"(""D'Angelo Russell"", 'Max Christie', 'Naji Marshall')",0.0,4,1,1,0,0,0,0,0,0,0,0,0.44,0.44,0.0,0.0,0.0,0.0,0.0,0.0,0.0,0.0,0.88,6
22500111,DAL,TOR,78.8,78.6,"('Anthony Davis', 'Cooper Flagg', ""D'Angelo Russell"")",0.4499999999999999,4,2,0,1,0,0,0,0,0,1,0,1.0,1.0,0.0,0.0,0.0,2.0,0.0,0.0,0.0,0.0,2.0,6
22500111,DAL,TOR,78.8,78.6,"('Anthony Davis', 'Cooper Flagg', 'Klay Thompson')",0.4499999999999999,4,2,0,1,0,0,0,0,0,1,0,1.0,1.0,0.0,0.0,0.0,2.0,0.0,0.0,0.0,0.0,2.0,6
22500111,DAL,TOR,78.8,78.6,"('Anthony Davis', 'Cooper Flagg', 'P.J. Washington')",0.4499999999999999,4,2,0,1,0,0,0,0,0,1,0,1.0,1.0,0.0,0.0,0.0,2.0,0.0,0.0,0.0,0.0,2.0,6
22500111,DAL,TOR,78.8,78.6,"('Anthony Davis', ""D'Angelo Russell"", 'Klay Thompson')",0.4499999999999999,4,2,0,1,0,0,0,0,0,1,0,1.0,1.0,0.0,0.0,0.0,2.0,0.0,0.0,0.0,0.0,2.0,6
22500111,DAL,TOR,78.8,78.6,"('Anthony Davis', ""D'Angelo Russell"", 'P.J. Washington')",0.4499999999999999,4,2,0,1,0,0,0,0,0,1,0,1.0,1.0,0.0,0.0,0.0,2.0,0.0,0.0,0.0,0.0,2.0,6
22500111,DAL,TOR,78.8,78.6,"('Anthony Davis', 'Klay Thompson', 'P.J. Washington')",0.4499999999999999,4,2,0,1,0,0,0,0,0,1,0,1.0,1.0,0.0,0.0,0.0,2.0,0.0,0.0,0.0,0.0,2.0,6
22500111,DAL,TOR,78.8,78.6,"('Cooper Flagg', ""D'Angelo Russell"", 'Klay Thompson')",0.4499999999999999,4,2,0,1,0,0,0,0,0,1,0,1.0,1.0,0.0,0.0,0.0,2.0,0.0,0.0,0.0,0.0,2.0,6
22500111,DAL,TOR,78.8,78.6,"('Cooper Flagg', ""D'Angelo Russell"", 'P.J. Washington')",0.4499999999999999,4,2,0,1,0,0,0,0,0,1,0,1.0,1.0,0.0,0.0,0.0,2.0,0.0,0.0,0.0,0.0,2.0,6
22500111,DAL,TOR,78.8,78.6,"('Cooper Flagg', 'Klay Thompson', 'P.J. Washington')",0.4499999999999999,4,2,0,1,0,0,0,0,0,1,0,1.0,1.0,0.0,0.0,0.0,2.0,0.0,0.0,0.0,0.0,2.0,6
22500111,DAL,TOR,78.8,78.6,"(""D'Angelo Russell"", 'Klay Thompson', 'P.J. Washington')",0.4499999999999999,4,2,0,1,0,0,0,0,0,1,0,1.0,1.0,0.0,0.0,0.0,2.0,0.0,0.0,0.0,0.0,2.0,6
22500111,DAL,TOR,78.0,78.6,"('Anthony Davis', 'Caleb Martin', ""D'Angelo Russell"")",3.533333333333333,4,6,4,4,3,2,2,1,1,0,1,8.0,8.0,2.0,4.0,0.0,6.0,0.0,0.0,0.0,4.0,16.0,6
22500111,DAL,TOR,78.0,78.6,"('Anthony Davis', 'Caleb Martin', 'Klay Thompson')",3.533333333333333,4,6,4,4,3,2,2,1,1,0,1,8.0,8.0,2.0,4.0,0.0,6.0,0.0,0.0,0.0,4.0,16.0,6
22500111,DAL,TOR,78.0,78.6,"('Anthony Davis', 'Caleb Martin', 'P.J. Washington')",3.533333333333333,4,6,4,4,3,2,2,1,1,0,1,8.0,8.0,2.0,4.0,0.0,6.0,0.0,0.0,0.0,4.0,16.0,6
22500111,DAL,TOR,78.0,78.6,"('Anthony Davis', ""D'Angelo Russell"", 'Klay Thompson')",3.533333333333333,4,6,4,4,3,2,2,1,1,0,1,8.0,8.0,2.0,4.0,0.0,6.0,0.0,0.0,0.0,4.0,16.0,6
22500111,DAL,TOR,78.0,78.6,"('Anthony Davis', ""D'Angelo Russell"", 'P.J. Washington')",3.533333333333333,4,6,4,4,3,2,2,1,1,0,1,8.0,8.0,2.0,4.0,0.0,6.0,0.0,0.0,0.0,4.0,16.0,6
22500111,DAL,TOR,78.0,78.6,"('Anthony Davis', 'Klay Thompson', 'P.J. Washington')",3.533333333333333,4,6,4,4,3,2,2,1,1,0,1,8.0,8.0,2.0,4.0,0.0,6.0,0.0,0.0,0.0,4.0,16.0,6
22500111,DAL,TOR,78.0,78.6,"('Caleb Martin', ""D'Angelo Russell"", 'Klay Thompson')",3.533333333333333,4,6,4,4,3,2,2,1,1,0,1,8.0,8.0,2.0,4.0,0.0,6.0,0.0,0.0,0.0,4.0,16.0,6
22500111,DAL,TOR,78.0,78.6,"('Caleb Martin', ""D'Angelo Russell"", 'P.J. Washington')",3.533333333333333,4,6,4,4,3,2,2,1,1,0,1,8.0,8.0,2.0,4.0,0.0,6.0,0.0,0.0,0.0,4.0,16.0,6
22500111,DAL,TOR,78.0,78.6,"('Caleb Martin', 'Klay Thompson', 'P.J. Washington')",3.533333333333333,4,6,4,4,3,2,2,1,1,0,1,8.0,8.0,2.0,4.0,0.0,6.0,0.0,0.0,0.0,4.0,16.0,6
22500111,DAL,TOR,78.0,78.6,"(""D'Angelo Russell"", 'Klay Thompson', 'P.J. Washington')",3.533333333333333,4,6,4,4,3,2,2,1,1,0,1,8.0,8.0,2.0,4.0,0.0,6.0,0.0,0.0,0.0,4.0,16.0,6
22500111,DAL,TOR,79.4,78.6,"('Anthony Davis', 'Cooper Flagg', 'Klay Thompson')",0.4999999999999999,4,0,5,0,0,0,2,1,0,0,0,1.0,2.0,0.0,0.0,0.0,0.0,3.0,3.0,0.0,2.0,3.0,6
22500111,DAL,TOR,79.4,78.6,"('Anthony Davis', 'Cooper Flagg', 'Naji Marshall')",0.4999999999999999,4,0,5,0,0,0,2,1,0,0,0,1.0,2.0,0.0,0.0,0.0,0.0,3.0,3.0,0.0,2.0,3.0,6
22500111,DAL,TOR,79.4,78.6,"('Anthony Davis', 'Cooper Flagg', 'P.J. Washington')",0.4999999999999999,4,0,5,0,0,0,2,1,0,0,0,1.0,2.0,0.0,0.0,0.0,0.0,3.0,3.0,0.0,2.0,3.0,6
22500111,DAL,TOR,79.4,78.6,"('Anthony Davis', 'Klay Thompson', 'Naji Marshall')",0.4999999999999999,4,0,5,0,0,0,2,1,0,0,0,1.0,2.0,0.0,0.0,0.0,0.0,3.0,3.0,0.0,2.0,3.0,6
22500111,DAL,TOR,79.4,78.6,"('Anthony Davis', 'Klay Thompson', 'P.J. Washington')",0.4999999999999999,4,0,5,0,0,0,2,1,0,0,0,1.0,2.0,0.0,0.0,0.0,0.0,3.0,3.0,0.0,2.0,3.0,6
22500111,DAL,TOR,79.4,78.6,"('Anthony Davis', 'Naji Marshall', 'P.J. Washington')",0.4999999999999999,4,0,5,0,0,0,2,1,0,0,0,1.0,2.0,0.0,0.0,0.0,0.0,3.0,3.0,0.0,2.0,3.0,6
22500111,DAL,TOR,79.4,78.6,"('Cooper Flagg', 'Klay Thompson', 'Naji Marshall')",0.4999999999999999,4,0,5,0,0,0,2,1,0,0,0,1.0,2.0,0.0,0.0,0.0,0.0,3.0,3.0,0.0,2.0,3.0,6
22500111,DAL,TOR,79.4,78.6,"('Cooper Flagg', 'Klay Thompson', 'P.J. Washington')",0.4999999999999999,4,0,5,0,0,0,2,1,0,0,0,1.0,2.0,0.0,0.0,0.0,0.0,3.0,3.0,0.0,2.0,3.0,6
22500111,DAL,TOR,79.4,78.6,"('Cooper Flagg', 'Naji Marshall', 'P.J. Washington')",0.4999999999999999,4,0,5,0,0,0,2,1,0,0,0,1.0,2.0,0.0,0.0,0.0,0.0,3.0,3.0,0.0,2.0,3.0,6
22500111,DAL,TOR,79.4,78.6,"('Klay Thompson', 'Naji Marshall', 'P.J. Washington')",0.4999999999999999,4,0,5,0,0,0,2,1,0,0,0,1.0,2.0,0.0,0.0,0.0,0.0,3.0,3.0,0.0,2.0,3.0,6
22500111,DAL,TOR,78.2,79.0,"('Anthony Davis', ""D'Angelo Russell"", 'Max Christie')",1.8516666666666668,3,7,2,2,2,2,1,0,1,0,1,4.0,3.0,0.0,2.0,3.0,2.0,0.0,0.0,0.0,0.0,7.0,6
22500111,DAL,TOR,78.2,79.0,"('Anthony Davis', ""D'Angelo Russell"", 'Naji Marshall')",1.8516666666666668,3,7,2,2,2,2,1,0,1,0,1,4.0,3.0,0.0,2.0,3.0,2.0,0.0,0.0,0.0,0.0,7.0,6
22500111,DAL,TOR,78.2,79.0,"('Anthony Davis', ""D'Angelo Russell"", 'P.J. Washington')",1.8516666666666668,3,7,2,2,2,2,1,0,1,0,1,4.0,3.0,0.0,2.0,3.0,2.0,0.0,0.0,0.0,0.0,7.0,6
22500111,DAL,TOR,78.2,79.0,"('Anthony Davis', 'Max Christie', 'Naji Marshall')",1.8516666666666668,3,7,2,2,2,2,1,0,1,0,1,4.0,3.0,0.0,2.0,3.0,2.0,0.0,0.0,0.0,0.0,7.0,6
22500111,DAL,TOR,78.2,79.0,"('Anthony Davis', 'Max Christie', 'P.J. Washington')",1.8516666666666668,3,7,2,2,2,2,1,0,1,0,1,4.0,3.0,0.0,2.0,3.0,2.0,0.0,0.0,0.0,0.0,7.0,6
22500111,DAL,TOR,78.2,79.0,"('Anthony Davis', 'Naji Marshall', 'P.J. Washington')",1.8516666666666668,3,7,2,2,2,2,1,0,1,0,1,4.0,3.0,0.0,2.0,3.0,2.0,0.0,0.0,0.0,0.0,7.0,6
22500111,DAL,TOR,78.2,79.0,"(""D'Angelo Russell"", 'Max Christie', 'Naji Marshall')",1.8516666666666668,3,7,2,2,2,2,1,0,1,0,1,4.0,3.0,0.0,2.0,3.0,2.0,0.0,0.0,0.0,0.0,7.0,6
22500111,DAL,TOR,78.2,79.0,"(""D'Angelo Russell"", 'Max Christie', 'P.J. Washington')",1.8516666666666668,3,7,2,2,2,2,1,0,1,0,1,4.0,3.0,0.0,2.0,3.0,2.0,0.0,0.0,0.0,0.0,7.0,6
22500111,DAL,TOR,78.2,79.0,"(""D'Angelo Russell"", 'Naji Marshall', 'P.J. Washington')",1.8516666666666668,3,7,2,2,2,2,1,0,1,0,1,4.0,3.0,0.0,2.0,3.0,2.0,0.0,0.0,0.0,0.0,7.0,6
22500111,DAL,TOR,78.2,79.0,"('Max Christie', 'Naji Marshall', 'P.J. Washington')",1.8516666666666668,3,7,2,2,2,2,1,0,1,0,1,4.0,3.0,0.0,2.0,3.0,2.0,0.0,0.0,0.0,0.0,7.0,6
22500111,DAL,TOR,78.8,78.0,"('Anthony Davis', 'Cooper Flagg', ""D'Angelo Russell"")",1.4066666666666667,2,4,4,1,1,1,1,0,0,0,0,3.0,3.0,0.0,0.0,0.0,2.0,2.0,2.0,0.0,2.0,6.0,6
22500111,DAL,TOR,78.8,78.0,"('Anthony Davis', 'Cooper Flagg', 'Max Christie')",1.4066666666666667,2,4,4,1,1,1,1,0,0,0,0,3.0,3.0,0.0,0.0,0.0,2.0,2.0,2.0,0.0,2.0,6.0,6
22500111,DAL,TOR,78.8,78.0,"('Anthony Davis', 'Cooper Flagg', 'P.J. Washington')",1.4066666666666667,2,4,4,1,1,1,1,0,0,0,0,3.0,3.0,0.0,0.0,0.0,2.0,2.0,2.0,0.0,2.0,6.0,6
22500111,DAL,TOR,78.8,78.0,"('Anthony Davis', ""D'Angelo Russell"", 'Max Christie')",1.4066666666666667,2,4,4,1,1,1,1,0,0,0,0,3.0,3.0,0.0,0.0,0.0,2.0,2.0,2.0,0.0,2.0,6.0,6
22500111,DAL,TOR,78.8,78.0,"('Anthony Davis', ""D'Angelo Russell"", 'P.J. Washington')",1.4066666666666667,2,4,4,1,1,1,1,0,0,0,0,3.0,3.0,0.0,0.0,0.0,2.0,2.0,2.0,0.0,2.0,6.0,6
22500111,DAL,TOR,78.8,78.0,"('Anthony Davis', 'Max Christie', 'P.J. Washington')",1.4066666666666667,2,4,4,1,1,1,1,0,0,0,0,3.0,3.0,0.0,0.0,0.0,2.0,2.0,2.0,0.0,2.0,6.0,6
22500111,DAL,TOR,78.8,78.0,"('Cooper Flagg', ""D'Angelo Russell"", 'Max Christie')",1.4066666666666667,2,4,4,1,1,1,1,0,0,0,0,3.0,3.0,0.0,0.0,0.0,2.0,2.0,2.0,0.0,2.0,6.0,6
22500111,DAL,TOR,78.8,78.0,"('Cooper Flagg', ""D'Angelo Russell"", 'P.J. Washington')",1.4066666666666667,2,4,4,1,1,1,1,0,0,0,0,3.0,3.0,0.0,0.0,0.0,2.0,2.0,2.0,0.0,2.0,6.0,6
22500111,DAL,TOR,78.8,78.0,"('Cooper Flagg', 'Max Christie', 'P.J. Washington')",1.4066666666666667,2,4,4,1,1,1,1,0,0,0,0,3.0,3.0,0.0,0.0,0.0,2.0,2.0,2.0,0.0,2.0,6.0,6
22500111,DAL,TOR,78.8,78.0,"(""D'Angelo Russell"", 'Max Christie', 'P.J. Washington')",1.4066666666666667,2,4,4,1,1,1,1,0,0,0,0,3.0,3.0,0.0,0.0,0.0,2.0,2.0,2.0,0.0,2.0,6.0,6
22500111,DAL,TOR,78.0,78.2,"('Anthony Davis', 'Caleb Martin', ""D'Angelo Russell"")",1.3666666666666667,2,3,5,0,3,0,1,0,0,0,2,2.3200000000000003,2.0,0.0,0.0,0.0,0.0,0.0,0.0,2.0,2.0,4.32,6
22500111,DAL,TOR,78.0,78.2,"('Anthony Davis', 'Caleb Martin', 'Max Christie')",1.3666666666666667,2,3,5,0,3,0,1,0,0,0,2,2.3200000000000003,2.0,0.0,0.0,0.0,0.0,0.0,0.0,2.0,2.0,4.32,6
22500111,DAL,TOR,78.0,78.2,"('Anthony Davis', 'Caleb Martin', 'P.J. Washington')",1.3666666666666667,2,3,5,0,3,0,1,0,0,0,2,2.3200000000000003,2.0,0.0,0.0,0.0,0.0,0.0,0.0,2.0,2.0,4.32,6
22500111,DAL,TOR,78.0,78.2,"('Anthony Davis', ""D'Angelo Russell"", 'Max Christie')",1.3666666666666667,2,3,5,0,3,0,1,0,0,0,2,2.3200000000000003,2.0,0.0,0.0,0.0,0.0,0.0,0.0,2.0,2.0,4.32,6
22500111,DAL,TOR,78.0,78.2,"('Anthony Davis', ""D'Angelo Russell"", 'P.J. Washington')",1.3666666666666667,2,3,5,0,3,0,1,0,0,0,2,2.3200000000000003,2.0,0.0,0.0,0.0,0.0,0.0,0.0,2.0,2.0,4.32,6
22500111,DAL,TOR,78.0,78.2,"('Anthony Davis', 'Max Christie', 'P.J. Washington')",1.3666666666666667,2,3,5,0,3,0,1,0,0,0,2,2.3200000000000003,2.0,0.0,0.0,0.0,0.0,0.0,0.0,2.0,2.0,4.32,6
22500111,DAL,TOR,78.0,78.2,"('Caleb Martin', ""D'Angelo Russell"", 'Max Christie')",1.3666666666666667,2,3,5,0,3,0,1,0,0,0,2,2.3200000000000003,2.0,0.0,0.0,0.0,0.0,0.0,0.0,2.0,2.0,4.32,6
22500111,DAL,TOR,78.0,78.2,"('Caleb Martin', ""D'Angelo Russell"", 'P.J. Washington')",1.3666666666666667,2,3,5,0,3,0,1,0,0,0,2,2.3200000000000003,2.0,0.0,0.0,0.0,0.0,0.0,0.0,2.0,2.0,4.32,6
22500111,DAL,TOR,78.0,78.2,"('Caleb Martin', 'Max Christie', 'P.J. Washington')",1.3666666666666667,2,3,5,0,3,0,1,0,0,0,2,2.3200000000000003,2.0,0.0,0.0,0.0,0.0,0.0,0.0,2.0,2.0,4.32,6
22500111,DAL,TOR,78.0,78.2,"(""D'Angelo Russell"", 'Max Christie', 'P.J. Washington')",1.3666666666666667,2,3,5,0,3,0,1,0,0,0,2,2.3200000000000003,2.0,0.0,0.0,0.0,0.0,0.0,0.0,2.0,2.0,4.32,6
22500111,DAL,TOR,78.0,78.2,"('Anthony Davis', 'Caleb Martin', ""D'Angelo Russell"")",1.3,2,5,2,3,0,1,1,0,1,1,1,2.88,3.0,0.0,0.0,0.0,0.0,0.0,0.0,0.0,0.0,5.88,6
22500111,DAL,TOR,78.0,78.2,"('Anthony Davis', 'Caleb Martin', 'Klay Thompson')",1.3,2,5,2,3,0,1,1,0,1,1,1,2.88,3.0,0.0,0.0,0.0,0.0,0.0,0.0,0.0,0.0,5.88,6
22500111,DAL,TOR,78.0,78.2,"('Anthony Davis', 'Caleb Martin', 'P.J. Washington')",1.3,2,5,2,3,0,1,1,0,1,1,1,2.88,3.0,0.0,0.0,0.0,0.0,0.0,0.0,0.0,0.0,5.88,6
22500111,DAL,TOR,78.0,78.2,"('Anthony Davis', ""D'Angelo Russell"", 'Klay Thompson')",1.3,2,5,2,3,0,1,1,0,1,1,1,2.88,3.0,0.0,0.0,0.0,0.0,0.0,0.0,0.0,0.0,5.88,6
22500111,DAL,TOR,78.0,78.2,"('Anthony Davis', ""D'Angelo Russell"", 'P.J. Washington')",1.3,2,5,2,3,0,1,1,0,1,1,1,2.88,3.0,0.0,0.0,0.0,0.0,0.0,0.0,0.0,0.0,5.88,6
22500111,DAL,TOR,78.0,78.2,"('Anthony Davis', 'Klay Thompson', 'P.J. Washington')",1.3,2,5,2,3,0,1,1,0,1,1,1,2.88,3.0,0.0,0.0,0.0,0.0,0.0,0.0,0.0,0.0,5.88,6
22500111,DAL,TOR,78.0,78.2,"('Caleb Martin', ""D'Angelo Russell"", 'Klay Thompson')",1.3,2,5,2,3,0,1,1,0,1,1,1,2.88,3.0,0.0,0.0,0.0,0.0,0.0,0.0,0.0,0.0,5.88,6
22500111,DAL,TOR,78.0,78.2,"('Caleb Martin', ""D'Angelo Russell"", 'P.J. Washington')",1.3,2,5,2,3,0,1,1,0,1,1,1,2.88,3.0,0.0,0.0,0.0,0.0,0.0,0.0,0.0,0.0,5.88,6
22500111,DAL,TOR,78.0,78.2,"('Caleb Martin', 'Klay Thompson', 'P.J. Washington')",1.3,2,5,2,3,0,1,1,0,1,1,1,2.88,3.0,0.0,0.0,0.0,0.0,0.0,0.0,0.0,0.0,5.88,6
22500111,DAL,TOR,78.0,78.2,"(""D'Angelo Russell"", 'Klay Thompson', 'P.J. Washington')",1.3,2,5,2,3,0,1,1,0,1,1,1,2.88,3.0,0.0,0.0,0.0,0.0,0.0,0.0,0.0,0.0,5.88,6
22500111,DAL,TOR,79.2,77.4,"('Cooper Flagg', ""D'Angelo Russell"", 'Dereck Lively II')",2.716666666666667,2,8,8,1,3,3,1,1,0,2,0,5.0,4.44,0.0,0.0,0.0,2.0,0.0,0.0,2.0,4.0,9.44,6
22500111,DAL,TOR,79.2,77.4,"('Cooper Flagg', ""D'Angelo Russell"", 'Max Christie')",2.716666666666667,2,8,8,1,3,3,1,1,0,2,0,5.0,4.44,0.0,0.0,0.0,2.0,0.0,0.0,2.0,4.0,9.44,6
22500111,DAL,TOR,79.2,77.4,"('Cooper Flagg', ""D'Angelo Russell"", 'Naji Marshall')",2.716666666666667,2,8,8,1,3,3,1,1,0,2,0,5.0,4.44,0.0,0.0,0.0,2.0,0.0,0.0,2.0,4.0,9.44,6
22500111,DAL,TOR,79.2,77.4,"('Cooper Flagg', 'Dereck Lively II', 'Max Christie')",2.716666666666667,2,8,8,1,3,3,1,1,0,2,0,5.0,4.44,0.0,0.0,0.0,2.0,0.0,0.0,2.0,4.0,9.44,6
22500111,DAL,TOR,79.2,77.4,"('Cooper Flagg', 'Dereck Lively II', 'Naji Marshall')",2.716666666666667,2,8,8,1,3,3,1,1,0,2,0,5.0,4.44,0.0,0.0,0.0,2.0,0.0,0.0,2.0,4.0,9.44,6
22500111,DAL,TOR,79.2,77.4,"('Cooper Flagg', 'Max Christie', 'Naji Marshall')",2.716666666666667,2,8,8,1,3,3,1,1,0,2,0,5.0,4.44,0.0,0.0,0.0,2.0,0.0,0.0,2.0,4.0,9.44,6
22500111,DAL,TOR,79.2,77.4,"(""D'Angelo Russell"", 'Dereck Lively II', 'Max Christie')",2.716666666666667,2,8,8,1,3,3,1,1,0,2,0,5.0,4.44,0.0,0.0,0.0,2.0,0.0,0.0,2.0,4.0,9.44,6
22500111,DAL,TOR,79.2,77.4,"(""D'Angelo Russell"", 'Dereck Lively II', 'Naji Marshall')",2.716666666666667,2,8,8,1,3,3,1,1,0,2,0,5.0,4.44,0.0,0.0,0.0,2.0,0.0,0.0,2.0,4.0,9.44,6
22500111,DAL,TOR,79.2,77.4,"(""D'Angelo Russell"", 'Max Christie', 'Naji Marshall')",2.716666666666667,2,8,8,1,3,3,1,1,0,2,0,5.0,4.44,0.0,0.0,0.0,2.0,0.0,0.0,2.0,4.0,9.44,6
22500111,DAL,TOR,79.2,77.4,"('Dereck Lively II', 'Max Christie', 'Naji Marshall')",2.716666666666667,2,8,8,1,3,3,1,1,0,2,0,5.0,4.44,0.0,0.0,0.0,2.0,0.0,0.0,2.0,4.0,9.44,6
22500111,DAL,TOR,79.2,77.4,"('Cooper Flagg', ""D'Angelo Russell"", 'Dereck Lively II')",0.75,2,2,4,0,1,0,1,0,0,1,0,2.0,1.44,0.0,0.0,0.0,2.0,0.0,3.0,0.0,0.0,3.44,6
22500111,DAL,TOR,79.2,77.4,"('Cooper Flagg', ""D'Angelo Russell"", 'Klay Thompson')",0.75,2,2,4,0,1,0,1,0,0,1,0,2.0,1.44,0.0,0.0,0.0,2.0,0.0,3.0,0.0,0.0,3.44,6
22500111,DAL,TOR,79.2,77.4,"('Cooper Flagg', ""D'Angelo Russell"", 'Naji Marshall')",0.75,2,2,4,0,1,0,1,0,0,1,0,2.0,1.44,0.0,0.0,0.0,2.0,0.0,3.0,0.0,0.0,3.44,6
22500111,DAL,TOR,79.2,77.4,"('Cooper Flagg', 'Dereck Lively II', 'Klay Thompson')",0.75,2,2,4,0,1,0,1,0,0,1,0,2.0,1.44,0.0,0.0,0.0,2.0,0.0,3.0,0.0,0.0,3.44,6
22500111,DAL,TOR,79.2,77.4,"('Cooper Flagg', 'Dereck Lively II', 'Naji Marshall')",0.75,2,2,4,0,1,0,1,0,0,1,0,2.0,1.44,0.0,0.0,0.0,2.0,0.0,3.0,0.0,0.0,3.44,6
22500111,DAL,TOR,79.2,77.4,"('Cooper Flagg', 'Klay Thompson', 'Naji Marshall')",0.75,2,2,4,0,1,0,1,0,0,1,0,2.0,1.44,0.0,0.0,0.0,2.0,0.0,3.0,0.0,0.0,3.44,6
22500111,DAL,TOR,79.2,77.4,"(""D'Angelo Russell"", 'Dereck Lively II', 'Klay Thompson')",0.75,2,2,4,0,1,0,1,0,0,1,0,2.0,1.44,0.0,0.0,0.0,2.0,0.0,3.0,0.0,0.0,3.44,6
22500111,DAL,TOR,79.2,77.4,"(""D'Angelo Russell"", 'Dereck Lively II', 'Naji Marshall')",0.75,2,2,4,0,1,0,1,0,0,1,0,2.0,1.44,0.0,0.0,0.0,2.0,0.0,3.0,0.0,0.0,3.44,6
22500111,DAL,TOR,79.2,77.4,"(""D'Angelo Russell"", 'Klay Thompson', 'Naji Marshall')",0.75,2,2,4,0,1,0,1,0,0,1,0,2.0,1.44,0.0,0.0,0.0,2.0,0.0,3.0,0.0,0.0,3.44,6
22500111,DAL,TOR,79.2,77.4,"('Dereck Lively II', 'Klay Thompson', 'Naji Marshall')",0.75,2,2,4,0,1,0,1,0,0,1,0,2.0,1.44,0.0,0.0,0.0,2.0,0.0,3.0,0.0,0.0,3.44,6
22500111,DAL,TOR,78.4,77.4,"('Anthony Davis', 'Caleb Martin', 'Cooper Flagg')",2.066666666666667,2,5,5,4,2,1,2,1,2,0,1,6.44,6.0,0.0,0.0,0.0,4.0,3.0,3.0,0.0,0.0,12.44,6
22500111,DAL,TOR,78.4,77.4,"('Anthony Davis', 'Caleb Martin', ""D'Angelo Russell"")",2.066666666666667,2,5,5,4,2,1,2,1,2,0,1,6.44,6.0,0.0,0.0,0.0,4.0,3.0,3.0,0.0,0.0,12.44,6
22500111,DAL,TOR,78.4,77.4,"('Anthony Davis', 'Caleb Martin', 'Klay Thompson')",2.066666666666667,2,5,5,4,2,1,2,1,2,0,1,6.44,6.0,0.0,0.0,0.0,4.0,3.0,3.0,0.0,0.0,12.44,6
22500111,DAL,TOR,78.4,77.4,"('Anthony Davis', 'Cooper Flagg', ""D'Angelo Russell"")",2.066666666666667,2,5,5,4,2,1,2,1,2,0,1,6.44,6.0,0.0,0.0,0.0,4.0,3.0,3.0,0.0,0.0,12.44,6
22500111,DAL,TOR,78.4,77.4,"('Anthony Davis', 'Cooper Flagg', 'Klay Thompson')",2.066666666666667,2,5,5,4,2,1,2,1,2,0,1,6.44,6.0,0.0,0.0,0.0,4.0,3.0,3.0,0.0,0.0,12.44,6
22500111,DAL,TOR,78.4,77.4,"('Anthony Davis', ""D'Angelo Russell"", 'Klay Thompson')",2.066666666666667,2,5,5,4,2,1,2,1,2,0,1,6.44,6.0,0.0,0.0,0.0,4.0,3.0,3.0,0.0,0.0,12.44,6
22500111,DAL,TOR,78.4,77.4,"('Caleb Martin', 'Cooper Flagg', ""D'Angelo Russell"")",2.066666666666667,2,5,5,4,2,1,2,1,2,0,1,6.44,6.0,0.0,0.0,0.0,4.0,3.0,3.0,0.0,0.0,12.44,6
22500111,DAL,TOR,78.4,77.4,"('Caleb Martin', 'Cooper Flagg', 'Klay Thompson')",2.066666666666667,2,5,5,4,2,1,2,1,2,0,1,6.44,6.0,0.0,0.0,0.0,4.0,3.0,3.0,0.0,0.0,12.44,6
22500111,DAL,TOR,78.4,77.4,"('Caleb Martin', ""D'Angelo Russell"", 'Klay Thompson')",2.066666666666667,2,5,5,4,2,1,2,1,2,0,1,6.44,6.0,0.0,0.0,0.0,4.0,3.0,3.0,0.0,0.0,12.44,6
22500111,DAL,TOR,78.4,77.4,"('Cooper Flagg', ""D'Angelo Russell"", 'Klay Thompson')",2.066666666666667,2,5,5,4,2,1,2,1,2,0,1,6.44,6.0,0.0,0.0,0.0,4.0,3.0,3.0,0.0,0.0,12.44,6
22500111,DAL,TOR,79.4,78.4,"('Anthony Davis', 'Cooper Flagg', 'Max Christie')",2.2833333333333337,2,5,6,2,1,1,2,2,0,1,1,4.88,4.88,0.0,0.0,0.0,0.0,2.0,2.0,0.0,4.0,9.76,6
22500111,DAL,TOR,79.4,78.4,"('Anthony Davis', 'Cooper Flagg', 'Naji Marshall')",2.2833333333333337,2,5,6,2,1,1,2,2,0,1,1,4.88,4.88,0.0,0.0,0.0,0.0,2.0,2.0,0.0,4.0,9.76,6
22500111,DAL,TOR,79.4,78.4,"('Anthony Davis', 'Cooper Flagg', 'P.J. Washington')",2.2833333333333337,2,5,6,2,1,1,2,2,0,1,1,4.88,4.88,0.0,0.0,0.0,0.0,2.0,2.0,0.0,4.0,9.76,6
22500111,DAL,TOR,79.4,78.4,"('Anthony Davis', 'Max Christie', 'Naji Marshall')",2.2833333333333337,2,5,6,2,1,1,2,2,0,1,1,4.88,4.88,0.0,0.0,0.0,0.0,2.0,2.0,0.0,4.0,9.76,6
22500111,DAL,TOR,79.4,78.4,"('Anthony Davis', 'Max Christie', 'P.J. Washington')",2.2833333333333337,2,5,6,2,1,1,2,2,0,1,1,4.88,4.88,0.0,0.0,0.0,0.0,2.0,2.0,0.0,4.0,9.76,6
22500111,DAL,TOR,79.4,78.4,"('Anthony Davis', 'Naji Marshall', 'P.J. Washington')",2.2833333333333337,2,5,6,2,1,1,2,2,0,1,1,4.88,4.88,0.0,0.0,0.0,0.0,2.0,2.0,0.0,4.0,9.76,6
22500111,DAL,TOR,79.4,78.4,"('Cooper Flagg', 'Max Christie', 'Naji Marshall')",2.2833333333333337,2,5,6,2,1,1,2,2,0,1,1,4.88,4.88,0.0,0.0,0.0,0.0,2.0,2.0,0.0,4.0,9.76,6
22500111,DAL,TOR,79.4,78.4,"('Cooper Flagg', 'Max Christie', 'P.J. Washington')",2.2833333333333337,2,5,6,2,1,1,2,2,0,1,1,4.88,4.88,0.0,0.0,0.0,0.0,2.0,2.0,0.0,4.0,9.76,6
22500111,DAL,TOR,79.4,78.4,"('Cooper Flagg', 'Naji Marshall', 'P.J. Washington')",2.2833333333333337,2,5,6,2,1,1,2,2,0,1,1,4.88,4.88,0.0,0.0,0.0,0.0,2.0,2.0,0.0,4.0,9.76,6
22500111,DAL,TOR,79.4,78.4,"('Max Christie', 'Naji Marshall', 'P.J. Washington')",2.2833333333333337,2,5,6,2,1,1,2,2,0,1,1,4.88,4.88,0.0,0.0,0.0,0.0,2.0,2.0,0.0,4.0,9.76,6
22500111,DAL,TOR,78.6,78.4,"('Anthony Davis', 'Cooper Flagg', ""D'Angelo Russell"")",0.05,1,0,0,0,1,0,0,0,0,0,0,1.0,0.0,0.0,0.0,0.0,0.0,0.0,0.0,0.0,0.0,1.0,6
22500111,DAL,TOR,78.6,78.4,"('Anthony Davis', 'Cooper Flagg', 'Max Christie')",0.05,1,0,0,0,1,0,0,0,0,0,0,1.0,0.0,0.0,0.0,0.0,0.0,0.0,0.0,0.0,0.0,1.0,6
22500111,DAL,TOR,78.6,78.4,"('Anthony Davis', 'Cooper Flagg', 'Naji Marshall')",0.05,1,0,0,0,1,0,0,0,0,0,0,1.0,0.0,0.0,0.0,0.0,0.0,0.0,0.0,0.0,0.0,1.0,6
22500111,DAL,TOR,78.6,78.4,"('Anthony Davis', ""D'Angelo Russell"", 'Max Christie')",0.05,1,0,0,0,1,0,0,0,0,0,0,1.0,0.0,0.0,0.0,0.0,0.0,0.0,0.0,0.0,0.0,1.0,6
22500111,DAL,TOR,78.6,78.4,"('Anthony Davis', ""D'Angelo Russell"", 'Naji Marshall')",0.05,1,0,0,0,1,0,0,0,0,0,0,1.0,0.0,0.0,0.0,0.0,0.0,0.0,0.0,0.0,0.0,1.0,6
22500111,DAL,TOR,78.6,78.4,"('Anthony Davis', 'Max Christie', 'Naji Marshall')",0.05,1,0,0,0,1,0,0,0,0,0,0,1.0,0.0,0.0,0.0,0.0,0.0,0.0,0.0,0.0,0.0,1.0,6
22500111,DAL,TOR,78.6,78.4,"('Cooper Flagg', ""D'Angelo Russell"", 'Max Christie')",0.05,1,0,0,0,1,0,0,0,0,0,0,1.0,0.0,0.0,0.0,0.0,0.0,0.0,0.0,0.0,0.0,1.0,6
22500111,DAL,TOR,78.6,78.4,"('Cooper Flagg', ""D'Angelo Russell"", 'Naji Marshall')",0.05,1,0,0,0,1,0,0,0,0,0,0,1.0,0.0,0.0,0.0,0.0,0.0,0.0,0.0,0.0,0.0,1.0,6
22500111,DAL,TOR,78.6,78.4,"('Cooper Flagg', 'Max Christie', 'Naji Marshall')",0.05,1,0,0,0,1,0,0,0,0,0,0,1.0,0.0,0.0,0.0,0.0,0.0,0.0,0.0,0.0,0.0,1.0,6
22500111,DAL,TOR,78.6,78.4,"(""D'Angelo Russell"", 'Max Christie', 'Naji Marshall')",0.05,1,0,0,0,1,0,0,0,0,0,0,1.0,0.0,0.0,0.0,0.0,0.0,0.0,0.0,0.0,0.0,1.0,6
22500111,DAL,TOR,78.2,78.2,"('Anthony Davis', 'Jaden Hardy', 'Max Christie')",2.4883333333333333,1,7,11,2,1,2,4,3,0,1,1,7.0,6.44,0.0,0.0,0.0,2.0,4.0,2.0,0.0,4.0,13.44,6
22500111,DAL,TOR,78.2,78.2,"('Anthony Davis', 'Jaden Hardy', 'Naji Marshall')",2.4883333333333333,1,7,11,2,1,2,4,3,0,1,1,7.0,6.44,0.0,0.0,0.0,2.0,4.0,2.0,0.0,4.0,13.44,6
22500111,DAL,TOR,78.2,78.2,"('Anthony Davis', 'Jaden Hardy', 'P.J. Washington')",2.4883333333333333,1,7,11,2,1,2,4,3,0,1,1,7.0,6.44,0.0,0.0,0.0,2.0,4.0,2.0,0.0,4.0,13.44,6
22500111,DAL,TOR,78.2,78.2,"('Anthony Davis', 'Max Christie', 'Naji Marshall')",2.4883333333333333,1,7,11,2,1,2,4,3,0,1,1,7.0,6.44,0.0,0.0,0.0,2.0,4.0,2.0,0.0,4.0,13.44,6
22500111,DAL,TOR,78.2,78.2,"('Anthony Davis', 'Max Christie', 'P.J. Washington')",2.4883333333333333,1,7,11,2,1,2,4,3,0,1,1,7.0,6.44,0.0,0.0,0.0,2.0,4.0,2.0,0.0,4.0,13.44,6
22500111,DAL,TOR,78.2,78.2,"('Anthony Davis', 'Naji Marshall', 'P.J. Washington')",2.4883333333333333,1,7,11,2,1,2,4,3,0,1,1,7.0,6.44,0.0,0.0,0.0,2.0,4.0,2.0,0.0,4.0,13.44,6
22500111,DAL,TOR,78.2,78.2,"('Jaden Hardy', 'Max Christie', 'Naji Marshall')",2.4883333333333333,1,7,11,2,1,2,4,3,0,1,1,7.0,6.44,0.0,0.0,0.0,2.0,4.0,2.0,0.0,4.0,13.44,6
22500111,DAL,TOR,78.2,78.2,"('Jaden Hardy', 'Max Christie', 'P.J. Washington')",2.4883333333333333,1,7,11,2,1,2,4,3,0,1,1,7.0,6.44,0.0,0.0,0.0,2.0,4.0,2.0,0.0,4.0,13.44,6
22500111,DAL,TOR,78.2,78.2,"('Jaden Hardy', 'Naji Marshall', 'P.J. Washington')",2.4883333333333333,1,7,11,2,1,2,4,3,0,1,1,7.0,6.44,0.0,0.0,0.0,2.0,4.0,2.0,0.0,4.0,13.44,6
22500111,DAL,TOR,78.2,78.2,"('Max Christie', 'Naji Marshall', 'P.J. Washington')",2.4883333333333333,1,7,11,2,1,2,4,3,0,1,1,7.0,6.44,0.0,0.0,0.0,2.0,4.0,2.0,0.0,4.0,13.44,6
22500111,DAL,TOR,80.8,79.2,"('Anthony Davis', 'Cooper Flagg', 'Dereck Lively II')",3.883333333333333,1,11,11,4,1,4,3,3,0,2,1,9.0,9.44,4.0,0.0,0.0,6.0,4.0,2.0,0.0,6.0,18.44,6
22500111,DAL,TOR,80.8,79.2,"('Anthony Davis', 'Cooper Flagg', 'Klay Thompson')",3.883333333333333,1,11,11,4,1,4,3,3,0,2,1,9.0,9.44,4.0,0.0,0.0,6.0,4.0,2.0,0.0,6.0,18.44,6
22500111,DAL,TOR,80.8,79.2,"('Anthony Davis', 'Cooper Flagg', 'P.J. Washington')",3.883333333333333,1,11,11,4,1,4,3,3,0,2,1,9.0,9.44,4.0,0.0,0.0,6.0,4.0,2.0,0.0,6.0,18.44,6
22500111,DAL,TOR,80.8,79.2,"('Anthony Davis', 'Dereck Lively II', 'Klay Thompson')",3.883333333333333,1,11,11,4,1,4,3,3,0,2,1,9.0,9.44,4.0,0.0,0.0,6.0,4.0,2.0,0.0,6.0,18.44,6
22500111,DAL,TOR,80.8,79.2,"('Anthony Davis', 'Dereck Lively II', 'P.J. Washington')",3.883333333333333,1,11,11,4,1,4,3,3,0,2,1,9.0,9.44,4.0,0.0,0.0,6.0,4.0,2.0,0.0,6.0,18.44,6
22500111,DAL,TOR,80.8,79.2,"('Anthony Davis', 'Klay Thompson', 'P.J. Washington')",3.883333333333333,1,11,11,4,1,4,3,3,0,2,1,9.0,9.44,4.0,0.0,0.0,6.0,4.0,2.0,0.0,6.0,18.44,6
22500111,DAL,TOR,80.8,79.2,"('Cooper Flagg', 'Dereck Lively II', 'Klay Thompson')",3.883333333333333,1,11,11,4,1,4,3,3,0,2,1,9.0,9.44,4.0,0.0,0.0,6.0,4.0,2.0,0.0,6.0,18.44,6
22500111,DAL,TOR,80.8,79.2,"('Cooper Flagg', 'Dereck Lively II', 'P.J. Washington')",3.883333333333333,1,11,11,4,1,4,3,3,0,2,1,9.0,9.44,4.0,0.0,0.0,6.0,4.0,2.0,0.0,6.0,18.44,6
22500111,DAL,TOR,80.8,79.2,"('Cooper Flagg', 'Klay Thompson', 'P.J. Washington')",3.883333333333333,1,11,11,4,1,4,3,3,0,2,1,9.0,9.44,4.0,0.0,0.0,6.0,4.0,2.0,0.0,6.0,18.44,6
22500111,DAL,TOR,80.8,79.2,"('Dereck Lively II', 'Klay Thompson', 'P.J. Washington')",3.883333333333333,1,11,11,4,1,4,3,3,0,2,1,9.0,9.44,4.0,0.0,0.0,6.0,4.0,2.0,0.0,6.0,18.44,6
22500111,DAL,TOR,78.2,78.2,"('Anthony Davis', ""D'Angelo Russell"", 'Max Christie')",2.533333333333333,1,7,8,3,3,1,3,1,1,1,2,6.32,6.44,0.0,0.0,2.0,4.0,0.0,2.0,0.0,4.0,12.760000000000002,6
22500111,DAL,TOR,78.2,78.2,"('Anthony Davis', ""D'Angelo Russell"", 'Naji Marshall')",2.533333333333333,1,7,8,3,3,1,3,1,1,1,2,6.32,6.44,0.0,0.0,2.0,4.0,0.0,2.0,0.0,4.0,12.760000000000002,6
22500111,DAL,TOR,78.2,78.2,"('Anthony Davis', ""D'Angelo Russell"", 'P.J. Washington')",2.533333333333333,1,7,8,3,3,1,3,1,1,1,2,6.32,6.44,0.0,0.0,2.0,4.0,0.0,2.0,0.0,4.0,12.760000000000002,6
22500111,DAL,TOR,78.2,78.2,"('Anthony Davis', 'Max Christie', 'Naji Marshall')",2.533333333333333,1,7,8,3,3,1,3,1,1,1,2,6.32,6.44,0.0,0.0,2.0,4.0,0.0,2.0,0.0,4.0,12.760000000000002,6
22500111,DAL,TOR,78.2,78.2,"('Anthony Davis', 'Max Christie', 'P.J. Washington')",2.533333333333333,1,7,8,3,3,1,3,1,1,1,2,6.32,6.44,0.0,0.0,2.0,4.0,0.0,2.0,0.0,4.0,12.760000000000002,6
22500111,DAL,TOR,78.2,78.2,"('Anthony Davis', 'Naji Marshall', 'P.J. Washington')",2.533333333333333,1,7,8,3,3,1,3,1,1,1,2,6.32,6.44,0.0,0.0,2.0,4.0,0.0,2.0,0.0,4.0,12.760000000000002,6
22500111,DAL,TOR,78.2,78.2,"(""D'Angelo Russell"", 'Max Christie', 'Naji Marshall')",2.533333333333333,1,7,8,3,3,1,3,1,1,1,2,6.32,6.44,0.0,0.0,2.0,4.0,0.0,2.0,0.0,4.0,12.760000000000002,6
22500111,DAL,TOR,78.2,78.2,"(""D'Angelo Russell"", 'Max Christie', 'P.J. Washington')",2.533333333333333,1,7,8,3,3,1,3,1,1,1,2,6.32,6.44,0.0,0.0,2.0,4.0,0.0,2.0,0.0,4.0,12.760000000000002,6
22500111,DAL,TOR,78.2,78.2,"(""D'Angelo Russell"", 'Naji Marshall', 'P.J. Washington')",2.533333333333333,1,7,8,3,3,1,3,1,1,1,2,6.32,6.44,0.0,0.0,2.0,4.0,0.0,2.0,0.0,4.0,12.760000000000002,6
22500111,DAL,TOR,78.2,78.2,"('Max Christie', 'Naji Marshall', 'P.J. Washington')",2.533333333333333,1,7,8,3,3,1,3,1,1,1,2,6.32,6.44,0.0,0.0,2.0,4.0,0.0,2.0,0.0,4.0,12.760000000000002,6
22500111,DAL,TOR,78.8,78.4,"('Dereck Lively II', 'Jaden Hardy', 'Max Christie')",0.0,1,0,0,0,0,0,0,0,0,0,0,0.0,0.0,0.0,0.0,0.0,0.0,0.0,0.0,0.0,0.0,0.0,6
22500111,DAL,TOR,78.8,78.4,"('Dereck Lively II', 'Jaden Hardy', 'Naji Marshall')",0.0,1,0,0,0,0,0,0,0,0,0,0,0.0,0.0,0.0,0.0,0.0,0.0,0.0,0.0,0.0,0.0,0.0,6
22500111,DAL,TOR,78.8,78.4,"('Dereck Lively II', 'Jaden Hardy', 'P.J. Washington')",0.0,1,0,0,0,0,0,0,0,0,0,0,0.0,0.0,0.0,0.0,0.0,0.0,0.0,0.0,0.0,0.0,0.0,6
22500111,DAL,TOR,78.8,78.4,"('Dereck Lively II', 'Max Christie', 'Naji Marshall')",0.0,1,0,0,0,0,0,0,0,0,0,0,0.0,0.0,0.0,0.0,0.0,0.0,0.0,0.0,0.0,0.0,0.0,6
22500111,DAL,TOR,78.8,78.4,"('Dereck Lively II', 'Max Christie', 'P.J. Washington')",0.0,1,0,0,0,0,0,0,0,0,0,0,0.0,0.0,0.0,0.0,0.0,0.0,0.0,0.0,0.0,0.0,0.0,6
22500111,DAL,TOR,78.8,78.4,"('Dereck Lively II', 'Naji Marshall', 'P.J. Washington')",0.0,1,0,0,0,0,0,0,0,0,0,0,0.0,0.0,0.0,0.0,0.0,0.0,0.0,0.0,0.0,0.0,0.0,6
22500111,DAL,TOR,78.8,78.4,"('Jaden Hardy', 'Max Christie', 'Naji Marshall')",0.0,1,0,0,0,0,0,0,0,0,0,0,0.0,0.0,0.0,0.0,0.0,0.0,0.0,0.0,0.0,0.0,0.0,6
22500111,DAL,TOR,78.8,78.4,"('Jaden Hardy', 'Max Christie', 'P.J. Washington')",0.0,1,0,0,0,0,0,0,0,0,0,0,0.0,0.0,0.0,0.0,0.0,0.0,0.0,0.0,0.0,0.0,0.0,6
22500111,DAL,TOR,78.8,78.4,"('Jaden Hardy', 'Naji Marshall', 'P.J. Washington')",0.0,1,0,0,0,0,0,0,0,0,0,0,0.0,0.0,0.0,0.0,0.0,0.0,0.0,0.0,0.0,0.0,0.0,6
22500111,DAL,TOR,78.8,78.4,"('Max Christie', 'Naji Marshall', 'P.J. Washington')",0.0,1,0,0,0,0,0,0,0,0,0,0,0.0,0.0,0.0,0.0,0.0,0.0,0.0,0.0,0.0,0.0,0.0,6
22500111,DAL,TOR,79.2,78.4,"('Caleb Martin', 'Dereck Lively II', 'Max Christie')",0.1416666666666666,1,1,0,0,0,0,0,0,0,0,0,0.44,1.0,0.0,0.0,0.0,0.0,0.0,0.0,0.0,0.0,1.44,6
22500111,DAL,TOR,79.2,78.4,"('Caleb Martin', 'Dereck Lively II', 'Naji Marshall')",0.1416666666666666,1,1,0,0,0,0,0,0,0,0,0,0.44,1.0,0.0,0.0,0.0,0.0,0.0,0.0,0.0,0.0,1.44,6
22500111,DAL,TOR,79.2,78.4,"('Caleb Martin', 'Dereck Lively II', 'P.J. Washington')",0.1416666666666666,1,1,0,0,0,0,0,0,0,0,0,0.44,1.0,0.0,0.0,0.0,0.0,0.0,0.0,0.0,0.0,1.44,6
22500111,DAL,TOR,79.2,78.4,"('Caleb Martin', 'Max Christie', 'Naji Marshall')",0.1416666666666666,1,1,0,0,0,0,0,0,0,0,0,0.44,1.0,0.0,0.0,0.0,0.0,0.0,0.0,0.0,0.0,1.44,6
22500111,DAL,TOR,79.2,78.4,"('Caleb Martin', 'Max Christie', 'P.J. Washington')",0.1416666666666666,1,1,0,0,0,0,0,0,0,0,0,0.44,1.0,0.0,0.0,0.0,0.0,0.0,0.0,0.0,0.0,1.44,6
22500111,DAL,TOR,79.2,78.4,"('Caleb Martin', 'Naji Marshall', 'P.J. Washington')",0.1416666666666666,1,1,0,0,0,0,0,0,0,0,0,0.44,1.0,0.0,0.0,0.0,0.0,0.0,0.0,0.0,0.0,1.44,6
22500111,DAL,TOR,79.2,78.4,"('Dereck Lively II', 'Max Christie', 'Naji Marshall')",0.1416666666666666,1,1,0,0,0,0,0,0,0,0,0,0.44,1.0,0.0,0.0,0.0,0.0,0.0,0.0,0.0,0.0,1.44,6
22500111,DAL,TOR,79.2,78.4,"('Dereck Lively II', 'Max Christie', 'P.J. Washington')",0.1416666666666666,1,1,0,0,0,0,0,0,0,0,0,0.44,1.0,0.0,0.0,0.0,0.0,0.0,0.0,0.0,0.0,1.44,6
22500111,DAL,TOR,79.2,78.4,"('Dereck Lively II', 'Naji Marshall', 'P.J. Washington')",0.1416666666666666,1,1,0,0,0,0,0,0,0,0,0,0.44,1.0,0.0,0.0,0.0,0.0,0.0,0.0,0.0,0.0,1.44,6
22500111,DAL,TOR,79.2,78.4,"('Max Christie', 'Naji Marshall', 'P.J. Washington')",0.1416666666666666,1,1,0,0,0,0,0,0,0,0,0,0.44,1.0,0.0,0.0,0.0,0.0,0.0,0.0,0.0,0.0,1.44,6
22500111,DAL,TOR,80.0,79.2,"('Anthony Davis', 'Cooper Flagg', ""D'Angelo Russell"")",0.4666666666666667,1,2,2,0,0,1,1,0,0,1,0,1.0,1.0,0.0,2.0,0.0,2.0,0.0,0.0,0.0,2.0,2.0,6
22500111,DAL,TOR,80.0,79.2,"('Anthony Davis', 'Cooper Flagg', 'Dereck Lively II')",0.4666666666666667,1,2,2,0,0,1,1,0,0,1,0,1.0,1.0,0.0,2.0,0.0,2.0,0.0,0.0,0.0,2.0,2.0,6
22500111,DAL,TOR,80.0,79.2,"('Anthony Davis', 'Cooper Flagg', 'Klay Thompson')",0.4666666666666667,1,2,2,0,0,1,1,0,0,1,0,1.0,1.0,0.0,2.0,0.0,2.0,0.0,0.0,0.0,2.0,2.0,6
22500111,DAL,TOR,80.0,79.2,"('Anthony Davis', ""D'Angelo Russell"", 'Dereck Lively II')",0.4666666666666667,1,2,2,0,0,1,1,0,0,1,0,1.0,1.0,0.0,2.0,0.0,2.0,0.0,0.0,0.0,2.0,2.0,6
22500111,DAL,TOR,80.0,79.2,"('Anthony Davis', ""D'Angelo Russell"", 'Klay Thompson')",0.4666666666666667,1,2,2,0,0,1,1,0,0,1,0,1.0,1.0,0.0,2.0,0.0,2.0,0.0,0.0,0.0,2.0,2.0,6
22500111,DAL,TOR,80.0,79.2,"('Anthony Davis', 'Dereck Lively II', 'Klay Thompson')",0.4666666666666667,1,2,2,0,0,1,1,0,0,1,0,1.0,1.0,0.0,2.0,0.0,2.0,0.0,0.0,0.0,2.0,2.0,6
22500111,DAL,TOR,80.0,79.2,"('Cooper Flagg', ""D'Angelo Russell"", 'Dereck Lively II')",0.4666666666666667,1,2,2,0,0,1,1,0,0,1,0,1.0,1.0,0.0,2.0,0.0,2.0,0.0,0.0,0.0,2.0,2.0,6
22500111,DAL,TOR,80.0,79.2,"('Cooper Flagg', ""D'Angelo Russell"", 'Klay Thompson')",0.4666666666666667,1,2,2,0,0,1,1,0,0,1,0,1.0,1.0,0.0,2.0,0.0,2.0,0.0,0.0,0.0,2.0,2.0,6
22500111,DAL,TOR,80.0,79.2,"('Cooper Flagg', 'Dereck Lively II', 'Klay Thompson')",0.4666666666666667,1,2,2,0,0,1,1,0,0,1,0,1.0,1.0,0.0,2.0,0.0,2.0,0.0,0.0,0.0,2.0,2.0,6
22500111,DAL,TOR,80.0,79.2,"(""D'Angelo Russell"", 'Dereck Lively II', 'Klay Thompson')",0.4666666666666667,1,2,2,0,0,1,1,0,0,1,0,1.0,1.0,0.0,2.0,0.0,2.0,0.0,0.0,0.0,2.0,2.0,6
22500111,DAL,TOR,79.2,78.6,"('Cooper Flagg', ""D'Angelo Russell"", 'Dereck Lively II')",1.2666666666666666,1,4,0,2,1,0,0,1,1,0,3,4.88,3.0,0.0,0.0,0.0,2.0,0.0,0.0,0.0,0.0,7.88,6
22500111,DAL,TOR,79.2,78.6,"('Cooper Flagg', ""D'Angelo Russell"", 'Max Christie')",1.2666666666666666,1,4,0,2,1,0,0,1,1,0,3,4.88,3.0,0.0,0.0,0.0,2.0,0.0,0.0,0.0,0.0,7.88,6
22500111,DAL,TOR,79.2,78.6,"('Cooper Flagg', ""D'Angelo Russell"", 'Naji Marshall')",1.2666666666666666,1,4,0,2,1,0,0,1,1,0,3,4.88,3.0,0.0,0.0,0.0,2.0,0.0,0.0,0.0,0.0,7.88,6
22500111,DAL,TOR,79.2,78.6,"('Cooper Flagg', 'Dereck Lively II', 'Max Christie')",1.2666666666666666,1,4,0,2,1,0,0,1,1,0,3,4.88,3.0,0.0,0.0,0.0,2.0,0.0,0.0,0.0,0.0,7.88,6
22500111,DAL,TOR,79.2,78.6,"('Cooper Flagg', 'Dereck Lively II', 'Naji Marshall')",1.2666666666666666,1,4,0,2,1,0,0,1,1,0,3,4.88,3.0,0.0,0.0,0.0,2.0,0.0,0.0,0.0,0.0,7.88,6
22500111,DAL,TOR,79.2,78.6,"('Cooper Flagg', 'Max Christie', 'Naji Marshall')",1.2666666666666666,1,4,0,2,1,0,0,1,1,0,3,4.88,3.0,0.0,0.0,0.0,2.0,0.0,0.0,0.0,0.0,7.88,6
22500111,DAL,TOR,79.2,78.6,"(""D'Angelo Russell"", 'Dereck Lively II', 'Max Christie')",1.2666666666666666,1,4,0,2,1,0,0,1,1,0,3,4.88,3.0,0.0,0.0,0.0,2.0,0.0,0.0,0.0,0.0,7.88,6
22500111,DAL,TOR,79.2,78.6,"(""D'Angelo Russell"", 'Dereck Lively II', 'Naji Marshall')",1.2666666666666666,1,4,0,2,1,0,0,1,1,0,3,4.88,3.0,0.0,0.0,0.0,2.0,0.0,0.0,0.0,0.0,7.88,6
22500111,DAL,TOR,79.2,78.6,"(""D'Angelo Russell"", 'Max Christie', 'Naji Marshall')",1.2666666666666666,1,4,0,2,1,0,0,1,1,0,3,4.88,3.0,0.0,0.0,0.0,2.0,0.0,0.0,0.0,0.0,7.88,6
22500111,DAL,TOR,79.2,78.6,"('Dereck Lively II', 'Max Christie', 'Naji Marshall')",1.2666666666666666,1,4,0,2,1,0,0,1,1,0,3,4.88,3.0,0.0,0.0,0.0,2.0,0.0,0.0,0.0,0.0,7.88,6
22500111,DAL,TOR,79.2,79.0,"('Cooper Flagg', ""D'Angelo Russell"", 'Dereck Lively II')",0.4499999999999999,1,0,0,2,1,0,0,0,0,0,0,1.0,2.0,0.0,0.0,0.0,0.0,0.0,0.0,0.0,0.0,3.0,6
22500111,DAL,TOR,79.2,79.0,"('Cooper Flagg', ""D'Angelo Russell"", 'Klay Thompson')",0.4499999999999999,1,0,0,2,1,0,0,0,0,0,0,1.0,2.0,0.0,0.0,0.0,0.0,0.0,0.0,0.0,0.0,3.0,6
22500111,DAL,TOR,79.2,79.0,"('Cooper Flagg', ""D'Angelo Russell"", 'Naji Marshall')",0.4499999999999999,1,0,0,2,1,0,0,0,0,0,0,1.0,2.0,0.0,0.0,0.0,0.0,0.0,0.0,0.0,0.0,3.0,6
22500111,DAL,TOR,79.2,79.0,"('Cooper Flagg', 'Dereck Lively II', 'Klay Thompson')",0.4499999999999999,1,0,0,2,1,0,0,0,0,0,0,1.0,2.0,0.0,0.0,0.0,0.0,0.0,0.0,0.0,0.0,3.0,6
22500111,DAL,TOR,79.2,79.0,"('Cooper Flagg', 'Dereck Lively II', 'Naji Marshall')",0.4499999999999999,1,0,0,2,1,0,0,0,0,0,0,1.0,2.0,0.0,0.0,0.0,0.0,0.0,0.0,0.0,0.0,3.0,6
22500111,DAL,TOR,79.2,79.0,"('Cooper Flagg', 'Klay Thompson', 'Naji Marshall')",0.4499999999999999,1,0,0,2,1,0,0,0,0,0,0,1.0,2.0,0.0,0.0,0.0,0.0,0.0,0.0,0.0,0.0,3.0,6
22500111,DAL,TOR,79.2,79.0,"(""D'Angelo Russell"", 'Dereck Lively II', 'Klay Thompson')",0.4499999999999999,1,0,0,2,1,0,0,0,0,0,0,1.0,2.0,0.0,0.0,0.0,0.0,0.0,0.0,0.0,0.0,3.0,6
22500111,DAL,TOR,79.2,79.0,"(""D'Angelo Russell"", 'Dereck Lively II', 'Naji Marshall')",0.4499999999999999,1,0,0,2,1,0,0,0,0,0,0,1.0,2.0,0.0,0.0,0.0,0.0,0.0,0.0,0.0,0.0,3.0,6
22500111,DAL,TOR,79.2,79.0,"(""D'Angelo Russell"", 'Klay Thompson', 'Naji Marshall')",0.4499999999999999,1,0,0,2,1,0,0,0,0,0,0,1.0,2.0,0.0,0.0,0.0,0.0,0.0,0.0,0.0,0.0,3.0,6
22500111,DAL,TOR,79.2,79.0,"('Dereck Lively II', 'Klay Thompson', 'Naji Marshall')",0.4499999999999999,1,0,0,2,1,0,0,0,0,0,0,1.0,2.0,0.0,0.0,0.0,0.0,0.0,0.0,0.0,0.0,3.0,6
22500119,DAL,OKC,78.0,79.0,"('Anthony Davis', ""D'Angelo Russell"", 'Klay Thompson')",1.9333333333333336,3,2,3,1,2,1,0,0,0,1,1,4.0,2.0,0.0,0.0,2.0,0.0,0.0,0.0,0.0,0.0,6.0,7
22500119,DAL,OKC,78.0,79.0,"('Anthony Davis', ""D'Angelo Russell"", 'Max Christie')",1.9333333333333336,3,2,3,1,2,1,0,0,0,1,1,4.0,2.0,0.0,0.0,2.0,0.0,0.0,0.0,0.0,0.0,6.0,7
22500119,DAL,OKC,78.0,79.0,"('Anthony Davis', ""D'Angelo Russell"", 'P.J. Washington')",1.9333333333333336,3,2,3,1,2,1,0,0,0,1,1,4.0,2.0,0.0,0.0,2.0,0.0,0.0,0.0,0.0,0.0,6.0,7
22500119,DAL,OKC,78.0,79.0,"('Anthony Davis', 'Klay Thompson', 'Max Christie')",1.9333333333333336,3,2,3,1,2,1,0,0,0,1,1,4.0,2.0,0.0,0.0,2.0,0.0,0.0,0.0,0.0,0.0,6.0,7
22500119,DAL,OKC,78.0,79.0,"('Anthony Davis', 'Klay Thompson', 'P.J. Washington')",1.9333333333333336,3,2,3,1,2,1,0,0,0,1,1,4.0,2.0,0.0,0.0,2.0,0.0,0.0,0.0,0.0,0.0,6.0,7
22500119,DAL,OKC,78.0,79.0,"('Anthony Davis', 'Max Christie', 'P.J. Washington')",1.9333333333333336,3,2,3,1,2,1,0,0,0,1,1,4.0,2.0,0.0,0.0,2.0,0.0,0.0,0.0,0.0,0.0,6.0,7
22500119,DAL,OKC,78.0,79.0,"(""D'Angelo Russell"", 'Klay Thompson', 'Max Christie')",1.9333333333333336,3,2,3,1,2,1,0,0,0,1,1,4.0,2.0,0.0,0.0,2.0,0.0,0.0,0.0,0.0,0.0,6.0,7
22500119,DAL,OKC,78.0,79.0,"(""D'Angelo Russell"", 'Klay Thompson', 'P.J. Washington')",1.9333333333333336,3,2,3,1,2,1,0,0,0,1,1,4.0,2.0,0.0,0.0,2.0,0.0,0.0,0.0,0.0,0.0,6.0,7
22500119,DAL,OKC,78.0,79.0,"(""D'Angelo Russell"", 'Max Christie', 'P.J. Washington')",1.9333333333333336,3,2,3,1,2,1,0,0,0,1,1,4.0,2.0,0.0,0.0,2.0,0.0,0.0,0.0,0.0,0.0,6.0,7
22500119,DAL,OKC,78.0,79.0,"('Klay Thompson', 'Max Christie', 'P.J. Washington')",1.9333333333333336,3,2,3,1,2,1,0,0,0,1,1,4.0,2.0,0.0,0.0,2.0,0.0,0.0,0.0,0.0,0.0,6.0,7
22500119,DAL,OKC,78.0,78.8,"('Caleb Martin', 'Cooper Flagg', ""D'Angelo Russell"")",1.0666666666666669,2,0,0,1,1,0,0,1,1,0,0,3.0,2.0,0.0,0.0,0.0,0.0,0.0,0.0,0.0,0.0,5.0,7
22500119,DAL,OKC,78.0,78.8,"('Caleb Martin', 'Cooper Flagg', 'Naji Marshall')",1.0666666666666669,2,0,0,1,1,0,0,1,1,0,0,3.0,2.0,0.0,0.0,0.0,0.0,0.0,0.0,0.0,0.0,5.0,7
22500119,DAL,OKC,78.0,78.8,"('Caleb Martin', 'Cooper Flagg', 'P.J. Washington')",1.0666666666666669,2,0,0,1,1,0,0,1,1,0,0,3.0,2.0,0.0,0.0,0.0,0.0,0.0,0.0,0.0,0.0,5.0,7
22500119,DAL,OKC,78.0,78.8,"('Caleb Martin', ""D'Angelo Russell"", 'Naji Marshall')",1.0666666666666669,2,0,0,1,1,0,0,1,1,0,0,3.0,2.0,0.0,0.0,0.0,0.0,0.0,0.0,0.0,0.0,5.0,7
22500119,DAL,OKC,78.0,78.8,"('Caleb Martin', ""D'Angelo Russell"", 'P.J. Washington')",1.0666666666666669,2,0,0,1,1,0,0,1,1,0,0,3.0,2.0,0.0,0.0,0.0,0.0,0.0,0.0,0.0,0.0,5.0,7
22500119,DAL,OKC,78.0,78.8,"('Caleb Martin', 'Naji Marshall', 'P.J. Washington')",1.0666666666666669,2,0,0,1,1,0,0,1,1,0,0,3.0,2.0,0.0,0.0,0.0,0.0,0.0,0.0,0.0,0.0,5.0,7
22500119,DAL,OKC,78.0,78.8,"('Cooper Flagg', ""D'Angelo Russell"", 'Naji Marshall')",1.0666666666666669,2,0,0,1,1,0,0,1,1,0,0,3.0,2.0,0.0,0.0,0.0,0.0,0.0,0.0,0.0,0.0,5.0,7
22500119,DAL,OKC,78.0,78.8,"('Cooper Flagg', ""D'Angelo Russell"", 'P.J. Washington')",1.0666666666666669,2,0,0,1,1,0,0,1,1,0,0,3.0,2.0,0.0,0.0,0.0,0.0,0.0,0.0,0.0,0.0,5.0,7
22500119,DAL,OKC,78.0,78.8,"('Cooper Flagg', 'Naji Marshall', 'P.J. Washington')",1.0666666666666669,2,0,0,1,1,0,0,1,1,0,0,3.0,2.0,0.0,0.0,0.0,0.0,0.0,0.0,0.0,0.0,5.0,7
22500119,DAL,OKC,78.0,78.8,"(""D'Angelo Russell"", 'Naji Marshall', 'P.J. Washington')",1.0666666666666669,2,0,0,1,1,0,0,1,1,0,0,3.0,2.0,0.0,0.0,0.0,0.0,0.0,0.0,0.0,0.0,5.0,7
22500119,DAL,OKC,78.4,78.8,"('Anthony Davis', 'Cooper Flagg', 'Jaden Hardy')",1.7833333333333334,2,4,4,1,3,0,0,0,1,1,2,4.88,5.0,0.0,0.0,0.0,2.0,0.0,0.0,0.0,4.0,9.88,7
22500119,DAL,OKC,78.4,78.8,"('Anthony Davis', 'Cooper Flagg', 'Klay Thompson')",1.7833333333333334,2,4,4,1,3,0,0,0,1,1,2,4.88,5.0,0.0,0.0,0.0,2.0,0.0,0.0,0.0,4.0,9.88,7
22500119,DAL,OKC,78.4,78.8,"('Anthony Davis', 'Cooper Flagg', 'Max Christie')",1.7833333333333334,2,4,4,1,3,0,0,0,1,1,2,4.88,5.0,0.0,0.0,0.0,2.0,0.0,0.0,0.0,4.0,9.88,7
22500119,DAL,OKC,78.4,78.8,"('Anthony Davis', 'Jaden Hardy', 'Klay Thompson')",1.7833333333333334,2,4,4,1,3,0,0,0,1,1,2,4.88,5.0,0.0,0.0,0.0,2.0,0.0,0.0,0.0,4.0,9.88,7
22500119,DAL,OKC,78.4,78.8,"('Anthony Davis', 'Jaden Hardy', 'Max Christie')",1.7833333333333334,2,4,4,1,3,0,0,0,1,1,2,4.88,5.0,0.0,0.0,0.0,2.0,0.0,0.0,0.0,4.0,9.88,7
22500119,DAL,OKC,78.4,78.8,"('Anthony Davis', 'Klay Thompson', 'Max Christie')",1.7833333333333334,2,4,4,1,3,0,0,0,1,1,2,4.88,5.0,0.0,0.0,0.0,2.0,0.0,0.0,0.0,4.0,9.88,7
22500119,DAL,OKC,78.4,78.8,"('Cooper Flagg', 'Jaden Hardy', 'Klay Thompson')",1.7833333333333334,2,4,4,1,3,0,0,0,1,1,2,4.88,5.0,0.0,0.0,0.0,2.0,0.0,0.0,0.0,4.0,9.88,7
22500119,DAL,OKC,78.4,78.8,"('Cooper Flagg', 'Jaden Hardy', 'Max Christie')",1.7833333333333334,2,4,4,1,3,0,0,0,1,1,2,4.88,5.0,0.0,0.0,0.0,2.0,0.0,0.0,0.0,4.0,9.88,7
22500119,DAL,OKC,78.4,78.8,"('Cooper Flagg', 'Klay Thompson', 'Max Christie')",1.7833333333333334,2,4,4,1,3,0,0,0,1,1,2,4.88,5.0,0.0,0.0,0.0,2.0,0.0,0.0,0.0,4.0,9.88,7
22500119,DAL,OKC,78.4,78.8,"('Jaden Hardy', 'Klay Thompson', 'Max Christie')",1.7833333333333334,2,4,4,1,3,0,0,0,1,1,2,4.88,5.0,0.0,0.0,0.0,2.0,0.0,0.0,0.0,4.0,9.88,7
22500119,DAL,OKC,78.2,78.2,"('Anthony Davis', ""D'Angelo Russell"", 'Max Christie')",1.3666666666666667,2,2,4,0,2,0,0,0,0,0,1,2.88,2.0,0.0,0.0,0.0,0.0,0.0,0.0,0.0,4.0,4.88,7
22500119,DAL,OKC,78.2,78.2,"('Anthony Davis', ""D'Angelo Russell"", 'Naji Marshall')",1.3666666666666667,2,2,4,0,2,0,0,0,0,0,1,2.88,2.0,0.0,0.0,0.0,0.0,0.0,0.0,0.0,4.0,4.88,7
22500119,DAL,OKC,78.2,78.2,"('Anthony Davis', ""D'Angelo Russell"", 'P.J. Washington')",1.3666666666666667,2,2,4,0,2,0,0,0,0,0,1,2.88,2.0,0.0,0.0,0.0,0.0,0.0,0.0,0.0,4.0,4.88,7
22500119,DAL,OKC,78.2,78.2,"('Anthony Davis', 'Max Christie', 'Naji Marshall')",1.3666666666666667,2,2,4,0,2,0,0,0,0,0,1,2.88,2.0,0.0,0.0,0.0,0.0,0.0,0.0,0.0,4.0,4.88,7
22500119,DAL,OKC,78.2,78.2,"('Anthony Davis', 'Max Christie', 'P.J. Washington')",1.3666666666666667,2,2,4,0,2,0,0,0,0,0,1,2.88,2.0,0.0,0.0,0.0,0.0,0.0,0.0,0.0,4.0,4.88,7
22500119,DAL,OKC,78.2,78.2,"('Anthony Davis', 'Naji Marshall', 'P.J. Washington')",1.3666666666666667,2,2,4,0,2,0,0,0,0,0,1,2.88,2.0,0.0,0.0,0.0,0.0,0.0,0.0,0.0,4.0,4.88,7
22500119,DAL,OKC,78.2,78.2,"(""D'Angelo Russell"", 'Max Christie', 'Naji Marshall')",1.3666666666666667,2,2,4,0,2,0,0,0,0,0,1,2.88,2.0,0.0,0.0,0.0,0.0,0.0,0.0,0.0,4.0,4.88,7
22500119,DAL,OKC,78.2,78.2,"(""D'Angelo Russell"", 'Max Christie', 'P.J. Washington')",1.3666666666666667,2,2,4,0,2,0,0,0,0,0,1,2.88,2.0,0.0,0.0,0.0,0.0,0.0,0.0,0.0,4.0,4.88,7
22500119,DAL,OKC,78.2,78.2,"(""D'Angelo Russell"", 'Naji Marshall', 'P.J. Washington')",1.3666666666666667,2,2,4,0,2,0,0,0,0,0,1,2.88,2.0,0.0,0.0,0.0,0.0,0.0,0.0,0.0,4.0,4.88,7
22500119,DAL,OKC,78.2,78.2,"('Max Christie', 'Naji Marshall', 'P.J. Washington')",1.3666666666666667,2,2,4,0,2,0,0,0,0,0,1,2.88,2.0,0.0,0.0,0.0,0.0,0.0,0.0,0.0,4.0,4.88,7
22500119,DAL,OKC,79.0,79.4,"('Anthony Davis', 'Cooper Flagg', ""D'Angelo Russell"")",2.295,2,1,2,2,4,0,1,0,0,0,1,4.44,5.0,0.0,0.0,0.0,0.0,0.0,0.0,0.0,2.0,9.44,7
22500119,DAL,OKC,79.0,79.4,"('Anthony Davis', 'Cooper Flagg', 'Naji Marshall')",2.295,2,1,2,2,4,0,1,0,0,0,1,4.44,5.0,0.0,0.0,0.0,0.0,0.0,0.0,0.0,2.0,9.44,7
22500119,DAL,OKC,79.0,79.4,"('Anthony Davis', 'Cooper Flagg', 'P.J. Washington')",2.295,2,1,2,2,4,0,1,0,0,0,1,4.44,5.0,0.0,0.0,0.0,0.0,0.0,0.0,0.0,2.0,9.44,7
22500119,DAL,OKC,79.0,79.4,"('Anthony Davis', ""D'Angelo Russell"", 'Naji Marshall')",2.295,2,1,2,2,4,0,1,0,0,0,1,4.44,5.0,0.0,0.0,0.0,0.0,0.0,0.0,0.0,2.0,9.44,7
22500119,DAL,OKC,79.0,79.4,"('Anthony Davis', ""D'Angelo Russell"", 'P.J. Washington')",2.295,2,1,2,2,4,0,1,0,0,0,1,4.44,5.0,0.0,0.0,0.0,0.0,0.0,0.0,0.0,2.0,9.44,7
22500119,DAL,OKC,79.0,79.4,"('Anthony Davis', 'Naji Marshall', 'P.J. Washington')",2.295,2,1,2,2,4,0,1,0,0,0,1,4.44,5.0,0.0,0.0,0.0,0.0,0.0,0.0,0.0,2.0,9.44,7
22500119,DAL,OKC,79.0,79.4,"('Cooper Flagg', ""D'Angelo Russell"", 'Naji Marshall')",2.295,2,1,2,2,4,0,1,0,0,0,1,4.44,5.0,0.0,0.0,0.0,0.0,0.0,0.0,0.0,2.0,9.44,7
22500119,DAL,OKC,79.0,79.4,"('Cooper Flagg', ""D'Angelo Russell"", 'P.J. Washington')",2.295,2,1,2,2,4,0,1,0,0,0,1,4.44,5.0,0.0,0.0,0.0,0.0,0.0,0.0,0.0,2.0,9.44,7
22500119,DAL,OKC,79.0,79.4,"('Cooper Flagg', 'Naji Marshall', 'P.J. Washington')",2.295,2,1,2,2,4,0,1,0,0,0,1,4.44,5.0,0.0,0.0,0.0,0.0,0.0,0.0,0.0,2.0,9.44,7
22500119,DAL,OKC,79.0,79.4,"(""D'Angelo Russell"", 'Naji Marshall', 'P.J. Washington')",2.295,2,1,2,2,4,0,1,0,0,0,1,4.44,5.0,0.0,0.0,0.0,0.0,0.0,0.0,0.0,2.0,9.44,7
22500119,DAL,OKC,78.0,78.8,"('Cooper Flagg', ""D'Angelo Russell"", 'Klay Thompson')",1.5,2,2,6,1,2,0,2,0,0,0,0,4.0,3.0,0.0,0.0,0.0,2.0,0.0,0.0,0.0,6.0,7.0,7
22500119,DAL,OKC,78.0,78.8,"('Cooper Flagg', ""D'Angelo Russell"", 'Naji Marshall')",1.5,2,2,6,1,2,0,2,0,0,0,0,4.0,3.0,0.0,0.0,0.0,2.0,0.0,0.0,0.0,6.0,7.0,7
22500119,DAL,OKC,78.0,78.8,"('Cooper Flagg', ""D'Angelo Russell"", 'P.J. Washington')",1.5,2,2,6,1,2,0,2,0,0,0,0,4.0,3.0,0.0,0.0,0.0,2.0,0.0,0.0,0.0,6.0,7.0,7
22500119,DAL,OKC,78.0,78.8,"('Cooper Flagg', 'Klay Thompson', 'Naji Marshall')",1.5,2,2,6,1,2,0,2,0,0,0,0,4.0,3.0,0.0,0.0,0.0,2.0,0.0,0.0,0.0,6.0,7.0,7
22500119,DAL,OKC,78.0,78.8,"('Cooper Flagg', 'Klay Thompson', 'P.J. Washington')",1.5,2,2,6,1,2,0,2,0,0,0,0,4.0,3.0,0.0,0.0,0.0,2.0,0.0,0.0,0.0,6.0,7.0,7
22500119,DAL,OKC,78.0,78.8,"('Cooper Flagg', 'Naji Marshall', 'P.J. Washington')",1.5,2,2,6,1,2,0,2,0,0,0,0,4.0,3.0,0.0,0.0,0.0,2.0,0.0,0.0,0.0,6.0,7.0,7
22500119,DAL,OKC,78.0,78.8,"(""D'Angelo Russell"", 'Klay Thompson', 'Naji Marshall')",1.5,2,2,6,1,2,0,2,0,0,0,0,4.0,3.0,0.0,0.0,0.0,2.0,0.0,0.0,0.0,6.0,7.0,7
22500119,DAL,OKC,78.0,78.8,"(""D'Angelo Russell"", 'Klay Thompson', 'P.J. Washington')",1.5,2,2,6,1,2,0,2,0,0,0,0,4.0,3.0,0.0,0.0,0.0,2.0,0.0,0.0,0.0,6.0,7.0,7
22500119,DAL,OKC,78.0,78.8,"(""D'Angelo Russell"", 'Naji Marshall', 'P.J. Washington')",1.5,2,2,6,1,2,0,2,0,0,0,0,4.0,3.0,0.0,0.0,0.0,2.0,0.0,0.0,0.0,6.0,7.0,7
22500119,DAL,OKC,78.0,78.8,"('Klay Thompson', 'Naji Marshall', 'P.J. Washington')",1.5,2,2,6,1,2,0,2,0,0,0,0,4.0,3.0,0.0,0.0,0.0,2.0,0.0,0.0,0.0,6.0,7.0,7
22500119,DAL,OKC,79.0,77.6,"('Anthony Davis', 'Cooper Flagg', 'Klay Thompson')",3.9,2,9,4,7,4,1,1,0,0,0,0,8.0,9.0,0.0,0.0,2.0,6.0,0.0,0.0,0.0,2.0,17.0,7
22500119,DAL,OKC,79.0,77.6,"('Anthony Davis', 'Cooper Flagg', 'Max Christie')",3.9,2,9,4,7,4,1,1,0,0,0,0,8.0,9.0,0.0,0.0,2.0,6.0,0.0,0.0,0.0,2.0,17.0,7
22500119,DAL,OKC,79.0,77.6,"('Anthony Davis', 'Cooper Flagg', 'Naji Marshall')",3.9,2,9,4,7,4,1,1,0,0,0,0,8.0,9.0,0.0,0.0,2.0,6.0,0.0,0.0,0.0,2.0,17.0,7
22500119,DAL,OKC,79.0,77.6,"('Anthony Davis', 'Klay Thompson', 'Max Christie')",3.9,2,9,4,7,4,1,1,0,0,0,0,8.0,9.0,0.0,0.0,2.0,6.0,0.0,0.0,0.0,2.0,17.0,7
22500119,DAL,OKC,79.0,77.6,"('Anthony Davis', 'Klay Thompson', 'Naji Marshall')",3.9,2,9,4,7,4,1,1,0,0,0,0,8.0,9.0,0.0,0.0,2.0,6.0,0.0,0.0,0.0,2.0,17.0,7
22500119,DAL,OKC,79.0,77.6,"('Anthony Davis', 'Max Christie', 'Naji Marshall')",3.9,2,9,4,7,4,1,1,0,0,0,0,8.0,9.0,0.0,0.0,2.0,6.0,0.0,0.0,0.0,2.0,17.0,7
22500119,DAL,OKC,79.0,77.6,"('Cooper Flagg', 'Klay Thompson', 'Max Christie')",3.9,2,9,4,7,4,1,1,0,0,0,0,8.0,9.0,0.0,0.0,2.0,6.0,0.0,0.0,0.0,2.0,17.0,7
22500119,DAL,OKC,79.0,77.6,"('Cooper Flagg', 'Klay Thompson', 'Naji Marshall')",3.9,2,9,4,7,4,1,1,0,0,0,0,8.0,9.0,0.0,0.0,2.0,6.0,0.0,0.0,0.0,2.0,17.0,7
22500119,DAL,OKC,79.0,77.6,"('Cooper Flagg', 'Max Christie', 'Naji Marshall')",3.9,2,9,4,7,4,1,1,0,0,0,0,8.0,9.0,0.0,0.0,2.0,6.0,0.0,0.0,0.0,2.0,17.0,7
22500119,DAL,OKC,79.0,77.6,"('Klay Thompson', 'Max Christie', 'Naji Marshall')",3.9,2,9,4,7,4,1,1,0,0,0,0,8.0,9.0,0.0,0.0,2.0,6.0,0.0,0.0,0.0,2.0,17.0,7
22500119,DAL,OKC,79.4,78.0,"('Anthony Davis', 'Cooper Flagg', 'Max Christie')",0.6016666666666666,4,1,4,1,1,0,0,0,0,2,0,1.44,2.76,0.0,0.0,0.0,0.0,0.0,0.0,0.0,0.0,4.199999999999999,7
22500119,DAL,OKC,79.4,78.0,"('Anthony Davis', 'Cooper Flagg', 'Naji Marshall')",0.6016666666666666,4,1,4,1,1,0,0,0,0,2,0,1.44,2.76,0.0,0.0,0.0,0.0,0.0,0.0,0.0,0.0,4.199999999999999,7
22500119,DAL,OKC,79.4,78.0,"('Anthony Davis', 'Cooper Flagg', 'P.J. Washington')",0.6016666666666666,4,1,4,1,1,0,0,0,0,2,0,1.44,2.76,0.0,0.0,0.0,0.0,0.0,0.0,0.0,0.0,4.199999999999999,7
22500119,DAL,OKC,79.4,78.0,"('Anthony Davis', 'Max Christie', 'Naji Marshall')",0.6016666666666666,4,1,4,1,1,0,0,0,0,2,0,1.44,2.76,0.0,0.0,0.0,0.0,0.0,0.0,0.0,0.0,4.199999999999999,7
22500119,DAL,OKC,79.4,78.0,"('Anthony Davis', 'Max Christie', 'P.J. Washington')",0.6016666666666666,4,1,4,1,1,0,0,0,0,2,0,1.44,2.76,0.0,0.0,0.0,0.0,0.0,0.0,0.0,0.0,4.199999999999999,7
22500119,DAL,OKC,79.4,78.0,"('Anthony Davis', 'Naji Marshall', 'P.J. Washington')",0.6016666666666666,4,1,4,1,1,0,0,0,0,2,0,1.44,2.76,0.0,0.0,0.0,0.0,0.0,0.0,0.0,0.0,4.199999999999999,7
22500119,DAL,OKC,79.4,78.0,"('Cooper Flagg', 'Max Christie', 'Naji Marshall')",0.6016666666666666,4,1,4,1,1,0,0,0,0,2,0,1.44,2.76,0.0,0.0,0.0,0.0,0.0,0.0,0.0,0.0,4.199999999999999,7
22500119,DAL,OKC,79.4,78.0,"('Cooper Flagg', 'Max Christie', 'P.J. Washington')",0.6016666666666666,4,1,4,1,1,0,0,0,0,2,0,1.44,2.76,0.0,0.0,0.0,0.0,0.0,0.0,0.0,0.0,4.199999999999999,7
22500119,DAL,OKC,79.4,78.0,"('Cooper Flagg', 'Naji Marshall', 'P.J. Washington')",0.6016666666666666,4,1,4,1,1,0,0,0,0,2,0,1.44,2.76,0.0,0.0,0.0,0.0,0.0,0.0,0.0,0.0,4.199999999999999,7
22500119,DAL,OKC,79.4,78.0,"('Max Christie', 'Naji Marshall', 'P.J. Washington')",0.6016666666666666,4,1,4,1,1,0,0,0,0,2,0,1.44,2.76,0.0,0.0,0.0,0.0,0.0,0.0,0.0,0.0,4.199999999999999,7
22500119,DAL,OKC,79.2,79.6,"('Anthony Davis', 'Cooper Flagg', 'Klay Thompson')",3.166666666666667,3,10,12,1,2,3,3,2,0,1,1,7.0,6.88,0.0,0.0,0.0,4.0,2.0,4.0,0.0,10.0,13.88,7
22500119,DAL,OKC,79.2,79.6,"('Anthony Davis', 'Cooper Flagg', 'Max Christie')",3.166666666666667,3,10,12,1,2,3,3,2,0,1,1,7.0,6.88,0.0,0.0,0.0,4.0,2.0,4.0,0.0,10.0,13.88,7
22500119,DAL,OKC,79.2,79.6,"('Anthony Davis', 'Cooper Flagg', 'P.J. Washington')",3.166666666666667,3,10,12,1,2,3,3,2,0,1,1,7.0,6.88,0.0,0.0,0.0,4.0,2.0,4.0,0.0,10.0,13.88,7
22500119,DAL,OKC,79.2,79.6,"('Anthony Davis', 'Klay Thompson', 'Max Christie')",3.166666666666667,3,10,12,1,2,3,3,2,0,1,1,7.0,6.88,0.0,0.0,0.0,4.0,2.0,4.0,0.0,10.0,13.88,7
22500119,DAL,OKC,79.2,79.6,"('Anthony Davis', 'Klay Thompson', 'P.J. Washington')",3.166666666666667,3,10,12,1,2,3,3,2,0,1,1,7.0,6.88,0.0,0.0,0.0,4.0,2.0,4.0,0.0,10.0,13.88,7
22500119,DAL,OKC,79.2,79.6,"('Anthony Davis', 'Max Christie', 'P.J. Washington')",3.166666666666667,3,10,12,1,2,3,3,2,0,1,1,7.0,6.88,0.0,0.0,0.0,4.0,2.0,4.0,0.0,10.0,13.88,7
22500119,DAL,OKC,79.2,79.6,"('Cooper Flagg', 'Klay Thompson', 'Max Christie')",3.166666666666667,3,10,12,1,2,3,3,2,0,1,1,7.0,6.88,0.0,0.0,0.0,4.0,2.0,4.0,0.0,10.0,13.88,7
22500119,DAL,OKC,79.2,79.6,"('Cooper Flagg', 'Klay Thompson', 'P.J. Washington')",3.166666666666667,3,10,12,1,2,3,3,2,0,1,1,7.0,6.88,0.0,0.0,0.0,4.0,2.0,4.0,0.0,10.0,13.88,7
22500119,DAL,OKC,79.2,79.6,"('Cooper Flagg', 'Max Christie', 'P.J. Washington')",3.166666666666667,3,10,12,1,2,3,3,2,0,1,1,7.0,6.88,0.0,0.0,0.0,4.0,2.0,4.0,0.0,10.0,13.88,7
22500119,DAL,OKC,79.2,79.6,"('Klay Thompson', 'Max Christie', 'P.J. Washington')",3.166666666666667,3,10,12,1,2,3,3,2,0,1,1,7.0,6.88,0.0,0.0,0.0,4.0,2.0,4.0,0.0,10.0,13.88,7
22500119,DAL,OKC,78.2,78.2,"('Anthony Davis', 'Cooper Flagg', ""D'Angelo Russell"")",1.35,3,2,3,1,1,0,1,0,0,1,2,2.88,4.0,0.0,0.0,0.0,0.0,0.0,0.0,0.0,0.0,6.88,7
22500119,DAL,OKC,78.2,78.2,"('Anthony Davis', 'Cooper Flagg', 'Jaden Hardy')",1.35,3,2,3,1,1,0,1,0,0,1,2,2.88,4.0,0.0,0.0,0.0,0.0,0.0,0.0,0.0,0.0,6.88,7
22500119,DAL,OKC,78.2,78.2,"('Anthony Davis', 'Cooper Flagg', 'Naji Marshall')",1.35,3,2,3,1,1,0,1,0,0,1,2,2.88,4.0,0.0,0.0,0.0,0.0,0.0,0.0,0.0,0.0,6.88,7
22500119,DAL,OKC,78.2,78.2,"('Anthony Davis', ""D'Angelo Russell"", 'Jaden Hardy')",1.35,3,2,3,1,1,0,1,0,0,1,2,2.88,4.0,0.0,0.0,0.0,0.0,0.0,0.0,0.0,0.0,6.88,7
22500119,DAL,OKC,78.2,78.2,"('Anthony Davis', ""D'Angelo Russell"", 'Naji Marshall')",1.35,3,2,3,1,1,0,1,0,0,1,2,2.88,4.0,0.0,0.0,0.0,0.0,0.0,0.0,0.0,0.0,6.88,7
22500119,DAL,OKC,78.2,78.2,"('Anthony Davis', 'Jaden Hardy', 'Naji Marshall')",1.35,3,2,3,1,1,0,1,0,0,1,2,2.88,4.0,0.0,0.0,0.0,0.0,0.0,0.0,0.0,0.0,6.88,7
22500119,DAL,OKC,78.2,78.2,"('Cooper Flagg', ""D'Angelo Russell"", 'Jaden Hardy')",1.35,3,2,3,1,1,0,1,0,0,1,2,2.88,4.0,0.0,0.0,0.0,0.0,0.0,0.0,0.0,0.0,6.88,7
22500119,DAL,OKC,78.2,78.2,"('Cooper Flagg', ""D'Angelo Russell"", 'Naji Marshall')",1.35,3,2,3,1,1,0,1,0,0,1,2,2.88,4.0,0.0,0.0,0.0,0.0,0.0,0.0,0.0,0.0,6.88,7
22500119,DAL,OKC,78.2,78.2,"('Cooper Flagg', 'Jaden Hardy', 'Naji Marshall')",1.35,3,2,3,1,1,0,1,0,0,1,2,2.88,4.0,0.0,0.0,0.0,0.0,0.0,0.0,0.0,0.0,6.88,7
22500119,DAL,OKC,78.2,78.2,"(""D'Angelo Russell"", 'Jaden Hardy', 'Naji Marshall')",1.35,3,2,3,1,1,0,1,0,0,1,2,2.88,4.0,0.0,0.0,0.0,0.0,0.0,0.0,0.0,0.0,6.88,7
22500119,DAL,OKC,78.0,77.4,"('Caleb Martin', 'Cooper Flagg', ""D'Angelo Russell"")",0.435,1,0,0,1,0,0,0,1,0,1,0,2.0,1.0,0.0,0.0,0.0,0.0,0.0,0.0,0.0,0.0,3.0,7
22500119,DAL,OKC,78.0,77.4,"('Caleb Martin', 'Cooper Flagg', 'Naji Marshall')",0.435,1,0,0,1,0,0,0,1,0,1,0,2.0,1.0,0.0,0.0,0.0,0.0,0.0,0.0,0.0,0.0,3.0,7
22500119,DAL,OKC,78.0,77.4,"('Caleb Martin', 'Cooper Flagg', 'P.J. Washington')",0.435,1,0,0,1,0,0,0,1,0,1,0,2.0,1.0,0.0,0.0,0.0,0.0,0.0,0.0,0.0,0.0,3.0,7
22500119,DAL,OKC,78.0,77.4,"('Caleb Martin', ""D'Angelo Russell"", 'Naji Marshall')",0.435,1,0,0,1,0,0,0,1,0,1,0,2.0,1.0,0.0,0.0,0.0,0.0,0.0,0.0,0.0,0.0,3.0,7
22500119,DAL,OKC,78.0,77.4,"('Caleb Martin', ""D'Angelo Russell"", 'P.J. Washington')",0.435,1,0,0,1,0,0,0,1,0,1,0,2.0,1.0,0.0,0.0,0.0,0.0,0.0,0.0,0.0,0.0,3.0,7
22500119,DAL,OKC,78.0,77.4,"('Caleb Martin', 'Naji Marshall', 'P.J. Washington')",0.435,1,0,0,1,0,0,0,1,0,1,0,2.0,1.0,0.0,0.0,0.0,0.0,0.0,0.0,0.0,0.0,3.0,7
22500119,DAL,OKC,78.0,77.4,"('Cooper Flagg', ""D'Angelo Russell"", 'Naji Marshall')",0.435,1,0,0,1,0,0,0,1,0,1,0,2.0,1.0,0.0,0.0,0.0,0.0,0.0,0.0,0.0,0.0,3.0,7
22500119,DAL,OKC,78.0,77.4,"('Cooper Flagg', ""D'Angelo Russell"", 'P.J. Washington')",0.435,1,0,0,1,0,0,0,1,0,1,0,2.0,1.0,0.0,0.0,0.0,0.0,0.0,0.0,0.0,0.0,3.0,7
22500119,DAL,OKC,78.0,77.4,"('Cooper Flagg', 'Naji Marshall', 'P.J. Washington')",0.435,1,0,0,1,0,0,0,1,0,1,0,2.0,1.0,0.0,0.0,0.0,0.0,0.0,0.0,0.0,0.0,3.0,7
22500119,DAL,OKC,78.0,77.4,"(""D'Angelo Russell"", 'Naji Marshall', 'P.J. Washington')",0.435,1,0,0,1,0,0,0,1,0,1,0,2.0,1.0,0.0,0.0,0.0,0.0,0.0,0.0,0.0,0.0,3.0,7
22500119,DAL,OKC,78.2,80.0,"('Anthony Davis', ""D'Angelo Russell"", 'Max Christie')",1.3833333333333333,1,6,5,1,0,2,2,0,0,0,0,2.0,3.0,3.0,0.0,0.0,0.0,0.0,0.0,0.0,2.0,5.0,7
22500119,DAL,OKC,78.2,80.0,"('Anthony Davis', ""D'Angelo Russell"", 'Naji Marshall')",1.3833333333333333,1,6,5,1,0,2,2,0,0,0,0,2.0,3.0,3.0,0.0,0.0,0.0,0.0,0.0,0.0,2.0,5.0,7
22500119,DAL,OKC,78.2,80.0,"('Anthony Davis', ""D'Angelo Russell"", 'P.J. Washington')",1.3833333333333333,1,6,5,1,0,2,2,0,0,0,0,2.0,3.0,3.0,0.0,0.0,0.0,0.0,0.0,0.0,2.0,5.0,7
22500119,DAL,OKC,78.2,80.0,"('Anthony Davis', 'Max Christie', 'Naji Marshall')",1.3833333333333333,1,6,5,1,0,2,2,0,0,0,0,2.0,3.0,3.0,0.0,0.0,0.0,0.0,0.0,0.0,2.0,5.0,7
22500119,DAL,OKC,78.2,80.0,"('Anthony Davis', 'Max Christie', 'P.J. Washington')",1.3833333333333333,1,6,5,1,0,2,2,0,0,0,0,2.0,3.0,3.0,0.0,0.0,0.0,0.0,0.0,0.0,2.0,5.0,7
22500119,DAL,OKC,78.2,80.0,"('Anthony Davis', 'Naji Marshall', 'P.J. Washington')",1.3833333333333333,1,6,5,1,0,2,2,0,0,0,0,2.0,3.0,3.0,0.0,0.0,0.0,0.0,0.0,0.0,2.0,5.0,7
22500119,DAL,OKC,78.2,80.0,"(""D'Angelo Russell"", 'Max Christie', 'Naji Marshall')",1.3833333333333333,1,6,5,1,0,2,2,0,0,0,0,2.0,3.0,3.0,0.0,0.0,0.0,0.0,0.0,0.0,2.0,5.0,7
22500119,DAL,OKC,78.2,80.0,"(""D'Angelo Russell"", 'Max Christie', 'P.J. Washington')",1.3833333333333333,1,6,5,1,0,2,2,0,0,0,0,2.0,3.0,3.0,0.0,0.0,0.0,0.0,0.0,0.0,2.0,5.0,7
22500119,DAL,OKC,78.2,80.0,"(""D'Angelo Russell"", 'Naji Marshall', 'P.J. Washington')",1.3833333333333333,1,6,5,1,0,2,2,0,0,0,0,2.0,3.0,3.0,0.0,0.0,0.0,0.0,0.0,0.0,2.0,5.0,7
22500119,DAL,OKC,78.2,80.0,"('Max Christie', 'Naji Marshall', 'P.J. Washington')",1.3833333333333333,1,6,5,1,0,2,2,0,0,0,0,2.0,3.0,3.0,0.0,0.0,0.0,0.0,0.0,0.0,2.0,5.0,7
22500119,DAL,OKC,76.8,77.4,"('Caleb Martin', ""D'Angelo Russell"", 'Jaden Hardy')",2.453333333333334,1,6,4,3,4,2,1,0,2,1,3,6.88,6.0,0.0,2.0,0.0,4.0,0.0,2.0,0.0,4.0,12.88,7
22500119,DAL,OKC,76.8,77.4,"('Caleb Martin', ""D'Angelo Russell"", 'Naji Marshall')",2.453333333333334,1,6,4,3,4,2,1,0,2,1,3,6.88,6.0,0.0,2.0,0.0,4.0,0.0,2.0,0.0,4.0,12.88,7
22500119,DAL,OKC,76.8,77.4,"('Caleb Martin', ""D'Angelo Russell"", 'P.J. Washington')",2.453333333333334,1,6,4,3,4,2,1,0,2,1,3,6.88,6.0,0.0,2.0,0.0,4.0,0.0,2.0,0.0,4.0,12.88,7
22500119,DAL,OKC,76.8,77.4,"('Caleb Martin', 'Jaden Hardy', 'Naji Marshall')",2.453333333333334,1,6,4,3,4,2,1,0,2,1,3,6.88,6.0,0.0,2.0,0.0,4.0,0.0,2.0,0.0,4.0,12.88,7
22500119,DAL,OKC,76.8,77.4,"('Caleb Martin', 'Jaden Hardy', 'P.J. Washington')",2.453333333333334,1,6,4,3,4,2,1,0,2,1,3,6.88,6.0,0.0,2.0,0.0,4.0,0.0,2.0,0.0,4.0,12.88,7
22500119,DAL,OKC,76.8,77.4,"('Caleb Martin', 'Naji Marshall', 'P.J. Washington')",2.453333333333334,1,6,4,3,4,2,1,0,2,1,3,6.88,6.0,0.0,2.0,0.0,4.0,0.0,2.0,0.0,4.0,12.88,7
22500119,DAL,OKC,76.8,77.4,"(""D'Angelo Russell"", 'Jaden Hardy', 'Naji Marshall')",2.453333333333334,1,6,4,3,4,2,1,0,2,1,3,6.88,6.0,0.0,2.0,0.0,4.0,0.0,2.0,0.0,4.0,12.88,7
22500119,DAL,OKC,76.8,77.4,"(""D'Angelo Russell"", 'Jaden Hardy', 'P.J. Washington')",2.453333333333334,1,6,4,3,4,2,1,0,2,1,3,6.88,6.0,0.0,2.0,0.0,4.0,0.0,2.0,0.0,4.0,12.88,7
22500119,DAL,OKC,76.8,77.4,"(""D'Angelo Russell"", 'Naji Marshall', 'P.J. Washington')",2.453333333333334,1,6,4,3,4,2,1,0,2,1,3,6.88,6.0,0.0,2.0,0.0,4.0,0.0,2.0,0.0,4.0,12.88,7
22500119,DAL,OKC,76.8,77.4,"('Jaden Hardy', 'Naji Marshall', 'P.J. Washington')",2.453333333333334,1,6,4,3,4,2,1,0,2,1,3,6.88,6.0,0.0,2.0,0.0,4.0,0.0,2.0,0.0,4.0,12.88,7
22500119,DAL,OKC,78.4,76.4,"('Caleb Martin', 'Cooper Flagg', 'Max Christie')",0.3133333333333333,1,0,3,0,0,0,1,0,0,0,0,0.0,1.0,0.0,0.0,0.0,0.0,3.0,0.0,0.0,0.0,1.0,7
22500119,DAL,OKC,78.4,76.4,"('Caleb Martin', 'Cooper Flagg', 'Naji Marshall')",0.3133333333333333,1,0,3,0,0,0,1,0,0,0,0,0.0,1.0,0.0,0.0,0.0,0.0,3.0,0.0,0.0,0.0,1.0,7
22500119,DAL,OKC,78.4,76.4,"('Caleb Martin', 'Cooper Flagg', 'P.J. Washington')",0.3133333333333333,1,0,3,0,0,0,1,0,0,0,0,0.0,1.0,0.0,0.0,0.0,0.0,3.0,0.0,0.0,0.0,1.0,7
22500119,DAL,OKC,78.4,76.4,"('Caleb Martin', 'Max Christie', 'Naji Marshall')",0.3133333333333333,1,0,3,0,0,0,1,0,0,0,0,0.0,1.0,0.0,0.0,0.0,0.0,3.0,0.0,0.0,0.0,1.0,7
22500119,DAL,OKC,78.4,76.4,"('Caleb Martin', 'Max Christie', 'P.J. Washington')",0.3133333333333333,1,0,3,0,0,0,1,0,0,0,0,0.0,1.0,0.0,0.0,0.0,0.0,3.0,0.0,0.0,0.0,1.0,7
22500119,DAL,OKC,78.4,76.4,"('Caleb Martin', 'Naji Marshall', 'P.J. Washington')",0.3133333333333333,1,0,3,0,0,0,1,0,0,0,0,0.0,1.0,0.0,0.0,0.0,0.0,3.0,0.0,0.0,0.0,1.0,7
22500119,DAL,OKC,78.4,76.4,"('Cooper Flagg', 'Max Christie', 'Naji Marshall')",0.3133333333333333,1,0,3,0,0,0,1,0,0,0,0,0.0,1.0,0.0,0.0,0.0,0.0,3.0,0.0,0.0,0.0,1.0,7
22500119,DAL,OKC,78.4,76.4,"('Cooper Flagg', 'Max Christie', 'P.J. Washington')",0.3133333333333333,1,0,3,0,0,0,1,0,0,0,0,0.0,1.0,0.0,0.0,0.0,0.0,3.0,0.0,0.0,0.0,1.0,7
22500119,DAL,OKC,78.4,76.4,"('Cooper Flagg', 'Naji Marshall', 'P.J. Washington')",0.3133333333333333,1,0,3,0,0,0,1,0,0,0,0,0.0,1.0,0.0,0.0,0.0,0.0,3.0,0.0,0.0,0.0,1.0,7
22500119,DAL,OKC,78.4,76.4,"('Max Christie', 'Naji Marshall', 'P.J. Washington')",0.3133333333333333,1,0,3,0,0,0,1,0,0,0,0,0.0,1.0,0.0,0.0,0.0,0.0,3.0,0.0,0.0,0.0,1.0,7
22500119,DAL,OKC,79.2,79.6,"('Anthony Davis', 'Cooper Flagg', 'Klay Thompson')",3.85,1,2,11,2,5,0,3,1,0,0,2,8.0,8.0,0.0,0.0,0.0,0.0,0.0,0.0,0.0,8.0,16.0,7
22500119,DAL,OKC,79.2,79.6,"('Anthony Davis', 'Cooper Flagg', 'Max Christie')",3.85,1,2,11,2,5,0,3,1,0,0,2,8.0,8.0,0.0,0.0,0.0,0.0,0.0,0.0,0.0,8.0,16.0,7
22500119,DAL,OKC,79.2,79.6,"('Anthony Davis', 'Cooper Flagg', 'P.J. Washington')",3.85,1,2,11,2,5,0,3,1,0,0,2,8.0,8.0,0.0,0.0,0.0,0.0,0.0,0.0,0.0,8.0,16.0,7
22500119,DAL,OKC,79.2,79.6,"('Anthony Davis', 'Klay Thompson', 'Max Christie')",3.85,1,2,11,2,5,0,3,1,0,0,2,8.0,8.0,0.0,0.0,0.0,0.0,0.0,0.0,0.0,8.0,16.0,7
22500119,DAL,OKC,79.2,79.6,"('Anthony Davis', 'Klay Thompson', 'P.J. Washington')",3.85,1,2,11,2,5,0,3,1,0,0,2,8.0,8.0,0.0,0.0,0.0,0.0,0.0,0.0,0.0,8.0,16.0,7
22500119,DAL,OKC,79.2,79.6,"('Anthony Davis', 'Max Christie', 'P.J. Washington')",3.85,1,2,11,2,5,0,3,1,0,0,2,8.0,8.0,0.0,0.0,0.0,0.0,0.0,0.0,0.0,8.0,16.0,7
22500119,DAL,OKC,79.2,79.6,"('Cooper Flagg', 'Klay Thompson', 'Max Christie')",3.85,1,2,11,2,5,0,3,1,0,0,2,8.0,8.0,0.0,0.0,0.0,0.0,0.0,0.0,0.0,8.0,16.0,7
22500119,DAL,OKC,79.2,79.6,"('Cooper Flagg', 'Klay Thompson', 'P.J. Washington')",3.85,1,2,11,2,5,0,3,1,0,0,2,8.0,8.0,0.0,0.0,0.0,0.0,0.0,0.0,0.0,8.0,16.0,7
22500119,DAL,OKC,79.2,79.6,"('Cooper Flagg', 'Max Christie', 'P.J. Washington')",3.85,1,2,11,2,5,0,3,1,0,0,2,8.0,8.0,0.0,0.0,0.0,0.0,0.0,0.0,0.0,8.0,16.0,7
22500119,DAL,OKC,79.2,79.6,"('Klay Thompson', 'Max Christie', 'P.J. Washington')",3.85,1,2,11,2,5,0,3,1,0,0,2,8.0,8.0,0.0,0.0,0.0,0.0,0.0,0.0,0.0,8.0,16.0,7
22500119,DAL,OKC,78.4,79.6,"('Anthony Davis', 'Cooper Flagg', ""D'Angelo Russell"")",2.766666666666667,1,10,5,4,3,2,1,0,0,0,1,6.0,5.0,3.0,0.0,2.0,4.0,0.0,0.0,3.0,2.0,11.0,7
22500119,DAL,OKC,78.4,79.6,"('Anthony Davis', 'Cooper Flagg', 'Klay Thompson')",2.766666666666667,1,10,5,4,3,2,1,0,0,0,1,6.0,5.0,3.0,0.0,2.0,4.0,0.0,0.0,3.0,2.0,11.0,7
22500119,DAL,OKC,78.4,79.6,"('Anthony Davis', 'Cooper Flagg', 'Max Christie')",2.766666666666667,1,10,5,4,3,2,1,0,0,0,1,6.0,5.0,3.0,0.0,2.0,4.0,0.0,0.0,3.0,2.0,11.0,7
22500119,DAL,OKC,78.4,79.6,"('Anthony Davis', ""D'Angelo Russell"", 'Klay Thompson')",2.766666666666667,1,10,5,4,3,2,1,0,0,0,1,6.0,5.0,3.0,0.0,2.0,4.0,0.0,0.0,3.0,2.0,11.0,7
22500119,DAL,OKC,78.4,79.6,"('Anthony Davis', ""D'Angelo Russell"", 'Max Christie')",2.766666666666667,1,10,5,4,3,2,1,0,0,0,1,6.0,5.0,3.0,0.0,2.0,4.0,0.0,0.0,3.0,2.0,11.0,7
22500119,DAL,OKC,78.4,79.6,"('Anthony Davis', 'Klay Thompson', 'Max Christie')",2.766666666666667,1,10,5,4,3,2,1,0,0,0,1,6.0,5.0,3.0,0.0,2.0,4.0,0.0,0.0,3.0,2.0,11.0,7
22500119,DAL,OKC,78.4,79.6,"('Cooper Flagg', ""D'Angelo Russell"", 'Klay Thompson')",2.766666666666667,1,10,5,4,3,2,1,0,0,0,1,6.0,5.0,3.0,0.0,2.0,4.0,0.0,0.0,3.0,2.0,11.0,7
22500119,DAL,OKC,78.4,79.6,"('Cooper Flagg', ""D'Angelo Russell"", 'Max Christie')",2.766666666666667,1,10,5,4,3,2,1,0,0,0,1,6.0,5.0,3.0,0.0,2.0,4.0,0.0,0.0,3.0,2.0,11.0,7
22500119,DAL,OKC,78.4,79.6,"('Cooper Flagg', 'Klay Thompson', 'Max Christie')",2.766666666666667,1,10,5,4,3,2,1,0,0,0,1,6.0,5.0,3.0,0.0,2.0,4.0,0.0,0.0,3.0,2.0,11.0,7
22500119,DAL,OKC,78.4,79.6,"(""D'Angelo Russell"", 'Klay Thompson', 'Max Christie')",2.766666666666667,1,10,5,4,3,2,1,0,0,0,1,6.0,5.0,3.0,0.0,2.0,4.0,0.0,0.0,3.0,2.0,11.0,7
22500119,DAL,OKC,78.2,79.0,"('Anthony Davis', ""D'Angelo Russell"", 'Klay Thompson')",1.5166666666666664,3,2,6,1,2,0,2,0,1,0,0,3.0,4.0,0.0,2.0,2.0,2.0,0.0,2.0,0.0,6.0,7.0,7
22500119,DAL,OKC,78.2,79.0,"('Anthony Davis', ""D'Angelo Russell"", 'Naji Marshall')",1.5166666666666664,3,2,6,1,2,0,2,0,1,0,0,3.0,4.0,0.0,2.0,2.0,2.0,0.0,2.0,0.0,6.0,7.0,7
22500119,DAL,OKC,78.2,79.0,"('Anthony Davis', ""D'Angelo Russell"", 'P.J. Washington')",1.5166666666666664,3,2,6,1,2,0,2,0,1,0,0,3.0,4.0,0.0,2.0,2.0,2.0,0.0,2.0,0.0,6.0,7.0,7
22500119,DAL,OKC,78.2,79.0,"('Anthony Davis', 'Klay Thompson', 'Naji Marshall')",1.5166666666666664,3,2,6,1,2,0,2,0,1,0,0,3.0,4.0,0.0,2.0,2.0,2.0,0.0,2.0,0.0,6.0,7.0,7
22500119,DAL,OKC,78.2,79.0,"('Anthony Davis', 'Klay Thompson', 'P.J. Washington')",1.5166666666666664,3,2,6,1,2,0,2,0,1,0,0,3.0,4.0,0.0,2.0,2.0,2.0,0.0,2.0,0.0,6.0,7.0,7
22500119,DAL,OKC,78.2,79.0,"('Anthony Davis', 'Naji Marshall', 'P.J. Washington')",1.5166666666666664,3,2,6,1,2,0,2,0,1,0,0,3.0,4.0,0.0,2.0,2.0,2.0,0.0,2.0,0.0,6.0,7.0,7
22500119,DAL,OKC,78.2,79.0,"(""D'Angelo Russell"", 'Klay Thompson', 'Naji Marshall')",1.5166666666666664,3,2,6,1,2,0,2,0,1,0,0,3.0,4.0,0.0,2.0,2.0,2.0,0.0,2.0,0.0,6.0,7.0,7
22500119,DAL,OKC,78.2,79.0,"(""D'Angelo Russell"", 'Klay Thompson', 'P.J. Washington')",1.5166666666666664,3,2,6,1,2,0,2,0,1,0,0,3.0,4.0,0.0,2.0,2.0,2.0,0.0,2.0,0.0,6.0,7.0,7
22500119,DAL,OKC,78.2,79.0,"(""D'Angelo Russell"", 'Naji Marshall', 'P.J. Washington')",1.5166666666666664,3,2,6,1,2,0,2,0,1,0,0,3.0,4.0,0.0,2.0,2.0,2.0,0.0,2.0,0.0,6.0,7.0,7
22500119,DAL,OKC,78.2,79.0,"('Klay Thompson', 'Naji Marshall', 'P.J. Washington')",1.5166666666666664,3,2,6,1,2,0,2,0,1,0,0,3.0,4.0,0.0,2.0,2.0,2.0,0.0,2.0,0.0,6.0,7.0,7
22500119,DAL,OKC,78.8,79.4,"('Anthony Davis', 'Cooper Flagg', 'Jaden Hardy')",1.7,4,0,4,0,2,0,1,1,2,1,2,3.0,4.0,0.0,0.0,0.0,0.0,2.0,2.0,0.0,4.0,7.0,7
22500119,DAL,OKC,78.8,79.4,"('Anthony Davis', 'Cooper Flagg', 'Klay Thompson')",1.7,4,0,4,0,2,0,1,1,2,1,2,3.0,4.0,0.0,0.0,0.0,0.0,2.0,2.0,0.0,4.0,7.0,7
22500119,DAL,OKC,78.8,79.4,"('Anthony Davis', 'Cooper Flagg', 'P.J. Washington')",1.7,4,0,4,0,2,0,1,1,2,1,2,3.0,4.0,0.0,0.0,0.0,0.0,2.0,2.0,0.0,4.0,7.0,7
22500119,DAL,OKC,78.8,79.4,"('Anthony Davis', 'Jaden Hardy', 'Klay Thompson')",1.7,4,0,4,0,2,0,1,1,2,1,2,3.0,4.0,0.0,0.0,0.0,0.0,2.0,2.0,0.0,4.0,7.0,7
22500119,DAL,OKC,78.8,79.4,"('Anthony Davis', 'Jaden Hardy', 'P.J. Washington')",1.7,4,0,4,0,2,0,1,1,2,1,2,3.0,4.0,0.0,0.0,0.0,0.0,2.0,2.0,0.0,4.0,7.0,7
22500119,DAL,OKC,78.8,79.4,"('Anthony Davis', 'Klay Thompson', 'P.J. Washington')",1.7,4,0,4,0,2,0,1,1,2,1,2,3.0,4.0,0.0,0.0,0.0,0.0,2.0,2.0,0.0,4.0,7.0,7
22500119,DAL,OKC,78.8,79.4,"('Cooper Flagg', 'Jaden Hardy', 'Klay Thompson')",1.7,4,0,4,0,2,0,1,1,2,1,2,3.0,4.0,0.0,0.0,0.0,0.0,2.0,2.0,0.0,4.0,7.0,7
22500119,DAL,OKC,78.8,79.4,"('Cooper Flagg', 'Jaden Hardy', 'P.J. Washington')",1.7,4,0,4,0,2,0,1,1,2,1,2,3.0,4.0,0.0,0.0,0.0,0.0,2.0,2.0,0.0,4.0,7.0,7
22500119,DAL,OKC,78.8,79.4,"('Cooper Flagg', 'Klay Thompson', 'P.J. Washington')",1.7,4,0,4,0,2,0,1,1,2,1,2,3.0,4.0,0.0,0.0,0.0,0.0,2.0,2.0,0.0,4.0,7.0,7
22500119,DAL,OKC,78.8,79.4,"('Jaden Hardy', 'Klay Thompson', 'P.J. Washington')",1.7,4,0,4,0,2,0,1,1,2,1,2,3.0,4.0,0.0,0.0,0.0,0.0,2.0,2.0,0.0,4.0,7.0,7
22500119,DAL,OKC,77.6,77.4,"('Cooper Flagg', ""D'Angelo Russell"", 'Jaden Hardy')",3.778333333333333,3,10,15,3,3,2,0,2,1,4,0,10.0,11.2,0.0,3.0,2.0,4.0,2.0,2.0,0.0,10.0,21.2,7
22500119,DAL,OKC,77.6,77.4,"('Cooper Flagg', ""D'Angelo Russell"", 'Naji Marshall')",3.778333333333333,3,10,15,3,3,2,0,2,1,4,0,10.0,11.2,0.0,3.0,2.0,4.0,2.0,2.0,0.0,10.0,21.2,7
22500119,DAL,OKC,77.6,77.4,"('Cooper Flagg', ""D'Angelo Russell"", 'P.J. Washington')",3.778333333333333,3,10,15,3,3,2,0,2,1,4,0,10.0,11.2,0.0,3.0,2.0,4.0,2.0,2.0,0.0,10.0,21.2,7
22500119,DAL,OKC,77.6,77.4,"('Cooper Flagg', 'Jaden Hardy', 'Naji Marshall')",3.778333333333333,3,10,15,3,3,2,0,2,1,4,0,10.0,11.2,0.0,3.0,2.0,4.0,2.0,2.0,0.0,10.0,21.2,7
22500119,DAL,OKC,77.6,77.4,"('Cooper Flagg', 'Jaden Hardy', 'P.J. Washington')",3.778333333333333,3,10,15,3,3,2,0,2,1,4,0,10.0,11.2,0.0,3.0,2.0,4.0,2.0,2.0,0.0,10.0,21.2,7
22500119,DAL,OKC,77.6,77.4,"('Cooper Flagg', 'Naji Marshall', 'P.J. Washington')",3.778333333333333,3,10,15,3,3,2,0,2,1,4,0,10.0,11.2,0.0,3.0,2.0,4.0,2.0,2.0,0.0,10.0,21.2,7
22500119,DAL,OKC,77.6,77.4,"(""D'Angelo Russell"", 'Jaden Hardy', 'Naji Marshall')",3.778333333333333,3,10,15,3,3,2,0,2,1,4,0,10.0,11.2,0.0,3.0,2.0,4.0,2.0,2.0,0.0,10.0,21.2,7
22500119,DAL,OKC,77.6,77.4,"(""D'Angelo Russell"", 'Jaden Hardy', 'P.J. Washington')",3.778333333333333,3,10,15,3,3,2,0,2,1,4,0,10.0,11.2,0.0,3.0,2.0,4.0,2.0,2.0,0.0,10.0,21.2,7
22500119,DAL,OKC,77.6,77.4,"(""D'Angelo Russell"", 'Naji Marshall', 'P.J. Washington')",3.778333333333333,3,10,15,3,3,2,0,2,1,4,0,10.0,11.2,0.0,3.0,2.0,4.0,2.0,2.0,0.0,10.0,21.2,7
22500119,DAL,OKC,77.6,77.4,"('Jaden Hardy', 'Naji Marshall', 'P.J. Washington')",3.778333333333333,3,10,15,3,3,2,0,2,1,4,0,10.0,11.2,0.0,3.0,2.0,4.0,2.0,2.0,0.0,10.0,21.2,7
22500119,DAL,OKC,78.6,79.4,"('Anthony Davis', 'Cooper Flagg', ""D'Angelo Russell"")",0.1833333333333333,3,1,0,0,0,0,0,0,0,0,1,0.44,0.0,0.0,0.0,0.0,0.0,0.0,0.0,0.0,0.0,0.44,7
22500119,DAL,OKC,78.6,79.4,"('Anthony Davis', 'Cooper Flagg', 'Klay Thompson')",0.1833333333333333,3,1,0,0,0,0,0,0,0,0,1,0.44,0.0,0.0,0.0,0.0,0.0,0.0,0.0,0.0,0.0,0.44,7
22500119,DAL,OKC,78.6,79.4,"('Anthony Davis', 'Cooper Flagg', 'Naji Marshall')",0.1833333333333333,3,1,0,0,0,0,0,0,0,0,1,0.44,0.0,0.0,0.0,0.0,0.0,0.0,0.0,0.0,0.0,0.44,7
22500119,DAL,OKC,78.6,79.4,"('Anthony Davis', ""D'Angelo Russell"", 'Klay Thompson')",0.1833333333333333,3,1,0,0,0,0,0,0,0,0,1,0.44,0.0,0.0,0.0,0.0,0.0,0.0,0.0,0.0,0.0,0.44,7
22500119,DAL,OKC,78.6,79.4,"('Anthony Davis', ""D'Angelo Russell"", 'Naji Marshall')",0.1833333333333333,3,1,0,0,0,0,0,0,0,0,1,0.44,0.0,0.0,0.0,0.0,0.0,0.0,0.0,0.0,0.0,0.44,7
22500119,DAL,OKC,78.6,79.4,"('Anthony Davis', 'Klay Thompson', 'Naji Marshall')",0.1833333333333333,3,1,0,0,0,0,0,0,0,0,1,0.44,0.0,0.0,0.0,0.0,0.0,0.0,0.0,0.0,0.0,0.44,7
22500119,DAL,OKC,78.6,79.4,"('Cooper Flagg', ""D'Angelo Russell"", 'Klay Thompson')",0.1833333333333333,3,1,0,0,0,0,0,0,0,0,1,0.44,0.0,0.0,0.0,0.0,0.0,0.0,0.0,0.0,0.0,0.44,7
22500119,DAL,OKC,78.6,79.4,"('Cooper Flagg', ""D'Angelo Russell"", 'Naji Marshall')",0.1833333333333333,3,1,0,0,0,0,0,0,0,0,1,0.44,0.0,0.0,0.0,0.0,0.0,0.0,0.0,0.0,0.0,0.44,7
22500119,DAL,OKC,78.6,79.4,"('Cooper Flagg', 'Klay Thompson', 'Naji Marshall')",0.1833333333333333,3,1,0,0,0,0,0,0,0,0,1,0.44,0.0,0.0,0.0,0.0,0.0,0.0,0.0,0.0,0.0,0.44,7
22500119,DAL,OKC,78.6,79.4,"(""D'Angelo Russell"", 'Klay Thompson', 'Naji Marshall')",0.1833333333333333,3,1,0,0,0,0,0,0,0,0,1,0.44,0.0,0.0,0.0,0.0,0.0,0.0,0.0,0.0,0.0,0.44,7
22500119,DAL,OKC,77.6,79.6,"('Anthony Davis', ""D'Angelo Russell"", 'Jaden Hardy')",7.384999999999999,4,19,4,4,10,7,1,0,3,2,3,13.88,12.0,0.0,7.0,0.0,6.0,0.0,0.0,2.0,4.0,25.880000000000003,7
22500119,DAL,OKC,77.6,79.6,"('Anthony Davis', ""D'Angelo Russell"", 'Max Christie')",7.384999999999999,4,19,4,4,10,7,1,0,3,2,3,13.88,12.0,0.0,7.0,0.0,6.0,0.0,0.0,2.0,4.0,25.880000000000003,7
22500119,DAL,OKC,77.6,79.6,"('Anthony Davis', ""D'Angelo Russell"", 'P.J. Washington')",7.384999999999999,4,19,4,4,10,7,1,0,3,2,3,13.88,12.0,0.0,7.0,0.0,6.0,0.0,0.0,2.0,4.0,25.880000000000003,7
22500119,DAL,OKC,77.6,79.6,"('Anthony Davis', 'Jaden Hardy', 'Max Christie')",7.384999999999999,4,19,4,4,10,7,1,0,3,2,3,13.88,12.0,0.0,7.0,0.0,6.0,0.0,0.0,2.0,4.0,25.880000000000003,7
22500119,DAL,OKC,77.6,79.6,"('Anthony Davis', 'Jaden Hardy', 'P.J. Washington')",7.384999999999999,4,19,4,4,10,7,1,0,3,2,3,13.88,12.0,0.0,7.0,0.0,6.0,0.0,0.0,2.0,4.0,25.880000000000003,7
22500119,DAL,OKC,77.6,79.6,"('Anthony Davis', 'Max Christie', 'P.J. Washington')",7.384999999999999,4,19,4,4,10,7,1,0,3,2,3,13.88,12.0,0.0,7.0,0.0,6.0,0.0,0.0,2.0,4.0,25.880000000000003,7
22500119,DAL,OKC,77.6,79.6,"(""D'Angelo Russell"", 'Jaden Hardy', 'Max Christie')",7.384999999999999,4,19,4,4,10,7,1,0,3,2,3,13.88,12.0,0.0,7.0,0.0,6.0,0.0,0.0,2.0,4.0,25.880000000000003,7
22500119,DAL,OKC,77.6,79.6,"(""D'Angelo Russell"", 'Jaden Hardy', 'P.J. Washington')",7.384999999999999,4,19,4,4,10,7,1,0,3,2,3,13.88,12.0,0.0,7.0,0.0,6.0,0.0,0.0,2.0,4.0,25.880000000000003,7
22500119,DAL,OKC,77.6,79.6,"(""D'Angelo Russell"", 'Max Christie', 'P.J. Washington')",7.384999999999999,4,19,4,4,10,7,1,0,3,2,3,13.88,12.0,0.0,7.0,0.0,6.0,0.0,0.0,2.0,4.0,25.880000000000003,7
22500119,DAL,OKC,77.6,79.6,"('Jaden Hardy', 'Max Christie', 'P.J. Washington')",7.384999999999999,4,19,4,4,10,7,1,0,3,2,3,13.88,12.0,0.0,7.0,0.0,6.0,0.0,0.0,2.0,4.0,25.880000000000003,7
22500119,DAL,OKC,78.8,79.4,"('Anthony Davis', 'Cooper Flagg', 'Jaden Hardy')",2.0333333333333337,4,5,2,1,4,0,1,0,2,0,3,4.32,4.0,2.0,0.0,0.0,2.0,0.0,0.0,0.0,0.0,8.32,7
22500119,DAL,OKC,78.8,79.4,"('Anthony Davis', 'Cooper Flagg', 'Max Christie')",2.0333333333333337,4,5,2,1,4,0,1,0,2,0,3,4.32,4.0,2.0,0.0,0.0,2.0,0.0,0.0,0.0,0.0,8.32,7
22500119,DAL,OKC,78.8,79.4,"('Anthony Davis', 'Cooper Flagg', 'P.J. Washington')",2.0333333333333337,4,5,2,1,4,0,1,0,2,0,3,4.32,4.0,2.0,0.0,0.0,2.0,0.0,0.0,0.0,0.0,8.32,7
22500119,DAL,OKC,78.8,79.4,"('Anthony Davis', 'Jaden Hardy', 'Max Christie')",2.0333333333333337,4,5,2,1,4,0,1,0,2,0,3,4.32,4.0,2.0,0.0,0.0,2.0,0.0,0.0,0.0,0.0,8.32,7
22500119,DAL,OKC,78.8,79.4,"('Anthony Davis', 'Jaden Hardy', 'P.J. Washington')",2.0333333333333337,4,5,2,1,4,0,1,0,2,0,3,4.32,4.0,2.0,0.0,0.0,2.0,0.0,0.0,0.0,0.0,8.32,7
22500119,DAL,OKC,78.8,79.4,"('Anthony Davis', 'Max Christie', 'P.J. Washington')",2.0333333333333337,4,5,2,1,4,0,1,0,2,0,3,4.32,4.0,2.0,0.0,0.0,2.0,0.0,0.0,0.0,0.0,8.32,7
22500119,DAL,OKC,78.8,79.4,"('Cooper Flagg', 'Jaden Hardy', 'Max Christie')",2.0333333333333337,4,5,2,1,4,0,1,0,2,0,3,4.32,4.0,2.0,0.0,0.0,2.0,0.0,0.0,0.0,0.0,8.32,7
22500119,DAL,OKC,78.8,79.4,"('Cooper Flagg', 'Jaden Hardy', 'P.J. Washington')",2.0333333333333337,4,5,2,1,4,0,1,0,2,0,3,4.32,4.0,2.0,0.0,0.0,2.0,0.0,0.0,0.0,0.0,8.32,7
22500119,DAL,OKC,78.8,79.4,"('Cooper Flagg', 'Max Christie', 'P.J. Washington')",2.0333333333333337,4,5,2,1,4,0,1,0,2,0,3,4.32,4.0,2.0,0.0,0.0,2.0,0.0,0.0,0.0,0.0,8.32,7
22500119,DAL,OKC,78.8,79.4,"('Jaden Hardy', 'Max Christie', 'P.J. Washington')",2.0333333333333337,4,5,2,1,4,0,1,0,2,0,3,4.32,4.0,2.0,0.0,0.0,2.0,0.0,0.0,0.0,0.0,8.32,7
22500133,DAL,IND,78.4,77.0,"('Caleb Martin', 'Cooper Flagg', 'Max Christie')",0.0916666666666666,4,0,3,0,0,0,0,0,0,0,0,0.0,1.0,0.0,0.0,0.0,0.0,3.0,0.0,0.0,0.0,1.0,8
22500133,DAL,IND,78.4,77.0,"('Caleb Martin', 'Cooper Flagg', 'Naji Marshall')",0.0916666666666666,4,0,3,0,0,0,0,0,0,0,0,0.0,1.0,0.0,0.0,0.0,0.0,3.0,0.0,0.0,0.0,1.0,8
22500133,DAL,IND,78.4,77.0,"('Caleb Martin', 'Cooper Flagg', 'P.J. Washington')",0.0916666666666666,4,0,3,0,0,0,0,0,0,0,0,0.0,1.0,0.0,0.0,0.0,0.0,3.0,0.0,0.0,0.0,1.0,8
22500133,DAL,IND,78.4,77.0,"('Caleb Martin', 'Max Christie', 'Naji Marshall')",0.0916666666666666,4,0,3,0,0,0,0,0,0,0,0,0.0,1.0,0.0,0.0,0.0,0.0,3.0,0.0,0.0,0.0,1.0,8
22500133,DAL,IND,78.4,77.0,"('Caleb Martin', 'Max Christie', 'P.J. Washington')",0.0916666666666666,4,0,3,0,0,0,0,0,0,0,0,0.0,1.0,0.0,0.0,0.0,0.0,3.0,0.0,0.0,0.0,1.0,8
22500133,DAL,IND,78.4,77.0,"('Caleb Martin', 'Naji Marshall', 'P.J. Washington')",0.0916666666666666,4,0,3,0,0,0,0,0,0,0,0,0.0,1.0,0.0,0.0,0.0,0.0,3.0,0.0,0.0,0.0,1.0,8
22500133,DAL,IND,78.4,77.0,"('Cooper Flagg', 'Max Christie', 'Naji Marshall')",0.0916666666666666,4,0,3,0,0,0,0,0,0,0,0,0.0,1.0,0.0,0.0,0.0,0.0,3.0,0.0,0.0,0.0,1.0,8
22500133,DAL,IND,78.4,77.0,"('Cooper Flagg', 'Max Christie', 'P.J. Washington')",0.0916666666666666,4,0,3,0,0,0,0,0,0,0,0,0.0,1.0,0.0,0.0,0.0,0.0,3.0,0.0,0.0,0.0,1.0,8
22500133,DAL,IND,78.4,77.0,"('Cooper Flagg', 'Naji Marshall', 'P.J. Washington')",0.0916666666666666,4,0,3,0,0,0,0,0,0,0,0,0.0,1.0,0.0,0.0,0.0,0.0,3.0,0.0,0.0,0.0,1.0,8
22500133,DAL,IND,78.4,77.0,"('Max Christie', 'Naji Marshall', 'P.J. Washington')",0.0916666666666666,4,0,3,0,0,0,0,0,0,0,0,0.0,1.0,0.0,0.0,0.0,0.0,3.0,0.0,0.0,0.0,1.0,8
22500133,DAL,IND,78.6,79.2,"('Brandon Williams', 'Dwight Powell', 'Klay Thompson')",3.466666666666667,4,7,7,3,3,2,1,2,1,0,2,7.44,8.0,0.0,2.0,0.0,6.0,2.0,5.0,2.0,4.0,15.44,8
22500133,DAL,IND,78.6,79.2,"('Brandon Williams', 'Dwight Powell', 'Max Christie')",3.466666666666667,4,7,7,3,3,2,1,2,1,0,2,7.44,8.0,0.0,2.0,0.0,6.0,2.0,5.0,2.0,4.0,15.44,8
22500133,DAL,IND,78.6,79.2,"('Brandon Williams', 'Dwight Powell', 'P.J. Washington')",3.466666666666667,4,7,7,3,3,2,1,2,1,0,2,7.44,8.0,0.0,2.0,0.0,6.0,2.0,5.0,2.0,4.0,15.44,8
22500133,DAL,IND,78.6,79.2,"('Brandon Williams', 'Klay Thompson', 'Max Christie')",3.466666666666667,4,7,7,3,3,2,1,2,1,0,2,7.44,8.0,0.0,2.0,0.0,6.0,2.0,5.0,2.0,4.0,15.44,8
22500133,DAL,IND,78.6,79.2,"('Brandon Williams', 'Klay Thompson', 'P.J. Washington')",3.466666666666667,4,7,7,3,3,2,1,2,1,0,2,7.44,8.0,0.0,2.0,0.0,6.0,2.0,5.0,2.0,4.0,15.44,8
22500133,DAL,IND,78.6,79.2,"('Brandon Williams', 'Max Christie', 'P.J. Washington')",3.466666666666667,4,7,7,3,3,2,1,2,1,0,2,7.44,8.0,0.0,2.0,0.0,6.0,2.0,5.0,2.0,4.0,15.44,8
22500133,DAL,IND,78.6,79.2,"('Dwight Powell', 'Klay Thompson', 'Max Christie')",3.466666666666667,4,7,7,3,3,2,1,2,1,0,2,7.44,8.0,0.0,2.0,0.0,6.0,2.0,5.0,2.0,4.0,15.44,8
22500133,DAL,IND,78.6,79.2,"('Dwight Powell', 'Klay Thompson', 'P.J. Washington')",3.466666666666667,4,7,7,3,3,2,1,2,1,0,2,7.44,8.0,0.0,2.0,0.0,6.0,2.0,5.0,2.0,4.0,15.44,8
22500133,DAL,IND,78.6,79.2,"('Dwight Powell', 'Max Christie', 'P.J. Washington')",3.466666666666667,4,7,7,3,3,2,1,2,1,0,2,7.44,8.0,0.0,2.0,0.0,6.0,2.0,5.0,2.0,4.0,15.44,8
22500133,DAL,IND,78.6,79.2,"('Klay Thompson', 'Max Christie', 'P.J. Washington')",3.466666666666667,4,7,7,3,3,2,1,2,1,0,2,7.44,8.0,0.0,2.0,0.0,6.0,2.0,5.0,2.0,4.0,15.44,8
22500133,DAL,IND,78.6,78.0,"('Brandon Williams', 'Dwight Powell', 'Klay Thompson')",2.6500000000000004,2,10,5,5,4,2,1,1,1,0,1,8.440000000000001,8.440000000000001,3.0,3.0,2.0,6.0,0.0,2.0,2.0,4.0,16.880000000000003,8
22500133,DAL,IND,78.6,78.0,"('Brandon Williams', 'Dwight Powell', 'Max Christie')",2.6500000000000004,2,10,5,5,4,2,1,1,1,0,1,8.440000000000001,8.440000000000001,3.0,3.0,2.0,6.0,0.0,2.0,2.0,4.0,16.880000000000003,8
22500133,DAL,IND,78.6,78.0,"('Brandon Williams', 'Dwight Powell', 'P.J. Washington')",2.6500000000000004,2,10,5,5,4,2,1,1,1,0,1,8.440000000000001,8.440000000000001,3.0,3.0,2.0,6.0,0.0,2.0,2.0,4.0,16.880000000000003,8
22500133,DAL,IND,78.6,78.0,"('Brandon Williams', 'Klay Thompson', 'Max Christie')",2.6500000000000004,2,10,5,5,4,2,1,1,1,0,1,8.440000000000001,8.440000000000001,3.0,3.0,2.0,6.0,0.0,2.0,2.0,4.0,16.880000000000003,8
22500133,DAL,IND,78.6,78.0,"('Brandon Williams', 'Klay Thompson', 'P.J. Washington')",2.6500000000000004,2,10,5,5,4,2,1,1,1,0,1,8.440000000000001,8.440000000000001,3.0,3.0,2.0,6.0,0.0,2.0,2.0,4.0,16.880000000000003,8
22500133,DAL,IND,78.6,78.0,"('Brandon Williams', 'Max Christie', 'P.J. Washington')",2.6500000000000004,2,10,5,5,4,2,1,1,1,0,1,8.440000000000001,8.440000000000001,3.0,3.0,2.0,6.0,0.0,2.0,2.0,4.0,16.880000000000003,8
22500133,DAL,IND,78.6,78.0,"('Dwight Powell', 'Klay Thompson', 'Max Christie')",2.6500000000000004,2,10,5,5,4,2,1,1,1,0,1,8.440000000000001,8.440000000000001,3.0,3.0,2.0,6.0,0.0,2.0,2.0,4.0,16.880000000000003,8
22500133,DAL,IND,78.6,78.0,"('Dwight Powell', 'Klay Thompson', 'P.J. Washington')",2.6500000000000004,2,10,5,5,4,2,1,1,1,0,1,8.440000000000001,8.440000000000001,3.0,3.0,2.0,6.0,0.0,2.0,2.0,4.0,16.880000000000003,8
22500133,DAL,IND,78.6,78.0,"('Dwight Powell', 'Max Christie', 'P.J. Washington')",2.6500000000000004,2,10,5,5,4,2,1,1,1,0,1,8.440000000000001,8.440000000000001,3.0,3.0,2.0,6.0,0.0,2.0,2.0,4.0,16.880000000000003,8
22500133,DAL,IND,78.6,78.0,"('Klay Thompson', 'Max Christie', 'P.J. Washington')",2.6500000000000004,2,10,5,5,4,2,1,1,1,0,1,8.440000000000001,8.440000000000001,3.0,3.0,2.0,6.0,0.0,2.0,2.0,4.0,16.880000000000003,8
22500133,DAL,IND,78.0,78.2,"('Brandon Williams', 'Caleb Martin', 'Cooper Flagg')",2.8000000000000003,2,2,6,5,6,1,1,1,0,2,1,7.0,8.0,2.0,0.0,0.0,2.0,0.0,6.0,0.0,6.0,15.0,8
22500133,DAL,IND,78.0,78.2,"('Brandon Williams', 'Caleb Martin', 'Jaden Hardy')",2.8000000000000003,2,2,6,5,6,1,1,1,0,2,1,7.0,8.0,2.0,0.0,0.0,2.0,0.0,6.0,0.0,6.0,15.0,8
22500133,DAL,IND,78.0,78.2,"('Brandon Williams', 'Caleb Martin', 'P.J. Washington')",2.8000000000000003,2,2,6,5,6,1,1,1,0,2,1,7.0,8.0,2.0,0.0,0.0,2.0,0.0,6.0,0.0,6.0,15.0,8
22500133,DAL,IND,78.0,78.2,"('Brandon Williams', 'Cooper Flagg', 'Jaden Hardy')",2.8000000000000003,2,2,6,5,6,1,1,1,0,2,1,7.0,8.0,2.0,0.0,0.0,2.0,0.0,6.0,0.0,6.0,15.0,8
22500133,DAL,IND,78.0,78.2,"('Brandon Williams', 'Cooper Flagg', 'P.J. Washington')",2.8000000000000003,2,2,6,5,6,1,1,1,0,2,1,7.0,8.0,2.0,0.0,0.0,2.0,0.0,6.0,0.0,6.0,15.0,8
22500133,DAL,IND,78.0,78.2,"('Brandon Williams', 'Jaden Hardy', 'P.J. Washington')",2.8000000000000003,2,2,6,5,6,1,1,1,0,2,1,7.0,8.0,2.0,0.0,0.0,2.0,0.0,6.0,0.0,6.0,15.0,8
22500133,DAL,IND,78.0,78.2,"('Caleb Martin', 'Cooper Flagg', 'Jaden Hardy')",2.8000000000000003,2,2,6,5,6,1,1,1,0,2,1,7.0,8.0,2.0,0.0,0.0,2.0,0.0,6.0,0.0,6.0,15.0,8
22500133,DAL,IND,78.0,78.2,"('Caleb Martin', 'Cooper Flagg', 'P.J. Washington')",2.8000000000000003,2,2,6,5,6,1,1,1,0,2,1,7.0,8.0,2.0,0.0,0.0,2.0,0.0,6.0,0.0,6.0,15.0,8
22500133,DAL,IND,78.0,78.2,"('Caleb Martin', 'Jaden Hardy', 'P.J. Washington')",2.8000000000000003,2,2,6,5,6,1,1,1,0,2,1,7.0,8.0,2.0,0.0,0.0,2.0,0.0,6.0,0.0,6.0,15.0,8
22500133,DAL,IND,78.0,78.2,"('Cooper Flagg', 'Jaden Hardy', 'P.J. Washington')",2.8000000000000003,2,2,6,5,6,1,1,1,0,2,1,7.0,8.0,2.0,0.0,0.0,2.0,0.0,6.0,0.0,6.0,15.0,8
22500133,DAL,IND,79.4,77.0,"('Brandon Williams', 'Cooper Flagg', 'Dwight Powell')",0.9166666666666666,4,2,3,0,1,0,1,0,0,0,1,1.88,2.0,0.0,0.0,0.0,0.0,0.0,0.0,0.0,0.0,3.88,8
22500133,DAL,IND,79.4,77.0,"('Brandon Williams', 'Cooper Flagg', 'Max Christie')",0.9166666666666666,4,2,3,0,1,0,1,0,0,0,1,1.88,2.0,0.0,0.0,0.0,0.0,0.0,0.0,0.0,0.0,3.88,8
22500133,DAL,IND,79.4,77.0,"('Brandon Williams', 'Cooper Flagg', 'P.J. Washington')",0.9166666666666666,4,2,3,0,1,0,1,0,0,0,1,1.88,2.0,0.0,0.0,0.0,0.0,0.0,0.0,0.0,0.0,3.88,8
22500133,DAL,IND,79.4,77.0,"('Brandon Williams', 'Dwight Powell', 'Max Christie')",0.9166666666666666,4,2,3,0,1,0,1,0,0,0,1,1.88,2.0,0.0,0.0,0.0,0.0,0.0,0.0,0.0,0.0,3.88,8
22500133,DAL,IND,79.4,77.0,"('Brandon Williams', 'Dwight Powell', 'P.J. Washington')",0.9166666666666666,4,2,3,0,1,0,1,0,0,0,1,1.88,2.0,0.0,0.0,0.0,0.0,0.0,0.0,0.0,0.0,3.88,8
22500133,DAL,IND,79.4,77.0,"('Brandon Williams', 'Max Christie', 'P.J. Washington')",0.9166666666666666,4,2,3,0,1,0,1,0,0,0,1,1.88,2.0,0.0,0.0,0.0,0.0,0.0,0.0,0.0,0.0,3.88,8
22500133,DAL,IND,79.4,77.0,"('Cooper Flagg', 'Dwight Powell', 'Max Christie')",0.9166666666666666,4,2,3,0,1,0,1,0,0,0,1,1.88,2.0,0.0,0.0,0.0,0.0,0.0,0.0,0.0,0.0,3.88,8
22500133,DAL,IND,79.4,77.0,"('Cooper Flagg', 'Dwight Powell', 'P.J. Washington')",0.9166666666666666,4,2,3,0,1,0,1,0,0,0,1,1.88,2.0,0.0,0.0,0.0,0.0,0.0,0.0,0.0,0.0,3.88,8
22500133,DAL,IND,79.4,77.0,"('Cooper Flagg', 'Max Christie', 'P.J. Washington')",0.9166666666666666,4,2,3,0,1,0,1,0,0,0,1,1.88,2.0,0.0,0.0,0.0,0.0,0.0,0.0,0.0,0.0,3.88,8
22500133,DAL,IND,79.4,77.0,"('Dwight Powell', 'Max Christie', 'P.J. Washington')",0.9166666666666666,4,2,3,0,1,0,1,0,0,0,1,1.88,2.0,0.0,0.0,0.0,0.0,0.0,0.0,0.0,0.0,3.88,8
22500133,DAL,IND,79.2,78.2,"('Brandon Williams', 'Cooper Flagg', 'Dwight Powell')",2.033333333333333,4,3,8,0,5,0,2,0,0,1,3,5.32,5.0,0.0,0.0,0.0,0.0,0.0,0.0,2.0,2.0,10.32,8
22500133,DAL,IND,79.2,78.2,"('Brandon Williams', 'Cooper Flagg', 'Max Christie')",2.033333333333333,4,3,8,0,5,0,2,0,0,1,3,5.32,5.0,0.0,0.0,0.0,0.0,0.0,0.0,2.0,2.0,10.32,8
22500133,DAL,IND,79.2,78.2,"('Brandon Williams', 'Cooper Flagg', 'Naji Marshall')",2.033333333333333,4,3,8,0,5,0,2,0,0,1,3,5.32,5.0,0.0,0.0,0.0,0.0,0.0,0.0,2.0,2.0,10.32,8
22500133,DAL,IND,79.2,78.2,"('Brandon Williams', 'Dwight Powell', 'Max Christie')",2.033333333333333,4,3,8,0,5,0,2,0,0,1,3,5.32,5.0,0.0,0.0,0.0,0.0,0.0,0.0,2.0,2.0,10.32,8
22500133,DAL,IND,79.2,78.2,"('Brandon Williams', 'Dwight Powell', 'Naji Marshall')",2.033333333333333,4,3,8,0,5,0,2,0,0,1,3,5.32,5.0,0.0,0.0,0.0,0.0,0.0,0.0,2.0,2.0,10.32,8
22500133,DAL,IND,79.2,78.2,"('Brandon Williams', 'Max Christie', 'Naji Marshall')",2.033333333333333,4,3,8,0,5,0,2,0,0,1,3,5.32,5.0,0.0,0.0,0.0,0.0,0.0,0.0,2.0,2.0,10.32,8
22500133,DAL,IND,79.2,78.2,"('Cooper Flagg', 'Dwight Powell', 'Max Christie')",2.033333333333333,4,3,8,0,5,0,2,0,0,1,3,5.32,5.0,0.0,0.0,0.0,0.0,0.0,0.0,2.0,2.0,10.32,8
22500133,DAL,IND,79.2,78.2,"('Cooper Flagg', 'Dwight Powell', 'Naji Marshall')",2.033333333333333,4,3,8,0,5,0,2,0,0,1,3,5.32,5.0,0.0,0.0,0.0,0.0,0.0,0.0,2.0,2.0,10.32,8
22500133,DAL,IND,79.2,78.2,"('Cooper Flagg', 'Max Christie', 'Naji Marshall')",2.033333333333333,4,3,8,0,5,0,2,0,0,1,3,5.32,5.0,0.0,0.0,0.0,0.0,0.0,0.0,2.0,2.0,10.32,8
22500133,DAL,IND,79.2,78.2,"('Dwight Powell', 'Max Christie', 'Naji Marshall')",2.033333333333333,4,3,8,0,5,0,2,0,0,1,3,5.32,5.0,0.0,0.0,0.0,0.0,0.0,0.0,2.0,2.0,10.32,8
22500133,DAL,IND,78.0,78.4,"('Cooper Flagg', ""D'Angelo Russell"", 'Max Christie')",1.4999999999999998,4,6,2,3,0,3,0,1,0,2,0,4.0,5.0,4.0,0.0,0.0,6.0,0.0,0.0,0.0,2.0,9.0,8
22500133,DAL,IND,78.0,78.4,"('Cooper Flagg', ""D'Angelo Russell"", 'Naji Marshall')",1.4999999999999998,4,6,2,3,0,3,0,1,0,2,0,4.0,5.0,4.0,0.0,0.0,6.0,0.0,0.0,0.0,2.0,9.0,8
22500133,DAL,IND,78.0,78.4,"('Cooper Flagg', ""D'Angelo Russell"", 'P.J. Washington')",1.4999999999999998,4,6,2,3,0,3,0,1,0,2,0,4.0,5.0,4.0,0.0,0.0,6.0,0.0,0.0,0.0,2.0,9.0,8
22500133,DAL,IND,78.0,78.4,"('Cooper Flagg', 'Max Christie', 'Naji Marshall')",1.4999999999999998,4,6,2,3,0,3,0,1,0,2,0,4.0,5.0,4.0,0.0,0.0,6.0,0.0,0.0,0.0,2.0,9.0,8
22500133,DAL,IND,78.0,78.4,"('Cooper Flagg', 'Max Christie', 'P.J. Washington')",1.4999999999999998,4,6,2,3,0,3,0,1,0,2,0,4.0,5.0,4.0,0.0,0.0,6.0,0.0,0.0,0.0,2.0,9.0,8
22500133,DAL,IND,78.0,78.4,"('Cooper Flagg', 'Naji Marshall', 'P.J. Washington')",1.4999999999999998,4,6,2,3,0,3,0,1,0,2,0,4.0,5.0,4.0,0.0,0.0,6.0,0.0,0.0,0.0,2.0,9.0,8
22500133,DAL,IND,78.0,78.4,"(""D'Angelo Russell"", 'Max Christie', 'Naji Marshall')",1.4999999999999998,4,6,2,3,0,3,0,1,0,2,0,4.0,5.0,4.0,0.0,0.0,6.0,0.0,0.0,0.0,2.0,9.0,8
22500133,DAL,IND,78.0,78.4,"(""D'Angelo Russell"", 'Max Christie', 'P.J. Washington')",1.4999999999999998,4,6,2,3,0,3,0,1,0,2,0,4.0,5.0,4.0,0.0,0.0,6.0,0.0,0.0,0.0,2.0,9.0,8
22500133,DAL,IND,78.0,78.4,"(""D'Angelo Russell"", 'Naji Marshall', 'P.J. Washington')",1.4999999999999998,4,6,2,3,0,3,0,1,0,2,0,4.0,5.0,4.0,0.0,0.0,6.0,0.0,0.0,0.0,2.0,9.0,8
22500133,DAL,IND,78.0,78.4,"('Max Christie', 'Naji Marshall', 'P.J. Washington')",1.4999999999999998,4,6,2,3,0,3,0,1,0,2,0,4.0,5.0,4.0,0.0,0.0,6.0,0.0,0.0,0.0,2.0,9.0,8
22500133,DAL,IND,78.0,77.0,"('Brandon Williams', 'Cooper Flagg', ""D'Angelo Russell"")",0.47,4,0,1,0,1,0,0,0,0,1,0,1.0,0.44,0.0,0.0,0.0,0.0,0.0,0.0,0.0,0.0,1.44,8
22500133,DAL,IND,78.0,77.0,"('Brandon Williams', 'Cooper Flagg', 'Max Christie')",0.47,4,0,1,0,1,0,0,0,0,1,0,1.0,0.44,0.0,0.0,0.0,0.0,0.0,0.0,0.0,0.0,1.44,8
22500133,DAL,IND,78.0,77.0,"('Brandon Williams', 'Cooper Flagg', 'P.J. Washington')",0.47,4,0,1,0,1,0,0,0,0,1,0,1.0,0.44,0.0,0.0,0.0,0.0,0.0,0.0,0.0,0.0,1.44,8
22500133,DAL,IND,78.0,77.0,"('Brandon Williams', ""D'Angelo Russell"", 'Max Christie')",0.47,4,0,1,0,1,0,0,0,0,1,0,1.0,0.44,0.0,0.0,0.0,0.0,0.0,0.0,0.0,0.0,1.44,8
22500133,DAL,IND,78.0,77.0,"('Brandon Williams', ""D'Angelo Russell"", 'P.J. Washington')",0.47,4,0,1,0,1,0,0,0,0,1,0,1.0,0.44,0.0,0.0,0.0,0.0,0.0,0.0,0.0,0.0,1.44,8
22500133,DAL,IND,78.0,77.0,"('Brandon Williams', 'Max Christie', 'P.J. Washington')",0.47,4,0,1,0,1,0,0,0,0,1,0,1.0,0.44,0.0,0.0,0.0,0.0,0.0,0.0,0.0,0.0,1.44,8
22500133,DAL,IND,78.0,77.0,"('Cooper Flagg', ""D'Angelo Russell"", 'Max Christie')",0.47,4,0,1,0,1,0,0,0,0,1,0,1.0,0.44,0.0,0.0,0.0,0.0,0.0,0.0,0.0,0.0,1.44,8
22500133,DAL,IND,78.0,77.0,"('Cooper Flagg', ""D'Angelo Russell"", 'P.J. Washington')",0.47,4,0,1,0,1,0,0,0,0,1,0,1.0,0.44,0.0,0.0,0.0,0.0,0.0,0.0,0.0,0.0,1.44,8
22500133,DAL,IND,78.0,77.0,"('Cooper Flagg', 'Max Christie', 'P.J. Washington')",0.47,4,0,1,0,1,0,0,0,0,1,0,1.0,0.44,0.0,0.0,0.0,0.0,0.0,0.0,0.0,0.0,1.44,8
22500133,DAL,IND,78.0,77.0,"(""D'Angelo Russell"", 'Max Christie', 'P.J. Washington')",0.47,4,0,1,0,1,0,0,0,0,1,0,1.0,0.44,0.0,0.0,0.0,0.0,0.0,0.0,0.0,0.0,1.44,8
22500133,DAL,IND,78.6,78.2,"('Cooper Flagg', ""D'Angelo Russell"", 'Dwight Powell')",2.5500000000000003,4,5,5,3,1,1,1,1,0,1,3,5.44,5.0,0.0,0.0,0.0,4.0,0.0,0.0,0.0,0.0,10.44,8
22500133,DAL,IND,78.6,78.2,"('Cooper Flagg', ""D'Angelo Russell"", 'Max Christie')",2.5500000000000003,4,5,5,3,1,1,1,1,0,1,3,5.44,5.0,0.0,0.0,0.0,4.0,0.0,0.0,0.0,0.0,10.44,8
22500133,DAL,IND,78.6,78.2,"('Cooper Flagg', ""D'Angelo Russell"", 'Naji Marshall')",2.5500000000000003,4,5,5,3,1,1,1,1,0,1,3,5.44,5.0,0.0,0.0,0.0,4.0,0.0,0.0,0.0,0.0,10.44,8
22500133,DAL,IND,78.6,78.2,"('Cooper Flagg', 'Dwight Powell', 'Max Christie')",2.5500000000000003,4,5,5,3,1,1,1,1,0,1,3,5.44,5.0,0.0,0.0,0.0,4.0,0.0,0.0,0.0,0.0,10.44,8
22500133,DAL,IND,78.6,78.2,"('Cooper Flagg', 'Dwight Powell', 'Naji Marshall')",2.5500000000000003,4,5,5,3,1,1,1,1,0,1,3,5.44,5.0,0.0,0.0,0.0,4.0,0.0,0.0,0.0,0.0,10.44,8
22500133,DAL,IND,78.6,78.2,"('Cooper Flagg', 'Max Christie', 'Naji Marshall')",2.5500000000000003,4,5,5,3,1,1,1,1,0,1,3,5.44,5.0,0.0,0.0,0.0,4.0,0.0,0.0,0.0,0.0,10.44,8
22500133,DAL,IND,78.6,78.2,"(""D'Angelo Russell"", 'Dwight Powell', 'Max Christie')",2.5500000000000003,4,5,5,3,1,1,1,1,0,1,3,5.44,5.0,0.0,0.0,0.0,4.0,0.0,0.0,0.0,0.0,10.44,8
22500133,DAL,IND,78.6,78.2,"(""D'Angelo Russell"", 'Dwight Powell', 'Naji Marshall')",2.5500000000000003,4,5,5,3,1,1,1,1,0,1,3,5.44,5.0,0.0,0.0,0.0,4.0,0.0,0.0,0.0,0.0,10.44,8
22500133,DAL,IND,78.6,78.2,"(""D'Angelo Russell"", 'Max Christie', 'Naji Marshall')",2.5500000000000003,4,5,5,3,1,1,1,1,0,1,3,5.44,5.0,0.0,0.0,0.0,4.0,0.0,0.0,0.0,0.0,10.44,8
22500133,DAL,IND,78.6,78.2,"('Dwight Powell', 'Max Christie', 'Naji Marshall')",2.5500000000000003,4,5,5,3,1,1,1,1,0,1,3,5.44,5.0,0.0,0.0,0.0,4.0,0.0,0.0,0.0,0.0,10.44,8
22500133,DAL,IND,78.4,78.6,"('Cooper Flagg', ""D'Angelo Russell"", 'Dwight Powell')",2.2983333333333333,2,2,3,3,4,0,0,1,3,1,3,5.88,5.44,0.0,0.0,0.0,0.0,0.0,2.0,0.0,2.0,11.32,8
22500133,DAL,IND,78.4,78.6,"('Cooper Flagg', ""D'Angelo Russell"", 'Klay Thompson')",2.2983333333333333,2,2,3,3,4,0,0,1,3,1,3,5.88,5.44,0.0,0.0,0.0,0.0,0.0,2.0,0.0,2.0,11.32,8
22500133,DAL,IND,78.4,78.6,"('Cooper Flagg', ""D'Angelo Russell"", 'Max Christie')",2.2983333333333333,2,2,3,3,4,0,0,1,3,1,3,5.88,5.44,0.0,0.0,0.0,0.0,0.0,2.0,0.0,2.0,11.32,8
22500133,DAL,IND,78.4,78.6,"('Cooper Flagg', 'Dwight Powell', 'Klay Thompson')",2.2983333333333333,2,2,3,3,4,0,0,1,3,1,3,5.88,5.44,0.0,0.0,0.0,0.0,0.0,2.0,0.0,2.0,11.32,8
22500133,DAL,IND,78.4,78.6,"('Cooper Flagg', 'Dwight Powell', 'Max Christie')",2.2983333333333333,2,2,3,3,4,0,0,1,3,1,3,5.88,5.44,0.0,0.0,0.0,0.0,0.0,2.0,0.0,2.0,11.32,8
22500133,DAL,IND,78.4,78.6,"('Cooper Flagg', 'Klay Thompson', 'Max Christie')",2.2983333333333333,2,2,3,3,4,0,0,1,3,1,3,5.88,5.44,0.0,0.0,0.0,0.0,0.0,2.0,0.0,2.0,11.32,8
22500133,DAL,IND,78.4,78.6,"(""D'Angelo Russell"", 'Dwight Powell', 'Klay Thompson')",2.2983333333333333,2,2,3,3,4,0,0,1,3,1,3,5.88,5.44,0.0,0.0,0.0,0.0,0.0,2.0,0.0,2.0,11.32,8
22500133,DAL,IND,78.4,78.6,"(""D'Angelo Russell"", 'Dwight Powell', 'Max Christie')",2.2983333333333333,2,2,3,3,4,0,0,1,3,1,3,5.88,5.44,0.0,0.0,0.0,0.0,0.0,2.0,0.0,2.0,11.32,8
22500133,DAL,IND,78.4,78.6,"(""D'Angelo Russell"", 'Klay Thompson', 'Max Christie')",2.2983333333333333,2,2,3,3,4,0,0,1,3,1,3,5.88,5.44,0.0,0.0,0.0,0.0,0.0,2.0,0.0,2.0,11.32,8
22500133,DAL,IND,78.4,78.6,"('Dwight Powell', 'Klay Thompson', 'Max Christie')",2.2983333333333333,2,2,3,3,4,0,0,1,3,1,3,5.88,5.44,0.0,0.0,0.0,0.0,0.0,2.0,0.0,2.0,11.32,8
22500133,DAL,IND,78.6,77.0,"('Brandon Williams', 'Cooper Flagg', 'Max Christie')",0.5966666666666667,4,3,2,1,0,0,0,1,0,1,1,2.3200000000000003,2.88,0.0,0.0,0.0,0.0,0.0,0.0,0.0,0.0,5.2,8
22500133,DAL,IND,78.6,77.0,"('Brandon Williams', 'Cooper Flagg', 'Naji Marshall')",0.5966666666666667,4,3,2,1,0,0,0,1,0,1,1,2.3200000000000003,2.88,0.0,0.0,0.0,0.0,0.0,0.0,0.0,0.0,5.2,8
22500133,DAL,IND,78.6,77.0,"('Brandon Williams', 'Cooper Flagg', 'P.J. Washington')",0.5966666666666667,4,3,2,1,0,0,0,1,0,1,1,2.3200000000000003,2.88,0.0,0.0,0.0,0.0,0.0,0.0,0.0,0.0,5.2,8
22500133,DAL,IND,78.6,77.0,"('Brandon Williams', 'Max Christie', 'Naji Marshall')",0.5966666666666667,4,3,2,1,0,0,0,1,0,1,1,2.3200000000000003,2.88,0.0,0.0,0.0,0.0,0.0,0.0,0.0,0.0,5.2,8
22500133,DAL,IND,78.6,77.0,"('Brandon Williams', 'Max Christie', 'P.J. Washington')",0.5966666666666667,4,3,2,1,0,0,0,1,0,1,1,2.3200000000000003,2.88,0.0,0.0,0.0,0.0,0.0,0.0,0.0,0.0,5.2,8
22500133,DAL,IND,78.6,77.0,"('Brandon Williams', 'Naji Marshall', 'P.J. Washington')",0.5966666666666667,4,3,2,1,0,0,0,1,0,1,1,2.3200000000000003,2.88,0.0,0.0,0.0,0.0,0.0,0.0,0.0,0.0,5.2,8
22500133,DAL,IND,78.6,77.0,"('Cooper Flagg', 'Max Christie', 'Naji Marshall')",0.5966666666666667,4,3,2,1,0,0,0,1,0,1,1,2.3200000000000003,2.88,0.0,0.0,0.0,0.0,0.0,0.0,0.0,0.0,5.2,8
22500133,DAL,IND,78.6,77.0,"('Cooper Flagg', 'Max Christie', 'P.J. Washington')",0.5966666666666667,4,3,2,1,0,0,0,1,0,1,1,2.3200000000000003,2.88,0.0,0.0,0.0,0.0,0.0,0.0,0.0,0.0,5.2,8
22500133,DAL,IND,78.6,77.0,"('Cooper Flagg', 'Naji Marshall', 'P.J. Washington')",0.5966666666666667,4,3,2,1,0,0,0,1,0,1,1,2.3200000000000003,2.88,0.0,0.0,0.0,0.0,0.0,0.0,0.0,0.0,5.2,8
22500133,DAL,IND,78.6,77.0,"('Max Christie', 'Naji Marshall', 'P.J. Washington')",0.5966666666666667,4,3,2,1,0,0,0,1,0,1,1,2.3200000000000003,2.88,0.0,0.0,0.0,0.0,0.0,0.0,0.0,0.0,5.2,8
22500133,DAL,IND,79.2,78.8,"('Cooper Flagg', 'Dwight Powell', 'Klay Thompson')",3.6833333333333336,3,8,7,3,5,1,2,0,0,2,2,8.879999999999999,7.88,0.0,0.0,0.0,4.0,0.0,0.0,2.0,0.0,16.759999999999998,8
22500133,DAL,IND,79.2,78.8,"('Cooper Flagg', 'Dwight Powell', 'Max Christie')",3.6833333333333336,3,8,7,3,5,1,2,0,0,2,2,8.879999999999999,7.88,0.0,0.0,0.0,4.0,0.0,0.0,2.0,0.0,16.759999999999998,8
22500133,DAL,IND,79.2,78.8,"('Cooper Flagg', 'Dwight Powell', 'P.J. Washington')",3.6833333333333336,3,8,7,3,5,1,2,0,0,2,2,8.879999999999999,7.88,0.0,0.0,0.0,4.0,0.0,0.0,2.0,0.0,16.759999999999998,8
22500133,DAL,IND,79.2,78.8,"('Cooper Flagg', 'Klay Thompson', 'Max Christie')",3.6833333333333336,3,8,7,3,5,1,2,0,0,2,2,8.879999999999999,7.88,0.0,0.0,0.0,4.0,0.0,0.0,2.0,0.0,16.759999999999998,8
22500133,DAL,IND,79.2,78.8,"('Cooper Flagg', 'Klay Thompson', 'P.J. Washington')",3.6833333333333336,3,8,7,3,5,1,2,0,0,2,2,8.879999999999999,7.88,0.0,0.0,0.0,4.0,0.0,0.0,2.0,0.0,16.759999999999998,8
22500133,DAL,IND,79.2,78.8,"('Cooper Flagg', 'Max Christie', 'P.J. Washington')",3.6833333333333336,3,8,7,3,5,1,2,0,0,2,2,8.879999999999999,7.88,0.0,0.0,0.0,4.0,0.0,0.0,2.0,0.0,16.759999999999998,8
22500133,DAL,IND,79.2,78.8,"('Dwight Powell', 'Klay Thompson', 'Max Christie')",3.6833333333333336,3,8,7,3,5,1,2,0,0,2,2,8.879999999999999,7.88,0.0,0.0,0.0,4.0,0.0,0.0,2.0,0.0,16.759999999999998,8
22500133,DAL,IND,79.2,78.8,"('Dwight Powell', 'Klay Thompson', 'P.J. Washington')",3.6833333333333336,3,8,7,3,5,1,2,0,0,2,2,8.879999999999999,7.88,0.0,0.0,0.0,4.0,0.0,0.0,2.0,0.0,16.759999999999998,8
22500133,DAL,IND,79.2,78.8,"('Dwight Powell', 'Max Christie', 'P.J. Washington')",3.6833333333333336,3,8,7,3,5,1,2,0,0,2,2,8.879999999999999,7.88,0.0,0.0,0.0,4.0,0.0,0.0,2.0,0.0,16.759999999999998,8
22500133,DAL,IND,79.2,78.8,"('Klay Thompson', 'Max Christie', 'P.J. Washington')",3.6833333333333336,3,8,7,3,5,1,2,0,0,2,2,8.879999999999999,7.88,0.0,0.0,0.0,4.0,0.0,0.0,2.0,0.0,16.759999999999998,8
22500133,DAL,IND,79.0,78.6,"('Caleb Martin', 'Cooper Flagg', 'Dwight Powell')",0.265,3,1,1,0,0,0,0,0,0,1,0,0.44,0.44,0.0,0.0,0.0,0.0,0.0,0.0,0.0,0.0,0.88,8
22500133,DAL,IND,79.0,78.6,"('Caleb Martin', 'Cooper Flagg', 'Max Christie')",0.265,3,1,1,0,0,0,0,0,0,1,0,0.44,0.44,0.0,0.0,0.0,0.0,0.0,0.0,0.0,0.0,0.88,8
22500133,DAL,IND,79.0,78.6,"('Caleb Martin', 'Cooper Flagg', 'Naji Marshall')",0.265,3,1,1,0,0,0,0,0,0,1,0,0.44,0.44,0.0,0.0,0.0,0.0,0.0,0.0,0.0,0.0,0.88,8
22500133,DAL,IND,79.0,78.6,"('Caleb Martin', 'Dwight Powell', 'Max Christie')",0.265,3,1,1,0,0,0,0,0,0,1,0,0.44,0.44,0.0,0.0,0.0,0.0,0.0,0.0,0.0,0.0,0.88,8
22500133,DAL,IND,79.0,78.6,"('Caleb Martin', 'Dwight Powell', 'Naji Marshall')",0.265,3,1,1,0,0,0,0,0,0,1,0,0.44,0.44,0.0,0.0,0.0,0.0,0.0,0.0,0.0,0.0,0.88,8
22500133,DAL,IND,79.0,78.6,"('Caleb Martin', 'Max Christie', 'Naji Marshall')",0.265,3,1,1,0,0,0,0,0,0,1,0,0.44,0.44,0.0,0.0,0.0,0.0,0.0,0.0,0.0,0.0,0.88,8
22500133,DAL,IND,79.0,78.6,"('Cooper Flagg', 'Dwight Powell', 'Max Christie')",0.265,3,1,1,0,0,0,0,0,0,1,0,0.44,0.44,0.0,0.0,0.0,0.0,0.0,0.0,0.0,0.0,0.88,8
22500133,DAL,IND,79.0,78.6,"('Cooper Flagg', 'Dwight Powell', 'Naji Marshall')",0.265,3,1,1,0,0,0,0,0,0,1,0,0.44,0.44,0.0,0.0,0.0,0.0,0.0,0.0,0.0,0.0,0.88,8
22500133,DAL,IND,79.0,78.6,"('Cooper Flagg', 'Max Christie', 'Naji Marshall')",0.265,3,1,1,0,0,0,0,0,0,1,0,0.44,0.44,0.0,0.0,0.0,0.0,0.0,0.0,0.0,0.0,0.88,8
22500133,DAL,IND,79.0,78.6,"('Dwight Powell', 'Max Christie', 'Naji Marshall')",0.265,3,1,1,0,0,0,0,0,0,1,0,0.44,0.44,0.0,0.0,0.0,0.0,0.0,0.0,0.0,0.0,0.88,8
22500133,DAL,IND,79.4,77.0,"('Cooper Flagg', 'Dwight Powell', 'Max Christie')",0.0416666666666666,4,0,0,0,1,0,0,0,0,0,0,0.0,1.0,0.0,0.0,0.0,0.0,0.0,0.0,0.0,0.0,1.0,8
22500133,DAL,IND,79.4,77.0,"('Cooper Flagg', 'Dwight Powell', 'Naji Marshall')",0.0416666666666666,4,0,0,0,1,0,0,0,0,0,0,0.0,1.0,0.0,0.0,0.0,0.0,0.0,0.0,0.0,0.0,1.0,8
22500133,DAL,IND,79.4,77.0,"('Cooper Flagg', 'Dwight Powell', 'P.J. Washington')",0.0416666666666666,4,0,0,0,1,0,0,0,0,0,0,0.0,1.0,0.0,0.0,0.0,0.0,0.0,0.0,0.0,0.0,1.0,8
22500133,DAL,IND,79.4,77.0,"('Cooper Flagg', 'Max Christie', 'Naji Marshall')",0.0416666666666666,4,0,0,0,1,0,0,0,0,0,0,0.0,1.0,0.0,0.0,0.0,0.0,0.0,0.0,0.0,0.0,1.0,8
22500133,DAL,IND,79.4,77.0,"('Cooper Flagg', 'Max Christie', 'P.J. Washington')",0.0416666666666666,4,0,0,0,1,0,0,0,0,0,0,0.0,1.0,0.0,0.0,0.0,0.0,0.0,0.0,0.0,0.0,1.0,8
22500133,DAL,IND,79.4,77.0,"('Cooper Flagg', 'Naji Marshall', 'P.J. Washington')",0.0416666666666666,4,0,0,0,1,0,0,0,0,0,0,0.0,1.0,0.0,0.0,0.0,0.0,0.0,0.0,0.0,0.0,1.0,8
22500133,DAL,IND,79.4,77.0,"('Dwight Powell', 'Max Christie', 'Naji Marshall')",0.0416666666666666,4,0,0,0,1,0,0,0,0,0,0,0.0,1.0,0.0,0.0,0.0,0.0,0.0,0.0,0.0,0.0,1.0,8
22500133,DAL,IND,79.4,77.0,"('Dwight Powell', 'Max Christie', 'P.J. Washington')",0.0416666666666666,4,0,0,0,1,0,0,0,0,0,0,0.0,1.0,0.0,0.0,0.0,0.0,0.0,0.0,0.0,0.0,1.0,8
22500133,DAL,IND,79.4,77.0,"('Dwight Powell', 'Naji Marshall', 'P.J. Washington')",0.0416666666666666,4,0,0,0,1,0,0,0,0,0,0,0.0,1.0,0.0,0.0,0.0,0.0,0.0,0.0,0.0,0.0,1.0,8
22500133,DAL,IND,79.4,77.0,"('Max Christie', 'Naji Marshall', 'P.J. Washington')",0.0416666666666666,4,0,0,0,1,0,0,0,0,0,0,0.0,1.0,0.0,0.0,0.0,0.0,0.0,0.0,0.0,0.0,1.0,8
22500133,DAL,IND,78.0,78.0,"('Cooper Flagg', ""D'Angelo Russell"", 'Max Christie')",1.3333333333333337,3,4,0,4,1,1,0,0,0,0,1,2.88,3.0,0.0,0.0,0.0,2.0,0.0,0.0,0.0,0.0,5.88,8
22500133,DAL,IND,78.0,78.0,"('Cooper Flagg', ""D'Angelo Russell"", 'Naji Marshall')",1.3333333333333337,3,4,0,4,1,1,0,0,0,0,1,2.88,3.0,0.0,0.0,0.0,2.0,0.0,0.0,0.0,0.0,5.88,8
22500133,DAL,IND,78.0,78.0,"('Cooper Flagg', ""D'Angelo Russell"", 'P.J. Washington')",1.3333333333333337,3,4,0,4,1,1,0,0,0,0,1,2.88,3.0,0.0,0.0,0.0,2.0,0.0,0.0,0.0,0.0,5.88,8
22500133,DAL,IND,78.0,78.0,"('Cooper Flagg', 'Max Christie', 'Naji Marshall')",1.3333333333333337,3,4,0,4,1,1,0,0,0,0,1,2.88,3.0,0.0,0.0,0.0,2.0,0.0,0.0,0.0,0.0,5.88,8
22500133,DAL,IND,78.0,78.0,"('Cooper Flagg', 'Max Christie', 'P.J. Washington')",1.3333333333333337,3,4,0,4,1,1,0,0,0,0,1,2.88,3.0,0.0,0.0,0.0,2.0,0.0,0.0,0.0,0.0,5.88,8
22500133,DAL,IND,78.0,78.0,"('Cooper Flagg', 'Naji Marshall', 'P.J. Washington')",1.3333333333333337,3,4,0,4,1,1,0,0,0,0,1,2.88,3.0,0.0,0.0,0.0,2.0,0.0,0.0,0.0,0.0,5.88,8
22500133,DAL,IND,78.0,78.0,"(""D'Angelo Russell"", 'Max Christie', 'Naji Marshall')",1.3333333333333337,3,4,0,4,1,1,0,0,0,0,1,2.88,3.0,0.0,0.0,0.0,2.0,0.0,0.0,0.0,0.0,5.88,8
22500133,DAL,IND,78.0,78.0,"(""D'Angelo Russell"", 'Max Christie', 'P.J. Washington')",1.3333333333333337,3,4,0,4,1,1,0,0,0,0,1,2.88,3.0,0.0,0.0,0.0,2.0,0.0,0.0,0.0,0.0,5.88,8
22500133,DAL,IND,78.0,78.0,"(""D'Angelo Russell"", 'Naji Marshall', 'P.J. Washington')",1.3333333333333337,3,4,0,4,1,1,0,0,0,0,1,2.88,3.0,0.0,0.0,0.0,2.0,0.0,0.0,0.0,0.0,5.88,8
22500133,DAL,IND,78.0,78.0,"('Max Christie', 'Naji Marshall', 'P.J. Washington')",1.3333333333333337,3,4,0,4,1,1,0,0,0,0,1,2.88,3.0,0.0,0.0,0.0,2.0,0.0,0.0,0.0,0.0,5.88,8
22500133,DAL,IND,79.2,77.0,"('Brandon Williams', 'Caleb Martin', 'Cooper Flagg')",3.056666666666666,3,7,4,3,6,2,2,1,2,1,2,7.88,9.0,0.0,3.0,0.0,0.0,2.0,0.0,4.0,2.0,16.88,8
22500133,DAL,IND,79.2,77.0,"('Brandon Williams', 'Caleb Martin', 'Dwight Powell')",3.056666666666666,3,7,4,3,6,2,2,1,2,1,2,7.88,9.0,0.0,3.0,0.0,0.0,2.0,0.0,4.0,2.0,16.88,8
22500133,DAL,IND,79.2,77.0,"('Brandon Williams', 'Caleb Martin', 'Naji Marshall')",3.056666666666666,3,7,4,3,6,2,2,1,2,1,2,7.88,9.0,0.0,3.0,0.0,0.0,2.0,0.0,4.0,2.0,16.88,8
22500133,DAL,IND,79.2,77.0,"('Brandon Williams', 'Cooper Flagg', 'Dwight Powell')",3.056666666666666,3,7,4,3,6,2,2,1,2,1,2,7.88,9.0,0.0,3.0,0.0,0.0,2.0,0.0,4.0,2.0,16.88,8
22500133,DAL,IND,79.2,77.0,"('Brandon Williams', 'Cooper Flagg', 'Naji Marshall')",3.056666666666666,3,7,4,3,6,2,2,1,2,1,2,7.88,9.0,0.0,3.0,0.0,0.0,2.0,0.0,4.0,2.0,16.88,8
22500133,DAL,IND,79.2,77.0,"('Brandon Williams', 'Dwight Powell', 'Naji Marshall')",3.056666666666666,3,7,4,3,6,2,2,1,2,1,2,7.88,9.0,0.0,3.0,0.0,0.0,2.0,0.0,4.0,2.0,16.88,8
22500133,DAL,IND,79.2,77.0,"('Caleb Martin', 'Cooper Flagg', 'Dwight Powell')",3.056666666666666,3,7,4,3,6,2,2,1,2,1,2,7.88,9.0,0.0,3.0,0.0,0.0,2.0,0.0,4.0,2.0,16.88,8
22500133,DAL,IND,79.2,77.0,"('Caleb Martin', 'Cooper Flagg', 'Naji Marshall')",3.056666666666666,3,7,4,3,6,2,2,1,2,1,2,7.88,9.0,0.0,3.0,0.0,0.0,2.0,0.0,4.0,2.0,16.88,8
22500133,DAL,IND,79.2,77.0,"('Caleb Martin', 'Dwight Powell', 'Naji Marshall')",3.056666666666666,3,7,4,3,6,2,2,1,2,1,2,7.88,9.0,0.0,3.0,0.0,0.0,2.0,0.0,4.0,2.0,16.88,8
22500133,DAL,IND,79.2,77.0,"('Cooper Flagg', 'Dwight Powell', 'Naji Marshall')",3.056666666666666,3,7,4,3,6,2,2,1,2,1,2,7.88,9.0,0.0,3.0,0.0,0.0,2.0,0.0,4.0,2.0,16.88,8
22500133,DAL,IND,78.8,78.8,"('Cooper Flagg', ""D'Angelo Russell"", 'Dwight Powell')",1.1,3,2,2,2,1,0,1,0,0,1,0,2.0,3.0,2.0,0.0,0.0,2.0,0.0,0.0,0.0,2.0,5.0,8
22500133,DAL,IND,78.8,78.8,"('Cooper Flagg', ""D'Angelo Russell"", 'Max Christie')",1.1,3,2,2,2,1,0,1,0,0,1,0,2.0,3.0,2.0,0.0,0.0,2.0,0.0,0.0,0.0,2.0,5.0,8
22500133,DAL,IND,78.8,78.8,"('Cooper Flagg', ""D'Angelo Russell"", 'P.J. Washington')",1.1,3,2,2,2,1,0,1,0,0,1,0,2.0,3.0,2.0,0.0,0.0,2.0,0.0,0.0,0.0,2.0,5.0,8
22500133,DAL,IND,78.8,78.8,"('Cooper Flagg', 'Dwight Powell', 'Max Christie')",1.1,3,2,2,2,1,0,1,0,0,1,0,2.0,3.0,2.0,0.0,0.0,2.0,0.0,0.0,0.0,2.0,5.0,8
22500133,DAL,IND,78.8,78.8,"('Cooper Flagg', 'Dwight Powell', 'P.J. Washington')",1.1,3,2,2,2,1,0,1,0,0,1,0,2.0,3.0,2.0,0.0,0.0,2.0,0.0,0.0,0.0,2.0,5.0,8
22500133,DAL,IND,78.8,78.8,"('Cooper Flagg', 'Max Christie', 'P.J. Washington')",1.1,3,2,2,2,1,0,1,0,0,1,0,2.0,3.0,2.0,0.0,0.0,2.0,0.0,0.0,0.0,2.0,5.0,8
22500133,DAL,IND,78.8,78.8,"(""D'Angelo Russell"", 'Dwight Powell', 'Max Christie')",1.1,3,2,2,2,1,0,1,0,0,1,0,2.0,3.0,2.0,0.0,0.0,2.0,0.0,0.0,0.0,2.0,5.0,8
22500133,DAL,IND,78.8,78.8,"(""D'Angelo Russell"", 'Dwight Powell', 'P.J. Washington')",1.1,3,2,2,2,1,0,1,0,0,1,0,2.0,3.0,2.0,0.0,0.0,2.0,0.0,0.0,0.0,2.0,5.0,8
22500133,DAL,IND,78.8,78.8,"(""D'Angelo Russell"", 'Max Christie', 'P.J. Washington')",1.1,3,2,2,2,1,0,1,0,0,1,0,2.0,3.0,2.0,0.0,0.0,2.0,0.0,0.0,0.0,2.0,5.0,8
22500133,DAL,IND,78.8,78.8,"('Dwight Powell', 'Max Christie', 'P.J. Washington')",1.1,3,2,2,2,1,0,1,0,0,1,0,2.0,3.0,2.0,0.0,0.0,2.0,0.0,0.0,0.0,2.0,5.0,8
22500133,DAL,IND,79.2,79.8,"('Brandon Williams', 'Cooper Flagg', 'Dwight Powell')",0.085,3,2,1,0,0,0,0,0,0,0,0,1.0,0.44,0.0,0.0,0.0,2.0,0.0,0.0,0.0,0.0,1.44,8
22500133,DAL,IND,79.2,79.8,"('Brandon Williams', 'Cooper Flagg', 'Max Christie')",0.085,3,2,1,0,0,0,0,0,0,0,0,1.0,0.44,0.0,0.0,0.0,2.0,0.0,0.0,0.0,0.0,1.44,8
22500133,DAL,IND,79.2,79.8,"('Brandon Williams', 'Cooper Flagg', 'Naji Marshall')",0.085,3,2,1,0,0,0,0,0,0,0,0,1.0,0.44,0.0,0.0,0.0,2.0,0.0,0.0,0.0,0.0,1.44,8
22500133,DAL,IND,79.2,79.8,"('Brandon Williams', 'Dwight Powell', 'Max Christie')",0.085,3,2,1,0,0,0,0,0,0,0,0,1.0,0.44,0.0,0.0,0.0,2.0,0.0,0.0,0.0,0.0,1.44,8
22500133,DAL,IND,79.2,79.8,"('Brandon Williams', 'Dwight Powell', 'Naji Marshall')",0.085,3,2,1,0,0,0,0,0,0,0,0,1.0,0.44,0.0,0.0,0.0,2.0,0.0,0.0,0.0,0.0,1.44,8
22500133,DAL,IND,79.2,79.8,"('Brandon Williams', 'Max Christie', 'Naji Marshall')",0.085,3,2,1,0,0,0,0,0,0,0,0,1.0,0.44,0.0,0.0,0.0,2.0,0.0,0.0,0.0,0.0,1.44,8
22500133,DAL,IND,79.2,79.8,"('Cooper Flagg', 'Dwight Powell', 'Max Christie')",0.085,3,2,1,0,0,0,0,0,0,0,0,1.0,0.44,0.0,0.0,0.0,2.0,0.0,0.0,0.0,0.0,1.44,8
22500133,DAL,IND,79.2,79.8,"('Cooper Flagg', 'Dwight Powell', 'Naji Marshall')",0.085,3,2,1,0,0,0,0,0,0,0,0,1.0,0.44,0.0,0.0,0.0,2.0,0.0,0.0,0.0,0.0,1.44,8
22500133,DAL,IND,79.2,79.8,"('Cooper Flagg', 'Max Christie', 'Naji Marshall')",0.085,3,2,1,0,0,0,0,0,0,0,0,1.0,0.44,0.0,0.0,0.0,2.0,0.0,0.0,0.0,0.0,1.44,8
22500133,DAL,IND,79.2,79.8,"('Dwight Powell', 'Max Christie', 'Naji Marshall')",0.085,3,2,1,0,0,0,0,0,0,0,0,1.0,0.44,0.0,0.0,0.0,2.0,0.0,0.0,0.0,0.0,1.44,8
22500133,DAL,IND,77.4,78.4,"('Brandon Williams', 'Caleb Martin', ""D'Angelo Russell"")",1.983333333333333,3,5,4,0,0,1,1,1,1,0,2,4.44,5.0,0.0,0.0,0.0,2.0,0.0,0.0,0.0,4.0,9.44,8
22500133,DAL,IND,77.4,78.4,"('Brandon Williams', 'Caleb Martin', 'Naji Marshall')",1.983333333333333,3,5,4,0,0,1,1,1,1,0,2,4.44,5.0,0.0,0.0,0.0,2.0,0.0,0.0,0.0,4.0,9.44,8
22500133,DAL,IND,77.4,78.4,"('Brandon Williams', 'Caleb Martin', 'P.J. Washington')",1.983333333333333,3,5,4,0,0,1,1,1,1,0,2,4.44,5.0,0.0,0.0,0.0,2.0,0.0,0.0,0.0,4.0,9.44,8
22500133,DAL,IND,77.4,78.4,"('Brandon Williams', ""D'Angelo Russell"", 'Naji Marshall')",1.983333333333333,3,5,4,0,0,1,1,1,1,0,2,4.44,5.0,0.0,0.0,0.0,2.0,0.0,0.0,0.0,4.0,9.44,8
22500133,DAL,IND,77.4,78.4,"('Brandon Williams', ""D'Angelo Russell"", 'P.J. Washington')",1.983333333333333,3,5,4,0,0,1,1,1,1,0,2,4.44,5.0,0.0,0.0,0.0,2.0,0.0,0.0,0.0,4.0,9.44,8
22500133,DAL,IND,77.4,78.4,"('Brandon Williams', 'Naji Marshall', 'P.J. Washington')",1.983333333333333,3,5,4,0,0,1,1,1,1,0,2,4.44,5.0,0.0,0.0,0.0,2.0,0.0,0.0,0.0,4.0,9.44,8
22500133,DAL,IND,77.4,78.4,"('Caleb Martin', ""D'Angelo Russell"", 'Naji Marshall')",1.983333333333333,3,5,4,0,0,1,1,1,1,0,2,4.44,5.0,0.0,0.0,0.0,2.0,0.0,0.0,0.0,4.0,9.44,8
22500133,DAL,IND,77.4,78.4,"('Caleb Martin', ""D'Angelo Russell"", 'P.J. Washington')",1.983333333333333,3,5,4,0,0,1,1,1,1,0,2,4.44,5.0,0.0,0.0,0.0,2.0,0.0,0.0,0.0,4.0,9.44,8
22500133,DAL,IND,77.4,78.4,"('Caleb Martin', 'Naji Marshall', 'P.J. Washington')",1.983333333333333,3,5,4,0,0,1,1,1,1,0,2,4.44,5.0,0.0,0.0,0.0,2.0,0.0,0.0,0.0,4.0,9.44,8
22500133,DAL,IND,77.4,78.4,"(""D'Angelo Russell"", 'Naji Marshall', 'P.J. Washington')",1.983333333333333,3,5,4,0,0,1,1,1,1,0,2,4.44,5.0,0.0,0.0,0.0,2.0,0.0,0.0,0.0,4.0,9.44,8
22500133,DAL,IND,77.4,78.4,"('Caleb Martin', ""D'Angelo Russell"", 'Dwight Powell')",4.096666666666667,1,11,9,3,3,2,1,3,1,2,1,9.32,7.88,0.0,0.0,0.0,2.0,5.0,2.0,2.0,4.0,17.2,8
22500133,DAL,IND,77.4,78.4,"('Caleb Martin', ""D'Angelo Russell"", 'Jaden Hardy')",4.096666666666667,1,11,9,3,3,2,1,3,1,2,1,9.32,7.88,0.0,0.0,0.0,2.0,5.0,2.0,2.0,4.0,17.2,8
22500133,DAL,IND,77.4,78.4,"('Caleb Martin', ""D'Angelo Russell"", 'Naji Marshall')",4.096666666666667,1,11,9,3,3,2,1,3,1,2,1,9.32,7.88,0.0,0.0,0.0,2.0,5.0,2.0,2.0,4.0,17.2,8
22500133,DAL,IND,77.4,78.4,"('Caleb Martin', 'Dwight Powell', 'Jaden Hardy')",4.096666666666667,1,11,9,3,3,2,1,3,1,2,1,9.32,7.88,0.0,0.0,0.0,2.0,5.0,2.0,2.0,4.0,17.2,8
22500133,DAL,IND,77.4,78.4,"('Caleb Martin', 'Dwight Powell', 'Naji Marshall')",4.096666666666667,1,11,9,3,3,2,1,3,1,2,1,9.32,7.88,0.0,0.0,0.0,2.0,5.0,2.0,2.0,4.0,17.2,8
22500133,DAL,IND,77.4,78.4,"('Caleb Martin', 'Jaden Hardy', 'Naji Marshall')",4.096666666666667,1,11,9,3,3,2,1,3,1,2,1,9.32,7.88,0.0,0.0,0.0,2.0,5.0,2.0,2.0,4.0,17.2,8
22500133,DAL,IND,77.4,78.4,"(""D'Angelo Russell"", 'Dwight Powell', 'Jaden Hardy')",4.096666666666667,1,11,9,3,3,2,1,3,1,2,1,9.32,7.88,0.0,0.0,0.0,2.0,5.0,2.0,2.0,4.0,17.2,8
22500133,DAL,IND,77.4,78.4,"(""D'Angelo Russell"", 'Dwight Powell', 'Naji Marshall')",4.096666666666667,1,11,9,3,3,2,1,3,1,2,1,9.32,7.88,0.0,0.0,0.0,2.0,5.0,2.0,2.0,4.0,17.2,8
22500133,DAL,IND,77.4,78.4,"(""D'Angelo Russell"", 'Jaden Hardy', 'Naji Marshall')",4.096666666666667,1,11,9,3,3,2,1,3,1,2,1,9.32,7.88,0.0,0.0,0.0,2.0,5.0,2.0,2.0,4.0,17.2,8
22500133,DAL,IND,77.4,78.4,"('Dwight Powell', 'Jaden Hardy', 'Naji Marshall')",4.096666666666667,1,11,9,3,3,2,1,3,1,2,1,9.32,7.88,0.0,0.0,0.0,2.0,5.0,2.0,2.0,4.0,17.2,8
22500133,DAL,IND,78.2,77.4,"('Anthony Davis', 'Cooper Flagg', ""D'Angelo Russell"")",0.85,1,4,4,0,1,1,1,0,0,0,1,2.0,2.0,0.0,2.0,0.0,4.0,0.0,0.0,2.0,4.0,4.0,8
22500133,DAL,IND,78.2,77.4,"('Anthony Davis', 'Cooper Flagg', 'Jaden Hardy')",0.85,1,4,4,0,1,1,1,0,0,0,1,2.0,2.0,0.0,2.0,0.0,4.0,0.0,0.0,2.0,4.0,4.0,8
22500133,DAL,IND,78.2,77.4,"('Anthony Davis', 'Cooper Flagg', 'Naji Marshall')",0.85,1,4,4,0,1,1,1,0,0,0,1,2.0,2.0,0.0,2.0,0.0,4.0,0.0,0.0,2.0,4.0,4.0,8
22500133,DAL,IND,78.2,77.4,"('Anthony Davis', ""D'Angelo Russell"", 'Jaden Hardy')",0.85,1,4,4,0,1,1,1,0,0,0,1,2.0,2.0,0.0,2.0,0.0,4.0,0.0,0.0,2.0,4.0,4.0,8
22500133,DAL,IND,78.2,77.4,"('Anthony Davis', ""D'Angelo Russell"", 'Naji Marshall')",0.85,1,4,4,0,1,1,1,0,0,0,1,2.0,2.0,0.0,2.0,0.0,4.0,0.0,0.0,2.0,4.0,4.0,8
22500133,DAL,IND,78.2,77.4,"('Anthony Davis', 'Jaden Hardy', 'Naji Marshall')",0.85,1,4,4,0,1,1,1,0,0,0,1,2.0,2.0,0.0,2.0,0.0,4.0,0.0,0.0,2.0,4.0,4.0,8
22500133,DAL,IND,78.2,77.4,"('Cooper Flagg', ""D'Angelo Russell"", 'Jaden Hardy')",0.85,1,4,4,0,1,1,1,0,0,0,1,2.0,2.0,0.0,2.0,0.0,4.0,0.0,0.0,2.0,4.0,4.0,8
22500133,DAL,IND,78.2,77.4,"('Cooper Flagg', ""D'Angelo Russell"", 'Naji Marshall')",0.85,1,4,4,0,1,1,1,0,0,0,1,2.0,2.0,0.0,2.0,0.0,4.0,0.0,0.0,2.0,4.0,4.0,8
22500133,DAL,IND,78.2,77.4,"('Cooper Flagg', 'Jaden Hardy', 'Naji Marshall')",0.85,1,4,4,0,1,1,1,0,0,0,1,2.0,2.0,0.0,2.0,0.0,4.0,0.0,0.0,2.0,4.0,4.0,8
22500133,DAL,IND,78.2,77.4,"(""D'Angelo Russell"", 'Jaden Hardy', 'Naji Marshall')",0.85,1,4,4,0,1,1,1,0,0,0,1,2.0,2.0,0.0,2.0,0.0,4.0,0.0,0.0,2.0,4.0,4.0,8
22500133,DAL,IND,79.2,78.8,"('Anthony Davis', 'Cooper Flagg', 'Klay Thompson')",3.933333333333332,1,5,7,5,4,1,2,4,2,1,1,10.44,11.0,0.0,0.0,0.0,4.0,7.0,2.0,2.0,4.0,21.44,8
22500133,DAL,IND,79.2,78.8,"('Anthony Davis', 'Cooper Flagg', 'Max Christie')",3.933333333333332,1,5,7,5,4,1,2,4,2,1,1,10.44,11.0,0.0,0.0,0.0,4.0,7.0,2.0,2.0,4.0,21.44,8
22500133,DAL,IND,79.2,78.8,"('Anthony Davis', 'Cooper Flagg', 'P.J. Washington')",3.933333333333332,1,5,7,5,4,1,2,4,2,1,1,10.44,11.0,0.0,0.0,0.0,4.0,7.0,2.0,2.0,4.0,21.44,8
22500133,DAL,IND,79.2,78.8,"('Anthony Davis', 'Klay Thompson', 'Max Christie')",3.933333333333332,1,5,7,5,4,1,2,4,2,1,1,10.44,11.0,0.0,0.0,0.0,4.0,7.0,2.0,2.0,4.0,21.44,8
22500133,DAL,IND,79.2,78.8,"('Anthony Davis', 'Klay Thompson', 'P.J. Washington')",3.933333333333332,1,5,7,5,4,1,2,4,2,1,1,10.44,11.0,0.0,0.0,0.0,4.0,7.0,2.0,2.0,4.0,21.44,8
22500133,DAL,IND,79.2,78.8,"('Anthony Davis', 'Max Christie', 'P.J. Washington')",3.933333333333332,1,5,7,5,4,1,2,4,2,1,1,10.44,11.0,0.0,0.0,0.0,4.0,7.0,2.0,2.0,4.0,21.44,8
22500133,DAL,IND,79.2,78.8,"('Cooper Flagg', 'Klay Thompson', 'Max Christie')",3.933333333333332,1,5,7,5,4,1,2,4,2,1,1,10.44,11.0,0.0,0.0,0.0,4.0,7.0,2.0,2.0,4.0,21.44,8
22500133,DAL,IND,79.2,78.8,"('Cooper Flagg', 'Klay Thompson', 'P.J. Washington')",3.933333333333332,1,5,7,5,4,1,2,4,2,1,1,10.44,11.0,0.0,0.0,0.0,4.0,7.0,2.0,2.0,4.0,21.44,8
22500133,DAL,IND,79.2,78.8,"('Cooper Flagg', 'Max Christie', 'P.J. Washington')",3.933333333333332,1,5,7,5,4,1,2,4,2,1,1,10.44,11.0,0.0,0.0,0.0,4.0,7.0,2.0,2.0,4.0,21.44,8
22500133,DAL,IND,79.2,78.8,"('Klay Thompson', 'Max Christie', 'P.J. Washington')",3.933333333333332,1,5,7,5,4,1,2,4,2,1,1,10.44,11.0,0.0,0.0,0.0,4.0,7.0,2.0,2.0,4.0,21.44,8
22500133,DAL,IND,78.8,78.6,"('Caleb Martin', 'Cooper Flagg', 'Dwight Powell')",0.3816666666666667,2,1,0,1,1,0,0,0,0,0,0,0.44,1.0,0.0,0.0,0.0,0.0,0.0,0.0,0.0,0.0,1.44,8
22500133,DAL,IND,78.8,78.6,"('Caleb Martin', 'Cooper Flagg', 'Klay Thompson')",0.3816666666666667,2,1,0,1,1,0,0,0,0,0,0,0.44,1.0,0.0,0.0,0.0,0.0,0.0,0.0,0.0,0.0,1.44,8
22500133,DAL,IND,78.8,78.6,"('Caleb Martin', 'Cooper Flagg', 'Max Christie')",0.3816666666666667,2,1,0,1,1,0,0,0,0,0,0,0.44,1.0,0.0,0.0,0.0,0.0,0.0,0.0,0.0,0.0,1.44,8
22500133,DAL,IND,78.8,78.6,"('Caleb Martin', 'Dwight Powell', 'Klay Thompson')",0.3816666666666667,2,1,0,1,1,0,0,0,0,0,0,0.44,1.0,0.0,0.0,0.0,0.0,0.0,0.0,0.0,0.0,1.44,8
22500133,DAL,IND,78.8,78.6,"('Caleb Martin', 'Dwight Powell', 'Max Christie')",0.3816666666666667,2,1,0,1,1,0,0,0,0,0,0,0.44,1.0,0.0,0.0,0.0,0.0,0.0,0.0,0.0,0.0,1.44,8
22500133,DAL,IND,78.8,78.6,"('Caleb Martin', 'Klay Thompson', 'Max Christie')",0.3816666666666667,2,1,0,1,1,0,0,0,0,0,0,0.44,1.0,0.0,0.0,0.0,0.0,0.0,0.0,0.0,0.0,1.44,8
22500133,DAL,IND,78.8,78.6,"('Cooper Flagg', 'Dwight Powell', 'Klay Thompson')",0.3816666666666667,2,1,0,1,1,0,0,0,0,0,0,0.44,1.0,0.0,0.0,0.0,0.0,0.0,0.0,0.0,0.0,1.44,8
22500133,DAL,IND,78.8,78.6,"('Cooper Flagg', 'Dwight Powell', 'Max Christie')",0.3816666666666667,2,1,0,1,1,0,0,0,0,0,0,0.44,1.0,0.0,0.0,0.0,0.0,0.0,0.0,0.0,0.0,1.44,8
22500133,DAL,IND,78.8,78.6,"('Cooper Flagg', 'Klay Thompson', 'Max Christie')",0.3816666666666667,2,1,0,1,1,0,0,0,0,0,0,0.44,1.0,0.0,0.0,0.0,0.0,0.0,0.0,0.0,0.0,1.44,8
22500133,DAL,IND,78.8,78.6,"('Dwight Powell', 'Klay Thompson', 'Max Christie')",0.3816666666666667,2,1,0,1,1,0,0,0,0,0,0,0.44,1.0,0.0,0.0,0.0,0.0,0.0,0.0,0.0,0.0,1.44,8
22500133,DAL,IND,77.8,78.0,"('Cooper Flagg', ""D'Angelo Russell"", 'Klay Thompson')",1.2000000000000002,1,3,5,0,3,1,1,0,0,2,1,3.44,1.88,0.0,0.0,0.0,2.0,0.0,0.0,0.0,0.0,5.32,8
22500133,DAL,IND,77.8,78.0,"('Cooper Flagg', ""D'Angelo Russell"", 'Max Christie')",1.2000000000000002,1,3,5,0,3,1,1,0,0,2,1,3.44,1.88,0.0,0.0,0.0,2.0,0.0,0.0,0.0,0.0,5.32,8
22500133,DAL,IND,77.8,78.0,"('Cooper Flagg', ""D'Angelo Russell"", 'P.J. Washington')",1.2000000000000002,1,3,5,0,3,1,1,0,0,2,1,3.44,1.88,0.0,0.0,0.0,2.0,0.0,0.0,0.0,0.0,5.32,8
22500133,DAL,IND,77.8,78.0,"('Cooper Flagg', 'Klay Thompson', 'Max Christie')",1.2000000000000002,1,3,5,0,3,1,1,0,0,2,1,3.44,1.88,0.0,0.0,0.0,2.0,0.0,0.0,0.0,0.0,5.32,8
22500133,DAL,IND,77.8,78.0,"('Cooper Flagg', 'Klay Thompson', 'P.J. Washington')",1.2000000000000002,1,3,5,0,3,1,1,0,0,2,1,3.44,1.88,0.0,0.0,0.0,2.0,0.0,0.0,0.0,0.0,5.32,8
22500133,DAL,IND,77.8,78.0,"('Cooper Flagg', 'Max Christie', 'P.J. Washington')",1.2000000000000002,1,3,5,0,3,1,1,0,0,2,1,3.44,1.88,0.0,0.0,0.0,2.0,0.0,0.0,0.0,0.0,5.32,8
22500133,DAL,IND,77.8,78.0,"(""D'Angelo Russell"", 'Klay Thompson', 'Max Christie')",1.2000000000000002,1,3,5,0,3,1,1,0,0,2,1,3.44,1.88,0.0,0.0,0.0,2.0,0.0,0.0,0.0,0.0,5.32,8
22500133,DAL,IND,77.8,78.0,"(""D'Angelo Russell"", 'Klay Thompson', 'P.J. Washington')",1.2000000000000002,1,3,5,0,3,1,1,0,0,2,1,3.44,1.88,0.0,0.0,0.0,2.0,0.0,0.0,0.0,0.0,5.32,8
22500133,DAL,IND,77.8,78.0,"(""D'Angelo Russell"", 'Max Christie', 'P.J. Washington')",1.2000000000000002,1,3,5,0,3,1,1,0,0,2,1,3.44,1.88,0.0,0.0,0.0,2.0,0.0,0.0,0.0,0.0,5.32,8
22500133,DAL,IND,77.8,78.0,"('Klay Thompson', 'Max Christie', 'P.J. Washington')",1.2000000000000002,1,3,5,0,3,1,1,0,0,2,1,3.44,1.88,0.0,0.0,0.0,2.0,0.0,0.0,0.0,0.0,5.32,8
22500133,DAL,IND,78.6,78.2,"('Brandon Williams', 'Cooper Flagg', 'Klay Thompson')",1.6,2,6,9,1,0,1,1,1,0,3,1,3.88,5.32,0.0,0.0,0.0,4.0,0.0,0.0,0.0,0.0,9.2,8
22500133,DAL,IND,78.6,78.2,"('Brandon Williams', 'Cooper Flagg', 'Naji Marshall')",1.6,2,6,9,1,0,1,1,1,0,3,1,3.88,5.32,0.0,0.0,0.0,4.0,0.0,0.0,0.0,0.0,9.2,8
22500133,DAL,IND,78.6,78.2,"('Brandon Williams', 'Cooper Flagg', 'P.J. Washington')",1.6,2,6,9,1,0,1,1,1,0,3,1,3.88,5.32,0.0,0.0,0.0,4.0,0.0,0.0,0.0,0.0,9.2,8
22500133,DAL,IND,78.6,78.2,"('Brandon Williams', 'Klay Thompson', 'Naji Marshall')",1.6,2,6,9,1,0,1,1,1,0,3,1,3.88,5.32,0.0,0.0,0.0,4.0,0.0,0.0,0.0,0.0,9.2,8
22500133,DAL,IND,78.6,78.2,"('Brandon Williams', 'Klay Thompson', 'P.J. Washington')",1.6,2,6,9,1,0,1,1,1,0,3,1,3.88,5.32,0.0,0.0,0.0,4.0,0.0,0.0,0.0,0.0,9.2,8
22500133,DAL,IND,78.6,78.2,"('Brandon Williams', 'Naji Marshall', 'P.J. Washington')",1.6,2,6,9,1,0,1,1,1,0,3,1,3.88,5.32,0.0,0.0,0.0,4.0,0.0,0.0,0.0,0.0,9.2,8
22500133,DAL,IND,78.6,78.2,"('Cooper Flagg', 'Klay Thompson', 'Naji Marshall')",1.6,2,6,9,1,0,1,1,1,0,3,1,3.88,5.32,0.0,0.0,0.0,4.0,0.0,0.0,0.0,0.0,9.2,8
22500133,DAL,IND,78.6,78.2,"('Cooper Flagg', 'Klay Thompson', 'P.J. Washington')",1.6,2,6,9,1,0,1,1,1,0,3,1,3.88,5.32,0.0,0.0,0.0,4.0,0.0,0.0,0.0,0.0,9.2,8
22500133,DAL,IND,78.6,78.2,"('Cooper Flagg', 'Naji Marshall', 'P.J. Washington')",1.6,2,6,9,1,0,1,1,1,0,3,1,3.88,5.32,0.0,0.0,0.0,4.0,0.0,0.0,0.0,0.0,9.2,8
22500133,DAL,IND,78.6,78.2,"('Klay Thompson', 'Naji Marshall', 'P.J. Washington')",1.6,2,6,9,1,0,1,1,1,0,3,1,3.88,5.32,0.0,0.0,0.0,4.0,0.0,0.0,0.0,0.0,9.2,8
22500133,DAL,IND,78.6,78.4,"('Anthony Davis', 'Cooper Flagg', ""D'Angelo Russell"")",1.7166666666666666,1,2,5,1,1,0,1,1,1,0,1,3.0,3.88,0.0,0.0,0.0,2.0,0.0,0.0,0.0,0.0,6.88,8
22500133,DAL,IND,78.6,78.4,"('Anthony Davis', 'Cooper Flagg', 'Max Christie')",1.7166666666666666,1,2,5,1,1,0,1,1,1,0,1,3.0,3.88,0.0,0.0,0.0,2.0,0.0,0.0,0.0,0.0,6.88,8
22500133,DAL,IND,78.6,78.4,"('Anthony Davis', 'Cooper Flagg', 'Naji Marshall')",1.7166666666666666,1,2,5,1,1,0,1,1,1,0,1,3.0,3.88,0.0,0.0,0.0,2.0,0.0,0.0,0.0,0.0,6.88,8
22500133,DAL,IND,78.6,78.4,"('Anthony Davis', ""D'Angelo Russell"", 'Max Christie')",1.7166666666666666,1,2,5,1,1,0,1,1,1,0,1,3.0,3.88,0.0,0.0,0.0,2.0,0.0,0.0,0.0,0.0,6.88,8
22500133,DAL,IND,78.6,78.4,"('Anthony Davis', ""D'Angelo Russell"", 'Naji Marshall')",1.7166666666666666,1,2,5,1,1,0,1,1,1,0,1,3.0,3.88,0.0,0.0,0.0,2.0,0.0,0.0,0.0,0.0,6.88,8
22500133,DAL,IND,78.6,78.4,"('Anthony Davis', 'Max Christie', 'Naji Marshall')",1.7166666666666666,1,2,5,1,1,0,1,1,1,0,1,3.0,3.88,0.0,0.0,0.0,2.0,0.0,0.0,0.0,0.0,6.88,8
22500133,DAL,IND,78.6,78.4,"('Cooper Flagg', ""D'Angelo Russell"", 'Max Christie')",1.7166666666666666,1,2,5,1,1,0,1,1,1,0,1,3.0,3.88,0.0,0.0,0.0,2.0,0.0,0.0,0.0,0.0,6.88,8
22500133,DAL,IND,78.6,78.4,"('Cooper Flagg', ""D'Angelo Russell"", 'Naji Marshall')",1.7166666666666666,1,2,5,1,1,0,1,1,1,0,1,3.0,3.88,0.0,0.0,0.0,2.0,0.0,0.0,0.0,0.0,6.88,8
22500133,DAL,IND,78.6,78.4,"('Cooper Flagg', 'Max Christie', 'Naji Marshall')",1.7166666666666666,1,2,5,1,1,0,1,1,1,0,1,3.0,3.88,0.0,0.0,0.0,2.0,0.0,0.0,0.0,0.0,6.88,8
22500133,DAL,IND,78.6,78.4,"(""D'Angelo Russell"", 'Max Christie', 'Naji Marshall')",1.7166666666666666,1,2,5,1,1,0,1,1,1,0,1,3.0,3.88,0.0,0.0,0.0,2.0,0.0,0.0,0.0,0.0,6.88,8
22500133,DAL,IND,79.0,77.6,"('Brandon Williams', 'Cooper Flagg', 'Dwight Powell')",1.7000000000000002,2,6,2,1,0,1,0,0,0,0,1,2.44,3.0,0.0,3.0,0.0,2.0,0.0,0.0,0.0,2.0,5.44,8
22500133,DAL,IND,79.0,77.6,"('Brandon Williams', 'Cooper Flagg', 'Klay Thompson')",1.7000000000000002,2,6,2,1,0,1,0,0,0,0,1,2.44,3.0,0.0,3.0,0.0,2.0,0.0,0.0,0.0,2.0,5.44,8
22500133,DAL,IND,79.0,77.6,"('Brandon Williams', 'Cooper Flagg', 'Max Christie')",1.7000000000000002,2,6,2,1,0,1,0,0,0,0,1,2.44,3.0,0.0,3.0,0.0,2.0,0.0,0.0,0.0,2.0,5.44,8
22500133,DAL,IND,79.0,77.6,"('Brandon Williams', 'Dwight Powell', 'Klay Thompson')",1.7000000000000002,2,6,2,1,0,1,0,0,0,0,1,2.44,3.0,0.0,3.0,0.0,2.0,0.0,0.0,0.0,2.0,5.44,8
22500133,DAL,IND,79.0,77.6,"('Brandon Williams', 'Dwight Powell', 'Max Christie')",1.7000000000000002,2,6,2,1,0,1,0,0,0,0,1,2.44,3.0,0.0,3.0,0.0,2.0,0.0,0.0,0.0,2.0,5.44,8
22500133,DAL,IND,79.0,77.6,"('Brandon Williams', 'Klay Thompson', 'Max Christie')",1.7000000000000002,2,6,2,1,0,1,0,0,0,0,1,2.44,3.0,0.0,3.0,0.0,2.0,0.0,0.0,0.0,2.0,5.44,8
22500133,DAL,IND,79.0,77.6,"('Cooper Flagg', 'Dwight Powell', 'Klay Thompson')",1.7000000000000002,2,6,2,1,0,1,0,0,0,0,1,2.44,3.0,0.0,3.0,0.0,2.0,0.0,0.0,0.0,2.0,5.44,8
22500133,DAL,IND,79.0,77.6,"('Cooper Flagg', 'Dwight Powell', 'Max Christie')",1.7000000000000002,2,6,2,1,0,1,0,0,0,0,1,2.44,3.0,0.0,3.0,0.0,2.0,0.0,0.0,0.0,2.0,5.44,8
22500133,DAL,IND,79.0,77.6,"('Cooper Flagg', 'Klay Thompson', 'Max Christie')",1.7000000000000002,2,6,2,1,0,1,0,0,0,0,1,2.44,3.0,0.0,3.0,0.0,2.0,0.0,0.0,0.0,2.0,5.44,8
22500133,DAL,IND,79.0,77.6,"('Dwight Powell', 'Klay Thompson', 'Max Christie')",1.7000000000000002,2,6,2,1,0,1,0,0,0,0,1,2.44,3.0,0.0,3.0,0.0,2.0,0.0,0.0,0.0,2.0,5.44,8
22500147,DAL,DET,78.8,79.6,"('Cooper Flagg', ""D'Angelo Russell"", 'Dwight Powell')",1.7166666666666666,3,4,6,0,0,1,2,1,0,1,1,2.44,2.44,0.0,0.0,0.0,0.0,3.0,0.0,0.0,2.0,4.88,9
22500147,DAL,DET,78.8,79.6,"('Cooper Flagg', ""D'Angelo Russell"", 'Max Christie')",1.7166666666666666,3,4,6,0,0,1,2,1,0,1,1,2.44,2.44,0.0,0.0,0.0,0.0,3.0,0.0,0.0,2.0,4.88,9
22500147,DAL,DET,78.8,79.6,"('Cooper Flagg', ""D'Angelo Russell"", 'P.J. Washington')",1.7166666666666666,3,4,6,0,0,1,2,1,0,1,1,2.44,2.44,0.0,0.0,0.0,0.0,3.0,0.0,0.0,2.0,4.88,9
22500147,DAL,DET,78.8,79.6,"('Cooper Flagg', 'Dwight Powell', 'Max Christie')",1.7166666666666666,3,4,6,0,0,1,2,1,0,1,1,2.44,2.44,0.0,0.0,0.0,0.0,3.0,0.0,0.0,2.0,4.88,9
22500147,DAL,DET,78.8,79.6,"('Cooper Flagg', 'Dwight Powell', 'P.J. Washington')",1.7166666666666666,3,4,6,0,0,1,2,1,0,1,1,2.44,2.44,0.0,0.0,0.0,0.0,3.0,0.0,0.0,2.0,4.88,9
22500147,DAL,DET,78.8,79.6,"('Cooper Flagg', 'Max Christie', 'P.J. Washington')",1.7166666666666666,3,4,6,0,0,1,2,1,0,1,1,2.44,2.44,0.0,0.0,0.0,0.0,3.0,0.0,0.0,2.0,4.88,9
22500147,DAL,DET,78.8,79.6,"(""D'Angelo Russell"", 'Dwight Powell', 'Max Christie')",1.7166666666666666,3,4,6,0,0,1,2,1,0,1,1,2.44,2.44,0.0,0.0,0.0,0.0,3.0,0.0,0.0,2.0,4.88,9
22500147,DAL,DET,78.8,79.6,"(""D'Angelo Russell"", 'Dwight Powell', 'P.J. Washington')",1.7166666666666666,3,4,6,0,0,1,2,1,0,1,1,2.44,2.44,0.0,0.0,0.0,0.0,3.0,0.0,0.0,2.0,4.88,9
22500147,DAL,DET,78.8,79.6,"(""D'Angelo Russell"", 'Max Christie', 'P.J. Washington')",1.7166666666666666,3,4,6,0,0,1,2,1,0,1,1,2.44,2.44,0.0,0.0,0.0,0.0,3.0,0.0,0.0,2.0,4.88,9
22500147,DAL,DET,78.8,79.6,"('Dwight Powell', 'Max Christie', 'P.J. Washington')",1.7166666666666666,3,4,6,0,0,1,2,1,0,1,1,2.44,2.44,0.0,0.0,0.0,0.0,3.0,0.0,0.0,2.0,4.88,9
22500147,DAL,DET,78.8,79.6,"('Brandon Williams', 'Cooper Flagg', ""D'Angelo Russell"")",1.5166666666666666,3,5,4,2,0,1,1,1,0,0,0,3.44,3.44,0.0,0.0,0.0,4.0,3.0,3.0,0.0,0.0,6.88,9
22500147,DAL,DET,78.8,79.6,"('Brandon Williams', 'Cooper Flagg', 'Daniel Gafford')",1.5166666666666666,3,5,4,2,0,1,1,1,0,0,0,3.44,3.44,0.0,0.0,0.0,4.0,3.0,3.0,0.0,0.0,6.88,9
22500147,DAL,DET,78.8,79.6,"('Brandon Williams', 'Cooper Flagg', 'Naji Marshall')",1.5166666666666666,3,5,4,2,0,1,1,1,0,0,0,3.44,3.44,0.0,0.0,0.0,4.0,3.0,3.0,0.0,0.0,6.88,9
22500147,DAL,DET,78.8,79.6,"('Brandon Williams', ""D'Angelo Russell"", 'Daniel Gafford')",1.5166666666666666,3,5,4,2,0,1,1,1,0,0,0,3.44,3.44,0.0,0.0,0.0,4.0,3.0,3.0,0.0,0.0,6.88,9
22500147,DAL,DET,78.8,79.6,"('Brandon Williams', ""D'Angelo Russell"", 'Naji Marshall')",1.5166666666666666,3,5,4,2,0,1,1,1,0,0,0,3.44,3.44,0.0,0.0,0.0,4.0,3.0,3.0,0.0,0.0,6.88,9
22500147,DAL,DET,78.8,79.6,"('Brandon Williams', 'Daniel Gafford', 'Naji Marshall')",1.5166666666666666,3,5,4,2,0,1,1,1,0,0,0,3.44,3.44,0.0,0.0,0.0,4.0,3.0,3.0,0.0,0.0,6.88,9
22500147,DAL,DET,78.8,79.6,"('Cooper Flagg', ""D'Angelo Russell"", 'Daniel Gafford')",1.5166666666666666,3,5,4,2,0,1,1,1,0,0,0,3.44,3.44,0.0,0.0,0.0,4.0,3.0,3.0,0.0,0.0,6.88,9
22500147,DAL,DET,78.8,79.6,"('Cooper Flagg', ""D'Angelo Russell"", 'Naji Marshall')",1.5166666666666666,3,5,4,2,0,1,1,1,0,0,0,3.44,3.44,0.0,0.0,0.0,4.0,3.0,3.0,0.0,0.0,6.88,9
22500147,DAL,DET,78.8,79.6,"('Cooper Flagg', 'Daniel Gafford', 'Naji Marshall')",1.5166666666666666,3,5,4,2,0,1,1,1,0,0,0,3.44,3.44,0.0,0.0,0.0,4.0,3.0,3.0,0.0,0.0,6.88,9
22500147,DAL,DET,78.8,79.6,"(""D'Angelo Russell"", 'Daniel Gafford', 'Naji Marshall')",1.5166666666666666,3,5,4,2,0,1,1,1,0,0,0,3.44,3.44,0.0,0.0,0.0,4.0,3.0,3.0,0.0,0.0,6.88,9
22500147,DAL,DET,79.2,79.2,"('Brandon Williams', 'Caleb Martin', 'Cooper Flagg')",0.0299999999999999,3,0,0,0,1,0,0,0,0,0,0,1.0,0.0,0.0,0.0,0.0,0.0,0.0,0.0,0.0,0.0,1.0,9
22500147,DAL,DET,79.2,79.2,"('Brandon Williams', 'Caleb Martin', 'Daniel Gafford')",0.0299999999999999,3,0,0,0,1,0,0,0,0,0,0,1.0,0.0,0.0,0.0,0.0,0.0,0.0,0.0,0.0,0.0,1.0,9
22500147,DAL,DET,79.2,79.2,"('Brandon Williams', 'Caleb Martin', 'Naji Marshall')",0.0299999999999999,3,0,0,0,1,0,0,0,0,0,0,1.0,0.0,0.0,0.0,0.0,0.0,0.0,0.0,0.0,0.0,1.0,9
22500147,DAL,DET,79.2,79.2,"('Brandon Williams', 'Cooper Flagg', 'Daniel Gafford')",0.0299999999999999,3,0,0,0,1,0,0,0,0,0,0,1.0,0.0,0.0,0.0,0.0,0.0,0.0,0.0,0.0,0.0,1.0,9
22500147,DAL,DET,79.2,79.2,"('Brandon Williams', 'Cooper Flagg', 'Naji Marshall')",0.0299999999999999,3,0,0,0,1,0,0,0,0,0,0,1.0,0.0,0.0,0.0,0.0,0.0,0.0,0.0,0.0,0.0,1.0,9
22500147,DAL,DET,79.2,79.2,"('Brandon Williams', 'Daniel Gafford', 'Naji Marshall')",0.0299999999999999,3,0,0,0,1,0,0,0,0,0,0,1.0,0.0,0.0,0.0,0.0,0.0,0.0,0.0,0.0,0.0,1.0,9
22500147,DAL,DET,79.2,79.2,"('Caleb Martin', 'Cooper Flagg', 'Daniel Gafford')",0.0299999999999999,3,0,0,0,1,0,0,0,0,0,0,1.0,0.0,0.0,0.0,0.0,0.0,0.0,0.0,0.0,0.0,1.0,9
22500147,DAL,DET,79.2,79.2,"('Caleb Martin', 'Cooper Flagg', 'Naji Marshall')",0.0299999999999999,3,0,0,0,1,0,0,0,0,0,0,1.0,0.0,0.0,0.0,0.0,0.0,0.0,0.0,0.0,0.0,1.0,9
22500147,DAL,DET,79.2,79.2,"('Caleb Martin', 'Daniel Gafford', 'Naji Marshall')",0.0299999999999999,3,0,0,0,1,0,0,0,0,0,0,1.0,0.0,0.0,0.0,0.0,0.0,0.0,0.0,0.0,0.0,1.0,9
22500147,DAL,DET,79.2,79.2,"('Cooper Flagg', 'Daniel Gafford', 'Naji Marshall')",0.0299999999999999,3,0,0,0,1,0,0,0,0,0,0,1.0,0.0,0.0,0.0,0.0,0.0,0.0,0.0,0.0,0.0,1.0,9
22500147,DAL,DET,77.8,78.8,"('Caleb Martin', 'Cooper Flagg', ""D'Angelo Russell"")",1.4333333333333331,4,6,5,1,1,2,2,0,0,1,0,3.0,3.0,3.0,0.0,0.0,0.0,0.0,0.0,0.0,2.0,6.0,9
22500147,DAL,DET,77.8,78.8,"('Caleb Martin', 'Cooper Flagg', 'Klay Thompson')",1.4333333333333331,4,6,5,1,1,2,2,0,0,1,0,3.0,3.0,3.0,0.0,0.0,0.0,0.0,0.0,0.0,2.0,6.0,9
22500147,DAL,DET,77.8,78.8,"('Caleb Martin', 'Cooper Flagg', 'P.J. Washington')",1.4333333333333331,4,6,5,1,1,2,2,0,0,1,0,3.0,3.0,3.0,0.0,0.0,0.0,0.0,0.0,0.0,2.0,6.0,9
22500147,DAL,DET,77.8,78.8,"('Caleb Martin', ""D'Angelo Russell"", 'Klay Thompson')",1.4333333333333331,4,6,5,1,1,2,2,0,0,1,0,3.0,3.0,3.0,0.0,0.0,0.0,0.0,0.0,0.0,2.0,6.0,9
22500147,DAL,DET,77.8,78.8,"('Caleb Martin', ""D'Angelo Russell"", 'P.J. Washington')",1.4333333333333331,4,6,5,1,1,2,2,0,0,1,0,3.0,3.0,3.0,0.0,0.0,0.0,0.0,0.0,0.0,2.0,6.0,9
22500147,DAL,DET,77.8,78.8,"('Caleb Martin', 'Klay Thompson', 'P.J. Washington')",1.4333333333333331,4,6,5,1,1,2,2,0,0,1,0,3.0,3.0,3.0,0.0,0.0,0.0,0.0,0.0,0.0,2.0,6.0,9
22500147,DAL,DET,77.8,78.8,"('Cooper Flagg', ""D'Angelo Russell"", 'Klay Thompson')",1.4333333333333331,4,6,5,1,1,2,2,0,0,1,0,3.0,3.0,3.0,0.0,0.0,0.0,0.0,0.0,0.0,2.0,6.0,9
22500147,DAL,DET,77.8,78.8,"('Cooper Flagg', ""D'Angelo Russell"", 'P.J. Washington')",1.4333333333333331,4,6,5,1,1,2,2,0,0,1,0,3.0,3.0,3.0,0.0,0.0,0.0,0.0,0.0,0.0,2.0,6.0,9
22500147,DAL,DET,77.8,78.8,"('Cooper Flagg', 'Klay Thompson', 'P.J. Washington')",1.4333333333333331,4,6,5,1,1,2,2,0,0,1,0,3.0,3.0,3.0,0.0,0.0,0.0,0.0,0.0,0.0,2.0,6.0,9
22500147,DAL,DET,77.8,78.8,"(""D'Angelo Russell"", 'Klay Thompson', 'P.J. Washington')",1.4333333333333331,4,6,5,1,1,2,2,0,0,1,0,3.0,3.0,3.0,0.0,0.0,0.0,0.0,0.0,0.0,2.0,6.0,9
22500147,DAL,DET,78.8,79.8,"('Cooper Flagg', ""D'Angelo Russell"", 'Dwight Powell')",1.55,4,1,6,0,2,0,1,1,0,2,1,3.44,2.76,0.0,0.0,0.0,0.0,2.0,0.0,0.0,2.0,6.199999999999999,9
22500147,DAL,DET,78.8,79.8,"('Cooper Flagg', ""D'Angelo Russell"", 'Max Christie')",1.55,4,1,6,0,2,0,1,1,0,2,1,3.44,2.76,0.0,0.0,0.0,0.0,2.0,0.0,0.0,2.0,6.199999999999999,9
22500147,DAL,DET,78.8,79.8,"('Cooper Flagg', ""D'Angelo Russell"", 'P.J. Washington')",1.55,4,1,6,0,2,0,1,1,0,2,1,3.44,2.76,0.0,0.0,0.0,0.0,2.0,0.0,0.0,2.0,6.199999999999999,9
22500147,DAL,DET,78.8,79.8,"('Cooper Flagg', 'Dwight Powell', 'Max Christie')",1.55,4,1,6,0,2,0,1,1,0,2,1,3.44,2.76,0.0,0.0,0.0,0.0,2.0,0.0,0.0,2.0,6.199999999999999,9
22500147,DAL,DET,78.8,79.8,"('Cooper Flagg', 'Dwight Powell', 'P.J. Washington')",1.55,4,1,6,0,2,0,1,1,0,2,1,3.44,2.76,0.0,0.0,0.0,0.0,2.0,0.0,0.0,2.0,6.199999999999999,9
22500147,DAL,DET,78.8,79.8,"('Cooper Flagg', 'Max Christie', 'P.J. Washington')",1.55,4,1,6,0,2,0,1,1,0,2,1,3.44,2.76,0.0,0.0,0.0,0.0,2.0,0.0,0.0,2.0,6.199999999999999,9
22500147,DAL,DET,78.8,79.8,"(""D'Angelo Russell"", 'Dwight Powell', 'Max Christie')",1.55,4,1,6,0,2,0,1,1,0,2,1,3.44,2.76,0.0,0.0,0.0,0.0,2.0,0.0,0.0,2.0,6.199999999999999,9
22500147,DAL,DET,78.8,79.8,"(""D'Angelo Russell"", 'Dwight Powell', 'P.J. Washington')",1.55,4,1,6,0,2,0,1,1,0,2,1,3.44,2.76,0.0,0.0,0.0,0.0,2.0,0.0,0.0,2.0,6.199999999999999,9
22500147,DAL,DET,78.8,79.8,"(""D'Angelo Russell"", 'Max Christie', 'P.J. Washington')",1.55,4,1,6,0,2,0,1,1,0,2,1,3.44,2.76,0.0,0.0,0.0,0.0,2.0,0.0,0.0,2.0,6.199999999999999,9
22500147,DAL,DET,78.8,79.8,"('Dwight Powell', 'Max Christie', 'P.J. Washington')",1.55,4,1,6,0,2,0,1,1,0,2,1,3.44,2.76,0.0,0.0,0.0,0.0,2.0,0.0,0.0,2.0,6.199999999999999,9
22500147,DAL,DET,78.8,79.8,"('Cooper Flagg', ""D'Angelo Russell"", 'Daniel Gafford')",0.8666666666666666,4,3,0,1,0,1,0,0,0,0,1,1.0,2.0,0.0,0.0,0.0,0.0,0.0,0.0,0.0,0.0,3.0,9
22500147,DAL,DET,78.8,79.8,"('Cooper Flagg', ""D'Angelo Russell"", 'Max Christie')",0.8666666666666666,4,3,0,1,0,1,0,0,0,0,1,1.0,2.0,0.0,0.0,0.0,0.0,0.0,0.0,0.0,0.0,3.0,9
22500147,DAL,DET,78.8,79.8,"('Cooper Flagg', ""D'Angelo Russell"", 'P.J. Washington')",0.8666666666666666,4,3,0,1,0,1,0,0,0,0,1,1.0,2.0,0.0,0.0,0.0,0.0,0.0,0.0,0.0,0.0,3.0,9
22500147,DAL,DET,78.8,79.8,"('Cooper Flagg', 'Daniel Gafford', 'Max Christie')",0.8666666666666666,4,3,0,1,0,1,0,0,0,0,1,1.0,2.0,0.0,0.0,0.0,0.0,0.0,0.0,0.0,0.0,3.0,9
22500147,DAL,DET,78.8,79.8,"('Cooper Flagg', 'Daniel Gafford', 'P.J. Washington')",0.8666666666666666,4,3,0,1,0,1,0,0,0,0,1,1.0,2.0,0.0,0.0,0.0,0.0,0.0,0.0,0.0,0.0,3.0,9
22500147,DAL,DET,78.8,79.8,"('Cooper Flagg', 'Max Christie', 'P.J. Washington')",0.8666666666666666,4,3,0,1,0,1,0,0,0,0,1,1.0,2.0,0.0,0.0,0.0,0.0,0.0,0.0,0.0,0.0,3.0,9
22500147,DAL,DET,78.8,79.8,"(""D'Angelo Russell"", 'Daniel Gafford', 'Max Christie')",0.8666666666666666,4,3,0,1,0,1,0,0,0,0,1,1.0,2.0,0.0,0.0,0.0,0.0,0.0,0.0,0.0,0.0,3.0,9
22500147,DAL,DET,78.8,79.8,"(""D'Angelo Russell"", 'Daniel Gafford', 'P.J. Washington')",0.8666666666666666,4,3,0,1,0,1,0,0,0,0,1,1.0,2.0,0.0,0.0,0.0,0.0,0.0,0.0,0.0,0.0,3.0,9
22500147,DAL,DET,78.8,79.8,"(""D'Angelo Russell"", 'Max Christie', 'P.J. Washington')",0.8666666666666666,4,3,0,1,0,1,0,0,0,0,1,1.0,2.0,0.0,0.0,0.0,0.0,0.0,0.0,0.0,0.0,3.0,9
22500147,DAL,DET,78.8,79.8,"('Daniel Gafford', 'Max Christie', 'P.J. Washington')",0.8666666666666666,4,3,0,1,0,1,0,0,0,0,1,1.0,2.0,0.0,0.0,0.0,0.0,0.0,0.0,0.0,0.0,3.0,9
22500147,DAL,DET,78.4,78.8,"('Brandon Williams', 'Caleb Martin', 'Cooper Flagg')",1.7166666666666666,4,0,4,1,0,0,1,2,0,0,0,5.0,3.0,0.0,0.0,0.0,0.0,2.0,2.0,0.0,4.0,8.0,9
22500147,DAL,DET,78.4,78.8,"('Brandon Williams', 'Caleb Martin', 'Klay Thompson')",1.7166666666666666,4,0,4,1,0,0,1,2,0,0,0,5.0,3.0,0.0,0.0,0.0,0.0,2.0,2.0,0.0,4.0,8.0,9
22500147,DAL,DET,78.4,78.8,"('Brandon Williams', 'Caleb Martin', 'P.J. Washington')",1.7166666666666666,4,0,4,1,0,0,1,2,0,0,0,5.0,3.0,0.0,0.0,0.0,0.0,2.0,2.0,0.0,4.0,8.0,9
22500147,DAL,DET,78.4,78.8,"('Brandon Williams', 'Cooper Flagg', 'Klay Thompson')",1.7166666666666666,4,0,4,1,0,0,1,2,0,0,0,5.0,3.0,0.0,0.0,0.0,0.0,2.0,2.0,0.0,4.0,8.0,9
22500147,DAL,DET,78.4,78.8,"('Brandon Williams', 'Cooper Flagg', 'P.J. Washington')",1.7166666666666666,4,0,4,1,0,0,1,2,0,0,0,5.0,3.0,0.0,0.0,0.0,0.0,2.0,2.0,0.0,4.0,8.0,9
22500147,DAL,DET,78.4,78.8,"('Brandon Williams', 'Klay Thompson', 'P.J. Washington')",1.7166666666666666,4,0,4,1,0,0,1,2,0,0,0,5.0,3.0,0.0,0.0,0.0,0.0,2.0,2.0,0.0,4.0,8.0,9
22500147,DAL,DET,78.4,78.8,"('Caleb Martin', 'Cooper Flagg', 'Klay Thompson')",1.7166666666666666,4,0,4,1,0,0,1,2,0,0,0,5.0,3.0,0.0,0.0,0.0,0.0,2.0,2.0,0.0,4.0,8.0,9
22500147,DAL,DET,78.4,78.8,"('Caleb Martin', 'Cooper Flagg', 'P.J. Washington')",1.7166666666666666,4,0,4,1,0,0,1,2,0,0,0,5.0,3.0,0.0,0.0,0.0,0.0,2.0,2.0,0.0,4.0,8.0,9
22500147,DAL,DET,78.4,78.8,"('Caleb Martin', 'Klay Thompson', 'P.J. Washington')",1.7166666666666666,4,0,4,1,0,0,1,2,0,0,0,5.0,3.0,0.0,0.0,0.0,0.0,2.0,2.0,0.0,4.0,8.0,9
22500147,DAL,DET,78.4,78.8,"('Cooper Flagg', 'Klay Thompson', 'P.J. Washington')",1.7166666666666666,4,0,4,1,0,0,1,2,0,0,0,5.0,3.0,0.0,0.0,0.0,0.0,2.0,2.0,0.0,4.0,8.0,9
22500147,DAL,DET,79.2,79.6,"('Cooper Flagg', 'Dwight Powell', 'Klay Thompson')",1.15,1,3,4,1,2,1,1,0,0,1,0,2.0,4.0,0.0,0.0,3.0,0.0,0.0,0.0,2.0,4.0,6.0,9
22500147,DAL,DET,79.2,79.6,"('Cooper Flagg', 'Dwight Powell', 'Max Christie')",1.15,1,3,4,1,2,1,1,0,0,1,0,2.0,4.0,0.0,0.0,3.0,0.0,0.0,0.0,2.0,4.0,6.0,9
22500147,DAL,DET,79.2,79.6,"('Cooper Flagg', 'Dwight Powell', 'P.J. Washington')",1.15,1,3,4,1,2,1,1,0,0,1,0,2.0,4.0,0.0,0.0,3.0,0.0,0.0,0.0,2.0,4.0,6.0,9
22500147,DAL,DET,79.2,79.6,"('Cooper Flagg', 'Klay Thompson', 'Max Christie')",1.15,1,3,4,1,2,1,1,0,0,1,0,2.0,4.0,0.0,0.0,3.0,0.0,0.0,0.0,2.0,4.0,6.0,9
22500147,DAL,DET,79.2,79.6,"('Cooper Flagg', 'Klay Thompson', 'P.J. Washington')",1.15,1,3,4,1,2,1,1,0,0,1,0,2.0,4.0,0.0,0.0,3.0,0.0,0.0,0.0,2.0,4.0,6.0,9
22500147,DAL,DET,79.2,79.6,"('Cooper Flagg', 'Max Christie', 'P.J. Washington')",1.15,1,3,4,1,2,1,1,0,0,1,0,2.0,4.0,0.0,0.0,3.0,0.0,0.0,0.0,2.0,4.0,6.0,9
22500147,DAL,DET,79.2,79.6,"('Dwight Powell', 'Klay Thompson', 'Max Christie')",1.15,1,3,4,1,2,1,1,0,0,1,0,2.0,4.0,0.0,0.0,3.0,0.0,0.0,0.0,2.0,4.0,6.0,9
22500147,DAL,DET,79.2,79.6,"('Dwight Powell', 'Klay Thompson', 'P.J. Washington')",1.15,1,3,4,1,2,1,1,0,0,1,0,2.0,4.0,0.0,0.0,3.0,0.0,0.0,0.0,2.0,4.0,6.0,9
22500147,DAL,DET,79.2,79.6,"('Dwight Powell', 'Max Christie', 'P.J. Washington')",1.15,1,3,4,1,2,1,1,0,0,1,0,2.0,4.0,0.0,0.0,3.0,0.0,0.0,0.0,2.0,4.0,6.0,9
22500147,DAL,DET,79.2,79.6,"('Klay Thompson', 'Max Christie', 'P.J. Washington')",1.15,1,3,4,1,2,1,1,0,0,1,0,2.0,4.0,0.0,0.0,3.0,0.0,0.0,0.0,2.0,4.0,6.0,9
22500147,DAL,DET,77.0,78.8,"('Caleb Martin', ""D'Angelo Russell"", 'Klay Thompson')",2.95,2,7,4,5,4,2,0,0,0,4,1,5.88,8.0,0.0,0.0,0.0,2.0,0.0,2.0,2.0,4.0,13.88,9
22500147,DAL,DET,77.0,78.8,"('Caleb Martin', ""D'Angelo Russell"", 'Max Christie')",2.95,2,7,4,5,4,2,0,0,0,4,1,5.88,8.0,0.0,0.0,0.0,2.0,0.0,2.0,2.0,4.0,13.88,9
22500147,DAL,DET,77.0,78.8,"('Caleb Martin', ""D'Angelo Russell"", 'P.J. Washington')",2.95,2,7,4,5,4,2,0,0,0,4,1,5.88,8.0,0.0,0.0,0.0,2.0,0.0,2.0,2.0,4.0,13.88,9
22500147,DAL,DET,77.0,78.8,"('Caleb Martin', 'Klay Thompson', 'Max Christie')",2.95,2,7,4,5,4,2,0,0,0,4,1,5.88,8.0,0.0,0.0,0.0,2.0,0.0,2.0,2.0,4.0,13.88,9
22500147,DAL,DET,77.0,78.8,"('Caleb Martin', 'Klay Thompson', 'P.J. Washington')",2.95,2,7,4,5,4,2,0,0,0,4,1,5.88,8.0,0.0,0.0,0.0,2.0,0.0,2.0,2.0,4.0,13.88,9
22500147,DAL,DET,77.0,78.8,"('Caleb Martin', 'Max Christie', 'P.J. Washington')",2.95,2,7,4,5,4,2,0,0,0,4,1,5.88,8.0,0.0,0.0,0.0,2.0,0.0,2.0,2.0,4.0,13.88,9
22500147,DAL,DET,77.0,78.8,"(""D'Angelo Russell"", 'Klay Thompson', 'Max Christie')",2.95,2,7,4,5,4,2,0,0,0,4,1,5.88,8.0,0.0,0.0,0.0,2.0,0.0,2.0,2.0,4.0,13.88,9
22500147,DAL,DET,77.0,78.8,"(""D'Angelo Russell"", 'Klay Thompson', 'P.J. Washington')",2.95,2,7,4,5,4,2,0,0,0,4,1,5.88,8.0,0.0,0.0,0.0,2.0,0.0,2.0,2.0,4.0,13.88,9
22500147,DAL,DET,77.0,78.8,"(""D'Angelo Russell"", 'Max Christie', 'P.J. Washington')",2.95,2,7,4,5,4,2,0,0,0,4,1,5.88,8.0,0.0,0.0,0.0,2.0,0.0,2.0,2.0,4.0,13.88,9
22500147,DAL,DET,77.0,78.8,"('Klay Thompson', 'Max Christie', 'P.J. Washington')",2.95,2,7,4,5,4,2,0,0,0,4,1,5.88,8.0,0.0,0.0,0.0,2.0,0.0,2.0,2.0,4.0,13.88,9
22500147,DAL,DET,77.2,78.8,"(""D'Angelo Russell"", 'Klay Thompson', 'Max Christie')",1.45,2,5,4,2,1,0,0,0,1,1,0,3.0,3.88,0.0,2.0,2.0,0.0,0.0,0.0,0.0,2.0,6.88,9
22500147,DAL,DET,77.2,78.8,"(""D'Angelo Russell"", 'Klay Thompson', 'Naji Marshall')",1.45,2,5,4,2,1,0,0,0,1,1,0,3.0,3.88,0.0,2.0,2.0,0.0,0.0,0.0,0.0,2.0,6.88,9
22500147,DAL,DET,77.2,78.8,"(""D'Angelo Russell"", 'Klay Thompson', 'P.J. Washington')",1.45,2,5,4,2,1,0,0,0,1,1,0,3.0,3.88,0.0,2.0,2.0,0.0,0.0,0.0,0.0,2.0,6.88,9
22500147,DAL,DET,77.2,78.8,"(""D'Angelo Russell"", 'Max Christie', 'Naji Marshall')",1.45,2,5,4,2,1,0,0,0,1,1,0,3.0,3.88,0.0,2.0,2.0,0.0,0.0,0.0,0.0,2.0,6.88,9
22500147,DAL,DET,77.2,78.8,"(""D'Angelo Russell"", 'Max Christie', 'P.J. Washington')",1.45,2,5,4,2,1,0,0,0,1,1,0,3.0,3.88,0.0,2.0,2.0,0.0,0.0,0.0,0.0,2.0,6.88,9
22500147,DAL,DET,77.2,78.8,"(""D'Angelo Russell"", 'Naji Marshall', 'P.J. Washington')",1.45,2,5,4,2,1,0,0,0,1,1,0,3.0,3.88,0.0,2.0,2.0,0.0,0.0,0.0,0.0,2.0,6.88,9
22500147,DAL,DET,77.2,78.8,"('Klay Thompson', 'Max Christie', 'Naji Marshall')",1.45,2,5,4,2,1,0,0,0,1,1,0,3.0,3.88,0.0,2.0,2.0,0.0,0.0,0.0,0.0,2.0,6.88,9
22500147,DAL,DET,77.2,78.8,"('Klay Thompson', 'Max Christie', 'P.J. Washington')",1.45,2,5,4,2,1,0,0,0,1,1,0,3.0,3.88,0.0,2.0,2.0,0.0,0.0,0.0,0.0,2.0,6.88,9
22500147,DAL,DET,77.2,78.8,"('Klay Thompson', 'Naji Marshall', 'P.J. Washington')",1.45,2,5,4,2,1,0,0,0,1,1,0,3.0,3.88,0.0,2.0,2.0,0.0,0.0,0.0,0.0,2.0,6.88,9
22500147,DAL,DET,77.2,78.8,"('Max Christie', 'Naji Marshall', 'P.J. Washington')",1.45,2,5,4,2,1,0,0,0,1,1,0,3.0,3.88,0.0,2.0,2.0,0.0,0.0,0.0,0.0,2.0,6.88,9
22500147,DAL,DET,79.2,79.8,"('Brandon Williams', 'Cooper Flagg', 'Daniel Gafford')",2.0166666666666666,2,2,10,0,3,1,1,1,0,2,2,4.0,4.88,0.0,0.0,0.0,2.0,2.0,4.0,2.0,8.0,8.879999999999999,9
22500147,DAL,DET,79.2,79.8,"('Brandon Williams', 'Cooper Flagg', 'Klay Thompson')",2.0166666666666666,2,2,10,0,3,1,1,1,0,2,2,4.0,4.88,0.0,0.0,0.0,2.0,2.0,4.0,2.0,8.0,8.879999999999999,9
22500147,DAL,DET,79.2,79.8,"('Brandon Williams', 'Cooper Flagg', 'Naji Marshall')",2.0166666666666666,2,2,10,0,3,1,1,1,0,2,2,4.0,4.88,0.0,0.0,0.0,2.0,2.0,4.0,2.0,8.0,8.879999999999999,9
22500147,DAL,DET,79.2,79.8,"('Brandon Williams', 'Daniel Gafford', 'Klay Thompson')",2.0166666666666666,2,2,10,0,3,1,1,1,0,2,2,4.0,4.88,0.0,0.0,0.0,2.0,2.0,4.0,2.0,8.0,8.879999999999999,9
22500147,DAL,DET,79.2,79.8,"('Brandon Williams', 'Daniel Gafford', 'Naji Marshall')",2.0166666666666666,2,2,10,0,3,1,1,1,0,2,2,4.0,4.88,0.0,0.0,0.0,2.0,2.0,4.0,2.0,8.0,8.879999999999999,9
22500147,DAL,DET,79.2,79.8,"('Brandon Williams', 'Klay Thompson', 'Naji Marshall')",2.0166666666666666,2,2,10,0,3,1,1,1,0,2,2,4.0,4.88,0.0,0.0,0.0,2.0,2.0,4.0,2.0,8.0,8.879999999999999,9
22500147,DAL,DET,79.2,79.8,"('Cooper Flagg', 'Daniel Gafford', 'Klay Thompson')",2.0166666666666666,2,2,10,0,3,1,1,1,0,2,2,4.0,4.88,0.0,0.0,0.0,2.0,2.0,4.0,2.0,8.0,8.879999999999999,9
22500147,DAL,DET,79.2,79.8,"('Cooper Flagg', 'Daniel Gafford', 'Naji Marshall')",2.0166666666666666,2,2,10,0,3,1,1,1,0,2,2,4.0,4.88,0.0,0.0,0.0,2.0,2.0,4.0,2.0,8.0,8.879999999999999,9
22500147,DAL,DET,79.2,79.8,"('Cooper Flagg', 'Klay Thompson', 'Naji Marshall')",2.0166666666666666,2,2,10,0,3,1,1,1,0,2,2,4.0,4.88,0.0,0.0,0.0,2.0,2.0,4.0,2.0,8.0,8.879999999999999,9
22500147,DAL,DET,79.2,79.8,"('Daniel Gafford', 'Klay Thompson', 'Naji Marshall')",2.0166666666666666,2,2,10,0,3,1,1,1,0,2,2,4.0,4.88,0.0,0.0,0.0,2.0,2.0,4.0,2.0,8.0,8.879999999999999,9
22500147,DAL,DET,77.8,79.2,"('Cooper Flagg', ""D'Angelo Russell"", 'Klay Thompson')",0.7483333333333333,4,0,4,0,2,0,1,0,0,0,0,2.0,1.44,0.0,0.0,0.0,0.0,0.0,0.0,0.0,0.0,3.44,9
22500147,DAL,DET,77.8,79.2,"('Cooper Flagg', ""D'Angelo Russell"", 'Max Christie')",0.7483333333333333,4,0,4,0,2,0,1,0,0,0,0,2.0,1.44,0.0,0.0,0.0,0.0,0.0,0.0,0.0,0.0,3.44,9
22500147,DAL,DET,77.8,79.2,"('Cooper Flagg', ""D'Angelo Russell"", 'P.J. Washington')",0.7483333333333333,4,0,4,0,2,0,1,0,0,0,0,2.0,1.44,0.0,0.0,0.0,0.0,0.0,0.0,0.0,0.0,3.44,9
22500147,DAL,DET,77.8,79.2,"('Cooper Flagg', 'Klay Thompson', 'Max Christie')",0.7483333333333333,4,0,4,0,2,0,1,0,0,0,0,2.0,1.44,0.0,0.0,0.0,0.0,0.0,0.0,0.0,0.0,3.44,9
22500147,DAL,DET,77.8,79.2,"('Cooper Flagg', 'Klay Thompson', 'P.J. Washington')",0.7483333333333333,4,0,4,0,2,0,1,0,0,0,0,2.0,1.44,0.0,0.0,0.0,0.0,0.0,0.0,0.0,0.0,3.44,9
22500147,DAL,DET,77.8,79.2,"('Cooper Flagg', 'Max Christie', 'P.J. Washington')",0.7483333333333333,4,0,4,0,2,0,1,0,0,0,0,2.0,1.44,0.0,0.0,0.0,0.0,0.0,0.0,0.0,0.0,3.44,9
22500147,DAL,DET,77.8,79.2,"(""D'Angelo Russell"", 'Klay Thompson', 'Max Christie')",0.7483333333333333,4,0,4,0,2,0,1,0,0,0,0,2.0,1.44,0.0,0.0,0.0,0.0,0.0,0.0,0.0,0.0,3.44,9
22500147,DAL,DET,77.8,79.2,"(""D'Angelo Russell"", 'Klay Thompson', 'P.J. Washington')",0.7483333333333333,4,0,4,0,2,0,1,0,0,0,0,2.0,1.44,0.0,0.0,0.0,0.0,0.0,0.0,0.0,0.0,3.44,9
22500147,DAL,DET,77.8,79.2,"(""D'Angelo Russell"", 'Max Christie', 'P.J. Washington')",0.7483333333333333,4,0,4,0,2,0,1,0,0,0,0,2.0,1.44,0.0,0.0,0.0,0.0,0.0,0.0,0.0,0.0,3.44,9
22500147,DAL,DET,77.8,79.2,"('Klay Thompson', 'Max Christie', 'P.J. Washington')",0.7483333333333333,4,0,4,0,2,0,1,0,0,0,0,2.0,1.44,0.0,0.0,0.0,0.0,0.0,0.0,0.0,0.0,3.44,9
22500147,DAL,DET,78.8,79.6,"('Cooper Flagg', ""D'Angelo Russell"", 'Dwight Powell')",1.05,1,4,2,1,0,0,1,0,0,0,1,3.0,2.0,2.0,0.0,2.0,4.0,0.0,0.0,0.0,2.0,5.0,9
22500147,DAL,DET,78.8,79.6,"('Cooper Flagg', ""D'Angelo Russell"", 'Max Christie')",1.05,1,4,2,1,0,0,1,0,0,0,1,3.0,2.0,2.0,0.0,2.0,4.0,0.0,0.0,0.0,2.0,5.0,9
22500147,DAL,DET,78.8,79.6,"('Cooper Flagg', ""D'Angelo Russell"", 'P.J. Washington')",1.05,1,4,2,1,0,0,1,0,0,0,1,3.0,2.0,2.0,0.0,2.0,4.0,0.0,0.0,0.0,2.0,5.0,9
22500147,DAL,DET,78.8,79.6,"('Cooper Flagg', 'Dwight Powell', 'Max Christie')",1.05,1,4,2,1,0,0,1,0,0,0,1,3.0,2.0,2.0,0.0,2.0,4.0,0.0,0.0,0.0,2.0,5.0,9
22500147,DAL,DET,78.8,79.6,"('Cooper Flagg', 'Dwight Powell', 'P.J. Washington')",1.05,1,4,2,1,0,0,1,0,0,0,1,3.0,2.0,2.0,0.0,2.0,4.0,0.0,0.0,0.0,2.0,5.0,9
22500147,DAL,DET,78.8,79.6,"('Cooper Flagg', 'Max Christie', 'P.J. Washington')",1.05,1,4,2,1,0,0,1,0,0,0,1,3.0,2.0,2.0,0.0,2.0,4.0,0.0,0.0,0.0,2.0,5.0,9
22500147,DAL,DET,78.8,79.6,"(""D'Angelo Russell"", 'Dwight Powell', 'Max Christie')",1.05,1,4,2,1,0,0,1,0,0,0,1,3.0,2.0,2.0,0.0,2.0,4.0,0.0,0.0,0.0,2.0,5.0,9
22500147,DAL,DET,78.8,79.6,"(""D'Angelo Russell"", 'Dwight Powell', 'P.J. Washington')",1.05,1,4,2,1,0,0,1,0,0,0,1,3.0,2.0,2.0,0.0,2.0,4.0,0.0,0.0,0.0,2.0,5.0,9
22500147,DAL,DET,78.8,79.6,"(""D'Angelo Russell"", 'Max Christie', 'P.J. Washington')",1.05,1,4,2,1,0,0,1,0,0,0,1,3.0,2.0,2.0,0.0,2.0,4.0,0.0,0.0,0.0,2.0,5.0,9
22500147,DAL,DET,78.8,79.6,"('Dwight Powell', 'Max Christie', 'P.J. Washington')",1.05,1,4,2,1,0,0,1,0,0,0,1,3.0,2.0,2.0,0.0,2.0,4.0,0.0,0.0,0.0,2.0,5.0,9
22500147,DAL,DET,79.2,79.6,"('Cooper Flagg', 'Daniel Gafford', 'Klay Thompson')",2.8833333333333333,1,6,9,2,4,2,3,0,0,1,0,6.0,5.0,3.0,0.0,0.0,0.0,0.0,2.0,0.0,6.0,11.0,9
22500147,DAL,DET,79.2,79.6,"('Cooper Flagg', 'Daniel Gafford', 'Max Christie')",2.8833333333333333,1,6,9,2,4,2,3,0,0,1,0,6.0,5.0,3.0,0.0,0.0,0.0,0.0,2.0,0.0,6.0,11.0,9
22500147,DAL,DET,79.2,79.6,"('Cooper Flagg', 'Daniel Gafford', 'P.J. Washington')",2.8833333333333333,1,6,9,2,4,2,3,0,0,1,0,6.0,5.0,3.0,0.0,0.0,0.0,0.0,2.0,0.0,6.0,11.0,9
22500147,DAL,DET,79.2,79.6,"('Cooper Flagg', 'Klay Thompson', 'Max Christie')",2.8833333333333333,1,6,9,2,4,2,3,0,0,1,0,6.0,5.0,3.0,0.0,0.0,0.0,0.0,2.0,0.0,6.0,11.0,9
22500147,DAL,DET,79.2,79.6,"('Cooper Flagg', 'Klay Thompson', 'P.J. Washington')",2.8833333333333333,1,6,9,2,4,2,3,0,0,1,0,6.0,5.0,3.0,0.0,0.0,0.0,0.0,2.0,0.0,6.0,11.0,9
22500147,DAL,DET,79.2,79.6,"('Cooper Flagg', 'Max Christie', 'P.J. Washington')",2.8833333333333333,1,6,9,2,4,2,3,0,0,1,0,6.0,5.0,3.0,0.0,0.0,0.0,0.0,2.0,0.0,6.0,11.0,9
22500147,DAL,DET,79.2,79.6,"('Daniel Gafford', 'Klay Thompson', 'Max Christie')",2.8833333333333333,1,6,9,2,4,2,3,0,0,1,0,6.0,5.0,3.0,0.0,0.0,0.0,0.0,2.0,0.0,6.0,11.0,9
22500147,DAL,DET,79.2,79.6,"('Daniel Gafford', 'Klay Thompson', 'P.J. Washington')",2.8833333333333333,1,6,9,2,4,2,3,0,0,1,0,6.0,5.0,3.0,0.0,0.0,0.0,0.0,2.0,0.0,6.0,11.0,9
22500147,DAL,DET,79.2,79.6,"('Daniel Gafford', 'Max Christie', 'P.J. Washington')",2.8833333333333333,1,6,9,2,4,2,3,0,0,1,0,6.0,5.0,3.0,0.0,0.0,0.0,0.0,2.0,0.0,6.0,11.0,9
22500147,DAL,DET,79.2,79.6,"('Klay Thompson', 'Max Christie', 'P.J. Washington')",2.8833333333333333,1,6,9,2,4,2,3,0,0,1,0,6.0,5.0,3.0,0.0,0.0,0.0,0.0,2.0,0.0,6.0,11.0,9
22500147,DAL,DET,78.8,79.4,"('Brandon Williams', 'Cooper Flagg', ""D'Angelo Russell"")",0.8500000000000001,1,3,2,0,1,1,0,0,0,1,0,1.0,1.0,0.0,0.0,0.0,0.0,0.0,0.0,2.0,2.0,2.0,9
22500147,DAL,DET,78.8,79.4,"('Brandon Williams', 'Cooper Flagg', 'Dwight Powell')",0.8500000000000001,1,3,2,0,1,1,0,0,0,1,0,1.0,1.0,0.0,0.0,0.0,0.0,0.0,0.0,2.0,2.0,2.0,9
22500147,DAL,DET,78.8,79.4,"('Brandon Williams', 'Cooper Flagg', 'Naji Marshall')",0.8500000000000001,1,3,2,0,1,1,0,0,0,1,0,1.0,1.0,0.0,0.0,0.0,0.0,0.0,0.0,2.0,2.0,2.0,9
22500147,DAL,DET,78.8,79.4,"('Brandon Williams', ""D'Angelo Russell"", 'Dwight Powell')",0.8500000000000001,1,3,2,0,1,1,0,0,0,1,0,1.0,1.0,0.0,0.0,0.0,0.0,0.0,0.0,2.0,2.0,2.0,9
22500147,DAL,DET,78.8,79.4,"('Brandon Williams', ""D'Angelo Russell"", 'Naji Marshall')",0.8500000000000001,1,3,2,0,1,1,0,0,0,1,0,1.0,1.0,0.0,0.0,0.0,0.0,0.0,0.0,2.0,2.0,2.0,9
22500147,DAL,DET,78.8,79.4,"('Brandon Williams', 'Dwight Powell', 'Naji Marshall')",0.8500000000000001,1,3,2,0,1,1,0,0,0,1,0,1.0,1.0,0.0,0.0,0.0,0.0,0.0,0.0,2.0,2.0,2.0,9
22500147,DAL,DET,78.8,79.4,"('Cooper Flagg', ""D'Angelo Russell"", 'Dwight Powell')",0.8500000000000001,1,3,2,0,1,1,0,0,0,1,0,1.0,1.0,0.0,0.0,0.0,0.0,0.0,0.0,2.0,2.0,2.0,9
22500147,DAL,DET,78.8,79.4,"('Cooper Flagg', ""D'Angelo Russell"", 'Naji Marshall')",0.8500000000000001,1,3,2,0,1,1,0,0,0,1,0,1.0,1.0,0.0,0.0,0.0,0.0,0.0,0.0,2.0,2.0,2.0,9
22500147,DAL,DET,78.8,79.4,"('Cooper Flagg', 'Dwight Powell', 'Naji Marshall')",0.8500000000000001,1,3,2,0,1,1,0,0,0,1,0,1.0,1.0,0.0,0.0,0.0,0.0,0.0,0.0,2.0,2.0,2.0,9
22500147,DAL,DET,78.8,79.4,"(""D'Angelo Russell"", 'Dwight Powell', 'Naji Marshall')",0.8500000000000001,1,3,2,0,1,1,0,0,0,1,0,1.0,1.0,0.0,0.0,0.0,0.0,0.0,0.0,2.0,2.0,2.0,9
22500147,DAL,DET,78.6,79.2,"('Cooper Flagg', ""D'Angelo Russell"", 'Dwight Powell')",0.3666666666666666,2,0,2,0,1,0,0,0,0,1,0,1.0,0.88,0.0,0.0,0.0,0.0,0.0,0.0,0.0,0.0,1.88,9
22500147,DAL,DET,78.6,79.2,"('Cooper Flagg', ""D'Angelo Russell"", 'Klay Thompson')",0.3666666666666666,2,0,2,0,1,0,0,0,0,1,0,1.0,0.88,0.0,0.0,0.0,0.0,0.0,0.0,0.0,0.0,1.88,9
22500147,DAL,DET,78.6,79.2,"('Cooper Flagg', ""D'Angelo Russell"", 'Naji Marshall')",0.3666666666666666,2,0,2,0,1,0,0,0,0,1,0,1.0,0.88,0.0,0.0,0.0,0.0,0.0,0.0,0.0,0.0,1.88,9
22500147,DAL,DET,78.6,79.2,"('Cooper Flagg', 'Dwight Powell', 'Klay Thompson')",0.3666666666666666,2,0,2,0,1,0,0,0,0,1,0,1.0,0.88,0.0,0.0,0.0,0.0,0.0,0.0,0.0,0.0,1.88,9
22500147,DAL,DET,78.6,79.2,"('Cooper Flagg', 'Dwight Powell', 'Naji Marshall')",0.3666666666666666,2,0,2,0,1,0,0,0,0,1,0,1.0,0.88,0.0,0.0,0.0,0.0,0.0,0.0,0.0,0.0,1.88,9
22500147,DAL,DET,78.6,79.2,"('Cooper Flagg', 'Klay Thompson', 'Naji Marshall')",0.3666666666666666,2,0,2,0,1,0,0,0,0,1,0,1.0,0.88,0.0,0.0,0.0,0.0,0.0,0.0,0.0,0.0,1.88,9
22500147,DAL,DET,78.6,79.2,"(""D'Angelo Russell"", 'Dwight Powell', 'Klay Thompson')",0.3666666666666666,2,0,2,0,1,0,0,0,0,1,0,1.0,0.88,0.0,0.0,0.0,0.0,0.0,0.0,0.0,0.0,1.88,9
22500147,DAL,DET,78.6,79.2,"(""D'Angelo Russell"", 'Dwight Powell', 'Naji Marshall')",0.3666666666666666,2,0,2,0,1,0,0,0,0,1,0,1.0,0.88,0.0,0.0,0.0,0.0,0.0,0.0,0.0,0.0,1.88,9
22500147,DAL,DET,78.6,79.2,"(""D'Angelo Russell"", 'Klay Thompson', 'Naji Marshall')",0.3666666666666666,2,0,2,0,1,0,0,0,0,1,0,1.0,0.88,0.0,0.0,0.0,0.0,0.0,0.0,0.0,0.0,1.88,9
22500147,DAL,DET,78.6,79.2,"('Dwight Powell', 'Klay Thompson', 'Naji Marshall')",0.3666666666666666,2,0,2,0,1,0,0,0,0,1,0,1.0,0.88,0.0,0.0,0.0,0.0,0.0,0.0,0.0,0.0,1.88,9
22500147,DAL,DET,79.2,79.8,"('Brandon Williams', 'Cooper Flagg', 'Dwight Powell')",1.3833333333333333,2,0,4,2,3,0,1,2,1,1,0,4.0,3.88,0.0,0.0,0.0,0.0,2.0,0.0,0.0,2.0,7.88,9
22500147,DAL,DET,79.2,79.8,"('Brandon Williams', 'Cooper Flagg', 'Klay Thompson')",1.3833333333333333,2,0,4,2,3,0,1,2,1,1,0,4.0,3.88,0.0,0.0,0.0,0.0,2.0,0.0,0.0,2.0,7.88,9
22500147,DAL,DET,79.2,79.8,"('Brandon Williams', 'Cooper Flagg', 'Naji Marshall')",1.3833333333333333,2,0,4,2,3,0,1,2,1,1,0,4.0,3.88,0.0,0.0,0.0,0.0,2.0,0.0,0.0,2.0,7.88,9
22500147,DAL,DET,79.2,79.8,"('Brandon Williams', 'Dwight Powell', 'Klay Thompson')",1.3833333333333333,2,0,4,2,3,0,1,2,1,1,0,4.0,3.88,0.0,0.0,0.0,0.0,2.0,0.0,0.0,2.0,7.88,9
22500147,DAL,DET,79.2,79.8,"('Brandon Williams', 'Dwight Powell', 'Naji Marshall')",1.3833333333333333,2,0,4,2,3,0,1,2,1,1,0,4.0,3.88,0.0,0.0,0.0,0.0,2.0,0.0,0.0,2.0,7.88,9
22500147,DAL,DET,79.2,79.8,"('Brandon Williams', 'Klay Thompson', 'Naji Marshall')",1.3833333333333333,2,0,4,2,3,0,1,2,1,1,0,4.0,3.88,0.0,0.0,0.0,0.0,2.0,0.0,0.0,2.0,7.88,9
22500147,DAL,DET,79.2,79.8,"('Cooper Flagg', 'Dwight Powell', 'Klay Thompson')",1.3833333333333333,2,0,4,2,3,0,1,2,1,1,0,4.0,3.88,0.0,0.0,0.0,0.0,2.0,0.0,0.0,2.0,7.88,9
22500147,DAL,DET,79.2,79.8,"('Cooper Flagg', 'Dwight Powell', 'Naji Marshall')",1.3833333333333333,2,0,4,2,3,0,1,2,1,1,0,4.0,3.88,0.0,0.0,0.0,0.0,2.0,0.0,0.0,2.0,7.88,9
22500147,DAL,DET,79.2,79.8,"('Cooper Flagg', 'Klay Thompson', 'Naji Marshall')",1.3833333333333333,2,0,4,2,3,0,1,2,1,1,0,4.0,3.88,0.0,0.0,0.0,0.0,2.0,0.0,0.0,2.0,7.88,9
22500147,DAL,DET,79.2,79.8,"('Dwight Powell', 'Klay Thompson', 'Naji Marshall')",1.3833333333333333,2,0,4,2,3,0,1,2,1,1,0,4.0,3.88,0.0,0.0,0.0,0.0,2.0,0.0,0.0,2.0,7.88,9
22500147,DAL,DET,79.4,79.6,"('Brandon Williams', 'Cooper Flagg', 'Daniel Gafford')",0.4333333333333333,2,0,3,1,1,0,1,0,0,0,0,1.0,2.0,0.0,0.0,0.0,0.0,0.0,0.0,0.0,0.0,3.0,9
22500147,DAL,DET,79.4,79.6,"('Brandon Williams', 'Cooper Flagg', 'Max Christie')",0.4333333333333333,2,0,3,1,1,0,1,0,0,0,0,1.0,2.0,0.0,0.0,0.0,0.0,0.0,0.0,0.0,0.0,3.0,9
22500147,DAL,DET,79.4,79.6,"('Brandon Williams', 'Cooper Flagg', 'P.J. Washington')",0.4333333333333333,2,0,3,1,1,0,1,0,0,0,0,1.0,2.0,0.0,0.0,0.0,0.0,0.0,0.0,0.0,0.0,3.0,9
22500147,DAL,DET,79.4,79.6,"('Brandon Williams', 'Daniel Gafford', 'Max Christie')",0.4333333333333333,2,0,3,1,1,0,1,0,0,0,0,1.0,2.0,0.0,0.0,0.0,0.0,0.0,0.0,0.0,0.0,3.0,9
22500147,DAL,DET,79.4,79.6,"('Brandon Williams', 'Daniel Gafford', 'P.J. Washington')",0.4333333333333333,2,0,3,1,1,0,1,0,0,0,0,1.0,2.0,0.0,0.0,0.0,0.0,0.0,0.0,0.0,0.0,3.0,9
22500147,DAL,DET,79.4,79.6,"('Brandon Williams', 'Max Christie', 'P.J. Washington')",0.4333333333333333,2,0,3,1,1,0,1,0,0,0,0,1.0,2.0,0.0,0.0,0.0,0.0,0.0,0.0,0.0,0.0,3.0,9
22500147,DAL,DET,79.4,79.6,"('Cooper Flagg', 'Daniel Gafford', 'Max Christie')",0.4333333333333333,2,0,3,1,1,0,1,0,0,0,0,1.0,2.0,0.0,0.0,0.0,0.0,0.0,0.0,0.0,0.0,3.0,9
22500147,DAL,DET,79.4,79.6,"('Cooper Flagg', 'Daniel Gafford', 'P.J. Washington')",0.4333333333333333,2,0,3,1,1,0,1,0,0,0,0,1.0,2.0,0.0,0.0,0.0,0.0,0.0,0.0,0.0,0.0,3.0,9
22500147,DAL,DET,79.4,79.6,"('Cooper Flagg', 'Max Christie', 'P.J. Washington')",0.4333333333333333,2,0,3,1,1,0,1,0,0,0,0,1.0,2.0,0.0,0.0,0.0,0.0,0.0,0.0,0.0,0.0,3.0,9
22500147,DAL,DET,79.4,79.6,"('Daniel Gafford', 'Max Christie', 'P.J. Washington')",0.4333333333333333,2,0,3,1,1,0,1,0,0,0,0,1.0,2.0,0.0,0.0,0.0,0.0,0.0,0.0,0.0,0.0,3.0,9
22500147,DAL,DET,79.4,78.8,"('Brandon Williams', 'Cooper Flagg', 'Dwight Powell')",2.995,2,16,3,4,1,3,1,0,2,0,3,7.32,7.0,3.0,6.0,0.0,2.0,0.0,0.0,0.0,0.0,14.32,9
22500147,DAL,DET,79.4,78.8,"('Brandon Williams', 'Cooper Flagg', 'Max Christie')",2.995,2,16,3,4,1,3,1,0,2,0,3,7.32,7.0,3.0,6.0,0.0,2.0,0.0,0.0,0.0,0.0,14.32,9
22500147,DAL,DET,79.4,78.8,"('Brandon Williams', 'Cooper Flagg', 'P.J. Washington')",2.995,2,16,3,4,1,3,1,0,2,0,3,7.32,7.0,3.0,6.0,0.0,2.0,0.0,0.0,0.0,0.0,14.32,9
22500147,DAL,DET,79.4,78.8,"('Brandon Williams', 'Dwight Powell', 'Max Christie')",2.995,2,16,3,4,1,3,1,0,2,0,3,7.32,7.0,3.0,6.0,0.0,2.0,0.0,0.0,0.0,0.0,14.32,9
22500147,DAL,DET,79.4,78.8,"('Brandon Williams', 'Dwight Powell', 'P.J. Washington')",2.995,2,16,3,4,1,3,1,0,2,0,3,7.32,7.0,3.0,6.0,0.0,2.0,0.0,0.0,0.0,0.0,14.32,9
22500147,DAL,DET,79.4,78.8,"('Brandon Williams', 'Max Christie', 'P.J. Washington')",2.995,2,16,3,4,1,3,1,0,2,0,3,7.32,7.0,3.0,6.0,0.0,2.0,0.0,0.0,0.0,0.0,14.32,9
22500147,DAL,DET,79.4,78.8,"('Cooper Flagg', 'Dwight Powell', 'Max Christie')",2.995,2,16,3,4,1,3,1,0,2,0,3,7.32,7.0,3.0,6.0,0.0,2.0,0.0,0.0,0.0,0.0,14.32,9
22500147,DAL,DET,79.4,78.8,"('Cooper Flagg', 'Dwight Powell', 'P.J. Washington')",2.995,2,16,3,4,1,3,1,0,2,0,3,7.32,7.0,3.0,6.0,0.0,2.0,0.0,0.0,0.0,0.0,14.32,9
22500147,DAL,DET,79.4,78.8,"('Cooper Flagg', 'Max Christie', 'P.J. Washington')",2.995,2,16,3,4,1,3,1,0,2,0,3,7.32,7.0,3.0,6.0,0.0,2.0,0.0,0.0,0.0,0.0,14.32,9
22500147,DAL,DET,79.4,78.8,"('Dwight Powell', 'Max Christie', 'P.J. Washington')",2.995,2,16,3,4,1,3,1,0,2,0,3,7.32,7.0,3.0,6.0,0.0,2.0,0.0,0.0,0.0,0.0,14.32,9
22500147,DAL,DET,78.0,79.6,"('Brandon Williams', ""D'Angelo Russell"", 'Daniel Gafford')",1.2666666666666668,4,2,5,2,1,0,1,2,0,1,1,2.88,4.44,0.0,0.0,0.0,0.0,4.0,2.0,2.0,4.0,7.319999999999999,9
22500147,DAL,DET,78.0,79.6,"('Brandon Williams', ""D'Angelo Russell"", 'Max Christie')",1.2666666666666668,4,2,5,2,1,0,1,2,0,1,1,2.88,4.44,0.0,0.0,0.0,0.0,4.0,2.0,2.0,4.0,7.319999999999999,9
22500147,DAL,DET,78.0,79.6,"('Brandon Williams', ""D'Angelo Russell"", 'Naji Marshall')",1.2666666666666668,4,2,5,2,1,0,1,2,0,1,1,2.88,4.44,0.0,0.0,0.0,0.0,4.0,2.0,2.0,4.0,7.319999999999999,9
22500147,DAL,DET,78.0,79.6,"('Brandon Williams', 'Daniel Gafford', 'Max Christie')",1.2666666666666668,4,2,5,2,1,0,1,2,0,1,1,2.88,4.44,0.0,0.0,0.0,0.0,4.0,2.0,2.0,4.0,7.319999999999999,9
22500147,DAL,DET,78.0,79.6,"('Brandon Williams', 'Daniel Gafford', 'Naji Marshall')",1.2666666666666668,4,2,5,2,1,0,1,2,0,1,1,2.88,4.44,0.0,0.0,0.0,0.0,4.0,2.0,2.0,4.0,7.319999999999999,9
22500147,DAL,DET,78.0,79.6,"('Brandon Williams', 'Max Christie', 'Naji Marshall')",1.2666666666666668,4,2,5,2,1,0,1,2,0,1,1,2.88,4.44,0.0,0.0,0.0,0.0,4.0,2.0,2.0,4.0,7.319999999999999,9
22500147,DAL,DET,78.0,79.6,"(""D'Angelo Russell"", 'Daniel Gafford', 'Max Christie')",1.2666666666666668,4,2,5,2,1,0,1,2,0,1,1,2.88,4.44,0.0,0.0,0.0,0.0,4.0,2.0,2.0,4.0,7.319999999999999,9
22500147,DAL,DET,78.0,79.6,"(""D'Angelo Russell"", 'Daniel Gafford', 'Naji Marshall')",1.2666666666666668,4,2,5,2,1,0,1,2,0,1,1,2.88,4.44,0.0,0.0,0.0,0.0,4.0,2.0,2.0,4.0,7.319999999999999,9
22500147,DAL,DET,78.0,79.6,"(""D'Angelo Russell"", 'Max Christie', 'Naji Marshall')",1.2666666666666668,4,2,5,2,1,0,1,2,0,1,1,2.88,4.44,0.0,0.0,0.0,0.0,4.0,2.0,2.0,4.0,7.319999999999999,9
22500147,DAL,DET,78.0,79.6,"('Daniel Gafford', 'Max Christie', 'Naji Marshall')",1.2666666666666668,4,2,5,2,1,0,1,2,0,1,1,2.88,4.44,0.0,0.0,0.0,0.0,4.0,2.0,2.0,4.0,7.319999999999999,9
22500147,DAL,DET,78.2,79.6,"(""D'Angelo Russell"", 'Daniel Gafford', 'Max Christie')",1.0,4,2,0,1,1,1,0,1,0,0,0,2.0,1.0,0.0,0.0,0.0,2.0,0.0,0.0,0.0,0.0,3.0,9
22500147,DAL,DET,78.2,79.6,"(""D'Angelo Russell"", 'Daniel Gafford', 'Naji Marshall')",1.0,4,2,0,1,1,1,0,1,0,0,0,2.0,1.0,0.0,0.0,0.0,2.0,0.0,0.0,0.0,0.0,3.0,9
22500147,DAL,DET,78.2,79.6,"(""D'Angelo Russell"", 'Daniel Gafford', 'P.J. Washington')",1.0,4,2,0,1,1,1,0,1,0,0,0,2.0,1.0,0.0,0.0,0.0,2.0,0.0,0.0,0.0,0.0,3.0,9
22500147,DAL,DET,78.2,79.6,"(""D'Angelo Russell"", 'Max Christie', 'Naji Marshall')",1.0,4,2,0,1,1,1,0,1,0,0,0,2.0,1.0,0.0,0.0,0.0,2.0,0.0,0.0,0.0,0.0,3.0,9
22500147,DAL,DET,78.2,79.6,"(""D'Angelo Russell"", 'Max Christie', 'P.J. Washington')",1.0,4,2,0,1,1,1,0,1,0,0,0,2.0,1.0,0.0,0.0,0.0,2.0,0.0,0.0,0.0,0.0,3.0,9
22500147,DAL,DET,78.2,79.6,"(""D'Angelo Russell"", 'Naji Marshall', 'P.J. Washington')",1.0,4,2,0,1,1,1,0,1,0,0,0,2.0,1.0,0.0,0.0,0.0,2.0,0.0,0.0,0.0,0.0,3.0,9
22500147,DAL,DET,78.2,79.6,"('Daniel Gafford', 'Max Christie', 'Naji Marshall')",1.0,4,2,0,1,1,1,0,1,0,0,0,2.0,1.0,0.0,0.0,0.0,2.0,0.0,0.0,0.0,0.0,3.0,9
22500147,DAL,DET,78.2,79.6,"('Daniel Gafford', 'Max Christie', 'P.J. Washington')",1.0,4,2,0,1,1,1,0,1,0,0,0,2.0,1.0,0.0,0.0,0.0,2.0,0.0,0.0,0.0,0.0,3.0,9
22500147,DAL,DET,78.2,79.6,"('Daniel Gafford', 'Naji Marshall', 'P.J. Washington')",1.0,4,2,0,1,1,1,0,1,0,0,0,2.0,1.0,0.0,0.0,0.0,2.0,0.0,0.0,0.0,0.0,3.0,9
22500147,DAL,DET,78.2,79.6,"('Max Christie', 'Naji Marshall', 'P.J. Washington')",1.0,4,2,0,1,1,1,0,1,0,0,0,2.0,1.0,0.0,0.0,0.0,2.0,0.0,0.0,0.0,0.0,3.0,9
22500147,DAL,DET,77.2,78.6,"('Caleb Martin', ""D'Angelo Russell"", 'Max Christie')",1.0333333333333334,4,0,4,1,2,0,1,1,0,1,0,3.0,2.44,0.0,0.0,0.0,0.0,0.0,3.0,0.0,0.0,5.44,9
22500147,DAL,DET,77.2,78.6,"('Caleb Martin', ""D'Angelo Russell"", 'Naji Marshall')",1.0333333333333334,4,0,4,1,2,0,1,1,0,1,0,3.0,2.44,0.0,0.0,0.0,0.0,0.0,3.0,0.0,0.0,5.44,9
22500147,DAL,DET,77.2,78.6,"('Caleb Martin', ""D'Angelo Russell"", 'P.J. Washington')",1.0333333333333334,4,0,4,1,2,0,1,1,0,1,0,3.0,2.44,0.0,0.0,0.0,0.0,0.0,3.0,0.0,0.0,5.44,9
22500147,DAL,DET,77.2,78.6,"('Caleb Martin', 'Max Christie', 'Naji Marshall')",1.0333333333333334,4,0,4,1,2,0,1,1,0,1,0,3.0,2.44,0.0,0.0,0.0,0.0,0.0,3.0,0.0,0.0,5.44,9
22500147,DAL,DET,77.2,78.6,"('Caleb Martin', 'Max Christie', 'P.J. Washington')",1.0333333333333334,4,0,4,1,2,0,1,1,0,1,0,3.0,2.44,0.0,0.0,0.0,0.0,0.0,3.0,0.0,0.0,5.44,9
22500147,DAL,DET,77.2,78.6,"('Caleb Martin', 'Naji Marshall', 'P.J. Washington')",1.0333333333333334,4,0,4,1,2,0,1,1,0,1,0,3.0,2.44,0.0,0.0,0.0,0.0,0.0,3.0,0.0,0.0,5.44,9
22500147,DAL,DET,77.2,78.6,"(""D'Angelo Russell"", 'Max Christie', 'Naji Marshall')",1.0333333333333334,4,0,4,1,2,0,1,1,0,1,0,3.0,2.44,0.0,0.0,0.0,0.0,0.0,3.0,0.0,0.0,5.44,9
22500147,DAL,DET,77.2,78.6,"(""D'Angelo Russell"", 'Max Christie', 'P.J. Washington')",1.0333333333333334,4,0,4,1,2,0,1,1,0,1,0,3.0,2.44,0.0,0.0,0.0,0.0,0.0,3.0,0.0,0.0,5.44,9
22500147,DAL,DET,77.2,78.6,"(""D'Angelo Russell"", 'Naji Marshall', 'P.J. Washington')",1.0333333333333334,4,0,4,1,2,0,1,1,0,1,0,3.0,2.44,0.0,0.0,0.0,0.0,0.0,3.0,0.0,0.0,5.44,9
22500147,DAL,DET,77.2,78.6,"('Max Christie', 'Naji Marshall', 'P.J. Washington')",1.0333333333333334,4,0,4,1,2,0,1,1,0,1,0,3.0,2.44,0.0,0.0,0.0,0.0,0.0,3.0,0.0,0.0,5.44,9
22500147,DAL,DET,78.0,79.2,"('Cooper Flagg', ""D'Angelo Russell"", 'Max Christie')",1.85,4,3,7,0,3,0,2,0,0,1,2,3.3200000000000003,3.44,0.0,0.0,0.0,0.0,0.0,0.0,0.0,6.0,6.76,9
22500147,DAL,DET,78.0,79.2,"('Cooper Flagg', ""D'Angelo Russell"", 'Naji Marshall')",1.85,4,3,7,0,3,0,2,0,0,1,2,3.3200000000000003,3.44,0.0,0.0,0.0,0.0,0.0,0.0,0.0,6.0,6.76,9
22500147,DAL,DET,78.0,79.2,"('Cooper Flagg', ""D'Angelo Russell"", 'P.J. Washington')",1.85,4,3,7,0,3,0,2,0,0,1,2,3.3200000000000003,3.44,0.0,0.0,0.0,0.0,0.0,0.0,0.0,6.0,6.76,9
22500147,DAL,DET,78.0,79.2,"('Cooper Flagg', 'Max Christie', 'Naji Marshall')",1.85,4,3,7,0,3,0,2,0,0,1,2,3.3200000000000003,3.44,0.0,0.0,0.0,0.0,0.0,0.0,0.0,6.0,6.76,9
22500147,DAL,DET,78.0,79.2,"('Cooper Flagg', 'Max Christie', 'P.J. Washington')",1.85,4,3,7,0,3,0,2,0,0,1,2,3.3200000000000003,3.44,0.0,0.0,0.0,0.0,0.0,0.0,0.0,6.0,6.76,9
22500147,DAL,DET,78.0,79.2,"('Cooper Flagg', 'Naji Marshall', 'P.J. Washington')",1.85,4,3,7,0,3,0,2,0,0,1,2,3.3200000000000003,3.44,0.0,0.0,0.0,0.0,0.0,0.0,0.0,6.0,6.76,9
22500147,DAL,DET,78.0,79.2,"(""D'Angelo Russell"", 'Max Christie', 'Naji Marshall')",1.85,4,3,7,0,3,0,2,0,0,1,2,3.3200000000000003,3.44,0.0,0.0,0.0,0.0,0.0,0.0,0.0,6.0,6.76,9
22500147,DAL,DET,78.0,79.2,"(""D'Angelo Russell"", 'Max Christie', 'P.J. Washington')",1.85,4,3,7,0,3,0,2,0,0,1,2,3.3200000000000003,3.44,0.0,0.0,0.0,0.0,0.0,0.0,0.0,6.0,6.76,9
22500147,DAL,DET,78.0,79.2,"(""D'Angelo Russell"", 'Naji Marshall', 'P.J. Washington')",1.85,4,3,7,0,3,0,2,0,0,1,2,3.3200000000000003,3.44,0.0,0.0,0.0,0.0,0.0,0.0,0.0,6.0,6.76,9
22500147,DAL,DET,78.0,79.2,"('Max Christie', 'Naji Marshall', 'P.J. Washington')",1.85,4,3,7,0,3,0,2,0,0,1,2,3.3200000000000003,3.44,0.0,0.0,0.0,0.0,0.0,0.0,0.0,6.0,6.76,9
22500147,DAL,DET,79.2,79.6,"('Cooper Flagg', 'Daniel Gafford', 'Klay Thompson')",2.633333333333333,3,10,7,3,2,2,2,0,1,1,2,5.32,6.0,0.0,2.0,2.0,4.0,0.0,0.0,0.0,4.0,11.32,9
22500147,DAL,DET,79.2,79.6,"('Cooper Flagg', 'Daniel Gafford', 'Max Christie')",2.633333333333333,3,10,7,3,2,2,2,0,1,1,2,5.32,6.0,0.0,2.0,2.0,4.0,0.0,0.0,0.0,4.0,11.32,9
22500147,DAL,DET,79.2,79.6,"('Cooper Flagg', 'Daniel Gafford', 'P.J. Washington')",2.633333333333333,3,10,7,3,2,2,2,0,1,1,2,5.32,6.0,0.0,2.0,2.0,4.0,0.0,0.0,0.0,4.0,11.32,9
22500147,DAL,DET,79.2,79.6,"('Cooper Flagg', 'Klay Thompson', 'Max Christie')",2.633333333333333,3,10,7,3,2,2,2,0,1,1,2,5.32,6.0,0.0,2.0,2.0,4.0,0.0,0.0,0.0,4.0,11.32,9
22500147,DAL,DET,79.2,79.6,"('Cooper Flagg', 'Klay Thompson', 'P.J. Washington')",2.633333333333333,3,10,7,3,2,2,2,0,1,1,2,5.32,6.0,0.0,2.0,2.0,4.0,0.0,0.0,0.0,4.0,11.32,9
22500147,DAL,DET,79.2,79.6,"('Cooper Flagg', 'Max Christie', 'P.J. Washington')",2.633333333333333,3,10,7,3,2,2,2,0,1,1,2,5.32,6.0,0.0,2.0,2.0,4.0,0.0,0.0,0.0,4.0,11.32,9
22500147,DAL,DET,79.2,79.6,"('Daniel Gafford', 'Klay Thompson', 'Max Christie')",2.633333333333333,3,10,7,3,2,2,2,0,1,1,2,5.32,6.0,0.0,2.0,2.0,4.0,0.0,0.0,0.0,4.0,11.32,9
22500147,DAL,DET,79.2,79.6,"('Daniel Gafford', 'Klay Thompson', 'P.J. Washington')",2.633333333333333,3,10,7,3,2,2,2,0,1,1,2,5.32,6.0,0.0,2.0,2.0,4.0,0.0,0.0,0.0,4.0,11.32,9
22500147,DAL,DET,79.2,79.6,"('Daniel Gafford', 'Max Christie', 'P.J. Washington')",2.633333333333333,3,10,7,3,2,2,2,0,1,1,2,5.32,6.0,0.0,2.0,2.0,4.0,0.0,0.0,0.0,4.0,11.32,9
22500147,DAL,DET,79.2,79.6,"('Klay Thompson', 'Max Christie', 'P.J. Washington')",2.633333333333333,3,10,7,3,2,2,2,0,1,1,2,5.32,6.0,0.0,2.0,2.0,4.0,0.0,0.0,0.0,4.0,11.32,9
22500147,DAL,DET,78.2,79.6,"(""D'Angelo Russell"", 'Dwight Powell', 'Max Christie')",3.533333333333333,3,6,7,2,1,1,3,1,0,1,1,6.88,6.44,0.0,0.0,0.0,0.0,2.0,2.0,0.0,6.0,13.32,9
22500147,DAL,DET,78.2,79.6,"(""D'Angelo Russell"", 'Dwight Powell', 'Naji Marshall')",3.533333333333333,3,6,7,2,1,1,3,1,0,1,1,6.88,6.44,0.0,0.0,0.0,0.0,2.0,2.0,0.0,6.0,13.32,9
22500147,DAL,DET,78.2,79.6,"(""D'Angelo Russell"", 'Dwight Powell', 'P.J. Washington')",3.533333333333333,3,6,7,2,1,1,3,1,0,1,1,6.88,6.44,0.0,0.0,0.0,0.0,2.0,2.0,0.0,6.0,13.32,9
22500147,DAL,DET,78.2,79.6,"(""D'Angelo Russell"", 'Max Christie', 'Naji Marshall')",3.533333333333333,3,6,7,2,1,1,3,1,0,1,1,6.88,6.44,0.0,0.0,0.0,0.0,2.0,2.0,0.0,6.0,13.32,9
22500147,DAL,DET,78.2,79.6,"(""D'Angelo Russell"", 'Max Christie', 'P.J. Washington')",3.533333333333333,3,6,7,2,1,1,3,1,0,1,1,6.88,6.44,0.0,0.0,0.0,0.0,2.0,2.0,0.0,6.0,13.32,9
22500147,DAL,DET,78.2,79.6,"(""D'Angelo Russell"", 'Naji Marshall', 'P.J. Washington')",3.533333333333333,3,6,7,2,1,1,3,1,0,1,1,6.88,6.44,0.0,0.0,0.0,0.0,2.0,2.0,0.0,6.0,13.32,9
22500147,DAL,DET,78.2,79.6,"('Dwight Powell', 'Max Christie', 'Naji Marshall')",3.533333333333333,3,6,7,2,1,1,3,1,0,1,1,6.88,6.44,0.0,0.0,0.0,0.0,2.0,2.0,0.0,6.0,13.32,9
22500147,DAL,DET,78.2,79.6,"('Dwight Powell', 'Max Christie', 'P.J. Washington')",3.533333333333333,3,6,7,2,1,1,3,1,0,1,1,6.88,6.44,0.0,0.0,0.0,0.0,2.0,2.0,0.0,6.0,13.32,9
22500147,DAL,DET,78.2,79.6,"('Dwight Powell', 'Naji Marshall', 'P.J. Washington')",3.533333333333333,3,6,7,2,1,1,3,1,0,1,1,6.88,6.44,0.0,0.0,0.0,0.0,2.0,2.0,0.0,6.0,13.32,9
22500147,DAL,DET,78.2,79.6,"('Max Christie', 'Naji Marshall', 'P.J. Washington')",3.533333333333333,3,6,7,2,1,1,3,1,0,1,1,6.88,6.44,0.0,0.0,0.0,0.0,2.0,2.0,0.0,6.0,13.32,9
22500147,DAL,DET,78.6,79.6,"('Brandon Williams', 'Caleb Martin', 'Cooper Flagg')",1.7816666666666665,3,7,2,1,1,2,0,0,1,0,2,3.88,3.0,0.0,0.0,0.0,0.0,0.0,0.0,2.0,2.0,6.88,9
22500147,DAL,DET,78.6,79.6,"('Brandon Williams', 'Caleb Martin', ""D'Angelo Russell"")",1.7816666666666665,3,7,2,1,1,2,0,0,1,0,2,3.88,3.0,0.0,0.0,0.0,0.0,0.0,0.0,2.0,2.0,6.88,9
22500147,DAL,DET,78.6,79.6,"('Brandon Williams', 'Caleb Martin', 'Daniel Gafford')",1.7816666666666665,3,7,2,1,1,2,0,0,1,0,2,3.88,3.0,0.0,0.0,0.0,0.0,0.0,0.0,2.0,2.0,6.88,9
22500147,DAL,DET,78.6,79.6,"('Brandon Williams', 'Cooper Flagg', ""D'Angelo Russell"")",1.7816666666666665,3,7,2,1,1,2,0,0,1,0,2,3.88,3.0,0.0,0.0,0.0,0.0,0.0,0.0,2.0,2.0,6.88,9
22500147,DAL,DET,78.6,79.6,"('Brandon Williams', 'Cooper Flagg', 'Daniel Gafford')",1.7816666666666665,3,7,2,1,1,2,0,0,1,0,2,3.88,3.0,0.0,0.0,0.0,0.0,0.0,0.0,2.0,2.0,6.88,9
22500147,DAL,DET,78.6,79.6,"('Brandon Williams', ""D'Angelo Russell"", 'Daniel Gafford')",1.7816666666666665,3,7,2,1,1,2,0,0,1,0,2,3.88,3.0,0.0,0.0,0.0,0.0,0.0,0.0,2.0,2.0,6.88,9
22500147,DAL,DET,78.6,79.6,"('Caleb Martin', 'Cooper Flagg', ""D'Angelo Russell"")",1.7816666666666665,3,7,2,1,1,2,0,0,1,0,2,3.88,3.0,0.0,0.0,0.0,0.0,0.0,0.0,2.0,2.0,6.88,9
22500147,DAL,DET,78.6,79.6,"('Caleb Martin', 'Cooper Flagg', 'Daniel Gafford')",1.7816666666666665,3,7,2,1,1,2,0,0,1,0,2,3.88,3.0,0.0,0.0,0.0,0.0,0.0,0.0,2.0,2.0,6.88,9
22500147,DAL,DET,78.6,79.6,"('Caleb Martin', ""D'Angelo Russell"", 'Daniel Gafford')",1.7816666666666665,3,7,2,1,1,2,0,0,1,0,2,3.88,3.0,0.0,0.0,0.0,0.0,0.0,0.0,2.0,2.0,6.88,9
22500147,DAL,DET,78.6,79.6,"('Cooper Flagg', ""D'Angelo Russell"", 'Daniel Gafford')",1.7816666666666665,3,7,2,1,1,2,0,0,1,0,2,3.88,3.0,0.0,0.0,0.0,0.0,0.0,0.0,2.0,2.0,6.88,9
22500147,DAL,DET,78.4,77.8,"('Caleb Martin', 'Cooper Flagg', 'Max Christie')",0.3666666666666667,2,1,2,0,0,0,0,0,0,0,0,1.44,1.0,0.0,0.0,0.0,0.0,0.0,0.0,0.0,2.0,2.44,9
22500147,DAL,DET,78.4,77.8,"('Caleb Martin', 'Cooper Flagg', 'Naji Marshall')",0.3666666666666667,2,1,2,0,0,0,0,0,0,0,0,1.44,1.0,0.0,0.0,0.0,0.0,0.0,0.0,0.0,2.0,2.44,9
22500147,DAL,DET,78.4,77.8,"('Caleb Martin', 'Cooper Flagg', 'P.J. Washington')",0.3666666666666667,2,1,2,0,0,0,0,0,0,0,0,1.44,1.0,0.0,0.0,0.0,0.0,0.0,0.0,0.0,2.0,2.44,9
22500147,DAL,DET,78.4,77.8,"('Caleb Martin', 'Max Christie', 'Naji Marshall')",0.3666666666666667,2,1,2,0,0,0,0,0,0,0,0,1.44,1.0,0.0,0.0,0.0,0.0,0.0,0.0,0.0,2.0,2.44,9
22500147,DAL,DET,78.4,77.8,"('Caleb Martin', 'Max Christie', 'P.J. Washington')",0.3666666666666667,2,1,2,0,0,0,0,0,0,0,0,1.44,1.0,0.0,0.0,0.0,0.0,0.0,0.0,0.0,2.0,2.44,9
22500147,DAL,DET,78.4,77.8,"('Caleb Martin', 'Naji Marshall', 'P.J. Washington')",0.3666666666666667,2,1,2,0,0,0,0,0,0,0,0,1.44,1.0,0.0,0.0,0.0,0.0,0.0,0.0,0.0,2.0,2.44,9
22500147,DAL,DET,78.4,77.8,"('Cooper Flagg', 'Max Christie', 'Naji Marshall')",0.3666666666666667,2,1,2,0,0,0,0,0,0,0,0,1.44,1.0,0.0,0.0,0.0,0.0,0.0,0.0,0.0,2.0,2.44,9
22500147,DAL,DET,78.4,77.8,"('Cooper Flagg', 'Max Christie', 'P.J. Washington')",0.3666666666666667,2,1,2,0,0,0,0,0,0,0,0,1.44,1.0,0.0,0.0,0.0,0.0,0.0,0.0,0.0,2.0,2.44,9
22500147,DAL,DET,78.4,77.8,"('Cooper Flagg', 'Naji Marshall', 'P.J. Washington')",0.3666666666666667,2,1,2,0,0,0,0,0,0,0,0,1.44,1.0,0.0,0.0,0.0,0.0,0.0,0.0,0.0,2.0,2.44,9
22500147,DAL,DET,78.4,77.8,"('Max Christie', 'Naji Marshall', 'P.J. Washington')",0.3666666666666667,2,1,2,0,0,0,0,0,0,0,0,1.44,1.0,0.0,0.0,0.0,0.0,0.0,0.0,0.0,2.0,2.44,9
22500147,DAL,DET,79.2,79.6,"('Cooper Flagg', 'Dwight Powell', 'Klay Thompson')",0.6499999999999999,3,0,2,1,2,0,1,0,0,1,0,2.0,3.0,0.0,0.0,0.0,0.0,0.0,2.0,0.0,2.0,5.0,9
22500147,DAL,DET,79.2,79.6,"('Cooper Flagg', 'Dwight Powell', 'Max Christie')",0.6499999999999999,3,0,2,1,2,0,1,0,0,1,0,2.0,3.0,0.0,0.0,0.0,0.0,0.0,2.0,0.0,2.0,5.0,9
22500147,DAL,DET,79.2,79.6,"('Cooper Flagg', 'Dwight Powell', 'P.J. Washington')",0.6499999999999999,3,0,2,1,2,0,1,0,0,1,0,2.0,3.0,0.0,0.0,0.0,0.0,0.0,2.0,0.0,2.0,5.0,9
22500147,DAL,DET,79.2,79.6,"('Cooper Flagg', 'Klay Thompson', 'Max Christie')",0.6499999999999999,3,0,2,1,2,0,1,0,0,1,0,2.0,3.0,0.0,0.0,0.0,0.0,0.0,2.0,0.0,2.0,5.0,9
22500147,DAL,DET,79.2,79.6,"('Cooper Flagg', 'Klay Thompson', 'P.J. Washington')",0.6499999999999999,3,0,2,1,2,0,1,0,0,1,0,2.0,3.0,0.0,0.0,0.0,0.0,0.0,2.0,0.0,2.0,5.0,9
22500147,DAL,DET,79.2,79.6,"('Cooper Flagg', 'Max Christie', 'P.J. Washington')",0.6499999999999999,3,0,2,1,2,0,1,0,0,1,0,2.0,3.0,0.0,0.0,0.0,0.0,0.0,2.0,0.0,2.0,5.0,9
22500147,DAL,DET,79.2,79.6,"('Dwight Powell', 'Klay Thompson', 'Max Christie')",0.6499999999999999,3,0,2,1,2,0,1,0,0,1,0,2.0,3.0,0.0,0.0,0.0,0.0,0.0,2.0,0.0,2.0,5.0,9
22500147,DAL,DET,79.2,79.6,"('Dwight Powell', 'Klay Thompson', 'P.J. Washington')",0.6499999999999999,3,0,2,1,2,0,1,0,0,1,0,2.0,3.0,0.0,0.0,0.0,0.0,0.0,2.0,0.0,2.0,5.0,9
22500147,DAL,DET,79.2,79.6,"('Dwight Powell', 'Max Christie', 'P.J. Washington')",0.6499999999999999,3,0,2,1,2,0,1,0,0,1,0,2.0,3.0,0.0,0.0,0.0,0.0,0.0,2.0,0.0,2.0,5.0,9
22500147,DAL,DET,79.2,79.6,"('Klay Thompson', 'Max Christie', 'P.J. Washington')",0.6499999999999999,3,0,2,1,2,0,1,0,0,1,0,2.0,3.0,0.0,0.0,0.0,0.0,0.0,2.0,0.0,2.0,5.0,9
22500147,DAL,DET,78.6,79.6,"('Caleb Martin', 'Cooper Flagg', ""D'Angelo Russell"")",0.9816666666666668,1,3,1,2,0,0,0,1,0,0,0,3.0,2.44,0.0,0.0,0.0,0.0,0.0,0.0,0.0,0.0,5.44,9
22500147,DAL,DET,78.6,79.6,"('Caleb Martin', 'Cooper Flagg', 'Daniel Gafford')",0.9816666666666668,1,3,1,2,0,0,0,1,0,0,0,3.0,2.44,0.0,0.0,0.0,0.0,0.0,0.0,0.0,0.0,5.44,9
22500147,DAL,DET,78.6,79.6,"('Caleb Martin', 'Cooper Flagg', 'Naji Marshall')",0.9816666666666668,1,3,1,2,0,0,0,1,0,0,0,3.0,2.44,0.0,0.0,0.0,0.0,0.0,0.0,0.0,0.0,5.44,9
22500147,DAL,DET,78.6,79.6,"('Caleb Martin', ""D'Angelo Russell"", 'Daniel Gafford')",0.9816666666666668,1,3,1,2,0,0,0,1,0,0,0,3.0,2.44,0.0,0.0,0.0,0.0,0.0,0.0,0.0,0.0,5.44,9
22500147,DAL,DET,78.6,79.6,"('Caleb Martin', ""D'Angelo Russell"", 'Naji Marshall')",0.9816666666666668,1,3,1,2,0,0,0,1,0,0,0,3.0,2.44,0.0,0.0,0.0,0.0,0.0,0.0,0.0,0.0,5.44,9
22500147,DAL,DET,78.6,79.6,"('Caleb Martin', 'Daniel Gafford', 'Naji Marshall')",0.9816666666666668,1,3,1,2,0,0,0,1,0,0,0,3.0,2.44,0.0,0.0,0.0,0.0,0.0,0.0,0.0,0.0,5.44,9
22500147,DAL,DET,78.6,79.6,"('Cooper Flagg', ""D'Angelo Russell"", 'Daniel Gafford')",0.9816666666666668,1,3,1,2,0,0,0,1,0,0,0,3.0,2.44,0.0,0.0,0.0,0.0,0.0,0.0,0.0,0.0,5.44,9
22500147,DAL,DET,78.6,79.6,"('Cooper Flagg', ""D'Angelo Russell"", 'Naji Marshall')",0.9816666666666668,1,3,1,2,0,0,0,1,0,0,0,3.0,2.44,0.0,0.0,0.0,0.0,0.0,0.0,0.0,0.0,5.44,9
22500147,DAL,DET,78.6,79.6,"('Cooper Flagg', 'Daniel Gafford', 'Naji Marshall')",0.9816666666666668,1,3,1,2,0,0,0,1,0,0,0,3.0,2.44,0.0,0.0,0.0,0.0,0.0,0.0,0.0,0.0,5.44,9
22500147,DAL,DET,78.6,79.6,"(""D'Angelo Russell"", 'Daniel Gafford', 'Naji Marshall')",0.9816666666666668,1,3,1,2,0,0,0,1,0,0,0,3.0,2.44,0.0,0.0,0.0,0.0,0.0,0.0,0.0,0.0,5.44,9
22500147,DAL,DET,79.0,79.2,"('Caleb Martin', 'Cooper Flagg', 'Daniel Gafford')",0.385,1,0,0,1,0,0,0,0,0,0,0,0.0,1.0,0.0,0.0,0.0,0.0,0.0,0.0,0.0,0.0,1.0,9
22500147,DAL,DET,79.0,79.2,"('Caleb Martin', 'Cooper Flagg', 'Max Christie')",0.385,1,0,0,1,0,0,0,0,0,0,0,0.0,1.0,0.0,0.0,0.0,0.0,0.0,0.0,0.0,0.0,1.0,9
22500147,DAL,DET,79.0,79.2,"('Caleb Martin', 'Cooper Flagg', 'Naji Marshall')",0.385,1,0,0,1,0,0,0,0,0,0,0,0.0,1.0,0.0,0.0,0.0,0.0,0.0,0.0,0.0,0.0,1.0,9
22500147,DAL,DET,79.0,79.2,"('Caleb Martin', 'Daniel Gafford', 'Max Christie')",0.385,1,0,0,1,0,0,0,0,0,0,0,0.0,1.0,0.0,0.0,0.0,0.0,0.0,0.0,0.0,0.0,1.0,9
22500147,DAL,DET,79.0,79.2,"('Caleb Martin', 'Daniel Gafford', 'Naji Marshall')",0.385,1,0,0,1,0,0,0,0,0,0,0,0.0,1.0,0.0,0.0,0.0,0.0,0.0,0.0,0.0,0.0,1.0,9
22500147,DAL,DET,79.0,79.2,"('Caleb Martin', 'Max Christie', 'Naji Marshall')",0.385,1,0,0,1,0,0,0,0,0,0,0,0.0,1.0,0.0,0.0,0.0,0.0,0.0,0.0,0.0,0.0,1.0,9
22500147,DAL,DET,79.0,79.2,"('Cooper Flagg', 'Daniel Gafford', 'Max Christie')",0.385,1,0,0,1,0,0,0,0,0,0,0,0.0,1.0,0.0,0.0,0.0,0.0,0.0,0.0,0.0,0.0,1.0,9
22500147,DAL,DET,79.0,79.2,"('Cooper Flagg', 'Daniel Gafford', 'Naji Marshall')",0.385,1,0,0,1,0,0,0,0,0,0,0,0.0,1.0,0.0,0.0,0.0,0.0,0.0,0.0,0.0,0.0,1.0,9
22500147,DAL,DET,79.0,79.2,"('Cooper Flagg', 'Max Christie', 'Naji Marshall')",0.385,1,0,0,1,0,0,0,0,0,0,0,0.0,1.0,0.0,0.0,0.0,0.0,0.0,0.0,0.0,0.0,1.0,9
22500147,DAL,DET,79.0,79.2,"('Daniel Gafford', 'Max Christie', 'Naji Marshall')",0.385,1,0,0,1,0,0,0,0,0,0,0,0.0,1.0,0.0,0.0,0.0,0.0,0.0,0.0,0.0,0.0,1.0,9
22500147,DAL,DET,78.4,79.4,"('Brandon Williams', ""D'Angelo Russell"", 'Dwight Powell')",1.1166666666666667,1,5,0,3,1,0,0,0,1,1,1,3.3200000000000003,3.0,2.0,0.0,0.0,2.0,0.0,0.0,0.0,0.0,6.32,9
22500147,DAL,DET,78.4,79.4,"('Brandon Williams', ""D'Angelo Russell"", 'Naji Marshall')",1.1166666666666667,1,5,0,3,1,0,0,0,1,1,1,3.3200000000000003,3.0,2.0,0.0,0.0,2.0,0.0,0.0,0.0,0.0,6.32,9
22500147,DAL,DET,78.4,79.4,"('Brandon Williams', ""D'Angelo Russell"", 'P.J. Washington')",1.1166666666666667,1,5,0,3,1,0,0,0,1,1,1,3.3200000000000003,3.0,2.0,0.0,0.0,2.0,0.0,0.0,0.0,0.0,6.32,9
22500147,DAL,DET,78.4,79.4,"('Brandon Williams', 'Dwight Powell', 'Naji Marshall')",1.1166666666666667,1,5,0,3,1,0,0,0,1,1,1,3.3200000000000003,3.0,2.0,0.0,0.0,2.0,0.0,0.0,0.0,0.0,6.32,9
22500147,DAL,DET,78.4,79.4,"('Brandon Williams', 'Dwight Powell', 'P.J. Washington')",1.1166666666666667,1,5,0,3,1,0,0,0,1,1,1,3.3200000000000003,3.0,2.0,0.0,0.0,2.0,0.0,0.0,0.0,0.0,6.32,9
22500147,DAL,DET,78.4,79.4,"('Brandon Williams', 'Naji Marshall', 'P.J. Washington')",1.1166666666666667,1,5,0,3,1,0,0,0,1,1,1,3.3200000000000003,3.0,2.0,0.0,0.0,2.0,0.0,0.0,0.0,0.0,6.32,9
22500147,DAL,DET,78.4,79.4,"(""D'Angelo Russell"", 'Dwight Powell', 'Naji Marshall')",1.1166666666666667,1,5,0,3,1,0,0,0,1,1,1,3.3200000000000003,3.0,2.0,0.0,0.0,2.0,0.0,0.0,0.0,0.0,6.32,9
22500147,DAL,DET,78.4,79.4,"(""D'Angelo Russell"", 'Dwight Powell', 'P.J. Washington')",1.1166666666666667,1,5,0,3,1,0,0,0,1,1,1,3.3200000000000003,3.0,2.0,0.0,0.0,2.0,0.0,0.0,0.0,0.0,6.32,9
22500147,DAL,DET,78.4,79.4,"(""D'Angelo Russell"", 'Naji Marshall', 'P.J. Washington')",1.1166666666666667,1,5,0,3,1,0,0,0,1,1,1,3.3200000000000003,3.0,2.0,0.0,0.0,2.0,0.0,0.0,0.0,0.0,6.32,9
22500147,DAL,DET,78.4,79.4,"('Dwight Powell', 'Naji Marshall', 'P.J. Washington')",1.1166666666666667,1,5,0,3,1,0,0,0,1,1,1,3.3200000000000003,3.0,2.0,0.0,0.0,2.0,0.0,0.0,0.0,0.0,6.32,9
22500147,DAL,DET,79.2,79.6,"('Brandon Williams', 'Caleb Martin', 'Cooper Flagg')",1.366666666666667,1,1,3,2,5,0,0,0,0,2,1,2.44,3.3200000000000003,0.0,0.0,0.0,0.0,0.0,0.0,0.0,0.0,5.76,9
22500147,DAL,DET,79.2,79.6,"('Brandon Williams', 'Caleb Martin', 'Daniel Gafford')",1.366666666666667,1,1,3,2,5,0,0,0,0,2,1,2.44,3.3200000000000003,0.0,0.0,0.0,0.0,0.0,0.0,0.0,0.0,5.76,9
22500147,DAL,DET,79.2,79.6,"('Brandon Williams', 'Caleb Martin', 'Naji Marshall')",1.366666666666667,1,1,3,2,5,0,0,0,0,2,1,2.44,3.3200000000000003,0.0,0.0,0.0,0.0,0.0,0.0,0.0,0.0,5.76,9
22500147,DAL,DET,79.2,79.6,"('Brandon Williams', 'Cooper Flagg', 'Daniel Gafford')",1.366666666666667,1,1,3,2,5,0,0,0,0,2,1,2.44,3.3200000000000003,0.0,0.0,0.0,0.0,0.0,0.0,0.0,0.0,5.76,9
22500147,DAL,DET,79.2,79.6,"('Brandon Williams', 'Cooper Flagg', 'Naji Marshall')",1.366666666666667,1,1,3,2,5,0,0,0,0,2,1,2.44,3.3200000000000003,0.0,0.0,0.0,0.0,0.0,0.0,0.0,0.0,5.76,9
22500147,DAL,DET,79.2,79.6,"('Brandon Williams', 'Daniel Gafford', 'Naji Marshall')",1.366666666666667,1,1,3,2,5,0,0,0,0,2,1,2.44,3.3200000000000003,0.0,0.0,0.0,0.0,0.0,0.0,0.0,0.0,5.76,9
22500147,DAL,DET,79.2,79.6,"('Caleb Martin', 'Cooper Flagg', 'Daniel Gafford')",1.366666666666667,1,1,3,2,5,0,0,0,0,2,1,2.44,3.3200000000000003,0.0,0.0,0.0,0.0,0.0,0.0,0.0,0.0,5.76,9
22500147,DAL,DET,79.2,79.6,"('Caleb Martin', 'Cooper Flagg', 'Naji Marshall')",1.366666666666667,1,1,3,2,5,0,0,0,0,2,1,2.44,3.3200000000000003,0.0,0.0,0.0,0.0,0.0,0.0,0.0,0.0,5.76,9
22500147,DAL,DET,79.2,79.6,"('Caleb Martin', 'Daniel Gafford', 'Naji Marshall')",1.366666666666667,1,1,3,2,5,0,0,0,0,2,1,2.44,3.3200000000000003,0.0,0.0,0.0,0.0,0.0,0.0,0.0,0.0,5.76,9
22500147,DAL,DET,79.2,79.6,"('Cooper Flagg', 'Daniel Gafford', 'Naji Marshall')",1.366666666666667,1,1,3,2,5,0,0,0,0,2,1,2.44,3.3200000000000003,0.0,0.0,0.0,0.0,0.0,0.0,0.0,0.0,5.76,9
22500147,DAL,DET,78.2,79.8,"(""D'Angelo Russell"", 'Dwight Powell', 'Max Christie')",2.066666666666667,1,5,6,1,1,2,2,1,0,0,2,5.44,4.0,0.0,0.0,0.0,4.0,2.0,0.0,0.0,6.0,9.44,9
22500147,DAL,DET,78.2,79.8,"(""D'Angelo Russell"", 'Dwight Powell', 'Naji Marshall')",2.066666666666667,1,5,6,1,1,2,2,1,0,0,2,5.44,4.0,0.0,0.0,0.0,4.0,2.0,0.0,0.0,6.0,9.44,9
22500147,DAL,DET,78.2,79.8,"(""D'Angelo Russell"", 'Dwight Powell', 'P.J. Washington')",2.066666666666667,1,5,6,1,1,2,2,1,0,0,2,5.44,4.0,0.0,0.0,0.0,4.0,2.0,0.0,0.0,6.0,9.44,9
22500147,DAL,DET,78.2,79.8,"(""D'Angelo Russell"", 'Max Christie', 'Naji Marshall')",2.066666666666667,1,5,6,1,1,2,2,1,0,0,2,5.44,4.0,0.0,0.0,0.0,4.0,2.0,0.0,0.0,6.0,9.44,9
22500147,DAL,DET,78.2,79.8,"(""D'Angelo Russell"", 'Max Christie', 'P.J. Washington')",2.066666666666667,1,5,6,1,1,2,2,1,0,0,2,5.44,4.0,0.0,0.0,0.0,4.0,2.0,0.0,0.0,6.0,9.44,9
22500147,DAL,DET,78.2,79.8,"(""D'Angelo Russell"", 'Naji Marshall', 'P.J. Washington')",2.066666666666667,1,5,6,1,1,2,2,1,0,0,2,5.44,4.0,0.0,0.0,0.0,4.0,2.0,0.0,0.0,6.0,9.44,9
22500147,DAL,DET,78.2,79.8,"('Dwight Powell', 'Max Christie', 'Naji Marshall')",2.066666666666667,1,5,6,1,1,2,2,1,0,0,2,5.44,4.0,0.0,0.0,0.0,4.0,2.0,0.0,0.0,6.0,9.44,9
22500147,DAL,DET,78.2,79.8,"('Dwight Powell', 'Max Christie', 'P.J. Washington')",2.066666666666667,1,5,6,1,1,2,2,1,0,0,2,5.44,4.0,0.0,0.0,0.0,4.0,2.0,0.0,0.0,6.0,9.44,9
22500147,DAL,DET,78.2,79.8,"('Dwight Powell', 'Naji Marshall', 'P.J. Washington')",2.066666666666667,1,5,6,1,1,2,2,1,0,0,2,5.44,4.0,0.0,0.0,0.0,4.0,2.0,0.0,0.0,6.0,9.44,9
22500147,DAL,DET,78.2,79.8,"('Max Christie', 'Naji Marshall', 'P.J. Washington')",2.066666666666667,1,5,6,1,1,2,2,1,0,0,2,5.44,4.0,0.0,0.0,0.0,4.0,2.0,0.0,0.0,6.0,9.44,9
22500160,DAL,HOU,79.2,80.2,"('Cooper Flagg', 'Dwight Powell', 'Klay Thompson')",0.7500000000000001,1,1,3,1,2,0,1,0,0,1,0,2.44,3.44,0.0,0.0,0.0,0.0,0.0,2.0,0.0,2.0,5.88,10
22500160,DAL,HOU,79.2,80.2,"('Cooper Flagg', 'Dwight Powell', 'Max Christie')",0.7500000000000001,1,1,3,1,2,0,1,0,0,1,0,2.44,3.44,0.0,0.0,0.0,0.0,0.0,2.0,0.0,2.0,5.88,10
22500160,DAL,HOU,79.2,80.2,"('Cooper Flagg', 'Dwight Powell', 'P.J. Washington')",0.7500000000000001,1,1,3,1,2,0,1,0,0,1,0,2.44,3.44,0.0,0.0,0.0,0.0,0.0,2.0,0.0,2.0,5.88,10
22500160,DAL,HOU,79.2,80.2,"('Cooper Flagg', 'Klay Thompson', 'Max Christie')",0.7500000000000001,1,1,3,1,2,0,1,0,0,1,0,2.44,3.44,0.0,0.0,0.0,0.0,0.0,2.0,0.0,2.0,5.88,10
22500160,DAL,HOU,79.2,80.2,"('Cooper Flagg', 'Klay Thompson', 'P.J. Washington')",0.7500000000000001,1,1,3,1,2,0,1,0,0,1,0,2.44,3.44,0.0,0.0,0.0,0.0,0.0,2.0,0.0,2.0,5.88,10
22500160,DAL,HOU,79.2,80.2,"('Cooper Flagg', 'Max Christie', 'P.J. Washington')",0.7500000000000001,1,1,3,1,2,0,1,0,0,1,0,2.44,3.44,0.0,0.0,0.0,0.0,0.0,2.0,0.0,2.0,5.88,10
22500160,DAL,HOU,79.2,80.2,"('Dwight Powell', 'Klay Thompson', 'Max Christie')",0.7500000000000001,1,1,3,1,2,0,1,0,0,1,0,2.44,3.44,0.0,0.0,0.0,0.0,0.0,2.0,0.0,2.0,5.88,10
22500160,DAL,HOU,79.2,80.2,"('Dwight Powell', 'Klay Thompson', 'P.J. Washington')",0.7500000000000001,1,1,3,1,2,0,1,0,0,1,0,2.44,3.44,0.0,0.0,0.0,0.0,0.0,2.0,0.0,2.0,5.88,10
22500160,DAL,HOU,79.2,80.2,"('Dwight Powell', 'Max Christie', 'P.J. Washington')",0.7500000000000001,1,1,3,1,2,0,1,0,0,1,0,2.44,3.44,0.0,0.0,0.0,0.0,0.0,2.0,0.0,2.0,5.88,10
22500160,DAL,HOU,79.2,80.2,"('Klay Thompson', 'Max Christie', 'P.J. Washington')",0.7500000000000001,1,1,3,1,2,0,1,0,0,1,0,2.44,3.44,0.0,0.0,0.0,0.0,0.0,2.0,0.0,2.0,5.88,10
22500160,DAL,HOU,78.8,80.4,"('Caleb Martin', 'Max Christie', 'Moussa Cisse')",0.3583333333333333,1,0,0,0,0,0,0,0,0,0,0,0.0,1.0,0.0,0.0,0.0,0.0,0.0,0.0,0.0,0.0,1.0,10
22500160,DAL,HOU,78.8,80.4,"('Caleb Martin', 'Max Christie', 'Naji Marshall')",0.3583333333333333,1,0,0,0,0,0,0,0,0,0,0,0.0,1.0,0.0,0.0,0.0,0.0,0.0,0.0,0.0,0.0,1.0,10
22500160,DAL,HOU,78.8,80.4,"('Caleb Martin', 'Max Christie', 'P.J. Washington')",0.3583333333333333,1,0,0,0,0,0,0,0,0,0,0,0.0,1.0,0.0,0.0,0.0,0.0,0.0,0.0,0.0,0.0,1.0,10
22500160,DAL,HOU,78.8,80.4,"('Caleb Martin', 'Moussa Cisse', 'Naji Marshall')",0.3583333333333333,1,0,0,0,0,0,0,0,0,0,0,0.0,1.0,0.0,0.0,0.0,0.0,0.0,0.0,0.0,0.0,1.0,10
22500160,DAL,HOU,78.8,80.4,"('Caleb Martin', 'Moussa Cisse', 'P.J. Washington')",0.3583333333333333,1,0,0,0,0,0,0,0,0,0,0,0.0,1.0,0.0,0.0,0.0,0.0,0.0,0.0,0.0,0.0,1.0,10
22500160,DAL,HOU,78.8,80.4,"('Caleb Martin', 'Naji Marshall', 'P.J. Washington')",0.3583333333333333,1,0,0,0,0,0,0,0,0,0,0,0.0,1.0,0.0,0.0,0.0,0.0,0.0,0.0,0.0,0.0,1.0,10
22500160,DAL,HOU,78.8,80.4,"('Max Christie', 'Moussa Cisse', 'Naji Marshall')",0.3583333333333333,1,0,0,0,0,0,0,0,0,0,0,0.0,1.0,0.0,0.0,0.0,0.0,0.0,0.0,0.0,0.0,1.0,10
22500160,DAL,HOU,78.8,80.4,"('Max Christie', 'Moussa Cisse', 'P.J. Washington')",0.3583333333333333,1,0,0,0,0,0,0,0,0,0,0,0.0,1.0,0.0,0.0,0.0,0.0,0.0,0.0,0.0,0.0,1.0,10
22500160,DAL,HOU,78.8,80.4,"('Max Christie', 'Naji Marshall', 'P.J. Washington')",0.3583333333333333,1,0,0,0,0,0,0,0,0,0,0,0.0,1.0,0.0,0.0,0.0,0.0,0.0,0.0,0.0,0.0,1.0,10
22500160,DAL,HOU,78.8,80.4,"('Moussa Cisse', 'Naji Marshall', 'P.J. Washington')",0.3583333333333333,1,0,0,0,0,0,0,0,0,0,0,0.0,1.0,0.0,0.0,0.0,0.0,0.0,0.0,0.0,0.0,1.0,10
22500160,DAL,HOU,78.4,79.0,"('Cooper Flagg', ""D'Angelo Russell"", 'Jaden Hardy')",1.6000000000000003,1,4,3,0,4,0,0,0,2,1,0,5.0,4.44,2.0,2.0,0.0,4.0,0.0,0.0,2.0,2.0,9.44,10
22500160,DAL,HOU,78.4,79.0,"('Cooper Flagg', ""D'Angelo Russell"", 'Moussa Cisse')",1.6000000000000003,1,4,3,0,4,0,0,0,2,1,0,5.0,4.44,2.0,2.0,0.0,4.0,0.0,0.0,2.0,2.0,9.44,10
22500160,DAL,HOU,78.4,79.0,"('Cooper Flagg', ""D'Angelo Russell"", 'Naji Marshall')",1.6000000000000003,1,4,3,0,4,0,0,0,2,1,0,5.0,4.44,2.0,2.0,0.0,4.0,0.0,0.0,2.0,2.0,9.44,10
22500160,DAL,HOU,78.4,79.0,"('Cooper Flagg', 'Jaden Hardy', 'Moussa Cisse')",1.6000000000000003,1,4,3,0,4,0,0,0,2,1,0,5.0,4.44,2.0,2.0,0.0,4.0,0.0,0.0,2.0,2.0,9.44,10
22500160,DAL,HOU,78.4,79.0,"('Cooper Flagg', 'Jaden Hardy', 'Naji Marshall')",1.6000000000000003,1,4,3,0,4,0,0,0,2,1,0,5.0,4.44,2.0,2.0,0.0,4.0,0.0,0.0,2.0,2.0,9.44,10
22500160,DAL,HOU,78.4,79.0,"('Cooper Flagg', 'Moussa Cisse', 'Naji Marshall')",1.6000000000000003,1,4,3,0,4,0,0,0,2,1,0,5.0,4.44,2.0,2.0,0.0,4.0,0.0,0.0,2.0,2.0,9.44,10
22500160,DAL,HOU,78.4,79.0,"(""D'Angelo Russell"", 'Jaden Hardy', 'Moussa Cisse')",1.6000000000000003,1,4,3,0,4,0,0,0,2,1,0,5.0,4.44,2.0,2.0,0.0,4.0,0.0,0.0,2.0,2.0,9.44,10
22500160,DAL,HOU,78.4,79.0,"(""D'Angelo Russell"", 'Jaden Hardy', 'Naji Marshall')",1.6000000000000003,1,4,3,0,4,0,0,0,2,1,0,5.0,4.44,2.0,2.0,0.0,4.0,0.0,0.0,2.0,2.0,9.44,10
22500160,DAL,HOU,78.4,79.0,"(""D'Angelo Russell"", 'Moussa Cisse', 'Naji Marshall')",1.6000000000000003,1,4,3,0,4,0,0,0,2,1,0,5.0,4.44,2.0,2.0,0.0,4.0,0.0,0.0,2.0,2.0,9.44,10
22500160,DAL,HOU,78.4,79.0,"('Jaden Hardy', 'Moussa Cisse', 'Naji Marshall')",1.6000000000000003,1,4,3,0,4,0,0,0,2,1,0,5.0,4.44,2.0,2.0,0.0,4.0,0.0,0.0,2.0,2.0,9.44,10
22500160,DAL,HOU,79.0,79.0,"('Cooper Flagg', ""D'Angelo Russell"", 'Max Christie')",1.0333333333333334,2,2,3,0,2,1,1,0,1,0,0,1.0,2.0,2.0,2.0,0.0,2.0,0.0,0.0,0.0,0.0,3.0,10
22500160,DAL,HOU,79.0,79.0,"('Cooper Flagg', ""D'Angelo Russell"", 'Moussa Cisse')",1.0333333333333334,2,2,3,0,2,1,1,0,1,0,0,1.0,2.0,2.0,2.0,0.0,2.0,0.0,0.0,0.0,0.0,3.0,10
22500160,DAL,HOU,79.0,79.0,"('Cooper Flagg', ""D'Angelo Russell"", 'P.J. Washington')",1.0333333333333334,2,2,3,0,2,1,1,0,1,0,0,1.0,2.0,2.0,2.0,0.0,2.0,0.0,0.0,0.0,0.0,3.0,10
22500160,DAL,HOU,79.0,79.0,"('Cooper Flagg', 'Max Christie', 'Moussa Cisse')",1.0333333333333334,2,2,3,0,2,1,1,0,1,0,0,1.0,2.0,2.0,2.0,0.0,2.0,0.0,0.0,0.0,0.0,3.0,10
22500160,DAL,HOU,79.0,79.0,"('Cooper Flagg', 'Max Christie', 'P.J. Washington')",1.0333333333333334,2,2,3,0,2,1,1,0,1,0,0,1.0,2.0,2.0,2.0,0.0,2.0,0.0,0.0,0.0,0.0,3.0,10
22500160,DAL,HOU,79.0,79.0,"('Cooper Flagg', 'Moussa Cisse', 'P.J. Washington')",1.0333333333333334,2,2,3,0,2,1,1,0,1,0,0,1.0,2.0,2.0,2.0,0.0,2.0,0.0,0.0,0.0,0.0,3.0,10
22500160,DAL,HOU,79.0,79.0,"(""D'Angelo Russell"", 'Max Christie', 'Moussa Cisse')",1.0333333333333334,2,2,3,0,2,1,1,0,1,0,0,1.0,2.0,2.0,2.0,0.0,2.0,0.0,0.0,0.0,0.0,3.0,10
22500160,DAL,HOU,79.0,79.0,"(""D'Angelo Russell"", 'Max Christie', 'P.J. Washington')",1.0333333333333334,2,2,3,0,2,1,1,0,1,0,0,1.0,2.0,2.0,2.0,0.0,2.0,0.0,0.0,0.0,0.0,3.0,10
22500160,DAL,HOU,79.0,79.0,"(""D'Angelo Russell"", 'Moussa Cisse', 'P.J. Washington')",1.0333333333333334,2,2,3,0,2,1,1,0,1,0,0,1.0,2.0,2.0,2.0,0.0,2.0,0.0,0.0,0.0,0.0,3.0,10
22500160,DAL,HOU,79.0,79.0,"('Max Christie', 'Moussa Cisse', 'P.J. Washington')",1.0333333333333334,2,2,3,0,2,1,1,0,1,0,0,1.0,2.0,2.0,2.0,0.0,2.0,0.0,0.0,0.0,0.0,3.0,10
22500160,DAL,HOU,78.6,81.6,"('Cooper Flagg', ""D'Angelo Russell"", 'Dwight Powell')",1.8833333333333333,2,5,4,2,3,2,0,0,0,2,1,4.0,3.88,2.0,0.0,0.0,2.0,0.0,0.0,0.0,2.0,7.88,10
22500160,DAL,HOU,78.6,81.6,"('Cooper Flagg', ""D'Angelo Russell"", 'Max Christie')",1.8833333333333333,2,5,4,2,3,2,0,0,0,2,1,4.0,3.88,2.0,0.0,0.0,2.0,0.0,0.0,0.0,2.0,7.88,10
22500160,DAL,HOU,78.6,81.6,"('Cooper Flagg', ""D'Angelo Russell"", 'Naji Marshall')",1.8833333333333333,2,5,4,2,3,2,0,0,0,2,1,4.0,3.88,2.0,0.0,0.0,2.0,0.0,0.0,0.0,2.0,7.88,10
22500160,DAL,HOU,78.6,81.6,"('Cooper Flagg', 'Dwight Powell', 'Max Christie')",1.8833333333333333,2,5,4,2,3,2,0,0,0,2,1,4.0,3.88,2.0,0.0,0.0,2.0,0.0,0.0,0.0,2.0,7.88,10
22500160,DAL,HOU,78.6,81.6,"('Cooper Flagg', 'Dwight Powell', 'Naji Marshall')",1.8833333333333333,2,5,4,2,3,2,0,0,0,2,1,4.0,3.88,2.0,0.0,0.0,2.0,0.0,0.0,0.0,2.0,7.88,10
22500160,DAL,HOU,78.6,81.6,"('Cooper Flagg', 'Max Christie', 'Naji Marshall')",1.8833333333333333,2,5,4,2,3,2,0,0,0,2,1,4.0,3.88,2.0,0.0,0.0,2.0,0.0,0.0,0.0,2.0,7.88,10
22500160,DAL,HOU,78.6,81.6,"(""D'Angelo Russell"", 'Dwight Powell', 'Max Christie')",1.8833333333333333,2,5,4,2,3,2,0,0,0,2,1,4.0,3.88,2.0,0.0,0.0,2.0,0.0,0.0,0.0,2.0,7.88,10
22500160,DAL,HOU,78.6,81.6,"(""D'Angelo Russell"", 'Dwight Powell', 'Naji Marshall')",1.8833333333333333,2,5,4,2,3,2,0,0,0,2,1,4.0,3.88,2.0,0.0,0.0,2.0,0.0,0.0,0.0,2.0,7.88,10
22500160,DAL,HOU,78.6,81.6,"(""D'Angelo Russell"", 'Max Christie', 'Naji Marshall')",1.8833333333333333,2,5,4,2,3,2,0,0,0,2,1,4.0,3.88,2.0,0.0,0.0,2.0,0.0,0.0,0.0,2.0,7.88,10
22500160,DAL,HOU,78.6,81.6,"('Dwight Powell', 'Max Christie', 'Naji Marshall')",1.8833333333333333,2,5,4,2,3,2,0,0,0,2,1,4.0,3.88,2.0,0.0,0.0,2.0,0.0,0.0,0.0,2.0,7.88,10
22500160,DAL,HOU,78.8,81.6,"('Cooper Flagg', ""D'Angelo Russell"", 'Max Christie')",1.7000000000000002,2,2,3,1,3,0,1,0,0,2,0,3.0,3.0,0.0,0.0,0.0,2.0,0.0,0.0,3.0,0.0,6.0,10
22500160,DAL,HOU,78.8,81.6,"('Cooper Flagg', ""D'Angelo Russell"", 'Moussa Cisse')",1.7000000000000002,2,2,3,1,3,0,1,0,0,2,0,3.0,3.0,0.0,0.0,0.0,2.0,0.0,0.0,3.0,0.0,6.0,10
22500160,DAL,HOU,78.8,81.6,"('Cooper Flagg', ""D'Angelo Russell"", 'Naji Marshall')",1.7000000000000002,2,2,3,1,3,0,1,0,0,2,0,3.0,3.0,0.0,0.0,0.0,2.0,0.0,0.0,3.0,0.0,6.0,10
22500160,DAL,HOU,78.8,81.6,"('Cooper Flagg', 'Max Christie', 'Moussa Cisse')",1.7000000000000002,2,2,3,1,3,0,1,0,0,2,0,3.0,3.0,0.0,0.0,0.0,2.0,0.0,0.0,3.0,0.0,6.0,10
22500160,DAL,HOU,78.8,81.6,"('Cooper Flagg', 'Max Christie', 'Naji Marshall')",1.7000000000000002,2,2,3,1,3,0,1,0,0,2,0,3.0,3.0,0.0,0.0,0.0,2.0,0.0,0.0,3.0,0.0,6.0,10
22500160,DAL,HOU,78.8,81.6,"('Cooper Flagg', 'Moussa Cisse', 'Naji Marshall')",1.7000000000000002,2,2,3,1,3,0,1,0,0,2,0,3.0,3.0,0.0,0.0,0.0,2.0,0.0,0.0,3.0,0.0,6.0,10
22500160,DAL,HOU,78.8,81.6,"(""D'Angelo Russell"", 'Max Christie', 'Moussa Cisse')",1.7000000000000002,2,2,3,1,3,0,1,0,0,2,0,3.0,3.0,0.0,0.0,0.0,2.0,0.0,0.0,3.0,0.0,6.0,10
22500160,DAL,HOU,78.8,81.6,"(""D'Angelo Russell"", 'Max Christie', 'Naji Marshall')",1.7000000000000002,2,2,3,1,3,0,1,0,0,2,0,3.0,3.0,0.0,0.0,0.0,2.0,0.0,0.0,3.0,0.0,6.0,10
22500160,DAL,HOU,78.8,81.6,"(""D'Angelo Russell"", 'Moussa Cisse', 'Naji Marshall')",1.7000000000000002,2,2,3,1,3,0,1,0,0,2,0,3.0,3.0,0.0,0.0,0.0,2.0,0.0,0.0,3.0,0.0,6.0,10
22500160,DAL,HOU,78.8,81.6,"('Max Christie', 'Moussa Cisse', 'Naji Marshall')",1.7000000000000002,2,2,3,1,3,0,1,0,0,2,0,3.0,3.0,0.0,0.0,0.0,2.0,0.0,0.0,3.0,0.0,6.0,10
22500160,DAL,HOU,78.6,79.0,"('Brandon Williams', 'Jaden Hardy', 'Moussa Cisse')",2.0966666666666667,1,4,4,2,3,1,0,1,2,1,1,6.0,5.88,4.0,4.0,0.0,4.0,0.0,0.0,2.0,2.0,11.88,10
22500160,DAL,HOU,78.6,79.0,"('Brandon Williams', 'Jaden Hardy', 'Naji Marshall')",2.0966666666666667,1,4,4,2,3,1,0,1,2,1,1,6.0,5.88,4.0,4.0,0.0,4.0,0.0,0.0,2.0,2.0,11.88,10
22500160,DAL,HOU,78.6,79.0,"('Brandon Williams', 'Jaden Hardy', 'P.J. Washington')",2.0966666666666667,1,4,4,2,3,1,0,1,2,1,1,6.0,5.88,4.0,4.0,0.0,4.0,0.0,0.0,2.0,2.0,11.88,10
22500160,DAL,HOU,78.6,79.0,"('Brandon Williams', 'Moussa Cisse', 'Naji Marshall')",2.0966666666666667,1,4,4,2,3,1,0,1,2,1,1,6.0,5.88,4.0,4.0,0.0,4.0,0.0,0.0,2.0,2.0,11.88,10
22500160,DAL,HOU,78.6,79.0,"('Brandon Williams', 'Moussa Cisse', 'P.J. Washington')",2.0966666666666667,1,4,4,2,3,1,0,1,2,1,1,6.0,5.88,4.0,4.0,0.0,4.0,0.0,0.0,2.0,2.0,11.88,10
22500160,DAL,HOU,78.6,79.0,"('Brandon Williams', 'Naji Marshall', 'P.J. Washington')",2.0966666666666667,1,4,4,2,3,1,0,1,2,1,1,6.0,5.88,4.0,4.0,0.0,4.0,0.0,0.0,2.0,2.0,11.88,10
22500160,DAL,HOU,78.6,79.0,"('Jaden Hardy', 'Moussa Cisse', 'Naji Marshall')",2.0966666666666667,1,4,4,2,3,1,0,1,2,1,1,6.0,5.88,4.0,4.0,0.0,4.0,0.0,0.0,2.0,2.0,11.88,10
22500160,DAL,HOU,78.6,79.0,"('Jaden Hardy', 'Moussa Cisse', 'P.J. Washington')",2.0966666666666667,1,4,4,2,3,1,0,1,2,1,1,6.0,5.88,4.0,4.0,0.0,4.0,0.0,0.0,2.0,2.0,11.88,10
22500160,DAL,HOU,78.6,79.0,"('Jaden Hardy', 'Naji Marshall', 'P.J. Washington')",2.0966666666666667,1,4,4,2,3,1,0,1,2,1,1,6.0,5.88,4.0,4.0,0.0,4.0,0.0,0.0,2.0,2.0,11.88,10
22500160,DAL,HOU,78.6,79.0,"('Moussa Cisse', 'Naji Marshall', 'P.J. Washington')",2.0966666666666667,1,4,4,2,3,1,0,1,2,1,1,6.0,5.88,4.0,4.0,0.0,4.0,0.0,0.0,2.0,2.0,11.88,10
22500160,DAL,HOU,79.2,80.2,"('Cooper Flagg', 'Daniel Gafford', 'Klay Thompson')",4.25,1,12,7,7,1,4,3,2,0,1,1,9.44,8.0,3.0,0.0,0.0,6.0,2.0,0.0,0.0,4.0,17.439999999999998,10
22500160,DAL,HOU,79.2,80.2,"('Cooper Flagg', 'Daniel Gafford', 'Max Christie')",4.25,1,12,7,7,1,4,3,2,0,1,1,9.44,8.0,3.0,0.0,0.0,6.0,2.0,0.0,0.0,4.0,17.439999999999998,10
22500160,DAL,HOU,79.2,80.2,"('Cooper Flagg', 'Daniel Gafford', 'P.J. Washington')",4.25,1,12,7,7,1,4,3,2,0,1,1,9.44,8.0,3.0,0.0,0.0,6.0,2.0,0.0,0.0,4.0,17.439999999999998,10
22500160,DAL,HOU,79.2,80.2,"('Cooper Flagg', 'Klay Thompson', 'Max Christie')",4.25,1,12,7,7,1,4,3,2,0,1,1,9.44,8.0,3.0,0.0,0.0,6.0,2.0,0.0,0.0,4.0,17.439999999999998,10
22500160,DAL,HOU,79.2,80.2,"('Cooper Flagg', 'Klay Thompson', 'P.J. Washington')",4.25,1,12,7,7,1,4,3,2,0,1,1,9.44,8.0,3.0,0.0,0.0,6.0,2.0,0.0,0.0,4.0,17.439999999999998,10
22500160,DAL,HOU,79.2,80.2,"('Cooper Flagg', 'Max Christie', 'P.J. Washington')",4.25,1,12,7,7,1,4,3,2,0,1,1,9.44,8.0,3.0,0.0,0.0,6.0,2.0,0.0,0.0,4.0,17.439999999999998,10
22500160,DAL,HOU,79.2,80.2,"('Daniel Gafford', 'Klay Thompson', 'Max Christie')",4.25,1,12,7,7,1,4,3,2,0,1,1,9.44,8.0,3.0,0.0,0.0,6.0,2.0,0.0,0.0,4.0,17.439999999999998,10
22500160,DAL,HOU,79.2,80.2,"('Daniel Gafford', 'Klay Thompson', 'P.J. Washington')",4.25,1,12,7,7,1,4,3,2,0,1,1,9.44,8.0,3.0,0.0,0.0,6.0,2.0,0.0,0.0,4.0,17.439999999999998,10
22500160,DAL,HOU,79.2,80.2,"('Daniel Gafford', 'Max Christie', 'P.J. Washington')",4.25,1,12,7,7,1,4,3,2,0,1,1,9.44,8.0,3.0,0.0,0.0,6.0,2.0,0.0,0.0,4.0,17.439999999999998,10
22500160,DAL,HOU,79.2,80.2,"('Klay Thompson', 'Max Christie', 'P.J. Washington')",4.25,1,12,7,7,1,4,3,2,0,1,1,9.44,8.0,3.0,0.0,0.0,6.0,2.0,0.0,0.0,4.0,17.439999999999998,10
22500160,DAL,HOU,78.6,79.2,"('Cooper Flagg', ""D'Angelo Russell"", 'Dwight Powell')",2.7666666666666666,1,7,7,2,1,2,1,2,0,2,0,6.0,5.44,0.0,0.0,0.0,4.0,4.0,2.0,0.0,4.0,11.44,10
22500160,DAL,HOU,78.6,79.2,"('Cooper Flagg', ""D'Angelo Russell"", 'Max Christie')",2.7666666666666666,1,7,7,2,1,2,1,2,0,2,0,6.0,5.44,0.0,0.0,0.0,4.0,4.0,2.0,0.0,4.0,11.44,10
22500160,DAL,HOU,78.6,79.2,"('Cooper Flagg', ""D'Angelo Russell"", 'Naji Marshall')",2.7666666666666666,1,7,7,2,1,2,1,2,0,2,0,6.0,5.44,0.0,0.0,0.0,4.0,4.0,2.0,0.0,4.0,11.44,10
22500160,DAL,HOU,78.6,79.2,"('Cooper Flagg', 'Dwight Powell', 'Max Christie')",2.7666666666666666,1,7,7,2,1,2,1,2,0,2,0,6.0,5.44,0.0,0.0,0.0,4.0,4.0,2.0,0.0,4.0,11.44,10
22500160,DAL,HOU,78.6,79.2,"('Cooper Flagg', 'Dwight Powell', 'Naji Marshall')",2.7666666666666666,1,7,7,2,1,2,1,2,0,2,0,6.0,5.44,0.0,0.0,0.0,4.0,4.0,2.0,0.0,4.0,11.44,10
22500160,DAL,HOU,78.6,79.2,"('Cooper Flagg', 'Max Christie', 'Naji Marshall')",2.7666666666666666,1,7,7,2,1,2,1,2,0,2,0,6.0,5.44,0.0,0.0,0.0,4.0,4.0,2.0,0.0,4.0,11.44,10
22500160,DAL,HOU,78.6,79.2,"(""D'Angelo Russell"", 'Dwight Powell', 'Max Christie')",2.7666666666666666,1,7,7,2,1,2,1,2,0,2,0,6.0,5.44,0.0,0.0,0.0,4.0,4.0,2.0,0.0,4.0,11.44,10
22500160,DAL,HOU,78.6,79.2,"(""D'Angelo Russell"", 'Dwight Powell', 'Naji Marshall')",2.7666666666666666,1,7,7,2,1,2,1,2,0,2,0,6.0,5.44,0.0,0.0,0.0,4.0,4.0,2.0,0.0,4.0,11.44,10
22500160,DAL,HOU,78.6,79.2,"(""D'Angelo Russell"", 'Max Christie', 'Naji Marshall')",2.7666666666666666,1,7,7,2,1,2,1,2,0,2,0,6.0,5.44,0.0,0.0,0.0,4.0,4.0,2.0,0.0,4.0,11.44,10
22500160,DAL,HOU,78.6,79.2,"('Dwight Powell', 'Max Christie', 'Naji Marshall')",2.7666666666666666,1,7,7,2,1,2,1,2,0,2,0,6.0,5.44,0.0,0.0,0.0,4.0,4.0,2.0,0.0,4.0,11.44,10
22500160,DAL,HOU,77.4,78.8,"('Brandon Williams', 'Jaden Hardy', 'Klay Thompson')",0.0833333333333333,1,0,0,0,0,0,0,1,0,0,0,1.0,0.0,0.0,0.0,0.0,0.0,0.0,0.0,0.0,0.0,1.0,10
22500160,DAL,HOU,77.4,78.8,"('Brandon Williams', 'Jaden Hardy', 'Naji Marshall')",0.0833333333333333,1,0,0,0,0,0,0,1,0,0,0,1.0,0.0,0.0,0.0,0.0,0.0,0.0,0.0,0.0,0.0,1.0,10
22500160,DAL,HOU,77.4,78.8,"('Brandon Williams', 'Jaden Hardy', 'P.J. Washington')",0.0833333333333333,1,0,0,0,0,0,0,1,0,0,0,1.0,0.0,0.0,0.0,0.0,0.0,0.0,0.0,0.0,0.0,1.0,10
22500160,DAL,HOU,77.4,78.8,"('Brandon Williams', 'Klay Thompson', 'Naji Marshall')",0.0833333333333333,1,0,0,0,0,0,0,1,0,0,0,1.0,0.0,0.0,0.0,0.0,0.0,0.0,0.0,0.0,0.0,1.0,10
22500160,DAL,HOU,77.4,78.8,"('Brandon Williams', 'Klay Thompson', 'P.J. Washington')",0.0833333333333333,1,0,0,0,0,0,0,1,0,0,0,1.0,0.0,0.0,0.0,0.0,0.0,0.0,0.0,0.0,0.0,1.0,10
22500160,DAL,HOU,77.4,78.8,"('Brandon Williams', 'Naji Marshall', 'P.J. Washington')",0.0833333333333333,1,0,0,0,0,0,0,1,0,0,0,1.0,0.0,0.0,0.0,0.0,0.0,0.0,0.0,0.0,0.0,1.0,10
22500160,DAL,HOU,77.4,78.8,"('Jaden Hardy', 'Klay Thompson', 'Naji Marshall')",0.0833333333333333,1,0,0,0,0,0,0,1,0,0,0,1.0,0.0,0.0,0.0,0.0,0.0,0.0,0.0,0.0,0.0,1.0,10
22500160,DAL,HOU,77.4,78.8,"('Jaden Hardy', 'Klay Thompson', 'P.J. Washington')",0.0833333333333333,1,0,0,0,0,0,0,1,0,0,0,1.0,0.0,0.0,0.0,0.0,0.0,0.0,0.0,0.0,0.0,1.0,10
22500160,DAL,HOU,77.4,78.8,"('Jaden Hardy', 'Naji Marshall', 'P.J. Washington')",0.0833333333333333,1,0,0,0,0,0,0,1,0,0,0,1.0,0.0,0.0,0.0,0.0,0.0,0.0,0.0,0.0,0.0,1.0,10
22500160,DAL,HOU,77.4,78.8,"('Klay Thompson', 'Naji Marshall', 'P.J. Washington')",0.0833333333333333,1,0,0,0,0,0,0,1,0,0,0,1.0,0.0,0.0,0.0,0.0,0.0,0.0,0.0,0.0,0.0,1.0,10
22500160,DAL,HOU,78.6,78.8,"('Brandon Williams', 'Caleb Martin', 'Daniel Gafford')",2.3,2,2,9,2,4,0,2,0,1,1,1,3.0,5.0,0.0,0.0,2.0,2.0,0.0,0.0,2.0,6.0,8.0,10
22500160,DAL,HOU,78.6,78.8,"('Brandon Williams', 'Caleb Martin', 'Klay Thompson')",2.3,2,2,9,2,4,0,2,0,1,1,1,3.0,5.0,0.0,0.0,2.0,2.0,0.0,0.0,2.0,6.0,8.0,10
22500160,DAL,HOU,78.6,78.8,"('Brandon Williams', 'Caleb Martin', 'P.J. Washington')",2.3,2,2,9,2,4,0,2,0,1,1,1,3.0,5.0,0.0,0.0,2.0,2.0,0.0,0.0,2.0,6.0,8.0,10
22500160,DAL,HOU,78.6,78.8,"('Brandon Williams', 'Daniel Gafford', 'Klay Thompson')",2.3,2,2,9,2,4,0,2,0,1,1,1,3.0,5.0,0.0,0.0,2.0,2.0,0.0,0.0,2.0,6.0,8.0,10
22500160,DAL,HOU,78.6,78.8,"('Brandon Williams', 'Daniel Gafford', 'P.J. Washington')",2.3,2,2,9,2,4,0,2,0,1,1,1,3.0,5.0,0.0,0.0,2.0,2.0,0.0,0.0,2.0,6.0,8.0,10
22500160,DAL,HOU,78.6,78.8,"('Brandon Williams', 'Klay Thompson', 'P.J. Washington')",2.3,2,2,9,2,4,0,2,0,1,1,1,3.0,5.0,0.0,0.0,2.0,2.0,0.0,0.0,2.0,6.0,8.0,10
22500160,DAL,HOU,78.6,78.8,"('Caleb Martin', 'Daniel Gafford', 'Klay Thompson')",2.3,2,2,9,2,4,0,2,0,1,1,1,3.0,5.0,0.0,0.0,2.0,2.0,0.0,0.0,2.0,6.0,8.0,10
22500160,DAL,HOU,78.6,78.8,"('Caleb Martin', 'Daniel Gafford', 'P.J. Washington')",2.3,2,2,9,2,4,0,2,0,1,1,1,3.0,5.0,0.0,0.0,2.0,2.0,0.0,0.0,2.0,6.0,8.0,10
22500160,DAL,HOU,78.6,78.8,"('Caleb Martin', 'Klay Thompson', 'P.J. Washington')",2.3,2,2,9,2,4,0,2,0,1,1,1,3.0,5.0,0.0,0.0,2.0,2.0,0.0,0.0,2.0,6.0,8.0,10
22500160,DAL,HOU,78.6,78.8,"('Daniel Gafford', 'Klay Thompson', 'P.J. Washington')",2.3,2,2,9,2,4,0,2,0,1,1,1,3.0,5.0,0.0,0.0,2.0,2.0,0.0,0.0,2.0,6.0,8.0,10
22500160,DAL,HOU,79.2,79.6,"('Brandon Williams', 'Cooper Flagg', 'Daniel Gafford')",2.1500000000000004,4,0,3,2,4,0,0,1,1,2,0,4.0,4.44,0.0,0.0,0.0,0.0,2.0,0.0,2.0,2.0,8.44,10
22500160,DAL,HOU,79.2,79.6,"('Brandon Williams', 'Cooper Flagg', 'Klay Thompson')",2.1500000000000004,4,0,3,2,4,0,0,1,1,2,0,4.0,4.44,0.0,0.0,0.0,0.0,2.0,0.0,2.0,2.0,8.44,10
22500160,DAL,HOU,79.2,79.6,"('Brandon Williams', 'Cooper Flagg', 'Naji Marshall')",2.1500000000000004,4,0,3,2,4,0,0,1,1,2,0,4.0,4.44,0.0,0.0,0.0,0.0,2.0,0.0,2.0,2.0,8.44,10
22500160,DAL,HOU,79.2,79.6,"('Brandon Williams', 'Daniel Gafford', 'Klay Thompson')",2.1500000000000004,4,0,3,2,4,0,0,1,1,2,0,4.0,4.44,0.0,0.0,0.0,0.0,2.0,0.0,2.0,2.0,8.44,10
22500160,DAL,HOU,79.2,79.6,"('Brandon Williams', 'Daniel Gafford', 'Naji Marshall')",2.1500000000000004,4,0,3,2,4,0,0,1,1,2,0,4.0,4.44,0.0,0.0,0.0,0.0,2.0,0.0,2.0,2.0,8.44,10
22500160,DAL,HOU,79.2,79.6,"('Brandon Williams', 'Klay Thompson', 'Naji Marshall')",2.1500000000000004,4,0,3,2,4,0,0,1,1,2,0,4.0,4.44,0.0,0.0,0.0,0.0,2.0,0.0,2.0,2.0,8.44,10
22500160,DAL,HOU,79.2,79.6,"('Cooper Flagg', 'Daniel Gafford', 'Klay Thompson')",2.1500000000000004,4,0,3,2,4,0,0,1,1,2,0,4.0,4.44,0.0,0.0,0.0,0.0,2.0,0.0,2.0,2.0,8.44,10
22500160,DAL,HOU,79.2,79.6,"('Cooper Flagg', 'Daniel Gafford', 'Naji Marshall')",2.1500000000000004,4,0,3,2,4,0,0,1,1,2,0,4.0,4.44,0.0,0.0,0.0,0.0,2.0,0.0,2.0,2.0,8.44,10
22500160,DAL,HOU,79.2,79.6,"('Cooper Flagg', 'Klay Thompson', 'Naji Marshall')",2.1500000000000004,4,0,3,2,4,0,0,1,1,2,0,4.0,4.44,0.0,0.0,0.0,0.0,2.0,0.0,2.0,2.0,8.44,10
22500160,DAL,HOU,79.2,79.6,"('Daniel Gafford', 'Klay Thompson', 'Naji Marshall')",2.1500000000000004,4,0,3,2,4,0,0,1,1,2,0,4.0,4.44,0.0,0.0,0.0,0.0,2.0,0.0,2.0,2.0,8.44,10
22500160,DAL,HOU,77.8,80.0,"(""D'Angelo Russell"", 'Daniel Gafford', 'Jaden Hardy')",0.9666666666666668,3,4,3,1,0,2,0,0,0,0,0,2.0,2.44,0.0,2.0,0.0,4.0,0.0,0.0,0.0,2.0,4.44,10
22500160,DAL,HOU,77.8,80.0,"(""D'Angelo Russell"", 'Daniel Gafford', 'Naji Marshall')",0.9666666666666668,3,4,3,1,0,2,0,0,0,0,0,2.0,2.44,0.0,2.0,0.0,4.0,0.0,0.0,0.0,2.0,4.44,10
22500160,DAL,HOU,77.8,80.0,"(""D'Angelo Russell"", 'Daniel Gafford', 'P.J. Washington')",0.9666666666666668,3,4,3,1,0,2,0,0,0,0,0,2.0,2.44,0.0,2.0,0.0,4.0,0.0,0.0,0.0,2.0,4.44,10
22500160,DAL,HOU,77.8,80.0,"(""D'Angelo Russell"", 'Jaden Hardy', 'Naji Marshall')",0.9666666666666668,3,4,3,1,0,2,0,0,0,0,0,2.0,2.44,0.0,2.0,0.0,4.0,0.0,0.0,0.0,2.0,4.44,10
22500160,DAL,HOU,77.8,80.0,"(""D'Angelo Russell"", 'Jaden Hardy', 'P.J. Washington')",0.9666666666666668,3,4,3,1,0,2,0,0,0,0,0,2.0,2.44,0.0,2.0,0.0,4.0,0.0,0.0,0.0,2.0,4.44,10
22500160,DAL,HOU,77.8,80.0,"(""D'Angelo Russell"", 'Naji Marshall', 'P.J. Washington')",0.9666666666666668,3,4,3,1,0,2,0,0,0,0,0,2.0,2.44,0.0,2.0,0.0,4.0,0.0,0.0,0.0,2.0,4.44,10
22500160,DAL,HOU,77.8,80.0,"('Daniel Gafford', 'Jaden Hardy', 'Naji Marshall')",0.9666666666666668,3,4,3,1,0,2,0,0,0,0,0,2.0,2.44,0.0,2.0,0.0,4.0,0.0,0.0,0.0,2.0,4.44,10
22500160,DAL,HOU,77.8,80.0,"('Daniel Gafford', 'Jaden Hardy', 'P.J. Washington')",0.9666666666666668,3,4,3,1,0,2,0,0,0,0,0,2.0,2.44,0.0,2.0,0.0,4.0,0.0,0.0,0.0,2.0,4.44,10
22500160,DAL,HOU,77.8,80.0,"('Daniel Gafford', 'Naji Marshall', 'P.J. Washington')",0.9666666666666668,3,4,3,1,0,2,0,0,0,0,0,2.0,2.44,0.0,2.0,0.0,4.0,0.0,0.0,0.0,2.0,4.44,10
22500160,DAL,HOU,77.8,80.0,"('Jaden Hardy', 'Naji Marshall', 'P.J. Washington')",0.9666666666666668,3,4,3,1,0,2,0,0,0,0,0,2.0,2.44,0.0,2.0,0.0,4.0,0.0,0.0,0.0,2.0,4.44,10
22500160,DAL,HOU,78.0,78.6,"(""D'Angelo Russell"", 'Jaden Hardy', 'Moussa Cisse')",1.8183333333333327,3,4,3,1,2,1,1,0,1,3,1,3.88,5.44,0.0,0.0,0.0,0.0,0.0,0.0,0.0,2.0,9.32,10
22500160,DAL,HOU,78.0,78.6,"(""D'Angelo Russell"", 'Jaden Hardy', 'Naji Marshall')",1.8183333333333327,3,4,3,1,2,1,1,0,1,3,1,3.88,5.44,0.0,0.0,0.0,0.0,0.0,0.0,0.0,2.0,9.32,10
22500160,DAL,HOU,78.0,78.6,"(""D'Angelo Russell"", 'Jaden Hardy', 'P.J. Washington')",1.8183333333333327,3,4,3,1,2,1,1,0,1,3,1,3.88,5.44,0.0,0.0,0.0,0.0,0.0,0.0,0.0,2.0,9.32,10
22500160,DAL,HOU,78.0,78.6,"(""D'Angelo Russell"", 'Moussa Cisse', 'Naji Marshall')",1.8183333333333327,3,4,3,1,2,1,1,0,1,3,1,3.88,5.44,0.0,0.0,0.0,0.0,0.0,0.0,0.0,2.0,9.32,10
22500160,DAL,HOU,78.0,78.6,"(""D'Angelo Russell"", 'Moussa Cisse', 'P.J. Washington')",1.8183333333333327,3,4,3,1,2,1,1,0,1,3,1,3.88,5.44,0.0,0.0,0.0,0.0,0.0,0.0,0.0,2.0,9.32,10
22500160,DAL,HOU,78.0,78.6,"(""D'Angelo Russell"", 'Naji Marshall', 'P.J. Washington')",1.8183333333333327,3,4,3,1,2,1,1,0,1,3,1,3.88,5.44,0.0,0.0,0.0,0.0,0.0,0.0,0.0,2.0,9.32,10
22500160,DAL,HOU,78.0,78.6,"('Jaden Hardy', 'Moussa Cisse', 'Naji Marshall')",1.8183333333333327,3,4,3,1,2,1,1,0,1,3,1,3.88,5.44,0.0,0.0,0.0,0.0,0.0,0.0,0.0,2.0,9.32,10
22500160,DAL,HOU,78.0,78.6,"('Jaden Hardy', 'Moussa Cisse', 'P.J. Washington')",1.8183333333333327,3,4,3,1,2,1,1,0,1,3,1,3.88,5.44,0.0,0.0,0.0,0.0,0.0,0.0,0.0,2.0,9.32,10
22500160,DAL,HOU,78.0,78.6,"('Jaden Hardy', 'Naji Marshall', 'P.J. Washington')",1.8183333333333327,3,4,3,1,2,1,1,0,1,3,1,3.88,5.44,0.0,0.0,0.0,0.0,0.0,0.0,0.0,2.0,9.32,10
22500160,DAL,HOU,78.0,78.6,"('Moussa Cisse', 'Naji Marshall', 'P.J. Washington')",1.8183333333333327,3,4,3,1,2,1,1,0,1,3,1,3.88,5.44,0.0,0.0,0.0,0.0,0.0,0.0,0.0,2.0,9.32,10
22500160,DAL,HOU,78.8,79.4,"('Cooper Flagg', ""D'Angelo Russell"", 'Daniel Gafford')",2.986666666666667,2,10,11,1,4,4,4,1,1,2,1,8.0,8.32,3.0,3.0,0.0,4.0,2.0,2.0,2.0,8.0,16.32,10
22500160,DAL,HOU,78.8,79.4,"('Cooper Flagg', ""D'Angelo Russell"", 'Max Christie')",2.986666666666667,2,10,11,1,4,4,4,1,1,2,1,8.0,8.32,3.0,3.0,0.0,4.0,2.0,2.0,2.0,8.0,16.32,10
22500160,DAL,HOU,78.8,79.4,"('Cooper Flagg', ""D'Angelo Russell"", 'P.J. Washington')",2.986666666666667,2,10,11,1,4,4,4,1,1,2,1,8.0,8.32,3.0,3.0,0.0,4.0,2.0,2.0,2.0,8.0,16.32,10
22500160,DAL,HOU,78.8,79.4,"('Cooper Flagg', 'Daniel Gafford', 'Max Christie')",2.986666666666667,2,10,11,1,4,4,4,1,1,2,1,8.0,8.32,3.0,3.0,0.0,4.0,2.0,2.0,2.0,8.0,16.32,10
22500160,DAL,HOU,78.8,79.4,"('Cooper Flagg', 'Daniel Gafford', 'P.J. Washington')",2.986666666666667,2,10,11,1,4,4,4,1,1,2,1,8.0,8.32,3.0,3.0,0.0,4.0,2.0,2.0,2.0,8.0,16.32,10
22500160,DAL,HOU,78.8,79.4,"('Cooper Flagg', 'Max Christie', 'P.J. Washington')",2.986666666666667,2,10,11,1,4,4,4,1,1,2,1,8.0,8.32,3.0,3.0,0.0,4.0,2.0,2.0,2.0,8.0,16.32,10
22500160,DAL,HOU,78.8,79.4,"(""D'Angelo Russell"", 'Daniel Gafford', 'Max Christie')",2.986666666666667,2,10,11,1,4,4,4,1,1,2,1,8.0,8.32,3.0,3.0,0.0,4.0,2.0,2.0,2.0,8.0,16.32,10
22500160,DAL,HOU,78.8,79.4,"(""D'Angelo Russell"", 'Daniel Gafford', 'P.J. Washington')",2.986666666666667,2,10,11,1,4,4,4,1,1,2,1,8.0,8.32,3.0,3.0,0.0,4.0,2.0,2.0,2.0,8.0,16.32,10
22500160,DAL,HOU,78.8,79.4,"(""D'Angelo Russell"", 'Max Christie', 'P.J. Washington')",2.986666666666667,2,10,11,1,4,4,4,1,1,2,1,8.0,8.32,3.0,3.0,0.0,4.0,2.0,2.0,2.0,8.0,16.32,10
22500160,DAL,HOU,78.8,79.4,"('Daniel Gafford', 'Max Christie', 'P.J. Washington')",2.986666666666667,2,10,11,1,4,4,4,1,1,2,1,8.0,8.32,3.0,3.0,0.0,4.0,2.0,2.0,2.0,8.0,16.32,10
22500160,DAL,HOU,78.2,78.8,"('Caleb Martin', ""D'Angelo Russell"", 'Klay Thompson')",1.8,2,6,4,2,3,2,1,0,0,0,0,4.0,3.0,0.0,0.0,0.0,4.0,0.0,0.0,2.0,4.0,7.0,10
22500160,DAL,HOU,78.2,78.8,"('Caleb Martin', ""D'Angelo Russell"", 'Moussa Cisse')",1.8,2,6,4,2,3,2,1,0,0,0,0,4.0,3.0,0.0,0.0,0.0,4.0,0.0,0.0,2.0,4.0,7.0,10
22500160,DAL,HOU,78.2,78.8,"('Caleb Martin', ""D'Angelo Russell"", 'P.J. Washington')",1.8,2,6,4,2,3,2,1,0,0,0,0,4.0,3.0,0.0,0.0,0.0,4.0,0.0,0.0,2.0,4.0,7.0,10
22500160,DAL,HOU,78.2,78.8,"('Caleb Martin', 'Klay Thompson', 'Moussa Cisse')",1.8,2,6,4,2,3,2,1,0,0,0,0,4.0,3.0,0.0,0.0,0.0,4.0,0.0,0.0,2.0,4.0,7.0,10
22500160,DAL,HOU,78.2,78.8,"('Caleb Martin', 'Klay Thompson', 'P.J. Washington')",1.8,2,6,4,2,3,2,1,0,0,0,0,4.0,3.0,0.0,0.0,0.0,4.0,0.0,0.0,2.0,4.0,7.0,10
22500160,DAL,HOU,78.2,78.8,"('Caleb Martin', 'Moussa Cisse', 'P.J. Washington')",1.8,2,6,4,2,3,2,1,0,0,0,0,4.0,3.0,0.0,0.0,0.0,4.0,0.0,0.0,2.0,4.0,7.0,10
22500160,DAL,HOU,78.2,78.8,"(""D'Angelo Russell"", 'Klay Thompson', 'Moussa Cisse')",1.8,2,6,4,2,3,2,1,0,0,0,0,4.0,3.0,0.0,0.0,0.0,4.0,0.0,0.0,2.0,4.0,7.0,10
22500160,DAL,HOU,78.2,78.8,"(""D'Angelo Russell"", 'Klay Thompson', 'P.J. Washington')",1.8,2,6,4,2,3,2,1,0,0,0,0,4.0,3.0,0.0,0.0,0.0,4.0,0.0,0.0,2.0,4.0,7.0,10
22500160,DAL,HOU,78.2,78.8,"(""D'Angelo Russell"", 'Moussa Cisse', 'P.J. Washington')",1.8,2,6,4,2,3,2,1,0,0,0,0,4.0,3.0,0.0,0.0,0.0,4.0,0.0,0.0,2.0,4.0,7.0,10
22500160,DAL,HOU,78.2,78.8,"('Klay Thompson', 'Moussa Cisse', 'P.J. Washington')",1.8,2,6,4,2,3,2,1,0,0,0,0,4.0,3.0,0.0,0.0,0.0,4.0,0.0,0.0,2.0,4.0,7.0,10
22500160,DAL,HOU,79.4,80.2,"('Cooper Flagg', 'Klay Thompson', 'Max Christie')",2.65,3,3,4,2,4,1,0,2,0,0,0,6.0,5.0,0.0,0.0,0.0,0.0,0.0,0.0,2.0,4.0,11.0,10
22500160,DAL,HOU,79.4,80.2,"('Cooper Flagg', 'Klay Thompson', 'Moussa Cisse')",2.65,3,3,4,2,4,1,0,2,0,0,0,6.0,5.0,0.0,0.0,0.0,0.0,0.0,0.0,2.0,4.0,11.0,10
22500160,DAL,HOU,79.4,80.2,"('Cooper Flagg', 'Klay Thompson', 'P.J. Washington')",2.65,3,3,4,2,4,1,0,2,0,0,0,6.0,5.0,0.0,0.0,0.0,0.0,0.0,0.0,2.0,4.0,11.0,10
22500160,DAL,HOU,79.4,80.2,"('Cooper Flagg', 'Max Christie', 'Moussa Cisse')",2.65,3,3,4,2,4,1,0,2,0,0,0,6.0,5.0,0.0,0.0,0.0,0.0,0.0,0.0,2.0,4.0,11.0,10
22500160,DAL,HOU,79.4,80.2,"('Cooper Flagg', 'Max Christie', 'P.J. Washington')",2.65,3,3,4,2,4,1,0,2,0,0,0,6.0,5.0,0.0,0.0,0.0,0.0,0.0,0.0,2.0,4.0,11.0,10
22500160,DAL,HOU,79.4,80.2,"('Cooper Flagg', 'Moussa Cisse', 'P.J. Washington')",2.65,3,3,4,2,4,1,0,2,0,0,0,6.0,5.0,0.0,0.0,0.0,0.0,0.0,0.0,2.0,4.0,11.0,10
22500160,DAL,HOU,79.4,80.2,"('Klay Thompson', 'Max Christie', 'Moussa Cisse')",2.65,3,3,4,2,4,1,0,2,0,0,0,6.0,5.0,0.0,0.0,0.0,0.0,0.0,0.0,2.0,4.0,11.0,10
22500160,DAL,HOU,79.4,80.2,"('Klay Thompson', 'Max Christie', 'P.J. Washington')",2.65,3,3,4,2,4,1,0,2,0,0,0,6.0,5.0,0.0,0.0,0.0,0.0,0.0,0.0,2.0,4.0,11.0,10
22500160,DAL,HOU,79.4,80.2,"('Klay Thompson', 'Moussa Cisse', 'P.J. Washington')",2.65,3,3,4,2,4,1,0,2,0,0,0,6.0,5.0,0.0,0.0,0.0,0.0,0.0,0.0,2.0,4.0,11.0,10
22500160,DAL,HOU,79.4,80.2,"('Max Christie', 'Moussa Cisse', 'P.J. Washington')",2.65,3,3,4,2,4,1,0,2,0,0,0,6.0,5.0,0.0,0.0,0.0,0.0,0.0,0.0,2.0,4.0,11.0,10
22500160,DAL,HOU,77.8,78.6,"(""D'Angelo Russell"", 'Dwight Powell', 'Jaden Hardy')",0.7916666666666666,3,2,0,2,0,0,0,1,1,0,0,2.0,3.0,0.0,0.0,0.0,2.0,0.0,0.0,0.0,0.0,5.0,10
22500160,DAL,HOU,77.8,78.6,"(""D'Angelo Russell"", 'Dwight Powell', 'Naji Marshall')",0.7916666666666666,3,2,0,2,0,0,0,1,1,0,0,2.0,3.0,0.0,0.0,0.0,2.0,0.0,0.0,0.0,0.0,5.0,10
22500160,DAL,HOU,77.8,78.6,"(""D'Angelo Russell"", 'Dwight Powell', 'P.J. Washington')",0.7916666666666666,3,2,0,2,0,0,0,1,1,0,0,2.0,3.0,0.0,0.0,0.0,2.0,0.0,0.0,0.0,0.0,5.0,10
22500160,DAL,HOU,77.8,78.6,"(""D'Angelo Russell"", 'Jaden Hardy', 'Naji Marshall')",0.7916666666666666,3,2,0,2,0,0,0,1,1,0,0,2.0,3.0,0.0,0.0,0.0,2.0,0.0,0.0,0.0,0.0,5.0,10
22500160,DAL,HOU,77.8,78.6,"(""D'Angelo Russell"", 'Jaden Hardy', 'P.J. Washington')",0.7916666666666666,3,2,0,2,0,0,0,1,1,0,0,2.0,3.0,0.0,0.0,0.0,2.0,0.0,0.0,0.0,0.0,5.0,10
22500160,DAL,HOU,77.8,78.6,"(""D'Angelo Russell"", 'Naji Marshall', 'P.J. Washington')",0.7916666666666666,3,2,0,2,0,0,0,1,1,0,0,2.0,3.0,0.0,0.0,0.0,2.0,0.0,0.0,0.0,0.0,5.0,10
22500160,DAL,HOU,77.8,78.6,"('Dwight Powell', 'Jaden Hardy', 'Naji Marshall')",0.7916666666666666,3,2,0,2,0,0,0,1,1,0,0,2.0,3.0,0.0,0.0,0.0,2.0,0.0,0.0,0.0,0.0,5.0,10
22500160,DAL,HOU,77.8,78.6,"('Dwight Powell', 'Jaden Hardy', 'P.J. Washington')",0.7916666666666666,3,2,0,2,0,0,0,1,1,0,0,2.0,3.0,0.0,0.0,0.0,2.0,0.0,0.0,0.0,0.0,5.0,10
22500160,DAL,HOU,77.8,78.6,"('Dwight Powell', 'Naji Marshall', 'P.J. Washington')",0.7916666666666666,3,2,0,2,0,0,0,1,1,0,0,2.0,3.0,0.0,0.0,0.0,2.0,0.0,0.0,0.0,0.0,5.0,10
22500160,DAL,HOU,77.8,78.6,"('Jaden Hardy', 'Naji Marshall', 'P.J. Washington')",0.7916666666666666,3,2,0,2,0,0,0,1,1,0,0,2.0,3.0,0.0,0.0,0.0,2.0,0.0,0.0,0.0,0.0,5.0,10
22500160,DAL,HOU,78.2,80.0,"(""D'Angelo Russell"", 'Dwight Powell', 'Max Christie')",0.7333333333333334,3,0,3,0,2,0,1,0,1,0,1,2.0,2.44,0.0,0.0,0.0,0.0,0.0,2.0,0.0,2.0,4.44,10
22500160,DAL,HOU,78.2,80.0,"(""D'Angelo Russell"", 'Dwight Powell', 'Naji Marshall')",0.7333333333333334,3,0,3,0,2,0,1,0,1,0,1,2.0,2.44,0.0,0.0,0.0,0.0,0.0,2.0,0.0,2.0,4.44,10
22500160,DAL,HOU,78.2,80.0,"(""D'Angelo Russell"", 'Dwight Powell', 'P.J. Washington')",0.7333333333333334,3,0,3,0,2,0,1,0,1,0,1,2.0,2.44,0.0,0.0,0.0,0.0,0.0,2.0,0.0,2.0,4.44,10
22500160,DAL,HOU,78.2,80.0,"(""D'Angelo Russell"", 'Max Christie', 'Naji Marshall')",0.7333333333333334,3,0,3,0,2,0,1,0,1,0,1,2.0,2.44,0.0,0.0,0.0,0.0,0.0,2.0,0.0,2.0,4.44,10
22500160,DAL,HOU,78.2,80.0,"(""D'Angelo Russell"", 'Max Christie', 'P.J. Washington')",0.7333333333333334,3,0,3,0,2,0,1,0,1,0,1,2.0,2.44,0.0,0.0,0.0,0.0,0.0,2.0,0.0,2.0,4.44,10
22500160,DAL,HOU,78.2,80.0,"(""D'Angelo Russell"", 'Naji Marshall', 'P.J. Washington')",0.7333333333333334,3,0,3,0,2,0,1,0,1,0,1,2.0,2.44,0.0,0.0,0.0,0.0,0.0,2.0,0.0,2.0,4.44,10
22500160,DAL,HOU,78.2,80.0,"('Dwight Powell', 'Max Christie', 'Naji Marshall')",0.7333333333333334,3,0,3,0,2,0,1,0,1,0,1,2.0,2.44,0.0,0.0,0.0,0.0,0.0,2.0,0.0,2.0,4.44,10
22500160,DAL,HOU,78.2,80.0,"('Dwight Powell', 'Max Christie', 'P.J. Washington')",0.7333333333333334,3,0,3,0,2,0,1,0,1,0,1,2.0,2.44,0.0,0.0,0.0,0.0,0.0,2.0,0.0,2.0,4.44,10
22500160,DAL,HOU,78.2,80.0,"('Dwight Powell', 'Naji Marshall', 'P.J. Washington')",0.7333333333333334,3,0,3,0,2,0,1,0,1,0,1,2.0,2.44,0.0,0.0,0.0,0.0,0.0,2.0,0.0,2.0,4.44,10
22500160,DAL,HOU,78.2,80.0,"('Max Christie', 'Naji Marshall', 'P.J. Washington')",0.7333333333333334,3,0,3,0,2,0,1,0,1,0,1,2.0,2.44,0.0,0.0,0.0,0.0,0.0,2.0,0.0,2.0,4.44,10
22500160,DAL,HOU,78.8,79.6,"('Brandon Williams', 'Daniel Gafford', 'Klay Thompson')",0.8999999999999999,4,2,3,2,1,0,1,0,1,0,1,3.0,3.0,0.0,0.0,2.0,2.0,0.0,0.0,0.0,0.0,6.0,10
22500160,DAL,HOU,78.8,79.6,"('Brandon Williams', 'Daniel Gafford', 'Naji Marshall')",0.8999999999999999,4,2,3,2,1,0,1,0,1,0,1,3.0,3.0,0.0,0.0,2.0,2.0,0.0,0.0,0.0,0.0,6.0,10
22500160,DAL,HOU,78.8,79.6,"('Brandon Williams', 'Daniel Gafford', 'P.J. Washington')",0.8999999999999999,4,2,3,2,1,0,1,0,1,0,1,3.0,3.0,0.0,0.0,2.0,2.0,0.0,0.0,0.0,0.0,6.0,10
22500160,DAL,HOU,78.8,79.6,"('Brandon Williams', 'Klay Thompson', 'Naji Marshall')",0.8999999999999999,4,2,3,2,1,0,1,0,1,0,1,3.0,3.0,0.0,0.0,2.0,2.0,0.0,0.0,0.0,0.0,6.0,10
22500160,DAL,HOU,78.8,79.6,"('Brandon Williams', 'Klay Thompson', 'P.J. Washington')",0.8999999999999999,4,2,3,2,1,0,1,0,1,0,1,3.0,3.0,0.0,0.0,2.0,2.0,0.0,0.0,0.0,0.0,6.0,10
22500160,DAL,HOU,78.8,79.6,"('Brandon Williams', 'Naji Marshall', 'P.J. Washington')",0.8999999999999999,4,2,3,2,1,0,1,0,1,0,1,3.0,3.0,0.0,0.0,2.0,2.0,0.0,0.0,0.0,0.0,6.0,10
22500160,DAL,HOU,78.8,79.6,"('Daniel Gafford', 'Klay Thompson', 'Naji Marshall')",0.8999999999999999,4,2,3,2,1,0,1,0,1,0,1,3.0,3.0,0.0,0.0,2.0,2.0,0.0,0.0,0.0,0.0,6.0,10
22500160,DAL,HOU,78.8,79.6,"('Daniel Gafford', 'Klay Thompson', 'P.J. Washington')",0.8999999999999999,4,2,3,2,1,0,1,0,1,0,1,3.0,3.0,0.0,0.0,2.0,2.0,0.0,0.0,0.0,0.0,6.0,10
22500160,DAL,HOU,78.8,79.6,"('Daniel Gafford', 'Naji Marshall', 'P.J. Washington')",0.8999999999999999,4,2,3,2,1,0,1,0,1,0,1,3.0,3.0,0.0,0.0,2.0,2.0,0.0,0.0,0.0,0.0,6.0,10
22500160,DAL,HOU,78.8,79.6,"('Klay Thompson', 'Naji Marshall', 'P.J. Washington')",0.8999999999999999,4,2,3,2,1,0,1,0,1,0,1,3.0,3.0,0.0,0.0,2.0,2.0,0.0,0.0,0.0,0.0,6.0,10
22500160,DAL,HOU,78.8,80.2,"('Cooper Flagg', ""D'Angelo Russell"", 'Dwight Powell')",1.05,4,3,3,0,0,0,0,0,0,1,2,1.32,1.44,0.0,0.0,0.0,0.0,0.0,0.0,0.0,2.0,2.76,10
22500160,DAL,HOU,78.8,80.2,"('Cooper Flagg', ""D'Angelo Russell"", 'Max Christie')",1.05,4,3,3,0,0,0,0,0,0,1,2,1.32,1.44,0.0,0.0,0.0,0.0,0.0,0.0,0.0,2.0,2.76,10
22500160,DAL,HOU,78.8,80.2,"('Cooper Flagg', ""D'Angelo Russell"", 'P.J. Washington')",1.05,4,3,3,0,0,0,0,0,0,1,2,1.32,1.44,0.0,0.0,0.0,0.0,0.0,0.0,0.0,2.0,2.76,10
22500160,DAL,HOU,78.8,80.2,"('Cooper Flagg', 'Dwight Powell', 'Max Christie')",1.05,4,3,3,0,0,0,0,0,0,1,2,1.32,1.44,0.0,0.0,0.0,0.0,0.0,0.0,0.0,2.0,2.76,10
22500160,DAL,HOU,78.8,80.2,"('Cooper Flagg', 'Dwight Powell', 'P.J. Washington')",1.05,4,3,3,0,0,0,0,0,0,1,2,1.32,1.44,0.0,0.0,0.0,0.0,0.0,0.0,0.0,2.0,2.76,10
22500160,DAL,HOU,78.8,80.2,"('Cooper Flagg', 'Max Christie', 'P.J. Washington')",1.05,4,3,3,0,0,0,0,0,0,1,2,1.32,1.44,0.0,0.0,0.0,0.0,0.0,0.0,0.0,2.0,2.76,10
22500160,DAL,HOU,78.8,80.2,"(""D'Angelo Russell"", 'Dwight Powell', 'Max Christie')",1.05,4,3,3,0,0,0,0,0,0,1,2,1.32,1.44,0.0,0.0,0.0,0.0,0.0,0.0,0.0,2.0,2.76,10
22500160,DAL,HOU,78.8,80.2,"(""D'Angelo Russell"", 'Dwight Powell', 'P.J. Washington')",1.05,4,3,3,0,0,0,0,0,0,1,2,1.32,1.44,0.0,0.0,0.0,0.0,0.0,0.0,0.0,2.0,2.76,10
22500160,DAL,HOU,78.8,80.2,"(""D'Angelo Russell"", 'Max Christie', 'P.J. Washington')",1.05,4,3,3,0,0,0,0,0,0,1,2,1.32,1.44,0.0,0.0,0.0,0.0,0.0,0.0,0.0,2.0,2.76,10
22500160,DAL,HOU,78.8,80.2,"('Dwight Powell', 'Max Christie', 'P.J. Washington')",1.05,4,3,3,0,0,0,0,0,0,1,2,1.32,1.44,0.0,0.0,0.0,0.0,0.0,0.0,0.0,2.0,2.76,10
22500160,DAL,HOU,78.8,78.0,"('Cooper Flagg', ""D'Angelo Russell"", 'Daniel Gafford')",6.1516666666666655,4,12,18,3,6,5,2,2,2,3,2,14.44,13.76,2.0,0.0,0.0,8.0,0.0,2.0,0.0,8.0,28.2,10
22500160,DAL,HOU,78.8,78.0,"('Cooper Flagg', ""D'Angelo Russell"", 'Max Christie')",6.1516666666666655,4,12,18,3,6,5,2,2,2,3,2,14.44,13.76,2.0,0.0,0.0,8.0,0.0,2.0,0.0,8.0,28.2,10
22500160,DAL,HOU,78.8,78.0,"('Cooper Flagg', ""D'Angelo Russell"", 'P.J. Washington')",6.1516666666666655,4,12,18,3,6,5,2,2,2,3,2,14.44,13.76,2.0,0.0,0.0,8.0,0.0,2.0,0.0,8.0,28.2,10
22500160,DAL,HOU,78.8,78.0,"('Cooper Flagg', 'Daniel Gafford', 'Max Christie')",6.1516666666666655,4,12,18,3,6,5,2,2,2,3,2,14.44,13.76,2.0,0.0,0.0,8.0,0.0,2.0,0.0,8.0,28.2,10
22500160,DAL,HOU,78.8,78.0,"('Cooper Flagg', 'Daniel Gafford', 'P.J. Washington')",6.1516666666666655,4,12,18,3,6,5,2,2,2,3,2,14.44,13.76,2.0,0.0,0.0,8.0,0.0,2.0,0.0,8.0,28.2,10
22500160,DAL,HOU,78.8,78.0,"('Cooper Flagg', 'Max Christie', 'P.J. Washington')",6.1516666666666655,4,12,18,3,6,5,2,2,2,3,2,14.44,13.76,2.0,0.0,0.0,8.0,0.0,2.0,0.0,8.0,28.2,10
22500160,DAL,HOU,78.8,78.0,"(""D'Angelo Russell"", 'Daniel Gafford', 'Max Christie')",6.1516666666666655,4,12,18,3,6,5,2,2,2,3,2,14.44,13.76,2.0,0.0,0.0,8.0,0.0,2.0,0.0,8.0,28.2,10
22500160,DAL,HOU,78.8,78.0,"(""D'Angelo Russell"", 'Daniel Gafford', 'P.J. Washington')",6.1516666666666655,4,12,18,3,6,5,2,2,2,3,2,14.44,13.76,2.0,0.0,0.0,8.0,0.0,2.0,0.0,8.0,28.2,10
22500160,DAL,HOU,78.8,78.0,"(""D'Angelo Russell"", 'Max Christie', 'P.J. Washington')",6.1516666666666655,4,12,18,3,6,5,2,2,2,3,2,14.44,13.76,2.0,0.0,0.0,8.0,0.0,2.0,0.0,8.0,28.2,10
22500160,DAL,HOU,78.8,78.0,"('Daniel Gafford', 'Max Christie', 'P.J. Washington')",6.1516666666666655,4,12,18,3,6,5,2,2,2,3,2,14.44,13.76,2.0,0.0,0.0,8.0,0.0,2.0,0.0,8.0,28.2,10
22500160,DAL,HOU,78.8,80.2,"('Cooper Flagg', ""D'Angelo Russell"", 'Max Christie')",0.6833333333333333,3,0,5,0,0,0,2,1,0,1,0,1.0,2.0,0.0,0.0,0.0,0.0,5.0,0.0,0.0,2.0,3.0,10
22500160,DAL,HOU,78.8,80.2,"('Cooper Flagg', ""D'Angelo Russell"", 'Moussa Cisse')",0.6833333333333333,3,0,5,0,0,0,2,1,0,1,0,1.0,2.0,0.0,0.0,0.0,0.0,5.0,0.0,0.0,2.0,3.0,10
22500160,DAL,HOU,78.8,80.2,"('Cooper Flagg', ""D'Angelo Russell"", 'Naji Marshall')",0.6833333333333333,3,0,5,0,0,0,2,1,0,1,0,1.0,2.0,0.0,0.0,0.0,0.0,5.0,0.0,0.0,2.0,3.0,10
22500160,DAL,HOU,78.8,80.2,"('Cooper Flagg', 'Max Christie', 'Moussa Cisse')",0.6833333333333333,3,0,5,0,0,0,2,1,0,1,0,1.0,2.0,0.0,0.0,0.0,0.0,5.0,0.0,0.0,2.0,3.0,10
22500160,DAL,HOU,78.8,80.2,"('Cooper Flagg', 'Max Christie', 'Naji Marshall')",0.6833333333333333,3,0,5,0,0,0,2,1,0,1,0,1.0,2.0,0.0,0.0,0.0,0.0,5.0,0.0,0.0,2.0,3.0,10
22500160,DAL,HOU,78.8,80.2,"('Cooper Flagg', 'Moussa Cisse', 'Naji Marshall')",0.6833333333333333,3,0,5,0,0,0,2,1,0,1,0,1.0,2.0,0.0,0.0,0.0,0.0,5.0,0.0,0.0,2.0,3.0,10
22500160,DAL,HOU,78.8,80.2,"(""D'Angelo Russell"", 'Max Christie', 'Moussa Cisse')",0.6833333333333333,3,0,5,0,0,0,2,1,0,1,0,1.0,2.0,0.0,0.0,0.0,0.0,5.0,0.0,0.0,2.0,3.0,10
22500160,DAL,HOU,78.8,80.2,"(""D'Angelo Russell"", 'Max Christie', 'Naji Marshall')",0.6833333333333333,3,0,5,0,0,0,2,1,0,1,0,1.0,2.0,0.0,0.0,0.0,0.0,5.0,0.0,0.0,2.0,3.0,10
22500160,DAL,HOU,78.8,80.2,"(""D'Angelo Russell"", 'Moussa Cisse', 'Naji Marshall')",0.6833333333333333,3,0,5,0,0,0,2,1,0,1,0,1.0,2.0,0.0,0.0,0.0,0.0,5.0,0.0,0.0,2.0,3.0,10
22500160,DAL,HOU,78.8,80.2,"('Max Christie', 'Moussa Cisse', 'Naji Marshall')",0.6833333333333333,3,0,5,0,0,0,2,1,0,1,0,1.0,2.0,0.0,0.0,0.0,0.0,5.0,0.0,0.0,2.0,3.0,10
22500160,DAL,HOU,78.6,80.2,"('Cooper Flagg', ""D'Angelo Russell"", 'Dwight Powell')",1.1333333333333333,3,3,3,0,2,1,1,0,1,1,1,3.0,2.44,0.0,0.0,0.0,0.0,0.0,0.0,0.0,2.0,5.44,10
22500160,DAL,HOU,78.6,80.2,"('Cooper Flagg', ""D'Angelo Russell"", 'Max Christie')",1.1333333333333333,3,3,3,0,2,1,1,0,1,1,1,3.0,2.44,0.0,0.0,0.0,0.0,0.0,0.0,0.0,2.0,5.44,10
22500160,DAL,HOU,78.6,80.2,"('Cooper Flagg', ""D'Angelo Russell"", 'Naji Marshall')",1.1333333333333333,3,3,3,0,2,1,1,0,1,1,1,3.0,2.44,0.0,0.0,0.0,0.0,0.0,0.0,0.0,2.0,5.44,10
22500160,DAL,HOU,78.6,80.2,"('Cooper Flagg', 'Dwight Powell', 'Max Christie')",1.1333333333333333,3,3,3,0,2,1,1,0,1,1,1,3.0,2.44,0.0,0.0,0.0,0.0,0.0,0.0,0.0,2.0,5.44,10
22500160,DAL,HOU,78.6,80.2,"('Cooper Flagg', 'Dwight Powell', 'Naji Marshall')",1.1333333333333333,3,3,3,0,2,1,1,0,1,1,1,3.0,2.44,0.0,0.0,0.0,0.0,0.0,0.0,0.0,2.0,5.44,10
22500160,DAL,HOU,78.6,80.2,"('Cooper Flagg', 'Max Christie', 'Naji Marshall')",1.1333333333333333,3,3,3,0,2,1,1,0,1,1,1,3.0,2.44,0.0,0.0,0.0,0.0,0.0,0.0,0.0,2.0,5.44,10
22500160,DAL,HOU,78.6,80.2,"(""D'Angelo Russell"", 'Dwight Powell', 'Max Christie')",1.1333333333333333,3,3,3,0,2,1,1,0,1,1,1,3.0,2.44,0.0,0.0,0.0,0.0,0.0,0.0,0.0,2.0,5.44,10
22500160,DAL,HOU,78.6,80.2,"(""D'Angelo Russell"", 'Dwight Powell', 'Naji Marshall')",1.1333333333333333,3,3,3,0,2,1,1,0,1,1,1,3.0,2.44,0.0,0.0,0.0,0.0,0.0,0.0,0.0,2.0,5.44,10
22500160,DAL,HOU,78.6,80.2,"(""D'Angelo Russell"", 'Max Christie', 'Naji Marshall')",1.1333333333333333,3,3,3,0,2,1,1,0,1,1,1,3.0,2.44,0.0,0.0,0.0,0.0,0.0,0.0,0.0,2.0,5.44,10
22500160,DAL,HOU,78.6,80.2,"('Dwight Powell', 'Max Christie', 'Naji Marshall')",1.1333333333333333,3,3,3,0,2,1,1,0,1,1,1,3.0,2.44,0.0,0.0,0.0,0.0,0.0,0.0,0.0,2.0,5.44,10
22500160,DAL,HOU,79.2,80.2,"('Cooper Flagg', 'Daniel Gafford', 'Klay Thompson')",2.75,3,7,2,5,2,2,1,0,1,1,3,6.32,7.0,2.0,0.0,0.0,4.0,0.0,0.0,0.0,2.0,13.32,10
22500160,DAL,HOU,79.2,80.2,"('Cooper Flagg', 'Daniel Gafford', 'Max Christie')",2.75,3,7,2,5,2,2,1,0,1,1,3,6.32,7.0,2.0,0.0,0.0,4.0,0.0,0.0,0.0,2.0,13.32,10
22500160,DAL,HOU,79.2,80.2,"('Cooper Flagg', 'Daniel Gafford', 'P.J. Washington')",2.75,3,7,2,5,2,2,1,0,1,1,3,6.32,7.0,2.0,0.0,0.0,4.0,0.0,0.0,0.0,2.0,13.32,10
22500160,DAL,HOU,79.2,80.2,"('Cooper Flagg', 'Klay Thompson', 'Max Christie')",2.75,3,7,2,5,2,2,1,0,1,1,3,6.32,7.0,2.0,0.0,0.0,4.0,0.0,0.0,0.0,2.0,13.32,10
22500160,DAL,HOU,79.2,80.2,"('Cooper Flagg', 'Klay Thompson', 'P.J. Washington')",2.75,3,7,2,5,2,2,1,0,1,1,3,6.32,7.0,2.0,0.0,0.0,4.0,0.0,0.0,0.0,2.0,13.32,10
22500160,DAL,HOU,79.2,80.2,"('Cooper Flagg', 'Max Christie', 'P.J. Washington')",2.75,3,7,2,5,2,2,1,0,1,1,3,6.32,7.0,2.0,0.0,0.0,4.0,0.0,0.0,0.0,2.0,13.32,10
22500160,DAL,HOU,79.2,80.2,"('Daniel Gafford', 'Klay Thompson', 'Max Christie')",2.75,3,7,2,5,2,2,1,0,1,1,3,6.32,7.0,2.0,0.0,0.0,4.0,0.0,0.0,0.0,2.0,13.32,10
22500160,DAL,HOU,79.2,80.2,"('Daniel Gafford', 'Klay Thompson', 'P.J. Washington')",2.75,3,7,2,5,2,2,1,0,1,1,3,6.32,7.0,2.0,0.0,0.0,4.0,0.0,0.0,0.0,2.0,13.32,10
22500160,DAL,HOU,79.2,80.2,"('Daniel Gafford', 'Max Christie', 'P.J. Washington')",2.75,3,7,2,5,2,2,1,0,1,1,3,6.32,7.0,2.0,0.0,0.0,4.0,0.0,0.0,0.0,2.0,13.32,10
22500160,DAL,HOU,79.2,80.2,"('Klay Thompson', 'Max Christie', 'P.J. Washington')",2.75,3,7,2,5,2,2,1,0,1,1,3,6.32,7.0,2.0,0.0,0.0,4.0,0.0,0.0,0.0,2.0,13.32,10
22500160,DAL,HOU,78.2,80.4,"(""D'Angelo Russell"", 'Daniel Gafford', 'Max Christie')",1.0333333333333332,4,6,0,2,0,2,0,1,1,0,0,3.44,3.0,3.0,2.0,0.0,2.0,0.0,0.0,0.0,0.0,6.44,10
22500160,DAL,HOU,78.2,80.4,"(""D'Angelo Russell"", 'Daniel Gafford', 'Naji Marshall')",1.0333333333333332,4,6,0,2,0,2,0,1,1,0,0,3.44,3.0,3.0,2.0,0.0,2.0,0.0,0.0,0.0,0.0,6.44,10
22500160,DAL,HOU,78.2,80.4,"(""D'Angelo Russell"", 'Daniel Gafford', 'P.J. Washington')",1.0333333333333332,4,6,0,2,0,2,0,1,1,0,0,3.44,3.0,3.0,2.0,0.0,2.0,0.0,0.0,0.0,0.0,6.44,10
22500160,DAL,HOU,78.2,80.4,"(""D'Angelo Russell"", 'Max Christie', 'Naji Marshall')",1.0333333333333332,4,6,0,2,0,2,0,1,1,0,0,3.44,3.0,3.0,2.0,0.0,2.0,0.0,0.0,0.0,0.0,6.44,10
22500160,DAL,HOU,78.2,80.4,"(""D'Angelo Russell"", 'Max Christie', 'P.J. Washington')",1.0333333333333332,4,6,0,2,0,2,0,1,1,0,0,3.44,3.0,3.0,2.0,0.0,2.0,0.0,0.0,0.0,0.0,6.44,10
22500160,DAL,HOU,78.2,80.4,"(""D'Angelo Russell"", 'Naji Marshall', 'P.J. Washington')",1.0333333333333332,4,6,0,2,0,2,0,1,1,0,0,3.44,3.0,3.0,2.0,0.0,2.0,0.0,0.0,0.0,0.0,6.44,10
22500160,DAL,HOU,78.2,80.4,"('Daniel Gafford', 'Max Christie', 'Naji Marshall')",1.0333333333333332,4,6,0,2,0,2,0,1,1,0,0,3.44,3.0,3.0,2.0,0.0,2.0,0.0,0.0,0.0,0.0,6.44,10
22500160,DAL,HOU,78.2,80.4,"('Daniel Gafford', 'Max Christie', 'P.J. Washington')",1.0333333333333332,4,6,0,2,0,2,0,1,1,0,0,3.44,3.0,3.0,2.0,0.0,2.0,0.0,0.0,0.0,0.0,6.44,10
22500160,DAL,HOU,78.2,80.4,"('Daniel Gafford', 'Naji Marshall', 'P.J. Washington')",1.0333333333333332,4,6,0,2,0,2,0,1,1,0,0,3.44,3.0,3.0,2.0,0.0,2.0,0.0,0.0,0.0,0.0,6.44,10
22500160,DAL,HOU,78.2,80.4,"('Max Christie', 'Naji Marshall', 'P.J. Washington')",1.0333333333333332,4,6,0,2,0,2,0,1,1,0,0,3.44,3.0,3.0,2.0,0.0,2.0,0.0,0.0,0.0,0.0,6.44,10
22500160,DAL,HOU,78.8,80.4,"('Brandon Williams', 'Daniel Gafford', 'Max Christie')",0.4166666666666666,4,1,2,0,1,0,0,0,0,0,1,1.44,1.0,0.0,0.0,0.0,0.0,0.0,0.0,0.0,0.0,2.44,10
22500160,DAL,HOU,78.8,80.4,"('Brandon Williams', 'Daniel Gafford', 'Naji Marshall')",0.4166666666666666,4,1,2,0,1,0,0,0,0,0,1,1.44,1.0,0.0,0.0,0.0,0.0,0.0,0.0,0.0,0.0,2.44,10
22500160,DAL,HOU,78.8,80.4,"('Brandon Williams', 'Daniel Gafford', 'P.J. Washington')",0.4166666666666666,4,1,2,0,1,0,0,0,0,0,1,1.44,1.0,0.0,0.0,0.0,0.0,0.0,0.0,0.0,0.0,2.44,10
22500160,DAL,HOU,78.8,80.4,"('Brandon Williams', 'Max Christie', 'Naji Marshall')",0.4166666666666666,4,1,2,0,1,0,0,0,0,0,1,1.44,1.0,0.0,0.0,0.0,0.0,0.0,0.0,0.0,0.0,2.44,10
22500160,DAL,HOU,78.8,80.4,"('Brandon Williams', 'Max Christie', 'P.J. Washington')",0.4166666666666666,4,1,2,0,1,0,0,0,0,0,1,1.44,1.0,0.0,0.0,0.0,0.0,0.0,0.0,0.0,0.0,2.44,10
22500160,DAL,HOU,78.8,80.4,"('Brandon Williams', 'Naji Marshall', 'P.J. Washington')",0.4166666666666666,4,1,2,0,1,0,0,0,0,0,1,1.44,1.0,0.0,0.0,0.0,0.0,0.0,0.0,0.0,0.0,2.44,10
22500160,DAL,HOU,78.8,80.4,"('Daniel Gafford', 'Max Christie', 'Naji Marshall')",0.4166666666666666,4,1,2,0,1,0,0,0,0,0,1,1.44,1.0,0.0,0.0,0.0,0.0,0.0,0.0,0.0,0.0,2.44,10
22500160,DAL,HOU,78.8,80.4,"('Daniel Gafford', 'Max Christie', 'P.J. Washington')",0.4166666666666666,4,1,2,0,1,0,0,0,0,0,1,1.44,1.0,0.0,0.0,0.0,0.0,0.0,0.0,0.0,0.0,2.44,10
22500160,DAL,HOU,78.8,80.4,"('Daniel Gafford', 'Naji Marshall', 'P.J. Washington')",0.4166666666666666,4,1,2,0,1,0,0,0,0,0,1,1.44,1.0,0.0,0.0,0.0,0.0,0.0,0.0,0.0,0.0,2.44,10
22500160,DAL,HOU,78.8,80.4,"('Max Christie', 'Naji Marshall', 'P.J. Washington')",0.4166666666666666,4,1,2,0,1,0,0,0,0,0,1,1.44,1.0,0.0,0.0,0.0,0.0,0.0,0.0,0.0,0.0,2.44,10
22500177,DAL,NOP,78.6,77.8,"('Brandon Williams', 'Cooper Flagg', 'Dwight Powell')",3.4900000000000007,3,9,7,3,4,1,1,0,1,1,1,7.0,6.0,2.0,0.0,0.0,6.0,0.0,0.0,2.0,4.0,13.0,11
22500177,DAL,NOP,78.6,77.8,"('Brandon Williams', 'Cooper Flagg', 'Jaden Hardy')",3.4900000000000007,3,9,7,3,4,1,1,0,1,1,1,7.0,6.0,2.0,0.0,0.0,6.0,0.0,0.0,2.0,4.0,13.0,11
22500177,DAL,NOP,78.6,77.8,"('Brandon Williams', 'Cooper Flagg', 'Klay Thompson')",3.4900000000000007,3,9,7,3,4,1,1,0,1,1,1,7.0,6.0,2.0,0.0,0.0,6.0,0.0,0.0,2.0,4.0,13.0,11
22500177,DAL,NOP,78.6,77.8,"('Brandon Williams', 'Dwight Powell', 'Jaden Hardy')",3.4900000000000007,3,9,7,3,4,1,1,0,1,1,1,7.0,6.0,2.0,0.0,0.0,6.0,0.0,0.0,2.0,4.0,13.0,11
22500177,DAL,NOP,78.6,77.8,"('Brandon Williams', 'Dwight Powell', 'Klay Thompson')",3.4900000000000007,3,9,7,3,4,1,1,0,1,1,1,7.0,6.0,2.0,0.0,0.0,6.0,0.0,0.0,2.0,4.0,13.0,11
22500177,DAL,NOP,78.6,77.8,"('Brandon Williams', 'Jaden Hardy', 'Klay Thompson')",3.4900000000000007,3,9,7,3,4,1,1,0,1,1,1,7.0,6.0,2.0,0.0,0.0,6.0,0.0,0.0,2.0,4.0,13.0,11
22500177,DAL,NOP,78.6,77.8,"('Cooper Flagg', 'Dwight Powell', 'Jaden Hardy')",3.4900000000000007,3,9,7,3,4,1,1,0,1,1,1,7.0,6.0,2.0,0.0,0.0,6.0,0.0,0.0,2.0,4.0,13.0,11
22500177,DAL,NOP,78.6,77.8,"('Cooper Flagg', 'Dwight Powell', 'Klay Thompson')",3.4900000000000007,3,9,7,3,4,1,1,0,1,1,1,7.0,6.0,2.0,0.0,0.0,6.0,0.0,0.0,2.0,4.0,13.0,11
22500177,DAL,NOP,78.6,77.8,"('Cooper Flagg', 'Jaden Hardy', 'Klay Thompson')",3.4900000000000007,3,9,7,3,4,1,1,0,1,1,1,7.0,6.0,2.0,0.0,0.0,6.0,0.0,0.0,2.0,4.0,13.0,11
22500177,DAL,NOP,78.6,77.8,"('Dwight Powell', 'Jaden Hardy', 'Klay Thompson')",3.4900000000000007,3,9,7,3,4,1,1,0,1,1,1,7.0,6.0,2.0,0.0,0.0,6.0,0.0,0.0,2.0,4.0,13.0,11
22500177,DAL,NOP,77.6,79.0,"(""D'Angelo Russell"", 'Dwight Powell', 'Jaden Hardy')",2.35,2,4,6,1,5,0,0,0,0,1,1,5.0,3.88,0.0,0.0,0.0,4.0,0.0,2.0,4.0,4.0,8.879999999999999,11
22500177,DAL,NOP,77.6,79.0,"(""D'Angelo Russell"", 'Dwight Powell', 'Max Christie')",2.35,2,4,6,1,5,0,0,0,0,1,1,5.0,3.88,0.0,0.0,0.0,4.0,0.0,2.0,4.0,4.0,8.879999999999999,11
22500177,DAL,NOP,77.6,79.0,"(""D'Angelo Russell"", 'Dwight Powell', 'P.J. Washington')",2.35,2,4,6,1,5,0,0,0,0,1,1,5.0,3.88,0.0,0.0,0.0,4.0,0.0,2.0,4.0,4.0,8.879999999999999,11
22500177,DAL,NOP,77.6,79.0,"(""D'Angelo Russell"", 'Jaden Hardy', 'Max Christie')",2.35,2,4,6,1,5,0,0,0,0,1,1,5.0,3.88,0.0,0.0,0.0,4.0,0.0,2.0,4.0,4.0,8.879999999999999,11
22500177,DAL,NOP,77.6,79.0,"(""D'Angelo Russell"", 'Jaden Hardy', 'P.J. Washington')",2.35,2,4,6,1,5,0,0,0,0,1,1,5.0,3.88,0.0,0.0,0.0,4.0,0.0,2.0,4.0,4.0,8.879999999999999,11
22500177,DAL,NOP,77.6,79.0,"(""D'Angelo Russell"", 'Max Christie', 'P.J. Washington')",2.35,2,4,6,1,5,0,0,0,0,1,1,5.0,3.88,0.0,0.0,0.0,4.0,0.0,2.0,4.0,4.0,8.879999999999999,11
22500177,DAL,NOP,77.6,79.0,"('Dwight Powell', 'Jaden Hardy', 'Max Christie')",2.35,2,4,6,1,5,0,0,0,0,1,1,5.0,3.88,0.0,0.0,0.0,4.0,0.0,2.0,4.0,4.0,8.879999999999999,11
22500177,DAL,NOP,77.6,79.0,"('Dwight Powell', 'Jaden Hardy', 'P.J. Washington')",2.35,2,4,6,1,5,0,0,0,0,1,1,5.0,3.88,0.0,0.0,0.0,4.0,0.0,2.0,4.0,4.0,8.879999999999999,11
22500177,DAL,NOP,77.6,79.0,"('Dwight Powell', 'Max Christie', 'P.J. Washington')",2.35,2,4,6,1,5,0,0,0,0,1,1,5.0,3.88,0.0,0.0,0.0,4.0,0.0,2.0,4.0,4.0,8.879999999999999,11
22500177,DAL,NOP,77.6,79.0,"('Jaden Hardy', 'Max Christie', 'P.J. Washington')",2.35,2,4,6,1,5,0,0,0,0,1,1,5.0,3.88,0.0,0.0,0.0,4.0,0.0,2.0,4.0,4.0,8.879999999999999,11
22500177,DAL,NOP,78.2,77.6,"('Dwight Powell', 'Jaden Hardy', 'Klay Thompson')",0.35,2,0,1,0,0,0,0,0,0,0,1,0.0,0.44,0.0,0.0,0.0,0.0,0.0,0.0,0.0,0.0,0.44,11
22500177,DAL,NOP,78.2,77.6,"('Dwight Powell', 'Jaden Hardy', 'Naji Marshall')",0.35,2,0,1,0,0,0,0,0,0,0,1,0.0,0.44,0.0,0.0,0.0,0.0,0.0,0.0,0.0,0.0,0.44,11
22500177,DAL,NOP,78.2,77.6,"('Dwight Powell', 'Jaden Hardy', 'P.J. Washington')",0.35,2,0,1,0,0,0,0,0,0,0,1,0.0,0.44,0.0,0.0,0.0,0.0,0.0,0.0,0.0,0.0,0.44,11
22500177,DAL,NOP,78.2,77.6,"('Dwight Powell', 'Klay Thompson', 'Naji Marshall')",0.35,2,0,1,0,0,0,0,0,0,0,1,0.0,0.44,0.0,0.0,0.0,0.0,0.0,0.0,0.0,0.0,0.44,11
22500177,DAL,NOP,78.2,77.6,"('Dwight Powell', 'Klay Thompson', 'P.J. Washington')",0.35,2,0,1,0,0,0,0,0,0,0,1,0.0,0.44,0.0,0.0,0.0,0.0,0.0,0.0,0.0,0.0,0.44,11
22500177,DAL,NOP,78.2,77.6,"('Dwight Powell', 'Naji Marshall', 'P.J. Washington')",0.35,2,0,1,0,0,0,0,0,0,0,1,0.0,0.44,0.0,0.0,0.0,0.0,0.0,0.0,0.0,0.0,0.44,11
22500177,DAL,NOP,78.2,77.6,"('Jaden Hardy', 'Klay Thompson', 'Naji Marshall')",0.35,2,0,1,0,0,0,0,0,0,0,1,0.0,0.44,0.0,0.0,0.0,0.0,0.0,0.0,0.0,0.0,0.44,11
22500177,DAL,NOP,78.2,77.6,"('Jaden Hardy', 'Klay Thompson', 'P.J. Washington')",0.35,2,0,1,0,0,0,0,0,0,0,1,0.0,0.44,0.0,0.0,0.0,0.0,0.0,0.0,0.0,0.0,0.44,11
22500177,DAL,NOP,78.2,77.6,"('Jaden Hardy', 'Naji Marshall', 'P.J. Washington')",0.35,2,0,1,0,0,0,0,0,0,0,1,0.0,0.44,0.0,0.0,0.0,0.0,0.0,0.0,0.0,0.0,0.44,11
22500177,DAL,NOP,78.2,77.6,"('Klay Thompson', 'Naji Marshall', 'P.J. Washington')",0.35,2,0,1,0,0,0,0,0,0,0,1,0.0,0.44,0.0,0.0,0.0,0.0,0.0,0.0,0.0,0.0,0.44,11
22500177,DAL,NOP,77.6,79.0,"(""D'Angelo Russell"", 'Daniel Gafford', 'Jaden Hardy')",0.5333333333333333,2,3,0,2,0,0,0,0,0,0,1,1.44,1.0,0.0,0.0,2.0,2.0,0.0,0.0,0.0,0.0,2.44,11
22500177,DAL,NOP,77.6,79.0,"(""D'Angelo Russell"", 'Daniel Gafford', 'Max Christie')",0.5333333333333333,2,3,0,2,0,0,0,0,0,0,1,1.44,1.0,0.0,0.0,2.0,2.0,0.0,0.0,0.0,0.0,2.44,11
22500177,DAL,NOP,77.6,79.0,"(""D'Angelo Russell"", 'Daniel Gafford', 'P.J. Washington')",0.5333333333333333,2,3,0,2,0,0,0,0,0,0,1,1.44,1.0,0.0,0.0,2.0,2.0,0.0,0.0,0.0,0.0,2.44,11
22500177,DAL,NOP,77.6,79.0,"(""D'Angelo Russell"", 'Jaden Hardy', 'Max Christie')",0.5333333333333333,2,3,0,2,0,0,0,0,0,0,1,1.44,1.0,0.0,0.0,2.0,2.0,0.0,0.0,0.0,0.0,2.44,11
22500177,DAL,NOP,77.6,79.0,"(""D'Angelo Russell"", 'Jaden Hardy', 'P.J. Washington')",0.5333333333333333,2,3,0,2,0,0,0,0,0,0,1,1.44,1.0,0.0,0.0,2.0,2.0,0.0,0.0,0.0,0.0,2.44,11
22500177,DAL,NOP,77.6,79.0,"(""D'Angelo Russell"", 'Max Christie', 'P.J. Washington')",0.5333333333333333,2,3,0,2,0,0,0,0,0,0,1,1.44,1.0,0.0,0.0,2.0,2.0,0.0,0.0,0.0,0.0,2.44,11
22500177,DAL,NOP,77.6,79.0,"('Daniel Gafford', 'Jaden Hardy', 'Max Christie')",0.5333333333333333,2,3,0,2,0,0,0,0,0,0,1,1.44,1.0,0.0,0.0,2.0,2.0,0.0,0.0,0.0,0.0,2.44,11
22500177,DAL,NOP,77.6,79.0,"('Daniel Gafford', 'Jaden Hardy', 'P.J. Washington')",0.5333333333333333,2,3,0,2,0,0,0,0,0,0,1,1.44,1.0,0.0,0.0,2.0,2.0,0.0,0.0,0.0,0.0,2.44,11
22500177,DAL,NOP,77.6,79.0,"('Daniel Gafford', 'Max Christie', 'P.J. Washington')",0.5333333333333333,2,3,0,2,0,0,0,0,0,0,1,1.44,1.0,0.0,0.0,2.0,2.0,0.0,0.0,0.0,0.0,2.44,11
22500177,DAL,NOP,77.6,79.0,"('Jaden Hardy', 'Max Christie', 'P.J. Washington')",0.5333333333333333,2,3,0,2,0,0,0,0,0,0,1,1.44,1.0,0.0,0.0,2.0,2.0,0.0,0.0,0.0,0.0,2.44,11
22500177,DAL,NOP,78.8,77.8,"('Brandon Williams', 'Daniel Gafford', 'Klay Thompson')",2.65,4,4,6,0,4,1,1,2,2,0,2,6.88,5.0,0.0,0.0,0.0,2.0,2.0,0.0,2.0,2.0,11.88,11
22500177,DAL,NOP,78.8,77.8,"('Brandon Williams', 'Daniel Gafford', 'Naji Marshall')",2.65,4,4,6,0,4,1,1,2,2,0,2,6.88,5.0,0.0,0.0,0.0,2.0,2.0,0.0,2.0,2.0,11.88,11
22500177,DAL,NOP,78.8,77.8,"('Brandon Williams', 'Daniel Gafford', 'P.J. Washington')",2.65,4,4,6,0,4,1,1,2,2,0,2,6.88,5.0,0.0,0.0,0.0,2.0,2.0,0.0,2.0,2.0,11.88,11
22500177,DAL,NOP,78.8,77.8,"('Brandon Williams', 'Klay Thompson', 'Naji Marshall')",2.65,4,4,6,0,4,1,1,2,2,0,2,6.88,5.0,0.0,0.0,0.0,2.0,2.0,0.0,2.0,2.0,11.88,11
22500177,DAL,NOP,78.8,77.8,"('Brandon Williams', 'Klay Thompson', 'P.J. Washington')",2.65,4,4,6,0,4,1,1,2,2,0,2,6.88,5.0,0.0,0.0,0.0,2.0,2.0,0.0,2.0,2.0,11.88,11
22500177,DAL,NOP,78.8,77.8,"('Brandon Williams', 'Naji Marshall', 'P.J. Washington')",2.65,4,4,6,0,4,1,1,2,2,0,2,6.88,5.0,0.0,0.0,0.0,2.0,2.0,0.0,2.0,2.0,11.88,11
22500177,DAL,NOP,78.8,77.8,"('Daniel Gafford', 'Klay Thompson', 'Naji Marshall')",2.65,4,4,6,0,4,1,1,2,2,0,2,6.88,5.0,0.0,0.0,0.0,2.0,2.0,0.0,2.0,2.0,11.88,11
22500177,DAL,NOP,78.8,77.8,"('Daniel Gafford', 'Klay Thompson', 'P.J. Washington')",2.65,4,4,6,0,4,1,1,2,2,0,2,6.88,5.0,0.0,0.0,0.0,2.0,2.0,0.0,2.0,2.0,11.88,11
22500177,DAL,NOP,78.8,77.8,"('Daniel Gafford', 'Naji Marshall', 'P.J. Washington')",2.65,4,4,6,0,4,1,1,2,2,0,2,6.88,5.0,0.0,0.0,0.0,2.0,2.0,0.0,2.0,2.0,11.88,11
22500177,DAL,NOP,78.8,77.8,"('Klay Thompson', 'Naji Marshall', 'P.J. Washington')",2.65,4,4,6,0,4,1,1,2,2,0,2,6.88,5.0,0.0,0.0,0.0,2.0,2.0,0.0,2.0,2.0,11.88,11
22500177,DAL,NOP,79.4,79.0,"('Cooper Flagg', 'Daniel Gafford', 'Klay Thompson')",3.133333333333333,4,6,4,5,2,0,2,2,0,0,2,5.88,6.0,0.0,0.0,2.0,4.0,2.0,2.0,0.0,4.0,11.88,11
22500177,DAL,NOP,79.4,79.0,"('Cooper Flagg', 'Daniel Gafford', 'Naji Marshall')",3.133333333333333,4,6,4,5,2,0,2,2,0,0,2,5.88,6.0,0.0,0.0,2.0,4.0,2.0,2.0,0.0,4.0,11.88,11
22500177,DAL,NOP,79.4,79.0,"('Cooper Flagg', 'Daniel Gafford', 'P.J. Washington')",3.133333333333333,4,6,4,5,2,0,2,2,0,0,2,5.88,6.0,0.0,0.0,2.0,4.0,2.0,2.0,0.0,4.0,11.88,11
22500177,DAL,NOP,79.4,79.0,"('Cooper Flagg', 'Klay Thompson', 'Naji Marshall')",3.133333333333333,4,6,4,5,2,0,2,2,0,0,2,5.88,6.0,0.0,0.0,2.0,4.0,2.0,2.0,0.0,4.0,11.88,11
22500177,DAL,NOP,79.4,79.0,"('Cooper Flagg', 'Klay Thompson', 'P.J. Washington')",3.133333333333333,4,6,4,5,2,0,2,2,0,0,2,5.88,6.0,0.0,0.0,2.0,4.0,2.0,2.0,0.0,4.0,11.88,11
22500177,DAL,NOP,79.4,79.0,"('Cooper Flagg', 'Naji Marshall', 'P.J. Washington')",3.133333333333333,4,6,4,5,2,0,2,2,0,0,2,5.88,6.0,0.0,0.0,2.0,4.0,2.0,2.0,0.0,4.0,11.88,11
22500177,DAL,NOP,79.4,79.0,"('Daniel Gafford', 'Klay Thompson', 'Naji Marshall')",3.133333333333333,4,6,4,5,2,0,2,2,0,0,2,5.88,6.0,0.0,0.0,2.0,4.0,2.0,2.0,0.0,4.0,11.88,11
22500177,DAL,NOP,79.4,79.0,"('Daniel Gafford', 'Klay Thompson', 'P.J. Washington')",3.133333333333333,4,6,4,5,2,0,2,2,0,0,2,5.88,6.0,0.0,0.0,2.0,4.0,2.0,2.0,0.0,4.0,11.88,11
22500177,DAL,NOP,79.4,79.0,"('Daniel Gafford', 'Naji Marshall', 'P.J. Washington')",3.133333333333333,4,6,4,5,2,0,2,2,0,0,2,5.88,6.0,0.0,0.0,2.0,4.0,2.0,2.0,0.0,4.0,11.88,11
22500177,DAL,NOP,79.4,79.0,"('Klay Thompson', 'Naji Marshall', 'P.J. Washington')",3.133333333333333,4,6,4,5,2,0,2,2,0,0,2,5.88,6.0,0.0,0.0,2.0,4.0,2.0,2.0,0.0,4.0,11.88,11
22500177,DAL,NOP,78.6,77.6,"('Cooper Flagg', 'Daniel Gafford', 'Jaden Hardy')",3.416666666666666,2,6,4,4,5,2,1,1,0,1,0,6.0,7.0,3.0,0.0,0.0,0.0,2.0,2.0,0.0,4.0,13.0,11
22500177,DAL,NOP,78.6,77.6,"('Cooper Flagg', 'Daniel Gafford', 'Klay Thompson')",3.416666666666666,2,6,4,4,5,2,1,1,0,1,0,6.0,7.0,3.0,0.0,0.0,0.0,2.0,2.0,0.0,4.0,13.0,11
22500177,DAL,NOP,78.6,77.6,"('Cooper Flagg', 'Daniel Gafford', 'Naji Marshall')",3.416666666666666,2,6,4,4,5,2,1,1,0,1,0,6.0,7.0,3.0,0.0,0.0,0.0,2.0,2.0,0.0,4.0,13.0,11
22500177,DAL,NOP,78.6,77.6,"('Cooper Flagg', 'Jaden Hardy', 'Klay Thompson')",3.416666666666666,2,6,4,4,5,2,1,1,0,1,0,6.0,7.0,3.0,0.0,0.0,0.0,2.0,2.0,0.0,4.0,13.0,11
22500177,DAL,NOP,78.6,77.6,"('Cooper Flagg', 'Jaden Hardy', 'Naji Marshall')",3.416666666666666,2,6,4,4,5,2,1,1,0,1,0,6.0,7.0,3.0,0.0,0.0,0.0,2.0,2.0,0.0,4.0,13.0,11
22500177,DAL,NOP,78.6,77.6,"('Cooper Flagg', 'Klay Thompson', 'Naji Marshall')",3.416666666666666,2,6,4,4,5,2,1,1,0,1,0,6.0,7.0,3.0,0.0,0.0,0.0,2.0,2.0,0.0,4.0,13.0,11
22500177,DAL,NOP,78.6,77.6,"('Daniel Gafford', 'Jaden Hardy', 'Klay Thompson')",3.416666666666666,2,6,4,4,5,2,1,1,0,1,0,6.0,7.0,3.0,0.0,0.0,0.0,2.0,2.0,0.0,4.0,13.0,11
22500177,DAL,NOP,78.6,77.6,"('Daniel Gafford', 'Jaden Hardy', 'Naji Marshall')",3.416666666666666,2,6,4,4,5,2,1,1,0,1,0,6.0,7.0,3.0,0.0,0.0,0.0,2.0,2.0,0.0,4.0,13.0,11
22500177,DAL,NOP,78.6,77.6,"('Daniel Gafford', 'Klay Thompson', 'Naji Marshall')",3.416666666666666,2,6,4,4,5,2,1,1,0,1,0,6.0,7.0,3.0,0.0,0.0,0.0,2.0,2.0,0.0,4.0,13.0,11
22500177,DAL,NOP,78.6,77.6,"('Jaden Hardy', 'Klay Thompson', 'Naji Marshall')",3.416666666666666,2,6,4,4,5,2,1,1,0,1,0,6.0,7.0,3.0,0.0,0.0,0.0,2.0,2.0,0.0,4.0,13.0,11
22500177,DAL,NOP,79.4,79.0,"('Brandon Williams', 'Cooper Flagg', 'Daniel Gafford')",2.2833333333333337,2,10,6,4,1,0,2,0,2,0,1,6.0,5.0,2.0,2.0,4.0,10.0,0.0,0.0,0.0,0.0,11.0,11
22500177,DAL,NOP,79.4,79.0,"('Brandon Williams', 'Cooper Flagg', 'Max Christie')",2.2833333333333337,2,10,6,4,1,0,2,0,2,0,1,6.0,5.0,2.0,2.0,4.0,10.0,0.0,0.0,0.0,0.0,11.0,11
22500177,DAL,NOP,79.4,79.0,"('Brandon Williams', 'Cooper Flagg', 'P.J. Washington')",2.2833333333333337,2,10,6,4,1,0,2,0,2,0,1,6.0,5.0,2.0,2.0,4.0,10.0,0.0,0.0,0.0,0.0,11.0,11
22500177,DAL,NOP,79.4,79.0,"('Brandon Williams', 'Daniel Gafford', 'Max Christie')",2.2833333333333337,2,10,6,4,1,0,2,0,2,0,1,6.0,5.0,2.0,2.0,4.0,10.0,0.0,0.0,0.0,0.0,11.0,11
22500177,DAL,NOP,79.4,79.0,"('Brandon Williams', 'Daniel Gafford', 'P.J. Washington')",2.2833333333333337,2,10,6,4,1,0,2,0,2,0,1,6.0,5.0,2.0,2.0,4.0,10.0,0.0,0.0,0.0,0.0,11.0,11
22500177,DAL,NOP,79.4,79.0,"('Brandon Williams', 'Max Christie', 'P.J. Washington')",2.2833333333333337,2,10,6,4,1,0,2,0,2,0,1,6.0,5.0,2.0,2.0,4.0,10.0,0.0,0.0,0.0,0.0,11.0,11
22500177,DAL,NOP,79.4,79.0,"('Cooper Flagg', 'Daniel Gafford', 'Max Christie')",2.2833333333333337,2,10,6,4,1,0,2,0,2,0,1,6.0,5.0,2.0,2.0,4.0,10.0,0.0,0.0,0.0,0.0,11.0,11
22500177,DAL,NOP,79.4,79.0,"('Cooper Flagg', 'Daniel Gafford', 'P.J. Washington')",2.2833333333333337,2,10,6,4,1,0,2,0,2,0,1,6.0,5.0,2.0,2.0,4.0,10.0,0.0,0.0,0.0,0.0,11.0,11
22500177,DAL,NOP,79.4,79.0,"('Cooper Flagg', 'Max Christie', 'P.J. Washington')",2.2833333333333337,2,10,6,4,1,0,2,0,2,0,1,6.0,5.0,2.0,2.0,4.0,10.0,0.0,0.0,0.0,0.0,11.0,11
22500177,DAL,NOP,79.4,79.0,"('Daniel Gafford', 'Max Christie', 'P.J. Washington')",2.2833333333333337,2,10,6,4,1,0,2,0,2,0,1,6.0,5.0,2.0,2.0,4.0,10.0,0.0,0.0,0.0,0.0,11.0,11
22500177,DAL,NOP,79.0,79.0,"('Cooper Flagg', ""D'Angelo Russell"", 'Max Christie')",1.7333333333333336,1,3,5,1,3,1,2,0,1,0,0,4.0,4.0,0.0,0.0,0.0,0.0,0.0,0.0,0.0,2.0,8.0,11
22500177,DAL,NOP,79.0,79.0,"('Cooper Flagg', ""D'Angelo Russell"", 'Moussa Cisse')",1.7333333333333336,1,3,5,1,3,1,2,0,1,0,0,4.0,4.0,0.0,0.0,0.0,0.0,0.0,0.0,0.0,2.0,8.0,11
22500177,DAL,NOP,79.0,79.0,"('Cooper Flagg', ""D'Angelo Russell"", 'P.J. Washington')",1.7333333333333336,1,3,5,1,3,1,2,0,1,0,0,4.0,4.0,0.0,0.0,0.0,0.0,0.0,0.0,0.0,2.0,8.0,11
22500177,DAL,NOP,79.0,79.0,"('Cooper Flagg', 'Max Christie', 'Moussa Cisse')",1.7333333333333336,1,3,5,1,3,1,2,0,1,0,0,4.0,4.0,0.0,0.0,0.0,0.0,0.0,0.0,0.0,2.0,8.0,11
22500177,DAL,NOP,79.0,79.0,"('Cooper Flagg', 'Max Christie', 'P.J. Washington')",1.7333333333333336,1,3,5,1,3,1,2,0,1,0,0,4.0,4.0,0.0,0.0,0.0,0.0,0.0,0.0,0.0,2.0,8.0,11
22500177,DAL,NOP,79.0,79.0,"('Cooper Flagg', 'Moussa Cisse', 'P.J. Washington')",1.7333333333333336,1,3,5,1,3,1,2,0,1,0,0,4.0,4.0,0.0,0.0,0.0,0.0,0.0,0.0,0.0,2.0,8.0,11
22500177,DAL,NOP,79.0,79.0,"(""D'Angelo Russell"", 'Max Christie', 'Moussa Cisse')",1.7333333333333336,1,3,5,1,3,1,2,0,1,0,0,4.0,4.0,0.0,0.0,0.0,0.0,0.0,0.0,0.0,2.0,8.0,11
22500177,DAL,NOP,79.0,79.0,"(""D'Angelo Russell"", 'Max Christie', 'P.J. Washington')",1.7333333333333336,1,3,5,1,3,1,2,0,1,0,0,4.0,4.0,0.0,0.0,0.0,0.0,0.0,0.0,0.0,2.0,8.0,11
22500177,DAL,NOP,79.0,79.0,"(""D'Angelo Russell"", 'Moussa Cisse', 'P.J. Washington')",1.7333333333333336,1,3,5,1,3,1,2,0,1,0,0,4.0,4.0,0.0,0.0,0.0,0.0,0.0,0.0,0.0,2.0,8.0,11
22500177,DAL,NOP,79.0,79.0,"('Max Christie', 'Moussa Cisse', 'P.J. Washington')",1.7333333333333336,1,3,5,1,3,1,2,0,1,0,0,4.0,4.0,0.0,0.0,0.0,0.0,0.0,0.0,0.0,2.0,8.0,11
22500177,DAL,NOP,79.0,78.8,"('Brandon Williams', 'Max Christie', 'Moussa Cisse')",0.4499999999999999,1,1,2,0,0,0,1,0,0,0,1,0.44,1.0,0.0,0.0,0.0,0.0,0.0,0.0,0.0,2.0,1.44,11
22500177,DAL,NOP,79.0,78.8,"('Brandon Williams', 'Max Christie', 'Naji Marshall')",0.4499999999999999,1,1,2,0,0,0,1,0,0,0,1,0.44,1.0,0.0,0.0,0.0,0.0,0.0,0.0,0.0,2.0,1.44,11
22500177,DAL,NOP,79.0,78.8,"('Brandon Williams', 'Max Christie', 'P.J. Washington')",0.4499999999999999,1,1,2,0,0,0,1,0,0,0,1,0.44,1.0,0.0,0.0,0.0,0.0,0.0,0.0,0.0,2.0,1.44,11
22500177,DAL,NOP,79.0,78.8,"('Brandon Williams', 'Moussa Cisse', 'Naji Marshall')",0.4499999999999999,1,1,2,0,0,0,1,0,0,0,1,0.44,1.0,0.0,0.0,0.0,0.0,0.0,0.0,0.0,2.0,1.44,11
22500177,DAL,NOP,79.0,78.8,"('Brandon Williams', 'Moussa Cisse', 'P.J. Washington')",0.4499999999999999,1,1,2,0,0,0,1,0,0,0,1,0.44,1.0,0.0,0.0,0.0,0.0,0.0,0.0,0.0,2.0,1.44,11
22500177,DAL,NOP,79.0,78.8,"('Brandon Williams', 'Naji Marshall', 'P.J. Washington')",0.4499999999999999,1,1,2,0,0,0,1,0,0,0,1,0.44,1.0,0.0,0.0,0.0,0.0,0.0,0.0,0.0,2.0,1.44,11
22500177,DAL,NOP,79.0,78.8,"('Max Christie', 'Moussa Cisse', 'Naji Marshall')",0.4499999999999999,1,1,2,0,0,0,1,0,0,0,1,0.44,1.0,0.0,0.0,0.0,0.0,0.0,0.0,0.0,2.0,1.44,11
22500177,DAL,NOP,79.0,78.8,"('Max Christie', 'Moussa Cisse', 'P.J. Washington')",0.4499999999999999,1,1,2,0,0,0,1,0,0,0,1,0.44,1.0,0.0,0.0,0.0,0.0,0.0,0.0,0.0,2.0,1.44,11
22500177,DAL,NOP,79.0,78.8,"('Max Christie', 'Naji Marshall', 'P.J. Washington')",0.4499999999999999,1,1,2,0,0,0,1,0,0,0,1,0.44,1.0,0.0,0.0,0.0,0.0,0.0,0.0,0.0,2.0,1.44,11
22500177,DAL,NOP,79.0,78.8,"('Moussa Cisse', 'Naji Marshall', 'P.J. Washington')",0.4499999999999999,1,1,2,0,0,0,1,0,0,0,1,0.44,1.0,0.0,0.0,0.0,0.0,0.0,0.0,0.0,2.0,1.44,11
22500177,DAL,NOP,78.8,78.4,"('Brandon Williams', 'Dwight Powell', 'Klay Thompson')",1.3666666666666667,1,5,5,2,1,1,0,1,0,1,0,4.0,4.0,0.0,0.0,0.0,0.0,0.0,0.0,0.0,2.0,8.0,11
22500177,DAL,NOP,78.8,78.4,"('Brandon Williams', 'Dwight Powell', 'Naji Marshall')",1.3666666666666667,1,5,5,2,1,1,0,1,0,1,0,4.0,4.0,0.0,0.0,0.0,0.0,0.0,0.0,0.0,2.0,8.0,11
22500177,DAL,NOP,78.8,78.4,"('Brandon Williams', 'Dwight Powell', 'P.J. Washington')",1.3666666666666667,1,5,5,2,1,1,0,1,0,1,0,4.0,4.0,0.0,0.0,0.0,0.0,0.0,0.0,0.0,2.0,8.0,11
22500177,DAL,NOP,78.8,78.4,"('Brandon Williams', 'Klay Thompson', 'Naji Marshall')",1.3666666666666667,1,5,5,2,1,1,0,1,0,1,0,4.0,4.0,0.0,0.0,0.0,0.0,0.0,0.0,0.0,2.0,8.0,11
22500177,DAL,NOP,78.8,78.4,"('Brandon Williams', 'Klay Thompson', 'P.J. Washington')",1.3666666666666667,1,5,5,2,1,1,0,1,0,1,0,4.0,4.0,0.0,0.0,0.0,0.0,0.0,0.0,0.0,2.0,8.0,11
22500177,DAL,NOP,78.8,78.4,"('Brandon Williams', 'Naji Marshall', 'P.J. Washington')",1.3666666666666667,1,5,5,2,1,1,0,1,0,1,0,4.0,4.0,0.0,0.0,0.0,0.0,0.0,0.0,0.0,2.0,8.0,11
22500177,DAL,NOP,78.8,78.4,"('Dwight Powell', 'Klay Thompson', 'Naji Marshall')",1.3666666666666667,1,5,5,2,1,1,0,1,0,1,0,4.0,4.0,0.0,0.0,0.0,0.0,0.0,0.0,0.0,2.0,8.0,11
22500177,DAL,NOP,78.8,78.4,"('Dwight Powell', 'Klay Thompson', 'P.J. Washington')",1.3666666666666667,1,5,5,2,1,1,0,1,0,1,0,4.0,4.0,0.0,0.0,0.0,0.0,0.0,0.0,0.0,2.0,8.0,11
22500177,DAL,NOP,78.8,78.4,"('Dwight Powell', 'Naji Marshall', 'P.J. Washington')",1.3666666666666667,1,5,5,2,1,1,0,1,0,1,0,4.0,4.0,0.0,0.0,0.0,0.0,0.0,0.0,0.0,2.0,8.0,11
22500177,DAL,NOP,78.8,78.4,"('Klay Thompson', 'Naji Marshall', 'P.J. Washington')",1.3666666666666667,1,5,5,2,1,1,0,1,0,1,0,4.0,4.0,0.0,0.0,0.0,0.0,0.0,0.0,0.0,2.0,8.0,11
22500177,DAL,NOP,79.2,77.6,"('Brandon Williams', 'Cooper Flagg', 'Dwight Powell')",2.565,1,4,6,3,4,1,0,1,0,1,2,6.88,6.32,2.0,0.0,0.0,2.0,0.0,0.0,0.0,0.0,13.2,11
22500177,DAL,NOP,79.2,77.6,"('Brandon Williams', 'Cooper Flagg', 'Klay Thompson')",2.565,1,4,6,3,4,1,0,1,0,1,2,6.88,6.32,2.0,0.0,0.0,2.0,0.0,0.0,0.0,0.0,13.2,11
22500177,DAL,NOP,79.2,77.6,"('Brandon Williams', 'Cooper Flagg', 'Naji Marshall')",2.565,1,4,6,3,4,1,0,1,0,1,2,6.88,6.32,2.0,0.0,0.0,2.0,0.0,0.0,0.0,0.0,13.2,11
22500177,DAL,NOP,79.2,77.6,"('Brandon Williams', 'Dwight Powell', 'Klay Thompson')",2.565,1,4,6,3,4,1,0,1,0,1,2,6.88,6.32,2.0,0.0,0.0,2.0,0.0,0.0,0.0,0.0,13.2,11
22500177,DAL,NOP,79.2,77.6,"('Brandon Williams', 'Dwight Powell', 'Naji Marshall')",2.565,1,4,6,3,4,1,0,1,0,1,2,6.88,6.32,2.0,0.0,0.0,2.0,0.0,0.0,0.0,0.0,13.2,11
22500177,DAL,NOP,79.2,77.6,"('Brandon Williams', 'Klay Thompson', 'Naji Marshall')",2.565,1,4,6,3,4,1,0,1,0,1,2,6.88,6.32,2.0,0.0,0.0,2.0,0.0,0.0,0.0,0.0,13.2,11
22500177,DAL,NOP,79.2,77.6,"('Cooper Flagg', 'Dwight Powell', 'Klay Thompson')",2.565,1,4,6,3,4,1,0,1,0,1,2,6.88,6.32,2.0,0.0,0.0,2.0,0.0,0.0,0.0,0.0,13.2,11
22500177,DAL,NOP,79.2,77.6,"('Cooper Flagg', 'Dwight Powell', 'Naji Marshall')",2.565,1,4,6,3,4,1,0,1,0,1,2,6.88,6.32,2.0,0.0,0.0,2.0,0.0,0.0,0.0,0.0,13.2,11
22500177,DAL,NOP,79.2,77.6,"('Cooper Flagg', 'Klay Thompson', 'Naji Marshall')",2.565,1,4,6,3,4,1,0,1,0,1,2,6.88,6.32,2.0,0.0,0.0,2.0,0.0,0.0,0.0,0.0,13.2,11
22500177,DAL,NOP,79.2,77.6,"('Dwight Powell', 'Klay Thompson', 'Naji Marshall')",2.565,1,4,6,3,4,1,0,1,0,1,2,6.88,6.32,2.0,0.0,0.0,2.0,0.0,0.0,0.0,0.0,13.2,11
22500177,DAL,NOP,79.0,79.0,"('Brandon Williams', 'Klay Thompson', 'Moussa Cisse')",1.15,1,3,0,1,2,1,0,0,1,0,1,3.0,3.0,0.0,0.0,0.0,0.0,0.0,0.0,0.0,0.0,6.0,11
22500177,DAL,NOP,79.0,79.0,"('Brandon Williams', 'Klay Thompson', 'Naji Marshall')",1.15,1,3,0,1,2,1,0,0,1,0,1,3.0,3.0,0.0,0.0,0.0,0.0,0.0,0.0,0.0,0.0,6.0,11
22500177,DAL,NOP,79.0,79.0,"('Brandon Williams', 'Klay Thompson', 'P.J. Washington')",1.15,1,3,0,1,2,1,0,0,1,0,1,3.0,3.0,0.0,0.0,0.0,0.0,0.0,0.0,0.0,0.0,6.0,11
22500177,DAL,NOP,79.0,79.0,"('Brandon Williams', 'Moussa Cisse', 'Naji Marshall')",1.15,1,3,0,1,2,1,0,0,1,0,1,3.0,3.0,0.0,0.0,0.0,0.0,0.0,0.0,0.0,0.0,6.0,11
22500177,DAL,NOP,79.0,79.0,"('Brandon Williams', 'Moussa Cisse', 'P.J. Washington')",1.15,1,3,0,1,2,1,0,0,1,0,1,3.0,3.0,0.0,0.0,0.0,0.0,0.0,0.0,0.0,0.0,6.0,11
22500177,DAL,NOP,79.0,79.0,"('Brandon Williams', 'Naji Marshall', 'P.J. Washington')",1.15,1,3,0,1,2,1,0,0,1,0,1,3.0,3.0,0.0,0.0,0.0,0.0,0.0,0.0,0.0,0.0,6.0,11
22500177,DAL,NOP,79.0,79.0,"('Klay Thompson', 'Moussa Cisse', 'Naji Marshall')",1.15,1,3,0,1,2,1,0,0,1,0,1,3.0,3.0,0.0,0.0,0.0,0.0,0.0,0.0,0.0,0.0,6.0,11
22500177,DAL,NOP,79.0,79.0,"('Klay Thompson', 'Moussa Cisse', 'P.J. Washington')",1.15,1,3,0,1,2,1,0,0,1,0,1,3.0,3.0,0.0,0.0,0.0,0.0,0.0,0.0,0.0,0.0,6.0,11
22500177,DAL,NOP,79.0,79.0,"('Klay Thompson', 'Naji Marshall', 'P.J. Washington')",1.15,1,3,0,1,2,1,0,0,1,0,1,3.0,3.0,0.0,0.0,0.0,0.0,0.0,0.0,0.0,0.0,6.0,11
22500177,DAL,NOP,79.0,79.0,"('Moussa Cisse', 'Naji Marshall', 'P.J. Washington')",1.15,1,3,0,1,2,1,0,0,1,0,1,3.0,3.0,0.0,0.0,0.0,0.0,0.0,0.0,0.0,0.0,6.0,11
22500177,DAL,NOP,78.8,79.0,"('Cooper Flagg', ""D'Angelo Russell"", 'Daniel Gafford')",4.516666666666666,1,3,11,5,7,1,2,3,0,2,0,12.0,9.88,0.0,0.0,0.0,0.0,2.0,2.0,0.0,6.0,21.880000000000003,11
22500177,DAL,NOP,78.8,79.0,"('Cooper Flagg', ""D'Angelo Russell"", 'Max Christie')",4.516666666666666,1,3,11,5,7,1,2,3,0,2,0,12.0,9.88,0.0,0.0,0.0,0.0,2.0,2.0,0.0,6.0,21.880000000000003,11
22500177,DAL,NOP,78.8,79.0,"('Cooper Flagg', ""D'Angelo Russell"", 'P.J. Washington')",4.516666666666666,1,3,11,5,7,1,2,3,0,2,0,12.0,9.88,0.0,0.0,0.0,0.0,2.0,2.0,0.0,6.0,21.880000000000003,11
22500177,DAL,NOP,78.8,79.0,"('Cooper Flagg', 'Daniel Gafford', 'Max Christie')",4.516666666666666,1,3,11,5,7,1,2,3,0,2,0,12.0,9.88,0.0,0.0,0.0,0.0,2.0,2.0,0.0,6.0,21.880000000000003,11
22500177,DAL,NOP,78.8,79.0,"('Cooper Flagg', 'Daniel Gafford', 'P.J. Washington')",4.516666666666666,1,3,11,5,7,1,2,3,0,2,0,12.0,9.88,0.0,0.0,0.0,0.0,2.0,2.0,0.0,6.0,21.880000000000003,11
22500177,DAL,NOP,78.8,79.0,"('Cooper Flagg', 'Max Christie', 'P.J. Washington')",4.516666666666666,1,3,11,5,7,1,2,3,0,2,0,12.0,9.88,0.0,0.0,0.0,0.0,2.0,2.0,0.0,6.0,21.880000000000003,11
22500177,DAL,NOP,78.8,79.0,"(""D'Angelo Russell"", 'Daniel Gafford', 'Max Christie')",4.516666666666666,1,3,11,5,7,1,2,3,0,2,0,12.0,9.88,0.0,0.0,0.0,0.0,2.0,2.0,0.0,6.0,21.880000000000003,11
22500177,DAL,NOP,78.8,79.0,"(""D'Angelo Russell"", 'Daniel Gafford', 'P.J. Washington')",4.516666666666666,1,3,11,5,7,1,2,3,0,2,0,12.0,9.88,0.0,0.0,0.0,0.0,2.0,2.0,0.0,6.0,21.880000000000003,11
22500177,DAL,NOP,78.8,79.0,"(""D'Angelo Russell"", 'Max Christie', 'P.J. Washington')",4.516666666666666,1,3,11,5,7,1,2,3,0,2,0,12.0,9.88,0.0,0.0,0.0,0.0,2.0,2.0,0.0,6.0,21.880000000000003,11
22500177,DAL,NOP,78.8,79.0,"('Daniel Gafford', 'Max Christie', 'P.J. Washington')",4.516666666666666,1,3,11,5,7,1,2,3,0,2,0,12.0,9.88,0.0,0.0,0.0,0.0,2.0,2.0,0.0,6.0,21.880000000000003,11
22500177,DAL,NOP,78.8,79.0,"('Cooper Flagg', ""D'Angelo Russell"", 'Daniel Gafford')",0.8,2,1,2,1,1,0,0,0,0,0,1,1.44,2.0,0.0,0.0,0.0,0.0,0.0,0.0,0.0,2.0,3.44,11
22500177,DAL,NOP,78.8,79.0,"('Cooper Flagg', ""D'Angelo Russell"", 'Max Christie')",0.8,2,1,2,1,1,0,0,0,0,0,1,1.44,2.0,0.0,0.0,0.0,0.0,0.0,0.0,0.0,2.0,3.44,11
22500177,DAL,NOP,78.8,79.0,"('Cooper Flagg', ""D'Angelo Russell"", 'P.J. Washington')",0.8,2,1,2,1,1,0,0,0,0,0,1,1.44,2.0,0.0,0.0,0.0,0.0,0.0,0.0,0.0,2.0,3.44,11
22500177,DAL,NOP,78.8,79.0,"('Cooper Flagg', 'Daniel Gafford', 'Max Christie')",0.8,2,1,2,1,1,0,0,0,0,0,1,1.44,2.0,0.0,0.0,0.0,0.0,0.0,0.0,0.0,2.0,3.44,11
22500177,DAL,NOP,78.8,79.0,"('Cooper Flagg', 'Daniel Gafford', 'P.J. Washington')",0.8,2,1,2,1,1,0,0,0,0,0,1,1.44,2.0,0.0,0.0,0.0,0.0,0.0,0.0,0.0,2.0,3.44,11
22500177,DAL,NOP,78.8,79.0,"('Cooper Flagg', 'Max Christie', 'P.J. Washington')",0.8,2,1,2,1,1,0,0,0,0,0,1,1.44,2.0,0.0,0.0,0.0,0.0,0.0,0.0,0.0,2.0,3.44,11
22500177,DAL,NOP,78.8,79.0,"(""D'Angelo Russell"", 'Daniel Gafford', 'Max Christie')",0.8,2,1,2,1,1,0,0,0,0,0,1,1.44,2.0,0.0,0.0,0.0,0.0,0.0,0.0,0.0,2.0,3.44,11
22500177,DAL,NOP,78.8,79.0,"(""D'Angelo Russell"", 'Daniel Gafford', 'P.J. Washington')",0.8,2,1,2,1,1,0,0,0,0,0,1,1.44,2.0,0.0,0.0,0.0,0.0,0.0,0.0,0.0,2.0,3.44,11
22500177,DAL,NOP,78.8,79.0,"(""D'Angelo Russell"", 'Max Christie', 'P.J. Washington')",0.8,2,1,2,1,1,0,0,0,0,0,1,1.44,2.0,0.0,0.0,0.0,0.0,0.0,0.0,0.0,2.0,3.44,11
22500177,DAL,NOP,78.8,79.0,"('Daniel Gafford', 'Max Christie', 'P.J. Washington')",0.8,2,1,2,1,1,0,0,0,0,0,1,1.44,2.0,0.0,0.0,0.0,0.0,0.0,0.0,0.0,2.0,3.44,11
22500177,DAL,NOP,78.6,78.4,"('Brandon Williams', 'Cooper Flagg', 'Max Christie')",2.1750000000000003,2,6,4,1,2,1,0,0,2,1,0,6.0,5.0,2.0,4.0,2.0,6.0,0.0,0.0,0.0,4.0,11.0,11
22500177,DAL,NOP,78.6,78.4,"('Brandon Williams', 'Cooper Flagg', 'Naji Marshall')",2.1750000000000003,2,6,4,1,2,1,0,0,2,1,0,6.0,5.0,2.0,4.0,2.0,6.0,0.0,0.0,0.0,4.0,11.0,11
22500177,DAL,NOP,78.6,78.4,"('Brandon Williams', 'Cooper Flagg', 'P.J. Washington')",2.1750000000000003,2,6,4,1,2,1,0,0,2,1,0,6.0,5.0,2.0,4.0,2.0,6.0,0.0,0.0,0.0,4.0,11.0,11
22500177,DAL,NOP,78.6,78.4,"('Brandon Williams', 'Max Christie', 'Naji Marshall')",2.1750000000000003,2,6,4,1,2,1,0,0,2,1,0,6.0,5.0,2.0,4.0,2.0,6.0,0.0,0.0,0.0,4.0,11.0,11
22500177,DAL,NOP,78.6,78.4,"('Brandon Williams', 'Max Christie', 'P.J. Washington')",2.1750000000000003,2,6,4,1,2,1,0,0,2,1,0,6.0,5.0,2.0,4.0,2.0,6.0,0.0,0.0,0.0,4.0,11.0,11
22500177,DAL,NOP,78.6,78.4,"('Brandon Williams', 'Naji Marshall', 'P.J. Washington')",2.1750000000000003,2,6,4,1,2,1,0,0,2,1,0,6.0,5.0,2.0,4.0,2.0,6.0,0.0,0.0,0.0,4.0,11.0,11
22500177,DAL,NOP,78.6,78.4,"('Cooper Flagg', 'Max Christie', 'Naji Marshall')",2.1750000000000003,2,6,4,1,2,1,0,0,2,1,0,6.0,5.0,2.0,4.0,2.0,6.0,0.0,0.0,0.0,4.0,11.0,11
22500177,DAL,NOP,78.6,78.4,"('Cooper Flagg', 'Max Christie', 'P.J. Washington')",2.1750000000000003,2,6,4,1,2,1,0,0,2,1,0,6.0,5.0,2.0,4.0,2.0,6.0,0.0,0.0,0.0,4.0,11.0,11
22500177,DAL,NOP,78.6,78.4,"('Cooper Flagg', 'Naji Marshall', 'P.J. Washington')",2.1750000000000003,2,6,4,1,2,1,0,0,2,1,0,6.0,5.0,2.0,4.0,2.0,6.0,0.0,0.0,0.0,4.0,11.0,11
22500177,DAL,NOP,78.6,78.4,"('Max Christie', 'Naji Marshall', 'P.J. Washington')",2.1750000000000003,2,6,4,1,2,1,0,0,2,1,0,6.0,5.0,2.0,4.0,2.0,6.0,0.0,0.0,0.0,4.0,11.0,11
22500177,DAL,NOP,77.2,78.6,"('Caleb Martin', ""D'Angelo Russell"", 'Klay Thompson')",0.9833333333333332,3,0,2,0,2,0,0,0,0,0,0,2.0,2.0,0.0,0.0,0.0,0.0,0.0,0.0,0.0,2.0,4.0,11
22500177,DAL,NOP,77.2,78.6,"('Caleb Martin', ""D'Angelo Russell"", 'Naji Marshall')",0.9833333333333332,3,0,2,0,2,0,0,0,0,0,0,2.0,2.0,0.0,0.0,0.0,0.0,0.0,0.0,0.0,2.0,4.0,11
22500177,DAL,NOP,77.2,78.6,"('Caleb Martin', ""D'Angelo Russell"", 'P.J. Washington')",0.9833333333333332,3,0,2,0,2,0,0,0,0,0,0,2.0,2.0,0.0,0.0,0.0,0.0,0.0,0.0,0.0,2.0,4.0,11
22500177,DAL,NOP,77.2,78.6,"('Caleb Martin', 'Klay Thompson', 'Naji Marshall')",0.9833333333333332,3,0,2,0,2,0,0,0,0,0,0,2.0,2.0,0.0,0.0,0.0,0.0,0.0,0.0,0.0,2.0,4.0,11
22500177,DAL,NOP,77.2,78.6,"('Caleb Martin', 'Klay Thompson', 'P.J. Washington')",0.9833333333333332,3,0,2,0,2,0,0,0,0,0,0,2.0,2.0,0.0,0.0,0.0,0.0,0.0,0.0,0.0,2.0,4.0,11
22500177,DAL,NOP,77.2,78.6,"('Caleb Martin', 'Naji Marshall', 'P.J. Washington')",0.9833333333333332,3,0,2,0,2,0,0,0,0,0,0,2.0,2.0,0.0,0.0,0.0,0.0,0.0,0.0,0.0,2.0,4.0,11
22500177,DAL,NOP,77.2,78.6,"(""D'Angelo Russell"", 'Klay Thompson', 'Naji Marshall')",0.9833333333333332,3,0,2,0,2,0,0,0,0,0,0,2.0,2.0,0.0,0.0,0.0,0.0,0.0,0.0,0.0,2.0,4.0,11
22500177,DAL,NOP,77.2,78.6,"(""D'Angelo Russell"", 'Klay Thompson', 'P.J. Washington')",0.9833333333333332,3,0,2,0,2,0,0,0,0,0,0,2.0,2.0,0.0,0.0,0.0,0.0,0.0,0.0,0.0,2.0,4.0,11
22500177,DAL,NOP,77.2,78.6,"(""D'Angelo Russell"", 'Naji Marshall', 'P.J. Washington')",0.9833333333333332,3,0,2,0,2,0,0,0,0,0,0,2.0,2.0,0.0,0.0,0.0,0.0,0.0,0.0,0.0,2.0,4.0,11
22500177,DAL,NOP,77.2,78.6,"('Klay Thompson', 'Naji Marshall', 'P.J. Washington')",0.9833333333333332,3,0,2,0,2,0,0,0,0,0,0,2.0,2.0,0.0,0.0,0.0,0.0,0.0,0.0,0.0,2.0,4.0,11
22500177,DAL,NOP,78.2,78.4,"('Brandon Williams', 'Caleb Martin', 'Cooper Flagg')",0.3166666666666666,3,0,2,1,1,0,0,0,0,0,0,1.0,1.0,0.0,0.0,0.0,0.0,0.0,2.0,0.0,2.0,2.0,11
22500177,DAL,NOP,78.2,78.4,"('Brandon Williams', 'Caleb Martin', 'Klay Thompson')",0.3166666666666666,3,0,2,1,1,0,0,0,0,0,0,1.0,1.0,0.0,0.0,0.0,0.0,0.0,2.0,0.0,2.0,2.0,11
22500177,DAL,NOP,78.2,78.4,"('Brandon Williams', 'Caleb Martin', 'Naji Marshall')",0.3166666666666666,3,0,2,1,1,0,0,0,0,0,0,1.0,1.0,0.0,0.0,0.0,0.0,0.0,2.0,0.0,2.0,2.0,11
22500177,DAL,NOP,78.2,78.4,"('Brandon Williams', 'Cooper Flagg', 'Klay Thompson')",0.3166666666666666,3,0,2,1,1,0,0,0,0,0,0,1.0,1.0,0.0,0.0,0.0,0.0,0.0,2.0,0.0,2.0,2.0,11
22500177,DAL,NOP,78.2,78.4,"('Brandon Williams', 'Cooper Flagg', 'Naji Marshall')",0.3166666666666666,3,0,2,1,1,0,0,0,0,0,0,1.0,1.0,0.0,0.0,0.0,0.0,0.0,2.0,0.0,2.0,2.0,11
22500177,DAL,NOP,78.2,78.4,"('Brandon Williams', 'Klay Thompson', 'Naji Marshall')",0.3166666666666666,3,0,2,1,1,0,0,0,0,0,0,1.0,1.0,0.0,0.0,0.0,0.0,0.0,2.0,0.0,2.0,2.0,11
22500177,DAL,NOP,78.2,78.4,"('Caleb Martin', 'Cooper Flagg', 'Klay Thompson')",0.3166666666666666,3,0,2,1,1,0,0,0,0,0,0,1.0,1.0,0.0,0.0,0.0,0.0,0.0,2.0,0.0,2.0,2.0,11
22500177,DAL,NOP,78.2,78.4,"('Caleb Martin', 'Cooper Flagg', 'Naji Marshall')",0.3166666666666666,3,0,2,1,1,0,0,0,0,0,0,1.0,1.0,0.0,0.0,0.0,0.0,0.0,2.0,0.0,2.0,2.0,11
22500177,DAL,NOP,78.2,78.4,"('Caleb Martin', 'Klay Thompson', 'Naji Marshall')",0.3166666666666666,3,0,2,1,1,0,0,0,0,0,0,1.0,1.0,0.0,0.0,0.0,0.0,0.0,2.0,0.0,2.0,2.0,11
22500177,DAL,NOP,78.2,78.4,"('Cooper Flagg', 'Klay Thompson', 'Naji Marshall')",0.3166666666666666,3,0,2,1,1,0,0,0,0,0,0,1.0,1.0,0.0,0.0,0.0,0.0,0.0,2.0,0.0,2.0,2.0,11
22500177,DAL,NOP,79.2,78.0,"('Brandon Williams', 'Cooper Flagg', 'Daniel Gafford')",0.1016666666666666,3,0,0,0,1,0,0,0,0,0,0,0.0,0.0,0.0,0.0,0.0,0.0,0.0,0.0,0.0,0.0,0.0,11
22500177,DAL,NOP,79.2,78.0,"('Brandon Williams', 'Cooper Flagg', 'Klay Thompson')",0.1016666666666666,3,0,0,0,1,0,0,0,0,0,0,0.0,0.0,0.0,0.0,0.0,0.0,0.0,0.0,0.0,0.0,0.0,11
22500177,DAL,NOP,79.2,78.0,"('Brandon Williams', 'Cooper Flagg', 'Naji Marshall')",0.1016666666666666,3,0,0,0,1,0,0,0,0,0,0,0.0,0.0,0.0,0.0,0.0,0.0,0.0,0.0,0.0,0.0,0.0,11
22500177,DAL,NOP,79.2,78.0,"('Brandon Williams', 'Daniel Gafford', 'Klay Thompson')",0.1016666666666666,3,0,0,0,1,0,0,0,0,0,0,0.0,0.0,0.0,0.0,0.0,0.0,0.0,0.0,0.0,0.0,0.0,11
22500177,DAL,NOP,79.2,78.0,"('Brandon Williams', 'Daniel Gafford', 'Naji Marshall')",0.1016666666666666,3,0,0,0,1,0,0,0,0,0,0,0.0,0.0,0.0,0.0,0.0,0.0,0.0,0.0,0.0,0.0,0.0,11
22500177,DAL,NOP,79.2,78.0,"('Brandon Williams', 'Klay Thompson', 'Naji Marshall')",0.1016666666666666,3,0,0,0,1,0,0,0,0,0,0,0.0,0.0,0.0,0.0,0.0,0.0,0.0,0.0,0.0,0.0,0.0,11
22500177,DAL,NOP,79.2,78.0,"('Cooper Flagg', 'Daniel Gafford', 'Klay Thompson')",0.1016666666666666,3,0,0,0,1,0,0,0,0,0,0,0.0,0.0,0.0,0.0,0.0,0.0,0.0,0.0,0.0,0.0,0.0,11
22500177,DAL,NOP,79.2,78.0,"('Cooper Flagg', 'Daniel Gafford', 'Naji Marshall')",0.1016666666666666,3,0,0,0,1,0,0,0,0,0,0,0.0,0.0,0.0,0.0,0.0,0.0,0.0,0.0,0.0,0.0,0.0,11
22500177,DAL,NOP,79.2,78.0,"('Cooper Flagg', 'Klay Thompson', 'Naji Marshall')",0.1016666666666666,3,0,0,0,1,0,0,0,0,0,0,0.0,0.0,0.0,0.0,0.0,0.0,0.0,0.0,0.0,0.0,0.0,11
22500177,DAL,NOP,79.2,78.0,"('Daniel Gafford', 'Klay Thompson', 'Naji Marshall')",0.1016666666666666,3,0,0,0,1,0,0,0,0,0,0,0.0,0.0,0.0,0.0,0.0,0.0,0.0,0.0,0.0,0.0,0.0,11
22500177,DAL,NOP,78.8,79.0,"('Cooper Flagg', ""D'Angelo Russell"", 'Daniel Gafford')",4.133333333333333,3,12,5,5,6,3,1,1,1,0,2,8.879999999999999,8.0,3.0,0.0,2.0,4.0,0.0,0.0,2.0,2.0,16.88,11
22500177,DAL,NOP,78.8,79.0,"('Cooper Flagg', ""D'Angelo Russell"", 'Max Christie')",4.133333333333333,3,12,5,5,6,3,1,1,1,0,2,8.879999999999999,8.0,3.0,0.0,2.0,4.0,0.0,0.0,2.0,2.0,16.88,11
22500177,DAL,NOP,78.8,79.0,"('Cooper Flagg', ""D'Angelo Russell"", 'P.J. Washington')",4.133333333333333,3,12,5,5,6,3,1,1,1,0,2,8.879999999999999,8.0,3.0,0.0,2.0,4.0,0.0,0.0,2.0,2.0,16.88,11
22500177,DAL,NOP,78.8,79.0,"('Cooper Flagg', 'Daniel Gafford', 'Max Christie')",4.133333333333333,3,12,5,5,6,3,1,1,1,0,2,8.879999999999999,8.0,3.0,0.0,2.0,4.0,0.0,0.0,2.0,2.0,16.88,11
22500177,DAL,NOP,78.8,79.0,"('Cooper Flagg', 'Daniel Gafford', 'P.J. Washington')",4.133333333333333,3,12,5,5,6,3,1,1,1,0,2,8.879999999999999,8.0,3.0,0.0,2.0,4.0,0.0,0.0,2.0,2.0,16.88,11
22500177,DAL,NOP,78.8,79.0,"('Cooper Flagg', 'Max Christie', 'P.J. Washington')",4.133333333333333,3,12,5,5,6,3,1,1,1,0,2,8.879999999999999,8.0,3.0,0.0,2.0,4.0,0.0,0.0,2.0,2.0,16.88,11
22500177,DAL,NOP,78.8,79.0,"(""D'Angelo Russell"", 'Daniel Gafford', 'Max Christie')",4.133333333333333,3,12,5,5,6,3,1,1,1,0,2,8.879999999999999,8.0,3.0,0.0,2.0,4.0,0.0,0.0,2.0,2.0,16.88,11
22500177,DAL,NOP,78.8,79.0,"(""D'Angelo Russell"", 'Daniel Gafford', 'P.J. Washington')",4.133333333333333,3,12,5,5,6,3,1,1,1,0,2,8.879999999999999,8.0,3.0,0.0,2.0,4.0,0.0,0.0,2.0,2.0,16.88,11
22500177,DAL,NOP,78.8,79.0,"(""D'Angelo Russell"", 'Max Christie', 'P.J. Washington')",4.133333333333333,3,12,5,5,6,3,1,1,1,0,2,8.879999999999999,8.0,3.0,0.0,2.0,4.0,0.0,0.0,2.0,2.0,16.88,11
22500177,DAL,NOP,78.8,79.0,"('Daniel Gafford', 'Max Christie', 'P.J. Washington')",4.133333333333333,3,12,5,5,6,3,1,1,1,0,2,8.879999999999999,8.0,3.0,0.0,2.0,4.0,0.0,0.0,2.0,2.0,16.88,11
22500177,DAL,NOP,77.2,78.6,"('Caleb Martin', ""D'Angelo Russell"", 'Max Christie')",2.183333333333333,3,5,7,1,1,2,3,1,1,1,0,4.0,5.0,2.0,0.0,0.0,2.0,2.0,0.0,0.0,4.0,9.0,11
22500177,DAL,NOP,77.2,78.6,"('Caleb Martin', ""D'Angelo Russell"", 'Naji Marshall')",2.183333333333333,3,5,7,1,1,2,3,1,1,1,0,4.0,5.0,2.0,0.0,0.0,2.0,2.0,0.0,0.0,4.0,9.0,11
22500177,DAL,NOP,77.2,78.6,"('Caleb Martin', ""D'Angelo Russell"", 'P.J. Washington')",2.183333333333333,3,5,7,1,1,2,3,1,1,1,0,4.0,5.0,2.0,0.0,0.0,2.0,2.0,0.0,0.0,4.0,9.0,11
22500177,DAL,NOP,77.2,78.6,"('Caleb Martin', 'Max Christie', 'Naji Marshall')",2.183333333333333,3,5,7,1,1,2,3,1,1,1,0,4.0,5.0,2.0,0.0,0.0,2.0,2.0,0.0,0.0,4.0,9.0,11
22500177,DAL,NOP,77.2,78.6,"('Caleb Martin', 'Max Christie', 'P.J. Washington')",2.183333333333333,3,5,7,1,1,2,3,1,1,1,0,4.0,5.0,2.0,0.0,0.0,2.0,2.0,0.0,0.0,4.0,9.0,11
22500177,DAL,NOP,77.2,78.6,"('Caleb Martin', 'Naji Marshall', 'P.J. Washington')",2.183333333333333,3,5,7,1,1,2,3,1,1,1,0,4.0,5.0,2.0,0.0,0.0,2.0,2.0,0.0,0.0,4.0,9.0,11
22500177,DAL,NOP,77.2,78.6,"(""D'Angelo Russell"", 'Max Christie', 'Naji Marshall')",2.183333333333333,3,5,7,1,1,2,3,1,1,1,0,4.0,5.0,2.0,0.0,0.0,2.0,2.0,0.0,0.0,4.0,9.0,11
22500177,DAL,NOP,77.2,78.6,"(""D'Angelo Russell"", 'Max Christie', 'P.J. Washington')",2.183333333333333,3,5,7,1,1,2,3,1,1,1,0,4.0,5.0,2.0,0.0,0.0,2.0,2.0,0.0,0.0,4.0,9.0,11
22500177,DAL,NOP,77.2,78.6,"(""D'Angelo Russell"", 'Naji Marshall', 'P.J. Washington')",2.183333333333333,3,5,7,1,1,2,3,1,1,1,0,4.0,5.0,2.0,0.0,0.0,2.0,2.0,0.0,0.0,4.0,9.0,11
22500177,DAL,NOP,77.2,78.6,"('Max Christie', 'Naji Marshall', 'P.J. Washington')",2.183333333333333,3,5,7,1,1,2,3,1,1,1,0,4.0,5.0,2.0,0.0,0.0,2.0,2.0,0.0,0.0,4.0,9.0,11
22500177,DAL,NOP,77.8,78.4,"('Brandon Williams', 'Caleb Martin', 'Klay Thompson')",0.5666666666666667,3,2,3,0,0,1,0,0,0,0,0,1.0,1.0,0.0,0.0,0.0,2.0,0.0,0.0,0.0,0.0,2.0,11
22500177,DAL,NOP,77.8,78.4,"('Brandon Williams', 'Caleb Martin', 'Naji Marshall')",0.5666666666666667,3,2,3,0,0,1,0,0,0,0,0,1.0,1.0,0.0,0.0,0.0,2.0,0.0,0.0,0.0,0.0,2.0,11
22500177,DAL,NOP,77.8,78.4,"('Brandon Williams', 'Caleb Martin', 'P.J. Washington')",0.5666666666666667,3,2,3,0,0,1,0,0,0,0,0,1.0,1.0,0.0,0.0,0.0,2.0,0.0,0.0,0.0,0.0,2.0,11
22500177,DAL,NOP,77.8,78.4,"('Brandon Williams', 'Klay Thompson', 'Naji Marshall')",0.5666666666666667,3,2,3,0,0,1,0,0,0,0,0,1.0,1.0,0.0,0.0,0.0,2.0,0.0,0.0,0.0,0.0,2.0,11
22500177,DAL,NOP,77.8,78.4,"('Brandon Williams', 'Klay Thompson', 'P.J. Washington')",0.5666666666666667,3,2,3,0,0,1,0,0,0,0,0,1.0,1.0,0.0,0.0,0.0,2.0,0.0,0.0,0.0,0.0,2.0,11
22500177,DAL,NOP,77.8,78.4,"('Brandon Williams', 'Naji Marshall', 'P.J. Washington')",0.5666666666666667,3,2,3,0,0,1,0,0,0,0,0,1.0,1.0,0.0,0.0,0.0,2.0,0.0,0.0,0.0,0.0,2.0,11
22500177,DAL,NOP,77.8,78.4,"('Caleb Martin', 'Klay Thompson', 'Naji Marshall')",0.5666666666666667,3,2,3,0,0,1,0,0,0,0,0,1.0,1.0,0.0,0.0,0.0,2.0,0.0,0.0,0.0,0.0,2.0,11
22500177,DAL,NOP,77.8,78.4,"('Caleb Martin', 'Klay Thompson', 'P.J. Washington')",0.5666666666666667,3,2,3,0,0,1,0,0,0,0,0,1.0,1.0,0.0,0.0,0.0,2.0,0.0,0.0,0.0,0.0,2.0,11
22500177,DAL,NOP,77.8,78.4,"('Caleb Martin', 'Naji Marshall', 'P.J. Washington')",0.5666666666666667,3,2,3,0,0,1,0,0,0,0,0,1.0,1.0,0.0,0.0,0.0,2.0,0.0,0.0,0.0,0.0,2.0,11
22500177,DAL,NOP,77.8,78.4,"('Klay Thompson', 'Naji Marshall', 'P.J. Washington')",0.5666666666666667,3,2,3,0,0,1,0,0,0,0,0,1.0,1.0,0.0,0.0,0.0,2.0,0.0,0.0,0.0,0.0,2.0,11
22500177,DAL,NOP,79.4,78.4,"('Cooper Flagg', 'Daniel Gafford', 'Max Christie')",0.7883333333333333,4,2,3,0,0,0,1,1,1,1,0,1.88,2.44,0.0,0.0,0.0,0.0,2.0,0.0,0.0,2.0,4.32,11
22500177,DAL,NOP,79.4,78.4,"('Cooper Flagg', 'Daniel Gafford', 'Naji Marshall')",0.7883333333333333,4,2,3,0,0,0,1,1,1,1,0,1.88,2.44,0.0,0.0,0.0,0.0,2.0,0.0,0.0,2.0,4.32,11
22500177,DAL,NOP,79.4,78.4,"('Cooper Flagg', 'Daniel Gafford', 'P.J. Washington')",0.7883333333333333,4,2,3,0,0,0,1,1,1,1,0,1.88,2.44,0.0,0.0,0.0,0.0,2.0,0.0,0.0,2.0,4.32,11
22500177,DAL,NOP,79.4,78.4,"('Cooper Flagg', 'Max Christie', 'Naji Marshall')",0.7883333333333333,4,2,3,0,0,0,1,1,1,1,0,1.88,2.44,0.0,0.0,0.0,0.0,2.0,0.0,0.0,2.0,4.32,11
22500177,DAL,NOP,79.4,78.4,"('Cooper Flagg', 'Max Christie', 'P.J. Washington')",0.7883333333333333,4,2,3,0,0,0,1,1,1,1,0,1.88,2.44,0.0,0.0,0.0,0.0,2.0,0.0,0.0,2.0,4.32,11
22500177,DAL,NOP,79.4,78.4,"('Cooper Flagg', 'Naji Marshall', 'P.J. Washington')",0.7883333333333333,4,2,3,0,0,0,1,1,1,1,0,1.88,2.44,0.0,0.0,0.0,0.0,2.0,0.0,0.0,2.0,4.32,11
22500177,DAL,NOP,79.4,78.4,"('Daniel Gafford', 'Max Christie', 'Naji Marshall')",0.7883333333333333,4,2,3,0,0,0,1,1,1,1,0,1.88,2.44,0.0,0.0,0.0,0.0,2.0,0.0,0.0,2.0,4.32,11
22500177,DAL,NOP,79.4,78.4,"('Daniel Gafford', 'Max Christie', 'P.J. Washington')",0.7883333333333333,4,2,3,0,0,0,1,1,1,1,0,1.88,2.44,0.0,0.0,0.0,0.0,2.0,0.0,0.0,2.0,4.32,11
22500177,DAL,NOP,79.4,78.4,"('Daniel Gafford', 'Naji Marshall', 'P.J. Washington')",0.7883333333333333,4,2,3,0,0,0,1,1,1,1,0,1.88,2.44,0.0,0.0,0.0,0.0,2.0,0.0,0.0,2.0,4.32,11
22500177,DAL,NOP,79.4,78.4,"('Max Christie', 'Naji Marshall', 'P.J. Washington')",0.7883333333333333,4,2,3,0,0,0,1,1,1,1,0,1.88,2.44,0.0,0.0,0.0,0.0,2.0,0.0,0.0,2.0,4.32,11
22500177,DAL,NOP,79.2,78.4,"('Cooper Flagg', 'Daniel Gafford', 'Klay Thompson')",0.8416666666666668,4,3,2,1,1,0,0,0,0,1,1,2.44,1.88,0.0,0.0,0.0,2.0,0.0,0.0,0.0,0.0,4.32,11
22500177,DAL,NOP,79.2,78.4,"('Cooper Flagg', 'Daniel Gafford', 'Max Christie')",0.8416666666666668,4,3,2,1,1,0,0,0,0,1,1,2.44,1.88,0.0,0.0,0.0,2.0,0.0,0.0,0.0,0.0,4.32,11
22500177,DAL,NOP,79.2,78.4,"('Cooper Flagg', 'Daniel Gafford', 'P.J. Washington')",0.8416666666666668,4,3,2,1,1,0,0,0,0,1,1,2.44,1.88,0.0,0.0,0.0,2.0,0.0,0.0,0.0,0.0,4.32,11
22500177,DAL,NOP,79.2,78.4,"('Cooper Flagg', 'Klay Thompson', 'Max Christie')",0.8416666666666668,4,3,2,1,1,0,0,0,0,1,1,2.44,1.88,0.0,0.0,0.0,2.0,0.0,0.0,0.0,0.0,4.32,11
22500177,DAL,NOP,79.2,78.4,"('Cooper Flagg', 'Klay Thompson', 'P.J. Washington')",0.8416666666666668,4,3,2,1,1,0,0,0,0,1,1,2.44,1.88,0.0,0.0,0.0,2.0,0.0,0.0,0.0,0.0,4.32,11
22500177,DAL,NOP,79.2,78.4,"('Cooper Flagg', 'Max Christie', 'P.J. Washington')",0.8416666666666668,4,3,2,1,1,0,0,0,0,1,1,2.44,1.88,0.0,0.0,0.0,2.0,0.0,0.0,0.0,0.0,4.32,11
22500177,DAL,NOP,79.2,78.4,"('Daniel Gafford', 'Klay Thompson', 'Max Christie')",0.8416666666666668,4,3,2,1,1,0,0,0,0,1,1,2.44,1.88,0.0,0.0,0.0,2.0,0.0,0.0,0.0,0.0,4.32,11
22500177,DAL,NOP,79.2,78.4,"('Daniel Gafford', 'Klay Thompson', 'P.J. Washington')",0.8416666666666668,4,3,2,1,1,0,0,0,0,1,1,2.44,1.88,0.0,0.0,0.0,2.0,0.0,0.0,0.0,0.0,4.32,11
22500177,DAL,NOP,79.2,78.4,"('Daniel Gafford', 'Max Christie', 'P.J. Washington')",0.8416666666666668,4,3,2,1,1,0,0,0,0,1,1,2.44,1.88,0.0,0.0,0.0,2.0,0.0,0.0,0.0,0.0,4.32,11
22500177,DAL,NOP,79.2,78.4,"('Klay Thompson', 'Max Christie', 'P.J. Washington')",0.8416666666666668,4,3,2,1,1,0,0,0,0,1,1,2.44,1.88,0.0,0.0,0.0,2.0,0.0,0.0,0.0,0.0,4.32,11
22500177,DAL,NOP,78.0,78.4,"('Cooper Flagg', ""D'Angelo Russell"", 'Max Christie')",3.116666666666668,4,5,8,3,1,2,1,2,0,3,1,6.44,6.88,0.0,0.0,2.0,2.0,4.0,4.0,0.0,4.0,13.32,11
22500177,DAL,NOP,78.0,78.4,"('Cooper Flagg', ""D'Angelo Russell"", 'Naji Marshall')",3.116666666666668,4,5,8,3,1,2,1,2,0,3,1,6.44,6.88,0.0,0.0,2.0,2.0,4.0,4.0,0.0,4.0,13.32,11
22500177,DAL,NOP,78.0,78.4,"('Cooper Flagg', ""D'Angelo Russell"", 'P.J. Washington')",3.116666666666668,4,5,8,3,1,2,1,2,0,3,1,6.44,6.88,0.0,0.0,2.0,2.0,4.0,4.0,0.0,4.0,13.32,11
22500177,DAL,NOP,78.0,78.4,"('Cooper Flagg', 'Max Christie', 'Naji Marshall')",3.116666666666668,4,5,8,3,1,2,1,2,0,3,1,6.44,6.88,0.0,0.0,2.0,2.0,4.0,4.0,0.0,4.0,13.32,11
22500177,DAL,NOP,78.0,78.4,"('Cooper Flagg', 'Max Christie', 'P.J. Washington')",3.116666666666668,4,5,8,3,1,2,1,2,0,3,1,6.44,6.88,0.0,0.0,2.0,2.0,4.0,4.0,0.0,4.0,13.32,11
22500177,DAL,NOP,78.0,78.4,"('Cooper Flagg', 'Naji Marshall', 'P.J. Washington')",3.116666666666668,4,5,8,3,1,2,1,2,0,3,1,6.44,6.88,0.0,0.0,2.0,2.0,4.0,4.0,0.0,4.0,13.32,11
22500177,DAL,NOP,78.0,78.4,"(""D'Angelo Russell"", 'Max Christie', 'Naji Marshall')",3.116666666666668,4,5,8,3,1,2,1,2,0,3,1,6.44,6.88,0.0,0.0,2.0,2.0,4.0,4.0,0.0,4.0,13.32,11
22500177,DAL,NOP,78.0,78.4,"(""D'Angelo Russell"", 'Max Christie', 'P.J. Washington')",3.116666666666668,4,5,8,3,1,2,1,2,0,3,1,6.44,6.88,0.0,0.0,2.0,2.0,4.0,4.0,0.0,4.0,13.32,11
22500177,DAL,NOP,78.0,78.4,"(""D'Angelo Russell"", 'Naji Marshall', 'P.J. Washington')",3.116666666666668,4,5,8,3,1,2,1,2,0,3,1,6.44,6.88,0.0,0.0,2.0,2.0,4.0,4.0,0.0,4.0,13.32,11
22500177,DAL,NOP,78.0,78.4,"('Max Christie', 'Naji Marshall', 'P.J. Washington')",3.116666666666668,4,5,8,3,1,2,1,2,0,3,1,6.44,6.88,0.0,0.0,2.0,2.0,4.0,4.0,0.0,4.0,13.32,11
22500177,DAL,NOP,79.4,79.0,"('Brandon Williams', 'Cooper Flagg', 'Daniel Gafford')",1.0833333333333337,4,2,0,0,2,0,0,0,1,1,0,2.0,1.0,0.0,0.0,0.0,2.0,0.0,0.0,0.0,0.0,3.0,11
22500177,DAL,NOP,79.4,79.0,"('Brandon Williams', 'Cooper Flagg', 'Max Christie')",1.0833333333333337,4,2,0,0,2,0,0,0,1,1,0,2.0,1.0,0.0,0.0,0.0,2.0,0.0,0.0,0.0,0.0,3.0,11
22500177,DAL,NOP,79.4,79.0,"('Brandon Williams', 'Cooper Flagg', 'P.J. Washington')",1.0833333333333337,4,2,0,0,2,0,0,0,1,1,0,2.0,1.0,0.0,0.0,0.0,2.0,0.0,0.0,0.0,0.0,3.0,11
22500177,DAL,NOP,79.4,79.0,"('Brandon Williams', 'Daniel Gafford', 'Max Christie')",1.0833333333333337,4,2,0,0,2,0,0,0,1,1,0,2.0,1.0,0.0,0.0,0.0,2.0,0.0,0.0,0.0,0.0,3.0,11
22500177,DAL,NOP,79.4,79.0,"('Brandon Williams', 'Daniel Gafford', 'P.J. Washington')",1.0833333333333337,4,2,0,0,2,0,0,0,1,1,0,2.0,1.0,0.0,0.0,0.0,2.0,0.0,0.0,0.0,0.0,3.0,11
22500177,DAL,NOP,79.4,79.0,"('Brandon Williams', 'Max Christie', 'P.J. Washington')",1.0833333333333337,4,2,0,0,2,0,0,0,1,1,0,2.0,1.0,0.0,0.0,0.0,2.0,0.0,0.0,0.0,0.0,3.0,11
22500177,DAL,NOP,79.4,79.0,"('Cooper Flagg', 'Daniel Gafford', 'Max Christie')",1.0833333333333337,4,2,0,0,2,0,0,0,1,1,0,2.0,1.0,0.0,0.0,0.0,2.0,0.0,0.0,0.0,0.0,3.0,11
22500177,DAL,NOP,79.4,79.0,"('Cooper Flagg', 'Daniel Gafford', 'P.J. Washington')",1.0833333333333337,4,2,0,0,2,0,0,0,1,1,0,2.0,1.0,0.0,0.0,0.0,2.0,0.0,0.0,0.0,0.0,3.0,11
22500177,DAL,NOP,79.4,79.0,"('Cooper Flagg', 'Max Christie', 'P.J. Washington')",1.0833333333333337,4,2,0,0,2,0,0,0,1,1,0,2.0,1.0,0.0,0.0,0.0,2.0,0.0,0.0,0.0,0.0,3.0,11
22500177,DAL,NOP,79.4,79.0,"('Daniel Gafford', 'Max Christie', 'P.J. Washington')",1.0833333333333337,4,2,0,0,2,0,0,0,1,1,0,2.0,1.0,0.0,0.0,0.0,2.0,0.0,0.0,0.0,0.0,3.0,11
22500183,DAL,WAS,79.0,78.4,"('Brandon Williams', 'Cooper Flagg', 'Jaden Hardy')",2.5,3,6,9,1,3,2,2,1,0,0,0,6.0,5.44,0.0,0.0,0.0,6.0,0.0,0.0,2.0,6.0,11.44,12
22500183,DAL,WAS,79.0,78.4,"('Brandon Williams', 'Cooper Flagg', 'Moussa Cisse')",2.5,3,6,9,1,3,2,2,1,0,0,0,6.0,5.44,0.0,0.0,0.0,6.0,0.0,0.0,2.0,6.0,11.44,12
22500183,DAL,WAS,79.0,78.4,"('Brandon Williams', 'Cooper Flagg', 'Naji Marshall')",2.5,3,6,9,1,3,2,2,1,0,0,0,6.0,5.44,0.0,0.0,0.0,6.0,0.0,0.0,2.0,6.0,11.44,12
22500183,DAL,WAS,79.0,78.4,"('Brandon Williams', 'Jaden Hardy', 'Moussa Cisse')",2.5,3,6,9,1,3,2,2,1,0,0,0,6.0,5.44,0.0,0.0,0.0,6.0,0.0,0.0,2.0,6.0,11.44,12
22500183,DAL,WAS,79.0,78.4,"('Brandon Williams', 'Jaden Hardy', 'Naji Marshall')",2.5,3,6,9,1,3,2,2,1,0,0,0,6.0,5.44,0.0,0.0,0.0,6.0,0.0,0.0,2.0,6.0,11.44,12
22500183,DAL,WAS,79.0,78.4,"('Brandon Williams', 'Moussa Cisse', 'Naji Marshall')",2.5,3,6,9,1,3,2,2,1,0,0,0,6.0,5.44,0.0,0.0,0.0,6.0,0.0,0.0,2.0,6.0,11.44,12
22500183,DAL,WAS,79.0,78.4,"('Cooper Flagg', 'Jaden Hardy', 'Moussa Cisse')",2.5,3,6,9,1,3,2,2,1,0,0,0,6.0,5.44,0.0,0.0,0.0,6.0,0.0,0.0,2.0,6.0,11.44,12
22500183,DAL,WAS,79.0,78.4,"('Cooper Flagg', 'Jaden Hardy', 'Naji Marshall')",2.5,3,6,9,1,3,2,2,1,0,0,0,6.0,5.44,0.0,0.0,0.0,6.0,0.0,0.0,2.0,6.0,11.44,12
22500183,DAL,WAS,79.0,78.4,"('Cooper Flagg', 'Moussa Cisse', 'Naji Marshall')",2.5,3,6,9,1,3,2,2,1,0,0,0,6.0,5.44,0.0,0.0,0.0,6.0,0.0,0.0,2.0,6.0,11.44,12
22500183,DAL,WAS,79.0,78.4,"('Jaden Hardy', 'Moussa Cisse', 'Naji Marshall')",2.5,3,6,9,1,3,2,2,1,0,0,0,6.0,5.44,0.0,0.0,0.0,6.0,0.0,0.0,2.0,6.0,11.44,12
22500183,DAL,WAS,79.4,79.2,"('Brandon Williams', 'Cooper Flagg', 'Max Christie')",1.2666666666666666,3,1,3,0,2,0,0,1,1,1,1,3.44,2.44,0.0,0.0,0.0,0.0,0.0,2.0,0.0,2.0,5.88,12
22500183,DAL,WAS,79.4,79.2,"('Brandon Williams', 'Cooper Flagg', 'Moussa Cisse')",1.2666666666666666,3,1,3,0,2,0,0,1,1,1,1,3.44,2.44,0.0,0.0,0.0,0.0,0.0,2.0,0.0,2.0,5.88,12
22500183,DAL,WAS,79.4,79.2,"('Brandon Williams', 'Cooper Flagg', 'Naji Marshall')",1.2666666666666666,3,1,3,0,2,0,0,1,1,1,1,3.44,2.44,0.0,0.0,0.0,0.0,0.0,2.0,0.0,2.0,5.88,12
22500183,DAL,WAS,79.4,79.2,"('Brandon Williams', 'Max Christie', 'Moussa Cisse')",1.2666666666666666,3,1,3,0,2,0,0,1,1,1,1,3.44,2.44,0.0,0.0,0.0,0.0,0.0,2.0,0.0,2.0,5.88,12
22500183,DAL,WAS,79.4,79.2,"('Brandon Williams', 'Max Christie', 'Naji Marshall')",1.2666666666666666,3,1,3,0,2,0,0,1,1,1,1,3.44,2.44,0.0,0.0,0.0,0.0,0.0,2.0,0.0,2.0,5.88,12
22500183,DAL,WAS,79.4,79.2,"('Brandon Williams', 'Moussa Cisse', 'Naji Marshall')",1.2666666666666666,3,1,3,0,2,0,0,1,1,1,1,3.44,2.44,0.0,0.0,0.0,0.0,0.0,2.0,0.0,2.0,5.88,12
22500183,DAL,WAS,79.4,79.2,"('Cooper Flagg', 'Max Christie', 'Moussa Cisse')",1.2666666666666666,3,1,3,0,2,0,0,1,1,1,1,3.44,2.44,0.0,0.0,0.0,0.0,0.0,2.0,0.0,2.0,5.88,12
22500183,DAL,WAS,79.4,79.2,"('Cooper Flagg', 'Max Christie', 'Naji Marshall')",1.2666666666666666,3,1,3,0,2,0,0,1,1,1,1,3.44,2.44,0.0,0.0,0.0,0.0,0.0,2.0,0.0,2.0,5.88,12
22500183,DAL,WAS,79.4,79.2,"('Cooper Flagg', 'Moussa Cisse', 'Naji Marshall')",1.2666666666666666,3,1,3,0,2,0,0,1,1,1,1,3.44,2.44,0.0,0.0,0.0,0.0,0.0,2.0,0.0,2.0,5.88,12
22500183,DAL,WAS,79.4,79.2,"('Max Christie', 'Moussa Cisse', 'Naji Marshall')",1.2666666666666666,3,1,3,0,2,0,0,1,1,1,1,3.44,2.44,0.0,0.0,0.0,0.0,0.0,2.0,0.0,2.0,5.88,12
22500183,DAL,WAS,79.4,77.4,"('Brandon Williams', 'Cooper Flagg', 'Daniel Gafford')",1.2500000000000002,4,4,0,2,0,0,0,1,0,0,0,3.0,2.0,4.0,0.0,0.0,4.0,0.0,0.0,0.0,0.0,5.0,12
22500183,DAL,WAS,79.4,77.4,"('Brandon Williams', 'Cooper Flagg', 'Max Christie')",1.2500000000000002,4,4,0,2,0,0,0,1,0,0,0,3.0,2.0,4.0,0.0,0.0,4.0,0.0,0.0,0.0,0.0,5.0,12
22500183,DAL,WAS,79.4,77.4,"('Brandon Williams', 'Cooper Flagg', 'P.J. Washington')",1.2500000000000002,4,4,0,2,0,0,0,1,0,0,0,3.0,2.0,4.0,0.0,0.0,4.0,0.0,0.0,0.0,0.0,5.0,12
22500183,DAL,WAS,79.4,77.4,"('Brandon Williams', 'Daniel Gafford', 'Max Christie')",1.2500000000000002,4,4,0,2,0,0,0,1,0,0,0,3.0,2.0,4.0,0.0,0.0,4.0,0.0,0.0,0.0,0.0,5.0,12
22500183,DAL,WAS,79.4,77.4,"('Brandon Williams', 'Daniel Gafford', 'P.J. Washington')",1.2500000000000002,4,4,0,2,0,0,0,1,0,0,0,3.0,2.0,4.0,0.0,0.0,4.0,0.0,0.0,0.0,0.0,5.0,12
22500183,DAL,WAS,79.4,77.4,"('Brandon Williams', 'Max Christie', 'P.J. Washington')",1.2500000000000002,4,4,0,2,0,0,0,1,0,0,0,3.0,2.0,4.0,0.0,0.0,4.0,0.0,0.0,0.0,0.0,5.0,12
22500183,DAL,WAS,79.4,77.4,"('Cooper Flagg', 'Daniel Gafford', 'Max Christie')",1.2500000000000002,4,4,0,2,0,0,0,1,0,0,0,3.0,2.0,4.0,0.0,0.0,4.0,0.0,0.0,0.0,0.0,5.0,12
22500183,DAL,WAS,79.4,77.4,"('Cooper Flagg', 'Daniel Gafford', 'P.J. Washington')",1.2500000000000002,4,4,0,2,0,0,0,1,0,0,0,3.0,2.0,4.0,0.0,0.0,4.0,0.0,0.0,0.0,0.0,5.0,12
22500183,DAL,WAS,79.4,77.4,"('Cooper Flagg', 'Max Christie', 'P.J. Washington')",1.2500000000000002,4,4,0,2,0,0,0,1,0,0,0,3.0,2.0,4.0,0.0,0.0,4.0,0.0,0.0,0.0,0.0,5.0,12
22500183,DAL,WAS,79.4,77.4,"('Daniel Gafford', 'Max Christie', 'P.J. Washington')",1.2500000000000002,4,4,0,2,0,0,0,1,0,0,0,3.0,2.0,4.0,0.0,0.0,4.0,0.0,0.0,0.0,0.0,5.0,12
22500183,DAL,WAS,79.4,78.0,"('Brandon Williams', 'Cooper Flagg', 'Max Christie')",1.35,4,4,6,1,1,1,0,0,0,2,1,4.0,2.44,0.0,0.0,2.0,4.0,0.0,2.0,0.0,0.0,6.44,12
22500183,DAL,WAS,79.4,78.0,"('Brandon Williams', 'Cooper Flagg', 'Moussa Cisse')",1.35,4,4,6,1,1,1,0,0,0,2,1,4.0,2.44,0.0,0.0,2.0,4.0,0.0,2.0,0.0,0.0,6.44,12
22500183,DAL,WAS,79.4,78.0,"('Brandon Williams', 'Cooper Flagg', 'Naji Marshall')",1.35,4,4,6,1,1,1,0,0,0,2,1,4.0,2.44,0.0,0.0,2.0,4.0,0.0,2.0,0.0,0.0,6.44,12
22500183,DAL,WAS,79.4,78.0,"('Brandon Williams', 'Max Christie', 'Moussa Cisse')",1.35,4,4,6,1,1,1,0,0,0,2,1,4.0,2.44,0.0,0.0,2.0,4.0,0.0,2.0,0.0,0.0,6.44,12
22500183,DAL,WAS,79.4,78.0,"('Brandon Williams', 'Max Christie', 'Naji Marshall')",1.35,4,4,6,1,1,1,0,0,0,2,1,4.0,2.44,0.0,0.0,2.0,4.0,0.0,2.0,0.0,0.0,6.44,12
22500183,DAL,WAS,79.4,78.0,"('Brandon Williams', 'Moussa Cisse', 'Naji Marshall')",1.35,4,4,6,1,1,1,0,0,0,2,1,4.0,2.44,0.0,0.0,2.0,4.0,0.0,2.0,0.0,0.0,6.44,12
22500183,DAL,WAS,79.4,78.0,"('Cooper Flagg', 'Max Christie', 'Moussa Cisse')",1.35,4,4,6,1,1,1,0,0,0,2,1,4.0,2.44,0.0,0.0,2.0,4.0,0.0,2.0,0.0,0.0,6.44,12
22500183,DAL,WAS,79.4,78.0,"('Cooper Flagg', 'Max Christie', 'Naji Marshall')",1.35,4,4,6,1,1,1,0,0,0,2,1,4.0,2.44,0.0,0.0,2.0,4.0,0.0,2.0,0.0,0.0,6.44,12
22500183,DAL,WAS,79.4,78.0,"('Cooper Flagg', 'Moussa Cisse', 'Naji Marshall')",1.35,4,4,6,1,1,1,0,0,0,2,1,4.0,2.44,0.0,0.0,2.0,4.0,0.0,2.0,0.0,0.0,6.44,12
22500183,DAL,WAS,79.4,78.0,"('Max Christie', 'Moussa Cisse', 'Naji Marshall')",1.35,4,4,6,1,1,1,0,0,0,2,1,4.0,2.44,0.0,0.0,2.0,4.0,0.0,2.0,0.0,0.0,6.44,12
22500183,DAL,WAS,79.6,78.8,"('Brandon Williams', 'Cooper Flagg', 'Max Christie')",1.2666666666666666,3,0,4,0,2,0,1,0,1,0,0,2.0,3.0,0.0,0.0,0.0,0.0,0.0,0.0,0.0,4.0,5.0,12
22500183,DAL,WAS,79.6,78.8,"('Brandon Williams', 'Cooper Flagg', 'Moussa Cisse')",1.2666666666666666,3,0,4,0,2,0,1,0,1,0,0,2.0,3.0,0.0,0.0,0.0,0.0,0.0,0.0,0.0,4.0,5.0,12
22500183,DAL,WAS,79.6,78.8,"('Brandon Williams', 'Cooper Flagg', 'P.J. Washington')",1.2666666666666666,3,0,4,0,2,0,1,0,1,0,0,2.0,3.0,0.0,0.0,0.0,0.0,0.0,0.0,0.0,4.0,5.0,12
22500183,DAL,WAS,79.6,78.8,"('Brandon Williams', 'Max Christie', 'Moussa Cisse')",1.2666666666666666,3,0,4,0,2,0,1,0,1,0,0,2.0,3.0,0.0,0.0,0.0,0.0,0.0,0.0,0.0,4.0,5.0,12
22500183,DAL,WAS,79.6,78.8,"('Brandon Williams', 'Max Christie', 'P.J. Washington')",1.2666666666666666,3,0,4,0,2,0,1,0,1,0,0,2.0,3.0,0.0,0.0,0.0,0.0,0.0,0.0,0.0,4.0,5.0,12
22500183,DAL,WAS,79.6,78.8,"('Brandon Williams', 'Moussa Cisse', 'P.J. Washington')",1.2666666666666666,3,0,4,0,2,0,1,0,1,0,0,2.0,3.0,0.0,0.0,0.0,0.0,0.0,0.0,0.0,4.0,5.0,12
22500183,DAL,WAS,79.6,78.8,"('Cooper Flagg', 'Max Christie', 'Moussa Cisse')",1.2666666666666666,3,0,4,0,2,0,1,0,1,0,0,2.0,3.0,0.0,0.0,0.0,0.0,0.0,0.0,0.0,4.0,5.0,12
22500183,DAL,WAS,79.6,78.8,"('Cooper Flagg', 'Max Christie', 'P.J. Washington')",1.2666666666666666,3,0,4,0,2,0,1,0,1,0,0,2.0,3.0,0.0,0.0,0.0,0.0,0.0,0.0,0.0,4.0,5.0,12
22500183,DAL,WAS,79.6,78.8,"('Cooper Flagg', 'Moussa Cisse', 'P.J. Washington')",1.2666666666666666,3,0,4,0,2,0,1,0,1,0,0,2.0,3.0,0.0,0.0,0.0,0.0,0.0,0.0,0.0,4.0,5.0,12
22500183,DAL,WAS,79.6,78.8,"('Max Christie', 'Moussa Cisse', 'P.J. Washington')",1.2666666666666666,3,0,4,0,2,0,1,0,1,0,0,2.0,3.0,0.0,0.0,0.0,0.0,0.0,0.0,0.0,4.0,5.0,12
22500183,DAL,WAS,78.6,78.0,"('Brandon Williams', 'Cooper Flagg', 'Max Christie')",4.748333333333334,4,11,5,8,2,3,0,0,2,1,3,10.2,10.44,2.0,2.0,2.0,6.0,0.0,0.0,2.0,2.0,20.64,12
22500183,DAL,WAS,78.6,78.0,"('Brandon Williams', 'Cooper Flagg', 'Naji Marshall')",4.748333333333334,4,11,5,8,2,3,0,0,2,1,3,10.2,10.44,2.0,2.0,2.0,6.0,0.0,0.0,2.0,2.0,20.64,12
22500183,DAL,WAS,78.6,78.0,"('Brandon Williams', 'Cooper Flagg', 'P.J. Washington')",4.748333333333334,4,11,5,8,2,3,0,0,2,1,3,10.2,10.44,2.0,2.0,2.0,6.0,0.0,0.0,2.0,2.0,20.64,12
22500183,DAL,WAS,78.6,78.0,"('Brandon Williams', 'Max Christie', 'Naji Marshall')",4.748333333333334,4,11,5,8,2,3,0,0,2,1,3,10.2,10.44,2.0,2.0,2.0,6.0,0.0,0.0,2.0,2.0,20.64,12
22500183,DAL,WAS,78.6,78.0,"('Brandon Williams', 'Max Christie', 'P.J. Washington')",4.748333333333334,4,11,5,8,2,3,0,0,2,1,3,10.2,10.44,2.0,2.0,2.0,6.0,0.0,0.0,2.0,2.0,20.64,12
22500183,DAL,WAS,78.6,78.0,"('Brandon Williams', 'Naji Marshall', 'P.J. Washington')",4.748333333333334,4,11,5,8,2,3,0,0,2,1,3,10.2,10.44,2.0,2.0,2.0,6.0,0.0,0.0,2.0,2.0,20.64,12
22500183,DAL,WAS,78.6,78.0,"('Cooper Flagg', 'Max Christie', 'Naji Marshall')",4.748333333333334,4,11,5,8,2,3,0,0,2,1,3,10.2,10.44,2.0,2.0,2.0,6.0,0.0,0.0,2.0,2.0,20.64,12
22500183,DAL,WAS,78.6,78.0,"('Cooper Flagg', 'Max Christie', 'P.J. Washington')",4.748333333333334,4,11,5,8,2,3,0,0,2,1,3,10.2,10.44,2.0,2.0,2.0,6.0,0.0,0.0,2.0,2.0,20.64,12
22500183,DAL,WAS,78.6,78.0,"('Cooper Flagg', 'Naji Marshall', 'P.J. Washington')",4.748333333333334,4,11,5,8,2,3,0,0,2,1,3,10.2,10.44,2.0,2.0,2.0,6.0,0.0,0.0,2.0,2.0,20.64,12
22500183,DAL,WAS,78.6,78.0,"('Max Christie', 'Naji Marshall', 'P.J. Washington')",4.748333333333334,4,11,5,8,2,3,0,0,2,1,3,10.2,10.44,2.0,2.0,2.0,6.0,0.0,0.0,2.0,2.0,20.64,12
22500183,DAL,WAS,78.8,78.8,"('Cooper Flagg', ""D'Angelo Russell"", 'Daniel Gafford')",2.716666666666667,3,5,6,2,5,1,1,0,1,1,1,7.0,5.44,3.0,3.0,0.0,2.0,0.0,0.0,2.0,2.0,12.44,12
22500183,DAL,WAS,78.8,78.8,"('Cooper Flagg', ""D'Angelo Russell"", 'Max Christie')",2.716666666666667,3,5,6,2,5,1,1,0,1,1,1,7.0,5.44,3.0,3.0,0.0,2.0,0.0,0.0,2.0,2.0,12.44,12
22500183,DAL,WAS,78.8,78.8,"('Cooper Flagg', ""D'Angelo Russell"", 'P.J. Washington')",2.716666666666667,3,5,6,2,5,1,1,0,1,1,1,7.0,5.44,3.0,3.0,0.0,2.0,0.0,0.0,2.0,2.0,12.44,12
22500183,DAL,WAS,78.8,78.8,"('Cooper Flagg', 'Daniel Gafford', 'Max Christie')",2.716666666666667,3,5,6,2,5,1,1,0,1,1,1,7.0,5.44,3.0,3.0,0.0,2.0,0.0,0.0,2.0,2.0,12.44,12
22500183,DAL,WAS,78.8,78.8,"('Cooper Flagg', 'Daniel Gafford', 'P.J. Washington')",2.716666666666667,3,5,6,2,5,1,1,0,1,1,1,7.0,5.44,3.0,3.0,0.0,2.0,0.0,0.0,2.0,2.0,12.44,12
22500183,DAL,WAS,78.8,78.8,"('Cooper Flagg', 'Max Christie', 'P.J. Washington')",2.716666666666667,3,5,6,2,5,1,1,0,1,1,1,7.0,5.44,3.0,3.0,0.0,2.0,0.0,0.0,2.0,2.0,12.44,12
22500183,DAL,WAS,78.8,78.8,"(""D'Angelo Russell"", 'Daniel Gafford', 'Max Christie')",2.716666666666667,3,5,6,2,5,1,1,0,1,1,1,7.0,5.44,3.0,3.0,0.0,2.0,0.0,0.0,2.0,2.0,12.44,12
22500183,DAL,WAS,78.8,78.8,"(""D'Angelo Russell"", 'Daniel Gafford', 'P.J. Washington')",2.716666666666667,3,5,6,2,5,1,1,0,1,1,1,7.0,5.44,3.0,3.0,0.0,2.0,0.0,0.0,2.0,2.0,12.44,12
22500183,DAL,WAS,78.8,78.8,"(""D'Angelo Russell"", 'Max Christie', 'P.J. Washington')",2.716666666666667,3,5,6,2,5,1,1,0,1,1,1,7.0,5.44,3.0,3.0,0.0,2.0,0.0,0.0,2.0,2.0,12.44,12
22500183,DAL,WAS,78.8,78.8,"('Daniel Gafford', 'Max Christie', 'P.J. Washington')",2.716666666666667,3,5,6,2,5,1,1,0,1,1,1,7.0,5.44,3.0,3.0,0.0,2.0,0.0,0.0,2.0,2.0,12.44,12
22500183,DAL,WAS,77.0,78.0,"('Dwight Powell', 'Jaden Hardy', 'Naji Marshall')",2.2633333333333336,3,5,4,2,5,1,0,0,2,0,1,5.0,5.0,0.0,3.0,3.0,2.0,0.0,0.0,4.0,4.0,10.0,12
22500183,DAL,WAS,77.0,78.0,"('Dwight Powell', 'Jaden Hardy', 'P.J. Washington')",2.2633333333333336,3,5,4,2,5,1,0,0,2,0,1,5.0,5.0,0.0,3.0,3.0,2.0,0.0,0.0,4.0,4.0,10.0,12
22500183,DAL,WAS,77.0,78.0,"('Dwight Powell', 'Jaden Hardy', 'Ryan Nembhard')",2.2633333333333336,3,5,4,2,5,1,0,0,2,0,1,5.0,5.0,0.0,3.0,3.0,2.0,0.0,0.0,4.0,4.0,10.0,12
22500183,DAL,WAS,77.0,78.0,"('Dwight Powell', 'Naji Marshall', 'P.J. Washington')",2.2633333333333336,3,5,4,2,5,1,0,0,2,0,1,5.0,5.0,0.0,3.0,3.0,2.0,0.0,0.0,4.0,4.0,10.0,12
22500183,DAL,WAS,77.0,78.0,"('Dwight Powell', 'Naji Marshall', 'Ryan Nembhard')",2.2633333333333336,3,5,4,2,5,1,0,0,2,0,1,5.0,5.0,0.0,3.0,3.0,2.0,0.0,0.0,4.0,4.0,10.0,12
22500183,DAL,WAS,77.0,78.0,"('Dwight Powell', 'P.J. Washington', 'Ryan Nembhard')",2.2633333333333336,3,5,4,2,5,1,0,0,2,0,1,5.0,5.0,0.0,3.0,3.0,2.0,0.0,0.0,4.0,4.0,10.0,12
22500183,DAL,WAS,77.0,78.0,"('Jaden Hardy', 'Naji Marshall', 'P.J. Washington')",2.2633333333333336,3,5,4,2,5,1,0,0,2,0,1,5.0,5.0,0.0,3.0,3.0,2.0,0.0,0.0,4.0,4.0,10.0,12
22500183,DAL,WAS,77.0,78.0,"('Jaden Hardy', 'Naji Marshall', 'Ryan Nembhard')",2.2633333333333336,3,5,4,2,5,1,0,0,2,0,1,5.0,5.0,0.0,3.0,3.0,2.0,0.0,0.0,4.0,4.0,10.0,12
22500183,DAL,WAS,77.0,78.0,"('Jaden Hardy', 'P.J. Washington', 'Ryan Nembhard')",2.2633333333333336,3,5,4,2,5,1,0,0,2,0,1,5.0,5.0,0.0,3.0,3.0,2.0,0.0,0.0,4.0,4.0,10.0,12
22500183,DAL,WAS,77.0,78.0,"('Naji Marshall', 'P.J. Washington', 'Ryan Nembhard')",2.2633333333333336,3,5,4,2,5,1,0,0,2,0,1,5.0,5.0,0.0,3.0,3.0,2.0,0.0,0.0,4.0,4.0,10.0,12
22500183,DAL,WAS,79.4,78.8,"('Brandon Williams', 'Cooper Flagg', 'Daniel Gafford')",0.8666666666666668,3,6,1,1,0,2,0,0,1,0,0,3.0,2.44,4.0,2.0,0.0,6.0,0.0,0.0,0.0,0.0,5.44,12
22500183,DAL,WAS,79.4,78.8,"('Brandon Williams', 'Cooper Flagg', 'Max Christie')",0.8666666666666668,3,6,1,1,0,2,0,0,1,0,0,3.0,2.44,4.0,2.0,0.0,6.0,0.0,0.0,0.0,0.0,5.44,12
22500183,DAL,WAS,79.4,78.8,"('Brandon Williams', 'Cooper Flagg', 'P.J. Washington')",0.8666666666666668,3,6,1,1,0,2,0,0,1,0,0,3.0,2.44,4.0,2.0,0.0,6.0,0.0,0.0,0.0,0.0,5.44,12
22500183,DAL,WAS,79.4,78.8,"('Brandon Williams', 'Daniel Gafford', 'Max Christie')",0.8666666666666668,3,6,1,1,0,2,0,0,1,0,0,3.0,2.44,4.0,2.0,0.0,6.0,0.0,0.0,0.0,0.0,5.44,12
22500183,DAL,WAS,79.4,78.8,"('Brandon Williams', 'Daniel Gafford', 'P.J. Washington')",0.8666666666666668,3,6,1,1,0,2,0,0,1,0,0,3.0,2.44,4.0,2.0,0.0,6.0,0.0,0.0,0.0,0.0,5.44,12
22500183,DAL,WAS,79.4,78.8,"('Brandon Williams', 'Max Christie', 'P.J. Washington')",0.8666666666666668,3,6,1,1,0,2,0,0,1,0,0,3.0,2.44,4.0,2.0,0.0,6.0,0.0,0.0,0.0,0.0,5.44,12
22500183,DAL,WAS,79.4,78.8,"('Cooper Flagg', 'Daniel Gafford', 'Max Christie')",0.8666666666666668,3,6,1,1,0,2,0,0,1,0,0,3.0,2.44,4.0,2.0,0.0,6.0,0.0,0.0,0.0,0.0,5.44,12
22500183,DAL,WAS,79.4,78.8,"('Cooper Flagg', 'Daniel Gafford', 'P.J. Washington')",0.8666666666666668,3,6,1,1,0,2,0,0,1,0,0,3.0,2.44,4.0,2.0,0.0,6.0,0.0,0.0,0.0,0.0,5.44,12
22500183,DAL,WAS,79.4,78.8,"('Cooper Flagg', 'Max Christie', 'P.J. Washington')",0.8666666666666668,3,6,1,1,0,2,0,0,1,0,0,3.0,2.44,4.0,2.0,0.0,6.0,0.0,0.0,0.0,0.0,5.44,12
22500183,DAL,WAS,79.4,78.8,"('Daniel Gafford', 'Max Christie', 'P.J. Washington')",0.8666666666666668,3,6,1,1,0,2,0,0,1,0,0,3.0,2.44,4.0,2.0,0.0,6.0,0.0,0.0,0.0,0.0,5.44,12
22500183,DAL,WAS,77.2,78.0,"('Jaden Hardy', 'Moussa Cisse', 'Naji Marshall')",1.1,3,2,6,0,1,1,2,0,0,1,0,2.0,2.44,0.0,0.0,0.0,2.0,3.0,0.0,0.0,2.0,4.44,12
22500183,DAL,WAS,77.2,78.0,"('Jaden Hardy', 'Moussa Cisse', 'P.J. Washington')",1.1,3,2,6,0,1,1,2,0,0,1,0,2.0,2.44,0.0,0.0,0.0,2.0,3.0,0.0,0.0,2.0,4.44,12
22500183,DAL,WAS,77.2,78.0,"('Jaden Hardy', 'Moussa Cisse', 'Ryan Nembhard')",1.1,3,2,6,0,1,1,2,0,0,1,0,2.0,2.44,0.0,0.0,0.0,2.0,3.0,0.0,0.0,2.0,4.44,12
22500183,DAL,WAS,77.2,78.0,"('Jaden Hardy', 'Naji Marshall', 'P.J. Washington')",1.1,3,2,6,0,1,1,2,0,0,1,0,2.0,2.44,0.0,0.0,0.0,2.0,3.0,0.0,0.0,2.0,4.44,12
22500183,DAL,WAS,77.2,78.0,"('Jaden Hardy', 'Naji Marshall', 'Ryan Nembhard')",1.1,3,2,6,0,1,1,2,0,0,1,0,2.0,2.44,0.0,0.0,0.0,2.0,3.0,0.0,0.0,2.0,4.44,12
22500183,DAL,WAS,77.2,78.0,"('Jaden Hardy', 'P.J. Washington', 'Ryan Nembhard')",1.1,3,2,6,0,1,1,2,0,0,1,0,2.0,2.44,0.0,0.0,0.0,2.0,3.0,0.0,0.0,2.0,4.44,12
22500183,DAL,WAS,77.2,78.0,"('Moussa Cisse', 'Naji Marshall', 'P.J. Washington')",1.1,3,2,6,0,1,1,2,0,0,1,0,2.0,2.44,0.0,0.0,0.0,2.0,3.0,0.0,0.0,2.0,4.44,12
22500183,DAL,WAS,77.2,78.0,"('Moussa Cisse', 'Naji Marshall', 'Ryan Nembhard')",1.1,3,2,6,0,1,1,2,0,0,1,0,2.0,2.44,0.0,0.0,0.0,2.0,3.0,0.0,0.0,2.0,4.44,12
22500183,DAL,WAS,77.2,78.0,"('Moussa Cisse', 'P.J. Washington', 'Ryan Nembhard')",1.1,3,2,6,0,1,1,2,0,0,1,0,2.0,2.44,0.0,0.0,0.0,2.0,3.0,0.0,0.0,2.0,4.44,12
22500183,DAL,WAS,77.2,78.0,"('Naji Marshall', 'P.J. Washington', 'Ryan Nembhard')",1.1,3,2,6,0,1,1,2,0,0,1,0,2.0,2.44,0.0,0.0,0.0,2.0,3.0,0.0,0.0,2.0,4.44,12
22500183,DAL,WAS,79.0,78.8,"('Cooper Flagg', ""D'Angelo Russell"", 'Max Christie')",0.3666666666666666,1,0,4,0,0,0,1,1,0,1,0,1.0,2.88,0.0,0.0,0.0,0.0,2.0,2.0,0.0,2.0,3.88,12
22500183,DAL,WAS,79.0,78.8,"('Cooper Flagg', ""D'Angelo Russell"", 'Moussa Cisse')",0.3666666666666666,1,0,4,0,0,0,1,1,0,1,0,1.0,2.88,0.0,0.0,0.0,0.0,2.0,2.0,0.0,2.0,3.88,12
22500183,DAL,WAS,79.0,78.8,"('Cooper Flagg', ""D'Angelo Russell"", 'P.J. Washington')",0.3666666666666666,1,0,4,0,0,0,1,1,0,1,0,1.0,2.88,0.0,0.0,0.0,0.0,2.0,2.0,0.0,2.0,3.88,12
22500183,DAL,WAS,79.0,78.8,"('Cooper Flagg', 'Max Christie', 'Moussa Cisse')",0.3666666666666666,1,0,4,0,0,0,1,1,0,1,0,1.0,2.88,0.0,0.0,0.0,0.0,2.0,2.0,0.0,2.0,3.88,12
22500183,DAL,WAS,79.0,78.8,"('Cooper Flagg', 'Max Christie', 'P.J. Washington')",0.3666666666666666,1,0,4,0,0,0,1,1,0,1,0,1.0,2.88,0.0,0.0,0.0,0.0,2.0,2.0,0.0,2.0,3.88,12
22500183,DAL,WAS,79.0,78.8,"('Cooper Flagg', 'Moussa Cisse', 'P.J. Washington')",0.3666666666666666,1,0,4,0,0,0,1,1,0,1,0,1.0,2.88,0.0,0.0,0.0,0.0,2.0,2.0,0.0,2.0,3.88,12
22500183,DAL,WAS,79.0,78.8,"(""D'Angelo Russell"", 'Max Christie', 'Moussa Cisse')",0.3666666666666666,1,0,4,0,0,0,1,1,0,1,0,1.0,2.88,0.0,0.0,0.0,0.0,2.0,2.0,0.0,2.0,3.88,12
22500183,DAL,WAS,79.0,78.8,"(""D'Angelo Russell"", 'Max Christie', 'P.J. Washington')",0.3666666666666666,1,0,4,0,0,0,1,1,0,1,0,1.0,2.88,0.0,0.0,0.0,0.0,2.0,2.0,0.0,2.0,3.88,12
22500183,DAL,WAS,79.0,78.8,"(""D'Angelo Russell"", 'Moussa Cisse', 'P.J. Washington')",0.3666666666666666,1,0,4,0,0,0,1,1,0,1,0,1.0,2.88,0.0,0.0,0.0,0.0,2.0,2.0,0.0,2.0,3.88,12
22500183,DAL,WAS,79.0,78.8,"('Max Christie', 'Moussa Cisse', 'P.J. Washington')",0.3666666666666666,1,0,4,0,0,0,1,1,0,1,0,1.0,2.88,0.0,0.0,0.0,0.0,2.0,2.0,0.0,2.0,3.88,12
22500183,DAL,WAS,79.0,77.8,"('Brandon Williams', 'Cooper Flagg', 'Jaden Hardy')",1.1166666666666667,1,8,0,1,1,2,0,0,2,0,1,3.3200000000000003,4.0,5.0,2.0,0.0,2.0,0.0,0.0,0.0,0.0,7.32,12
22500183,DAL,WAS,79.0,77.8,"('Brandon Williams', 'Cooper Flagg', 'Moussa Cisse')",1.1166666666666667,1,8,0,1,1,2,0,0,2,0,1,3.3200000000000003,4.0,5.0,2.0,0.0,2.0,0.0,0.0,0.0,0.0,7.32,12
22500183,DAL,WAS,79.0,77.8,"('Brandon Williams', 'Cooper Flagg', 'Naji Marshall')",1.1166666666666667,1,8,0,1,1,2,0,0,2,0,1,3.3200000000000003,4.0,5.0,2.0,0.0,2.0,0.0,0.0,0.0,0.0,7.32,12
22500183,DAL,WAS,79.0,77.8,"('Brandon Williams', 'Jaden Hardy', 'Moussa Cisse')",1.1166666666666667,1,8,0,1,1,2,0,0,2,0,1,3.3200000000000003,4.0,5.0,2.0,0.0,2.0,0.0,0.0,0.0,0.0,7.32,12
22500183,DAL,WAS,79.0,77.8,"('Brandon Williams', 'Jaden Hardy', 'Naji Marshall')",1.1166666666666667,1,8,0,1,1,2,0,0,2,0,1,3.3200000000000003,4.0,5.0,2.0,0.0,2.0,0.0,0.0,0.0,0.0,7.32,12
22500183,DAL,WAS,79.0,77.8,"('Brandon Williams', 'Moussa Cisse', 'Naji Marshall')",1.1166666666666667,1,8,0,1,1,2,0,0,2,0,1,3.3200000000000003,4.0,5.0,2.0,0.0,2.0,0.0,0.0,0.0,0.0,7.32,12
22500183,DAL,WAS,79.0,77.8,"('Cooper Flagg', 'Jaden Hardy', 'Moussa Cisse')",1.1166666666666667,1,8,0,1,1,2,0,0,2,0,1,3.3200000000000003,4.0,5.0,2.0,0.0,2.0,0.0,0.0,0.0,0.0,7.32,12
22500183,DAL,WAS,79.0,77.8,"('Cooper Flagg', 'Jaden Hardy', 'Naji Marshall')",1.1166666666666667,1,8,0,1,1,2,0,0,2,0,1,3.3200000000000003,4.0,5.0,2.0,0.0,2.0,0.0,0.0,0.0,0.0,7.32,12
22500183,DAL,WAS,79.0,77.8,"('Cooper Flagg', 'Moussa Cisse', 'Naji Marshall')",1.1166666666666667,1,8,0,1,1,2,0,0,2,0,1,3.3200000000000003,4.0,5.0,2.0,0.0,2.0,0.0,0.0,0.0,0.0,7.32,12
22500183,DAL,WAS,79.0,77.8,"('Jaden Hardy', 'Moussa Cisse', 'Naji Marshall')",1.1166666666666667,1,8,0,1,1,2,0,0,2,0,1,3.3200000000000003,4.0,5.0,2.0,0.0,2.0,0.0,0.0,0.0,0.0,7.32,12
22500183,DAL,WAS,79.6,79.2,"('Brandon Williams', 'Cooper Flagg', 'Max Christie')",1.2166666666666666,4,3,0,3,0,1,0,0,0,0,2,1.0,2.0,0.0,0.0,0.0,0.0,0.0,0.0,0.0,0.0,3.0,12
22500183,DAL,WAS,79.6,79.2,"('Brandon Williams', 'Cooper Flagg', 'Moussa Cisse')",1.2166666666666666,4,3,0,3,0,1,0,0,0,0,2,1.0,2.0,0.0,0.0,0.0,0.0,0.0,0.0,0.0,0.0,3.0,12
22500183,DAL,WAS,79.6,79.2,"('Brandon Williams', 'Cooper Flagg', 'P.J. Washington')",1.2166666666666666,4,3,0,3,0,1,0,0,0,0,2,1.0,2.0,0.0,0.0,0.0,0.0,0.0,0.0,0.0,0.0,3.0,12
22500183,DAL,WAS,79.6,79.2,"('Brandon Williams', 'Max Christie', 'Moussa Cisse')",1.2166666666666666,4,3,0,3,0,1,0,0,0,0,2,1.0,2.0,0.0,0.0,0.0,0.0,0.0,0.0,0.0,0.0,3.0,12
22500183,DAL,WAS,79.6,79.2,"('Brandon Williams', 'Max Christie', 'P.J. Washington')",1.2166666666666666,4,3,0,3,0,1,0,0,0,0,2,1.0,2.0,0.0,0.0,0.0,0.0,0.0,0.0,0.0,0.0,3.0,12
22500183,DAL,WAS,79.6,79.2,"('Brandon Williams', 'Moussa Cisse', 'P.J. Washington')",1.2166666666666666,4,3,0,3,0,1,0,0,0,0,2,1.0,2.0,0.0,0.0,0.0,0.0,0.0,0.0,0.0,0.0,3.0,12
22500183,DAL,WAS,79.6,79.2,"('Cooper Flagg', 'Max Christie', 'Moussa Cisse')",1.2166666666666666,4,3,0,3,0,1,0,0,0,0,2,1.0,2.0,0.0,0.0,0.0,0.0,0.0,0.0,0.0,0.0,3.0,12
22500183,DAL,WAS,79.6,79.2,"('Cooper Flagg', 'Max Christie', 'P.J. Washington')",1.2166666666666666,4,3,0,3,0,1,0,0,0,0,2,1.0,2.0,0.0,0.0,0.0,0.0,0.0,0.0,0.0,0.0,3.0,12
22500183,DAL,WAS,79.6,79.2,"('Cooper Flagg', 'Moussa Cisse', 'P.J. Washington')",1.2166666666666666,4,3,0,3,0,1,0,0,0,0,2,1.0,2.0,0.0,0.0,0.0,0.0,0.0,0.0,0.0,0.0,3.0,12
22500183,DAL,WAS,79.6,79.2,"('Max Christie', 'Moussa Cisse', 'P.J. Washington')",1.2166666666666666,4,3,0,3,0,1,0,0,0,0,2,1.0,2.0,0.0,0.0,0.0,0.0,0.0,0.0,0.0,0.0,3.0,12
22500183,DAL,WAS,78.2,77.4,"(""D'Angelo Russell"", 'Daniel Gafford', 'Max Christie')",3.2833333333333337,4,7,8,5,4,1,1,0,1,0,2,5.88,7.44,0.0,0.0,3.0,2.0,0.0,0.0,5.0,4.0,13.32,12
22500183,DAL,WAS,78.2,77.4,"(""D'Angelo Russell"", 'Daniel Gafford', 'Naji Marshall')",3.2833333333333337,4,7,8,5,4,1,1,0,1,0,2,5.88,7.44,0.0,0.0,3.0,2.0,0.0,0.0,5.0,4.0,13.32,12
22500183,DAL,WAS,78.2,77.4,"(""D'Angelo Russell"", 'Daniel Gafford', 'P.J. Washington')",3.2833333333333337,4,7,8,5,4,1,1,0,1,0,2,5.88,7.44,0.0,0.0,3.0,2.0,0.0,0.0,5.0,4.0,13.32,12
22500183,DAL,WAS,78.2,77.4,"(""D'Angelo Russell"", 'Max Christie', 'Naji Marshall')",3.2833333333333337,4,7,8,5,4,1,1,0,1,0,2,5.88,7.44,0.0,0.0,3.0,2.0,0.0,0.0,5.0,4.0,13.32,12
22500183,DAL,WAS,78.2,77.4,"(""D'Angelo Russell"", 'Max Christie', 'P.J. Washington')",3.2833333333333337,4,7,8,5,4,1,1,0,1,0,2,5.88,7.44,0.0,0.0,3.0,2.0,0.0,0.0,5.0,4.0,13.32,12
22500183,DAL,WAS,78.2,77.4,"(""D'Angelo Russell"", 'Naji Marshall', 'P.J. Washington')",3.2833333333333337,4,7,8,5,4,1,1,0,1,0,2,5.88,7.44,0.0,0.0,3.0,2.0,0.0,0.0,5.0,4.0,13.32,12
22500183,DAL,WAS,78.2,77.4,"('Daniel Gafford', 'Max Christie', 'Naji Marshall')",3.2833333333333337,4,7,8,5,4,1,1,0,1,0,2,5.88,7.44,0.0,0.0,3.0,2.0,0.0,0.0,5.0,4.0,13.32,12
22500183,DAL,WAS,78.2,77.4,"('Daniel Gafford', 'Max Christie', 'P.J. Washington')",3.2833333333333337,4,7,8,5,4,1,1,0,1,0,2,5.88,7.44,0.0,0.0,3.0,2.0,0.0,0.0,5.0,4.0,13.32,12
22500183,DAL,WAS,78.2,77.4,"('Daniel Gafford', 'Naji Marshall', 'P.J. Washington')",3.2833333333333337,4,7,8,5,4,1,1,0,1,0,2,5.88,7.44,0.0,0.0,3.0,2.0,0.0,0.0,5.0,4.0,13.32,12
22500183,DAL,WAS,78.2,77.4,"('Max Christie', 'Naji Marshall', 'P.J. Washington')",3.2833333333333337,4,7,8,5,4,1,1,0,1,0,2,5.88,7.44,0.0,0.0,3.0,2.0,0.0,0.0,5.0,4.0,13.32,12
22500183,DAL,WAS,77.4,78.2,"('Cooper Flagg', ""D'Angelo Russell"", 'Daniel Gafford')",2.6,2,5,10,1,1,1,2,3,0,0,3,6.32,5.0,0.0,0.0,0.0,2.0,3.0,0.0,0.0,4.0,11.32,12
22500183,DAL,WAS,77.4,78.2,"('Cooper Flagg', ""D'Angelo Russell"", 'Naji Marshall')",2.6,2,5,10,1,1,1,2,3,0,0,3,6.32,5.0,0.0,0.0,0.0,2.0,3.0,0.0,0.0,4.0,11.32,12
22500183,DAL,WAS,77.4,78.2,"('Cooper Flagg', ""D'Angelo Russell"", 'Ryan Nembhard')",2.6,2,5,10,1,1,1,2,3,0,0,3,6.32,5.0,0.0,0.0,0.0,2.0,3.0,0.0,0.0,4.0,11.32,12
22500183,DAL,WAS,77.4,78.2,"('Cooper Flagg', 'Daniel Gafford', 'Naji Marshall')",2.6,2,5,10,1,1,1,2,3,0,0,3,6.32,5.0,0.0,0.0,0.0,2.0,3.0,0.0,0.0,4.0,11.32,12
22500183,DAL,WAS,77.4,78.2,"('Cooper Flagg', 'Daniel Gafford', 'Ryan Nembhard')",2.6,2,5,10,1,1,1,2,3,0,0,3,6.32,5.0,0.0,0.0,0.0,2.0,3.0,0.0,0.0,4.0,11.32,12
22500183,DAL,WAS,77.4,78.2,"('Cooper Flagg', 'Naji Marshall', 'Ryan Nembhard')",2.6,2,5,10,1,1,1,2,3,0,0,3,6.32,5.0,0.0,0.0,0.0,2.0,3.0,0.0,0.0,4.0,11.32,12
22500183,DAL,WAS,77.4,78.2,"(""D'Angelo Russell"", 'Daniel Gafford', 'Naji Marshall')",2.6,2,5,10,1,1,1,2,3,0,0,3,6.32,5.0,0.0,0.0,0.0,2.0,3.0,0.0,0.0,4.0,11.32,12
22500183,DAL,WAS,77.4,78.2,"(""D'Angelo Russell"", 'Daniel Gafford', 'Ryan Nembhard')",2.6,2,5,10,1,1,1,2,3,0,0,3,6.32,5.0,0.0,0.0,0.0,2.0,3.0,0.0,0.0,4.0,11.32,12
22500183,DAL,WAS,77.4,78.2,"(""D'Angelo Russell"", 'Naji Marshall', 'Ryan Nembhard')",2.6,2,5,10,1,1,1,2,3,0,0,3,6.32,5.0,0.0,0.0,0.0,2.0,3.0,0.0,0.0,4.0,11.32,12
22500183,DAL,WAS,77.4,78.2,"('Daniel Gafford', 'Naji Marshall', 'Ryan Nembhard')",2.6,2,5,10,1,1,1,2,3,0,0,3,6.32,5.0,0.0,0.0,0.0,2.0,3.0,0.0,0.0,4.0,11.32,12
22500183,DAL,WAS,79.0,79.0,"('Cooper Flagg', ""D'Angelo Russell"", 'Daniel Gafford')",3.075,2,8,8,4,2,2,3,1,0,1,0,7.44,7.44,0.0,0.0,0.0,4.0,3.0,5.0,0.0,4.0,14.88,12
22500183,DAL,WAS,79.0,79.0,"('Cooper Flagg', ""D'Angelo Russell"", 'Naji Marshall')",3.075,2,8,8,4,2,2,3,1,0,1,0,7.44,7.44,0.0,0.0,0.0,4.0,3.0,5.0,0.0,4.0,14.88,12
22500183,DAL,WAS,79.0,79.0,"('Cooper Flagg', ""D'Angelo Russell"", 'P.J. Washington')",3.075,2,8,8,4,2,2,3,1,0,1,0,7.44,7.44,0.0,0.0,0.0,4.0,3.0,5.0,0.0,4.0,14.88,12
22500183,DAL,WAS,79.0,79.0,"('Cooper Flagg', 'Daniel Gafford', 'Naji Marshall')",3.075,2,8,8,4,2,2,3,1,0,1,0,7.44,7.44,0.0,0.0,0.0,4.0,3.0,5.0,0.0,4.0,14.88,12
22500183,DAL,WAS,79.0,79.0,"('Cooper Flagg', 'Daniel Gafford', 'P.J. Washington')",3.075,2,8,8,4,2,2,3,1,0,1,0,7.44,7.44,0.0,0.0,0.0,4.0,3.0,5.0,0.0,4.0,14.88,12
22500183,DAL,WAS,79.0,79.0,"('Cooper Flagg', 'Naji Marshall', 'P.J. Washington')",3.075,2,8,8,4,2,2,3,1,0,1,0,7.44,7.44,0.0,0.0,0.0,4.0,3.0,5.0,0.0,4.0,14.88,12
22500183,DAL,WAS,79.0,79.0,"(""D'Angelo Russell"", 'Daniel Gafford', 'Naji Marshall')",3.075,2,8,8,4,2,2,3,1,0,1,0,7.44,7.44,0.0,0.0,0.0,4.0,3.0,5.0,0.0,4.0,14.88,12
22500183,DAL,WAS,79.0,79.0,"(""D'Angelo Russell"", 'Daniel Gafford', 'P.J. Washington')",3.075,2,8,8,4,2,2,3,1,0,1,0,7.44,7.44,0.0,0.0,0.0,4.0,3.0,5.0,0.0,4.0,14.88,12
22500183,DAL,WAS,79.0,79.0,"(""D'Angelo Russell"", 'Naji Marshall', 'P.J. Washington')",3.075,2,8,8,4,2,2,3,1,0,1,0,7.44,7.44,0.0,0.0,0.0,4.0,3.0,5.0,0.0,4.0,14.88,12
22500183,DAL,WAS,79.0,79.0,"('Daniel Gafford', 'Naji Marshall', 'P.J. Washington')",3.075,2,8,8,4,2,2,3,1,0,1,0,7.44,7.44,0.0,0.0,0.0,4.0,3.0,5.0,0.0,4.0,14.88,12
22500183,DAL,WAS,79.6,79.0,"('Brandon Williams', 'Cooper Flagg', 'Max Christie')",0.8333333333333333,2,2,1,1,1,0,0,0,1,1,0,2.0,2.44,2.0,2.0,0.0,2.0,0.0,0.0,0.0,0.0,4.44,12
22500183,DAL,WAS,79.6,79.0,"('Brandon Williams', 'Cooper Flagg', 'Moussa Cisse')",0.8333333333333333,2,2,1,1,1,0,0,0,1,1,0,2.0,2.44,2.0,2.0,0.0,2.0,0.0,0.0,0.0,0.0,4.44,12
22500183,DAL,WAS,79.6,79.0,"('Brandon Williams', 'Cooper Flagg', 'P.J. Washington')",0.8333333333333333,2,2,1,1,1,0,0,0,1,1,0,2.0,2.44,2.0,2.0,0.0,2.0,0.0,0.0,0.0,0.0,4.44,12
22500183,DAL,WAS,79.6,79.0,"('Brandon Williams', 'Max Christie', 'Moussa Cisse')",0.8333333333333333,2,2,1,1,1,0,0,0,1,1,0,2.0,2.44,2.0,2.0,0.0,2.0,0.0,0.0,0.0,0.0,4.44,12
22500183,DAL,WAS,79.6,79.0,"('Brandon Williams', 'Max Christie', 'P.J. Washington')",0.8333333333333333,2,2,1,1,1,0,0,0,1,1,0,2.0,2.44,2.0,2.0,0.0,2.0,0.0,0.0,0.0,0.0,4.44,12
22500183,DAL,WAS,79.6,79.0,"('Brandon Williams', 'Moussa Cisse', 'P.J. Washington')",0.8333333333333333,2,2,1,1,1,0,0,0,1,1,0,2.0,2.44,2.0,2.0,0.0,2.0,0.0,0.0,0.0,0.0,4.44,12
22500183,DAL,WAS,79.6,79.0,"('Cooper Flagg', 'Max Christie', 'Moussa Cisse')",0.8333333333333333,2,2,1,1,1,0,0,0,1,1,0,2.0,2.44,2.0,2.0,0.0,2.0,0.0,0.0,0.0,0.0,4.44,12
22500183,DAL,WAS,79.6,79.0,"('Cooper Flagg', 'Max Christie', 'P.J. Washington')",0.8333333333333333,2,2,1,1,1,0,0,0,1,1,0,2.0,2.44,2.0,2.0,0.0,2.0,0.0,0.0,0.0,0.0,4.44,12
22500183,DAL,WAS,79.6,79.0,"('Cooper Flagg', 'Moussa Cisse', 'P.J. Washington')",0.8333333333333333,2,2,1,1,1,0,0,0,1,1,0,2.0,2.44,2.0,2.0,0.0,2.0,0.0,0.0,0.0,0.0,4.44,12
22500183,DAL,WAS,79.6,79.0,"('Max Christie', 'Moussa Cisse', 'P.J. Washington')",0.8333333333333333,2,2,1,1,1,0,0,0,1,1,0,2.0,2.44,2.0,2.0,0.0,2.0,0.0,0.0,0.0,0.0,4.44,12
22500183,DAL,WAS,79.6,79.0,"('Brandon Williams', 'Cooper Flagg', 'Dwight Powell')",0.9333333333333336,2,1,3,1,1,0,1,0,0,0,1,1.44,2.0,0.0,0.0,0.0,0.0,0.0,0.0,0.0,0.0,3.44,12
22500183,DAL,WAS,79.6,79.0,"('Brandon Williams', 'Cooper Flagg', 'Naji Marshall')",0.9333333333333336,2,1,3,1,1,0,1,0,0,0,1,1.44,2.0,0.0,0.0,0.0,0.0,0.0,0.0,0.0,0.0,3.44,12
22500183,DAL,WAS,79.6,79.0,"('Brandon Williams', 'Cooper Flagg', 'P.J. Washington')",0.9333333333333336,2,1,3,1,1,0,1,0,0,0,1,1.44,2.0,0.0,0.0,0.0,0.0,0.0,0.0,0.0,0.0,3.44,12
22500183,DAL,WAS,79.6,79.0,"('Brandon Williams', 'Dwight Powell', 'Naji Marshall')",0.9333333333333336,2,1,3,1,1,0,1,0,0,0,1,1.44,2.0,0.0,0.0,0.0,0.0,0.0,0.0,0.0,0.0,3.44,12
22500183,DAL,WAS,79.6,79.0,"('Brandon Williams', 'Dwight Powell', 'P.J. Washington')",0.9333333333333336,2,1,3,1,1,0,1,0,0,0,1,1.44,2.0,0.0,0.0,0.0,0.0,0.0,0.0,0.0,0.0,3.44,12
22500183,DAL,WAS,79.6,79.0,"('Brandon Williams', 'Naji Marshall', 'P.J. Washington')",0.9333333333333336,2,1,3,1,1,0,1,0,0,0,1,1.44,2.0,0.0,0.0,0.0,0.0,0.0,0.0,0.0,0.0,3.44,12
22500183,DAL,WAS,79.6,79.0,"('Cooper Flagg', 'Dwight Powell', 'Naji Marshall')",0.9333333333333336,2,1,3,1,1,0,1,0,0,0,1,1.44,2.0,0.0,0.0,0.0,0.0,0.0,0.0,0.0,0.0,3.44,12
22500183,DAL,WAS,79.6,79.0,"('Cooper Flagg', 'Dwight Powell', 'P.J. Washington')",0.9333333333333336,2,1,3,1,1,0,1,0,0,0,1,1.44,2.0,0.0,0.0,0.0,0.0,0.0,0.0,0.0,0.0,3.44,12
22500183,DAL,WAS,79.6,79.0,"('Cooper Flagg', 'Naji Marshall', 'P.J. Washington')",0.9333333333333336,2,1,3,1,1,0,1,0,0,0,1,1.44,2.0,0.0,0.0,0.0,0.0,0.0,0.0,0.0,0.0,3.44,12
22500183,DAL,WAS,79.6,79.0,"('Dwight Powell', 'Naji Marshall', 'P.J. Washington')",0.9333333333333336,2,1,3,1,1,0,1,0,0,0,1,1.44,2.0,0.0,0.0,0.0,0.0,0.0,0.0,0.0,0.0,3.44,12
22500183,DAL,WAS,79.0,78.2,"('Brandon Williams', 'Max Christie', 'Moussa Cisse')",2.75,1,10,0,5,0,2,0,1,2,2,0,6.0,5.0,4.0,4.0,4.0,8.0,0.0,0.0,0.0,0.0,11.0,12
22500183,DAL,WAS,79.0,78.2,"('Brandon Williams', 'Max Christie', 'Naji Marshall')",2.75,1,10,0,5,0,2,0,1,2,2,0,6.0,5.0,4.0,4.0,4.0,8.0,0.0,0.0,0.0,0.0,11.0,12
22500183,DAL,WAS,79.0,78.2,"('Brandon Williams', 'Max Christie', 'P.J. Washington')",2.75,1,10,0,5,0,2,0,1,2,2,0,6.0,5.0,4.0,4.0,4.0,8.0,0.0,0.0,0.0,0.0,11.0,12
22500183,DAL,WAS,79.0,78.2,"('Brandon Williams', 'Moussa Cisse', 'Naji Marshall')",2.75,1,10,0,5,0,2,0,1,2,2,0,6.0,5.0,4.0,4.0,4.0,8.0,0.0,0.0,0.0,0.0,11.0,12
22500183,DAL,WAS,79.0,78.2,"('Brandon Williams', 'Moussa Cisse', 'P.J. Washington')",2.75,1,10,0,5,0,2,0,1,2,2,0,6.0,5.0,4.0,4.0,4.0,8.0,0.0,0.0,0.0,0.0,11.0,12
22500183,DAL,WAS,79.0,78.2,"('Brandon Williams', 'Naji Marshall', 'P.J. Washington')",2.75,1,10,0,5,0,2,0,1,2,2,0,6.0,5.0,4.0,4.0,4.0,8.0,0.0,0.0,0.0,0.0,11.0,12
22500183,DAL,WAS,79.0,78.2,"('Max Christie', 'Moussa Cisse', 'Naji Marshall')",2.75,1,10,0,5,0,2,0,1,2,2,0,6.0,5.0,4.0,4.0,4.0,8.0,0.0,0.0,0.0,0.0,11.0,12
22500183,DAL,WAS,79.0,78.2,"('Max Christie', 'Moussa Cisse', 'P.J. Washington')",2.75,1,10,0,5,0,2,0,1,2,2,0,6.0,5.0,4.0,4.0,4.0,8.0,0.0,0.0,0.0,0.0,11.0,12
22500183,DAL,WAS,79.0,78.2,"('Max Christie', 'Naji Marshall', 'P.J. Washington')",2.75,1,10,0,5,0,2,0,1,2,2,0,6.0,5.0,4.0,4.0,4.0,8.0,0.0,0.0,0.0,0.0,11.0,12
22500183,DAL,WAS,79.0,78.2,"('Moussa Cisse', 'Naji Marshall', 'P.J. Washington')",2.75,1,10,0,5,0,2,0,1,2,2,0,6.0,5.0,4.0,4.0,4.0,8.0,0.0,0.0,0.0,0.0,11.0,12
22500183,DAL,WAS,77.2,78.8,"('Jaden Hardy', 'Moussa Cisse', 'Naji Marshall')",0.75,1,1,0,2,0,0,0,1,0,0,1,2.44,2.0,0.0,0.0,0.0,0.0,0.0,0.0,0.0,0.0,4.44,12
22500183,DAL,WAS,77.2,78.8,"('Jaden Hardy', 'Moussa Cisse', 'P.J. Washington')",0.75,1,1,0,2,0,0,0,1,0,0,1,2.44,2.0,0.0,0.0,0.0,0.0,0.0,0.0,0.0,0.0,4.44,12
22500183,DAL,WAS,77.2,78.8,"('Jaden Hardy', 'Moussa Cisse', 'Ryan Nembhard')",0.75,1,1,0,2,0,0,0,1,0,0,1,2.44,2.0,0.0,0.0,0.0,0.0,0.0,0.0,0.0,0.0,4.44,12
22500183,DAL,WAS,77.2,78.8,"('Jaden Hardy', 'Naji Marshall', 'P.J. Washington')",0.75,1,1,0,2,0,0,0,1,0,0,1,2.44,2.0,0.0,0.0,0.0,0.0,0.0,0.0,0.0,0.0,4.44,12
22500183,DAL,WAS,77.2,78.8,"('Jaden Hardy', 'Naji Marshall', 'Ryan Nembhard')",0.75,1,1,0,2,0,0,0,1,0,0,1,2.44,2.0,0.0,0.0,0.0,0.0,0.0,0.0,0.0,0.0,4.44,12
22500183,DAL,WAS,77.2,78.8,"('Jaden Hardy', 'P.J. Washington', 'Ryan Nembhard')",0.75,1,1,0,2,0,0,0,1,0,0,1,2.44,2.0,0.0,0.0,0.0,0.0,0.0,0.0,0.0,0.0,4.44,12
22500183,DAL,WAS,77.2,78.8,"('Moussa Cisse', 'Naji Marshall', 'P.J. Washington')",0.75,1,1,0,2,0,0,0,1,0,0,1,2.44,2.0,0.0,0.0,0.0,0.0,0.0,0.0,0.0,0.0,4.44,12
22500183,DAL,WAS,77.2,78.8,"('Moussa Cisse', 'Naji Marshall', 'Ryan Nembhard')",0.75,1,1,0,2,0,0,0,1,0,0,1,2.44,2.0,0.0,0.0,0.0,0.0,0.0,0.0,0.0,0.0,4.44,12
22500183,DAL,WAS,77.2,78.8,"('Moussa Cisse', 'P.J. Washington', 'Ryan Nembhard')",0.75,1,1,0,2,0,0,0,1,0,0,1,2.44,2.0,0.0,0.0,0.0,0.0,0.0,0.0,0.0,0.0,4.44,12
22500183,DAL,WAS,77.2,78.8,"('Naji Marshall', 'P.J. Washington', 'Ryan Nembhard')",0.75,1,1,0,2,0,0,0,1,0,0,1,2.44,2.0,0.0,0.0,0.0,0.0,0.0,0.0,0.0,0.0,4.44,12
22500183,DAL,WAS,78.8,77.8,"('Brandon Williams', 'Cooper Flagg', 'Dwight Powell')",2.1833333333333336,1,7,8,3,1,1,1,0,0,2,1,3.44,4.32,0.0,0.0,4.0,4.0,0.0,0.0,2.0,2.0,7.76,12
22500183,DAL,WAS,78.8,77.8,"('Brandon Williams', 'Cooper Flagg', 'Jaden Hardy')",2.1833333333333336,1,7,8,3,1,1,1,0,0,2,1,3.44,4.32,0.0,0.0,4.0,4.0,0.0,0.0,2.0,2.0,7.76,12
22500183,DAL,WAS,78.8,77.8,"('Brandon Williams', 'Cooper Flagg', 'Naji Marshall')",2.1833333333333336,1,7,8,3,1,1,1,0,0,2,1,3.44,4.32,0.0,0.0,4.0,4.0,0.0,0.0,2.0,2.0,7.76,12
22500183,DAL,WAS,78.8,77.8,"('Brandon Williams', 'Dwight Powell', 'Jaden Hardy')",2.1833333333333336,1,7,8,3,1,1,1,0,0,2,1,3.44,4.32,0.0,0.0,4.0,4.0,0.0,0.0,2.0,2.0,7.76,12
22500183,DAL,WAS,78.8,77.8,"('Brandon Williams', 'Dwight Powell', 'Naji Marshall')",2.1833333333333336,1,7,8,3,1,1,1,0,0,2,1,3.44,4.32,0.0,0.0,4.0,4.0,0.0,0.0,2.0,2.0,7.76,12
22500183,DAL,WAS,78.8,77.8,"('Brandon Williams', 'Jaden Hardy', 'Naji Marshall')",2.1833333333333336,1,7,8,3,1,1,1,0,0,2,1,3.44,4.32,0.0,0.0,4.0,4.0,0.0,0.0,2.0,2.0,7.76,12
22500183,DAL,WAS,78.8,77.8,"('Cooper Flagg', 'Dwight Powell', 'Jaden Hardy')",2.1833333333333336,1,7,8,3,1,1,1,0,0,2,1,3.44,4.32,0.0,0.0,4.0,4.0,0.0,0.0,2.0,2.0,7.76,12
22500183,DAL,WAS,78.8,77.8,"('Cooper Flagg', 'Dwight Powell', 'Naji Marshall')",2.1833333333333336,1,7,8,3,1,1,1,0,0,2,1,3.44,4.32,0.0,0.0,4.0,4.0,0.0,0.0,2.0,2.0,7.76,12
22500183,DAL,WAS,78.8,77.8,"('Cooper Flagg', 'Jaden Hardy', 'Naji Marshall')",2.1833333333333336,1,7,8,3,1,1,1,0,0,2,1,3.44,4.32,0.0,0.0,4.0,4.0,0.0,0.0,2.0,2.0,7.76,12
22500183,DAL,WAS,78.8,77.8,"('Dwight Powell', 'Jaden Hardy', 'Naji Marshall')",2.1833333333333336,1,7,8,3,1,1,1,0,0,2,1,3.44,4.32,0.0,0.0,4.0,4.0,0.0,0.0,2.0,2.0,7.76,12
22500183,DAL,WAS,78.8,78.8,"('Cooper Flagg', ""D'Angelo Russell"", 'Daniel Gafford')",4.5,1,9,12,4,6,4,2,1,0,0,1,9.44,10.0,0.0,0.0,0.0,6.0,3.0,0.0,2.0,4.0,19.44,12
22500183,DAL,WAS,78.8,78.8,"('Cooper Flagg', ""D'Angelo Russell"", 'Max Christie')",4.5,1,9,12,4,6,4,2,1,0,0,1,9.44,10.0,0.0,0.0,0.0,6.0,3.0,0.0,2.0,4.0,19.44,12
22500183,DAL,WAS,78.8,78.8,"('Cooper Flagg', ""D'Angelo Russell"", 'P.J. Washington')",4.5,1,9,12,4,6,4,2,1,0,0,1,9.44,10.0,0.0,0.0,0.0,6.0,3.0,0.0,2.0,4.0,19.44,12
22500183,DAL,WAS,78.8,78.8,"('Cooper Flagg', 'Daniel Gafford', 'Max Christie')",4.5,1,9,12,4,6,4,2,1,0,0,1,9.44,10.0,0.0,0.0,0.0,6.0,3.0,0.0,2.0,4.0,19.44,12
22500183,DAL,WAS,78.8,78.8,"('Cooper Flagg', 'Daniel Gafford', 'P.J. Washington')",4.5,1,9,12,4,6,4,2,1,0,0,1,9.44,10.0,0.0,0.0,0.0,6.0,3.0,0.0,2.0,4.0,19.44,12
22500183,DAL,WAS,78.8,78.8,"('Cooper Flagg', 'Max Christie', 'P.J. Washington')",4.5,1,9,12,4,6,4,2,1,0,0,1,9.44,10.0,0.0,0.0,0.0,6.0,3.0,0.0,2.0,4.0,19.44,12
22500183,DAL,WAS,78.8,78.8,"(""D'Angelo Russell"", 'Daniel Gafford', 'Max Christie')",4.5,1,9,12,4,6,4,2,1,0,0,1,9.44,10.0,0.0,0.0,0.0,6.0,3.0,0.0,2.0,4.0,19.44,12
22500183,DAL,WAS,78.8,78.8,"(""D'Angelo Russell"", 'Daniel Gafford', 'P.J. Washington')",4.5,1,9,12,4,6,4,2,1,0,0,1,9.44,10.0,0.0,0.0,0.0,6.0,3.0,0.0,2.0,4.0,19.44,12
22500183,DAL,WAS,78.8,78.8,"(""D'Angelo Russell"", 'Max Christie', 'P.J. Washington')",4.5,1,9,12,4,6,4,2,1,0,0,1,9.44,10.0,0.0,0.0,0.0,6.0,3.0,0.0,2.0,4.0,19.44,12
22500183,DAL,WAS,78.8,78.8,"('Daniel Gafford', 'Max Christie', 'P.J. Washington')",4.5,1,9,12,4,6,4,2,1,0,0,1,9.44,10.0,0.0,0.0,0.0,6.0,3.0,0.0,2.0,4.0,19.44,12
22500183,DAL,WAS,79.4,79.0,"('Brandon Williams', 'Cooper Flagg', 'Dwight Powell')",0.1833333333333333,2,0,1,0,0,0,0,0,0,0,0,1.0,0.44,0.0,0.0,0.0,0.0,0.0,0.0,0.0,0.0,1.44,12
22500183,DAL,WAS,79.4,79.0,"('Brandon Williams', 'Cooper Flagg', 'Max Christie')",0.1833333333333333,2,0,1,0,0,0,0,0,0,0,0,1.0,0.44,0.0,0.0,0.0,0.0,0.0,0.0,0.0,0.0,1.44,12
22500183,DAL,WAS,79.4,79.0,"('Brandon Williams', 'Cooper Flagg', 'P.J. Washington')",0.1833333333333333,2,0,1,0,0,0,0,0,0,0,0,1.0,0.44,0.0,0.0,0.0,0.0,0.0,0.0,0.0,0.0,1.44,12
22500183,DAL,WAS,79.4,79.0,"('Brandon Williams', 'Dwight Powell', 'Max Christie')",0.1833333333333333,2,0,1,0,0,0,0,0,0,0,0,1.0,0.44,0.0,0.0,0.0,0.0,0.0,0.0,0.0,0.0,1.44,12
22500183,DAL,WAS,79.4,79.0,"('Brandon Williams', 'Dwight Powell', 'P.J. Washington')",0.1833333333333333,2,0,1,0,0,0,0,0,0,0,0,1.0,0.44,0.0,0.0,0.0,0.0,0.0,0.0,0.0,0.0,1.44,12
22500183,DAL,WAS,79.4,79.0,"('Brandon Williams', 'Max Christie', 'P.J. Washington')",0.1833333333333333,2,0,1,0,0,0,0,0,0,0,0,1.0,0.44,0.0,0.0,0.0,0.0,0.0,0.0,0.0,0.0,1.44,12
22500183,DAL,WAS,79.4,79.0,"('Cooper Flagg', 'Dwight Powell', 'Max Christie')",0.1833333333333333,2,0,1,0,0,0,0,0,0,0,0,1.0,0.44,0.0,0.0,0.0,0.0,0.0,0.0,0.0,0.0,1.44,12
22500183,DAL,WAS,79.4,79.0,"('Cooper Flagg', 'Dwight Powell', 'P.J. Washington')",0.1833333333333333,2,0,1,0,0,0,0,0,0,0,0,1.0,0.44,0.0,0.0,0.0,0.0,0.0,0.0,0.0,0.0,1.44,12
22500183,DAL,WAS,79.4,79.0,"('Cooper Flagg', 'Max Christie', 'P.J. Washington')",0.1833333333333333,2,0,1,0,0,0,0,0,0,0,0,1.0,0.44,0.0,0.0,0.0,0.0,0.0,0.0,0.0,0.0,1.44,12
22500183,DAL,WAS,79.4,79.0,"('Dwight Powell', 'Max Christie', 'P.J. Washington')",0.1833333333333333,2,0,1,0,0,0,0,0,0,0,0,1.0,0.44,0.0,0.0,0.0,0.0,0.0,0.0,0.0,0.0,1.44,12
22500183,DAL,WAS,77.0,78.2,"(""D'Angelo Russell"", 'Max Christie', 'Moussa Cisse')",0.2166666666666666,2,0,2,0,0,0,0,0,0,0,0,0.0,1.0,0.0,0.0,0.0,0.0,0.0,0.0,0.0,2.0,1.0,12
22500183,DAL,WAS,77.0,78.2,"(""D'Angelo Russell"", 'Max Christie', 'P.J. Washington')",0.2166666666666666,2,0,2,0,0,0,0,0,0,0,0,0.0,1.0,0.0,0.0,0.0,0.0,0.0,0.0,0.0,2.0,1.0,12
22500183,DAL,WAS,77.0,78.2,"(""D'Angelo Russell"", 'Max Christie', 'Ryan Nembhard')",0.2166666666666666,2,0,2,0,0,0,0,0,0,0,0,0.0,1.0,0.0,0.0,0.0,0.0,0.0,0.0,0.0,2.0,1.0,12
22500183,DAL,WAS,77.0,78.2,"(""D'Angelo Russell"", 'Moussa Cisse', 'P.J. Washington')",0.2166666666666666,2,0,2,0,0,0,0,0,0,0,0,0.0,1.0,0.0,0.0,0.0,0.0,0.0,0.0,0.0,2.0,1.0,12
22500183,DAL,WAS,77.0,78.2,"(""D'Angelo Russell"", 'Moussa Cisse', 'Ryan Nembhard')",0.2166666666666666,2,0,2,0,0,0,0,0,0,0,0,0.0,1.0,0.0,0.0,0.0,0.0,0.0,0.0,0.0,2.0,1.0,12
22500183,DAL,WAS,77.0,78.2,"(""D'Angelo Russell"", 'P.J. Washington', 'Ryan Nembhard')",0.2166666666666666,2,0,2,0,0,0,0,0,0,0,0,0.0,1.0,0.0,0.0,0.0,0.0,0.0,0.0,0.0,2.0,1.0,12
22500183,DAL,WAS,77.0,78.2,"('Max Christie', 'Moussa Cisse', 'P.J. Washington')",0.2166666666666666,2,0,2,0,0,0,0,0,0,0,0,0.0,1.0,0.0,0.0,0.0,0.0,0.0,0.0,0.0,2.0,1.0,12
22500183,DAL,WAS,77.0,78.2,"('Max Christie', 'Moussa Cisse', 'Ryan Nembhard')",0.2166666666666666,2,0,2,0,0,0,0,0,0,0,0,0.0,1.0,0.0,0.0,0.0,0.0,0.0,0.0,0.0,2.0,1.0,12
22500183,DAL,WAS,77.0,78.2,"('Max Christie', 'P.J. Washington', 'Ryan Nembhard')",0.2166666666666666,2,0,2,0,0,0,0,0,0,0,0,0.0,1.0,0.0,0.0,0.0,0.0,0.0,0.0,0.0,2.0,1.0,12
22500183,DAL,WAS,77.0,78.2,"('Moussa Cisse', 'P.J. Washington', 'Ryan Nembhard')",0.2166666666666666,2,0,2,0,0,0,0,0,0,0,0,0.0,1.0,0.0,0.0,0.0,0.0,0.0,0.0,0.0,2.0,1.0,12
22500183,DAL,WAS,78.6,78.8,"('Brandon Williams', 'Jaden Hardy', 'Moussa Cisse')",0.3166666666666666,1,0,0,0,0,0,0,0,1,0,1,1.0,1.0,0.0,0.0,0.0,0.0,0.0,0.0,0.0,0.0,2.0,12
22500183,DAL,WAS,78.6,78.8,"('Brandon Williams', 'Jaden Hardy', 'Naji Marshall')",0.3166666666666666,1,0,0,0,0,0,0,0,1,0,1,1.0,1.0,0.0,0.0,0.0,0.0,0.0,0.0,0.0,0.0,2.0,12
22500183,DAL,WAS,78.6,78.8,"('Brandon Williams', 'Jaden Hardy', 'P.J. Washington')",0.3166666666666666,1,0,0,0,0,0,0,0,1,0,1,1.0,1.0,0.0,0.0,0.0,0.0,0.0,0.0,0.0,0.0,2.0,12
22500183,DAL,WAS,78.6,78.8,"('Brandon Williams', 'Moussa Cisse', 'Naji Marshall')",0.3166666666666666,1,0,0,0,0,0,0,0,1,0,1,1.0,1.0,0.0,0.0,0.0,0.0,0.0,0.0,0.0,0.0,2.0,12
22500183,DAL,WAS,78.6,78.8,"('Brandon Williams', 'Moussa Cisse', 'P.J. Washington')",0.3166666666666666,1,0,0,0,0,0,0,0,1,0,1,1.0,1.0,0.0,0.0,0.0,0.0,0.0,0.0,0.0,0.0,2.0,12
22500183,DAL,WAS,78.6,78.8,"('Brandon Williams', 'Naji Marshall', 'P.J. Washington')",0.3166666666666666,1,0,0,0,0,0,0,0,1,0,1,1.0,1.0,0.0,0.0,0.0,0.0,0.0,0.0,0.0,0.0,2.0,12
22500183,DAL,WAS,78.6,78.8,"('Jaden Hardy', 'Moussa Cisse', 'Naji Marshall')",0.3166666666666666,1,0,0,0,0,0,0,0,1,0,1,1.0,1.0,0.0,0.0,0.0,0.0,0.0,0.0,0.0,0.0,2.0,12
22500183,DAL,WAS,78.6,78.8,"('Jaden Hardy', 'Moussa Cisse', 'P.J. Washington')",0.3166666666666666,1,0,0,0,0,0,0,0,1,0,1,1.0,1.0,0.0,0.0,0.0,0.0,0.0,0.0,0.0,0.0,2.0,12
22500183,DAL,WAS,78.6,78.8,"('Jaden Hardy', 'Naji Marshall', 'P.J. Washington')",0.3166666666666666,1,0,0,0,0,0,0,0,1,0,1,1.0,1.0,0.0,0.0,0.0,0.0,0.0,0.0,0.0,0.0,2.0,12
22500183,DAL,WAS,78.6,78.8,"('Moussa Cisse', 'Naji Marshall', 'P.J. Washington')",0.3166666666666666,1,0,0,0,0,0,0,0,1,0,1,1.0,1.0,0.0,0.0,0.0,0.0,0.0,0.0,0.0,0.0,2.0,12
22500183,DAL,WAS,77.0,78.2,"('Jaden Hardy', 'Max Christie', 'Moussa Cisse')",0.7666666666666666,2,3,2,0,0,1,0,0,0,1,1,1.44,0.88,0.0,0.0,0.0,2.0,0.0,0.0,0.0,0.0,2.32,12
22500183,DAL,WAS,77.0,78.2,"('Jaden Hardy', 'Max Christie', 'P.J. Washington')",0.7666666666666666,2,3,2,0,0,1,0,0,0,1,1,1.44,0.88,0.0,0.0,0.0,2.0,0.0,0.0,0.0,0.0,2.32,12
22500183,DAL,WAS,77.0,78.2,"('Jaden Hardy', 'Max Christie', 'Ryan Nembhard')",0.7666666666666666,2,3,2,0,0,1,0,0,0,1,1,1.44,0.88,0.0,0.0,0.0,2.0,0.0,0.0,0.0,0.0,2.32,12
22500183,DAL,WAS,77.0,78.2,"('Jaden Hardy', 'Moussa Cisse', 'P.J. Washington')",0.7666666666666666,2,3,2,0,0,1,0,0,0,1,1,1.44,0.88,0.0,0.0,0.0,2.0,0.0,0.0,0.0,0.0,2.32,12
22500183,DAL,WAS,77.0,78.2,"('Jaden Hardy', 'Moussa Cisse', 'Ryan Nembhard')",0.7666666666666666,2,3,2,0,0,1,0,0,0,1,1,1.44,0.88,0.0,0.0,0.0,2.0,0.0,0.0,0.0,0.0,2.32,12
22500183,DAL,WAS,77.0,78.2,"('Jaden Hardy', 'P.J. Washington', 'Ryan Nembhard')",0.7666666666666666,2,3,2,0,0,1,0,0,0,1,1,1.44,0.88,0.0,0.0,0.0,2.0,0.0,0.0,0.0,0.0,2.32,12
22500183,DAL,WAS,77.0,78.2,"('Max Christie', 'Moussa Cisse', 'P.J. Washington')",0.7666666666666666,2,3,2,0,0,1,0,0,0,1,1,1.44,0.88,0.0,0.0,0.0,2.0,0.0,0.0,0.0,0.0,2.32,12
22500183,DAL,WAS,77.0,78.2,"('Max Christie', 'Moussa Cisse', 'Ryan Nembhard')",0.7666666666666666,2,3,2,0,0,1,0,0,0,1,1,1.44,0.88,0.0,0.0,0.0,2.0,0.0,0.0,0.0,0.0,2.32,12
22500183,DAL,WAS,77.0,78.2,"('Max Christie', 'P.J. Washington', 'Ryan Nembhard')",0.7666666666666666,2,3,2,0,0,1,0,0,0,1,1,1.44,0.88,0.0,0.0,0.0,2.0,0.0,0.0,0.0,0.0,2.32,12
22500183,DAL,WAS,77.0,78.2,"('Moussa Cisse', 'P.J. Washington', 'Ryan Nembhard')",0.7666666666666666,2,3,2,0,0,1,0,0,0,1,1,1.44,0.88,0.0,0.0,0.0,2.0,0.0,0.0,0.0,0.0,2.32,12
22500183,DAL,WAS,77.6,78.2,"('Cooper Flagg', ""D'Angelo Russell"", 'Moussa Cisse')",0.3999999999999999,2,0,0,1,1,0,0,0,0,1,0,1.0,1.0,0.0,0.0,0.0,0.0,0.0,0.0,0.0,0.0,2.0,12
22500183,DAL,WAS,77.6,78.2,"('Cooper Flagg', ""D'Angelo Russell"", 'Naji Marshall')",0.3999999999999999,2,0,0,1,1,0,0,0,0,1,0,1.0,1.0,0.0,0.0,0.0,0.0,0.0,0.0,0.0,0.0,2.0,12
22500183,DAL,WAS,77.6,78.2,"('Cooper Flagg', ""D'Angelo Russell"", 'Ryan Nembhard')",0.3999999999999999,2,0,0,1,1,0,0,0,0,1,0,1.0,1.0,0.0,0.0,0.0,0.0,0.0,0.0,0.0,0.0,2.0,12
22500183,DAL,WAS,77.6,78.2,"('Cooper Flagg', 'Moussa Cisse', 'Naji Marshall')",0.3999999999999999,2,0,0,1,1,0,0,0,0,1,0,1.0,1.0,0.0,0.0,0.0,0.0,0.0,0.0,0.0,0.0,2.0,12
22500183,DAL,WAS,77.6,78.2,"('Cooper Flagg', 'Moussa Cisse', 'Ryan Nembhard')",0.3999999999999999,2,0,0,1,1,0,0,0,0,1,0,1.0,1.0,0.0,0.0,0.0,0.0,0.0,0.0,0.0,0.0,2.0,12
22500183,DAL,WAS,77.6,78.2,"('Cooper Flagg', 'Naji Marshall', 'Ryan Nembhard')",0.3999999999999999,2,0,0,1,1,0,0,0,0,1,0,1.0,1.0,0.0,0.0,0.0,0.0,0.0,0.0,0.0,0.0,2.0,12
22500183,DAL,WAS,77.6,78.2,"(""D'Angelo Russell"", 'Moussa Cisse', 'Naji Marshall')",0.3999999999999999,2,0,0,1,1,0,0,0,0,1,0,1.0,1.0,0.0,0.0,0.0,0.0,0.0,0.0,0.0,0.0,2.0,12
22500183,DAL,WAS,77.6,78.2,"(""D'Angelo Russell"", 'Moussa Cisse', 'Ryan Nembhard')",0.3999999999999999,2,0,0,1,1,0,0,0,0,1,0,1.0,1.0,0.0,0.0,0.0,0.0,0.0,0.0,0.0,0.0,2.0,12
22500183,DAL,WAS,77.6,78.2,"(""D'Angelo Russell"", 'Naji Marshall', 'Ryan Nembhard')",0.3999999999999999,2,0,0,1,1,0,0,0,0,1,0,1.0,1.0,0.0,0.0,0.0,0.0,0.0,0.0,0.0,0.0,2.0,12
22500183,DAL,WAS,77.6,78.2,"('Moussa Cisse', 'Naji Marshall', 'Ryan Nembhard')",0.3999999999999999,2,0,0,1,1,0,0,0,0,1,0,1.0,1.0,0.0,0.0,0.0,0.0,0.0,0.0,0.0,0.0,2.0,12
22500183,DAL,WAS,78.4,79.0,"('Brandon Williams', 'Jaden Hardy', 'Max Christie')",2.716666666666667,2,3,2,3,5,0,0,2,3,2,0,8.44,6.88,2.0,0.0,0.0,2.0,0.0,0.0,0.0,0.0,15.32,12
22500183,DAL,WAS,78.4,79.0,"('Brandon Williams', 'Jaden Hardy', 'Moussa Cisse')",2.716666666666667,2,3,2,3,5,0,0,2,3,2,0,8.44,6.88,2.0,0.0,0.0,2.0,0.0,0.0,0.0,0.0,15.32,12
22500183,DAL,WAS,78.4,79.0,"('Brandon Williams', 'Jaden Hardy', 'P.J. Washington')",2.716666666666667,2,3,2,3,5,0,0,2,3,2,0,8.44,6.88,2.0,0.0,0.0,2.0,0.0,0.0,0.0,0.0,15.32,12
22500183,DAL,WAS,78.4,79.0,"('Brandon Williams', 'Max Christie', 'Moussa Cisse')",2.716666666666667,2,3,2,3,5,0,0,2,3,2,0,8.44,6.88,2.0,0.0,0.0,2.0,0.0,0.0,0.0,0.0,15.32,12
22500183,DAL,WAS,78.4,79.0,"('Brandon Williams', 'Max Christie', 'P.J. Washington')",2.716666666666667,2,3,2,3,5,0,0,2,3,2,0,8.44,6.88,2.0,0.0,0.0,2.0,0.0,0.0,0.0,0.0,15.32,12
22500183,DAL,WAS,78.4,79.0,"('Brandon Williams', 'Moussa Cisse', 'P.J. Washington')",2.716666666666667,2,3,2,3,5,0,0,2,3,2,0,8.44,6.88,2.0,0.0,0.0,2.0,0.0,0.0,0.0,0.0,15.32,12
22500183,DAL,WAS,78.4,79.0,"('Jaden Hardy', 'Max Christie', 'Moussa Cisse')",2.716666666666667,2,3,2,3,5,0,0,2,3,2,0,8.44,6.88,2.0,0.0,0.0,2.0,0.0,0.0,0.0,0.0,15.32,12
22500183,DAL,WAS,78.4,79.0,"('Jaden Hardy', 'Max Christie', 'P.J. Washington')",2.716666666666667,2,3,2,3,5,0,0,2,3,2,0,8.44,6.88,2.0,0.0,0.0,2.0,0.0,0.0,0.0,0.0,15.32,12
22500183,DAL,WAS,78.4,79.0,"('Jaden Hardy', 'Moussa Cisse', 'P.J. Washington')",2.716666666666667,2,3,2,3,5,0,0,2,3,2,0,8.44,6.88,2.0,0.0,0.0,2.0,0.0,0.0,0.0,0.0,15.32,12
22500183,DAL,WAS,78.4,79.0,"('Max Christie', 'Moussa Cisse', 'P.J. Washington')",2.716666666666667,2,3,2,3,5,0,0,2,3,2,0,8.44,6.88,2.0,0.0,0.0,2.0,0.0,0.0,0.0,0.0,15.32,12
22500203,DAL,MIL,78.0,79.0,"('Cooper Flagg', ""D'Angelo Russell"", 'Daniel Gafford')",3.35,2,8,5,5,2,3,1,0,0,2,0,5.0,7.44,2.0,0.0,2.0,8.0,0.0,0.0,2.0,4.0,12.44,13
22500203,DAL,MIL,78.0,79.0,"('Cooper Flagg', ""D'Angelo Russell"", 'Jaden Hardy')",3.35,2,8,5,5,2,3,1,0,0,2,0,5.0,7.44,2.0,0.0,2.0,8.0,0.0,0.0,2.0,4.0,12.44,13
22500203,DAL,MIL,78.0,79.0,"('Cooper Flagg', ""D'Angelo Russell"", 'Klay Thompson')",3.35,2,8,5,5,2,3,1,0,0,2,0,5.0,7.44,2.0,0.0,2.0,8.0,0.0,0.0,2.0,4.0,12.44,13
22500203,DAL,MIL,78.0,79.0,"('Cooper Flagg', 'Daniel Gafford', 'Jaden Hardy')",3.35,2,8,5,5,2,3,1,0,0,2,0,5.0,7.44,2.0,0.0,2.0,8.0,0.0,0.0,2.0,4.0,12.44,13
22500203,DAL,MIL,78.0,79.0,"('Cooper Flagg', 'Daniel Gafford', 'Klay Thompson')",3.35,2,8,5,5,2,3,1,0,0,2,0,5.0,7.44,2.0,0.0,2.0,8.0,0.0,0.0,2.0,4.0,12.44,13
22500203,DAL,MIL,78.0,79.0,"('Cooper Flagg', 'Jaden Hardy', 'Klay Thompson')",3.35,2,8,5,5,2,3,1,0,0,2,0,5.0,7.44,2.0,0.0,2.0,8.0,0.0,0.0,2.0,4.0,12.44,13
22500203,DAL,MIL,78.0,79.0,"(""D'Angelo Russell"", 'Daniel Gafford', 'Jaden Hardy')",3.35,2,8,5,5,2,3,1,0,0,2,0,5.0,7.44,2.0,0.0,2.0,8.0,0.0,0.0,2.0,4.0,12.44,13
22500203,DAL,MIL,78.0,79.0,"(""D'Angelo Russell"", 'Daniel Gafford', 'Klay Thompson')",3.35,2,8,5,5,2,3,1,0,0,2,0,5.0,7.44,2.0,0.0,2.0,8.0,0.0,0.0,2.0,4.0,12.44,13
22500203,DAL,MIL,78.0,79.0,"(""D'Angelo Russell"", 'Jaden Hardy', 'Klay Thompson')",3.35,2,8,5,5,2,3,1,0,0,2,0,5.0,7.44,2.0,0.0,2.0,8.0,0.0,0.0,2.0,4.0,12.44,13
22500203,DAL,MIL,78.0,79.0,"('Daniel Gafford', 'Jaden Hardy', 'Klay Thompson')",3.35,2,8,5,5,2,3,1,0,0,2,0,5.0,7.44,2.0,0.0,2.0,8.0,0.0,0.0,2.0,4.0,12.44,13
22500203,DAL,MIL,79.4,78.8,"('Brandon Williams', 'Cooper Flagg', 'Daniel Gafford')",1.2666666666666666,3,3,4,0,1,1,1,0,1,1,1,2.0,2.44,0.0,3.0,0.0,0.0,0.0,0.0,0.0,0.0,4.44,13
22500203,DAL,MIL,79.4,78.8,"('Brandon Williams', 'Cooper Flagg', 'Max Christie')",1.2666666666666666,3,3,4,0,1,1,1,0,1,1,1,2.0,2.44,0.0,3.0,0.0,0.0,0.0,0.0,0.0,0.0,4.44,13
22500203,DAL,MIL,79.4,78.8,"('Brandon Williams', 'Cooper Flagg', 'P.J. Washington')",1.2666666666666666,3,3,4,0,1,1,1,0,1,1,1,2.0,2.44,0.0,3.0,0.0,0.0,0.0,0.0,0.0,0.0,4.44,13
22500203,DAL,MIL,79.4,78.8,"('Brandon Williams', 'Daniel Gafford', 'Max Christie')",1.2666666666666666,3,3,4,0,1,1,1,0,1,1,1,2.0,2.44,0.0,3.0,0.0,0.0,0.0,0.0,0.0,0.0,4.44,13
22500203,DAL,MIL,79.4,78.8,"('Brandon Williams', 'Daniel Gafford', 'P.J. Washington')",1.2666666666666666,3,3,4,0,1,1,1,0,1,1,1,2.0,2.44,0.0,3.0,0.0,0.0,0.0,0.0,0.0,0.0,4.44,13
22500203,DAL,MIL,79.4,78.8,"('Brandon Williams', 'Max Christie', 'P.J. Washington')",1.2666666666666666,3,3,4,0,1,1,1,0,1,1,1,2.0,2.44,0.0,3.0,0.0,0.0,0.0,0.0,0.0,0.0,4.44,13
22500203,DAL,MIL,79.4,78.8,"('Cooper Flagg', 'Daniel Gafford', 'Max Christie')",1.2666666666666666,3,3,4,0,1,1,1,0,1,1,1,2.0,2.44,0.0,3.0,0.0,0.0,0.0,0.0,0.0,0.0,4.44,13
22500203,DAL,MIL,79.4,78.8,"('Cooper Flagg', 'Daniel Gafford', 'P.J. Washington')",1.2666666666666666,3,3,4,0,1,1,1,0,1,1,1,2.0,2.44,0.0,3.0,0.0,0.0,0.0,0.0,0.0,0.0,4.44,13
22500203,DAL,MIL,79.4,78.8,"('Cooper Flagg', 'Max Christie', 'P.J. Washington')",1.2666666666666666,3,3,4,0,1,1,1,0,1,1,1,2.0,2.44,0.0,3.0,0.0,0.0,0.0,0.0,0.0,0.0,4.44,13
22500203,DAL,MIL,79.4,78.8,"('Daniel Gafford', 'Max Christie', 'P.J. Washington')",1.2666666666666666,3,3,4,0,1,1,1,0,1,1,1,2.0,2.44,0.0,3.0,0.0,0.0,0.0,0.0,0.0,0.0,4.44,13
22500203,DAL,MIL,78.8,79.0,"('Brandon Williams', 'Caleb Martin', 'Klay Thompson')",1.2999999999999998,4,5,5,1,0,2,1,0,0,0,1,2.44,2.0,0.0,0.0,2.0,4.0,0.0,0.0,0.0,2.0,4.44,13
22500203,DAL,MIL,78.8,79.0,"('Brandon Williams', 'Caleb Martin', 'Moussa Cisse')",1.2999999999999998,4,5,5,1,0,2,1,0,0,0,1,2.44,2.0,0.0,0.0,2.0,4.0,0.0,0.0,0.0,2.0,4.44,13
22500203,DAL,MIL,78.8,79.0,"('Brandon Williams', 'Caleb Martin', 'P.J. Washington')",1.2999999999999998,4,5,5,1,0,2,1,0,0,0,1,2.44,2.0,0.0,0.0,2.0,4.0,0.0,0.0,0.0,2.0,4.44,13
22500203,DAL,MIL,78.8,79.0,"('Brandon Williams', 'Klay Thompson', 'Moussa Cisse')",1.2999999999999998,4,5,5,1,0,2,1,0,0,0,1,2.44,2.0,0.0,0.0,2.0,4.0,0.0,0.0,0.0,2.0,4.44,13
22500203,DAL,MIL,78.8,79.0,"('Brandon Williams', 'Klay Thompson', 'P.J. Washington')",1.2999999999999998,4,5,5,1,0,2,1,0,0,0,1,2.44,2.0,0.0,0.0,2.0,4.0,0.0,0.0,0.0,2.0,4.44,13
22500203,DAL,MIL,78.8,79.0,"('Brandon Williams', 'Moussa Cisse', 'P.J. Washington')",1.2999999999999998,4,5,5,1,0,2,1,0,0,0,1,2.44,2.0,0.0,0.0,2.0,4.0,0.0,0.0,0.0,2.0,4.44,13
22500203,DAL,MIL,78.8,79.0,"('Caleb Martin', 'Klay Thompson', 'Moussa Cisse')",1.2999999999999998,4,5,5,1,0,2,1,0,0,0,1,2.44,2.0,0.0,0.0,2.0,4.0,0.0,0.0,0.0,2.0,4.44,13
22500203,DAL,MIL,78.8,79.0,"('Caleb Martin', 'Klay Thompson', 'P.J. Washington')",1.2999999999999998,4,5,5,1,0,2,1,0,0,0,1,2.44,2.0,0.0,0.0,2.0,4.0,0.0,0.0,0.0,2.0,4.44,13
22500203,DAL,MIL,78.8,79.0,"('Caleb Martin', 'Moussa Cisse', 'P.J. Washington')",1.2999999999999998,4,5,5,1,0,2,1,0,0,0,1,2.44,2.0,0.0,0.0,2.0,4.0,0.0,0.0,0.0,2.0,4.44,13
22500203,DAL,MIL,78.8,79.0,"('Klay Thompson', 'Moussa Cisse', 'P.J. Washington')",1.2999999999999998,4,5,5,1,0,2,1,0,0,0,1,2.44,2.0,0.0,0.0,2.0,4.0,0.0,0.0,0.0,2.0,4.44,13
22500203,DAL,MIL,78.4,79.2,"('Caleb Martin', 'Cooper Flagg', 'Max Christie')",0.18,4,0,2,0,0,0,0,0,0,0,0,0.0,1.0,0.0,0.0,0.0,0.0,0.0,0.0,0.0,2.0,1.0,13
22500203,DAL,MIL,78.4,79.2,"('Caleb Martin', 'Cooper Flagg', 'Naji Marshall')",0.18,4,0,2,0,0,0,0,0,0,0,0,0.0,1.0,0.0,0.0,0.0,0.0,0.0,0.0,0.0,2.0,1.0,13
22500203,DAL,MIL,78.4,79.2,"('Caleb Martin', 'Cooper Flagg', 'P.J. Washington')",0.18,4,0,2,0,0,0,0,0,0,0,0,0.0,1.0,0.0,0.0,0.0,0.0,0.0,0.0,0.0,2.0,1.0,13
22500203,DAL,MIL,78.4,79.2,"('Caleb Martin', 'Max Christie', 'Naji Marshall')",0.18,4,0,2,0,0,0,0,0,0,0,0,0.0,1.0,0.0,0.0,0.0,0.0,0.0,0.0,0.0,2.0,1.0,13
22500203,DAL,MIL,78.4,79.2,"('Caleb Martin', 'Max Christie', 'P.J. Washington')",0.18,4,0,2,0,0,0,0,0,0,0,0,0.0,1.0,0.0,0.0,0.0,0.0,0.0,0.0,0.0,2.0,1.0,13
22500203,DAL,MIL,78.4,79.2,"('Caleb Martin', 'Naji Marshall', 'P.J. Washington')",0.18,4,0,2,0,0,0,0,0,0,0,0,0.0,1.0,0.0,0.0,0.0,0.0,0.0,0.0,0.0,2.0,1.0,13
22500203,DAL,MIL,78.4,79.2,"('Cooper Flagg', 'Max Christie', 'Naji Marshall')",0.18,4,0,2,0,0,0,0,0,0,0,0,0.0,1.0,0.0,0.0,0.0,0.0,0.0,0.0,0.0,2.0,1.0,13
22500203,DAL,MIL,78.4,79.2,"('Cooper Flagg', 'Max Christie', 'P.J. Washington')",0.18,4,0,2,0,0,0,0,0,0,0,0,0.0,1.0,0.0,0.0,0.0,0.0,0.0,0.0,0.0,2.0,1.0,13
22500203,DAL,MIL,78.4,79.2,"('Cooper Flagg', 'Naji Marshall', 'P.J. Washington')",0.18,4,0,2,0,0,0,0,0,0,0,0,0.0,1.0,0.0,0.0,0.0,0.0,0.0,0.0,0.0,2.0,1.0,13
22500203,DAL,MIL,78.4,79.2,"('Max Christie', 'Naji Marshall', 'P.J. Washington')",0.18,4,0,2,0,0,0,0,0,0,0,0,0.0,1.0,0.0,0.0,0.0,0.0,0.0,0.0,0.0,2.0,1.0,13
22500203,DAL,MIL,78.0,79.0,"('Caleb Martin', ""D'Angelo Russell"", 'Daniel Gafford')",2.4833333333333334,4,4,8,2,1,1,2,3,2,2,2,5.88,7.44,0.0,2.0,0.0,2.0,4.0,2.0,2.0,4.0,13.32,13
22500203,DAL,MIL,78.0,79.0,"('Caleb Martin', ""D'Angelo Russell"", 'Klay Thompson')",2.4833333333333334,4,4,8,2,1,1,2,3,2,2,2,5.88,7.44,0.0,2.0,0.0,2.0,4.0,2.0,2.0,4.0,13.32,13
22500203,DAL,MIL,78.0,79.0,"('Caleb Martin', ""D'Angelo Russell"", 'P.J. Washington')",2.4833333333333334,4,4,8,2,1,1,2,3,2,2,2,5.88,7.44,0.0,2.0,0.0,2.0,4.0,2.0,2.0,4.0,13.32,13
22500203,DAL,MIL,78.0,79.0,"('Caleb Martin', 'Daniel Gafford', 'Klay Thompson')",2.4833333333333334,4,4,8,2,1,1,2,3,2,2,2,5.88,7.44,0.0,2.0,0.0,2.0,4.0,2.0,2.0,4.0,13.32,13
22500203,DAL,MIL,78.0,79.0,"('Caleb Martin', 'Daniel Gafford', 'P.J. Washington')",2.4833333333333334,4,4,8,2,1,1,2,3,2,2,2,5.88,7.44,0.0,2.0,0.0,2.0,4.0,2.0,2.0,4.0,13.32,13
22500203,DAL,MIL,78.0,79.0,"('Caleb Martin', 'Klay Thompson', 'P.J. Washington')",2.4833333333333334,4,4,8,2,1,1,2,3,2,2,2,5.88,7.44,0.0,2.0,0.0,2.0,4.0,2.0,2.0,4.0,13.32,13
22500203,DAL,MIL,78.0,79.0,"(""D'Angelo Russell"", 'Daniel Gafford', 'Klay Thompson')",2.4833333333333334,4,4,8,2,1,1,2,3,2,2,2,5.88,7.44,0.0,2.0,0.0,2.0,4.0,2.0,2.0,4.0,13.32,13
22500203,DAL,MIL,78.0,79.0,"(""D'Angelo Russell"", 'Daniel Gafford', 'P.J. Washington')",2.4833333333333334,4,4,8,2,1,1,2,3,2,2,2,5.88,7.44,0.0,2.0,0.0,2.0,4.0,2.0,2.0,4.0,13.32,13
22500203,DAL,MIL,78.0,79.0,"(""D'Angelo Russell"", 'Klay Thompson', 'P.J. Washington')",2.4833333333333334,4,4,8,2,1,1,2,3,2,2,2,5.88,7.44,0.0,2.0,0.0,2.0,4.0,2.0,2.0,4.0,13.32,13
22500203,DAL,MIL,78.0,79.0,"('Daniel Gafford', 'Klay Thompson', 'P.J. Washington')",2.4833333333333334,4,4,8,2,1,1,2,3,2,2,2,5.88,7.44,0.0,2.0,0.0,2.0,4.0,2.0,2.0,4.0,13.32,13
22500203,DAL,MIL,80.4,80.4,"('Caleb Martin', 'Cooper Flagg', 'Daniel Gafford')",0.0166666666666666,4,0,0,0,1,0,0,0,0,0,0,1.0,0.0,0.0,0.0,0.0,0.0,0.0,0.0,0.0,0.0,1.0,13
22500203,DAL,MIL,80.4,80.4,"('Caleb Martin', 'Cooper Flagg', 'Moussa Cisse')",0.0166666666666666,4,0,0,0,1,0,0,0,0,0,0,1.0,0.0,0.0,0.0,0.0,0.0,0.0,0.0,0.0,0.0,1.0,13
22500203,DAL,MIL,80.4,80.4,"('Caleb Martin', 'Cooper Flagg', 'P.J. Washington')",0.0166666666666666,4,0,0,0,1,0,0,0,0,0,0,1.0,0.0,0.0,0.0,0.0,0.0,0.0,0.0,0.0,0.0,1.0,13
22500203,DAL,MIL,80.4,80.4,"('Caleb Martin', 'Daniel Gafford', 'Moussa Cisse')",0.0166666666666666,4,0,0,0,1,0,0,0,0,0,0,1.0,0.0,0.0,0.0,0.0,0.0,0.0,0.0,0.0,0.0,1.0,13
22500203,DAL,MIL,80.4,80.4,"('Caleb Martin', 'Daniel Gafford', 'P.J. Washington')",0.0166666666666666,4,0,0,0,1,0,0,0,0,0,0,1.0,0.0,0.0,0.0,0.0,0.0,0.0,0.0,0.0,0.0,1.0,13
22500203,DAL,MIL,80.4,80.4,"('Caleb Martin', 'Moussa Cisse', 'P.J. Washington')",0.0166666666666666,4,0,0,0,1,0,0,0,0,0,0,1.0,0.0,0.0,0.0,0.0,0.0,0.0,0.0,0.0,0.0,1.0,13
22500203,DAL,MIL,80.4,80.4,"('Cooper Flagg', 'Daniel Gafford', 'Moussa Cisse')",0.0166666666666666,4,0,0,0,1,0,0,0,0,0,0,1.0,0.0,0.0,0.0,0.0,0.0,0.0,0.0,0.0,0.0,1.0,13
22500203,DAL,MIL,80.4,80.4,"('Cooper Flagg', 'Daniel Gafford', 'P.J. Washington')",0.0166666666666666,4,0,0,0,1,0,0,0,0,0,0,1.0,0.0,0.0,0.0,0.0,0.0,0.0,0.0,0.0,0.0,1.0,13
22500203,DAL,MIL,80.4,80.4,"('Cooper Flagg', 'Moussa Cisse', 'P.J. Washington')",0.0166666666666666,4,0,0,0,1,0,0,0,0,0,0,1.0,0.0,0.0,0.0,0.0,0.0,0.0,0.0,0.0,0.0,1.0,13
22500203,DAL,MIL,80.4,80.4,"('Daniel Gafford', 'Moussa Cisse', 'P.J. Washington')",0.0166666666666666,4,0,0,0,1,0,0,0,0,0,0,1.0,0.0,0.0,0.0,0.0,0.0,0.0,0.0,0.0,0.0,1.0,13
22500203,DAL,MIL,79.2,79.2,"('Brandon Williams', 'Cooper Flagg', 'Daniel Gafford')",2.683333333333333,4,5,2,4,4,1,1,0,0,1,1,4.88,5.0,3.0,0.0,0.0,0.0,0.0,0.0,0.0,2.0,9.88,13
22500203,DAL,MIL,79.2,79.2,"('Brandon Williams', 'Cooper Flagg', 'Max Christie')",2.683333333333333,4,5,2,4,4,1,1,0,0,1,1,4.88,5.0,3.0,0.0,0.0,0.0,0.0,0.0,0.0,2.0,9.88,13
22500203,DAL,MIL,79.2,79.2,"('Brandon Williams', 'Cooper Flagg', 'Naji Marshall')",2.683333333333333,4,5,2,4,4,1,1,0,0,1,1,4.88,5.0,3.0,0.0,0.0,0.0,0.0,0.0,0.0,2.0,9.88,13
22500203,DAL,MIL,79.2,79.2,"('Brandon Williams', 'Daniel Gafford', 'Max Christie')",2.683333333333333,4,5,2,4,4,1,1,0,0,1,1,4.88,5.0,3.0,0.0,0.0,0.0,0.0,0.0,0.0,2.0,9.88,13
22500203,DAL,MIL,79.2,79.2,"('Brandon Williams', 'Daniel Gafford', 'Naji Marshall')",2.683333333333333,4,5,2,4,4,1,1,0,0,1,1,4.88,5.0,3.0,0.0,0.0,0.0,0.0,0.0,0.0,2.0,9.88,13
22500203,DAL,MIL,79.2,79.2,"('Brandon Williams', 'Max Christie', 'Naji Marshall')",2.683333333333333,4,5,2,4,4,1,1,0,0,1,1,4.88,5.0,3.0,0.0,0.0,0.0,0.0,0.0,0.0,2.0,9.88,13
22500203,DAL,MIL,79.2,79.2,"('Cooper Flagg', 'Daniel Gafford', 'Max Christie')",2.683333333333333,4,5,2,4,4,1,1,0,0,1,1,4.88,5.0,3.0,0.0,0.0,0.0,0.0,0.0,0.0,2.0,9.88,13
22500203,DAL,MIL,79.2,79.2,"('Cooper Flagg', 'Daniel Gafford', 'Naji Marshall')",2.683333333333333,4,5,2,4,4,1,1,0,0,1,1,4.88,5.0,3.0,0.0,0.0,0.0,0.0,0.0,0.0,2.0,9.88,13
22500203,DAL,MIL,79.2,79.2,"('Cooper Flagg', 'Max Christie', 'Naji Marshall')",2.683333333333333,4,5,2,4,4,1,1,0,0,1,1,4.88,5.0,3.0,0.0,0.0,0.0,0.0,0.0,0.0,2.0,9.88,13
22500203,DAL,MIL,79.2,79.2,"('Daniel Gafford', 'Max Christie', 'Naji Marshall')",2.683333333333333,4,5,2,4,4,1,1,0,0,1,1,4.88,5.0,3.0,0.0,0.0,0.0,0.0,0.0,0.0,2.0,9.88,13
22500203,DAL,MIL,79.6,79.2,"('Brandon Williams', 'Cooper Flagg', 'Max Christie')",2.6833333333333327,4,5,14,3,4,1,3,1,0,0,2,6.32,5.44,0.0,0.0,0.0,2.0,3.0,0.0,2.0,4.0,11.760000000000002,13
22500203,DAL,MIL,79.6,79.2,"('Brandon Williams', 'Cooper Flagg', 'Moussa Cisse')",2.6833333333333327,4,5,14,3,4,1,3,1,0,0,2,6.32,5.44,0.0,0.0,0.0,2.0,3.0,0.0,2.0,4.0,11.760000000000002,13
22500203,DAL,MIL,79.6,79.2,"('Brandon Williams', 'Cooper Flagg', 'P.J. Washington')",2.6833333333333327,4,5,14,3,4,1,3,1,0,0,2,6.32,5.44,0.0,0.0,0.0,2.0,3.0,0.0,2.0,4.0,11.760000000000002,13
22500203,DAL,MIL,79.6,79.2,"('Brandon Williams', 'Max Christie', 'Moussa Cisse')",2.6833333333333327,4,5,14,3,4,1,3,1,0,0,2,6.32,5.44,0.0,0.0,0.0,2.0,3.0,0.0,2.0,4.0,11.760000000000002,13
22500203,DAL,MIL,79.6,79.2,"('Brandon Williams', 'Max Christie', 'P.J. Washington')",2.6833333333333327,4,5,14,3,4,1,3,1,0,0,2,6.32,5.44,0.0,0.0,0.0,2.0,3.0,0.0,2.0,4.0,11.760000000000002,13
22500203,DAL,MIL,79.6,79.2,"('Brandon Williams', 'Moussa Cisse', 'P.J. Washington')",2.6833333333333327,4,5,14,3,4,1,3,1,0,0,2,6.32,5.44,0.0,0.0,0.0,2.0,3.0,0.0,2.0,4.0,11.760000000000002,13
22500203,DAL,MIL,79.6,79.2,"('Cooper Flagg', 'Max Christie', 'Moussa Cisse')",2.6833333333333327,4,5,14,3,4,1,3,1,0,0,2,6.32,5.44,0.0,0.0,0.0,2.0,3.0,0.0,2.0,4.0,11.760000000000002,13
22500203,DAL,MIL,79.6,79.2,"('Cooper Flagg', 'Max Christie', 'P.J. Washington')",2.6833333333333327,4,5,14,3,4,1,3,1,0,0,2,6.32,5.44,0.0,0.0,0.0,2.0,3.0,0.0,2.0,4.0,11.760000000000002,13
22500203,DAL,MIL,79.6,79.2,"('Cooper Flagg', 'Moussa Cisse', 'P.J. Washington')",2.6833333333333327,4,5,14,3,4,1,3,1,0,0,2,6.32,5.44,0.0,0.0,0.0,2.0,3.0,0.0,2.0,4.0,11.760000000000002,13
22500203,DAL,MIL,79.6,79.2,"('Max Christie', 'Moussa Cisse', 'P.J. Washington')",2.6833333333333327,4,5,14,3,4,1,3,1,0,0,2,6.32,5.44,0.0,0.0,0.0,2.0,3.0,0.0,2.0,4.0,11.760000000000002,13
22500203,DAL,MIL,78.6,79.4,"('Cooper Flagg', ""D'Angelo Russell"", 'Dwight Powell')",1.403333333333333,1,6,4,2,2,1,1,0,1,1,1,4.88,5.44,2.0,2.0,0.0,4.0,0.0,0.0,0.0,0.0,10.32,13
22500203,DAL,MIL,78.6,79.4,"('Cooper Flagg', ""D'Angelo Russell"", 'Klay Thompson')",1.403333333333333,1,6,4,2,2,1,1,0,1,1,1,4.88,5.44,2.0,2.0,0.0,4.0,0.0,0.0,0.0,0.0,10.32,13
22500203,DAL,MIL,78.6,79.4,"('Cooper Flagg', ""D'Angelo Russell"", 'Naji Marshall')",1.403333333333333,1,6,4,2,2,1,1,0,1,1,1,4.88,5.44,2.0,2.0,0.0,4.0,0.0,0.0,0.0,0.0,10.32,13
22500203,DAL,MIL,78.6,79.4,"('Cooper Flagg', 'Dwight Powell', 'Klay Thompson')",1.403333333333333,1,6,4,2,2,1,1,0,1,1,1,4.88,5.44,2.0,2.0,0.0,4.0,0.0,0.0,0.0,0.0,10.32,13
22500203,DAL,MIL,78.6,79.4,"('Cooper Flagg', 'Dwight Powell', 'Naji Marshall')",1.403333333333333,1,6,4,2,2,1,1,0,1,1,1,4.88,5.44,2.0,2.0,0.0,4.0,0.0,0.0,0.0,0.0,10.32,13
22500203,DAL,MIL,78.6,79.4,"('Cooper Flagg', 'Klay Thompson', 'Naji Marshall')",1.403333333333333,1,6,4,2,2,1,1,0,1,1,1,4.88,5.44,2.0,2.0,0.0,4.0,0.0,0.0,0.0,0.0,10.32,13
22500203,DAL,MIL,78.6,79.4,"(""D'Angelo Russell"", 'Dwight Powell', 'Klay Thompson')",1.403333333333333,1,6,4,2,2,1,1,0,1,1,1,4.88,5.44,2.0,2.0,0.0,4.0,0.0,0.0,0.0,0.0,10.32,13
22500203,DAL,MIL,78.6,79.4,"(""D'Angelo Russell"", 'Dwight Powell', 'Naji Marshall')",1.403333333333333,1,6,4,2,2,1,1,0,1,1,1,4.88,5.44,2.0,2.0,0.0,4.0,0.0,0.0,0.0,0.0,10.32,13
22500203,DAL,MIL,78.6,79.4,"(""D'Angelo Russell"", 'Klay Thompson', 'Naji Marshall')",1.403333333333333,1,6,4,2,2,1,1,0,1,1,1,4.88,5.44,2.0,2.0,0.0,4.0,0.0,0.0,0.0,0.0,10.32,13
22500203,DAL,MIL,78.6,79.4,"('Dwight Powell', 'Klay Thompson', 'Naji Marshall')",1.403333333333333,1,6,4,2,2,1,1,0,1,1,1,4.88,5.44,2.0,2.0,0.0,4.0,0.0,0.0,0.0,0.0,10.32,13
22500203,DAL,MIL,78.8,78.6,"('Cooper Flagg', ""D'Angelo Russell"", 'Klay Thompson')",0.9166666666666669,1,1,2,1,1,0,0,0,0,0,1,1.44,2.0,0.0,0.0,0.0,0.0,0.0,0.0,0.0,2.0,3.44,13
22500203,DAL,MIL,78.8,78.6,"('Cooper Flagg', ""D'Angelo Russell"", 'Moussa Cisse')",0.9166666666666669,1,1,2,1,1,0,0,0,0,0,1,1.44,2.0,0.0,0.0,0.0,0.0,0.0,0.0,0.0,2.0,3.44,13
22500203,DAL,MIL,78.8,78.6,"('Cooper Flagg', ""D'Angelo Russell"", 'Naji Marshall')",0.9166666666666669,1,1,2,1,1,0,0,0,0,0,1,1.44,2.0,0.0,0.0,0.0,0.0,0.0,0.0,0.0,2.0,3.44,13
22500203,DAL,MIL,78.8,78.6,"('Cooper Flagg', 'Klay Thompson', 'Moussa Cisse')",0.9166666666666669,1,1,2,1,1,0,0,0,0,0,1,1.44,2.0,0.0,0.0,0.0,0.0,0.0,0.0,0.0,2.0,3.44,13
22500203,DAL,MIL,78.8,78.6,"('Cooper Flagg', 'Klay Thompson', 'Naji Marshall')",0.9166666666666669,1,1,2,1,1,0,0,0,0,0,1,1.44,2.0,0.0,0.0,0.0,0.0,0.0,0.0,0.0,2.0,3.44,13
22500203,DAL,MIL,78.8,78.6,"('Cooper Flagg', 'Moussa Cisse', 'Naji Marshall')",0.9166666666666669,1,1,2,1,1,0,0,0,0,0,1,1.44,2.0,0.0,0.0,0.0,0.0,0.0,0.0,0.0,2.0,3.44,13
22500203,DAL,MIL,78.8,78.6,"(""D'Angelo Russell"", 'Klay Thompson', 'Moussa Cisse')",0.9166666666666669,1,1,2,1,1,0,0,0,0,0,1,1.44,2.0,0.0,0.0,0.0,0.0,0.0,0.0,0.0,2.0,3.44,13
22500203,DAL,MIL,78.8,78.6,"(""D'Angelo Russell"", 'Klay Thompson', 'Naji Marshall')",0.9166666666666669,1,1,2,1,1,0,0,0,0,0,1,1.44,2.0,0.0,0.0,0.0,0.0,0.0,0.0,0.0,2.0,3.44,13
22500203,DAL,MIL,78.8,78.6,"(""D'Angelo Russell"", 'Moussa Cisse', 'Naji Marshall')",0.9166666666666669,1,1,2,1,1,0,0,0,0,0,1,1.44,2.0,0.0,0.0,0.0,0.0,0.0,0.0,0.0,2.0,3.44,13
22500203,DAL,MIL,78.8,78.6,"('Klay Thompson', 'Moussa Cisse', 'Naji Marshall')",0.9166666666666669,1,1,2,1,1,0,0,0,0,0,1,1.44,2.0,0.0,0.0,0.0,0.0,0.0,0.0,0.0,2.0,3.44,13
22500203,DAL,MIL,79.4,79.2,"('Brandon Williams', 'Cooper Flagg', 'Daniel Gafford')",0.1666666666666666,2,0,1,0,1,0,0,0,0,1,0,0.0,0.44,0.0,0.0,0.0,0.0,0.0,0.0,0.0,0.0,0.44,13
22500203,DAL,MIL,79.4,79.2,"('Brandon Williams', 'Cooper Flagg', 'Max Christie')",0.1666666666666666,2,0,1,0,1,0,0,0,0,1,0,0.0,0.44,0.0,0.0,0.0,0.0,0.0,0.0,0.0,0.0,0.44,13
22500203,DAL,MIL,79.4,79.2,"('Brandon Williams', 'Cooper Flagg', 'P.J. Washington')",0.1666666666666666,2,0,1,0,1,0,0,0,0,1,0,0.0,0.44,0.0,0.0,0.0,0.0,0.0,0.0,0.0,0.0,0.44,13
22500203,DAL,MIL,79.4,79.2,"('Brandon Williams', 'Daniel Gafford', 'Max Christie')",0.1666666666666666,2,0,1,0,1,0,0,0,0,1,0,0.0,0.44,0.0,0.0,0.0,0.0,0.0,0.0,0.0,0.0,0.44,13
22500203,DAL,MIL,79.4,79.2,"('Brandon Williams', 'Daniel Gafford', 'P.J. Washington')",0.1666666666666666,2,0,1,0,1,0,0,0,0,1,0,0.0,0.44,0.0,0.0,0.0,0.0,0.0,0.0,0.0,0.0,0.44,13
22500203,DAL,MIL,79.4,79.2,"('Brandon Williams', 'Max Christie', 'P.J. Washington')",0.1666666666666666,2,0,1,0,1,0,0,0,0,1,0,0.0,0.44,0.0,0.0,0.0,0.0,0.0,0.0,0.0,0.0,0.44,13
22500203,DAL,MIL,79.4,79.2,"('Cooper Flagg', 'Daniel Gafford', 'Max Christie')",0.1666666666666666,2,0,1,0,1,0,0,0,0,1,0,0.0,0.44,0.0,0.0,0.0,0.0,0.0,0.0,0.0,0.0,0.44,13
22500203,DAL,MIL,79.4,79.2,"('Cooper Flagg', 'Daniel Gafford', 'P.J. Washington')",0.1666666666666666,2,0,1,0,1,0,0,0,0,1,0,0.0,0.44,0.0,0.0,0.0,0.0,0.0,0.0,0.0,0.0,0.44,13
22500203,DAL,MIL,79.4,79.2,"('Cooper Flagg', 'Max Christie', 'P.J. Washington')",0.1666666666666666,2,0,1,0,1,0,0,0,0,1,0,0.0,0.44,0.0,0.0,0.0,0.0,0.0,0.0,0.0,0.0,0.44,13
22500203,DAL,MIL,79.4,79.2,"('Daniel Gafford', 'Max Christie', 'P.J. Washington')",0.1666666666666666,2,0,1,0,1,0,0,0,0,1,0,0.0,0.44,0.0,0.0,0.0,0.0,0.0,0.0,0.0,0.0,0.44,13
22500203,DAL,MIL,79.2,79.2,"('Brandon Williams', 'Caleb Martin', 'Cooper Flagg')",2.1283333333333325,2,9,4,2,0,2,0,2,2,1,2,5.76,6.88,2.0,5.0,0.0,0.0,0.0,0.0,0.0,2.0,12.64,13
22500203,DAL,MIL,79.2,79.2,"('Brandon Williams', 'Caleb Martin', 'Max Christie')",2.1283333333333325,2,9,4,2,0,2,0,2,2,1,2,5.76,6.88,2.0,5.0,0.0,0.0,0.0,0.0,0.0,2.0,12.64,13
22500203,DAL,MIL,79.2,79.2,"('Brandon Williams', 'Caleb Martin', 'Moussa Cisse')",2.1283333333333325,2,9,4,2,0,2,0,2,2,1,2,5.76,6.88,2.0,5.0,0.0,0.0,0.0,0.0,0.0,2.0,12.64,13
22500203,DAL,MIL,79.2,79.2,"('Brandon Williams', 'Cooper Flagg', 'Max Christie')",2.1283333333333325,2,9,4,2,0,2,0,2,2,1,2,5.76,6.88,2.0,5.0,0.0,0.0,0.0,0.0,0.0,2.0,12.64,13
22500203,DAL,MIL,79.2,79.2,"('Brandon Williams', 'Cooper Flagg', 'Moussa Cisse')",2.1283333333333325,2,9,4,2,0,2,0,2,2,1,2,5.76,6.88,2.0,5.0,0.0,0.0,0.0,0.0,0.0,2.0,12.64,13
22500203,DAL,MIL,79.2,79.2,"('Brandon Williams', 'Max Christie', 'Moussa Cisse')",2.1283333333333325,2,9,4,2,0,2,0,2,2,1,2,5.76,6.88,2.0,5.0,0.0,0.0,0.0,0.0,0.0,2.0,12.64,13
22500203,DAL,MIL,79.2,79.2,"('Caleb Martin', 'Cooper Flagg', 'Max Christie')",2.1283333333333325,2,9,4,2,0,2,0,2,2,1,2,5.76,6.88,2.0,5.0,0.0,0.0,0.0,0.0,0.0,2.0,12.64,13
22500203,DAL,MIL,79.2,79.2,"('Caleb Martin', 'Cooper Flagg', 'Moussa Cisse')",2.1283333333333325,2,9,4,2,0,2,0,2,2,1,2,5.76,6.88,2.0,5.0,0.0,0.0,0.0,0.0,0.0,2.0,12.64,13
22500203,DAL,MIL,79.2,79.2,"('Caleb Martin', 'Max Christie', 'Moussa Cisse')",2.1283333333333325,2,9,4,2,0,2,0,2,2,1,2,5.76,6.88,2.0,5.0,0.0,0.0,0.0,0.0,0.0,2.0,12.64,13
22500203,DAL,MIL,79.2,79.2,"('Cooper Flagg', 'Max Christie', 'Moussa Cisse')",2.1283333333333325,2,9,4,2,0,2,0,2,2,1,2,5.76,6.88,2.0,5.0,0.0,0.0,0.0,0.0,0.0,2.0,12.64,13
22500203,DAL,MIL,79.2,79.2,"('Caleb Martin', 'Cooper Flagg', 'Max Christie')",0.1316666666666666,2,0,2,0,0,0,1,0,0,0,0,1.0,1.0,0.0,0.0,0.0,0.0,2.0,0.0,2.0,2.0,2.0,13
22500203,DAL,MIL,79.2,79.2,"('Caleb Martin', 'Cooper Flagg', 'Moussa Cisse')",0.1316666666666666,2,0,2,0,0,0,1,0,0,0,0,1.0,1.0,0.0,0.0,0.0,0.0,2.0,0.0,2.0,2.0,2.0,13
22500203,DAL,MIL,79.2,79.2,"('Caleb Martin', 'Cooper Flagg', 'Naji Marshall')",0.1316666666666666,2,0,2,0,0,0,1,0,0,0,0,1.0,1.0,0.0,0.0,0.0,0.0,2.0,0.0,2.0,2.0,2.0,13
22500203,DAL,MIL,79.2,79.2,"('Caleb Martin', 'Max Christie', 'Moussa Cisse')",0.1316666666666666,2,0,2,0,0,0,1,0,0,0,0,1.0,1.0,0.0,0.0,0.0,0.0,2.0,0.0,2.0,2.0,2.0,13
22500203,DAL,MIL,79.2,79.2,"('Caleb Martin', 'Max Christie', 'Naji Marshall')",0.1316666666666666,2,0,2,0,0,0,1,0,0,0,0,1.0,1.0,0.0,0.0,0.0,0.0,2.0,0.0,2.0,2.0,2.0,13
22500203,DAL,MIL,79.2,79.2,"('Caleb Martin', 'Moussa Cisse', 'Naji Marshall')",0.1316666666666666,2,0,2,0,0,0,1,0,0,0,0,1.0,1.0,0.0,0.0,0.0,0.0,2.0,0.0,2.0,2.0,2.0,13
22500203,DAL,MIL,79.2,79.2,"('Cooper Flagg', 'Max Christie', 'Moussa Cisse')",0.1316666666666666,2,0,2,0,0,0,1,0,0,0,0,1.0,1.0,0.0,0.0,0.0,0.0,2.0,0.0,2.0,2.0,2.0,13
22500203,DAL,MIL,79.2,79.2,"('Cooper Flagg', 'Max Christie', 'Naji Marshall')",0.1316666666666666,2,0,2,0,0,0,1,0,0,0,0,1.0,1.0,0.0,0.0,0.0,0.0,2.0,0.0,2.0,2.0,2.0,13
22500203,DAL,MIL,79.2,79.2,"('Cooper Flagg', 'Moussa Cisse', 'Naji Marshall')",0.1316666666666666,2,0,2,0,0,0,1,0,0,0,0,1.0,1.0,0.0,0.0,0.0,0.0,2.0,0.0,2.0,2.0,2.0,13
22500203,DAL,MIL,79.2,79.2,"('Max Christie', 'Moussa Cisse', 'Naji Marshall')",0.1316666666666666,2,0,2,0,0,0,1,0,0,0,0,1.0,1.0,0.0,0.0,0.0,0.0,2.0,0.0,2.0,2.0,2.0,13
22500203,DAL,MIL,78.6,79.2,"('Brandon Williams', 'Daniel Gafford', 'Klay Thompson')",1.2833333333333332,2,2,0,2,2,0,0,0,0,0,1,4.88,2.0,0.0,0.0,0.0,0.0,0.0,0.0,0.0,0.0,6.88,13
22500203,DAL,MIL,78.6,79.2,"('Brandon Williams', 'Daniel Gafford', 'Max Christie')",1.2833333333333332,2,2,0,2,2,0,0,0,0,0,1,4.88,2.0,0.0,0.0,0.0,0.0,0.0,0.0,0.0,0.0,6.88,13
22500203,DAL,MIL,78.6,79.2,"('Brandon Williams', 'Daniel Gafford', 'P.J. Washington')",1.2833333333333332,2,2,0,2,2,0,0,0,0,0,1,4.88,2.0,0.0,0.0,0.0,0.0,0.0,0.0,0.0,0.0,6.88,13
22500203,DAL,MIL,78.6,79.2,"('Brandon Williams', 'Klay Thompson', 'Max Christie')",1.2833333333333332,2,2,0,2,2,0,0,0,0,0,1,4.88,2.0,0.0,0.0,0.0,0.0,0.0,0.0,0.0,0.0,6.88,13
22500203,DAL,MIL,78.6,79.2,"('Brandon Williams', 'Klay Thompson', 'P.J. Washington')",1.2833333333333332,2,2,0,2,2,0,0,0,0,0,1,4.88,2.0,0.0,0.0,0.0,0.0,0.0,0.0,0.0,0.0,6.88,13
22500203,DAL,MIL,78.6,79.2,"('Brandon Williams', 'Max Christie', 'P.J. Washington')",1.2833333333333332,2,2,0,2,2,0,0,0,0,0,1,4.88,2.0,0.0,0.0,0.0,0.0,0.0,0.0,0.0,0.0,6.88,13
22500203,DAL,MIL,78.6,79.2,"('Daniel Gafford', 'Klay Thompson', 'Max Christie')",1.2833333333333332,2,2,0,2,2,0,0,0,0,0,1,4.88,2.0,0.0,0.0,0.0,0.0,0.0,0.0,0.0,0.0,6.88,13
22500203,DAL,MIL,78.6,79.2,"('Daniel Gafford', 'Klay Thompson', 'P.J. Washington')",1.2833333333333332,2,2,0,2,2,0,0,0,0,0,1,4.88,2.0,0.0,0.0,0.0,0.0,0.0,0.0,0.0,0.0,6.88,13
22500203,DAL,MIL,78.6,79.2,"('Daniel Gafford', 'Max Christie', 'P.J. Washington')",1.2833333333333332,2,2,0,2,2,0,0,0,0,0,1,4.88,2.0,0.0,0.0,0.0,0.0,0.0,0.0,0.0,0.0,6.88,13
22500203,DAL,MIL,78.6,79.2,"('Klay Thompson', 'Max Christie', 'P.J. Washington')",1.2833333333333332,2,2,0,2,2,0,0,0,0,0,1,4.88,2.0,0.0,0.0,0.0,0.0,0.0,0.0,0.0,0.0,6.88,13
22500203,DAL,MIL,79.0,78.4,"('Brandon Williams', 'Max Christie', 'Moussa Cisse')",2.1666666666666665,2,2,5,2,4,1,1,0,0,0,0,5.0,5.0,0.0,0.0,0.0,2.0,0.0,0.0,0.0,0.0,10.0,13
22500203,DAL,MIL,79.0,78.4,"('Brandon Williams', 'Max Christie', 'Naji Marshall')",2.1666666666666665,2,2,5,2,4,1,1,0,0,0,0,5.0,5.0,0.0,0.0,0.0,2.0,0.0,0.0,0.0,0.0,10.0,13
22500203,DAL,MIL,79.0,78.4,"('Brandon Williams', 'Max Christie', 'P.J. Washington')",2.1666666666666665,2,2,5,2,4,1,1,0,0,0,0,5.0,5.0,0.0,0.0,0.0,2.0,0.0,0.0,0.0,0.0,10.0,13
22500203,DAL,MIL,79.0,78.4,"('Brandon Williams', 'Moussa Cisse', 'Naji Marshall')",2.1666666666666665,2,2,5,2,4,1,1,0,0,0,0,5.0,5.0,0.0,0.0,0.0,2.0,0.0,0.0,0.0,0.0,10.0,13
22500203,DAL,MIL,79.0,78.4,"('Brandon Williams', 'Moussa Cisse', 'P.J. Washington')",2.1666666666666665,2,2,5,2,4,1,1,0,0,0,0,5.0,5.0,0.0,0.0,0.0,2.0,0.0,0.0,0.0,0.0,10.0,13
22500203,DAL,MIL,79.0,78.4,"('Brandon Williams', 'Naji Marshall', 'P.J. Washington')",2.1666666666666665,2,2,5,2,4,1,1,0,0,0,0,5.0,5.0,0.0,0.0,0.0,2.0,0.0,0.0,0.0,0.0,10.0,13
22500203,DAL,MIL,79.0,78.4,"('Max Christie', 'Moussa Cisse', 'Naji Marshall')",2.1666666666666665,2,2,5,2,4,1,1,0,0,0,0,5.0,5.0,0.0,0.0,0.0,2.0,0.0,0.0,0.0,0.0,10.0,13
22500203,DAL,MIL,79.0,78.4,"('Max Christie', 'Moussa Cisse', 'P.J. Washington')",2.1666666666666665,2,2,5,2,4,1,1,0,0,0,0,5.0,5.0,0.0,0.0,0.0,2.0,0.0,0.0,0.0,0.0,10.0,13
22500203,DAL,MIL,79.0,78.4,"('Max Christie', 'Naji Marshall', 'P.J. Washington')",2.1666666666666665,2,2,5,2,4,1,1,0,0,0,0,5.0,5.0,0.0,0.0,0.0,2.0,0.0,0.0,0.0,0.0,10.0,13
22500203,DAL,MIL,79.0,78.4,"('Moussa Cisse', 'Naji Marshall', 'P.J. Washington')",2.1666666666666665,2,2,5,2,4,1,1,0,0,0,0,5.0,5.0,0.0,0.0,0.0,2.0,0.0,0.0,0.0,0.0,10.0,13
22500203,DAL,MIL,78.4,78.4,"('Cooper Flagg', ""D'Angelo Russell"", 'Jaden Hardy')",1.2166666666666666,2,0,7,1,1,0,2,2,0,2,0,3.0,4.44,0.0,0.0,0.0,0.0,6.0,0.0,3.0,0.0,7.439999999999999,13
22500203,DAL,MIL,78.4,78.4,"('Cooper Flagg', ""D'Angelo Russell"", 'Moussa Cisse')",1.2166666666666666,2,0,7,1,1,0,2,2,0,2,0,3.0,4.44,0.0,0.0,0.0,0.0,6.0,0.0,3.0,0.0,7.439999999999999,13
22500203,DAL,MIL,78.4,78.4,"('Cooper Flagg', ""D'Angelo Russell"", 'Naji Marshall')",1.2166666666666666,2,0,7,1,1,0,2,2,0,2,0,3.0,4.44,0.0,0.0,0.0,0.0,6.0,0.0,3.0,0.0,7.439999999999999,13
22500203,DAL,MIL,78.4,78.4,"('Cooper Flagg', 'Jaden Hardy', 'Moussa Cisse')",1.2166666666666666,2,0,7,1,1,0,2,2,0,2,0,3.0,4.44,0.0,0.0,0.0,0.0,6.0,0.0,3.0,0.0,7.439999999999999,13
22500203,DAL,MIL,78.4,78.4,"('Cooper Flagg', 'Jaden Hardy', 'Naji Marshall')",1.2166666666666666,2,0,7,1,1,0,2,2,0,2,0,3.0,4.44,0.0,0.0,0.0,0.0,6.0,0.0,3.0,0.0,7.439999999999999,13
22500203,DAL,MIL,78.4,78.4,"('Cooper Flagg', 'Moussa Cisse', 'Naji Marshall')",1.2166666666666666,2,0,7,1,1,0,2,2,0,2,0,3.0,4.44,0.0,0.0,0.0,0.0,6.0,0.0,3.0,0.0,7.439999999999999,13
22500203,DAL,MIL,78.4,78.4,"(""D'Angelo Russell"", 'Jaden Hardy', 'Moussa Cisse')",1.2166666666666666,2,0,7,1,1,0,2,2,0,2,0,3.0,4.44,0.0,0.0,0.0,0.0,6.0,0.0,3.0,0.0,7.439999999999999,13
22500203,DAL,MIL,78.4,78.4,"(""D'Angelo Russell"", 'Jaden Hardy', 'Naji Marshall')",1.2166666666666666,2,0,7,1,1,0,2,2,0,2,0,3.0,4.44,0.0,0.0,0.0,0.0,6.0,0.0,3.0,0.0,7.439999999999999,13
22500203,DAL,MIL,78.4,78.4,"(""D'Angelo Russell"", 'Moussa Cisse', 'Naji Marshall')",1.2166666666666666,2,0,7,1,1,0,2,2,0,2,0,3.0,4.44,0.0,0.0,0.0,0.0,6.0,0.0,3.0,0.0,7.439999999999999,13
22500203,DAL,MIL,78.4,78.4,"('Jaden Hardy', 'Moussa Cisse', 'Naji Marshall')",1.2166666666666666,2,0,7,1,1,0,2,2,0,2,0,3.0,4.44,0.0,0.0,0.0,0.0,6.0,0.0,3.0,0.0,7.439999999999999,13
22500203,DAL,MIL,79.0,79.2,"('Brandon Williams', 'Caleb Martin', 'Cooper Flagg')",0.6166666666666667,2,2,2,1,0,1,0,1,0,1,0,2.0,1.88,2.0,0.0,0.0,2.0,0.0,0.0,0.0,0.0,3.88,13
22500203,DAL,MIL,79.0,79.2,"('Brandon Williams', 'Caleb Martin', 'Daniel Gafford')",0.6166666666666667,2,2,2,1,0,1,0,1,0,1,0,2.0,1.88,2.0,0.0,0.0,2.0,0.0,0.0,0.0,0.0,3.88,13
22500203,DAL,MIL,79.0,79.2,"('Brandon Williams', 'Caleb Martin', 'Max Christie')",0.6166666666666667,2,2,2,1,0,1,0,1,0,1,0,2.0,1.88,2.0,0.0,0.0,2.0,0.0,0.0,0.0,0.0,3.88,13
22500203,DAL,MIL,79.0,79.2,"('Brandon Williams', 'Cooper Flagg', 'Daniel Gafford')",0.6166666666666667,2,2,2,1,0,1,0,1,0,1,0,2.0,1.88,2.0,0.0,0.0,2.0,0.0,0.0,0.0,0.0,3.88,13
22500203,DAL,MIL,79.0,79.2,"('Brandon Williams', 'Cooper Flagg', 'Max Christie')",0.6166666666666667,2,2,2,1,0,1,0,1,0,1,0,2.0,1.88,2.0,0.0,0.0,2.0,0.0,0.0,0.0,0.0,3.88,13
22500203,DAL,MIL,79.0,79.2,"('Brandon Williams', 'Daniel Gafford', 'Max Christie')",0.6166666666666667,2,2,2,1,0,1,0,1,0,1,0,2.0,1.88,2.0,0.0,0.0,2.0,0.0,0.0,0.0,0.0,3.88,13
22500203,DAL,MIL,79.0,79.2,"('Caleb Martin', 'Cooper Flagg', 'Daniel Gafford')",0.6166666666666667,2,2,2,1,0,1,0,1,0,1,0,2.0,1.88,2.0,0.0,0.0,2.0,0.0,0.0,0.0,0.0,3.88,13
22500203,DAL,MIL,79.0,79.2,"('Caleb Martin', 'Cooper Flagg', 'Max Christie')",0.6166666666666667,2,2,2,1,0,1,0,1,0,1,0,2.0,1.88,2.0,0.0,0.0,2.0,0.0,0.0,0.0,0.0,3.88,13
22500203,DAL,MIL,79.0,79.2,"('Caleb Martin', 'Daniel Gafford', 'Max Christie')",0.6166666666666667,2,2,2,1,0,1,0,1,0,1,0,2.0,1.88,2.0,0.0,0.0,2.0,0.0,0.0,0.0,0.0,3.88,13
22500203,DAL,MIL,79.0,79.2,"('Cooper Flagg', 'Daniel Gafford', 'Max Christie')",0.6166666666666667,2,2,2,1,0,1,0,1,0,1,0,2.0,1.88,2.0,0.0,0.0,2.0,0.0,0.0,0.0,0.0,3.88,13
22500203,DAL,MIL,78.8,78.2,"('Brandon Williams', 'Klay Thompson', 'Max Christie')",0.7333333333333334,2,3,0,2,0,1,0,0,0,0,2,3.44,2.0,0.0,0.0,0.0,2.0,0.0,0.0,0.0,0.0,5.44,13
22500203,DAL,MIL,78.8,78.2,"('Brandon Williams', 'Klay Thompson', 'Moussa Cisse')",0.7333333333333334,2,3,0,2,0,1,0,0,0,0,2,3.44,2.0,0.0,0.0,0.0,2.0,0.0,0.0,0.0,0.0,5.44,13
22500203,DAL,MIL,78.8,78.2,"('Brandon Williams', 'Klay Thompson', 'P.J. Washington')",0.7333333333333334,2,3,0,2,0,1,0,0,0,0,2,3.44,2.0,0.0,0.0,0.0,2.0,0.0,0.0,0.0,0.0,5.44,13
22500203,DAL,MIL,78.8,78.2,"('Brandon Williams', 'Max Christie', 'Moussa Cisse')",0.7333333333333334,2,3,0,2,0,1,0,0,0,0,2,3.44,2.0,0.0,0.0,0.0,2.0,0.0,0.0,0.0,0.0,5.44,13
22500203,DAL,MIL,78.8,78.2,"('Brandon Williams', 'Max Christie', 'P.J. Washington')",0.7333333333333334,2,3,0,2,0,1,0,0,0,0,2,3.44,2.0,0.0,0.0,0.0,2.0,0.0,0.0,0.0,0.0,5.44,13
22500203,DAL,MIL,78.8,78.2,"('Brandon Williams', 'Moussa Cisse', 'P.J. Washington')",0.7333333333333334,2,3,0,2,0,1,0,0,0,0,2,3.44,2.0,0.0,0.0,0.0,2.0,0.0,0.0,0.0,0.0,5.44,13
22500203,DAL,MIL,78.8,78.2,"('Klay Thompson', 'Max Christie', 'Moussa Cisse')",0.7333333333333334,2,3,0,2,0,1,0,0,0,0,2,3.44,2.0,0.0,0.0,0.0,2.0,0.0,0.0,0.0,0.0,5.44,13
22500203,DAL,MIL,78.8,78.2,"('Klay Thompson', 'Max Christie', 'P.J. Washington')",0.7333333333333334,2,3,0,2,0,1,0,0,0,0,2,3.44,2.0,0.0,0.0,0.0,2.0,0.0,0.0,0.0,0.0,5.44,13
22500203,DAL,MIL,78.8,78.2,"('Klay Thompson', 'Moussa Cisse', 'P.J. Washington')",0.7333333333333334,2,3,0,2,0,1,0,0,0,0,2,3.44,2.0,0.0,0.0,0.0,2.0,0.0,0.0,0.0,0.0,5.44,13
22500203,DAL,MIL,78.8,78.2,"('Max Christie', 'Moussa Cisse', 'P.J. Washington')",0.7333333333333334,2,3,0,2,0,1,0,0,0,0,2,3.44,2.0,0.0,0.0,0.0,2.0,0.0,0.0,0.0,0.0,5.44,13
22500203,DAL,MIL,79.4,79.2,"('Brandon Williams', 'Cooper Flagg', 'Daniel Gafford')",1.5833333333333333,4,3,4,1,3,1,0,0,0,2,1,3.44,3.88,0.0,0.0,0.0,2.0,0.0,0.0,2.0,2.0,7.32,13
22500203,DAL,MIL,79.4,79.2,"('Brandon Williams', 'Cooper Flagg', 'Max Christie')",1.5833333333333333,4,3,4,1,3,1,0,0,0,2,1,3.44,3.88,0.0,0.0,0.0,2.0,0.0,0.0,2.0,2.0,7.32,13
22500203,DAL,MIL,79.4,79.2,"('Brandon Williams', 'Cooper Flagg', 'P.J. Washington')",1.5833333333333333,4,3,4,1,3,1,0,0,0,2,1,3.44,3.88,0.0,0.0,0.0,2.0,0.0,0.0,2.0,2.0,7.32,13
22500203,DAL,MIL,79.4,79.2,"('Brandon Williams', 'Daniel Gafford', 'Max Christie')",1.5833333333333333,4,3,4,1,3,1,0,0,0,2,1,3.44,3.88,0.0,0.0,0.0,2.0,0.0,0.0,2.0,2.0,7.32,13
22500203,DAL,MIL,79.4,79.2,"('Brandon Williams', 'Daniel Gafford', 'P.J. Washington')",1.5833333333333333,4,3,4,1,3,1,0,0,0,2,1,3.44,3.88,0.0,0.0,0.0,2.0,0.0,0.0,2.0,2.0,7.32,13
22500203,DAL,MIL,79.4,79.2,"('Brandon Williams', 'Max Christie', 'P.J. Washington')",1.5833333333333333,4,3,4,1,3,1,0,0,0,2,1,3.44,3.88,0.0,0.0,0.0,2.0,0.0,0.0,2.0,2.0,7.32,13
22500203,DAL,MIL,79.4,79.2,"('Cooper Flagg', 'Daniel Gafford', 'Max Christie')",1.5833333333333333,4,3,4,1,3,1,0,0,0,2,1,3.44,3.88,0.0,0.0,0.0,2.0,0.0,0.0,2.0,2.0,7.32,13
22500203,DAL,MIL,79.4,79.2,"('Cooper Flagg', 'Daniel Gafford', 'P.J. Washington')",1.5833333333333333,4,3,4,1,3,1,0,0,0,2,1,3.44,3.88,0.0,0.0,0.0,2.0,0.0,0.0,2.0,2.0,7.32,13
22500203,DAL,MIL,79.4,79.2,"('Cooper Flagg', 'Max Christie', 'P.J. Washington')",1.5833333333333333,4,3,4,1,3,1,0,0,0,2,1,3.44,3.88,0.0,0.0,0.0,2.0,0.0,0.0,2.0,2.0,7.32,13
22500203,DAL,MIL,79.4,79.2,"('Daniel Gafford', 'Max Christie', 'P.J. Washington')",1.5833333333333333,4,3,4,1,3,1,0,0,0,2,1,3.44,3.88,0.0,0.0,0.0,2.0,0.0,0.0,2.0,2.0,7.32,13
22500203,DAL,MIL,78.6,79.2,"('Brandon Williams', 'Cooper Flagg', 'Max Christie')",0.8,4,4,2,2,0,0,0,1,0,0,1,3.88,2.0,0.0,0.0,0.0,2.0,2.0,2.0,0.0,2.0,5.88,13
22500203,DAL,MIL,78.6,79.2,"('Brandon Williams', 'Cooper Flagg', 'Naji Marshall')",0.8,4,4,2,2,0,0,0,1,0,0,1,3.88,2.0,0.0,0.0,0.0,2.0,2.0,2.0,0.0,2.0,5.88,13
22500203,DAL,MIL,78.6,79.2,"('Brandon Williams', 'Cooper Flagg', 'P.J. Washington')",0.8,4,4,2,2,0,0,0,1,0,0,1,3.88,2.0,0.0,0.0,0.0,2.0,2.0,2.0,0.0,2.0,5.88,13
22500203,DAL,MIL,78.6,79.2,"('Brandon Williams', 'Max Christie', 'Naji Marshall')",0.8,4,4,2,2,0,0,0,1,0,0,1,3.88,2.0,0.0,0.0,0.0,2.0,2.0,2.0,0.0,2.0,5.88,13
22500203,DAL,MIL,78.6,79.2,"('Brandon Williams', 'Max Christie', 'P.J. Washington')",0.8,4,4,2,2,0,0,0,1,0,0,1,3.88,2.0,0.0,0.0,0.0,2.0,2.0,2.0,0.0,2.0,5.88,13
22500203,DAL,MIL,78.6,79.2,"('Brandon Williams', 'Naji Marshall', 'P.J. Washington')",0.8,4,4,2,2,0,0,0,1,0,0,1,3.88,2.0,0.0,0.0,0.0,2.0,2.0,2.0,0.0,2.0,5.88,13
22500203,DAL,MIL,78.6,79.2,"('Cooper Flagg', 'Max Christie', 'Naji Marshall')",0.8,4,4,2,2,0,0,0,1,0,0,1,3.88,2.0,0.0,0.0,0.0,2.0,2.0,2.0,0.0,2.0,5.88,13
22500203,DAL,MIL,78.6,79.2,"('Cooper Flagg', 'Max Christie', 'P.J. Washington')",0.8,4,4,2,2,0,0,0,1,0,0,1,3.88,2.0,0.0,0.0,0.0,2.0,2.0,2.0,0.0,2.0,5.88,13
22500203,DAL,MIL,78.6,79.2,"('Cooper Flagg', 'Naji Marshall', 'P.J. Washington')",0.8,4,4,2,2,0,0,0,1,0,0,1,3.88,2.0,0.0,0.0,0.0,2.0,2.0,2.0,0.0,2.0,5.88,13
22500203,DAL,MIL,78.6,79.2,"('Max Christie', 'Naji Marshall', 'P.J. Washington')",0.8,4,4,2,2,0,0,0,1,0,0,1,3.88,2.0,0.0,0.0,0.0,2.0,2.0,2.0,0.0,2.0,5.88,13
22500203,DAL,MIL,79.2,78.8,"('Brandon Williams', 'Cooper Flagg', 'Daniel Gafford')",2.6666666666666674,3,5,8,3,3,1,3,1,0,2,0,6.0,5.44,2.0,0.0,0.0,2.0,0.0,0.0,0.0,4.0,11.44,13
22500203,DAL,MIL,79.2,78.8,"('Brandon Williams', 'Cooper Flagg', 'Max Christie')",2.6666666666666674,3,5,8,3,3,1,3,1,0,2,0,6.0,5.44,2.0,0.0,0.0,2.0,0.0,0.0,0.0,4.0,11.44,13
22500203,DAL,MIL,79.2,78.8,"('Brandon Williams', 'Cooper Flagg', 'Naji Marshall')",2.6666666666666674,3,5,8,3,3,1,3,1,0,2,0,6.0,5.44,2.0,0.0,0.0,2.0,0.0,0.0,0.0,4.0,11.44,13
22500203,DAL,MIL,79.2,78.8,"('Brandon Williams', 'Daniel Gafford', 'Max Christie')",2.6666666666666674,3,5,8,3,3,1,3,1,0,2,0,6.0,5.44,2.0,0.0,0.0,2.0,0.0,0.0,0.0,4.0,11.44,13
22500203,DAL,MIL,79.2,78.8,"('Brandon Williams', 'Daniel Gafford', 'Naji Marshall')",2.6666666666666674,3,5,8,3,3,1,3,1,0,2,0,6.0,5.44,2.0,0.0,0.0,2.0,0.0,0.0,0.0,4.0,11.44,13
22500203,DAL,MIL,79.2,78.8,"('Brandon Williams', 'Max Christie', 'Naji Marshall')",2.6666666666666674,3,5,8,3,3,1,3,1,0,2,0,6.0,5.44,2.0,0.0,0.0,2.0,0.0,0.0,0.0,4.0,11.44,13
22500203,DAL,MIL,79.2,78.8,"('Cooper Flagg', 'Daniel Gafford', 'Max Christie')",2.6666666666666674,3,5,8,3,3,1,3,1,0,2,0,6.0,5.44,2.0,0.0,0.0,2.0,0.0,0.0,0.0,4.0,11.44,13
22500203,DAL,MIL,79.2,78.8,"('Cooper Flagg', 'Daniel Gafford', 'Naji Marshall')",2.6666666666666674,3,5,8,3,3,1,3,1,0,2,0,6.0,5.44,2.0,0.0,0.0,2.0,0.0,0.0,0.0,4.0,11.44,13
22500203,DAL,MIL,79.2,78.8,"('Cooper Flagg', 'Max Christie', 'Naji Marshall')",2.6666666666666674,3,5,8,3,3,1,3,1,0,2,0,6.0,5.44,2.0,0.0,0.0,2.0,0.0,0.0,0.0,4.0,11.44,13
22500203,DAL,MIL,79.2,78.8,"('Daniel Gafford', 'Max Christie', 'Naji Marshall')",2.6666666666666674,3,5,8,3,3,1,3,1,0,2,0,6.0,5.44,2.0,0.0,0.0,2.0,0.0,0.0,0.0,4.0,11.44,13
22500203,DAL,MIL,77.8,79.4,"('Caleb Martin', ""D'Angelo Russell"", 'Daniel Gafford')",2.4850000000000003,3,7,8,3,2,1,2,0,0,0,1,4.88,4.88,2.0,0.0,0.0,2.0,0.0,0.0,2.0,6.0,9.76,13
22500203,DAL,MIL,77.8,79.4,"('Caleb Martin', ""D'Angelo Russell"", 'Klay Thompson')",2.4850000000000003,3,7,8,3,2,1,2,0,0,0,1,4.88,4.88,2.0,0.0,0.0,2.0,0.0,0.0,2.0,6.0,9.76,13
22500203,DAL,MIL,77.8,79.4,"('Caleb Martin', ""D'Angelo Russell"", 'Naji Marshall')",2.4850000000000003,3,7,8,3,2,1,2,0,0,0,1,4.88,4.88,2.0,0.0,0.0,2.0,0.0,0.0,2.0,6.0,9.76,13
22500203,DAL,MIL,77.8,79.4,"('Caleb Martin', 'Daniel Gafford', 'Klay Thompson')",2.4850000000000003,3,7,8,3,2,1,2,0,0,0,1,4.88,4.88,2.0,0.0,0.0,2.0,0.0,0.0,2.0,6.0,9.76,13
22500203,DAL,MIL,77.8,79.4,"('Caleb Martin', 'Daniel Gafford', 'Naji Marshall')",2.4850000000000003,3,7,8,3,2,1,2,0,0,0,1,4.88,4.88,2.0,0.0,0.0,2.0,0.0,0.0,2.0,6.0,9.76,13
22500203,DAL,MIL,77.8,79.4,"('Caleb Martin', 'Klay Thompson', 'Naji Marshall')",2.4850000000000003,3,7,8,3,2,1,2,0,0,0,1,4.88,4.88,2.0,0.0,0.0,2.0,0.0,0.0,2.0,6.0,9.76,13
22500203,DAL,MIL,77.8,79.4,"(""D'Angelo Russell"", 'Daniel Gafford', 'Klay Thompson')",2.4850000000000003,3,7,8,3,2,1,2,0,0,0,1,4.88,4.88,2.0,0.0,0.0,2.0,0.0,0.0,2.0,6.0,9.76,13
22500203,DAL,MIL,77.8,79.4,"(""D'Angelo Russell"", 'Daniel Gafford', 'Naji Marshall')",2.4850000000000003,3,7,8,3,2,1,2,0,0,0,1,4.88,4.88,2.0,0.0,0.0,2.0,0.0,0.0,2.0,6.0,9.76,13
22500203,DAL,MIL,77.8,79.4,"(""D'Angelo Russell"", 'Klay Thompson', 'Naji Marshall')",2.4850000000000003,3,7,8,3,2,1,2,0,0,0,1,4.88,4.88,2.0,0.0,0.0,2.0,0.0,0.0,2.0,6.0,9.76,13
22500203,DAL,MIL,77.8,79.4,"('Daniel Gafford', 'Klay Thompson', 'Naji Marshall')",2.4850000000000003,3,7,8,3,2,1,2,0,0,0,1,4.88,4.88,2.0,0.0,0.0,2.0,0.0,0.0,2.0,6.0,9.76,13
22500203,DAL,MIL,79.4,77.8,"('Brandon Williams', 'Cooper Flagg', 'Max Christie')",3.783333333333333,3,13,4,5,1,2,0,0,1,1,3,6.88,6.88,3.0,2.0,0.0,8.0,0.0,0.0,0.0,2.0,13.76,13
22500203,DAL,MIL,79.4,77.8,"('Brandon Williams', 'Cooper Flagg', 'Moussa Cisse')",3.783333333333333,3,13,4,5,1,2,0,0,1,1,3,6.88,6.88,3.0,2.0,0.0,8.0,0.0,0.0,0.0,2.0,13.76,13
22500203,DAL,MIL,79.4,77.8,"('Brandon Williams', 'Cooper Flagg', 'Naji Marshall')",3.783333333333333,3,13,4,5,1,2,0,0,1,1,3,6.88,6.88,3.0,2.0,0.0,8.0,0.0,0.0,0.0,2.0,13.76,13
22500203,DAL,MIL,79.4,77.8,"('Brandon Williams', 'Max Christie', 'Moussa Cisse')",3.783333333333333,3,13,4,5,1,2,0,0,1,1,3,6.88,6.88,3.0,2.0,0.0,8.0,0.0,0.0,0.0,2.0,13.76,13
22500203,DAL,MIL,79.4,77.8,"('Brandon Williams', 'Max Christie', 'Naji Marshall')",3.783333333333333,3,13,4,5,1,2,0,0,1,1,3,6.88,6.88,3.0,2.0,0.0,8.0,0.0,0.0,0.0,2.0,13.76,13
22500203,DAL,MIL,79.4,77.8,"('Brandon Williams', 'Moussa Cisse', 'Naji Marshall')",3.783333333333333,3,13,4,5,1,2,0,0,1,1,3,6.88,6.88,3.0,2.0,0.0,8.0,0.0,0.0,0.0,2.0,13.76,13
22500203,DAL,MIL,79.4,77.8,"('Cooper Flagg', 'Max Christie', 'Moussa Cisse')",3.783333333333333,3,13,4,5,1,2,0,0,1,1,3,6.88,6.88,3.0,2.0,0.0,8.0,0.0,0.0,0.0,2.0,13.76,13
22500203,DAL,MIL,79.4,77.8,"('Cooper Flagg', 'Max Christie', 'Naji Marshall')",3.783333333333333,3,13,4,5,1,2,0,0,1,1,3,6.88,6.88,3.0,2.0,0.0,8.0,0.0,0.0,0.0,2.0,13.76,13
22500203,DAL,MIL,79.4,77.8,"('Cooper Flagg', 'Moussa Cisse', 'Naji Marshall')",3.783333333333333,3,13,4,5,1,2,0,0,1,1,3,6.88,6.88,3.0,2.0,0.0,8.0,0.0,0.0,0.0,2.0,13.76,13
22500203,DAL,MIL,79.4,77.8,"('Max Christie', 'Moussa Cisse', 'Naji Marshall')",3.783333333333333,3,13,4,5,1,2,0,0,1,1,3,6.88,6.88,3.0,2.0,0.0,8.0,0.0,0.0,0.0,2.0,13.76,13
22500203,DAL,MIL,79.0,79.4,"('Brandon Williams', 'Cooper Flagg', ""D'Angelo Russell"")",1.7833333333333334,3,3,2,2,2,0,0,0,0,1,0,3.44,3.0,2.0,0.0,0.0,2.0,0.0,2.0,0.0,2.0,6.44,13
22500203,DAL,MIL,79.0,79.4,"('Brandon Williams', 'Cooper Flagg', 'Moussa Cisse')",1.7833333333333334,3,3,2,2,2,0,0,0,0,1,0,3.44,3.0,2.0,0.0,0.0,2.0,0.0,2.0,0.0,2.0,6.44,13
22500203,DAL,MIL,79.0,79.4,"('Brandon Williams', 'Cooper Flagg', 'Naji Marshall')",1.7833333333333334,3,3,2,2,2,0,0,0,0,1,0,3.44,3.0,2.0,0.0,0.0,2.0,0.0,2.0,0.0,2.0,6.44,13
22500203,DAL,MIL,79.0,79.4,"('Brandon Williams', ""D'Angelo Russell"", 'Moussa Cisse')",1.7833333333333334,3,3,2,2,2,0,0,0,0,1,0,3.44,3.0,2.0,0.0,0.0,2.0,0.0,2.0,0.0,2.0,6.44,13
22500203,DAL,MIL,79.0,79.4,"('Brandon Williams', ""D'Angelo Russell"", 'Naji Marshall')",1.7833333333333334,3,3,2,2,2,0,0,0,0,1,0,3.44,3.0,2.0,0.0,0.0,2.0,0.0,2.0,0.0,2.0,6.44,13
22500203,DAL,MIL,79.0,79.4,"('Brandon Williams', 'Moussa Cisse', 'Naji Marshall')",1.7833333333333334,3,3,2,2,2,0,0,0,0,1,0,3.44,3.0,2.0,0.0,0.0,2.0,0.0,2.0,0.0,2.0,6.44,13
22500203,DAL,MIL,79.0,79.4,"('Cooper Flagg', ""D'Angelo Russell"", 'Moussa Cisse')",1.7833333333333334,3,3,2,2,2,0,0,0,0,1,0,3.44,3.0,2.0,0.0,0.0,2.0,0.0,2.0,0.0,2.0,6.44,13
22500203,DAL,MIL,79.0,79.4,"('Cooper Flagg', ""D'Angelo Russell"", 'Naji Marshall')",1.7833333333333334,3,3,2,2,2,0,0,0,0,1,0,3.44,3.0,2.0,0.0,0.0,2.0,0.0,2.0,0.0,2.0,6.44,13
22500203,DAL,MIL,79.0,79.4,"('Cooper Flagg', 'Moussa Cisse', 'Naji Marshall')",1.7833333333333334,3,3,2,2,2,0,0,0,0,1,0,3.44,3.0,2.0,0.0,0.0,2.0,0.0,2.0,0.0,2.0,6.44,13
22500203,DAL,MIL,79.0,79.4,"(""D'Angelo Russell"", 'Moussa Cisse', 'Naji Marshall')",1.7833333333333334,3,3,2,2,2,0,0,0,0,1,0,3.44,3.0,2.0,0.0,0.0,2.0,0.0,2.0,0.0,2.0,6.44,13
22500203,DAL,MIL,79.4,78.6,"('Brandon Williams', 'Cooper Flagg', 'Max Christie')",2.2666666666666666,1,9,5,3,1,1,2,0,1,0,1,3.88,4.0,0.0,2.0,2.0,4.0,0.0,0.0,0.0,2.0,7.88,13
22500203,DAL,MIL,79.4,78.6,"('Brandon Williams', 'Cooper Flagg', 'Moussa Cisse')",2.2666666666666666,1,9,5,3,1,1,2,0,1,0,1,3.88,4.0,0.0,2.0,2.0,4.0,0.0,0.0,0.0,2.0,7.88,13
22500203,DAL,MIL,79.4,78.6,"('Brandon Williams', 'Cooper Flagg', 'Naji Marshall')",2.2666666666666666,1,9,5,3,1,1,2,0,1,0,1,3.88,4.0,0.0,2.0,2.0,4.0,0.0,0.0,0.0,2.0,7.88,13
22500203,DAL,MIL,79.4,78.6,"('Brandon Williams', 'Max Christie', 'Moussa Cisse')",2.2666666666666666,1,9,5,3,1,1,2,0,1,0,1,3.88,4.0,0.0,2.0,2.0,4.0,0.0,0.0,0.0,2.0,7.88,13
22500203,DAL,MIL,79.4,78.6,"('Brandon Williams', 'Max Christie', 'Naji Marshall')",2.2666666666666666,1,9,5,3,1,1,2,0,1,0,1,3.88,4.0,0.0,2.0,2.0,4.0,0.0,0.0,0.0,2.0,7.88,13
22500203,DAL,MIL,79.4,78.6,"('Brandon Williams', 'Moussa Cisse', 'Naji Marshall')",2.2666666666666666,1,9,5,3,1,1,2,0,1,0,1,3.88,4.0,0.0,2.0,2.0,4.0,0.0,0.0,0.0,2.0,7.88,13
22500203,DAL,MIL,79.4,78.6,"('Cooper Flagg', 'Max Christie', 'Moussa Cisse')",2.2666666666666666,1,9,5,3,1,1,2,0,1,0,1,3.88,4.0,0.0,2.0,2.0,4.0,0.0,0.0,0.0,2.0,7.88,13
22500203,DAL,MIL,79.4,78.6,"('Cooper Flagg', 'Max Christie', 'Naji Marshall')",2.2666666666666666,1,9,5,3,1,1,2,0,1,0,1,3.88,4.0,0.0,2.0,2.0,4.0,0.0,0.0,0.0,2.0,7.88,13
22500203,DAL,MIL,79.4,78.6,"('Cooper Flagg', 'Moussa Cisse', 'Naji Marshall')",2.2666666666666666,1,9,5,3,1,1,2,0,1,0,1,3.88,4.0,0.0,2.0,2.0,4.0,0.0,0.0,0.0,2.0,7.88,13
22500203,DAL,MIL,79.4,78.6,"('Max Christie', 'Moussa Cisse', 'Naji Marshall')",2.2666666666666666,1,9,5,3,1,1,2,0,1,0,1,3.88,4.0,0.0,2.0,2.0,4.0,0.0,0.0,0.0,2.0,7.88,13
22500203,DAL,MIL,79.6,78.6,"('Brandon Williams', 'Cooper Flagg', 'Max Christie')",0.2833333333333333,1,0,3,0,0,0,1,0,0,2,1,2.0,1.44,0.0,0.0,0.0,0.0,0.0,0.0,0.0,2.0,3.44,13
22500203,DAL,MIL,79.6,78.6,"('Brandon Williams', 'Cooper Flagg', 'Moussa Cisse')",0.2833333333333333,1,0,3,0,0,0,1,0,0,2,1,2.0,1.44,0.0,0.0,0.0,0.0,0.0,0.0,0.0,2.0,3.44,13
22500203,DAL,MIL,79.6,78.6,"('Brandon Williams', 'Cooper Flagg', 'P.J. Washington')",0.2833333333333333,1,0,3,0,0,0,1,0,0,2,1,2.0,1.44,0.0,0.0,0.0,0.0,0.0,0.0,0.0,2.0,3.44,13
22500203,DAL,MIL,79.6,78.6,"('Brandon Williams', 'Max Christie', 'Moussa Cisse')",0.2833333333333333,1,0,3,0,0,0,1,0,0,2,1,2.0,1.44,0.0,0.0,0.0,0.0,0.0,0.0,0.0,2.0,3.44,13
22500203,DAL,MIL,79.6,78.6,"('Brandon Williams', 'Max Christie', 'P.J. Washington')",0.2833333333333333,1,0,3,0,0,0,1,0,0,2,1,2.0,1.44,0.0,0.0,0.0,0.0,0.0,0.0,0.0,2.0,3.44,13
22500203,DAL,MIL,79.6,78.6,"('Brandon Williams', 'Moussa Cisse', 'P.J. Washington')",0.2833333333333333,1,0,3,0,0,0,1,0,0,2,1,2.0,1.44,0.0,0.0,0.0,0.0,0.0,0.0,0.0,2.0,3.44,13
22500203,DAL,MIL,79.6,78.6,"('Cooper Flagg', 'Max Christie', 'Moussa Cisse')",0.2833333333333333,1,0,3,0,0,0,1,0,0,2,1,2.0,1.44,0.0,0.0,0.0,0.0,0.0,0.0,0.0,2.0,3.44,13
22500203,DAL,MIL,79.6,78.6,"('Cooper Flagg', 'Max Christie', 'P.J. Washington')",0.2833333333333333,1,0,3,0,0,0,1,0,0,2,1,2.0,1.44,0.0,0.0,0.0,0.0,0.0,0.0,0.0,2.0,3.44,13
22500203,DAL,MIL,79.6,78.6,"('Cooper Flagg', 'Moussa Cisse', 'P.J. Washington')",0.2833333333333333,1,0,3,0,0,0,1,0,0,2,1,2.0,1.44,0.0,0.0,0.0,0.0,0.0,0.0,0.0,2.0,3.44,13
22500203,DAL,MIL,79.6,78.6,"('Max Christie', 'Moussa Cisse', 'P.J. Washington')",0.2833333333333333,1,0,3,0,0,0,1,0,0,2,1,2.0,1.44,0.0,0.0,0.0,0.0,0.0,0.0,0.0,2.0,3.44,13
22500203,DAL,MIL,79.4,78.8,"('Brandon Williams', 'Cooper Flagg', 'Daniel Gafford')",4.433333333333332,1,5,8,4,5,1,2,2,3,1,4,10.32,9.0,0.0,0.0,0.0,2.0,2.0,0.0,0.0,2.0,19.32,13
22500203,DAL,MIL,79.4,78.8,"('Brandon Williams', 'Cooper Flagg', 'Max Christie')",4.433333333333332,1,5,8,4,5,1,2,2,3,1,4,10.32,9.0,0.0,0.0,0.0,2.0,2.0,0.0,0.0,2.0,19.32,13
22500203,DAL,MIL,79.4,78.8,"('Brandon Williams', 'Cooper Flagg', 'P.J. Washington')",4.433333333333332,1,5,8,4,5,1,2,2,3,1,4,10.32,9.0,0.0,0.0,0.0,2.0,2.0,0.0,0.0,2.0,19.32,13
22500203,DAL,MIL,79.4,78.8,"('Brandon Williams', 'Daniel Gafford', 'Max Christie')",4.433333333333332,1,5,8,4,5,1,2,2,3,1,4,10.32,9.0,0.0,0.0,0.0,2.0,2.0,0.0,0.0,2.0,19.32,13
22500203,DAL,MIL,79.4,78.8,"('Brandon Williams', 'Daniel Gafford', 'P.J. Washington')",4.433333333333332,1,5,8,4,5,1,2,2,3,1,4,10.32,9.0,0.0,0.0,0.0,2.0,2.0,0.0,0.0,2.0,19.32,13
22500203,DAL,MIL,79.4,78.8,"('Brandon Williams', 'Max Christie', 'P.J. Washington')",4.433333333333332,1,5,8,4,5,1,2,2,3,1,4,10.32,9.0,0.0,0.0,0.0,2.0,2.0,0.0,0.0,2.0,19.32,13
22500203,DAL,MIL,79.4,78.8,"('Cooper Flagg', 'Daniel Gafford', 'Max Christie')",4.433333333333332,1,5,8,4,5,1,2,2,3,1,4,10.32,9.0,0.0,0.0,0.0,2.0,2.0,0.0,0.0,2.0,19.32,13
22500203,DAL,MIL,79.4,78.8,"('Cooper Flagg', 'Daniel Gafford', 'P.J. Washington')",4.433333333333332,1,5,8,4,5,1,2,2,3,1,4,10.32,9.0,0.0,0.0,0.0,2.0,2.0,0.0,0.0,2.0,19.32,13
22500203,DAL,MIL,79.4,78.8,"('Cooper Flagg', 'Max Christie', 'P.J. Washington')",4.433333333333332,1,5,8,4,5,1,2,2,3,1,4,10.32,9.0,0.0,0.0,0.0,2.0,2.0,0.0,0.0,2.0,19.32,13
22500203,DAL,MIL,79.4,78.8,"('Daniel Gafford', 'Max Christie', 'P.J. Washington')",4.433333333333332,1,5,8,4,5,1,2,2,3,1,4,10.32,9.0,0.0,0.0,0.0,2.0,2.0,0.0,0.0,2.0,19.32,13
22500203,DAL,MIL,78.2,79.4,"(""D'Angelo Russell"", 'Dwight Powell', 'Klay Thompson')",2.5200000000000005,1,10,5,1,3,3,0,1,2,1,0,7.0,7.44,5.0,5.0,0.0,2.0,2.0,0.0,2.0,4.0,14.44,13
22500203,DAL,MIL,78.2,79.4,"(""D'Angelo Russell"", 'Dwight Powell', 'Naji Marshall')",2.5200000000000005,1,10,5,1,3,3,0,1,2,1,0,7.0,7.44,5.0,5.0,0.0,2.0,2.0,0.0,2.0,4.0,14.44,13
22500203,DAL,MIL,78.2,79.4,"(""D'Angelo Russell"", 'Dwight Powell', 'P.J. Washington')",2.5200000000000005,1,10,5,1,3,3,0,1,2,1,0,7.0,7.44,5.0,5.0,0.0,2.0,2.0,0.0,2.0,4.0,14.44,13
22500203,DAL,MIL,78.2,79.4,"(""D'Angelo Russell"", 'Klay Thompson', 'Naji Marshall')",2.5200000000000005,1,10,5,1,3,3,0,1,2,1,0,7.0,7.44,5.0,5.0,0.0,2.0,2.0,0.0,2.0,4.0,14.44,13
22500203,DAL,MIL,78.2,79.4,"(""D'Angelo Russell"", 'Klay Thompson', 'P.J. Washington')",2.5200000000000005,1,10,5,1,3,3,0,1,2,1,0,7.0,7.44,5.0,5.0,0.0,2.0,2.0,0.0,2.0,4.0,14.44,13
22500203,DAL,MIL,78.2,79.4,"(""D'Angelo Russell"", 'Naji Marshall', 'P.J. Washington')",2.5200000000000005,1,10,5,1,3,3,0,1,2,1,0,7.0,7.44,5.0,5.0,0.0,2.0,2.0,0.0,2.0,4.0,14.44,13
22500203,DAL,MIL,78.2,79.4,"('Dwight Powell', 'Klay Thompson', 'Naji Marshall')",2.5200000000000005,1,10,5,1,3,3,0,1,2,1,0,7.0,7.44,5.0,5.0,0.0,2.0,2.0,0.0,2.0,4.0,14.44,13
22500203,DAL,MIL,78.2,79.4,"('Dwight Powell', 'Klay Thompson', 'P.J. Washington')",2.5200000000000005,1,10,5,1,3,3,0,1,2,1,0,7.0,7.44,5.0,5.0,0.0,2.0,2.0,0.0,2.0,4.0,14.44,13
22500203,DAL,MIL,78.2,79.4,"('Dwight Powell', 'Naji Marshall', 'P.J. Washington')",2.5200000000000005,1,10,5,1,3,3,0,1,2,1,0,7.0,7.44,5.0,5.0,0.0,2.0,2.0,0.0,2.0,4.0,14.44,13
22500203,DAL,MIL,78.2,79.4,"('Klay Thompson', 'Naji Marshall', 'P.J. Washington')",2.5200000000000005,1,10,5,1,3,3,0,1,2,1,0,7.0,7.44,5.0,5.0,0.0,2.0,2.0,0.0,2.0,4.0,14.44,13
22500221,DAL,PHX,79.2,78.8,"('Brandon Williams', 'Cooper Flagg', 'Daniel Gafford')",2.18,2,8,5,2,1,2,1,1,0,2,1,5.44,4.44,2.0,0.0,0.0,4.0,2.0,0.0,0.0,4.0,9.88,14
22500221,DAL,PHX,79.2,78.8,"('Brandon Williams', 'Cooper Flagg', 'Max Christie')",2.18,2,8,5,2,1,2,1,1,0,2,1,5.44,4.44,2.0,0.0,0.0,4.0,2.0,0.0,0.0,4.0,9.88,14
22500221,DAL,PHX,79.2,78.8,"('Brandon Williams', 'Cooper Flagg', 'Naji Marshall')",2.18,2,8,5,2,1,2,1,1,0,2,1,5.44,4.44,2.0,0.0,0.0,4.0,2.0,0.0,0.0,4.0,9.88,14
22500221,DAL,PHX,79.2,78.8,"('Brandon Williams', 'Daniel Gafford', 'Max Christie')",2.18,2,8,5,2,1,2,1,1,0,2,1,5.44,4.44,2.0,0.0,0.0,4.0,2.0,0.0,0.0,4.0,9.88,14
22500221,DAL,PHX,79.2,78.8,"('Brandon Williams', 'Daniel Gafford', 'Naji Marshall')",2.18,2,8,5,2,1,2,1,1,0,2,1,5.44,4.44,2.0,0.0,0.0,4.0,2.0,0.0,0.0,4.0,9.88,14
22500221,DAL,PHX,79.2,78.8,"('Brandon Williams', 'Max Christie', 'Naji Marshall')",2.18,2,8,5,2,1,2,1,1,0,2,1,5.44,4.44,2.0,0.0,0.0,4.0,2.0,0.0,0.0,4.0,9.88,14
22500221,DAL,PHX,79.2,78.8,"('Cooper Flagg', 'Daniel Gafford', 'Max Christie')",2.18,2,8,5,2,1,2,1,1,0,2,1,5.44,4.44,2.0,0.0,0.0,4.0,2.0,0.0,0.0,4.0,9.88,14
22500221,DAL,PHX,79.2,78.8,"('Cooper Flagg', 'Daniel Gafford', 'Naji Marshall')",2.18,2,8,5,2,1,2,1,1,0,2,1,5.44,4.44,2.0,0.0,0.0,4.0,2.0,0.0,0.0,4.0,9.88,14
22500221,DAL,PHX,79.2,78.8,"('Cooper Flagg', 'Max Christie', 'Naji Marshall')",2.18,2,8,5,2,1,2,1,1,0,2,1,5.44,4.44,2.0,0.0,0.0,4.0,2.0,0.0,0.0,4.0,9.88,14
22500221,DAL,PHX,79.2,78.8,"('Daniel Gafford', 'Max Christie', 'Naji Marshall')",2.18,2,8,5,2,1,2,1,1,0,2,1,5.44,4.44,2.0,0.0,0.0,4.0,2.0,0.0,0.0,4.0,9.88,14
22500221,DAL,PHX,77.8,78.8,"('Brandon Williams', 'Dwight Powell', 'Jaden Hardy')",1.55,2,3,5,1,1,1,1,0,1,0,0,3.0,3.0,0.0,0.0,0.0,0.0,0.0,0.0,0.0,0.0,6.0,14
22500221,DAL,PHX,77.8,78.8,"('Brandon Williams', 'Dwight Powell', 'Klay Thompson')",1.55,2,3,5,1,1,1,1,0,1,0,0,3.0,3.0,0.0,0.0,0.0,0.0,0.0,0.0,0.0,0.0,6.0,14
22500221,DAL,PHX,77.8,78.8,"('Brandon Williams', 'Dwight Powell', 'Max Christie')",1.55,2,3,5,1,1,1,1,0,1,0,0,3.0,3.0,0.0,0.0,0.0,0.0,0.0,0.0,0.0,0.0,6.0,14
22500221,DAL,PHX,77.8,78.8,"('Brandon Williams', 'Jaden Hardy', 'Klay Thompson')",1.55,2,3,5,1,1,1,1,0,1,0,0,3.0,3.0,0.0,0.0,0.0,0.0,0.0,0.0,0.0,0.0,6.0,14
22500221,DAL,PHX,77.8,78.8,"('Brandon Williams', 'Jaden Hardy', 'Max Christie')",1.55,2,3,5,1,1,1,1,0,1,0,0,3.0,3.0,0.0,0.0,0.0,0.0,0.0,0.0,0.0,0.0,6.0,14
22500221,DAL,PHX,77.8,78.8,"('Brandon Williams', 'Klay Thompson', 'Max Christie')",1.55,2,3,5,1,1,1,1,0,1,0,0,3.0,3.0,0.0,0.0,0.0,0.0,0.0,0.0,0.0,0.0,6.0,14
22500221,DAL,PHX,77.8,78.8,"('Dwight Powell', 'Jaden Hardy', 'Klay Thompson')",1.55,2,3,5,1,1,1,1,0,1,0,0,3.0,3.0,0.0,0.0,0.0,0.0,0.0,0.0,0.0,0.0,6.0,14
22500221,DAL,PHX,77.8,78.8,"('Dwight Powell', 'Jaden Hardy', 'Max Christie')",1.55,2,3,5,1,1,1,1,0,1,0,0,3.0,3.0,0.0,0.0,0.0,0.0,0.0,0.0,0.0,0.0,6.0,14
22500221,DAL,PHX,77.8,78.8,"('Dwight Powell', 'Klay Thompson', 'Max Christie')",1.55,2,3,5,1,1,1,1,0,1,0,0,3.0,3.0,0.0,0.0,0.0,0.0,0.0,0.0,0.0,0.0,6.0,14
22500221,DAL,PHX,77.8,78.8,"('Jaden Hardy', 'Klay Thompson', 'Max Christie')",1.55,2,3,5,1,1,1,1,0,1,0,0,3.0,3.0,0.0,0.0,0.0,0.0,0.0,0.0,0.0,0.0,6.0,14
22500221,DAL,PHX,77.4,77.0,"(""D'Angelo Russell"", 'Daniel Gafford', 'Jaden Hardy')",2.566666666666668,4,9,11,1,0,2,1,1,0,1,2,5.0,6.44,0.0,0.0,0.0,0.0,2.0,2.0,0.0,4.0,11.44,14
22500221,DAL,PHX,77.4,77.0,"(""D'Angelo Russell"", 'Daniel Gafford', 'Klay Thompson')",2.566666666666668,4,9,11,1,0,2,1,1,0,1,2,5.0,6.44,0.0,0.0,0.0,0.0,2.0,2.0,0.0,4.0,11.44,14
22500221,DAL,PHX,77.4,77.0,"(""D'Angelo Russell"", 'Daniel Gafford', 'Naji Marshall')",2.566666666666668,4,9,11,1,0,2,1,1,0,1,2,5.0,6.44,0.0,0.0,0.0,0.0,2.0,2.0,0.0,4.0,11.44,14
22500221,DAL,PHX,77.4,77.0,"(""D'Angelo Russell"", 'Jaden Hardy', 'Klay Thompson')",2.566666666666668,4,9,11,1,0,2,1,1,0,1,2,5.0,6.44,0.0,0.0,0.0,0.0,2.0,2.0,0.0,4.0,11.44,14
22500221,DAL,PHX,77.4,77.0,"(""D'Angelo Russell"", 'Jaden Hardy', 'Naji Marshall')",2.566666666666668,4,9,11,1,0,2,1,1,0,1,2,5.0,6.44,0.0,0.0,0.0,0.0,2.0,2.0,0.0,4.0,11.44,14
22500221,DAL,PHX,77.4,77.0,"(""D'Angelo Russell"", 'Klay Thompson', 'Naji Marshall')",2.566666666666668,4,9,11,1,0,2,1,1,0,1,2,5.0,6.44,0.0,0.0,0.0,0.0,2.0,2.0,0.0,4.0,11.44,14
22500221,DAL,PHX,77.4,77.0,"('Daniel Gafford', 'Jaden Hardy', 'Klay Thompson')",2.566666666666668,4,9,11,1,0,2,1,1,0,1,2,5.0,6.44,0.0,0.0,0.0,0.0,2.0,2.0,0.0,4.0,11.44,14
22500221,DAL,PHX,77.4,77.0,"('Daniel Gafford', 'Jaden Hardy', 'Naji Marshall')",2.566666666666668,4,9,11,1,0,2,1,1,0,1,2,5.0,6.44,0.0,0.0,0.0,0.0,2.0,2.0,0.0,4.0,11.44,14
22500221,DAL,PHX,77.4,77.0,"('Daniel Gafford', 'Klay Thompson', 'Naji Marshall')",2.566666666666668,4,9,11,1,0,2,1,1,0,1,2,5.0,6.44,0.0,0.0,0.0,0.0,2.0,2.0,0.0,4.0,11.44,14
22500221,DAL,PHX,77.4,77.0,"('Jaden Hardy', 'Klay Thompson', 'Naji Marshall')",2.566666666666668,4,9,11,1,0,2,1,1,0,1,2,5.0,6.44,0.0,0.0,0.0,0.0,2.0,2.0,0.0,4.0,11.44,14
22500221,DAL,PHX,79.0,78.8,"('Brandon Williams', 'Cooper Flagg', 'Daniel Gafford')",5.015,4,9,5,6,6,3,0,1,2,2,1,11.0,10.32,0.0,2.0,0.0,6.0,0.0,0.0,0.0,2.0,21.32,14
22500221,DAL,PHX,79.0,78.8,"('Brandon Williams', 'Cooper Flagg', 'Klay Thompson')",5.015,4,9,5,6,6,3,0,1,2,2,1,11.0,10.32,0.0,2.0,0.0,6.0,0.0,0.0,0.0,2.0,21.32,14
22500221,DAL,PHX,79.0,78.8,"('Brandon Williams', 'Cooper Flagg', 'Max Christie')",5.015,4,9,5,6,6,3,0,1,2,2,1,11.0,10.32,0.0,2.0,0.0,6.0,0.0,0.0,0.0,2.0,21.32,14
22500221,DAL,PHX,79.0,78.8,"('Brandon Williams', 'Daniel Gafford', 'Klay Thompson')",5.015,4,9,5,6,6,3,0,1,2,2,1,11.0,10.32,0.0,2.0,0.0,6.0,0.0,0.0,0.0,2.0,21.32,14
22500221,DAL,PHX,79.0,78.8,"('Brandon Williams', 'Daniel Gafford', 'Max Christie')",5.015,4,9,5,6,6,3,0,1,2,2,1,11.0,10.32,0.0,2.0,0.0,6.0,0.0,0.0,0.0,2.0,21.32,14
22500221,DAL,PHX,79.0,78.8,"('Brandon Williams', 'Klay Thompson', 'Max Christie')",5.015,4,9,5,6,6,3,0,1,2,2,1,11.0,10.32,0.0,2.0,0.0,6.0,0.0,0.0,0.0,2.0,21.32,14
22500221,DAL,PHX,79.0,78.8,"('Cooper Flagg', 'Daniel Gafford', 'Klay Thompson')",5.015,4,9,5,6,6,3,0,1,2,2,1,11.0,10.32,0.0,2.0,0.0,6.0,0.0,0.0,0.0,2.0,21.32,14
22500221,DAL,PHX,79.0,78.8,"('Cooper Flagg', 'Daniel Gafford', 'Max Christie')",5.015,4,9,5,6,6,3,0,1,2,2,1,11.0,10.32,0.0,2.0,0.0,6.0,0.0,0.0,0.0,2.0,21.32,14
22500221,DAL,PHX,79.0,78.8,"('Cooper Flagg', 'Klay Thompson', 'Max Christie')",5.015,4,9,5,6,6,3,0,1,2,2,1,11.0,10.32,0.0,2.0,0.0,6.0,0.0,0.0,0.0,2.0,21.32,14
22500221,DAL,PHX,79.0,78.8,"('Daniel Gafford', 'Klay Thompson', 'Max Christie')",5.015,4,9,5,6,6,3,0,1,2,2,1,11.0,10.32,0.0,2.0,0.0,6.0,0.0,0.0,0.0,2.0,21.32,14
22500221,DAL,PHX,79.4,78.6,"('Brandon Williams', 'Cooper Flagg', 'Klay Thompson')",0.3333333333333333,3,2,0,0,0,0,0,0,0,0,0,0.88,1.0,0.0,0.0,0.0,0.0,0.0,0.0,0.0,0.0,1.88,14
22500221,DAL,PHX,79.4,78.6,"('Brandon Williams', 'Cooper Flagg', 'Moussa Cisse')",0.3333333333333333,3,2,0,0,0,0,0,0,0,0,0,0.88,1.0,0.0,0.0,0.0,0.0,0.0,0.0,0.0,0.0,1.88,14
22500221,DAL,PHX,79.4,78.6,"('Brandon Williams', 'Cooper Flagg', 'Naji Marshall')",0.3333333333333333,3,2,0,0,0,0,0,0,0,0,0,0.88,1.0,0.0,0.0,0.0,0.0,0.0,0.0,0.0,0.0,1.88,14
22500221,DAL,PHX,79.4,78.6,"('Brandon Williams', 'Klay Thompson', 'Moussa Cisse')",0.3333333333333333,3,2,0,0,0,0,0,0,0,0,0,0.88,1.0,0.0,0.0,0.0,0.0,0.0,0.0,0.0,0.0,1.88,14
22500221,DAL,PHX,79.4,78.6,"('Brandon Williams', 'Klay Thompson', 'Naji Marshall')",0.3333333333333333,3,2,0,0,0,0,0,0,0,0,0,0.88,1.0,0.0,0.0,0.0,0.0,0.0,0.0,0.0,0.0,1.88,14
22500221,DAL,PHX,79.4,78.6,"('Brandon Williams', 'Moussa Cisse', 'Naji Marshall')",0.3333333333333333,3,2,0,0,0,0,0,0,0,0,0,0.88,1.0,0.0,0.0,0.0,0.0,0.0,0.0,0.0,0.0,1.88,14
22500221,DAL,PHX,79.4,78.6,"('Cooper Flagg', 'Klay Thompson', 'Moussa Cisse')",0.3333333333333333,3,2,0,0,0,0,0,0,0,0,0,0.88,1.0,0.0,0.0,0.0,0.0,0.0,0.0,0.0,0.0,1.88,14
22500221,DAL,PHX,79.4,78.6,"('Cooper Flagg', 'Klay Thompson', 'Naji Marshall')",0.3333333333333333,3,2,0,0,0,0,0,0,0,0,0,0.88,1.0,0.0,0.0,0.0,0.0,0.0,0.0,0.0,0.0,1.88,14
22500221,DAL,PHX,79.4,78.6,"('Cooper Flagg', 'Moussa Cisse', 'Naji Marshall')",0.3333333333333333,3,2,0,0,0,0,0,0,0,0,0,0.88,1.0,0.0,0.0,0.0,0.0,0.0,0.0,0.0,0.0,1.88,14
22500221,DAL,PHX,79.4,78.6,"('Klay Thompson', 'Moussa Cisse', 'Naji Marshall')",0.3333333333333333,3,2,0,0,0,0,0,0,0,0,0,0.88,1.0,0.0,0.0,0.0,0.0,0.0,0.0,0.0,0.0,1.88,14
22500221,DAL,PHX,78.8,77.4,"('Cooper Flagg', ""D'Angelo Russell"", 'Klay Thompson')",0.55,3,0,2,0,2,0,0,1,0,0,0,1.0,1.0,0.0,0.0,0.0,0.0,0.0,0.0,2.0,2.0,2.0,14
22500221,DAL,PHX,78.8,77.4,"('Cooper Flagg', ""D'Angelo Russell"", 'Moussa Cisse')",0.55,3,0,2,0,2,0,0,1,0,0,0,1.0,1.0,0.0,0.0,0.0,0.0,0.0,0.0,2.0,2.0,2.0,14
22500221,DAL,PHX,78.8,77.4,"('Cooper Flagg', ""D'Angelo Russell"", 'Naji Marshall')",0.55,3,0,2,0,2,0,0,1,0,0,0,1.0,1.0,0.0,0.0,0.0,0.0,0.0,0.0,2.0,2.0,2.0,14
22500221,DAL,PHX,78.8,77.4,"('Cooper Flagg', 'Klay Thompson', 'Moussa Cisse')",0.55,3,0,2,0,2,0,0,1,0,0,0,1.0,1.0,0.0,0.0,0.0,0.0,0.0,0.0,2.0,2.0,2.0,14
22500221,DAL,PHX,78.8,77.4,"('Cooper Flagg', 'Klay Thompson', 'Naji Marshall')",0.55,3,0,2,0,2,0,0,1,0,0,0,1.0,1.0,0.0,0.0,0.0,0.0,0.0,0.0,2.0,2.0,2.0,14
22500221,DAL,PHX,78.8,77.4,"('Cooper Flagg', 'Moussa Cisse', 'Naji Marshall')",0.55,3,0,2,0,2,0,0,1,0,0,0,1.0,1.0,0.0,0.0,0.0,0.0,0.0,0.0,2.0,2.0,2.0,14
22500221,DAL,PHX,78.8,77.4,"(""D'Angelo Russell"", 'Klay Thompson', 'Moussa Cisse')",0.55,3,0,2,0,2,0,0,1,0,0,0,1.0,1.0,0.0,0.0,0.0,0.0,0.0,0.0,2.0,2.0,2.0,14
22500221,DAL,PHX,78.8,77.4,"(""D'Angelo Russell"", 'Klay Thompson', 'Naji Marshall')",0.55,3,0,2,0,2,0,0,1,0,0,0,1.0,1.0,0.0,0.0,0.0,0.0,0.0,0.0,2.0,2.0,2.0,14
22500221,DAL,PHX,78.8,77.4,"(""D'Angelo Russell"", 'Moussa Cisse', 'Naji Marshall')",0.55,3,0,2,0,2,0,0,1,0,0,0,1.0,1.0,0.0,0.0,0.0,0.0,0.0,0.0,2.0,2.0,2.0,14
22500221,DAL,PHX,78.8,77.4,"('Klay Thompson', 'Moussa Cisse', 'Naji Marshall')",0.55,3,0,2,0,2,0,0,1,0,0,0,1.0,1.0,0.0,0.0,0.0,0.0,0.0,0.0,2.0,2.0,2.0,14
22500221,DAL,PHX,77.6,77.4,"(""D'Angelo Russell"", 'Jaden Hardy', 'Klay Thompson')",1.2666666666666666,3,4,5,1,0,1,2,0,0,1,0,2.0,2.44,0.0,0.0,2.0,4.0,2.0,0.0,2.0,4.0,4.44,14
22500221,DAL,PHX,77.6,77.4,"(""D'Angelo Russell"", 'Jaden Hardy', 'Moussa Cisse')",1.2666666666666666,3,4,5,1,0,1,2,0,0,1,0,2.0,2.44,0.0,0.0,2.0,4.0,2.0,0.0,2.0,4.0,4.44,14
22500221,DAL,PHX,77.6,77.4,"(""D'Angelo Russell"", 'Jaden Hardy', 'Naji Marshall')",1.2666666666666666,3,4,5,1,0,1,2,0,0,1,0,2.0,2.44,0.0,0.0,2.0,4.0,2.0,0.0,2.0,4.0,4.44,14
22500221,DAL,PHX,77.6,77.4,"(""D'Angelo Russell"", 'Klay Thompson', 'Moussa Cisse')",1.2666666666666666,3,4,5,1,0,1,2,0,0,1,0,2.0,2.44,0.0,0.0,2.0,4.0,2.0,0.0,2.0,4.0,4.44,14
22500221,DAL,PHX,77.6,77.4,"(""D'Angelo Russell"", 'Klay Thompson', 'Naji Marshall')",1.2666666666666666,3,4,5,1,0,1,2,0,0,1,0,2.0,2.44,0.0,0.0,2.0,4.0,2.0,0.0,2.0,4.0,4.44,14
22500221,DAL,PHX,77.6,77.4,"(""D'Angelo Russell"", 'Moussa Cisse', 'Naji Marshall')",1.2666666666666666,3,4,5,1,0,1,2,0,0,1,0,2.0,2.44,0.0,0.0,2.0,4.0,2.0,0.0,2.0,4.0,4.44,14
22500221,DAL,PHX,77.6,77.4,"('Jaden Hardy', 'Klay Thompson', 'Moussa Cisse')",1.2666666666666666,3,4,5,1,0,1,2,0,0,1,0,2.0,2.44,0.0,0.0,2.0,4.0,2.0,0.0,2.0,4.0,4.44,14
22500221,DAL,PHX,77.6,77.4,"('Jaden Hardy', 'Klay Thompson', 'Naji Marshall')",1.2666666666666666,3,4,5,1,0,1,2,0,0,1,0,2.0,2.44,0.0,0.0,2.0,4.0,2.0,0.0,2.0,4.0,4.44,14
22500221,DAL,PHX,77.6,77.4,"('Jaden Hardy', 'Moussa Cisse', 'Naji Marshall')",1.2666666666666666,3,4,5,1,0,1,2,0,0,1,0,2.0,2.44,0.0,0.0,2.0,4.0,2.0,0.0,2.0,4.0,4.44,14
22500221,DAL,PHX,77.6,77.4,"('Klay Thompson', 'Moussa Cisse', 'Naji Marshall')",1.2666666666666666,3,4,5,1,0,1,2,0,0,1,0,2.0,2.44,0.0,0.0,2.0,4.0,2.0,0.0,2.0,4.0,4.44,14
22500221,DAL,PHX,79.2,79.6,"('Brandon Williams', 'Cooper Flagg', 'Klay Thompson')",2.8666666666666667,3,6,8,5,1,1,3,4,1,2,4,6.44,8.0,0.0,0.0,0.0,2.0,5.0,3.0,0.0,2.0,14.44,14
22500221,DAL,PHX,79.2,79.6,"('Brandon Williams', 'Cooper Flagg', 'Max Christie')",2.8666666666666667,3,6,8,5,1,1,3,4,1,2,4,6.44,8.0,0.0,0.0,0.0,2.0,5.0,3.0,0.0,2.0,14.44,14
22500221,DAL,PHX,79.2,79.6,"('Brandon Williams', 'Cooper Flagg', 'Moussa Cisse')",2.8666666666666667,3,6,8,5,1,1,3,4,1,2,4,6.44,8.0,0.0,0.0,0.0,2.0,5.0,3.0,0.0,2.0,14.44,14
22500221,DAL,PHX,79.2,79.6,"('Brandon Williams', 'Klay Thompson', 'Max Christie')",2.8666666666666667,3,6,8,5,1,1,3,4,1,2,4,6.44,8.0,0.0,0.0,0.0,2.0,5.0,3.0,0.0,2.0,14.44,14
22500221,DAL,PHX,79.2,79.6,"('Brandon Williams', 'Klay Thompson', 'Moussa Cisse')",2.8666666666666667,3,6,8,5,1,1,3,4,1,2,4,6.44,8.0,0.0,0.0,0.0,2.0,5.0,3.0,0.0,2.0,14.44,14
22500221,DAL,PHX,79.2,79.6,"('Brandon Williams', 'Max Christie', 'Moussa Cisse')",2.8666666666666667,3,6,8,5,1,1,3,4,1,2,4,6.44,8.0,0.0,0.0,0.0,2.0,5.0,3.0,0.0,2.0,14.44,14
22500221,DAL,PHX,79.2,79.6,"('Cooper Flagg', 'Klay Thompson', 'Max Christie')",2.8666666666666667,3,6,8,5,1,1,3,4,1,2,4,6.44,8.0,0.0,0.0,0.0,2.0,5.0,3.0,0.0,2.0,14.44,14
22500221,DAL,PHX,79.2,79.6,"('Cooper Flagg', 'Klay Thompson', 'Moussa Cisse')",2.8666666666666667,3,6,8,5,1,1,3,4,1,2,4,6.44,8.0,0.0,0.0,0.0,2.0,5.0,3.0,0.0,2.0,14.44,14
22500221,DAL,PHX,79.2,79.6,"('Cooper Flagg', 'Max Christie', 'Moussa Cisse')",2.8666666666666667,3,6,8,5,1,1,3,4,1,2,4,6.44,8.0,0.0,0.0,0.0,2.0,5.0,3.0,0.0,2.0,14.44,14
22500221,DAL,PHX,79.2,79.6,"('Klay Thompson', 'Max Christie', 'Moussa Cisse')",2.8666666666666667,3,6,8,5,1,1,3,4,1,2,4,6.44,8.0,0.0,0.0,0.0,2.0,5.0,3.0,0.0,2.0,14.44,14
22500221,DAL,PHX,77.8,77.0,"(""D'Angelo Russell"", 'Daniel Gafford', 'Klay Thompson')",1.7,2,4,6,2,1,1,2,1,0,0,2,3.88,4.0,0.0,0.0,0.0,2.0,0.0,3.0,0.0,0.0,7.88,14
22500221,DAL,PHX,77.8,77.0,"(""D'Angelo Russell"", 'Daniel Gafford', 'Max Christie')",1.7,2,4,6,2,1,1,2,1,0,0,2,3.88,4.0,0.0,0.0,0.0,2.0,0.0,3.0,0.0,0.0,7.88,14
22500221,DAL,PHX,77.8,77.0,"(""D'Angelo Russell"", 'Daniel Gafford', 'Naji Marshall')",1.7,2,4,6,2,1,1,2,1,0,0,2,3.88,4.0,0.0,0.0,0.0,2.0,0.0,3.0,0.0,0.0,7.88,14
22500221,DAL,PHX,77.8,77.0,"(""D'Angelo Russell"", 'Klay Thompson', 'Max Christie')",1.7,2,4,6,2,1,1,2,1,0,0,2,3.88,4.0,0.0,0.0,0.0,2.0,0.0,3.0,0.0,0.0,7.88,14
22500221,DAL,PHX,77.8,77.0,"(""D'Angelo Russell"", 'Klay Thompson', 'Naji Marshall')",1.7,2,4,6,2,1,1,2,1,0,0,2,3.88,4.0,0.0,0.0,0.0,2.0,0.0,3.0,0.0,0.0,7.88,14
22500221,DAL,PHX,77.8,77.0,"(""D'Angelo Russell"", 'Max Christie', 'Naji Marshall')",1.7,2,4,6,2,1,1,2,1,0,0,2,3.88,4.0,0.0,0.0,0.0,2.0,0.0,3.0,0.0,0.0,7.88,14
22500221,DAL,PHX,77.8,77.0,"('Daniel Gafford', 'Klay Thompson', 'Max Christie')",1.7,2,4,6,2,1,1,2,1,0,0,2,3.88,4.0,0.0,0.0,0.0,2.0,0.0,3.0,0.0,0.0,7.88,14
22500221,DAL,PHX,77.8,77.0,"('Daniel Gafford', 'Klay Thompson', 'Naji Marshall')",1.7,2,4,6,2,1,1,2,1,0,0,2,3.88,4.0,0.0,0.0,0.0,2.0,0.0,3.0,0.0,0.0,7.88,14
22500221,DAL,PHX,77.8,77.0,"('Daniel Gafford', 'Max Christie', 'Naji Marshall')",1.7,2,4,6,2,1,1,2,1,0,0,2,3.88,4.0,0.0,0.0,0.0,2.0,0.0,3.0,0.0,0.0,7.88,14
22500221,DAL,PHX,77.8,77.0,"('Klay Thompson', 'Max Christie', 'Naji Marshall')",1.7,2,4,6,2,1,1,2,1,0,0,2,3.88,4.0,0.0,0.0,0.0,2.0,0.0,3.0,0.0,0.0,7.88,14
22500221,DAL,PHX,78.4,77.0,"('Cooper Flagg', ""D'Angelo Russell"", 'Daniel Gafford')",1.15,2,0,3,1,2,0,1,0,0,0,1,2.0,2.0,0.0,0.0,0.0,0.0,0.0,0.0,0.0,0.0,4.0,14
22500221,DAL,PHX,78.4,77.0,"('Cooper Flagg', ""D'Angelo Russell"", 'Klay Thompson')",1.15,2,0,3,1,2,0,1,0,0,0,1,2.0,2.0,0.0,0.0,0.0,0.0,0.0,0.0,0.0,0.0,4.0,14
22500221,DAL,PHX,78.4,77.0,"('Cooper Flagg', ""D'Angelo Russell"", 'Max Christie')",1.15,2,0,3,1,2,0,1,0,0,0,1,2.0,2.0,0.0,0.0,0.0,0.0,0.0,0.0,0.0,0.0,4.0,14
22500221,DAL,PHX,78.4,77.0,"('Cooper Flagg', 'Daniel Gafford', 'Klay Thompson')",1.15,2,0,3,1,2,0,1,0,0,0,1,2.0,2.0,0.0,0.0,0.0,0.0,0.0,0.0,0.0,0.0,4.0,14
22500221,DAL,PHX,78.4,77.0,"('Cooper Flagg', 'Daniel Gafford', 'Max Christie')",1.15,2,0,3,1,2,0,1,0,0,0,1,2.0,2.0,0.0,0.0,0.0,0.0,0.0,0.0,0.0,0.0,4.0,14
22500221,DAL,PHX,78.4,77.0,"('Cooper Flagg', 'Klay Thompson', 'Max Christie')",1.15,2,0,3,1,2,0,1,0,0,0,1,2.0,2.0,0.0,0.0,0.0,0.0,0.0,0.0,0.0,0.0,4.0,14
22500221,DAL,PHX,78.4,77.0,"(""D'Angelo Russell"", 'Daniel Gafford', 'Klay Thompson')",1.15,2,0,3,1,2,0,1,0,0,0,1,2.0,2.0,0.0,0.0,0.0,0.0,0.0,0.0,0.0,0.0,4.0,14
22500221,DAL,PHX,78.4,77.0,"(""D'Angelo Russell"", 'Daniel Gafford', 'Max Christie')",1.15,2,0,3,1,2,0,1,0,0,0,1,2.0,2.0,0.0,0.0,0.0,0.0,0.0,0.0,0.0,0.0,4.0,14
22500221,DAL,PHX,78.4,77.0,"(""D'Angelo Russell"", 'Klay Thompson', 'Max Christie')",1.15,2,0,3,1,2,0,1,0,0,0,1,2.0,2.0,0.0,0.0,0.0,0.0,0.0,0.0,0.0,0.0,4.0,14
22500221,DAL,PHX,78.4,77.0,"('Daniel Gafford', 'Klay Thompson', 'Max Christie')",1.15,2,0,3,1,2,0,1,0,0,0,1,2.0,2.0,0.0,0.0,0.0,0.0,0.0,0.0,0.0,0.0,4.0,14
22500221,DAL,PHX,78.0,78.4,"('Brandon Williams', 'Jaden Hardy', 'Klay Thompson')",0.6166666666666667,2,5,0,1,0,1,0,0,1,0,0,2.0,2.0,2.0,2.0,0.0,2.0,0.0,0.0,0.0,0.0,4.0,14
22500221,DAL,PHX,78.0,78.4,"('Brandon Williams', 'Jaden Hardy', 'Max Christie')",0.6166666666666667,2,5,0,1,0,1,0,0,1,0,0,2.0,2.0,2.0,2.0,0.0,2.0,0.0,0.0,0.0,0.0,4.0,14
22500221,DAL,PHX,78.0,78.4,"('Brandon Williams', 'Jaden Hardy', 'Moussa Cisse')",0.6166666666666667,2,5,0,1,0,1,0,0,1,0,0,2.0,2.0,2.0,2.0,0.0,2.0,0.0,0.0,0.0,0.0,4.0,14
22500221,DAL,PHX,78.0,78.4,"('Brandon Williams', 'Klay Thompson', 'Max Christie')",0.6166666666666667,2,5,0,1,0,1,0,0,1,0,0,2.0,2.0,2.0,2.0,0.0,2.0,0.0,0.0,0.0,0.0,4.0,14
22500221,DAL,PHX,78.0,78.4,"('Brandon Williams', 'Klay Thompson', 'Moussa Cisse')",0.6166666666666667,2,5,0,1,0,1,0,0,1,0,0,2.0,2.0,2.0,2.0,0.0,2.0,0.0,0.0,0.0,0.0,4.0,14
22500221,DAL,PHX,78.0,78.4,"('Brandon Williams', 'Max Christie', 'Moussa Cisse')",0.6166666666666667,2,5,0,1,0,1,0,0,1,0,0,2.0,2.0,2.0,2.0,0.0,2.0,0.0,0.0,0.0,0.0,4.0,14
22500221,DAL,PHX,78.0,78.4,"('Jaden Hardy', 'Klay Thompson', 'Max Christie')",0.6166666666666667,2,5,0,1,0,1,0,0,1,0,0,2.0,2.0,2.0,2.0,0.0,2.0,0.0,0.0,0.0,0.0,4.0,14
22500221,DAL,PHX,78.0,78.4,"('Jaden Hardy', 'Klay Thompson', 'Moussa Cisse')",0.6166666666666667,2,5,0,1,0,1,0,0,1,0,0,2.0,2.0,2.0,2.0,0.0,2.0,0.0,0.0,0.0,0.0,4.0,14
22500221,DAL,PHX,78.0,78.4,"('Jaden Hardy', 'Max Christie', 'Moussa Cisse')",0.6166666666666667,2,5,0,1,0,1,0,0,1,0,0,2.0,2.0,2.0,2.0,0.0,2.0,0.0,0.0,0.0,0.0,4.0,14
22500221,DAL,PHX,78.0,78.4,"('Klay Thompson', 'Max Christie', 'Moussa Cisse')",0.6166666666666667,2,5,0,1,0,1,0,0,1,0,0,2.0,2.0,2.0,2.0,0.0,2.0,0.0,0.0,0.0,0.0,4.0,14
22500221,DAL,PHX,78.0,78.8,"('Brandon Williams', 'Dwight Powell', 'Jaden Hardy')",0.1833333333333333,2,0,0,0,0,0,0,0,0,1,0,0.0,1.0,0.0,0.0,0.0,0.0,0.0,0.0,0.0,0.0,1.0,14
22500221,DAL,PHX,78.0,78.8,"('Brandon Williams', 'Dwight Powell', 'Max Christie')",0.1833333333333333,2,0,0,0,0,0,0,0,0,1,0,0.0,1.0,0.0,0.0,0.0,0.0,0.0,0.0,0.0,0.0,1.0,14
22500221,DAL,PHX,78.0,78.8,"('Brandon Williams', 'Dwight Powell', 'Naji Marshall')",0.1833333333333333,2,0,0,0,0,0,0,0,0,1,0,0.0,1.0,0.0,0.0,0.0,0.0,0.0,0.0,0.0,0.0,1.0,14
22500221,DAL,PHX,78.0,78.8,"('Brandon Williams', 'Jaden Hardy', 'Max Christie')",0.1833333333333333,2,0,0,0,0,0,0,0,0,1,0,0.0,1.0,0.0,0.0,0.0,0.0,0.0,0.0,0.0,0.0,1.0,14
22500221,DAL,PHX,78.0,78.8,"('Brandon Williams', 'Jaden Hardy', 'Naji Marshall')",0.1833333333333333,2,0,0,0,0,0,0,0,0,1,0,0.0,1.0,0.0,0.0,0.0,0.0,0.0,0.0,0.0,0.0,1.0,14
22500221,DAL,PHX,78.0,78.8,"('Brandon Williams', 'Max Christie', 'Naji Marshall')",0.1833333333333333,2,0,0,0,0,0,0,0,0,1,0,0.0,1.0,0.0,0.0,0.0,0.0,0.0,0.0,0.0,0.0,1.0,14
22500221,DAL,PHX,78.0,78.8,"('Dwight Powell', 'Jaden Hardy', 'Max Christie')",0.1833333333333333,2,0,0,0,0,0,0,0,0,1,0,0.0,1.0,0.0,0.0,0.0,0.0,0.0,0.0,0.0,0.0,1.0,14
22500221,DAL,PHX,78.0,78.8,"('Dwight Powell', 'Jaden Hardy', 'Naji Marshall')",0.1833333333333333,2,0,0,0,0,0,0,0,0,1,0,0.0,1.0,0.0,0.0,0.0,0.0,0.0,0.0,0.0,0.0,1.0,14
22500221,DAL,PHX,78.0,78.8,"('Dwight Powell', 'Max Christie', 'Naji Marshall')",0.1833333333333333,2,0,0,0,0,0,0,0,0,1,0,0.0,1.0,0.0,0.0,0.0,0.0,0.0,0.0,0.0,0.0,1.0,14
22500221,DAL,PHX,78.0,78.8,"('Jaden Hardy', 'Max Christie', 'Naji Marshall')",0.1833333333333333,2,0,0,0,0,0,0,0,0,1,0,0.0,1.0,0.0,0.0,0.0,0.0,0.0,0.0,0.0,0.0,1.0,14
22500221,DAL,PHX,79.4,78.8,"('Brandon Williams', 'Cooper Flagg', 'Daniel Gafford')",4.15,1,12,6,6,4,6,3,1,2,1,1,10.0,10.0,2.0,2.0,2.0,12.0,0.0,2.0,0.0,6.0,20.0,14
22500221,DAL,PHX,79.4,78.8,"('Brandon Williams', 'Cooper Flagg', 'Max Christie')",4.15,1,12,6,6,4,6,3,1,2,1,1,10.0,10.0,2.0,2.0,2.0,12.0,0.0,2.0,0.0,6.0,20.0,14
22500221,DAL,PHX,79.4,78.8,"('Brandon Williams', 'Cooper Flagg', 'P.J. Washington')",4.15,1,12,6,6,4,6,3,1,2,1,1,10.0,10.0,2.0,2.0,2.0,12.0,0.0,2.0,0.0,6.0,20.0,14
22500221,DAL,PHX,79.4,78.8,"('Brandon Williams', 'Daniel Gafford', 'Max Christie')",4.15,1,12,6,6,4,6,3,1,2,1,1,10.0,10.0,2.0,2.0,2.0,12.0,0.0,2.0,0.0,6.0,20.0,14
22500221,DAL,PHX,79.4,78.8,"('Brandon Williams', 'Daniel Gafford', 'P.J. Washington')",4.15,1,12,6,6,4,6,3,1,2,1,1,10.0,10.0,2.0,2.0,2.0,12.0,0.0,2.0,0.0,6.0,20.0,14
22500221,DAL,PHX,79.4,78.8,"('Brandon Williams', 'Max Christie', 'P.J. Washington')",4.15,1,12,6,6,4,6,3,1,2,1,1,10.0,10.0,2.0,2.0,2.0,12.0,0.0,2.0,0.0,6.0,20.0,14
22500221,DAL,PHX,79.4,78.8,"('Cooper Flagg', 'Daniel Gafford', 'Max Christie')",4.15,1,12,6,6,4,6,3,1,2,1,1,10.0,10.0,2.0,2.0,2.0,12.0,0.0,2.0,0.0,6.0,20.0,14
22500221,DAL,PHX,79.4,78.8,"('Cooper Flagg', 'Daniel Gafford', 'P.J. Washington')",4.15,1,12,6,6,4,6,3,1,2,1,1,10.0,10.0,2.0,2.0,2.0,12.0,0.0,2.0,0.0,6.0,20.0,14
22500221,DAL,PHX,79.4,78.8,"('Cooper Flagg', 'Max Christie', 'P.J. Washington')",4.15,1,12,6,6,4,6,3,1,2,1,1,10.0,10.0,2.0,2.0,2.0,12.0,0.0,2.0,0.0,6.0,20.0,14
22500221,DAL,PHX,79.4,78.8,"('Daniel Gafford', 'Max Christie', 'P.J. Washington')",4.15,1,12,6,6,4,6,3,1,2,1,1,10.0,10.0,2.0,2.0,2.0,12.0,0.0,2.0,0.0,6.0,20.0,14
22500221,DAL,PHX,77.6,77.4,"('Caleb Martin', 'Cooper Flagg', ""D'Angelo Russell"")",4.201666666666667,1,3,12,2,8,1,1,1,1,2,1,10.0,8.88,0.0,0.0,0.0,0.0,0.0,0.0,2.0,4.0,18.880000000000003,14
22500221,DAL,PHX,77.6,77.4,"('Caleb Martin', 'Cooper Flagg', 'Klay Thompson')",4.201666666666667,1,3,12,2,8,1,1,1,1,2,1,10.0,8.88,0.0,0.0,0.0,0.0,0.0,0.0,2.0,4.0,18.880000000000003,14
22500221,DAL,PHX,77.6,77.4,"('Caleb Martin', 'Cooper Flagg', 'Naji Marshall')",4.201666666666667,1,3,12,2,8,1,1,1,1,2,1,10.0,8.88,0.0,0.0,0.0,0.0,0.0,0.0,2.0,4.0,18.880000000000003,14
22500221,DAL,PHX,77.6,77.4,"('Caleb Martin', ""D'Angelo Russell"", 'Klay Thompson')",4.201666666666667,1,3,12,2,8,1,1,1,1,2,1,10.0,8.88,0.0,0.0,0.0,0.0,0.0,0.0,2.0,4.0,18.880000000000003,14
22500221,DAL,PHX,77.6,77.4,"('Caleb Martin', ""D'Angelo Russell"", 'Naji Marshall')",4.201666666666667,1,3,12,2,8,1,1,1,1,2,1,10.0,8.88,0.0,0.0,0.0,0.0,0.0,0.0,2.0,4.0,18.880000000000003,14
22500221,DAL,PHX,77.6,77.4,"('Caleb Martin', 'Klay Thompson', 'Naji Marshall')",4.201666666666667,1,3,12,2,8,1,1,1,1,2,1,10.0,8.88,0.0,0.0,0.0,0.0,0.0,0.0,2.0,4.0,18.880000000000003,14
22500221,DAL,PHX,77.6,77.4,"('Cooper Flagg', ""D'Angelo Russell"", 'Klay Thompson')",4.201666666666667,1,3,12,2,8,1,1,1,1,2,1,10.0,8.88,0.0,0.0,0.0,0.0,0.0,0.0,2.0,4.0,18.880000000000003,14
22500221,DAL,PHX,77.6,77.4,"('Cooper Flagg', ""D'Angelo Russell"", 'Naji Marshall')",4.201666666666667,1,3,12,2,8,1,1,1,1,2,1,10.0,8.88,0.0,0.0,0.0,0.0,0.0,0.0,2.0,4.0,18.880000000000003,14
22500221,DAL,PHX,77.6,77.4,"('Cooper Flagg', 'Klay Thompson', 'Naji Marshall')",4.201666666666667,1,3,12,2,8,1,1,1,1,2,1,10.0,8.88,0.0,0.0,0.0,0.0,0.0,0.0,2.0,4.0,18.880000000000003,14
22500221,DAL,PHX,77.6,77.4,"(""D'Angelo Russell"", 'Klay Thompson', 'Naji Marshall')",4.201666666666667,1,3,12,2,8,1,1,1,1,2,1,10.0,8.88,0.0,0.0,0.0,0.0,0.0,0.0,2.0,4.0,18.880000000000003,14
22500221,DAL,PHX,78.6,77.0,"('Brandon Williams', 'Cooper Flagg', 'Daniel Gafford')",0.9,4,4,2,2,0,0,1,1,0,0,1,4.0,3.0,2.0,0.0,0.0,4.0,2.0,2.0,0.0,2.0,7.0,14
22500221,DAL,PHX,78.6,77.0,"('Brandon Williams', 'Cooper Flagg', 'Jaden Hardy')",0.9,4,4,2,2,0,0,1,1,0,0,1,4.0,3.0,2.0,0.0,0.0,4.0,2.0,2.0,0.0,2.0,7.0,14
22500221,DAL,PHX,78.6,77.0,"('Brandon Williams', 'Cooper Flagg', 'Klay Thompson')",0.9,4,4,2,2,0,0,1,1,0,0,1,4.0,3.0,2.0,0.0,0.0,4.0,2.0,2.0,0.0,2.0,7.0,14
22500221,DAL,PHX,78.6,77.0,"('Brandon Williams', 'Daniel Gafford', 'Jaden Hardy')",0.9,4,4,2,2,0,0,1,1,0,0,1,4.0,3.0,2.0,0.0,0.0,4.0,2.0,2.0,0.0,2.0,7.0,14
22500221,DAL,PHX,78.6,77.0,"('Brandon Williams', 'Daniel Gafford', 'Klay Thompson')",0.9,4,4,2,2,0,0,1,1,0,0,1,4.0,3.0,2.0,0.0,0.0,4.0,2.0,2.0,0.0,2.0,7.0,14
22500221,DAL,PHX,78.6,77.0,"('Brandon Williams', 'Jaden Hardy', 'Klay Thompson')",0.9,4,4,2,2,0,0,1,1,0,0,1,4.0,3.0,2.0,0.0,0.0,4.0,2.0,2.0,0.0,2.0,7.0,14
22500221,DAL,PHX,78.6,77.0,"('Cooper Flagg', 'Daniel Gafford', 'Jaden Hardy')",0.9,4,4,2,2,0,0,1,1,0,0,1,4.0,3.0,2.0,0.0,0.0,4.0,2.0,2.0,0.0,2.0,7.0,14
22500221,DAL,PHX,78.6,77.0,"('Cooper Flagg', 'Daniel Gafford', 'Klay Thompson')",0.9,4,4,2,2,0,0,1,1,0,0,1,4.0,3.0,2.0,0.0,0.0,4.0,2.0,2.0,0.0,2.0,7.0,14
22500221,DAL,PHX,78.6,77.0,"('Cooper Flagg', 'Jaden Hardy', 'Klay Thompson')",0.9,4,4,2,2,0,0,1,1,0,0,1,4.0,3.0,2.0,0.0,0.0,4.0,2.0,2.0,0.0,2.0,7.0,14
22500221,DAL,PHX,78.6,77.0,"('Daniel Gafford', 'Jaden Hardy', 'Klay Thompson')",0.9,4,4,2,2,0,0,1,1,0,0,1,4.0,3.0,2.0,0.0,0.0,4.0,2.0,2.0,0.0,2.0,7.0,14
22500221,DAL,PHX,79.4,78.8,"('Brandon Williams', 'Cooper Flagg', 'Max Christie')",0.5333333333333333,4,4,0,0,1,1,0,0,1,0,0,1.44,1.0,3.0,3.0,0.0,0.0,0.0,0.0,0.0,0.0,2.44,14
22500221,DAL,PHX,79.4,78.8,"('Brandon Williams', 'Cooper Flagg', 'Moussa Cisse')",0.5333333333333333,4,4,0,0,1,1,0,0,1,0,0,1.44,1.0,3.0,3.0,0.0,0.0,0.0,0.0,0.0,0.0,2.44,14
22500221,DAL,PHX,79.4,78.8,"('Brandon Williams', 'Cooper Flagg', 'Naji Marshall')",0.5333333333333333,4,4,0,0,1,1,0,0,1,0,0,1.44,1.0,3.0,3.0,0.0,0.0,0.0,0.0,0.0,0.0,2.44,14
22500221,DAL,PHX,79.4,78.8,"('Brandon Williams', 'Max Christie', 'Moussa Cisse')",0.5333333333333333,4,4,0,0,1,1,0,0,1,0,0,1.44,1.0,3.0,3.0,0.0,0.0,0.0,0.0,0.0,0.0,2.44,14
22500221,DAL,PHX,79.4,78.8,"('Brandon Williams', 'Max Christie', 'Naji Marshall')",0.5333333333333333,4,4,0,0,1,1,0,0,1,0,0,1.44,1.0,3.0,3.0,0.0,0.0,0.0,0.0,0.0,0.0,2.44,14
22500221,DAL,PHX,79.4,78.8,"('Brandon Williams', 'Moussa Cisse', 'Naji Marshall')",0.5333333333333333,4,4,0,0,1,1,0,0,1,0,0,1.44,1.0,3.0,3.0,0.0,0.0,0.0,0.0,0.0,0.0,2.44,14
22500221,DAL,PHX,79.4,78.8,"('Cooper Flagg', 'Max Christie', 'Moussa Cisse')",0.5333333333333333,4,4,0,0,1,1,0,0,1,0,0,1.44,1.0,3.0,3.0,0.0,0.0,0.0,0.0,0.0,0.0,2.44,14
22500221,DAL,PHX,79.4,78.8,"('Cooper Flagg', 'Max Christie', 'Naji Marshall')",0.5333333333333333,4,4,0,0,1,1,0,0,1,0,0,1.44,1.0,3.0,3.0,0.0,0.0,0.0,0.0,0.0,0.0,2.44,14
22500221,DAL,PHX,79.4,78.8,"('Cooper Flagg', 'Moussa Cisse', 'Naji Marshall')",0.5333333333333333,4,4,0,0,1,1,0,0,1,0,0,1.44,1.0,3.0,3.0,0.0,0.0,0.0,0.0,0.0,0.0,2.44,14
22500221,DAL,PHX,79.4,78.8,"('Max Christie', 'Moussa Cisse', 'Naji Marshall')",0.5333333333333333,4,4,0,0,1,1,0,0,1,0,0,1.44,1.0,3.0,3.0,0.0,0.0,0.0,0.0,0.0,0.0,2.44,14
22500221,DAL,PHX,79.2,78.8,"('Brandon Williams', 'Cooper Flagg', 'Klay Thompson')",2.366666666666667,4,5,4,3,0,2,2,2,0,2,1,5.0,5.0,2.0,0.0,0.0,2.0,2.0,2.0,0.0,4.0,10.0,14
22500221,DAL,PHX,79.2,78.8,"('Brandon Williams', 'Cooper Flagg', 'Max Christie')",2.366666666666667,4,5,4,3,0,2,2,2,0,2,1,5.0,5.0,2.0,0.0,0.0,2.0,2.0,2.0,0.0,4.0,10.0,14
22500221,DAL,PHX,79.2,78.8,"('Brandon Williams', 'Cooper Flagg', 'Moussa Cisse')",2.366666666666667,4,5,4,3,0,2,2,2,0,2,1,5.0,5.0,2.0,0.0,0.0,2.0,2.0,2.0,0.0,4.0,10.0,14
22500221,DAL,PHX,79.2,78.8,"('Brandon Williams', 'Klay Thompson', 'Max Christie')",2.366666666666667,4,5,4,3,0,2,2,2,0,2,1,5.0,5.0,2.0,0.0,0.0,2.0,2.0,2.0,0.0,4.0,10.0,14
22500221,DAL,PHX,79.2,78.8,"('Brandon Williams', 'Klay Thompson', 'Moussa Cisse')",2.366666666666667,4,5,4,3,0,2,2,2,0,2,1,5.0,5.0,2.0,0.0,0.0,2.0,2.0,2.0,0.0,4.0,10.0,14
22500221,DAL,PHX,79.2,78.8,"('Brandon Williams', 'Max Christie', 'Moussa Cisse')",2.366666666666667,4,5,4,3,0,2,2,2,0,2,1,5.0,5.0,2.0,0.0,0.0,2.0,2.0,2.0,0.0,4.0,10.0,14
22500221,DAL,PHX,79.2,78.8,"('Cooper Flagg', 'Klay Thompson', 'Max Christie')",2.366666666666667,4,5,4,3,0,2,2,2,0,2,1,5.0,5.0,2.0,0.0,0.0,2.0,2.0,2.0,0.0,4.0,10.0,14
22500221,DAL,PHX,79.2,78.8,"('Cooper Flagg', 'Klay Thompson', 'Moussa Cisse')",2.366666666666667,4,5,4,3,0,2,2,2,0,2,1,5.0,5.0,2.0,0.0,0.0,2.0,2.0,2.0,0.0,4.0,10.0,14
22500221,DAL,PHX,79.2,78.8,"('Cooper Flagg', 'Max Christie', 'Moussa Cisse')",2.366666666666667,4,5,4,3,0,2,2,2,0,2,1,5.0,5.0,2.0,0.0,0.0,2.0,2.0,2.0,0.0,4.0,10.0,14
22500221,DAL,PHX,79.2,78.8,"('Klay Thompson', 'Max Christie', 'Moussa Cisse')",2.366666666666667,4,5,4,3,0,2,2,2,0,2,1,5.0,5.0,2.0,0.0,0.0,2.0,2.0,2.0,0.0,4.0,10.0,14
22500221,DAL,PHX,78.2,76.6,"('Brandon Williams', 'Cooper Flagg', 'Klay Thompson')",0.4233333333333333,4,2,6,0,1,0,0,1,0,3,0,3.0,2.64,0.0,0.0,0.0,2.0,0.0,0.0,0.0,0.0,5.640000000000001,14
22500221,DAL,PHX,78.2,76.6,"('Brandon Williams', 'Cooper Flagg', 'Max Christie')",0.4233333333333333,4,2,6,0,1,0,0,1,0,3,0,3.0,2.64,0.0,0.0,0.0,2.0,0.0,0.0,0.0,0.0,5.640000000000001,14
22500221,DAL,PHX,78.2,76.6,"('Brandon Williams', 'Cooper Flagg', 'Naji Marshall')",0.4233333333333333,4,2,6,0,1,0,0,1,0,3,0,3.0,2.64,0.0,0.0,0.0,2.0,0.0,0.0,0.0,0.0,5.640000000000001,14
22500221,DAL,PHX,78.2,76.6,"('Brandon Williams', 'Klay Thompson', 'Max Christie')",0.4233333333333333,4,2,6,0,1,0,0,1,0,3,0,3.0,2.64,0.0,0.0,0.0,2.0,0.0,0.0,0.0,0.0,5.640000000000001,14
22500221,DAL,PHX,78.2,76.6,"('Brandon Williams', 'Klay Thompson', 'Naji Marshall')",0.4233333333333333,4,2,6,0,1,0,0,1,0,3,0,3.0,2.64,0.0,0.0,0.0,2.0,0.0,0.0,0.0,0.0,5.640000000000001,14
22500221,DAL,PHX,78.2,76.6,"('Brandon Williams', 'Max Christie', 'Naji Marshall')",0.4233333333333333,4,2,6,0,1,0,0,1,0,3,0,3.0,2.64,0.0,0.0,0.0,2.0,0.0,0.0,0.0,0.0,5.640000000000001,14
22500221,DAL,PHX,78.2,76.6,"('Cooper Flagg', 'Klay Thompson', 'Max Christie')",0.4233333333333333,4,2,6,0,1,0,0,1,0,3,0,3.0,2.64,0.0,0.0,0.0,2.0,0.0,0.0,0.0,0.0,5.640000000000001,14
22500221,DAL,PHX,78.2,76.6,"('Cooper Flagg', 'Klay Thompson', 'Naji Marshall')",0.4233333333333333,4,2,6,0,1,0,0,1,0,3,0,3.0,2.64,0.0,0.0,0.0,2.0,0.0,0.0,0.0,0.0,5.640000000000001,14
22500221,DAL,PHX,78.2,76.6,"('Cooper Flagg', 'Max Christie', 'Naji Marshall')",0.4233333333333333,4,2,6,0,1,0,0,1,0,3,0,3.0,2.64,0.0,0.0,0.0,2.0,0.0,0.0,0.0,0.0,5.640000000000001,14
22500221,DAL,PHX,78.2,76.6,"('Klay Thompson', 'Max Christie', 'Naji Marshall')",0.4233333333333333,4,2,6,0,1,0,0,1,0,3,0,3.0,2.64,0.0,0.0,0.0,2.0,0.0,0.0,0.0,0.0,5.640000000000001,14
22500221,DAL,PHX,79.2,78.8,"('Brandon Williams', 'Cooper Flagg', 'Daniel Gafford')",3.883333333333333,3,12,14,2,2,4,4,2,1,2,1,9.0,7.88,5.0,2.0,2.0,6.0,5.0,3.0,0.0,4.0,16.88,14
22500221,DAL,PHX,79.2,78.8,"('Brandon Williams', 'Cooper Flagg', 'Max Christie')",3.883333333333333,3,12,14,2,2,4,4,2,1,2,1,9.0,7.88,5.0,2.0,2.0,6.0,5.0,3.0,0.0,4.0,16.88,14
22500221,DAL,PHX,79.2,78.8,"('Brandon Williams', 'Cooper Flagg', 'Naji Marshall')",3.883333333333333,3,12,14,2,2,4,4,2,1,2,1,9.0,7.88,5.0,2.0,2.0,6.0,5.0,3.0,0.0,4.0,16.88,14
22500221,DAL,PHX,79.2,78.8,"('Brandon Williams', 'Daniel Gafford', 'Max Christie')",3.883333333333333,3,12,14,2,2,4,4,2,1,2,1,9.0,7.88,5.0,2.0,2.0,6.0,5.0,3.0,0.0,4.0,16.88,14
22500221,DAL,PHX,79.2,78.8,"('Brandon Williams', 'Daniel Gafford', 'Naji Marshall')",3.883333333333333,3,12,14,2,2,4,4,2,1,2,1,9.0,7.88,5.0,2.0,2.0,6.0,5.0,3.0,0.0,4.0,16.88,14
22500221,DAL,PHX,79.2,78.8,"('Brandon Williams', 'Max Christie', 'Naji Marshall')",3.883333333333333,3,12,14,2,2,4,4,2,1,2,1,9.0,7.88,5.0,2.0,2.0,6.0,5.0,3.0,0.0,4.0,16.88,14
22500221,DAL,PHX,79.2,78.8,"('Cooper Flagg', 'Daniel Gafford', 'Max Christie')",3.883333333333333,3,12,14,2,2,4,4,2,1,2,1,9.0,7.88,5.0,2.0,2.0,6.0,5.0,3.0,0.0,4.0,16.88,14
22500221,DAL,PHX,79.2,78.8,"('Cooper Flagg', 'Daniel Gafford', 'Naji Marshall')",3.883333333333333,3,12,14,2,2,4,4,2,1,2,1,9.0,7.88,5.0,2.0,2.0,6.0,5.0,3.0,0.0,4.0,16.88,14
22500221,DAL,PHX,79.2,78.8,"('Cooper Flagg', 'Max Christie', 'Naji Marshall')",3.883333333333333,3,12,14,2,2,4,4,2,1,2,1,9.0,7.88,5.0,2.0,2.0,6.0,5.0,3.0,0.0,4.0,16.88,14
22500221,DAL,PHX,79.2,78.8,"('Daniel Gafford', 'Max Christie', 'Naji Marshall')",3.883333333333333,3,12,14,2,2,4,4,2,1,2,1,9.0,7.88,5.0,2.0,2.0,6.0,5.0,3.0,0.0,4.0,16.88,14
22500221,DAL,PHX,77.4,77.2,"(""D'Angelo Russell"", 'Daniel Gafford', 'Jaden Hardy')",2.493333333333333,3,4,3,3,6,1,1,1,1,1,1,6.44,6.44,0.0,0.0,0.0,0.0,2.0,2.0,0.0,2.0,12.88,14
22500221,DAL,PHX,77.4,77.2,"(""D'Angelo Russell"", 'Daniel Gafford', 'Klay Thompson')",2.493333333333333,3,4,3,3,6,1,1,1,1,1,1,6.44,6.44,0.0,0.0,0.0,0.0,2.0,2.0,0.0,2.0,12.88,14
22500221,DAL,PHX,77.4,77.2,"(""D'Angelo Russell"", 'Daniel Gafford', 'Naji Marshall')",2.493333333333333,3,4,3,3,6,1,1,1,1,1,1,6.44,6.44,0.0,0.0,0.0,0.0,2.0,2.0,0.0,2.0,12.88,14
22500221,DAL,PHX,77.4,77.2,"(""D'Angelo Russell"", 'Jaden Hardy', 'Klay Thompson')",2.493333333333333,3,4,3,3,6,1,1,1,1,1,1,6.44,6.44,0.0,0.0,0.0,0.0,2.0,2.0,0.0,2.0,12.88,14
22500221,DAL,PHX,77.4,77.2,"(""D'Angelo Russell"", 'Jaden Hardy', 'Naji Marshall')",2.493333333333333,3,4,3,3,6,1,1,1,1,1,1,6.44,6.44,0.0,0.0,0.0,0.0,2.0,2.0,0.0,2.0,12.88,14
22500221,DAL,PHX,77.4,77.2,"(""D'Angelo Russell"", 'Klay Thompson', 'Naji Marshall')",2.493333333333333,3,4,3,3,6,1,1,1,1,1,1,6.44,6.44,0.0,0.0,0.0,0.0,2.0,2.0,0.0,2.0,12.88,14
22500221,DAL,PHX,77.4,77.2,"('Daniel Gafford', 'Jaden Hardy', 'Klay Thompson')",2.493333333333333,3,4,3,3,6,1,1,1,1,1,1,6.44,6.44,0.0,0.0,0.0,0.0,2.0,2.0,0.0,2.0,12.88,14
22500221,DAL,PHX,77.4,77.2,"('Daniel Gafford', 'Jaden Hardy', 'Naji Marshall')",2.493333333333333,3,4,3,3,6,1,1,1,1,1,1,6.44,6.44,0.0,0.0,0.0,0.0,2.0,2.0,0.0,2.0,12.88,14
22500221,DAL,PHX,77.4,77.2,"('Daniel Gafford', 'Klay Thompson', 'Naji Marshall')",2.493333333333333,3,4,3,3,6,1,1,1,1,1,1,6.44,6.44,0.0,0.0,0.0,0.0,2.0,2.0,0.0,2.0,12.88,14
22500221,DAL,PHX,77.4,77.2,"('Jaden Hardy', 'Klay Thompson', 'Naji Marshall')",2.493333333333333,3,4,3,3,6,1,1,1,1,1,1,6.44,6.44,0.0,0.0,0.0,0.0,2.0,2.0,0.0,2.0,12.88,14
22500221,DAL,PHX,78.8,77.4,"('Brandon Williams', 'Cooper Flagg', 'Jaden Hardy')",0.3333333333333333,2,0,0,0,1,0,0,0,0,1,0,1.0,0.0,0.0,0.0,0.0,0.0,0.0,0.0,0.0,0.0,1.0,14
22500221,DAL,PHX,78.8,77.4,"('Brandon Williams', 'Cooper Flagg', 'Max Christie')",0.3333333333333333,2,0,0,0,1,0,0,0,0,1,0,1.0,0.0,0.0,0.0,0.0,0.0,0.0,0.0,0.0,0.0,1.0,14
22500221,DAL,PHX,78.8,77.4,"('Brandon Williams', 'Cooper Flagg', 'Moussa Cisse')",0.3333333333333333,2,0,0,0,1,0,0,0,0,1,0,1.0,0.0,0.0,0.0,0.0,0.0,0.0,0.0,0.0,0.0,1.0,14
22500221,DAL,PHX,78.8,77.4,"('Brandon Williams', 'Jaden Hardy', 'Max Christie')",0.3333333333333333,2,0,0,0,1,0,0,0,0,1,0,1.0,0.0,0.0,0.0,0.0,0.0,0.0,0.0,0.0,0.0,1.0,14
22500221,DAL,PHX,78.8,77.4,"('Brandon Williams', 'Jaden Hardy', 'Moussa Cisse')",0.3333333333333333,2,0,0,0,1,0,0,0,0,1,0,1.0,0.0,0.0,0.0,0.0,0.0,0.0,0.0,0.0,0.0,1.0,14
22500221,DAL,PHX,78.8,77.4,"('Brandon Williams', 'Max Christie', 'Moussa Cisse')",0.3333333333333333,2,0,0,0,1,0,0,0,0,1,0,1.0,0.0,0.0,0.0,0.0,0.0,0.0,0.0,0.0,0.0,1.0,14
22500221,DAL,PHX,78.8,77.4,"('Cooper Flagg', 'Jaden Hardy', 'Max Christie')",0.3333333333333333,2,0,0,0,1,0,0,0,0,1,0,1.0,0.0,0.0,0.0,0.0,0.0,0.0,0.0,0.0,0.0,1.0,14
22500221,DAL,PHX,78.8,77.4,"('Cooper Flagg', 'Jaden Hardy', 'Moussa Cisse')",0.3333333333333333,2,0,0,0,1,0,0,0,0,1,0,1.0,0.0,0.0,0.0,0.0,0.0,0.0,0.0,0.0,0.0,1.0,14
22500221,DAL,PHX,78.8,77.4,"('Cooper Flagg', 'Max Christie', 'Moussa Cisse')",0.3333333333333333,2,0,0,0,1,0,0,0,0,1,0,1.0,0.0,0.0,0.0,0.0,0.0,0.0,0.0,0.0,0.0,1.0,14
22500221,DAL,PHX,78.8,77.4,"('Jaden Hardy', 'Max Christie', 'Moussa Cisse')",0.3333333333333333,2,0,0,0,1,0,0,0,0,1,0,1.0,0.0,0.0,0.0,0.0,0.0,0.0,0.0,0.0,0.0,1.0,14
22500221,DAL,PHX,79.2,77.0,"('Brandon Williams', 'Cooper Flagg', 'Klay Thompson')",1.8,2,3,2,2,5,1,1,0,0,0,1,3.0,3.0,0.0,0.0,0.0,0.0,0.0,0.0,2.0,2.0,6.0,14
22500221,DAL,PHX,79.2,77.0,"('Brandon Williams', 'Cooper Flagg', 'Max Christie')",1.8,2,3,2,2,5,1,1,0,0,0,1,3.0,3.0,0.0,0.0,0.0,0.0,0.0,0.0,2.0,2.0,6.0,14
22500221,DAL,PHX,79.2,77.0,"('Brandon Williams', 'Cooper Flagg', 'Moussa Cisse')",1.8,2,3,2,2,5,1,1,0,0,0,1,3.0,3.0,0.0,0.0,0.0,0.0,0.0,0.0,2.0,2.0,6.0,14
22500221,DAL,PHX,79.2,77.0,"('Brandon Williams', 'Klay Thompson', 'Max Christie')",1.8,2,3,2,2,5,1,1,0,0,0,1,3.0,3.0,0.0,0.0,0.0,0.0,0.0,0.0,2.0,2.0,6.0,14
22500221,DAL,PHX,79.2,77.0,"('Brandon Williams', 'Klay Thompson', 'Moussa Cisse')",1.8,2,3,2,2,5,1,1,0,0,0,1,3.0,3.0,0.0,0.0,0.0,0.0,0.0,0.0,2.0,2.0,6.0,14
22500221,DAL,PHX,79.2,77.0,"('Brandon Williams', 'Max Christie', 'Moussa Cisse')",1.8,2,3,2,2,5,1,1,0,0,0,1,3.0,3.0,0.0,0.0,0.0,0.0,0.0,0.0,2.0,2.0,6.0,14
22500221,DAL,PHX,79.2,77.0,"('Cooper Flagg', 'Klay Thompson', 'Max Christie')",1.8,2,3,2,2,5,1,1,0,0,0,1,3.0,3.0,0.0,0.0,0.0,0.0,0.0,0.0,2.0,2.0,6.0,14
22500221,DAL,PHX,79.2,77.0,"('Cooper Flagg', 'Klay Thompson', 'Moussa Cisse')",1.8,2,3,2,2,5,1,1,0,0,0,1,3.0,3.0,0.0,0.0,0.0,0.0,0.0,0.0,2.0,2.0,6.0,14
22500221,DAL,PHX,79.2,77.0,"('Cooper Flagg', 'Max Christie', 'Moussa Cisse')",1.8,2,3,2,2,5,1,1,0,0,0,1,3.0,3.0,0.0,0.0,0.0,0.0,0.0,0.0,2.0,2.0,6.0,14
22500221,DAL,PHX,79.2,77.0,"('Klay Thompson', 'Max Christie', 'Moussa Cisse')",1.8,2,3,2,2,5,1,1,0,0,0,1,3.0,3.0,0.0,0.0,0.0,0.0,0.0,0.0,2.0,2.0,6.0,14
22500221,DAL,PHX,79.0,79.6,"('Brandon Williams', 'Max Christie', 'Moussa Cisse')",0.55,1,3,0,1,0,1,0,0,0,0,1,2.0,1.0,0.0,3.0,3.0,0.0,0.0,0.0,0.0,0.0,3.0,14
22500221,DAL,PHX,79.0,79.6,"('Brandon Williams', 'Max Christie', 'Naji Marshall')",0.55,1,3,0,1,0,1,0,0,0,0,1,2.0,1.0,0.0,3.0,3.0,0.0,0.0,0.0,0.0,0.0,3.0,14
22500221,DAL,PHX,79.0,79.6,"('Brandon Williams', 'Max Christie', 'P.J. Washington')",0.55,1,3,0,1,0,1,0,0,0,0,1,2.0,1.0,0.0,3.0,3.0,0.0,0.0,0.0,0.0,0.0,3.0,14
22500221,DAL,PHX,79.0,79.6,"('Brandon Williams', 'Moussa Cisse', 'Naji Marshall')",0.55,1,3,0,1,0,1,0,0,0,0,1,2.0,1.0,0.0,3.0,3.0,0.0,0.0,0.0,0.0,0.0,3.0,14
22500221,DAL,PHX,79.0,79.6,"('Brandon Williams', 'Moussa Cisse', 'P.J. Washington')",0.55,1,3,0,1,0,1,0,0,0,0,1,2.0,1.0,0.0,3.0,3.0,0.0,0.0,0.0,0.0,0.0,3.0,14
22500221,DAL,PHX,79.0,79.6,"('Brandon Williams', 'Naji Marshall', 'P.J. Washington')",0.55,1,3,0,1,0,1,0,0,0,0,1,2.0,1.0,0.0,3.0,3.0,0.0,0.0,0.0,0.0,0.0,3.0,14
22500221,DAL,PHX,79.0,79.6,"('Max Christie', 'Moussa Cisse', 'Naji Marshall')",0.55,1,3,0,1,0,1,0,0,0,0,1,2.0,1.0,0.0,3.0,3.0,0.0,0.0,0.0,0.0,0.0,3.0,14
22500221,DAL,PHX,79.0,79.6,"('Max Christie', 'Moussa Cisse', 'P.J. Washington')",0.55,1,3,0,1,0,1,0,0,0,0,1,2.0,1.0,0.0,3.0,3.0,0.0,0.0,0.0,0.0,0.0,3.0,14
22500221,DAL,PHX,79.0,79.6,"('Max Christie', 'Naji Marshall', 'P.J. Washington')",0.55,1,3,0,1,0,1,0,0,0,0,1,2.0,1.0,0.0,3.0,3.0,0.0,0.0,0.0,0.0,0.0,3.0,14
22500221,DAL,PHX,79.0,79.6,"('Moussa Cisse', 'Naji Marshall', 'P.J. Washington')",0.55,1,3,0,1,0,1,0,0,0,0,1,2.0,1.0,0.0,3.0,3.0,0.0,0.0,0.0,0.0,0.0,3.0,14
22500221,DAL,PHX,79.6,79.6,"('Brandon Williams', 'Cooper Flagg', 'Max Christie')",0.6833333333333333,1,2,3,1,0,0,1,0,1,0,0,2.0,2.0,0.0,0.0,2.0,2.0,3.0,0.0,0.0,0.0,4.0,14
22500221,DAL,PHX,79.6,79.6,"('Brandon Williams', 'Cooper Flagg', 'Moussa Cisse')",0.6833333333333333,1,2,3,1,0,0,1,0,1,0,0,2.0,2.0,0.0,0.0,2.0,2.0,3.0,0.0,0.0,0.0,4.0,14
22500221,DAL,PHX,79.6,79.6,"('Brandon Williams', 'Cooper Flagg', 'P.J. Washington')",0.6833333333333333,1,2,3,1,0,0,1,0,1,0,0,2.0,2.0,0.0,0.0,2.0,2.0,3.0,0.0,0.0,0.0,4.0,14
22500221,DAL,PHX,79.6,79.6,"('Brandon Williams', 'Max Christie', 'Moussa Cisse')",0.6833333333333333,1,2,3,1,0,0,1,0,1,0,0,2.0,2.0,0.0,0.0,2.0,2.0,3.0,0.0,0.0,0.0,4.0,14
22500221,DAL,PHX,79.6,79.6,"('Brandon Williams', 'Max Christie', 'P.J. Washington')",0.6833333333333333,1,2,3,1,0,0,1,0,1,0,0,2.0,2.0,0.0,0.0,2.0,2.0,3.0,0.0,0.0,0.0,4.0,14
22500221,DAL,PHX,79.6,79.6,"('Brandon Williams', 'Moussa Cisse', 'P.J. Washington')",0.6833333333333333,1,2,3,1,0,0,1,0,1,0,0,2.0,2.0,0.0,0.0,2.0,2.0,3.0,0.0,0.0,0.0,4.0,14
22500221,DAL,PHX,79.6,79.6,"('Cooper Flagg', 'Max Christie', 'Moussa Cisse')",0.6833333333333333,1,2,3,1,0,0,1,0,1,0,0,2.0,2.0,0.0,0.0,2.0,2.0,3.0,0.0,0.0,0.0,4.0,14
22500221,DAL,PHX,79.6,79.6,"('Cooper Flagg', 'Max Christie', 'P.J. Washington')",0.6833333333333333,1,2,3,1,0,0,1,0,1,0,0,2.0,2.0,0.0,0.0,2.0,2.0,3.0,0.0,0.0,0.0,4.0,14
22500221,DAL,PHX,79.6,79.6,"('Cooper Flagg', 'Moussa Cisse', 'P.J. Washington')",0.6833333333333333,1,2,3,1,0,0,1,0,1,0,0,2.0,2.0,0.0,0.0,2.0,2.0,3.0,0.0,0.0,0.0,4.0,14
22500221,DAL,PHX,79.6,79.6,"('Max Christie', 'Moussa Cisse', 'P.J. Washington')",0.6833333333333333,1,2,3,1,0,0,1,0,1,0,0,2.0,2.0,0.0,0.0,2.0,2.0,3.0,0.0,0.0,0.0,4.0,14
22500221,DAL,PHX,78.6,79.2,"('Brandon Williams', 'Caleb Martin', 'Max Christie')",2.266666666666667,1,8,9,2,1,3,3,0,0,1,0,4.44,5.44,0.0,0.0,2.0,4.0,0.0,0.0,0.0,6.0,9.88,14
22500221,DAL,PHX,78.6,79.2,"('Brandon Williams', 'Caleb Martin', 'Moussa Cisse')",2.266666666666667,1,8,9,2,1,3,3,0,0,1,0,4.44,5.44,0.0,0.0,2.0,4.0,0.0,0.0,0.0,6.0,9.88,14
22500221,DAL,PHX,78.6,79.2,"('Brandon Williams', 'Caleb Martin', 'Naji Marshall')",2.266666666666667,1,8,9,2,1,3,3,0,0,1,0,4.44,5.44,0.0,0.0,2.0,4.0,0.0,0.0,0.0,6.0,9.88,14
22500221,DAL,PHX,78.6,79.2,"('Brandon Williams', 'Max Christie', 'Moussa Cisse')",2.266666666666667,1,8,9,2,1,3,3,0,0,1,0,4.44,5.44,0.0,0.0,2.0,4.0,0.0,0.0,0.0,6.0,9.88,14
22500221,DAL,PHX,78.6,79.2,"('Brandon Williams', 'Max Christie', 'Naji Marshall')",2.266666666666667,1,8,9,2,1,3,3,0,0,1,0,4.44,5.44,0.0,0.0,2.0,4.0,0.0,0.0,0.0,6.0,9.88,14
22500221,DAL,PHX,78.6,79.2,"('Brandon Williams', 'Moussa Cisse', 'Naji Marshall')",2.266666666666667,1,8,9,2,1,3,3,0,0,1,0,4.44,5.44,0.0,0.0,2.0,4.0,0.0,0.0,0.0,6.0,9.88,14
22500221,DAL,PHX,78.6,79.2,"('Caleb Martin', 'Max Christie', 'Moussa Cisse')",2.266666666666667,1,8,9,2,1,3,3,0,0,1,0,4.44,5.44,0.0,0.0,2.0,4.0,0.0,0.0,0.0,6.0,9.88,14
22500221,DAL,PHX,78.6,79.2,"('Caleb Martin', 'Max Christie', 'Naji Marshall')",2.266666666666667,1,8,9,2,1,3,3,0,0,1,0,4.44,5.44,0.0,0.0,2.0,4.0,0.0,0.0,0.0,6.0,9.88,14
22500221,DAL,PHX,78.6,79.2,"('Caleb Martin', 'Moussa Cisse', 'Naji Marshall')",2.266666666666667,1,8,9,2,1,3,3,0,0,1,0,4.44,5.44,0.0,0.0,2.0,4.0,0.0,0.0,0.0,6.0,9.88,14
22500221,DAL,PHX,78.6,79.2,"('Max Christie', 'Moussa Cisse', 'Naji Marshall')",2.266666666666667,1,8,9,2,1,3,3,0,0,1,0,4.44,5.44,0.0,0.0,2.0,4.0,0.0,0.0,0.0,6.0,9.88,14
22500221,DAL,PHX,79.0,78.8,"('Caleb Martin', 'Cooper Flagg', 'Daniel Gafford')",0.385,2,0,4,0,1,0,0,0,0,0,0,0.0,1.88,0.0,0.0,0.0,0.0,0.0,0.0,2.0,2.0,1.88,14
22500221,DAL,PHX,79.0,78.8,"('Caleb Martin', 'Cooper Flagg', 'Max Christie')",0.385,2,0,4,0,1,0,0,0,0,0,0,0.0,1.88,0.0,0.0,0.0,0.0,0.0,0.0,2.0,2.0,1.88,14
22500221,DAL,PHX,79.0,78.8,"('Caleb Martin', 'Cooper Flagg', 'Naji Marshall')",0.385,2,0,4,0,1,0,0,0,0,0,0,0.0,1.88,0.0,0.0,0.0,0.0,0.0,0.0,2.0,2.0,1.88,14
22500221,DAL,PHX,79.0,78.8,"('Caleb Martin', 'Daniel Gafford', 'Max Christie')",0.385,2,0,4,0,1,0,0,0,0,0,0,0.0,1.88,0.0,0.0,0.0,0.0,0.0,0.0,2.0,2.0,1.88,14
22500221,DAL,PHX,79.0,78.8,"('Caleb Martin', 'Daniel Gafford', 'Naji Marshall')",0.385,2,0,4,0,1,0,0,0,0,0,0,0.0,1.88,0.0,0.0,0.0,0.0,0.0,0.0,2.0,2.0,1.88,14
22500221,DAL,PHX,79.0,78.8,"('Caleb Martin', 'Max Christie', 'Naji Marshall')",0.385,2,0,4,0,1,0,0,0,0,0,0,0.0,1.88,0.0,0.0,0.0,0.0,0.0,0.0,2.0,2.0,1.88,14
22500221,DAL,PHX,79.0,78.8,"('Cooper Flagg', 'Daniel Gafford', 'Max Christie')",0.385,2,0,4,0,1,0,0,0,0,0,0,0.0,1.88,0.0,0.0,0.0,0.0,0.0,0.0,2.0,2.0,1.88,14
22500221,DAL,PHX,79.0,78.8,"('Cooper Flagg', 'Daniel Gafford', 'Naji Marshall')",0.385,2,0,4,0,1,0,0,0,0,0,0,0.0,1.88,0.0,0.0,0.0,0.0,0.0,0.0,2.0,2.0,1.88,14
22500221,DAL,PHX,79.0,78.8,"('Cooper Flagg', 'Max Christie', 'Naji Marshall')",0.385,2,0,4,0,1,0,0,0,0,0,0,0.0,1.88,0.0,0.0,0.0,0.0,0.0,0.0,2.0,2.0,1.88,14
22500221,DAL,PHX,79.0,78.8,"('Daniel Gafford', 'Max Christie', 'Naji Marshall')",0.385,2,0,4,0,1,0,0,0,0,0,0,0.0,1.88,0.0,0.0,0.0,0.0,0.0,0.0,2.0,2.0,1.88,14
22500221,DAL,PHX,78.8,78.8,"('Brandon Williams', 'Cooper Flagg', 'Daniel Gafford')",1.1666666666666667,2,1,5,1,1,0,2,1,0,1,0,2.44,3.0,0.0,0.0,0.0,0.0,0.0,2.0,0.0,2.0,5.44,14
22500221,DAL,PHX,78.8,78.8,"('Brandon Williams', 'Cooper Flagg', 'Jaden Hardy')",1.1666666666666667,2,1,5,1,1,0,2,1,0,1,0,2.44,3.0,0.0,0.0,0.0,0.0,0.0,2.0,0.0,2.0,5.44,14
22500221,DAL,PHX,78.8,78.8,"('Brandon Williams', 'Cooper Flagg', 'Naji Marshall')",1.1666666666666667,2,1,5,1,1,0,2,1,0,1,0,2.44,3.0,0.0,0.0,0.0,0.0,0.0,2.0,0.0,2.0,5.44,14
22500221,DAL,PHX,78.8,78.8,"('Brandon Williams', 'Daniel Gafford', 'Jaden Hardy')",1.1666666666666667,2,1,5,1,1,0,2,1,0,1,0,2.44,3.0,0.0,0.0,0.0,0.0,0.0,2.0,0.0,2.0,5.44,14
22500221,DAL,PHX,78.8,78.8,"('Brandon Williams', 'Daniel Gafford', 'Naji Marshall')",1.1666666666666667,2,1,5,1,1,0,2,1,0,1,0,2.44,3.0,0.0,0.0,0.0,0.0,0.0,2.0,0.0,2.0,5.44,14
22500221,DAL,PHX,78.8,78.8,"('Brandon Williams', 'Jaden Hardy', 'Naji Marshall')",1.1666666666666667,2,1,5,1,1,0,2,1,0,1,0,2.44,3.0,0.0,0.0,0.0,0.0,0.0,2.0,0.0,2.0,5.44,14
22500221,DAL,PHX,78.8,78.8,"('Cooper Flagg', 'Daniel Gafford', 'Jaden Hardy')",1.1666666666666667,2,1,5,1,1,0,2,1,0,1,0,2.44,3.0,0.0,0.0,0.0,0.0,0.0,2.0,0.0,2.0,5.44,14
22500221,DAL,PHX,78.8,78.8,"('Cooper Flagg', 'Daniel Gafford', 'Naji Marshall')",1.1666666666666667,2,1,5,1,1,0,2,1,0,1,0,2.44,3.0,0.0,0.0,0.0,0.0,0.0,2.0,0.0,2.0,5.44,14
22500221,DAL,PHX,78.8,78.8,"('Cooper Flagg', 'Jaden Hardy', 'Naji Marshall')",1.1666666666666667,2,1,5,1,1,0,2,1,0,1,0,2.44,3.0,0.0,0.0,0.0,0.0,0.0,2.0,0.0,2.0,5.44,14
22500221,DAL,PHX,78.8,78.8,"('Daniel Gafford', 'Jaden Hardy', 'Naji Marshall')",1.1666666666666667,2,1,5,1,1,0,2,1,0,1,0,2.44,3.0,0.0,0.0,0.0,0.0,0.0,2.0,0.0,2.0,5.44,14
22500221,DAL,PHX,78.0,78.8,"('Brandon Williams', 'Daniel Gafford', 'Jaden Hardy')",0.8333333333333334,2,1,3,0,1,0,1,0,0,0,1,1.44,1.44,0.0,0.0,0.0,0.0,0.0,0.0,0.0,0.0,2.88,14
22500221,DAL,PHX,78.0,78.8,"('Brandon Williams', 'Daniel Gafford', 'Max Christie')",0.8333333333333334,2,1,3,0,1,0,1,0,0,0,1,1.44,1.44,0.0,0.0,0.0,0.0,0.0,0.0,0.0,0.0,2.88,14
22500221,DAL,PHX,78.0,78.8,"('Brandon Williams', 'Daniel Gafford', 'Naji Marshall')",0.8333333333333334,2,1,3,0,1,0,1,0,0,0,1,1.44,1.44,0.0,0.0,0.0,0.0,0.0,0.0,0.0,0.0,2.88,14
22500221,DAL,PHX,78.0,78.8,"('Brandon Williams', 'Jaden Hardy', 'Max Christie')",0.8333333333333334,2,1,3,0,1,0,1,0,0,0,1,1.44,1.44,0.0,0.0,0.0,0.0,0.0,0.0,0.0,0.0,2.88,14
22500221,DAL,PHX,78.0,78.8,"('Brandon Williams', 'Jaden Hardy', 'Naji Marshall')",0.8333333333333334,2,1,3,0,1,0,1,0,0,0,1,1.44,1.44,0.0,0.0,0.0,0.0,0.0,0.0,0.0,0.0,2.88,14
22500221,DAL,PHX,78.0,78.8,"('Brandon Williams', 'Max Christie', 'Naji Marshall')",0.8333333333333334,2,1,3,0,1,0,1,0,0,0,1,1.44,1.44,0.0,0.0,0.0,0.0,0.0,0.0,0.0,0.0,2.88,14
22500221,DAL,PHX,78.0,78.8,"('Daniel Gafford', 'Jaden Hardy', 'Max Christie')",0.8333333333333334,2,1,3,0,1,0,1,0,0,0,1,1.44,1.44,0.0,0.0,0.0,0.0,0.0,0.0,0.0,0.0,2.88,14
22500221,DAL,PHX,78.0,78.8,"('Daniel Gafford', 'Jaden Hardy', 'Naji Marshall')",0.8333333333333334,2,1,3,0,1,0,1,0,0,0,1,1.44,1.44,0.0,0.0,0.0,0.0,0.0,0.0,0.0,0.0,2.88,14
22500221,DAL,PHX,78.0,78.8,"('Daniel Gafford', 'Max Christie', 'Naji Marshall')",0.8333333333333334,2,1,3,0,1,0,1,0,0,0,1,1.44,1.44,0.0,0.0,0.0,0.0,0.0,0.0,0.0,0.0,2.88,14
22500221,DAL,PHX,78.0,78.8,"('Jaden Hardy', 'Max Christie', 'Naji Marshall')",0.8333333333333334,2,1,3,0,1,0,1,0,0,0,1,1.44,1.44,0.0,0.0,0.0,0.0,0.0,0.0,0.0,0.0,2.88,14
22500238,DAL,POR,79.4,80.2,"('Brandon Williams', 'Cooper Flagg', 'Daniel Gafford')",1.7166666666666666,3,8,5,0,1,2,1,0,1,1,1,4.0,2.88,2.0,2.0,0.0,2.0,0.0,0.0,0.0,0.0,6.88,15
22500238,DAL,POR,79.4,80.2,"('Brandon Williams', 'Cooper Flagg', 'Klay Thompson')",1.7166666666666666,3,8,5,0,1,2,1,0,1,1,1,4.0,2.88,2.0,2.0,0.0,2.0,0.0,0.0,0.0,0.0,6.88,15
22500238,DAL,POR,79.4,80.2,"('Brandon Williams', 'Cooper Flagg', 'P.J. Washington')",1.7166666666666666,3,8,5,0,1,2,1,0,1,1,1,4.0,2.88,2.0,2.0,0.0,2.0,0.0,0.0,0.0,0.0,6.88,15
22500238,DAL,POR,79.4,80.2,"('Brandon Williams', 'Daniel Gafford', 'Klay Thompson')",1.7166666666666666,3,8,5,0,1,2,1,0,1,1,1,4.0,2.88,2.0,2.0,0.0,2.0,0.0,0.0,0.0,0.0,6.88,15
22500238,DAL,POR,79.4,80.2,"('Brandon Williams', 'Daniel Gafford', 'P.J. Washington')",1.7166666666666666,3,8,5,0,1,2,1,0,1,1,1,4.0,2.88,2.0,2.0,0.0,2.0,0.0,0.0,0.0,0.0,6.88,15
22500238,DAL,POR,79.4,80.2,"('Brandon Williams', 'Klay Thompson', 'P.J. Washington')",1.7166666666666666,3,8,5,0,1,2,1,0,1,1,1,4.0,2.88,2.0,2.0,0.0,2.0,0.0,0.0,0.0,0.0,6.88,15
22500238,DAL,POR,79.4,80.2,"('Cooper Flagg', 'Daniel Gafford', 'Klay Thompson')",1.7166666666666666,3,8,5,0,1,2,1,0,1,1,1,4.0,2.88,2.0,2.0,0.0,2.0,0.0,0.0,0.0,0.0,6.88,15
22500238,DAL,POR,79.4,80.2,"('Cooper Flagg', 'Daniel Gafford', 'P.J. Washington')",1.7166666666666666,3,8,5,0,1,2,1,0,1,1,1,4.0,2.88,2.0,2.0,0.0,2.0,0.0,0.0,0.0,0.0,6.88,15
22500238,DAL,POR,79.4,80.2,"('Cooper Flagg', 'Klay Thompson', 'P.J. Washington')",1.7166666666666666,3,8,5,0,1,2,1,0,1,1,1,4.0,2.88,2.0,2.0,0.0,2.0,0.0,0.0,0.0,0.0,6.88,15
22500238,DAL,POR,79.4,80.2,"('Daniel Gafford', 'Klay Thompson', 'P.J. Washington')",1.7166666666666666,3,8,5,0,1,2,1,0,1,1,1,4.0,2.88,2.0,2.0,0.0,2.0,0.0,0.0,0.0,0.0,6.88,15
22500238,DAL,POR,78.8,78.4,"(""D'Angelo Russell"", 'Dereck Lively II', 'Klay Thompson')",3.2166666666666663,3,5,9,1,3,2,3,3,1,1,0,8.0,8.44,0.0,0.0,0.0,2.0,8.0,2.0,3.0,2.0,16.439999999999998,15
22500238,DAL,POR,78.8,78.4,"(""D'Angelo Russell"", 'Dereck Lively II', 'Naji Marshall')",3.2166666666666663,3,5,9,1,3,2,3,3,1,1,0,8.0,8.44,0.0,0.0,0.0,2.0,8.0,2.0,3.0,2.0,16.439999999999998,15
22500238,DAL,POR,78.8,78.4,"(""D'Angelo Russell"", 'Dereck Lively II', 'P.J. Washington')",3.2166666666666663,3,5,9,1,3,2,3,3,1,1,0,8.0,8.44,0.0,0.0,0.0,2.0,8.0,2.0,3.0,2.0,16.439999999999998,15
22500238,DAL,POR,78.8,78.4,"(""D'Angelo Russell"", 'Klay Thompson', 'Naji Marshall')",3.2166666666666663,3,5,9,1,3,2,3,3,1,1,0,8.0,8.44,0.0,0.0,0.0,2.0,8.0,2.0,3.0,2.0,16.439999999999998,15
22500238,DAL,POR,78.8,78.4,"(""D'Angelo Russell"", 'Klay Thompson', 'P.J. Washington')",3.2166666666666663,3,5,9,1,3,2,3,3,1,1,0,8.0,8.44,0.0,0.0,0.0,2.0,8.0,2.0,3.0,2.0,16.439999999999998,15
22500238,DAL,POR,78.8,78.4,"(""D'Angelo Russell"", 'Naji Marshall', 'P.J. Washington')",3.2166666666666663,3,5,9,1,3,2,3,3,1,1,0,8.0,8.44,0.0,0.0,0.0,2.0,8.0,2.0,3.0,2.0,16.439999999999998,15
22500238,DAL,POR,78.8,78.4,"('Dereck Lively II', 'Klay Thompson', 'Naji Marshall')",3.2166666666666663,3,5,9,1,3,2,3,3,1,1,0,8.0,8.44,0.0,0.0,0.0,2.0,8.0,2.0,3.0,2.0,16.439999999999998,15
22500238,DAL,POR,78.8,78.4,"('Dereck Lively II', 'Klay Thompson', 'P.J. Washington')",3.2166666666666663,3,5,9,1,3,2,3,3,1,1,0,8.0,8.44,0.0,0.0,0.0,2.0,8.0,2.0,3.0,2.0,16.439999999999998,15
22500238,DAL,POR,78.8,78.4,"('Dereck Lively II', 'Naji Marshall', 'P.J. Washington')",3.2166666666666663,3,5,9,1,3,2,3,3,1,1,0,8.0,8.44,0.0,0.0,0.0,2.0,8.0,2.0,3.0,2.0,16.439999999999998,15
22500238,DAL,POR,78.8,78.4,"('Klay Thompson', 'Naji Marshall', 'P.J. Washington')",3.2166666666666663,3,5,9,1,3,2,3,3,1,1,0,8.0,8.44,0.0,0.0,0.0,2.0,8.0,2.0,3.0,2.0,16.439999999999998,15
22500238,DAL,POR,79.4,80.6,"('Brandon Williams', 'Cooper Flagg', 'Klay Thompson')",1.716666666666667,3,4,4,1,4,2,2,0,0,1,2,3.0,4.0,0.0,0.0,0.0,4.0,0.0,0.0,2.0,4.0,7.0,15
22500238,DAL,POR,79.4,80.6,"('Brandon Williams', 'Cooper Flagg', 'Moussa Cisse')",1.716666666666667,3,4,4,1,4,2,2,0,0,1,2,3.0,4.0,0.0,0.0,0.0,4.0,0.0,0.0,2.0,4.0,7.0,15
22500238,DAL,POR,79.4,80.6,"('Brandon Williams', 'Cooper Flagg', 'Naji Marshall')",1.716666666666667,3,4,4,1,4,2,2,0,0,1,2,3.0,4.0,0.0,0.0,0.0,4.0,0.0,0.0,2.0,4.0,7.0,15
22500238,DAL,POR,79.4,80.6,"('Brandon Williams', 'Klay Thompson', 'Moussa Cisse')",1.716666666666667,3,4,4,1,4,2,2,0,0,1,2,3.0,4.0,0.0,0.0,0.0,4.0,0.0,0.0,2.0,4.0,7.0,15
22500238,DAL,POR,79.4,80.6,"('Brandon Williams', 'Klay Thompson', 'Naji Marshall')",1.716666666666667,3,4,4,1,4,2,2,0,0,1,2,3.0,4.0,0.0,0.0,0.0,4.0,0.0,0.0,2.0,4.0,7.0,15
22500238,DAL,POR,79.4,80.6,"('Brandon Williams', 'Moussa Cisse', 'Naji Marshall')",1.716666666666667,3,4,4,1,4,2,2,0,0,1,2,3.0,4.0,0.0,0.0,0.0,4.0,0.0,0.0,2.0,4.0,7.0,15
22500238,DAL,POR,79.4,80.6,"('Cooper Flagg', 'Klay Thompson', 'Moussa Cisse')",1.716666666666667,3,4,4,1,4,2,2,0,0,1,2,3.0,4.0,0.0,0.0,0.0,4.0,0.0,0.0,2.0,4.0,7.0,15
22500238,DAL,POR,79.4,80.6,"('Cooper Flagg', 'Klay Thompson', 'Naji Marshall')",1.716666666666667,3,4,4,1,4,2,2,0,0,1,2,3.0,4.0,0.0,0.0,0.0,4.0,0.0,0.0,2.0,4.0,7.0,15
22500238,DAL,POR,79.4,80.6,"('Cooper Flagg', 'Moussa Cisse', 'Naji Marshall')",1.716666666666667,3,4,4,1,4,2,2,0,0,1,2,3.0,4.0,0.0,0.0,0.0,4.0,0.0,0.0,2.0,4.0,7.0,15
22500238,DAL,POR,79.4,80.6,"('Klay Thompson', 'Moussa Cisse', 'Naji Marshall')",1.716666666666667,3,4,4,1,4,2,2,0,0,1,2,3.0,4.0,0.0,0.0,0.0,4.0,0.0,0.0,2.0,4.0,7.0,15
22500238,DAL,POR,80.0,80.6,"('Brandon Williams', 'Cooper Flagg', 'Dereck Lively II')",1.8,3,6,2,1,2,1,0,1,1,1,0,3.44,4.0,0.0,0.0,0.0,2.0,0.0,0.0,2.0,2.0,7.439999999999999,15
22500238,DAL,POR,80.0,80.6,"('Brandon Williams', 'Cooper Flagg', 'Klay Thompson')",1.8,3,6,2,1,2,1,0,1,1,1,0,3.44,4.0,0.0,0.0,0.0,2.0,0.0,0.0,2.0,2.0,7.439999999999999,15
22500238,DAL,POR,80.0,80.6,"('Brandon Williams', 'Cooper Flagg', 'P.J. Washington')",1.8,3,6,2,1,2,1,0,1,1,1,0,3.44,4.0,0.0,0.0,0.0,2.0,0.0,0.0,2.0,2.0,7.439999999999999,15
22500238,DAL,POR,80.0,80.6,"('Brandon Williams', 'Dereck Lively II', 'Klay Thompson')",1.8,3,6,2,1,2,1,0,1,1,1,0,3.44,4.0,0.0,0.0,0.0,2.0,0.0,0.0,2.0,2.0,7.439999999999999,15
22500238,DAL,POR,80.0,80.6,"('Brandon Williams', 'Dereck Lively II', 'P.J. Washington')",1.8,3,6,2,1,2,1,0,1,1,1,0,3.44,4.0,0.0,0.0,0.0,2.0,0.0,0.0,2.0,2.0,7.439999999999999,15
22500238,DAL,POR,80.0,80.6,"('Brandon Williams', 'Klay Thompson', 'P.J. Washington')",1.8,3,6,2,1,2,1,0,1,1,1,0,3.44,4.0,0.0,0.0,0.0,2.0,0.0,0.0,2.0,2.0,7.439999999999999,15
22500238,DAL,POR,80.0,80.6,"('Cooper Flagg', 'Dereck Lively II', 'Klay Thompson')",1.8,3,6,2,1,2,1,0,1,1,1,0,3.44,4.0,0.0,0.0,0.0,2.0,0.0,0.0,2.0,2.0,7.439999999999999,15
22500238,DAL,POR,80.0,80.6,"('Cooper Flagg', 'Dereck Lively II', 'P.J. Washington')",1.8,3,6,2,1,2,1,0,1,1,1,0,3.44,4.0,0.0,0.0,0.0,2.0,0.0,0.0,2.0,2.0,7.439999999999999,15
22500238,DAL,POR,80.0,80.6,"('Cooper Flagg', 'Klay Thompson', 'P.J. Washington')",1.8,3,6,2,1,2,1,0,1,1,1,0,3.44,4.0,0.0,0.0,0.0,2.0,0.0,0.0,2.0,2.0,7.439999999999999,15
22500238,DAL,POR,80.0,80.6,"('Dereck Lively II', 'Klay Thompson', 'P.J. Washington')",1.8,3,6,2,1,2,1,0,1,1,1,0,3.44,4.0,0.0,0.0,0.0,2.0,0.0,0.0,2.0,2.0,7.439999999999999,15
22500238,DAL,POR,78.6,79.2,"('Brandon Williams', 'Cooper Flagg', 'Max Christie')",0.45,2,1,0,1,0,0,0,0,0,0,0,0.44,1.0,0.0,0.0,0.0,0.0,0.0,0.0,0.0,0.0,1.44,15
22500238,DAL,POR,78.6,79.2,"('Brandon Williams', 'Cooper Flagg', 'Naji Marshall')",0.45,2,1,0,1,0,0,0,0,0,0,0,0.44,1.0,0.0,0.0,0.0,0.0,0.0,0.0,0.0,0.0,1.44,15
22500238,DAL,POR,78.6,79.2,"('Brandon Williams', 'Cooper Flagg', 'P.J. Washington')",0.45,2,1,0,1,0,0,0,0,0,0,0,0.44,1.0,0.0,0.0,0.0,0.0,0.0,0.0,0.0,0.0,1.44,15
22500238,DAL,POR,78.6,79.2,"('Brandon Williams', 'Max Christie', 'Naji Marshall')",0.45,2,1,0,1,0,0,0,0,0,0,0,0.44,1.0,0.0,0.0,0.0,0.0,0.0,0.0,0.0,0.0,1.44,15
22500238,DAL,POR,78.6,79.2,"('Brandon Williams', 'Max Christie', 'P.J. Washington')",0.45,2,1,0,1,0,0,0,0,0,0,0,0.44,1.0,0.0,0.0,0.0,0.0,0.0,0.0,0.0,0.0,1.44,15
22500238,DAL,POR,78.6,79.2,"('Brandon Williams', 'Naji Marshall', 'P.J. Washington')",0.45,2,1,0,1,0,0,0,0,0,0,0,0.44,1.0,0.0,0.0,0.0,0.0,0.0,0.0,0.0,0.0,1.44,15
22500238,DAL,POR,78.6,79.2,"('Cooper Flagg', 'Max Christie', 'Naji Marshall')",0.45,2,1,0,1,0,0,0,0,0,0,0,0.44,1.0,0.0,0.0,0.0,0.0,0.0,0.0,0.0,0.0,1.44,15
22500238,DAL,POR,78.6,79.2,"('Cooper Flagg', 'Max Christie', 'P.J. Washington')",0.45,2,1,0,1,0,0,0,0,0,0,0,0.44,1.0,0.0,0.0,0.0,0.0,0.0,0.0,0.0,0.0,1.44,15
22500238,DAL,POR,78.6,79.2,"('Cooper Flagg', 'Naji Marshall', 'P.J. Washington')",0.45,2,1,0,1,0,0,0,0,0,0,0,0.44,1.0,0.0,0.0,0.0,0.0,0.0,0.0,0.0,0.0,1.44,15
22500238,DAL,POR,78.6,79.2,"('Max Christie', 'Naji Marshall', 'P.J. Washington')",0.45,2,1,0,1,0,0,0,0,0,0,0,0.44,1.0,0.0,0.0,0.0,0.0,0.0,0.0,0.0,0.0,1.44,15
22500238,DAL,POR,78.4,78.2,"(""D'Angelo Russell"", 'Klay Thompson', 'Moussa Cisse')",4.395,1,10,13,6,4,3,3,4,2,1,1,11.32,13.44,2.0,0.0,0.0,4.0,2.0,0.0,2.0,6.0,24.76,15
22500238,DAL,POR,78.4,78.2,"(""D'Angelo Russell"", 'Klay Thompson', 'Naji Marshall')",4.395,1,10,13,6,4,3,3,4,2,1,1,11.32,13.44,2.0,0.0,0.0,4.0,2.0,0.0,2.0,6.0,24.76,15
22500238,DAL,POR,78.4,78.2,"(""D'Angelo Russell"", 'Klay Thompson', 'P.J. Washington')",4.395,1,10,13,6,4,3,3,4,2,1,1,11.32,13.44,2.0,0.0,0.0,4.0,2.0,0.0,2.0,6.0,24.76,15
22500238,DAL,POR,78.4,78.2,"(""D'Angelo Russell"", 'Moussa Cisse', 'Naji Marshall')",4.395,1,10,13,6,4,3,3,4,2,1,1,11.32,13.44,2.0,0.0,0.0,4.0,2.0,0.0,2.0,6.0,24.76,15
22500238,DAL,POR,78.4,78.2,"(""D'Angelo Russell"", 'Moussa Cisse', 'P.J. Washington')",4.395,1,10,13,6,4,3,3,4,2,1,1,11.32,13.44,2.0,0.0,0.0,4.0,2.0,0.0,2.0,6.0,24.76,15
22500238,DAL,POR,78.4,78.2,"(""D'Angelo Russell"", 'Naji Marshall', 'P.J. Washington')",4.395,1,10,13,6,4,3,3,4,2,1,1,11.32,13.44,2.0,0.0,0.0,4.0,2.0,0.0,2.0,6.0,24.76,15
22500238,DAL,POR,78.4,78.2,"('Klay Thompson', 'Moussa Cisse', 'Naji Marshall')",4.395,1,10,13,6,4,3,3,4,2,1,1,11.32,13.44,2.0,0.0,0.0,4.0,2.0,0.0,2.0,6.0,24.76,15
22500238,DAL,POR,78.4,78.2,"('Klay Thompson', 'Moussa Cisse', 'P.J. Washington')",4.395,1,10,13,6,4,3,3,4,2,1,1,11.32,13.44,2.0,0.0,0.0,4.0,2.0,0.0,2.0,6.0,24.76,15
22500238,DAL,POR,78.4,78.2,"('Klay Thompson', 'Naji Marshall', 'P.J. Washington')",4.395,1,10,13,6,4,3,3,4,2,1,1,11.32,13.44,2.0,0.0,0.0,4.0,2.0,0.0,2.0,6.0,24.76,15
22500238,DAL,POR,78.4,78.2,"('Moussa Cisse', 'Naji Marshall', 'P.J. Washington')",4.395,1,10,13,6,4,3,3,4,2,1,1,11.32,13.44,2.0,0.0,0.0,4.0,2.0,0.0,2.0,6.0,24.76,15
22500238,DAL,POR,80.0,80.8,"('Brandon Williams', 'Cooper Flagg', 'Dereck Lively II')",0.1166666666666666,1,0,0,0,0,0,0,0,0,1,0,0.0,0.0,0.0,0.0,0.0,0.0,0.0,0.0,0.0,0.0,0.0,15
22500238,DAL,POR,80.0,80.8,"('Brandon Williams', 'Cooper Flagg', 'Max Christie')",0.1166666666666666,1,0,0,0,0,0,0,0,0,1,0,0.0,0.0,0.0,0.0,0.0,0.0,0.0,0.0,0.0,0.0,0.0,15
22500238,DAL,POR,80.0,80.8,"('Brandon Williams', 'Cooper Flagg', 'P.J. Washington')",0.1166666666666666,1,0,0,0,0,0,0,0,0,1,0,0.0,0.0,0.0,0.0,0.0,0.0,0.0,0.0,0.0,0.0,0.0,15
22500238,DAL,POR,80.0,80.8,"('Brandon Williams', 'Dereck Lively II', 'Max Christie')",0.1166666666666666,1,0,0,0,0,0,0,0,0,1,0,0.0,0.0,0.0,0.0,0.0,0.0,0.0,0.0,0.0,0.0,0.0,15
22500238,DAL,POR,80.0,80.8,"('Brandon Williams', 'Dereck Lively II', 'P.J. Washington')",0.1166666666666666,1,0,0,0,0,0,0,0,0,1,0,0.0,0.0,0.0,0.0,0.0,0.0,0.0,0.0,0.0,0.0,0.0,15
22500238,DAL,POR,80.0,80.8,"('Brandon Williams', 'Max Christie', 'P.J. Washington')",0.1166666666666666,1,0,0,0,0,0,0,0,0,1,0,0.0,0.0,0.0,0.0,0.0,0.0,0.0,0.0,0.0,0.0,0.0,15
22500238,DAL,POR,80.0,80.8,"('Cooper Flagg', 'Dereck Lively II', 'Max Christie')",0.1166666666666666,1,0,0,0,0,0,0,0,0,1,0,0.0,0.0,0.0,0.0,0.0,0.0,0.0,0.0,0.0,0.0,0.0,15
22500238,DAL,POR,80.0,80.8,"('Cooper Flagg', 'Dereck Lively II', 'P.J. Washington')",0.1166666666666666,1,0,0,0,0,0,0,0,0,1,0,0.0,0.0,0.0,0.0,0.0,0.0,0.0,0.0,0.0,0.0,0.0,15
22500238,DAL,POR,80.0,80.8,"('Cooper Flagg', 'Max Christie', 'P.J. Washington')",0.1166666666666666,1,0,0,0,0,0,0,0,0,1,0,0.0,0.0,0.0,0.0,0.0,0.0,0.0,0.0,0.0,0.0,0.0,15
22500238,DAL,POR,80.0,80.8,"('Dereck Lively II', 'Max Christie', 'P.J. Washington')",0.1166666666666666,1,0,0,0,0,0,0,0,0,1,0,0.0,0.0,0.0,0.0,0.0,0.0,0.0,0.0,0.0,0.0,0.0,15
22500238,DAL,POR,79.2,79.6,"('Cooper Flagg', ""D'Angelo Russell"", 'Dereck Lively II')",0.6833333333333333,1,2,2,1,0,0,0,0,0,1,1,2.0,0.88,0.0,2.0,2.0,2.0,0.0,0.0,0.0,0.0,2.88,15
22500238,DAL,POR,79.2,79.6,"('Cooper Flagg', ""D'Angelo Russell"", 'Klay Thompson')",0.6833333333333333,1,2,2,1,0,0,0,0,0,1,1,2.0,0.88,0.0,2.0,2.0,2.0,0.0,0.0,0.0,0.0,2.88,15
22500238,DAL,POR,79.2,79.6,"('Cooper Flagg', ""D'Angelo Russell"", 'Naji Marshall')",0.6833333333333333,1,2,2,1,0,0,0,0,0,1,1,2.0,0.88,0.0,2.0,2.0,2.0,0.0,0.0,0.0,0.0,2.88,15
22500238,DAL,POR,79.2,79.6,"('Cooper Flagg', 'Dereck Lively II', 'Klay Thompson')",0.6833333333333333,1,2,2,1,0,0,0,0,0,1,1,2.0,0.88,0.0,2.0,2.0,2.0,0.0,0.0,0.0,0.0,2.88,15
22500238,DAL,POR,79.2,79.6,"('Cooper Flagg', 'Dereck Lively II', 'Naji Marshall')",0.6833333333333333,1,2,2,1,0,0,0,0,0,1,1,2.0,0.88,0.0,2.0,2.0,2.0,0.0,0.0,0.0,0.0,2.88,15
22500238,DAL,POR,79.2,79.6,"('Cooper Flagg', 'Klay Thompson', 'Naji Marshall')",0.6833333333333333,1,2,2,1,0,0,0,0,0,1,1,2.0,0.88,0.0,2.0,2.0,2.0,0.0,0.0,0.0,0.0,2.88,15
22500238,DAL,POR,79.2,79.6,"(""D'Angelo Russell"", 'Dereck Lively II', 'Klay Thompson')",0.6833333333333333,1,2,2,1,0,0,0,0,0,1,1,2.0,0.88,0.0,2.0,2.0,2.0,0.0,0.0,0.0,0.0,2.88,15
22500238,DAL,POR,79.2,79.6,"(""D'Angelo Russell"", 'Dereck Lively II', 'Naji Marshall')",0.6833333333333333,1,2,2,1,0,0,0,0,0,1,1,2.0,0.88,0.0,2.0,2.0,2.0,0.0,0.0,0.0,0.0,2.88,15
22500238,DAL,POR,79.2,79.6,"(""D'Angelo Russell"", 'Klay Thompson', 'Naji Marshall')",0.6833333333333333,1,2,2,1,0,0,0,0,0,1,1,2.0,0.88,0.0,2.0,2.0,2.0,0.0,0.0,0.0,0.0,2.88,15
22500238,DAL,POR,79.2,79.6,"('Dereck Lively II', 'Klay Thompson', 'Naji Marshall')",0.6833333333333333,1,2,2,1,0,0,0,0,0,1,1,2.0,0.88,0.0,2.0,2.0,2.0,0.0,0.0,0.0,0.0,2.88,15
22500238,DAL,POR,78.2,78.4,"(""D'Angelo Russell"", 'Daniel Gafford', 'Klay Thompson')",1.0933333333333333,3,1,1,2,3,0,0,0,0,0,1,4.44,3.44,0.0,0.0,0.0,0.0,0.0,0.0,0.0,0.0,7.879999999999999,15
22500238,DAL,POR,78.2,78.4,"(""D'Angelo Russell"", 'Daniel Gafford', 'Naji Marshall')",1.0933333333333333,3,1,1,2,3,0,0,0,0,0,1,4.44,3.44,0.0,0.0,0.0,0.0,0.0,0.0,0.0,0.0,7.879999999999999,15
22500238,DAL,POR,78.2,78.4,"(""D'Angelo Russell"", 'Daniel Gafford', 'P.J. Washington')",1.0933333333333333,3,1,1,2,3,0,0,0,0,0,1,4.44,3.44,0.0,0.0,0.0,0.0,0.0,0.0,0.0,0.0,7.879999999999999,15
22500238,DAL,POR,78.2,78.4,"(""D'Angelo Russell"", 'Klay Thompson', 'Naji Marshall')",1.0933333333333333,3,1,1,2,3,0,0,0,0,0,1,4.44,3.44,0.0,0.0,0.0,0.0,0.0,0.0,0.0,0.0,7.879999999999999,15
22500238,DAL,POR,78.2,78.4,"(""D'Angelo Russell"", 'Klay Thompson', 'P.J. Washington')",1.0933333333333333,3,1,1,2,3,0,0,0,0,0,1,4.44,3.44,0.0,0.0,0.0,0.0,0.0,0.0,0.0,0.0,7.879999999999999,15
22500238,DAL,POR,78.2,78.4,"(""D'Angelo Russell"", 'Naji Marshall', 'P.J. Washington')",1.0933333333333333,3,1,1,2,3,0,0,0,0,0,1,4.44,3.44,0.0,0.0,0.0,0.0,0.0,0.0,0.0,0.0,7.879999999999999,15
22500238,DAL,POR,78.2,78.4,"('Daniel Gafford', 'Klay Thompson', 'Naji Marshall')",1.0933333333333333,3,1,1,2,3,0,0,0,0,0,1,4.44,3.44,0.0,0.0,0.0,0.0,0.0,0.0,0.0,0.0,7.879999999999999,15
22500238,DAL,POR,78.2,78.4,"('Daniel Gafford', 'Klay Thompson', 'P.J. Washington')",1.0933333333333333,3,1,1,2,3,0,0,0,0,0,1,4.44,3.44,0.0,0.0,0.0,0.0,0.0,0.0,0.0,0.0,7.879999999999999,15
22500238,DAL,POR,78.2,78.4,"('Daniel Gafford', 'Naji Marshall', 'P.J. Washington')",1.0933333333333333,3,1,1,2,3,0,0,0,0,0,1,4.44,3.44,0.0,0.0,0.0,0.0,0.0,0.0,0.0,0.0,7.879999999999999,15
22500238,DAL,POR,78.2,78.4,"('Klay Thompson', 'Naji Marshall', 'P.J. Washington')",1.0933333333333333,3,1,1,2,3,0,0,0,0,0,1,4.44,3.44,0.0,0.0,0.0,0.0,0.0,0.0,0.0,0.0,7.879999999999999,15
22500238,DAL,POR,79.4,80.2,"('Brandon Williams', 'Cooper Flagg', 'Daniel Gafford')",2.333333333333333,3,4,9,2,4,1,3,0,0,0,0,6.0,5.0,0.0,0.0,2.0,2.0,0.0,4.0,3.0,6.0,11.0,15
22500238,DAL,POR,79.4,80.2,"('Brandon Williams', 'Cooper Flagg', 'Max Christie')",2.333333333333333,3,4,9,2,4,1,3,0,0,0,0,6.0,5.0,0.0,0.0,2.0,2.0,0.0,4.0,3.0,6.0,11.0,15
22500238,DAL,POR,79.4,80.2,"('Brandon Williams', 'Cooper Flagg', 'P.J. Washington')",2.333333333333333,3,4,9,2,4,1,3,0,0,0,0,6.0,5.0,0.0,0.0,2.0,2.0,0.0,4.0,3.0,6.0,11.0,15
22500238,DAL,POR,79.4,80.2,"('Brandon Williams', 'Daniel Gafford', 'Max Christie')",2.333333333333333,3,4,9,2,4,1,3,0,0,0,0,6.0,5.0,0.0,0.0,2.0,2.0,0.0,4.0,3.0,6.0,11.0,15
22500238,DAL,POR,79.4,80.2,"('Brandon Williams', 'Daniel Gafford', 'P.J. Washington')",2.333333333333333,3,4,9,2,4,1,3,0,0,0,0,6.0,5.0,0.0,0.0,2.0,2.0,0.0,4.0,3.0,6.0,11.0,15
22500238,DAL,POR,79.4,80.2,"('Brandon Williams', 'Max Christie', 'P.J. Washington')",2.333333333333333,3,4,9,2,4,1,3,0,0,0,0,6.0,5.0,0.0,0.0,2.0,2.0,0.0,4.0,3.0,6.0,11.0,15
22500238,DAL,POR,79.4,80.2,"('Cooper Flagg', 'Daniel Gafford', 'Max Christie')",2.333333333333333,3,4,9,2,4,1,3,0,0,0,0,6.0,5.0,0.0,0.0,2.0,2.0,0.0,4.0,3.0,6.0,11.0,15
22500238,DAL,POR,79.4,80.2,"('Cooper Flagg', 'Daniel Gafford', 'P.J. Washington')",2.333333333333333,3,4,9,2,4,1,3,0,0,0,0,6.0,5.0,0.0,0.0,2.0,2.0,0.0,4.0,3.0,6.0,11.0,15
22500238,DAL,POR,79.4,80.2,"('Cooper Flagg', 'Max Christie', 'P.J. Washington')",2.333333333333333,3,4,9,2,4,1,3,0,0,0,0,6.0,5.0,0.0,0.0,2.0,2.0,0.0,4.0,3.0,6.0,11.0,15
22500238,DAL,POR,79.4,80.2,"('Daniel Gafford', 'Max Christie', 'P.J. Washington')",2.333333333333333,3,4,9,2,4,1,3,0,0,0,0,6.0,5.0,0.0,0.0,2.0,2.0,0.0,4.0,3.0,6.0,11.0,15
22500238,DAL,POR,79.6,79.2,"('Brandon Williams', 'Cooper Flagg', 'Max Christie')",1.231666666666667,2,5,5,0,1,1,1,0,0,1,2,2.88,1.88,0.0,0.0,0.0,0.0,0.0,0.0,3.0,0.0,4.76,15
22500238,DAL,POR,79.6,79.2,"('Brandon Williams', 'Cooper Flagg', 'Moussa Cisse')",1.231666666666667,2,5,5,0,1,1,1,0,0,1,2,2.88,1.88,0.0,0.0,0.0,0.0,0.0,0.0,3.0,0.0,4.76,15
22500238,DAL,POR,79.6,79.2,"('Brandon Williams', 'Cooper Flagg', 'P.J. Washington')",1.231666666666667,2,5,5,0,1,1,1,0,0,1,2,2.88,1.88,0.0,0.0,0.0,0.0,0.0,0.0,3.0,0.0,4.76,15
22500238,DAL,POR,79.6,79.2,"('Brandon Williams', 'Max Christie', 'Moussa Cisse')",1.231666666666667,2,5,5,0,1,1,1,0,0,1,2,2.88,1.88,0.0,0.0,0.0,0.0,0.0,0.0,3.0,0.0,4.76,15
22500238,DAL,POR,79.6,79.2,"('Brandon Williams', 'Max Christie', 'P.J. Washington')",1.231666666666667,2,5,5,0,1,1,1,0,0,1,2,2.88,1.88,0.0,0.0,0.0,0.0,0.0,0.0,3.0,0.0,4.76,15
22500238,DAL,POR,79.6,79.2,"('Brandon Williams', 'Moussa Cisse', 'P.J. Washington')",1.231666666666667,2,5,5,0,1,1,1,0,0,1,2,2.88,1.88,0.0,0.0,0.0,0.0,0.0,0.0,3.0,0.0,4.76,15
22500238,DAL,POR,79.6,79.2,"('Cooper Flagg', 'Max Christie', 'Moussa Cisse')",1.231666666666667,2,5,5,0,1,1,1,0,0,1,2,2.88,1.88,0.0,0.0,0.0,0.0,0.0,0.0,3.0,0.0,4.76,15
22500238,DAL,POR,79.6,79.2,"('Cooper Flagg', 'Max Christie', 'P.J. Washington')",1.231666666666667,2,5,5,0,1,1,1,0,0,1,2,2.88,1.88,0.0,0.0,0.0,0.0,0.0,0.0,3.0,0.0,4.76,15
22500238,DAL,POR,79.6,79.2,"('Cooper Flagg', 'Moussa Cisse', 'P.J. Washington')",1.231666666666667,2,5,5,0,1,1,1,0,0,1,2,2.88,1.88,0.0,0.0,0.0,0.0,0.0,0.0,3.0,0.0,4.76,15
22500238,DAL,POR,79.6,79.2,"('Max Christie', 'Moussa Cisse', 'P.J. Washington')",1.231666666666667,2,5,5,0,1,1,1,0,0,1,2,2.88,1.88,0.0,0.0,0.0,0.0,0.0,0.0,3.0,0.0,4.76,15
22500238,DAL,POR,79.0,80.6,"('Caleb Martin', 'Cooper Flagg', ""D'Angelo Russell"")",1.25,2,3,2,0,2,1,0,0,0,2,0,2.0,2.88,0.0,0.0,0.0,0.0,0.0,0.0,0.0,0.0,4.88,15
22500238,DAL,POR,79.0,80.6,"('Caleb Martin', 'Cooper Flagg', 'Dereck Lively II')",1.25,2,3,2,0,2,1,0,0,0,2,0,2.0,2.88,0.0,0.0,0.0,0.0,0.0,0.0,0.0,0.0,4.88,15
22500238,DAL,POR,79.0,80.6,"('Caleb Martin', 'Cooper Flagg', 'Klay Thompson')",1.25,2,3,2,0,2,1,0,0,0,2,0,2.0,2.88,0.0,0.0,0.0,0.0,0.0,0.0,0.0,0.0,4.88,15
22500238,DAL,POR,79.0,80.6,"('Caleb Martin', ""D'Angelo Russell"", 'Dereck Lively II')",1.25,2,3,2,0,2,1,0,0,0,2,0,2.0,2.88,0.0,0.0,0.0,0.0,0.0,0.0,0.0,0.0,4.88,15
22500238,DAL,POR,79.0,80.6,"('Caleb Martin', ""D'Angelo Russell"", 'Klay Thompson')",1.25,2,3,2,0,2,1,0,0,0,2,0,2.0,2.88,0.0,0.0,0.0,0.0,0.0,0.0,0.0,0.0,4.88,15
22500238,DAL,POR,79.0,80.6,"('Caleb Martin', 'Dereck Lively II', 'Klay Thompson')",1.25,2,3,2,0,2,1,0,0,0,2,0,2.0,2.88,0.0,0.0,0.0,0.0,0.0,0.0,0.0,0.0,4.88,15
22500238,DAL,POR,79.0,80.6,"('Cooper Flagg', ""D'Angelo Russell"", 'Dereck Lively II')",1.25,2,3,2,0,2,1,0,0,0,2,0,2.0,2.88,0.0,0.0,0.0,0.0,0.0,0.0,0.0,0.0,4.88,15
22500238,DAL,POR,79.0,80.6,"('Cooper Flagg', ""D'Angelo Russell"", 'Klay Thompson')",1.25,2,3,2,0,2,1,0,0,0,2,0,2.0,2.88,0.0,0.0,0.0,0.0,0.0,0.0,0.0,0.0,4.88,15
22500238,DAL,POR,79.0,80.6,"('Cooper Flagg', 'Dereck Lively II', 'Klay Thompson')",1.25,2,3,2,0,2,1,0,0,0,2,0,2.0,2.88,0.0,0.0,0.0,0.0,0.0,0.0,0.0,0.0,4.88,15
22500238,DAL,POR,79.0,80.6,"(""D'Angelo Russell"", 'Dereck Lively II', 'Klay Thompson')",1.25,2,3,2,0,2,1,0,0,0,2,0,2.0,2.88,0.0,0.0,0.0,0.0,0.0,0.0,0.0,0.0,4.88,15
22500238,DAL,POR,78.0,80.0,"('Caleb Martin', ""D'Angelo Russell"", 'Daniel Gafford')",3.749999999999999,2,11,7,4,3,3,0,1,1,2,2,9.44,7.88,0.0,0.0,0.0,2.0,0.0,0.0,0.0,0.0,17.32,15
22500238,DAL,POR,78.0,80.0,"('Caleb Martin', ""D'Angelo Russell"", 'Klay Thompson')",3.749999999999999,2,11,7,4,3,3,0,1,1,2,2,9.44,7.88,0.0,0.0,0.0,2.0,0.0,0.0,0.0,0.0,17.32,15
22500238,DAL,POR,78.0,80.0,"('Caleb Martin', ""D'Angelo Russell"", 'P.J. Washington')",3.749999999999999,2,11,7,4,3,3,0,1,1,2,2,9.44,7.88,0.0,0.0,0.0,2.0,0.0,0.0,0.0,0.0,17.32,15
22500238,DAL,POR,78.0,80.0,"('Caleb Martin', 'Daniel Gafford', 'Klay Thompson')",3.749999999999999,2,11,7,4,3,3,0,1,1,2,2,9.44,7.88,0.0,0.0,0.0,2.0,0.0,0.0,0.0,0.0,17.32,15
22500238,DAL,POR,78.0,80.0,"('Caleb Martin', 'Daniel Gafford', 'P.J. Washington')",3.749999999999999,2,11,7,4,3,3,0,1,1,2,2,9.44,7.88,0.0,0.0,0.0,2.0,0.0,0.0,0.0,0.0,17.32,15
22500238,DAL,POR,78.0,80.0,"('Caleb Martin', 'Klay Thompson', 'P.J. Washington')",3.749999999999999,2,11,7,4,3,3,0,1,1,2,2,9.44,7.88,0.0,0.0,0.0,2.0,0.0,0.0,0.0,0.0,17.32,15
22500238,DAL,POR,78.0,80.0,"(""D'Angelo Russell"", 'Daniel Gafford', 'Klay Thompson')",3.749999999999999,2,11,7,4,3,3,0,1,1,2,2,9.44,7.88,0.0,0.0,0.0,2.0,0.0,0.0,0.0,0.0,17.32,15
22500238,DAL,POR,78.0,80.0,"(""D'Angelo Russell"", 'Daniel Gafford', 'P.J. Washington')",3.749999999999999,2,11,7,4,3,3,0,1,1,2,2,9.44,7.88,0.0,0.0,0.0,2.0,0.0,0.0,0.0,0.0,17.32,15
22500238,DAL,POR,78.0,80.0,"(""D'Angelo Russell"", 'Klay Thompson', 'P.J. Washington')",3.749999999999999,2,11,7,4,3,3,0,1,1,2,2,9.44,7.88,0.0,0.0,0.0,2.0,0.0,0.0,0.0,0.0,17.32,15
22500238,DAL,POR,78.0,80.0,"('Daniel Gafford', 'Klay Thompson', 'P.J. Washington')",3.749999999999999,2,11,7,4,3,3,0,1,1,2,2,9.44,7.88,0.0,0.0,0.0,2.0,0.0,0.0,0.0,0.0,17.32,15
22500238,DAL,POR,79.2,79.6,"('Brandon Williams', 'Cooper Flagg', 'Daniel Gafford')",1.9166666666666663,2,4,5,2,2,2,1,1,1,0,2,5.0,4.44,2.0,0.0,0.0,4.0,0.0,0.0,0.0,4.0,9.44,15
22500238,DAL,POR,79.2,79.6,"('Brandon Williams', 'Cooper Flagg', 'Klay Thompson')",1.9166666666666663,2,4,5,2,2,2,1,1,1,0,2,5.0,4.44,2.0,0.0,0.0,4.0,0.0,0.0,0.0,4.0,9.44,15
22500238,DAL,POR,79.2,79.6,"('Brandon Williams', 'Cooper Flagg', 'Naji Marshall')",1.9166666666666663,2,4,5,2,2,2,1,1,1,0,2,5.0,4.44,2.0,0.0,0.0,4.0,0.0,0.0,0.0,4.0,9.44,15
22500238,DAL,POR,79.2,79.6,"('Brandon Williams', 'Daniel Gafford', 'Klay Thompson')",1.9166666666666663,2,4,5,2,2,2,1,1,1,0,2,5.0,4.44,2.0,0.0,0.0,4.0,0.0,0.0,0.0,4.0,9.44,15
22500238,DAL,POR,79.2,79.6,"('Brandon Williams', 'Daniel Gafford', 'Naji Marshall')",1.9166666666666663,2,4,5,2,2,2,1,1,1,0,2,5.0,4.44,2.0,0.0,0.0,4.0,0.0,0.0,0.0,4.0,9.44,15
22500238,DAL,POR,79.2,79.6,"('Brandon Williams', 'Klay Thompson', 'Naji Marshall')",1.9166666666666663,2,4,5,2,2,2,1,1,1,0,2,5.0,4.44,2.0,0.0,0.0,4.0,0.0,0.0,0.0,4.0,9.44,15
22500238,DAL,POR,79.2,79.6,"('Cooper Flagg', 'Daniel Gafford', 'Klay Thompson')",1.9166666666666663,2,4,5,2,2,2,1,1,1,0,2,5.0,4.44,2.0,0.0,0.0,4.0,0.0,0.0,0.0,4.0,9.44,15
22500238,DAL,POR,79.2,79.6,"('Cooper Flagg', 'Daniel Gafford', 'Naji Marshall')",1.9166666666666663,2,4,5,2,2,2,1,1,1,0,2,5.0,4.44,2.0,0.0,0.0,4.0,0.0,0.0,0.0,4.0,9.44,15
22500238,DAL,POR,79.2,79.6,"('Cooper Flagg', 'Klay Thompson', 'Naji Marshall')",1.9166666666666663,2,4,5,2,2,2,1,1,1,0,2,5.0,4.44,2.0,0.0,0.0,4.0,0.0,0.0,0.0,4.0,9.44,15
22500238,DAL,POR,79.2,79.6,"('Daniel Gafford', 'Klay Thompson', 'Naji Marshall')",1.9166666666666663,2,4,5,2,2,2,1,1,1,0,2,5.0,4.44,2.0,0.0,0.0,4.0,0.0,0.0,0.0,4.0,9.44,15
22500238,DAL,POR,79.2,79.6,"('Cooper Flagg', ""D'Angelo Russell"", 'Dereck Lively II')",0.4833333333333333,2,0,1,0,1,0,0,0,0,1,0,1.0,1.44,0.0,0.0,0.0,0.0,0.0,0.0,0.0,0.0,2.44,15
22500238,DAL,POR,79.2,79.6,"('Cooper Flagg', ""D'Angelo Russell"", 'Klay Thompson')",0.4833333333333333,2,0,1,0,1,0,0,0,0,1,0,1.0,1.44,0.0,0.0,0.0,0.0,0.0,0.0,0.0,0.0,2.44,15
22500238,DAL,POR,79.2,79.6,"('Cooper Flagg', ""D'Angelo Russell"", 'Naji Marshall')",0.4833333333333333,2,0,1,0,1,0,0,0,0,1,0,1.0,1.44,0.0,0.0,0.0,0.0,0.0,0.0,0.0,0.0,2.44,15
22500238,DAL,POR,79.2,79.6,"('Cooper Flagg', 'Dereck Lively II', 'Klay Thompson')",0.4833333333333333,2,0,1,0,1,0,0,0,0,1,0,1.0,1.44,0.0,0.0,0.0,0.0,0.0,0.0,0.0,0.0,2.44,15
22500238,DAL,POR,79.2,79.6,"('Cooper Flagg', 'Dereck Lively II', 'Naji Marshall')",0.4833333333333333,2,0,1,0,1,0,0,0,0,1,0,1.0,1.44,0.0,0.0,0.0,0.0,0.0,0.0,0.0,0.0,2.44,15
22500238,DAL,POR,79.2,79.6,"('Cooper Flagg', 'Klay Thompson', 'Naji Marshall')",0.4833333333333333,2,0,1,0,1,0,0,0,0,1,0,1.0,1.44,0.0,0.0,0.0,0.0,0.0,0.0,0.0,0.0,2.44,15
22500238,DAL,POR,79.2,79.6,"(""D'Angelo Russell"", 'Dereck Lively II', 'Klay Thompson')",0.4833333333333333,2,0,1,0,1,0,0,0,0,1,0,1.0,1.44,0.0,0.0,0.0,0.0,0.0,0.0,0.0,0.0,2.44,15
22500238,DAL,POR,79.2,79.6,"(""D'Angelo Russell"", 'Dereck Lively II', 'Naji Marshall')",0.4833333333333333,2,0,1,0,1,0,0,0,0,1,0,1.0,1.44,0.0,0.0,0.0,0.0,0.0,0.0,0.0,0.0,2.44,15
22500238,DAL,POR,79.2,79.6,"(""D'Angelo Russell"", 'Klay Thompson', 'Naji Marshall')",0.4833333333333333,2,0,1,0,1,0,0,0,0,1,0,1.0,1.44,0.0,0.0,0.0,0.0,0.0,0.0,0.0,0.0,2.44,15
22500238,DAL,POR,79.2,79.6,"('Dereck Lively II', 'Klay Thompson', 'Naji Marshall')",0.4833333333333333,2,0,1,0,1,0,0,0,0,1,0,1.0,1.44,0.0,0.0,0.0,0.0,0.0,0.0,0.0,0.0,2.44,15
22500238,DAL,POR,79.2,80.2,"('Brandon Williams', 'Cooper Flagg', 'Daniel Gafford')",2.8333333333333326,2,4,4,3,7,1,0,0,2,0,1,4.88,5.0,0.0,0.0,0.0,2.0,0.0,0.0,2.0,4.0,9.88,15
22500238,DAL,POR,79.2,80.2,"('Brandon Williams', 'Cooper Flagg', 'Max Christie')",2.8333333333333326,2,4,4,3,7,1,0,0,2,0,1,4.88,5.0,0.0,0.0,0.0,2.0,0.0,0.0,2.0,4.0,9.88,15
22500238,DAL,POR,79.2,80.2,"('Brandon Williams', 'Cooper Flagg', 'Naji Marshall')",2.8333333333333326,2,4,4,3,7,1,0,0,2,0,1,4.88,5.0,0.0,0.0,0.0,2.0,0.0,0.0,2.0,4.0,9.88,15
22500238,DAL,POR,79.2,80.2,"('Brandon Williams', 'Daniel Gafford', 'Max Christie')",2.8333333333333326,2,4,4,3,7,1,0,0,2,0,1,4.88,5.0,0.0,0.0,0.0,2.0,0.0,0.0,2.0,4.0,9.88,15
22500238,DAL,POR,79.2,80.2,"('Brandon Williams', 'Daniel Gafford', 'Naji Marshall')",2.8333333333333326,2,4,4,3,7,1,0,0,2,0,1,4.88,5.0,0.0,0.0,0.0,2.0,0.0,0.0,2.0,4.0,9.88,15
22500238,DAL,POR,79.2,80.2,"('Brandon Williams', 'Max Christie', 'Naji Marshall')",2.8333333333333326,2,4,4,3,7,1,0,0,2,0,1,4.88,5.0,0.0,0.0,0.0,2.0,0.0,0.0,2.0,4.0,9.88,15
22500238,DAL,POR,79.2,80.2,"('Cooper Flagg', 'Daniel Gafford', 'Max Christie')",2.8333333333333326,2,4,4,3,7,1,0,0,2,0,1,4.88,5.0,0.0,0.0,0.0,2.0,0.0,0.0,2.0,4.0,9.88,15
22500238,DAL,POR,79.2,80.2,"('Cooper Flagg', 'Daniel Gafford', 'Naji Marshall')",2.8333333333333326,2,4,4,3,7,1,0,0,2,0,1,4.88,5.0,0.0,0.0,0.0,2.0,0.0,0.0,2.0,4.0,9.88,15
22500238,DAL,POR,79.2,80.2,"('Cooper Flagg', 'Max Christie', 'Naji Marshall')",2.8333333333333326,2,4,4,3,7,1,0,0,2,0,1,4.88,5.0,0.0,0.0,0.0,2.0,0.0,0.0,2.0,4.0,9.88,15
22500238,DAL,POR,79.2,80.2,"('Daniel Gafford', 'Max Christie', 'Naji Marshall')",2.8333333333333326,2,4,4,3,7,1,0,0,2,0,1,4.88,5.0,0.0,0.0,0.0,2.0,0.0,0.0,2.0,4.0,9.88,15
22500238,DAL,POR,78.2,78.4,"(""D'Angelo Russell"", 'Daniel Gafford', 'Max Christie')",0.85,4,1,4,0,0,0,0,1,0,1,1,1.44,2.0,0.0,0.0,0.0,0.0,2.0,0.0,0.0,2.0,3.44,15
22500238,DAL,POR,78.2,78.4,"(""D'Angelo Russell"", 'Daniel Gafford', 'Naji Marshall')",0.85,4,1,4,0,0,0,0,1,0,1,1,1.44,2.0,0.0,0.0,0.0,0.0,2.0,0.0,0.0,2.0,3.44,15
22500238,DAL,POR,78.2,78.4,"(""D'Angelo Russell"", 'Daniel Gafford', 'P.J. Washington')",0.85,4,1,4,0,0,0,0,1,0,1,1,1.44,2.0,0.0,0.0,0.0,0.0,2.0,0.0,0.0,2.0,3.44,15
22500238,DAL,POR,78.2,78.4,"(""D'Angelo Russell"", 'Max Christie', 'Naji Marshall')",0.85,4,1,4,0,0,0,0,1,0,1,1,1.44,2.0,0.0,0.0,0.0,0.0,2.0,0.0,0.0,2.0,3.44,15
22500238,DAL,POR,78.2,78.4,"(""D'Angelo Russell"", 'Max Christie', 'P.J. Washington')",0.85,4,1,4,0,0,0,0,1,0,1,1,1.44,2.0,0.0,0.0,0.0,0.0,2.0,0.0,0.0,2.0,3.44,15
22500238,DAL,POR,78.2,78.4,"(""D'Angelo Russell"", 'Naji Marshall', 'P.J. Washington')",0.85,4,1,4,0,0,0,0,1,0,1,1,1.44,2.0,0.0,0.0,0.0,0.0,2.0,0.0,0.0,2.0,3.44,15
22500238,DAL,POR,78.2,78.4,"('Daniel Gafford', 'Max Christie', 'Naji Marshall')",0.85,4,1,4,0,0,0,0,1,0,1,1,1.44,2.0,0.0,0.0,0.0,0.0,2.0,0.0,0.0,2.0,3.44,15
22500238,DAL,POR,78.2,78.4,"('Daniel Gafford', 'Max Christie', 'P.J. Washington')",0.85,4,1,4,0,0,0,0,1,0,1,1,1.44,2.0,0.0,0.0,0.0,0.0,2.0,0.0,0.0,2.0,3.44,15
22500238,DAL,POR,78.2,78.4,"('Daniel Gafford', 'Naji Marshall', 'P.J. Washington')",0.85,4,1,4,0,0,0,0,1,0,1,1,1.44,2.0,0.0,0.0,0.0,0.0,2.0,0.0,0.0,2.0,3.44,15
22500238,DAL,POR,78.2,78.4,"('Max Christie', 'Naji Marshall', 'P.J. Washington')",0.85,4,1,4,0,0,0,0,1,0,1,1,1.44,2.0,0.0,0.0,0.0,0.0,2.0,0.0,0.0,2.0,3.44,15
22500238,DAL,POR,78.6,79.4,"('Cooper Flagg', ""D'Angelo Russell"", 'Daniel Gafford')",2.5333333333333337,4,11,4,3,1,3,1,0,0,2,1,7.0,5.44,4.0,0.0,0.0,8.0,0.0,0.0,0.0,0.0,12.44,15
22500238,DAL,POR,78.6,79.4,"('Cooper Flagg', ""D'Angelo Russell"", 'Max Christie')",2.5333333333333337,4,11,4,3,1,3,1,0,0,2,1,7.0,5.44,4.0,0.0,0.0,8.0,0.0,0.0,0.0,0.0,12.44,15
22500238,DAL,POR,78.6,79.4,"('Cooper Flagg', ""D'Angelo Russell"", 'Naji Marshall')",2.5333333333333337,4,11,4,3,1,3,1,0,0,2,1,7.0,5.44,4.0,0.0,0.0,8.0,0.0,0.0,0.0,0.0,12.44,15
22500238,DAL,POR,78.6,79.4,"('Cooper Flagg', 'Daniel Gafford', 'Max Christie')",2.5333333333333337,4,11,4,3,1,3,1,0,0,2,1,7.0,5.44,4.0,0.0,0.0,8.0,0.0,0.0,0.0,0.0,12.44,15
22500238,DAL,POR,78.6,79.4,"('Cooper Flagg', 'Daniel Gafford', 'Naji Marshall')",2.5333333333333337,4,11,4,3,1,3,1,0,0,2,1,7.0,5.44,4.0,0.0,0.0,8.0,0.0,0.0,0.0,0.0,12.44,15
22500238,DAL,POR,78.6,79.4,"('Cooper Flagg', 'Max Christie', 'Naji Marshall')",2.5333333333333337,4,11,4,3,1,3,1,0,0,2,1,7.0,5.44,4.0,0.0,0.0,8.0,0.0,0.0,0.0,0.0,12.44,15
22500238,DAL,POR,78.6,79.4,"(""D'Angelo Russell"", 'Daniel Gafford', 'Max Christie')",2.5333333333333337,4,11,4,3,1,3,1,0,0,2,1,7.0,5.44,4.0,0.0,0.0,8.0,0.0,0.0,0.0,0.0,12.44,15
22500238,DAL,POR,78.6,79.4,"(""D'Angelo Russell"", 'Daniel Gafford', 'Naji Marshall')",2.5333333333333337,4,11,4,3,1,3,1,0,0,2,1,7.0,5.44,4.0,0.0,0.0,8.0,0.0,0.0,0.0,0.0,12.44,15
22500238,DAL,POR,78.6,79.4,"(""D'Angelo Russell"", 'Max Christie', 'Naji Marshall')",2.5333333333333337,4,11,4,3,1,3,1,0,0,2,1,7.0,5.44,4.0,0.0,0.0,8.0,0.0,0.0,0.0,0.0,12.44,15
22500238,DAL,POR,78.6,79.4,"('Daniel Gafford', 'Max Christie', 'Naji Marshall')",2.5333333333333337,4,11,4,3,1,3,1,0,0,2,1,7.0,5.44,4.0,0.0,0.0,8.0,0.0,0.0,0.0,0.0,12.44,15
22500238,DAL,POR,80.0,79.0,"('Brandon Williams', 'Cooper Flagg', 'Dereck Lively II')",1.05,4,6,0,1,0,2,0,0,0,1,0,2.0,1.0,0.0,0.0,0.0,0.0,0.0,0.0,0.0,0.0,3.0,15
22500238,DAL,POR,80.0,79.0,"('Brandon Williams', 'Cooper Flagg', 'Max Christie')",1.05,4,6,0,1,0,2,0,0,0,1,0,2.0,1.0,0.0,0.0,0.0,0.0,0.0,0.0,0.0,0.0,3.0,15
22500238,DAL,POR,80.0,79.0,"('Brandon Williams', 'Cooper Flagg', 'P.J. Washington')",1.05,4,6,0,1,0,2,0,0,0,1,0,2.0,1.0,0.0,0.0,0.0,0.0,0.0,0.0,0.0,0.0,3.0,15
22500238,DAL,POR,80.0,79.0,"('Brandon Williams', 'Dereck Lively II', 'Max Christie')",1.05,4,6,0,1,0,2,0,0,0,1,0,2.0,1.0,0.0,0.0,0.0,0.0,0.0,0.0,0.0,0.0,3.0,15
22500238,DAL,POR,80.0,79.0,"('Brandon Williams', 'Dereck Lively II', 'P.J. Washington')",1.05,4,6,0,1,0,2,0,0,0,1,0,2.0,1.0,0.0,0.0,0.0,0.0,0.0,0.0,0.0,0.0,3.0,15
22500238,DAL,POR,80.0,79.0,"('Brandon Williams', 'Max Christie', 'P.J. Washington')",1.05,4,6,0,1,0,2,0,0,0,1,0,2.0,1.0,0.0,0.0,0.0,0.0,0.0,0.0,0.0,0.0,3.0,15
22500238,DAL,POR,80.0,79.0,"('Cooper Flagg', 'Dereck Lively II', 'Max Christie')",1.05,4,6,0,1,0,2,0,0,0,1,0,2.0,1.0,0.0,0.0,0.0,0.0,0.0,0.0,0.0,0.0,3.0,15
22500238,DAL,POR,80.0,79.0,"('Cooper Flagg', 'Dereck Lively II', 'P.J. Washington')",1.05,4,6,0,1,0,2,0,0,0,1,0,2.0,1.0,0.0,0.0,0.0,0.0,0.0,0.0,0.0,0.0,3.0,15
22500238,DAL,POR,80.0,79.0,"('Cooper Flagg', 'Max Christie', 'P.J. Washington')",1.05,4,6,0,1,0,2,0,0,0,1,0,2.0,1.0,0.0,0.0,0.0,0.0,0.0,0.0,0.0,0.0,3.0,15
22500238,DAL,POR,80.0,79.0,"('Dereck Lively II', 'Max Christie', 'P.J. Washington')",1.05,4,6,0,1,0,2,0,0,0,1,0,2.0,1.0,0.0,0.0,0.0,0.0,0.0,0.0,0.0,0.0,3.0,15
22500238,DAL,POR,78.2,79.4,"(""D'Angelo Russell"", 'Daniel Gafford', 'Klay Thompson')",2.4166666666666665,4,7,5,4,1,2,2,0,0,0,1,4.44,4.0,0.0,0.0,3.0,0.0,0.0,0.0,0.0,2.0,8.440000000000001,15
22500238,DAL,POR,78.2,79.4,"(""D'Angelo Russell"", 'Daniel Gafford', 'Naji Marshall')",2.4166666666666665,4,7,5,4,1,2,2,0,0,0,1,4.44,4.0,0.0,0.0,3.0,0.0,0.0,0.0,0.0,2.0,8.440000000000001,15
22500238,DAL,POR,78.2,79.4,"(""D'Angelo Russell"", 'Daniel Gafford', 'P.J. Washington')",2.4166666666666665,4,7,5,4,1,2,2,0,0,0,1,4.44,4.0,0.0,0.0,3.0,0.0,0.0,0.0,0.0,2.0,8.440000000000001,15
22500238,DAL,POR,78.2,79.4,"(""D'Angelo Russell"", 'Klay Thompson', 'Naji Marshall')",2.4166666666666665,4,7,5,4,1,2,2,0,0,0,1,4.44,4.0,0.0,0.0,3.0,0.0,0.0,0.0,0.0,2.0,8.440000000000001,15
22500238,DAL,POR,78.2,79.4,"(""D'Angelo Russell"", 'Klay Thompson', 'P.J. Washington')",2.4166666666666665,4,7,5,4,1,2,2,0,0,0,1,4.44,4.0,0.0,0.0,3.0,0.0,0.0,0.0,0.0,2.0,8.440000000000001,15
22500238,DAL,POR,78.2,79.4,"(""D'Angelo Russell"", 'Naji Marshall', 'P.J. Washington')",2.4166666666666665,4,7,5,4,1,2,2,0,0,0,1,4.44,4.0,0.0,0.0,3.0,0.0,0.0,0.0,0.0,2.0,8.440000000000001,15
22500238,DAL,POR,78.2,79.4,"('Daniel Gafford', 'Klay Thompson', 'Naji Marshall')",2.4166666666666665,4,7,5,4,1,2,2,0,0,0,1,4.44,4.0,0.0,0.0,3.0,0.0,0.0,0.0,0.0,2.0,8.440000000000001,15
22500238,DAL,POR,78.2,79.4,"('Daniel Gafford', 'Klay Thompson', 'P.J. Washington')",2.4166666666666665,4,7,5,4,1,2,2,0,0,0,1,4.44,4.0,0.0,0.0,3.0,0.0,0.0,0.0,0.0,2.0,8.440000000000001,15
22500238,DAL,POR,78.2,79.4,"('Daniel Gafford', 'Naji Marshall', 'P.J. Washington')",2.4166666666666665,4,7,5,4,1,2,2,0,0,0,1,4.44,4.0,0.0,0.0,3.0,0.0,0.0,0.0,0.0,2.0,8.440000000000001,15
22500238,DAL,POR,78.2,79.4,"('Klay Thompson', 'Naji Marshall', 'P.J. Washington')",2.4166666666666665,4,7,5,4,1,2,2,0,0,0,1,4.44,4.0,0.0,0.0,3.0,0.0,0.0,0.0,0.0,2.0,8.440000000000001,15
22500238,DAL,POR,78.6,79.0,"('Brandon Williams', 'Cooper Flagg', 'Max Christie')",0.8566666666666667,4,1,0,1,1,0,0,0,0,0,0,1.44,2.0,0.0,0.0,0.0,0.0,0.0,0.0,0.0,0.0,3.44,15
22500238,DAL,POR,78.6,79.0,"('Brandon Williams', 'Cooper Flagg', 'Naji Marshall')",0.8566666666666667,4,1,0,1,1,0,0,0,0,0,0,1.44,2.0,0.0,0.0,0.0,0.0,0.0,0.0,0.0,0.0,3.44,15
22500238,DAL,POR,78.6,79.0,"('Brandon Williams', 'Cooper Flagg', 'P.J. Washington')",0.8566666666666667,4,1,0,1,1,0,0,0,0,0,0,1.44,2.0,0.0,0.0,0.0,0.0,0.0,0.0,0.0,0.0,3.44,15
22500238,DAL,POR,78.6,79.0,"('Brandon Williams', 'Max Christie', 'Naji Marshall')",0.8566666666666667,4,1,0,1,1,0,0,0,0,0,0,1.44,2.0,0.0,0.0,0.0,0.0,0.0,0.0,0.0,0.0,3.44,15
22500238,DAL,POR,78.6,79.0,"('Brandon Williams', 'Max Christie', 'P.J. Washington')",0.8566666666666667,4,1,0,1,1,0,0,0,0,0,0,1.44,2.0,0.0,0.0,0.0,0.0,0.0,0.0,0.0,0.0,3.44,15
22500238,DAL,POR,78.6,79.0,"('Brandon Williams', 'Naji Marshall', 'P.J. Washington')",0.8566666666666667,4,1,0,1,1,0,0,0,0,0,0,1.44,2.0,0.0,0.0,0.0,0.0,0.0,0.0,0.0,0.0,3.44,15
22500238,DAL,POR,78.6,79.0,"('Cooper Flagg', 'Max Christie', 'Naji Marshall')",0.8566666666666667,4,1,0,1,1,0,0,0,0,0,0,1.44,2.0,0.0,0.0,0.0,0.0,0.0,0.0,0.0,0.0,3.44,15
22500238,DAL,POR,78.6,79.0,"('Cooper Flagg', 'Max Christie', 'P.J. Washington')",0.8566666666666667,4,1,0,1,1,0,0,0,0,0,0,1.44,2.0,0.0,0.0,0.0,0.0,0.0,0.0,0.0,0.0,3.44,15
22500238,DAL,POR,78.6,79.0,"('Cooper Flagg', 'Naji Marshall', 'P.J. Washington')",0.8566666666666667,4,1,0,1,1,0,0,0,0,0,0,1.44,2.0,0.0,0.0,0.0,0.0,0.0,0.0,0.0,0.0,3.44,15
22500238,DAL,POR,78.6,79.0,"('Max Christie', 'Naji Marshall', 'P.J. Washington')",0.8566666666666667,4,1,0,1,1,0,0,0,0,0,0,1.44,2.0,0.0,0.0,0.0,0.0,0.0,0.0,0.0,0.0,3.44,15
22500238,DAL,POR,79.2,79.2,"('Cooper Flagg', ""D'Angelo Russell"", 'Dereck Lively II')",1.3666666666666667,4,1,2,3,2,0,1,0,0,0,1,2.44,3.0,0.0,0.0,0.0,0.0,0.0,0.0,0.0,2.0,5.44,15
22500238,DAL,POR,79.2,79.2,"('Cooper Flagg', ""D'Angelo Russell"", 'Max Christie')",1.3666666666666667,4,1,2,3,2,0,1,0,0,0,1,2.44,3.0,0.0,0.0,0.0,0.0,0.0,0.0,0.0,2.0,5.44,15
22500238,DAL,POR,79.2,79.2,"('Cooper Flagg', ""D'Angelo Russell"", 'Naji Marshall')",1.3666666666666667,4,1,2,3,2,0,1,0,0,0,1,2.44,3.0,0.0,0.0,0.0,0.0,0.0,0.0,0.0,2.0,5.44,15
22500238,DAL,POR,79.2,79.2,"('Cooper Flagg', 'Dereck Lively II', 'Max Christie')",1.3666666666666667,4,1,2,3,2,0,1,0,0,0,1,2.44,3.0,0.0,0.0,0.0,0.0,0.0,0.0,0.0,2.0,5.44,15
22500238,DAL,POR,79.2,79.2,"('Cooper Flagg', 'Dereck Lively II', 'Naji Marshall')",1.3666666666666667,4,1,2,3,2,0,1,0,0,0,1,2.44,3.0,0.0,0.0,0.0,0.0,0.0,0.0,0.0,2.0,5.44,15
22500238,DAL,POR,79.2,79.2,"('Cooper Flagg', 'Max Christie', 'Naji Marshall')",1.3666666666666667,4,1,2,3,2,0,1,0,0,0,1,2.44,3.0,0.0,0.0,0.0,0.0,0.0,0.0,0.0,2.0,5.44,15
22500238,DAL,POR,79.2,79.2,"(""D'Angelo Russell"", 'Dereck Lively II', 'Max Christie')",1.3666666666666667,4,1,2,3,2,0,1,0,0,0,1,2.44,3.0,0.0,0.0,0.0,0.0,0.0,0.0,0.0,2.0,5.44,15
22500238,DAL,POR,79.2,79.2,"(""D'Angelo Russell"", 'Dereck Lively II', 'Naji Marshall')",1.3666666666666667,4,1,2,3,2,0,1,0,0,0,1,2.44,3.0,0.0,0.0,0.0,0.0,0.0,0.0,0.0,2.0,5.44,15
22500238,DAL,POR,79.2,79.2,"(""D'Angelo Russell"", 'Max Christie', 'Naji Marshall')",1.3666666666666667,4,1,2,3,2,0,1,0,0,0,1,2.44,3.0,0.0,0.0,0.0,0.0,0.0,0.0,0.0,2.0,5.44,15
22500238,DAL,POR,79.2,79.2,"('Dereck Lively II', 'Max Christie', 'Naji Marshall')",1.3666666666666667,4,1,2,3,2,0,1,0,0,0,1,2.44,3.0,0.0,0.0,0.0,0.0,0.0,0.0,0.0,2.0,5.44,15
22500238,DAL,POR,79.4,79.0,"('Brandon Williams', 'Cooper Flagg', 'Daniel Gafford')",2.35,4,4,11,2,2,0,0,0,0,2,2,5.88,6.08,0.0,0.0,0.0,2.0,0.0,0.0,0.0,4.0,11.96,15
22500238,DAL,POR,79.4,79.0,"('Brandon Williams', 'Cooper Flagg', 'Max Christie')",2.35,4,4,11,2,2,0,0,0,0,2,2,5.88,6.08,0.0,0.0,0.0,2.0,0.0,0.0,0.0,4.0,11.96,15
22500238,DAL,POR,79.4,79.0,"('Brandon Williams', 'Cooper Flagg', 'P.J. Washington')",2.35,4,4,11,2,2,0,0,0,0,2,2,5.88,6.08,0.0,0.0,0.0,2.0,0.0,0.0,0.0,4.0,11.96,15
22500238,DAL,POR,79.4,79.0,"('Brandon Williams', 'Daniel Gafford', 'Max Christie')",2.35,4,4,11,2,2,0,0,0,0,2,2,5.88,6.08,0.0,0.0,0.0,2.0,0.0,0.0,0.0,4.0,11.96,15
22500238,DAL,POR,79.4,79.0,"('Brandon Williams', 'Daniel Gafford', 'P.J. Washington')",2.35,4,4,11,2,2,0,0,0,0,2,2,5.88,6.08,0.0,0.0,0.0,2.0,0.0,0.0,0.0,4.0,11.96,15
22500238,DAL,POR,79.4,79.0,"('Brandon Williams', 'Max Christie', 'P.J. Washington')",2.35,4,4,11,2,2,0,0,0,0,2,2,5.88,6.08,0.0,0.0,0.0,2.0,0.0,0.0,0.0,4.0,11.96,15
22500238,DAL,POR,79.4,79.0,"('Cooper Flagg', 'Daniel Gafford', 'Max Christie')",2.35,4,4,11,2,2,0,0,0,0,2,2,5.88,6.08,0.0,0.0,0.0,2.0,0.0,0.0,0.0,4.0,11.96,15
22500238,DAL,POR,79.4,79.0,"('Cooper Flagg', 'Daniel Gafford', 'P.J. Washington')",2.35,4,4,11,2,2,0,0,0,0,2,2,5.88,6.08,0.0,0.0,0.0,2.0,0.0,0.0,0.0,4.0,11.96,15
22500238,DAL,POR,79.4,79.0,"('Cooper Flagg', 'Max Christie', 'P.J. Washington')",2.35,4,4,11,2,2,0,0,0,0,2,2,5.88,6.08,0.0,0.0,0.0,2.0,0.0,0.0,0.0,4.0,11.96,15
22500238,DAL,POR,79.4,79.0,"('Daniel Gafford', 'Max Christie', 'P.J. Washington')",2.35,4,4,11,2,2,0,0,0,0,2,2,5.88,6.08,0.0,0.0,0.0,2.0,0.0,0.0,0.0,4.0,11.96,15
22500238,DAL,POR,78.4,79.0,"('Brandon Williams', 'Cooper Flagg', 'Klay Thompson')",0.4216666666666666,4,2,1,1,0,0,0,0,0,1,1,2.0,1.44,0.0,0.0,0.0,2.0,0.0,0.0,0.0,0.0,3.44,15
22500238,DAL,POR,78.4,79.0,"('Brandon Williams', 'Cooper Flagg', 'Max Christie')",0.4216666666666666,4,2,1,1,0,0,0,0,0,1,1,2.0,1.44,0.0,0.0,0.0,2.0,0.0,0.0,0.0,0.0,3.44,15
22500238,DAL,POR,78.4,79.0,"('Brandon Williams', 'Cooper Flagg', 'P.J. Washington')",0.4216666666666666,4,2,1,1,0,0,0,0,0,1,1,2.0,1.44,0.0,0.0,0.0,2.0,0.0,0.0,0.0,0.0,3.44,15
22500238,DAL,POR,78.4,79.0,"('Brandon Williams', 'Klay Thompson', 'Max Christie')",0.4216666666666666,4,2,1,1,0,0,0,0,0,1,1,2.0,1.44,0.0,0.0,0.0,2.0,0.0,0.0,0.0,0.0,3.44,15
22500238,DAL,POR,78.4,79.0,"('Brandon Williams', 'Klay Thompson', 'P.J. Washington')",0.4216666666666666,4,2,1,1,0,0,0,0,0,1,1,2.0,1.44,0.0,0.0,0.0,2.0,0.0,0.0,0.0,0.0,3.44,15
22500238,DAL,POR,78.4,79.0,"('Brandon Williams', 'Max Christie', 'P.J. Washington')",0.4216666666666666,4,2,1,1,0,0,0,0,0,1,1,2.0,1.44,0.0,0.0,0.0,2.0,0.0,0.0,0.0,0.0,3.44,15
22500238,DAL,POR,78.4,79.0,"('Cooper Flagg', 'Klay Thompson', 'Max Christie')",0.4216666666666666,4,2,1,1,0,0,0,0,0,1,1,2.0,1.44,0.0,0.0,0.0,2.0,0.0,0.0,0.0,0.0,3.44,15
22500238,DAL,POR,78.4,79.0,"('Cooper Flagg', 'Klay Thompson', 'P.J. Washington')",0.4216666666666666,4,2,1,1,0,0,0,0,0,1,1,2.0,1.44,0.0,0.0,0.0,2.0,0.0,0.0,0.0,0.0,3.44,15
22500238,DAL,POR,78.4,79.0,"('Cooper Flagg', 'Max Christie', 'P.J. Washington')",0.4216666666666666,4,2,1,1,0,0,0,0,0,1,1,2.0,1.44,0.0,0.0,0.0,2.0,0.0,0.0,0.0,0.0,3.44,15
22500238,DAL,POR,78.4,79.0,"('Klay Thompson', 'Max Christie', 'P.J. Washington')",0.4216666666666666,4,2,1,1,0,0,0,0,0,1,1,2.0,1.44,0.0,0.0,0.0,2.0,0.0,0.0,0.0,0.0,3.44,15
22500238,DAL,POR,79.6,80.2,"('Brandon Williams', 'Cooper Flagg', 'Max Christie')",0.0,5,0,0,0,0,0,0,0,0,0,0,0.0,1.0,0.0,0.0,0.0,0.0,0.0,0.0,0.0,0.0,1.0,15
22500238,DAL,POR,79.6,80.2,"('Brandon Williams', 'Cooper Flagg', 'Moussa Cisse')",0.0,5,0,0,0,0,0,0,0,0,0,0,0.0,1.0,0.0,0.0,0.0,0.0,0.0,0.0,0.0,0.0,1.0,15
22500238,DAL,POR,79.6,80.2,"('Brandon Williams', 'Cooper Flagg', 'P.J. Washington')",0.0,5,0,0,0,0,0,0,0,0,0,0,0.0,1.0,0.0,0.0,0.0,0.0,0.0,0.0,0.0,0.0,1.0,15
22500238,DAL,POR,79.6,80.2,"('Brandon Williams', 'Max Christie', 'Moussa Cisse')",0.0,5,0,0,0,0,0,0,0,0,0,0,0.0,1.0,0.0,0.0,0.0,0.0,0.0,0.0,0.0,0.0,1.0,15
22500238,DAL,POR,79.6,80.2,"('Brandon Williams', 'Max Christie', 'P.J. Washington')",0.0,5,0,0,0,0,0,0,0,0,0,0,0.0,1.0,0.0,0.0,0.0,0.0,0.0,0.0,0.0,0.0,1.0,15
22500238,DAL,POR,79.6,80.2,"('Brandon Williams', 'Moussa Cisse', 'P.J. Washington')",0.0,5,0,0,0,0,0,0,0,0,0,0,0.0,1.0,0.0,0.0,0.0,0.0,0.0,0.0,0.0,0.0,1.0,15
22500238,DAL,POR,79.6,80.2,"('Cooper Flagg', 'Max Christie', 'Moussa Cisse')",0.0,5,0,0,0,0,0,0,0,0,0,0,0.0,1.0,0.0,0.0,0.0,0.0,0.0,0.0,0.0,0.0,1.0,15
22500238,DAL,POR,79.6,80.2,"('Cooper Flagg', 'Max Christie', 'P.J. Washington')",0.0,5,0,0,0,0,0,0,0,0,0,0,0.0,1.0,0.0,0.0,0.0,0.0,0.0,0.0,0.0,0.0,1.0,15
22500238,DAL,POR,79.6,80.2,"('Cooper Flagg', 'Moussa Cisse', 'P.J. Washington')",0.0,5,0,0,0,0,0,0,0,0,0,0,0.0,1.0,0.0,0.0,0.0,0.0,0.0,0.0,0.0,0.0,1.0,15
22500238,DAL,POR,79.6,80.2,"('Max Christie', 'Moussa Cisse', 'P.J. Washington')",0.0,5,0,0,0,0,0,0,0,0,0,0,0.0,1.0,0.0,0.0,0.0,0.0,0.0,0.0,0.0,0.0,1.0,15
22500238,DAL,POR,78.4,78.0,"('Brandon Williams', 'Cooper Flagg', 'Klay Thompson')",0.415,5,2,0,1,0,0,0,0,0,0,0,1.0,1.0,0.0,0.0,0.0,2.0,0.0,0.0,0.0,0.0,2.0,15
22500238,DAL,POR,78.4,78.0,"('Brandon Williams', 'Cooper Flagg', 'Max Christie')",0.415,5,2,0,1,0,0,0,0,0,0,0,1.0,1.0,0.0,0.0,0.0,2.0,0.0,0.0,0.0,0.0,2.0,15
22500238,DAL,POR,78.4,78.0,"('Brandon Williams', 'Cooper Flagg', 'P.J. Washington')",0.415,5,2,0,1,0,0,0,0,0,0,0,1.0,1.0,0.0,0.0,0.0,2.0,0.0,0.0,0.0,0.0,2.0,15
22500238,DAL,POR,78.4,78.0,"('Brandon Williams', 'Klay Thompson', 'Max Christie')",0.415,5,2,0,1,0,0,0,0,0,0,0,1.0,1.0,0.0,0.0,0.0,2.0,0.0,0.0,0.0,0.0,2.0,15
22500238,DAL,POR,78.4,78.0,"('Brandon Williams', 'Klay Thompson', 'P.J. Washington')",0.415,5,2,0,1,0,0,0,0,0,0,0,1.0,1.0,0.0,0.0,0.0,2.0,0.0,0.0,0.0,0.0,2.0,15
22500238,DAL,POR,78.4,78.0,"('Brandon Williams', 'Max Christie', 'P.J. Washington')",0.415,5,2,0,1,0,0,0,0,0,0,0,1.0,1.0,0.0,0.0,0.0,2.0,0.0,0.0,0.0,0.0,2.0,15
22500238,DAL,POR,78.4,78.0,"('Cooper Flagg', 'Klay Thompson', 'Max Christie')",0.415,5,2,0,1,0,0,0,0,0,0,0,1.0,1.0,0.0,0.0,0.0,2.0,0.0,0.0,0.0,0.0,2.0,15
22500238,DAL,POR,78.4,78.0,"('Cooper Flagg', 'Klay Thompson', 'P.J. Washington')",0.415,5,2,0,1,0,0,0,0,0,0,0,1.0,1.0,0.0,0.0,0.0,2.0,0.0,0.0,0.0,0.0,2.0,15
22500238,DAL,POR,78.4,78.0,"('Cooper Flagg', 'Max Christie', 'P.J. Washington')",0.415,5,2,0,1,0,0,0,0,0,0,0,1.0,1.0,0.0,0.0,0.0,2.0,0.0,0.0,0.0,0.0,2.0,15
22500238,DAL,POR,78.4,78.0,"('Klay Thompson', 'Max Christie', 'P.J. Washington')",0.415,5,2,0,1,0,0,0,0,0,0,0,1.0,1.0,0.0,0.0,0.0,2.0,0.0,0.0,0.0,0.0,2.0,15
22500238,DAL,POR,79.4,80.2,"('Brandon Williams', 'Cooper Flagg', 'Daniel Gafford')",4.185,5,16,13,3,1,3,2,0,0,2,5,8.76,8.44,2.0,0.0,0.0,12.0,0.0,0.0,3.0,4.0,17.2,15
22500238,DAL,POR,79.4,80.2,"('Brandon Williams', 'Cooper Flagg', 'Max Christie')",4.185,5,16,13,3,1,3,2,0,0,2,5,8.76,8.44,2.0,0.0,0.0,12.0,0.0,0.0,3.0,4.0,17.2,15
22500238,DAL,POR,79.4,80.2,"('Brandon Williams', 'Cooper Flagg', 'P.J. Washington')",4.185,5,16,13,3,1,3,2,0,0,2,5,8.76,8.44,2.0,0.0,0.0,12.0,0.0,0.0,3.0,4.0,17.2,15
22500238,DAL,POR,79.4,80.2,"('Brandon Williams', 'Daniel Gafford', 'Max Christie')",4.185,5,16,13,3,1,3,2,0,0,2,5,8.76,8.44,2.0,0.0,0.0,12.0,0.0,0.0,3.0,4.0,17.2,15
22500238,DAL,POR,79.4,80.2,"('Brandon Williams', 'Daniel Gafford', 'P.J. Washington')",4.185,5,16,13,3,1,3,2,0,0,2,5,8.76,8.44,2.0,0.0,0.0,12.0,0.0,0.0,3.0,4.0,17.2,15
22500238,DAL,POR,79.4,80.2,"('Brandon Williams', 'Max Christie', 'P.J. Washington')",4.185,5,16,13,3,1,3,2,0,0,2,5,8.76,8.44,2.0,0.0,0.0,12.0,0.0,0.0,3.0,4.0,17.2,15
22500238,DAL,POR,79.4,80.2,"('Cooper Flagg', 'Daniel Gafford', 'Max Christie')",4.185,5,16,13,3,1,3,2,0,0,2,5,8.76,8.44,2.0,0.0,0.0,12.0,0.0,0.0,3.0,4.0,17.2,15
22500238,DAL,POR,79.4,80.2,"('Cooper Flagg', 'Daniel Gafford', 'P.J. Washington')",4.185,5,16,13,3,1,3,2,0,0,2,5,8.76,8.44,2.0,0.0,0.0,12.0,0.0,0.0,3.0,4.0,17.2,15
22500238,DAL,POR,79.4,80.2,"('Cooper Flagg', 'Max Christie', 'P.J. Washington')",4.185,5,16,13,3,1,3,2,0,0,2,5,8.76,8.44,2.0,0.0,0.0,12.0,0.0,0.0,3.0,4.0,17.2,15
22500238,DAL,POR,79.4,80.2,"('Daniel Gafford', 'Max Christie', 'P.J. Washington')",4.185,5,16,13,3,1,3,2,0,0,2,5,8.76,8.44,2.0,0.0,0.0,12.0,0.0,0.0,3.0,4.0,17.2,15
22500238,DAL,POR,78.6,80.2,"('Brandon Williams', 'Cooper Flagg', 'Max Christie')",0.1616666666666666,5,2,2,1,1,0,0,0,0,0,2,2.88,2.0,0.0,0.0,0.0,0.0,0.0,0.0,2.0,2.0,4.88,15
22500238,DAL,POR,78.6,80.2,"('Brandon Williams', 'Cooper Flagg', 'Naji Marshall')",0.1616666666666666,5,2,2,1,1,0,0,0,0,0,2,2.88,2.0,0.0,0.0,0.0,0.0,0.0,0.0,2.0,2.0,4.88,15
22500238,DAL,POR,78.6,80.2,"('Brandon Williams', 'Cooper Flagg', 'P.J. Washington')",0.1616666666666666,5,2,2,1,1,0,0,0,0,0,2,2.88,2.0,0.0,0.0,0.0,0.0,0.0,0.0,2.0,2.0,4.88,15
22500238,DAL,POR,78.6,80.2,"('Brandon Williams', 'Max Christie', 'Naji Marshall')",0.1616666666666666,5,2,2,1,1,0,0,0,0,0,2,2.88,2.0,0.0,0.0,0.0,0.0,0.0,0.0,2.0,2.0,4.88,15
22500238,DAL,POR,78.6,80.2,"('Brandon Williams', 'Max Christie', 'P.J. Washington')",0.1616666666666666,5,2,2,1,1,0,0,0,0,0,2,2.88,2.0,0.0,0.0,0.0,0.0,0.0,0.0,2.0,2.0,4.88,15
22500238,DAL,POR,78.6,80.2,"('Brandon Williams', 'Naji Marshall', 'P.J. Washington')",0.1616666666666666,5,2,2,1,1,0,0,0,0,0,2,2.88,2.0,0.0,0.0,0.0,0.0,0.0,0.0,2.0,2.0,4.88,15
22500238,DAL,POR,78.6,80.2,"('Cooper Flagg', 'Max Christie', 'Naji Marshall')",0.1616666666666666,5,2,2,1,1,0,0,0,0,0,2,2.88,2.0,0.0,0.0,0.0,0.0,0.0,0.0,2.0,2.0,4.88,15
22500238,DAL,POR,78.6,80.2,"('Cooper Flagg', 'Max Christie', 'P.J. Washington')",0.1616666666666666,5,2,2,1,1,0,0,0,0,0,2,2.88,2.0,0.0,0.0,0.0,0.0,0.0,0.0,2.0,2.0,4.88,15
22500238,DAL,POR,78.6,80.2,"('Cooper Flagg', 'Naji Marshall', 'P.J. Washington')",0.1616666666666666,5,2,2,1,1,0,0,0,0,0,2,2.88,2.0,0.0,0.0,0.0,0.0,0.0,0.0,2.0,2.0,4.88,15
22500238,DAL,POR,78.6,80.2,"('Max Christie', 'Naji Marshall', 'P.J. Washington')",0.1616666666666666,5,2,2,1,1,0,0,0,0,0,2,2.88,2.0,0.0,0.0,0.0,0.0,0.0,0.0,2.0,2.0,4.88,15
22500238,DAL,POR,79.8,80.6,"('Brandon Williams', 'Cooper Flagg', 'Dereck Lively II')",1.8000000000000005,1,2,9,0,3,0,2,2,1,0,1,3.88,4.88,0.0,0.0,0.0,0.0,2.0,0.0,4.0,2.0,8.76,15
22500238,DAL,POR,79.8,80.6,"('Brandon Williams', 'Cooper Flagg', 'Max Christie')",1.8000000000000005,1,2,9,0,3,0,2,2,1,0,1,3.88,4.88,0.0,0.0,0.0,0.0,2.0,0.0,4.0,2.0,8.76,15
22500238,DAL,POR,79.8,80.6,"('Brandon Williams', 'Cooper Flagg', 'Naji Marshall')",1.8000000000000005,1,2,9,0,3,0,2,2,1,0,1,3.88,4.88,0.0,0.0,0.0,0.0,2.0,0.0,4.0,2.0,8.76,15
22500238,DAL,POR,79.8,80.6,"('Brandon Williams', 'Dereck Lively II', 'Max Christie')",1.8000000000000005,1,2,9,0,3,0,2,2,1,0,1,3.88,4.88,0.0,0.0,0.0,0.0,2.0,0.0,4.0,2.0,8.76,15
22500238,DAL,POR,79.8,80.6,"('Brandon Williams', 'Dereck Lively II', 'Naji Marshall')",1.8000000000000005,1,2,9,0,3,0,2,2,1,0,1,3.88,4.88,0.0,0.0,0.0,0.0,2.0,0.0,4.0,2.0,8.76,15
22500238,DAL,POR,79.8,80.6,"('Brandon Williams', 'Max Christie', 'Naji Marshall')",1.8000000000000005,1,2,9,0,3,0,2,2,1,0,1,3.88,4.88,0.0,0.0,0.0,0.0,2.0,0.0,4.0,2.0,8.76,15
22500238,DAL,POR,79.8,80.6,"('Cooper Flagg', 'Dereck Lively II', 'Max Christie')",1.8000000000000005,1,2,9,0,3,0,2,2,1,0,1,3.88,4.88,0.0,0.0,0.0,0.0,2.0,0.0,4.0,2.0,8.76,15
22500238,DAL,POR,79.8,80.6,"('Cooper Flagg', 'Dereck Lively II', 'Naji Marshall')",1.8000000000000005,1,2,9,0,3,0,2,2,1,0,1,3.88,4.88,0.0,0.0,0.0,0.0,2.0,0.0,4.0,2.0,8.76,15
22500238,DAL,POR,79.8,80.6,"('Cooper Flagg', 'Max Christie', 'Naji Marshall')",1.8000000000000005,1,2,9,0,3,0,2,2,1,0,1,3.88,4.88,0.0,0.0,0.0,0.0,2.0,0.0,4.0,2.0,8.76,15
22500238,DAL,POR,79.8,80.6,"('Dereck Lively II', 'Max Christie', 'Naji Marshall')",1.8000000000000005,1,2,9,0,3,0,2,2,1,0,1,3.88,4.88,0.0,0.0,0.0,0.0,2.0,0.0,4.0,2.0,8.76,15
22500238,DAL,POR,79.4,80.8,"('Brandon Williams', 'Cooper Flagg', 'Daniel Gafford')",4.9833333333333325,1,15,13,3,4,4,4,1,1,0,4,9.88,10.0,2.0,0.0,2.0,10.0,0.0,0.0,4.0,10.0,19.880000000000003,15
22500238,DAL,POR,79.4,80.8,"('Brandon Williams', 'Cooper Flagg', 'Max Christie')",4.9833333333333325,1,15,13,3,4,4,4,1,1,0,4,9.88,10.0,2.0,0.0,2.0,10.0,0.0,0.0,4.0,10.0,19.880000000000003,15
22500238,DAL,POR,79.4,80.8,"('Brandon Williams', 'Cooper Flagg', 'P.J. Washington')",4.9833333333333325,1,15,13,3,4,4,4,1,1,0,4,9.88,10.0,2.0,0.0,2.0,10.0,0.0,0.0,4.0,10.0,19.880000000000003,15
22500238,DAL,POR,79.4,80.8,"('Brandon Williams', 'Daniel Gafford', 'Max Christie')",4.9833333333333325,1,15,13,3,4,4,4,1,1,0,4,9.88,10.0,2.0,0.0,2.0,10.0,0.0,0.0,4.0,10.0,19.880000000000003,15
22500238,DAL,POR,79.4,80.8,"('Brandon Williams', 'Daniel Gafford', 'P.J. Washington')",4.9833333333333325,1,15,13,3,4,4,4,1,1,0,4,9.88,10.0,2.0,0.0,2.0,10.0,0.0,0.0,4.0,10.0,19.880000000000003,15
22500238,DAL,POR,79.4,80.8,"('Brandon Williams', 'Max Christie', 'P.J. Washington')",4.9833333333333325,1,15,13,3,4,4,4,1,1,0,4,9.88,10.0,2.0,0.0,2.0,10.0,0.0,0.0,4.0,10.0,19.880000000000003,15
22500238,DAL,POR,79.4,80.8,"('Cooper Flagg', 'Daniel Gafford', 'Max Christie')",4.9833333333333325,1,15,13,3,4,4,4,1,1,0,4,9.88,10.0,2.0,0.0,2.0,10.0,0.0,0.0,4.0,10.0,19.880000000000003,15
22500238,DAL,POR,79.4,80.8,"('Cooper Flagg', 'Daniel Gafford', 'P.J. Washington')",4.9833333333333325,1,15,13,3,4,4,4,1,1,0,4,9.88,10.0,2.0,0.0,2.0,10.0,0.0,0.0,4.0,10.0,19.880000000000003,15
22500238,DAL,POR,79.4,80.8,"('Cooper Flagg', 'Max Christie', 'P.J. Washington')",4.9833333333333325,1,15,13,3,4,4,4,1,1,0,4,9.88,10.0,2.0,0.0,2.0,10.0,0.0,0.0,4.0,10.0,19.880000000000003,15
22500238,DAL,POR,79.4,80.8,"('Daniel Gafford', 'Max Christie', 'P.J. Washington')",4.9833333333333325,1,15,13,3,4,4,4,1,1,0,4,9.88,10.0,2.0,0.0,2.0,10.0,0.0,0.0,4.0,10.0,19.880000000000003,15
22500246,DAL,MIN,78.2,78.6,"('Brandon Williams', 'Caleb Martin', 'Cooper Flagg')",0.48,1,0,0,0,0,0,0,1,0,1,0,1.0,1.0,0.0,0.0,0.0,0.0,0.0,0.0,0.0,0.0,2.0,16
22500246,DAL,MIN,78.2,78.6,"('Brandon Williams', 'Caleb Martin', 'Klay Thompson')",0.48,1,0,0,0,0,0,0,1,0,1,0,1.0,1.0,0.0,0.0,0.0,0.0,0.0,0.0,0.0,0.0,2.0,16
22500246,DAL,MIN,78.2,78.6,"('Brandon Williams', 'Caleb Martin', 'Naji Marshall')",0.48,1,0,0,0,0,0,0,1,0,1,0,1.0,1.0,0.0,0.0,0.0,0.0,0.0,0.0,0.0,0.0,2.0,16
22500246,DAL,MIN,78.2,78.6,"('Brandon Williams', 'Cooper Flagg', 'Klay Thompson')",0.48,1,0,0,0,0,0,0,1,0,1,0,1.0,1.0,0.0,0.0,0.0,0.0,0.0,0.0,0.0,0.0,2.0,16
22500246,DAL,MIN,78.2,78.6,"('Brandon Williams', 'Cooper Flagg', 'Naji Marshall')",0.48,1,0,0,0,0,0,0,1,0,1,0,1.0,1.0,0.0,0.0,0.0,0.0,0.0,0.0,0.0,0.0,2.0,16
22500246,DAL,MIN,78.2,78.6,"('Brandon Williams', 'Klay Thompson', 'Naji Marshall')",0.48,1,0,0,0,0,0,0,1,0,1,0,1.0,1.0,0.0,0.0,0.0,0.0,0.0,0.0,0.0,0.0,2.0,16
22500246,DAL,MIN,78.2,78.6,"('Caleb Martin', 'Cooper Flagg', 'Klay Thompson')",0.48,1,0,0,0,0,0,0,1,0,1,0,1.0,1.0,0.0,0.0,0.0,0.0,0.0,0.0,0.0,0.0,2.0,16
22500246,DAL,MIN,78.2,78.6,"('Caleb Martin', 'Cooper Flagg', 'Naji Marshall')",0.48,1,0,0,0,0,0,0,1,0,1,0,1.0,1.0,0.0,0.0,0.0,0.0,0.0,0.0,0.0,0.0,2.0,16
22500246,DAL,MIN,78.2,78.6,"('Caleb Martin', 'Klay Thompson', 'Naji Marshall')",0.48,1,0,0,0,0,0,0,1,0,1,0,1.0,1.0,0.0,0.0,0.0,0.0,0.0,0.0,0.0,0.0,2.0,16
22500246,DAL,MIN,78.2,78.6,"('Cooper Flagg', 'Klay Thompson', 'Naji Marshall')",0.48,1,0,0,0,0,0,0,1,0,1,0,1.0,1.0,0.0,0.0,0.0,0.0,0.0,0.0,0.0,0.0,2.0,16
22500246,DAL,MIN,78.2,79.2,"(""D'Angelo Russell"", 'Dwight Powell', 'Klay Thompson')",1.9500000000000004,1,2,0,4,5,0,0,1,1,0,0,5.0,4.0,0.0,0.0,0.0,2.0,0.0,0.0,0.0,0.0,9.0,16
22500246,DAL,MIN,78.2,79.2,"(""D'Angelo Russell"", 'Dwight Powell', 'Naji Marshall')",1.9500000000000004,1,2,0,4,5,0,0,1,1,0,0,5.0,4.0,0.0,0.0,0.0,2.0,0.0,0.0,0.0,0.0,9.0,16
22500246,DAL,MIN,78.2,79.2,"(""D'Angelo Russell"", 'Dwight Powell', 'P.J. Washington')",1.9500000000000004,1,2,0,4,5,0,0,1,1,0,0,5.0,4.0,0.0,0.0,0.0,2.0,0.0,0.0,0.0,0.0,9.0,16
22500246,DAL,MIN,78.2,79.2,"(""D'Angelo Russell"", 'Klay Thompson', 'Naji Marshall')",1.9500000000000004,1,2,0,4,5,0,0,1,1,0,0,5.0,4.0,0.0,0.0,0.0,2.0,0.0,0.0,0.0,0.0,9.0,16
22500246,DAL,MIN,78.2,79.2,"(""D'Angelo Russell"", 'Klay Thompson', 'P.J. Washington')",1.9500000000000004,1,2,0,4,5,0,0,1,1,0,0,5.0,4.0,0.0,0.0,0.0,2.0,0.0,0.0,0.0,0.0,9.0,16
22500246,DAL,MIN,78.2,79.2,"(""D'Angelo Russell"", 'Naji Marshall', 'P.J. Washington')",1.9500000000000004,1,2,0,4,5,0,0,1,1,0,0,5.0,4.0,0.0,0.0,0.0,2.0,0.0,0.0,0.0,0.0,9.0,16
22500246,DAL,MIN,78.2,79.2,"('Dwight Powell', 'Klay Thompson', 'Naji Marshall')",1.9500000000000004,1,2,0,4,5,0,0,1,1,0,0,5.0,4.0,0.0,0.0,0.0,2.0,0.0,0.0,0.0,0.0,9.0,16
22500246,DAL,MIN,78.2,79.2,"('Dwight Powell', 'Klay Thompson', 'P.J. Washington')",1.9500000000000004,1,2,0,4,5,0,0,1,1,0,0,5.0,4.0,0.0,0.0,0.0,2.0,0.0,0.0,0.0,0.0,9.0,16
22500246,DAL,MIN,78.2,79.2,"('Dwight Powell', 'Naji Marshall', 'P.J. Washington')",1.9500000000000004,1,2,0,4,5,0,0,1,1,0,0,5.0,4.0,0.0,0.0,0.0,2.0,0.0,0.0,0.0,0.0,9.0,16
22500246,DAL,MIN,78.2,79.2,"('Klay Thompson', 'Naji Marshall', 'P.J. Washington')",1.9500000000000004,1,2,0,4,5,0,0,1,1,0,0,5.0,4.0,0.0,0.0,0.0,2.0,0.0,0.0,0.0,0.0,9.0,16
22500246,DAL,MIN,79.0,79.8,"('Brandon Williams', 'Max Christie', 'Moussa Cisse')",0.8,1,1,2,1,1,0,1,0,0,2,1,2.44,2.0,0.0,0.0,0.0,0.0,0.0,0.0,0.0,2.0,4.44,16
22500246,DAL,MIN,79.0,79.8,"('Brandon Williams', 'Max Christie', 'Naji Marshall')",0.8,1,1,2,1,1,0,1,0,0,2,1,2.44,2.0,0.0,0.0,0.0,0.0,0.0,0.0,0.0,2.0,4.44,16
22500246,DAL,MIN,79.0,79.8,"('Brandon Williams', 'Max Christie', 'P.J. Washington')",0.8,1,1,2,1,1,0,1,0,0,2,1,2.44,2.0,0.0,0.0,0.0,0.0,0.0,0.0,0.0,2.0,4.44,16
22500246,DAL,MIN,79.0,79.8,"('Brandon Williams', 'Moussa Cisse', 'Naji Marshall')",0.8,1,1,2,1,1,0,1,0,0,2,1,2.44,2.0,0.0,0.0,0.0,0.0,0.0,0.0,0.0,2.0,4.44,16
22500246,DAL,MIN,79.0,79.8,"('Brandon Williams', 'Moussa Cisse', 'P.J. Washington')",0.8,1,1,2,1,1,0,1,0,0,2,1,2.44,2.0,0.0,0.0,0.0,0.0,0.0,0.0,0.0,2.0,4.44,16
22500246,DAL,MIN,79.0,79.8,"('Brandon Williams', 'Naji Marshall', 'P.J. Washington')",0.8,1,1,2,1,1,0,1,0,0,2,1,2.44,2.0,0.0,0.0,0.0,0.0,0.0,0.0,0.0,2.0,4.44,16
22500246,DAL,MIN,79.0,79.8,"('Max Christie', 'Moussa Cisse', 'Naji Marshall')",0.8,1,1,2,1,1,0,1,0,0,2,1,2.44,2.0,0.0,0.0,0.0,0.0,0.0,0.0,0.0,2.0,4.44,16
22500246,DAL,MIN,79.0,79.8,"('Max Christie', 'Moussa Cisse', 'P.J. Washington')",0.8,1,1,2,1,1,0,1,0,0,2,1,2.44,2.0,0.0,0.0,0.0,0.0,0.0,0.0,0.0,2.0,4.44,16
22500246,DAL,MIN,79.0,79.8,"('Max Christie', 'Naji Marshall', 'P.J. Washington')",0.8,1,1,2,1,1,0,1,0,0,2,1,2.44,2.0,0.0,0.0,0.0,0.0,0.0,0.0,0.0,2.0,4.44,16
22500246,DAL,MIN,79.0,79.8,"('Moussa Cisse', 'Naji Marshall', 'P.J. Washington')",0.8,1,1,2,1,1,0,1,0,0,2,1,2.44,2.0,0.0,0.0,0.0,0.0,0.0,0.0,0.0,2.0,4.44,16
22500246,DAL,MIN,77.8,78.6,"('Brandon Williams', 'Caleb Martin', 'Cooper Flagg')",0.0733333333333333,1,1,0,0,1,0,0,0,0,0,0,0.44,0.0,0.0,0.0,0.0,0.0,0.0,0.0,0.0,0.0,0.44,16
22500246,DAL,MIN,77.8,78.6,"('Brandon Williams', 'Caleb Martin', 'Jaden Hardy')",0.0733333333333333,1,1,0,0,1,0,0,0,0,0,0,0.44,0.0,0.0,0.0,0.0,0.0,0.0,0.0,0.0,0.0,0.44,16
22500246,DAL,MIN,77.8,78.6,"('Brandon Williams', 'Caleb Martin', 'Naji Marshall')",0.0733333333333333,1,1,0,0,1,0,0,0,0,0,0,0.44,0.0,0.0,0.0,0.0,0.0,0.0,0.0,0.0,0.0,0.44,16
22500246,DAL,MIN,77.8,78.6,"('Brandon Williams', 'Cooper Flagg', 'Jaden Hardy')",0.0733333333333333,1,1,0,0,1,0,0,0,0,0,0,0.44,0.0,0.0,0.0,0.0,0.0,0.0,0.0,0.0,0.0,0.44,16
22500246,DAL,MIN,77.8,78.6,"('Brandon Williams', 'Cooper Flagg', 'Naji Marshall')",0.0733333333333333,1,1,0,0,1,0,0,0,0,0,0,0.44,0.0,0.0,0.0,0.0,0.0,0.0,0.0,0.0,0.0,0.44,16
22500246,DAL,MIN,77.8,78.6,"('Brandon Williams', 'Jaden Hardy', 'Naji Marshall')",0.0733333333333333,1,1,0,0,1,0,0,0,0,0,0,0.44,0.0,0.0,0.0,0.0,0.0,0.0,0.0,0.0,0.0,0.44,16
22500246,DAL,MIN,77.8,78.6,"('Caleb Martin', 'Cooper Flagg', 'Jaden Hardy')",0.0733333333333333,1,1,0,0,1,0,0,0,0,0,0,0.44,0.0,0.0,0.0,0.0,0.0,0.0,0.0,0.0,0.0,0.44,16
22500246,DAL,MIN,77.8,78.6,"('Caleb Martin', 'Cooper Flagg', 'Naji Marshall')",0.0733333333333333,1,1,0,0,1,0,0,0,0,0,0,0.44,0.0,0.0,0.0,0.0,0.0,0.0,0.0,0.0,0.0,0.44,16
22500246,DAL,MIN,77.8,78.6,"('Caleb Martin', 'Jaden Hardy', 'Naji Marshall')",0.0733333333333333,1,1,0,0,1,0,0,0,0,0,0,0.44,0.0,0.0,0.0,0.0,0.0,0.0,0.0,0.0,0.0,0.44,16
22500246,DAL,MIN,77.8,78.6,"('Cooper Flagg', 'Jaden Hardy', 'Naji Marshall')",0.0733333333333333,1,1,0,0,1,0,0,0,0,0,0,0.44,0.0,0.0,0.0,0.0,0.0,0.0,0.0,0.0,0.0,0.44,16
22500246,DAL,MIN,77.8,78.6,"('Brandon Williams', 'Cooper Flagg', 'Jaden Hardy')",0.3366666666666667,1,1,1,0,0,0,0,0,0,0,1,0.44,0.44,0.0,0.0,0.0,0.0,0.0,0.0,0.0,0.0,0.88,16
22500246,DAL,MIN,77.8,78.6,"('Brandon Williams', 'Cooper Flagg', 'Klay Thompson')",0.3366666666666667,1,1,1,0,0,0,0,0,0,0,1,0.44,0.44,0.0,0.0,0.0,0.0,0.0,0.0,0.0,0.0,0.88,16
22500246,DAL,MIN,77.8,78.6,"('Brandon Williams', 'Cooper Flagg', 'Naji Marshall')",0.3366666666666667,1,1,1,0,0,0,0,0,0,0,1,0.44,0.44,0.0,0.0,0.0,0.0,0.0,0.0,0.0,0.0,0.88,16
22500246,DAL,MIN,77.8,78.6,"('Brandon Williams', 'Jaden Hardy', 'Klay Thompson')",0.3366666666666667,1,1,1,0,0,0,0,0,0,0,1,0.44,0.44,0.0,0.0,0.0,0.0,0.0,0.0,0.0,0.0,0.88,16
22500246,DAL,MIN,77.8,78.6,"('Brandon Williams', 'Jaden Hardy', 'Naji Marshall')",0.3366666666666667,1,1,1,0,0,0,0,0,0,0,1,0.44,0.44,0.0,0.0,0.0,0.0,0.0,0.0,0.0,0.0,0.88,16
22500246,DAL,MIN,77.8,78.6,"('Brandon Williams', 'Klay Thompson', 'Naji Marshall')",0.3366666666666667,1,1,1,0,0,0,0,0,0,0,1,0.44,0.44,0.0,0.0,0.0,0.0,0.0,0.0,0.0,0.0,0.88,16
22500246,DAL,MIN,77.8,78.6,"('Cooper Flagg', 'Jaden Hardy', 'Klay Thompson')",0.3366666666666667,1,1,1,0,0,0,0,0,0,0,1,0.44,0.44,0.0,0.0,0.0,0.0,0.0,0.0,0.0,0.0,0.88,16
22500246,DAL,MIN,77.8,78.6,"('Cooper Flagg', 'Jaden Hardy', 'Naji Marshall')",0.3366666666666667,1,1,1,0,0,0,0,0,0,0,1,0.44,0.44,0.0,0.0,0.0,0.0,0.0,0.0,0.0,0.0,0.88,16
22500246,DAL,MIN,77.8,78.6,"('Cooper Flagg', 'Klay Thompson', 'Naji Marshall')",0.3366666666666667,1,1,1,0,0,0,0,0,0,0,1,0.44,0.44,0.0,0.0,0.0,0.0,0.0,0.0,0.0,0.0,0.88,16
22500246,DAL,MIN,77.8,78.6,"('Jaden Hardy', 'Klay Thompson', 'Naji Marshall')",0.3366666666666667,1,1,1,0,0,0,0,0,0,0,1,0.44,0.44,0.0,0.0,0.0,0.0,0.0,0.0,0.0,0.0,0.88,16
22500246,DAL,MIN,79.6,79.8,"('Brandon Williams', 'Cooper Flagg', 'Max Christie')",4.066666666666666,1,12,11,4,5,2,1,1,1,2,1,9.0,9.88,0.0,2.0,0.0,4.0,2.0,2.0,2.0,6.0,18.880000000000003,16
22500246,DAL,MIN,79.6,79.8,"('Brandon Williams', 'Cooper Flagg', 'Moussa Cisse')",4.066666666666666,1,12,11,4,5,2,1,1,1,2,1,9.0,9.88,0.0,2.0,0.0,4.0,2.0,2.0,2.0,6.0,18.880000000000003,16
22500246,DAL,MIN,79.6,79.8,"('Brandon Williams', 'Cooper Flagg', 'P.J. Washington')",4.066666666666666,1,12,11,4,5,2,1,1,1,2,1,9.0,9.88,0.0,2.0,0.0,4.0,2.0,2.0,2.0,6.0,18.880000000000003,16
22500246,DAL,MIN,79.6,79.8,"('Brandon Williams', 'Max Christie', 'Moussa Cisse')",4.066666666666666,1,12,11,4,5,2,1,1,1,2,1,9.0,9.88,0.0,2.0,0.0,4.0,2.0,2.0,2.0,6.0,18.880000000000003,16
22500246,DAL,MIN,79.6,79.8,"('Brandon Williams', 'Max Christie', 'P.J. Washington')",4.066666666666666,1,12,11,4,5,2,1,1,1,2,1,9.0,9.88,0.0,2.0,0.0,4.0,2.0,2.0,2.0,6.0,18.880000000000003,16
22500246,DAL,MIN,79.6,79.8,"('Brandon Williams', 'Moussa Cisse', 'P.J. Washington')",4.066666666666666,1,12,11,4,5,2,1,1,1,2,1,9.0,9.88,0.0,2.0,0.0,4.0,2.0,2.0,2.0,6.0,18.880000000000003,16
22500246,DAL,MIN,79.6,79.8,"('Cooper Flagg', 'Max Christie', 'Moussa Cisse')",4.066666666666666,1,12,11,4,5,2,1,1,1,2,1,9.0,9.88,0.0,2.0,0.0,4.0,2.0,2.0,2.0,6.0,18.880000000000003,16
22500246,DAL,MIN,79.6,79.8,"('Cooper Flagg', 'Max Christie', 'P.J. Washington')",4.066666666666666,1,12,11,4,5,2,1,1,1,2,1,9.0,9.88,0.0,2.0,0.0,4.0,2.0,2.0,2.0,6.0,18.880000000000003,16
22500246,DAL,MIN,79.6,79.8,"('Cooper Flagg', 'Moussa Cisse', 'P.J. Washington')",4.066666666666666,1,12,11,4,5,2,1,1,1,2,1,9.0,9.88,0.0,2.0,0.0,4.0,2.0,2.0,2.0,6.0,18.880000000000003,16
22500246,DAL,MIN,79.6,79.8,"('Max Christie', 'Moussa Cisse', 'P.J. Washington')",4.066666666666666,1,12,11,4,5,2,1,1,1,2,1,9.0,9.88,0.0,2.0,0.0,4.0,2.0,2.0,2.0,6.0,18.880000000000003,16
22500246,DAL,MIN,78.8,79.8,"('Brandon Williams', 'Dwight Powell', 'Max Christie')",0.8833333333333333,1,0,4,0,1,0,1,1,1,0,0,2.0,2.44,0.0,0.0,0.0,0.0,3.0,3.0,0.0,0.0,4.44,16
22500246,DAL,MIN,78.8,79.8,"('Brandon Williams', 'Dwight Powell', 'Naji Marshall')",0.8833333333333333,1,0,4,0,1,0,1,1,1,0,0,2.0,2.44,0.0,0.0,0.0,0.0,3.0,3.0,0.0,0.0,4.44,16
22500246,DAL,MIN,78.8,79.8,"('Brandon Williams', 'Dwight Powell', 'P.J. Washington')",0.8833333333333333,1,0,4,0,1,0,1,1,1,0,0,2.0,2.44,0.0,0.0,0.0,0.0,3.0,3.0,0.0,0.0,4.44,16
22500246,DAL,MIN,78.8,79.8,"('Brandon Williams', 'Max Christie', 'Naji Marshall')",0.8833333333333333,1,0,4,0,1,0,1,1,1,0,0,2.0,2.44,0.0,0.0,0.0,0.0,3.0,3.0,0.0,0.0,4.44,16
22500246,DAL,MIN,78.8,79.8,"('Brandon Williams', 'Max Christie', 'P.J. Washington')",0.8833333333333333,1,0,4,0,1,0,1,1,1,0,0,2.0,2.44,0.0,0.0,0.0,0.0,3.0,3.0,0.0,0.0,4.44,16
22500246,DAL,MIN,78.8,79.8,"('Brandon Williams', 'Naji Marshall', 'P.J. Washington')",0.8833333333333333,1,0,4,0,1,0,1,1,1,0,0,2.0,2.44,0.0,0.0,0.0,0.0,3.0,3.0,0.0,0.0,4.44,16
22500246,DAL,MIN,78.8,79.8,"('Dwight Powell', 'Max Christie', 'Naji Marshall')",0.8833333333333333,1,0,4,0,1,0,1,1,1,0,0,2.0,2.44,0.0,0.0,0.0,0.0,3.0,3.0,0.0,0.0,4.44,16
22500246,DAL,MIN,78.8,79.8,"('Dwight Powell', 'Max Christie', 'P.J. Washington')",0.8833333333333333,1,0,4,0,1,0,1,1,1,0,0,2.0,2.44,0.0,0.0,0.0,0.0,3.0,3.0,0.0,0.0,4.44,16
22500246,DAL,MIN,78.8,79.8,"('Dwight Powell', 'Naji Marshall', 'P.J. Washington')",0.8833333333333333,1,0,4,0,1,0,1,1,1,0,0,2.0,2.44,0.0,0.0,0.0,0.0,3.0,3.0,0.0,0.0,4.44,16
22500246,DAL,MIN,78.8,79.8,"('Max Christie', 'Naji Marshall', 'P.J. Washington')",0.8833333333333333,1,0,4,0,1,0,1,1,1,0,0,2.0,2.44,0.0,0.0,0.0,0.0,3.0,3.0,0.0,0.0,4.44,16
22500246,DAL,MIN,78.0,78.2,"('Cooper Flagg', ""D'Angelo Russell"", 'Max Christie')",1.2983333333333331,2,1,4,2,2,0,0,1,0,1,0,3.44,4.0,0.0,0.0,0.0,0.0,2.0,0.0,0.0,2.0,7.439999999999999,16
22500246,DAL,MIN,78.0,78.2,"('Cooper Flagg', ""D'Angelo Russell"", 'Naji Marshall')",1.2983333333333331,2,1,4,2,2,0,0,1,0,1,0,3.44,4.0,0.0,0.0,0.0,0.0,2.0,0.0,0.0,2.0,7.439999999999999,16
22500246,DAL,MIN,78.0,78.2,"('Cooper Flagg', ""D'Angelo Russell"", 'P.J. Washington')",1.2983333333333331,2,1,4,2,2,0,0,1,0,1,0,3.44,4.0,0.0,0.0,0.0,0.0,2.0,0.0,0.0,2.0,7.439999999999999,16
22500246,DAL,MIN,78.0,78.2,"('Cooper Flagg', 'Max Christie', 'Naji Marshall')",1.2983333333333331,2,1,4,2,2,0,0,1,0,1,0,3.44,4.0,0.0,0.0,0.0,0.0,2.0,0.0,0.0,2.0,7.439999999999999,16
22500246,DAL,MIN,78.0,78.2,"('Cooper Flagg', 'Max Christie', 'P.J. Washington')",1.2983333333333331,2,1,4,2,2,0,0,1,0,1,0,3.44,4.0,0.0,0.0,0.0,0.0,2.0,0.0,0.0,2.0,7.439999999999999,16
22500246,DAL,MIN,78.0,78.2,"('Cooper Flagg', 'Naji Marshall', 'P.J. Washington')",1.2983333333333331,2,1,4,2,2,0,0,1,0,1,0,3.44,4.0,0.0,0.0,0.0,0.0,2.0,0.0,0.0,2.0,7.439999999999999,16
22500246,DAL,MIN,78.0,78.2,"(""D'Angelo Russell"", 'Max Christie', 'Naji Marshall')",1.2983333333333331,2,1,4,2,2,0,0,1,0,1,0,3.44,4.0,0.0,0.0,0.0,0.0,2.0,0.0,0.0,2.0,7.439999999999999,16
22500246,DAL,MIN,78.0,78.2,"(""D'Angelo Russell"", 'Max Christie', 'P.J. Washington')",1.2983333333333331,2,1,4,2,2,0,0,1,0,1,0,3.44,4.0,0.0,0.0,0.0,0.0,2.0,0.0,0.0,2.0,7.439999999999999,16
22500246,DAL,MIN,78.0,78.2,"(""D'Angelo Russell"", 'Naji Marshall', 'P.J. Washington')",1.2983333333333331,2,1,4,2,2,0,0,1,0,1,0,3.44,4.0,0.0,0.0,0.0,0.0,2.0,0.0,0.0,2.0,7.439999999999999,16
22500246,DAL,MIN,78.0,78.2,"('Max Christie', 'Naji Marshall', 'P.J. Washington')",1.2983333333333331,2,1,4,2,2,0,0,1,0,1,0,3.44,4.0,0.0,0.0,0.0,0.0,2.0,0.0,0.0,2.0,7.439999999999999,16
22500246,DAL,MIN,79.6,79.4,"('Brandon Williams', 'Cooper Flagg', 'Max Christie')",0.0,2,0,0,0,0,0,0,0,0,0,0,0.0,0.0,0.0,0.0,0.0,0.0,0.0,0.0,0.0,0.0,0.0,16
22500246,DAL,MIN,79.6,79.4,"('Brandon Williams', 'Cooper Flagg', 'Moussa Cisse')",0.0,2,0,0,0,0,0,0,0,0,0,0,0.0,0.0,0.0,0.0,0.0,0.0,0.0,0.0,0.0,0.0,0.0,16
22500246,DAL,MIN,79.6,79.4,"('Brandon Williams', 'Cooper Flagg', 'P.J. Washington')",0.0,2,0,0,0,0,0,0,0,0,0,0,0.0,0.0,0.0,0.0,0.0,0.0,0.0,0.0,0.0,0.0,0.0,16
22500246,DAL,MIN,79.6,79.4,"('Brandon Williams', 'Max Christie', 'Moussa Cisse')",0.0,2,0,0,0,0,0,0,0,0,0,0,0.0,0.0,0.0,0.0,0.0,0.0,0.0,0.0,0.0,0.0,0.0,16
22500246,DAL,MIN,79.6,79.4,"('Brandon Williams', 'Max Christie', 'P.J. Washington')",0.0,2,0,0,0,0,0,0,0,0,0,0,0.0,0.0,0.0,0.0,0.0,0.0,0.0,0.0,0.0,0.0,0.0,16
22500246,DAL,MIN,79.6,79.4,"('Brandon Williams', 'Moussa Cisse', 'P.J. Washington')",0.0,2,0,0,0,0,0,0,0,0,0,0,0.0,0.0,0.0,0.0,0.0,0.0,0.0,0.0,0.0,0.0,0.0,16
22500246,DAL,MIN,79.6,79.4,"('Cooper Flagg', 'Max Christie', 'Moussa Cisse')",0.0,2,0,0,0,0,0,0,0,0,0,0,0.0,0.0,0.0,0.0,0.0,0.0,0.0,0.0,0.0,0.0,0.0,16
22500246,DAL,MIN,79.6,79.4,"('Cooper Flagg', 'Max Christie', 'P.J. Washington')",0.0,2,0,0,0,0,0,0,0,0,0,0,0.0,0.0,0.0,0.0,0.0,0.0,0.0,0.0,0.0,0.0,0.0,16
22500246,DAL,MIN,79.6,79.4,"('Cooper Flagg', 'Moussa Cisse', 'P.J. Washington')",0.0,2,0,0,0,0,0,0,0,0,0,0,0.0,0.0,0.0,0.0,0.0,0.0,0.0,0.0,0.0,0.0,0.0,16
22500246,DAL,MIN,79.6,79.4,"('Max Christie', 'Moussa Cisse', 'P.J. Washington')",0.0,2,0,0,0,0,0,0,0,0,0,0,0.0,0.0,0.0,0.0,0.0,0.0,0.0,0.0,0.0,0.0,0.0,16
22500246,DAL,MIN,79.0,79.4,"('Brandon Williams', 'Max Christie', 'Moussa Cisse')",1.1,2,2,3,0,2,0,1,0,2,0,0,3.0,3.44,0.0,0.0,0.0,2.0,0.0,2.0,0.0,2.0,6.44,16
22500246,DAL,MIN,79.0,79.4,"('Brandon Williams', 'Max Christie', 'Naji Marshall')",1.1,2,2,3,0,2,0,1,0,2,0,0,3.0,3.44,0.0,0.0,0.0,2.0,0.0,2.0,0.0,2.0,6.44,16
22500246,DAL,MIN,79.0,79.4,"('Brandon Williams', 'Max Christie', 'P.J. Washington')",1.1,2,2,3,0,2,0,1,0,2,0,0,3.0,3.44,0.0,0.0,0.0,2.0,0.0,2.0,0.0,2.0,6.44,16
22500246,DAL,MIN,79.0,79.4,"('Brandon Williams', 'Moussa Cisse', 'Naji Marshall')",1.1,2,2,3,0,2,0,1,0,2,0,0,3.0,3.44,0.0,0.0,0.0,2.0,0.0,2.0,0.0,2.0,6.44,16
22500246,DAL,MIN,79.0,79.4,"('Brandon Williams', 'Moussa Cisse', 'P.J. Washington')",1.1,2,2,3,0,2,0,1,0,2,0,0,3.0,3.44,0.0,0.0,0.0,2.0,0.0,2.0,0.0,2.0,6.44,16
22500246,DAL,MIN,79.0,79.4,"('Brandon Williams', 'Naji Marshall', 'P.J. Washington')",1.1,2,2,3,0,2,0,1,0,2,0,0,3.0,3.44,0.0,0.0,0.0,2.0,0.0,2.0,0.0,2.0,6.44,16
22500246,DAL,MIN,79.0,79.4,"('Max Christie', 'Moussa Cisse', 'Naji Marshall')",1.1,2,2,3,0,2,0,1,0,2,0,0,3.0,3.44,0.0,0.0,0.0,2.0,0.0,2.0,0.0,2.0,6.44,16
22500246,DAL,MIN,79.0,79.4,"('Max Christie', 'Moussa Cisse', 'P.J. Washington')",1.1,2,2,3,0,2,0,1,0,2,0,0,3.0,3.44,0.0,0.0,0.0,2.0,0.0,2.0,0.0,2.0,6.44,16
22500246,DAL,MIN,79.0,79.4,"('Max Christie', 'Naji Marshall', 'P.J. Washington')",1.1,2,2,3,0,2,0,1,0,2,0,0,3.0,3.44,0.0,0.0,0.0,2.0,0.0,2.0,0.0,2.0,6.44,16
22500246,DAL,MIN,79.0,79.4,"('Moussa Cisse', 'Naji Marshall', 'P.J. Washington')",1.1,2,2,3,0,2,0,1,0,2,0,0,3.0,3.44,0.0,0.0,0.0,2.0,0.0,2.0,0.0,2.0,6.44,16
22500246,DAL,MIN,78.8,79.0,"('Cooper Flagg', ""D'Angelo Russell"", 'Dwight Powell')",0.2333333333333333,2,1,0,0,0,0,0,0,0,1,0,0.44,1.0,0.0,0.0,0.0,0.0,0.0,0.0,0.0,0.0,1.44,16
22500246,DAL,MIN,78.8,79.0,"('Cooper Flagg', ""D'Angelo Russell"", 'Max Christie')",0.2333333333333333,2,1,0,0,0,0,0,0,0,1,0,0.44,1.0,0.0,0.0,0.0,0.0,0.0,0.0,0.0,0.0,1.44,16
22500246,DAL,MIN,78.8,79.0,"('Cooper Flagg', ""D'Angelo Russell"", 'P.J. Washington')",0.2333333333333333,2,1,0,0,0,0,0,0,0,1,0,0.44,1.0,0.0,0.0,0.0,0.0,0.0,0.0,0.0,0.0,1.44,16
22500246,DAL,MIN,78.8,79.0,"('Cooper Flagg', 'Dwight Powell', 'Max Christie')",0.2333333333333333,2,1,0,0,0,0,0,0,0,1,0,0.44,1.0,0.0,0.0,0.0,0.0,0.0,0.0,0.0,0.0,1.44,16
22500246,DAL,MIN,78.8,79.0,"('Cooper Flagg', 'Dwight Powell', 'P.J. Washington')",0.2333333333333333,2,1,0,0,0,0,0,0,0,1,0,0.44,1.0,0.0,0.0,0.0,0.0,0.0,0.0,0.0,0.0,1.44,16
22500246,DAL,MIN,78.8,79.0,"('Cooper Flagg', 'Max Christie', 'P.J. Washington')",0.2333333333333333,2,1,0,0,0,0,0,0,0,1,0,0.44,1.0,0.0,0.0,0.0,0.0,0.0,0.0,0.0,0.0,1.44,16
22500246,DAL,MIN,78.8,79.0,"(""D'Angelo Russell"", 'Dwight Powell', 'Max Christie')",0.2333333333333333,2,1,0,0,0,0,0,0,0,1,0,0.44,1.0,0.0,0.0,0.0,0.0,0.0,0.0,0.0,0.0,1.44,16
22500246,DAL,MIN,78.8,79.0,"(""D'Angelo Russell"", 'Dwight Powell', 'P.J. Washington')",0.2333333333333333,2,1,0,0,0,0,0,0,0,1,0,0.44,1.0,0.0,0.0,0.0,0.0,0.0,0.0,0.0,0.0,1.44,16
22500246,DAL,MIN,78.8,79.0,"(""D'Angelo Russell"", 'Max Christie', 'P.J. Washington')",0.2333333333333333,2,1,0,0,0,0,0,0,0,1,0,0.44,1.0,0.0,0.0,0.0,0.0,0.0,0.0,0.0,0.0,1.44,16
22500246,DAL,MIN,78.8,79.0,"('Dwight Powell', 'Max Christie', 'P.J. Washington')",0.2333333333333333,2,1,0,0,0,0,0,0,0,1,0,0.44,1.0,0.0,0.0,0.0,0.0,0.0,0.0,0.0,0.0,1.44,16
22500246,DAL,MIN,78.2,79.0,"(""D'Angelo Russell"", 'Dwight Powell', 'Max Christie')",2.016666666666667,2,7,2,3,2,1,0,0,0,0,1,4.44,4.0,2.0,0.0,0.0,6.0,0.0,0.0,0.0,0.0,8.440000000000001,16
22500246,DAL,MIN,78.2,79.0,"(""D'Angelo Russell"", 'Dwight Powell', 'Naji Marshall')",2.016666666666667,2,7,2,3,2,1,0,0,0,0,1,4.44,4.0,2.0,0.0,0.0,6.0,0.0,0.0,0.0,0.0,8.440000000000001,16
22500246,DAL,MIN,78.2,79.0,"(""D'Angelo Russell"", 'Dwight Powell', 'P.J. Washington')",2.016666666666667,2,7,2,3,2,1,0,0,0,0,1,4.44,4.0,2.0,0.0,0.0,6.0,0.0,0.0,0.0,0.0,8.440000000000001,16
22500246,DAL,MIN,78.2,79.0,"(""D'Angelo Russell"", 'Max Christie', 'Naji Marshall')",2.016666666666667,2,7,2,3,2,1,0,0,0,0,1,4.44,4.0,2.0,0.0,0.0,6.0,0.0,0.0,0.0,0.0,8.440000000000001,16
22500246,DAL,MIN,78.2,79.0,"(""D'Angelo Russell"", 'Max Christie', 'P.J. Washington')",2.016666666666667,2,7,2,3,2,1,0,0,0,0,1,4.44,4.0,2.0,0.0,0.0,6.0,0.0,0.0,0.0,0.0,8.440000000000001,16
22500246,DAL,MIN,78.2,79.0,"(""D'Angelo Russell"", 'Naji Marshall', 'P.J. Washington')",2.016666666666667,2,7,2,3,2,1,0,0,0,0,1,4.44,4.0,2.0,0.0,0.0,6.0,0.0,0.0,0.0,0.0,8.440000000000001,16
22500246,DAL,MIN,78.2,79.0,"('Dwight Powell', 'Max Christie', 'Naji Marshall')",2.016666666666667,2,7,2,3,2,1,0,0,0,0,1,4.44,4.0,2.0,0.0,0.0,6.0,0.0,0.0,0.0,0.0,8.440000000000001,16
22500246,DAL,MIN,78.2,79.0,"('Dwight Powell', 'Max Christie', 'P.J. Washington')",2.016666666666667,2,7,2,3,2,1,0,0,0,0,1,4.44,4.0,2.0,0.0,0.0,6.0,0.0,0.0,0.0,0.0,8.440000000000001,16
22500246,DAL,MIN,78.2,79.0,"('Dwight Powell', 'Naji Marshall', 'P.J. Washington')",2.016666666666667,2,7,2,3,2,1,0,0,0,0,1,4.44,4.0,2.0,0.0,0.0,6.0,0.0,0.0,0.0,0.0,8.440000000000001,16
22500246,DAL,MIN,78.2,79.0,"('Max Christie', 'Naji Marshall', 'P.J. Washington')",2.016666666666667,2,7,2,3,2,1,0,0,0,0,1,4.44,4.0,2.0,0.0,0.0,6.0,0.0,0.0,0.0,0.0,8.440000000000001,16
22500246,DAL,MIN,79.6,79.4,"('Brandon Williams', 'Cooper Flagg', 'Klay Thompson')",3.883333333333333,2,9,10,3,3,1,3,1,1,1,1,7.88,8.44,0.0,3.0,0.0,4.0,0.0,0.0,0.0,6.0,16.32,16
22500246,DAL,MIN,79.6,79.4,"('Brandon Williams', 'Cooper Flagg', 'Moussa Cisse')",3.883333333333333,2,9,10,3,3,1,3,1,1,1,1,7.88,8.44,0.0,3.0,0.0,4.0,0.0,0.0,0.0,6.0,16.32,16
22500246,DAL,MIN,79.6,79.4,"('Brandon Williams', 'Cooper Flagg', 'P.J. Washington')",3.883333333333333,2,9,10,3,3,1,3,1,1,1,1,7.88,8.44,0.0,3.0,0.0,4.0,0.0,0.0,0.0,6.0,16.32,16
22500246,DAL,MIN,79.6,79.4,"('Brandon Williams', 'Klay Thompson', 'Moussa Cisse')",3.883333333333333,2,9,10,3,3,1,3,1,1,1,1,7.88,8.44,0.0,3.0,0.0,4.0,0.0,0.0,0.0,6.0,16.32,16
22500246,DAL,MIN,79.6,79.4,"('Brandon Williams', 'Klay Thompson', 'P.J. Washington')",3.883333333333333,2,9,10,3,3,1,3,1,1,1,1,7.88,8.44,0.0,3.0,0.0,4.0,0.0,0.0,0.0,6.0,16.32,16
22500246,DAL,MIN,79.6,79.4,"('Brandon Williams', 'Moussa Cisse', 'P.J. Washington')",3.883333333333333,2,9,10,3,3,1,3,1,1,1,1,7.88,8.44,0.0,3.0,0.0,4.0,0.0,0.0,0.0,6.0,16.32,16
22500246,DAL,MIN,79.6,79.4,"('Cooper Flagg', 'Klay Thompson', 'Moussa Cisse')",3.883333333333333,2,9,10,3,3,1,3,1,1,1,1,7.88,8.44,0.0,3.0,0.0,4.0,0.0,0.0,0.0,6.0,16.32,16
22500246,DAL,MIN,79.6,79.4,"('Cooper Flagg', 'Klay Thompson', 'P.J. Washington')",3.883333333333333,2,9,10,3,3,1,3,1,1,1,1,7.88,8.44,0.0,3.0,0.0,4.0,0.0,0.0,0.0,6.0,16.32,16
22500246,DAL,MIN,79.6,79.4,"('Cooper Flagg', 'Moussa Cisse', 'P.J. Washington')",3.883333333333333,2,9,10,3,3,1,3,1,1,1,1,7.88,8.44,0.0,3.0,0.0,4.0,0.0,0.0,0.0,6.0,16.32,16
22500246,DAL,MIN,79.6,79.4,"('Klay Thompson', 'Moussa Cisse', 'P.J. Washington')",3.883333333333333,2,9,10,3,3,1,3,1,1,1,1,7.88,8.44,0.0,3.0,0.0,4.0,0.0,0.0,0.0,6.0,16.32,16
22500246,DAL,MIN,77.6,78.2,"('Caleb Martin', 'Cooper Flagg', ""D'Angelo Russell"")",1.4333333333333331,2,1,6,0,2,0,2,0,0,0,2,3.44,2.44,0.0,0.0,0.0,0.0,0.0,0.0,0.0,2.0,5.88,16
22500246,DAL,MIN,77.6,78.2,"('Caleb Martin', 'Cooper Flagg', 'Max Christie')",1.4333333333333331,2,1,6,0,2,0,2,0,0,0,2,3.44,2.44,0.0,0.0,0.0,0.0,0.0,0.0,0.0,2.0,5.88,16
22500246,DAL,MIN,77.6,78.2,"('Caleb Martin', 'Cooper Flagg', 'Naji Marshall')",1.4333333333333331,2,1,6,0,2,0,2,0,0,0,2,3.44,2.44,0.0,0.0,0.0,0.0,0.0,0.0,0.0,2.0,5.88,16
22500246,DAL,MIN,77.6,78.2,"('Caleb Martin', ""D'Angelo Russell"", 'Max Christie')",1.4333333333333331,2,1,6,0,2,0,2,0,0,0,2,3.44,2.44,0.0,0.0,0.0,0.0,0.0,0.0,0.0,2.0,5.88,16
22500246,DAL,MIN,77.6,78.2,"('Caleb Martin', ""D'Angelo Russell"", 'Naji Marshall')",1.4333333333333331,2,1,6,0,2,0,2,0,0,0,2,3.44,2.44,0.0,0.0,0.0,0.0,0.0,0.0,0.0,2.0,5.88,16
22500246,DAL,MIN,77.6,78.2,"('Caleb Martin', 'Max Christie', 'Naji Marshall')",1.4333333333333331,2,1,6,0,2,0,2,0,0,0,2,3.44,2.44,0.0,0.0,0.0,0.0,0.0,0.0,0.0,2.0,5.88,16
22500246,DAL,MIN,77.6,78.2,"('Cooper Flagg', ""D'Angelo Russell"", 'Max Christie')",1.4333333333333331,2,1,6,0,2,0,2,0,0,0,2,3.44,2.44,0.0,0.0,0.0,0.0,0.0,0.0,0.0,2.0,5.88,16
22500246,DAL,MIN,77.6,78.2,"('Cooper Flagg', ""D'Angelo Russell"", 'Naji Marshall')",1.4333333333333331,2,1,6,0,2,0,2,0,0,0,2,3.44,2.44,0.0,0.0,0.0,0.0,0.0,0.0,0.0,2.0,5.88,16
22500246,DAL,MIN,77.6,78.2,"('Cooper Flagg', 'Max Christie', 'Naji Marshall')",1.4333333333333331,2,1,6,0,2,0,2,0,0,0,2,3.44,2.44,0.0,0.0,0.0,0.0,0.0,0.0,0.0,2.0,5.88,16
22500246,DAL,MIN,77.6,78.2,"(""D'Angelo Russell"", 'Max Christie', 'Naji Marshall')",1.4333333333333331,2,1,6,0,2,0,2,0,0,0,2,3.44,2.44,0.0,0.0,0.0,0.0,0.0,0.0,0.0,2.0,5.88,16
22500246,DAL,MIN,79.0,79.0,"('Cooper Flagg', ""D'Angelo Russell"", 'Max Christie')",0.25,2,0,1,0,0,0,0,0,0,2,0,0.0,1.44,0.0,0.0,0.0,0.0,0.0,0.0,0.0,0.0,1.44,16
22500246,DAL,MIN,79.0,79.0,"('Cooper Flagg', ""D'Angelo Russell"", 'Moussa Cisse')",0.25,2,0,1,0,0,0,0,0,0,2,0,0.0,1.44,0.0,0.0,0.0,0.0,0.0,0.0,0.0,0.0,1.44,16
22500246,DAL,MIN,79.0,79.0,"('Cooper Flagg', ""D'Angelo Russell"", 'P.J. Washington')",0.25,2,0,1,0,0,0,0,0,0,2,0,0.0,1.44,0.0,0.0,0.0,0.0,0.0,0.0,0.0,0.0,1.44,16
22500246,DAL,MIN,79.0,79.0,"('Cooper Flagg', 'Max Christie', 'Moussa Cisse')",0.25,2,0,1,0,0,0,0,0,0,2,0,0.0,1.44,0.0,0.0,0.0,0.0,0.0,0.0,0.0,0.0,1.44,16
22500246,DAL,MIN,79.0,79.0,"('Cooper Flagg', 'Max Christie', 'P.J. Washington')",0.25,2,0,1,0,0,0,0,0,0,2,0,0.0,1.44,0.0,0.0,0.0,0.0,0.0,0.0,0.0,0.0,1.44,16
22500246,DAL,MIN,79.0,79.0,"('Cooper Flagg', 'Moussa Cisse', 'P.J. Washington')",0.25,2,0,1,0,0,0,0,0,0,2,0,0.0,1.44,0.0,0.0,0.0,0.0,0.0,0.0,0.0,0.0,1.44,16
22500246,DAL,MIN,79.0,79.0,"(""D'Angelo Russell"", 'Max Christie', 'Moussa Cisse')",0.25,2,0,1,0,0,0,0,0,0,2,0,0.0,1.44,0.0,0.0,0.0,0.0,0.0,0.0,0.0,0.0,1.44,16
22500246,DAL,MIN,79.0,79.0,"(""D'Angelo Russell"", 'Max Christie', 'P.J. Washington')",0.25,2,0,1,0,0,0,0,0,0,2,0,0.0,1.44,0.0,0.0,0.0,0.0,0.0,0.0,0.0,0.0,1.44,16
22500246,DAL,MIN,79.0,79.0,"(""D'Angelo Russell"", 'Moussa Cisse', 'P.J. Washington')",0.25,2,0,1,0,0,0,0,0,0,2,0,0.0,1.44,0.0,0.0,0.0,0.0,0.0,0.0,0.0,0.0,1.44,16
22500246,DAL,MIN,79.0,79.0,"('Max Christie', 'Moussa Cisse', 'P.J. Washington')",0.25,2,0,1,0,0,0,0,0,0,2,0,0.0,1.44,0.0,0.0,0.0,0.0,0.0,0.0,0.0,0.0,1.44,16
22500246,DAL,MIN,78.8,78.6,"('Brandon Williams', 'Dwight Powell', 'Max Christie')",1.4500000000000002,2,2,0,2,1,0,0,2,1,0,2,2.88,3.0,0.0,0.0,0.0,0.0,0.0,0.0,0.0,0.0,5.88,16
22500246,DAL,MIN,78.8,78.6,"('Brandon Williams', 'Dwight Powell', 'Naji Marshall')",1.4500000000000002,2,2,0,2,1,0,0,2,1,0,2,2.88,3.0,0.0,0.0,0.0,0.0,0.0,0.0,0.0,0.0,5.88,16
22500246,DAL,MIN,78.8,78.6,"('Brandon Williams', 'Dwight Powell', 'P.J. Washington')",1.4500000000000002,2,2,0,2,1,0,0,2,1,0,2,2.88,3.0,0.0,0.0,0.0,0.0,0.0,0.0,0.0,0.0,5.88,16
22500246,DAL,MIN,78.8,78.6,"('Brandon Williams', 'Max Christie', 'Naji Marshall')",1.4500000000000002,2,2,0,2,1,0,0,2,1,0,2,2.88,3.0,0.0,0.0,0.0,0.0,0.0,0.0,0.0,0.0,5.88,16
22500246,DAL,MIN,78.8,78.6,"('Brandon Williams', 'Max Christie', 'P.J. Washington')",1.4500000000000002,2,2,0,2,1,0,0,2,1,0,2,2.88,3.0,0.0,0.0,0.0,0.0,0.0,0.0,0.0,0.0,5.88,16
22500246,DAL,MIN,78.8,78.6,"('Brandon Williams', 'Naji Marshall', 'P.J. Washington')",1.4500000000000002,2,2,0,2,1,0,0,2,1,0,2,2.88,3.0,0.0,0.0,0.0,0.0,0.0,0.0,0.0,0.0,5.88,16
22500246,DAL,MIN,78.8,78.6,"('Dwight Powell', 'Max Christie', 'Naji Marshall')",1.4500000000000002,2,2,0,2,1,0,0,2,1,0,2,2.88,3.0,0.0,0.0,0.0,0.0,0.0,0.0,0.0,0.0,5.88,16
22500246,DAL,MIN,78.8,78.6,"('Dwight Powell', 'Max Christie', 'P.J. Washington')",1.4500000000000002,2,2,0,2,1,0,0,2,1,0,2,2.88,3.0,0.0,0.0,0.0,0.0,0.0,0.0,0.0,0.0,5.88,16
22500246,DAL,MIN,78.8,78.6,"('Dwight Powell', 'Naji Marshall', 'P.J. Washington')",1.4500000000000002,2,2,0,2,1,0,0,2,1,0,2,2.88,3.0,0.0,0.0,0.0,0.0,0.0,0.0,0.0,0.0,5.88,16
22500246,DAL,MIN,78.8,78.6,"('Max Christie', 'Naji Marshall', 'P.J. Washington')",1.4500000000000002,2,2,0,2,1,0,0,2,1,0,2,2.88,3.0,0.0,0.0,0.0,0.0,0.0,0.0,0.0,0.0,5.88,16
22500246,DAL,MIN,78.8,79.0,"('Cooper Flagg', ""D'Angelo Russell"", 'Max Christie')",0.1666666666666666,2,0,1,0,0,0,0,0,0,1,0,0.0,1.44,0.0,0.0,0.0,0.0,0.0,0.0,0.0,0.0,1.44,16
22500246,DAL,MIN,78.8,79.0,"('Cooper Flagg', ""D'Angelo Russell"", 'Moussa Cisse')",0.1666666666666666,2,0,1,0,0,0,0,0,0,1,0,0.0,1.44,0.0,0.0,0.0,0.0,0.0,0.0,0.0,0.0,1.44,16
22500246,DAL,MIN,78.8,79.0,"('Cooper Flagg', ""D'Angelo Russell"", 'Naji Marshall')",0.1666666666666666,2,0,1,0,0,0,0,0,0,1,0,0.0,1.44,0.0,0.0,0.0,0.0,0.0,0.0,0.0,0.0,1.44,16
22500246,DAL,MIN,78.8,79.0,"('Cooper Flagg', 'Max Christie', 'Moussa Cisse')",0.1666666666666666,2,0,1,0,0,0,0,0,0,1,0,0.0,1.44,0.0,0.0,0.0,0.0,0.0,0.0,0.0,0.0,1.44,16
22500246,DAL,MIN,78.8,79.0,"('Cooper Flagg', 'Max Christie', 'Naji Marshall')",0.1666666666666666,2,0,1,0,0,0,0,0,0,1,0,0.0,1.44,0.0,0.0,0.0,0.0,0.0,0.0,0.0,0.0,1.44,16
22500246,DAL,MIN,78.8,79.0,"('Cooper Flagg', 'Moussa Cisse', 'Naji Marshall')",0.1666666666666666,2,0,1,0,0,0,0,0,0,1,0,0.0,1.44,0.0,0.0,0.0,0.0,0.0,0.0,0.0,0.0,1.44,16
22500246,DAL,MIN,78.8,79.0,"(""D'Angelo Russell"", 'Max Christie', 'Moussa Cisse')",0.1666666666666666,2,0,1,0,0,0,0,0,0,1,0,0.0,1.44,0.0,0.0,0.0,0.0,0.0,0.0,0.0,0.0,1.44,16
22500246,DAL,MIN,78.8,79.0,"(""D'Angelo Russell"", 'Max Christie', 'Naji Marshall')",0.1666666666666666,2,0,1,0,0,0,0,0,0,1,0,0.0,1.44,0.0,0.0,0.0,0.0,0.0,0.0,0.0,0.0,1.44,16
22500246,DAL,MIN,78.8,79.0,"(""D'Angelo Russell"", 'Moussa Cisse', 'Naji Marshall')",0.1666666666666666,2,0,1,0,0,0,0,0,0,1,0,0.0,1.44,0.0,0.0,0.0,0.0,0.0,0.0,0.0,0.0,1.44,16
22500246,DAL,MIN,78.8,79.0,"('Max Christie', 'Moussa Cisse', 'Naji Marshall')",0.1666666666666666,2,0,1,0,0,0,0,0,0,1,0,0.0,1.44,0.0,0.0,0.0,0.0,0.0,0.0,0.0,0.0,1.44,16
22500246,DAL,MIN,79.2,79.2,"('Brandon Williams', 'Cooper Flagg', 'Dwight Powell')",3.3833333333333324,3,7,8,3,5,3,2,1,1,0,0,8.0,7.0,0.0,0.0,0.0,2.0,0.0,0.0,2.0,2.0,15.0,16
22500246,DAL,MIN,79.2,79.2,"('Brandon Williams', 'Cooper Flagg', 'Klay Thompson')",3.3833333333333324,3,7,8,3,5,3,2,1,1,0,0,8.0,7.0,0.0,0.0,0.0,2.0,0.0,0.0,2.0,2.0,15.0,16
22500246,DAL,MIN,79.2,79.2,"('Brandon Williams', 'Cooper Flagg', 'Naji Marshall')",3.3833333333333324,3,7,8,3,5,3,2,1,1,0,0,8.0,7.0,0.0,0.0,0.0,2.0,0.0,0.0,2.0,2.0,15.0,16
22500246,DAL,MIN,79.2,79.2,"('Brandon Williams', 'Dwight Powell', 'Klay Thompson')",3.3833333333333324,3,7,8,3,5,3,2,1,1,0,0,8.0,7.0,0.0,0.0,0.0,2.0,0.0,0.0,2.0,2.0,15.0,16
22500246,DAL,MIN,79.2,79.2,"('Brandon Williams', 'Dwight Powell', 'Naji Marshall')",3.3833333333333324,3,7,8,3,5,3,2,1,1,0,0,8.0,7.0,0.0,0.0,0.0,2.0,0.0,0.0,2.0,2.0,15.0,16
22500246,DAL,MIN,79.2,79.2,"('Brandon Williams', 'Klay Thompson', 'Naji Marshall')",3.3833333333333324,3,7,8,3,5,3,2,1,1,0,0,8.0,7.0,0.0,0.0,0.0,2.0,0.0,0.0,2.0,2.0,15.0,16
22500246,DAL,MIN,79.2,79.2,"('Cooper Flagg', 'Dwight Powell', 'Klay Thompson')",3.3833333333333324,3,7,8,3,5,3,2,1,1,0,0,8.0,7.0,0.0,0.0,0.0,2.0,0.0,0.0,2.0,2.0,15.0,16
22500246,DAL,MIN,79.2,79.2,"('Cooper Flagg', 'Dwight Powell', 'Naji Marshall')",3.3833333333333324,3,7,8,3,5,3,2,1,1,0,0,8.0,7.0,0.0,0.0,0.0,2.0,0.0,0.0,2.0,2.0,15.0,16
22500246,DAL,MIN,79.2,79.2,"('Cooper Flagg', 'Klay Thompson', 'Naji Marshall')",3.3833333333333324,3,7,8,3,5,3,2,1,1,0,0,8.0,7.0,0.0,0.0,0.0,2.0,0.0,0.0,2.0,2.0,15.0,16
22500246,DAL,MIN,79.2,79.2,"('Dwight Powell', 'Klay Thompson', 'Naji Marshall')",3.3833333333333324,3,7,8,3,5,3,2,1,1,0,0,8.0,7.0,0.0,0.0,0.0,2.0,0.0,0.0,2.0,2.0,15.0,16
22500246,DAL,MIN,79.6,79.8,"('Brandon Williams', 'Cooper Flagg', 'Max Christie')",4.199999999999998,3,9,14,4,3,0,3,1,1,3,0,8.0,8.879999999999999,2.0,0.0,0.0,6.0,0.0,2.0,2.0,6.0,16.88,16
22500246,DAL,MIN,79.6,79.8,"('Brandon Williams', 'Cooper Flagg', 'Moussa Cisse')",4.199999999999998,3,9,14,4,3,0,3,1,1,3,0,8.0,8.879999999999999,2.0,0.0,0.0,6.0,0.0,2.0,2.0,6.0,16.88,16
22500246,DAL,MIN,79.6,79.8,"('Brandon Williams', 'Cooper Flagg', 'P.J. Washington')",4.199999999999998,3,9,14,4,3,0,3,1,1,3,0,8.0,8.879999999999999,2.0,0.0,0.0,6.0,0.0,2.0,2.0,6.0,16.88,16
22500246,DAL,MIN,79.6,79.8,"('Brandon Williams', 'Max Christie', 'Moussa Cisse')",4.199999999999998,3,9,14,4,3,0,3,1,1,3,0,8.0,8.879999999999999,2.0,0.0,0.0,6.0,0.0,2.0,2.0,6.0,16.88,16
22500246,DAL,MIN,79.6,79.8,"('Brandon Williams', 'Max Christie', 'P.J. Washington')",4.199999999999998,3,9,14,4,3,0,3,1,1,3,0,8.0,8.879999999999999,2.0,0.0,0.0,6.0,0.0,2.0,2.0,6.0,16.88,16
22500246,DAL,MIN,79.6,79.8,"('Brandon Williams', 'Moussa Cisse', 'P.J. Washington')",4.199999999999998,3,9,14,4,3,0,3,1,1,3,0,8.0,8.879999999999999,2.0,0.0,0.0,6.0,0.0,2.0,2.0,6.0,16.88,16
22500246,DAL,MIN,79.6,79.8,"('Cooper Flagg', 'Max Christie', 'Moussa Cisse')",4.199999999999998,3,9,14,4,3,0,3,1,1,3,0,8.0,8.879999999999999,2.0,0.0,0.0,6.0,0.0,2.0,2.0,6.0,16.88,16
22500246,DAL,MIN,79.6,79.8,"('Cooper Flagg', 'Max Christie', 'P.J. Washington')",4.199999999999998,3,9,14,4,3,0,3,1,1,3,0,8.0,8.879999999999999,2.0,0.0,0.0,6.0,0.0,2.0,2.0,6.0,16.88,16
22500246,DAL,MIN,79.6,79.8,"('Cooper Flagg', 'Moussa Cisse', 'P.J. Washington')",4.199999999999998,3,9,14,4,3,0,3,1,1,3,0,8.0,8.879999999999999,2.0,0.0,0.0,6.0,0.0,2.0,2.0,6.0,16.88,16
22500246,DAL,MIN,79.6,79.8,"('Max Christie', 'Moussa Cisse', 'P.J. Washington')",4.199999999999998,3,9,14,4,3,0,3,1,1,3,0,8.0,8.879999999999999,2.0,0.0,0.0,6.0,0.0,2.0,2.0,6.0,16.88,16
22500246,DAL,MIN,77.0,78.6,"('Caleb Martin', ""D'Angelo Russell"", 'Dwight Powell')",2.3666666666666667,4,14,4,3,0,3,1,3,1,1,2,8.0,6.0,3.0,3.0,0.0,2.0,4.0,0.0,0.0,4.0,14.0,16
22500246,DAL,MIN,77.0,78.6,"('Caleb Martin', ""D'Angelo Russell"", 'Jaden Hardy')",2.3666666666666667,4,14,4,3,0,3,1,3,1,1,2,8.0,6.0,3.0,3.0,0.0,2.0,4.0,0.0,0.0,4.0,14.0,16
22500246,DAL,MIN,77.0,78.6,"('Caleb Martin', ""D'Angelo Russell"", 'Miles Kelly')",2.3666666666666667,4,14,4,3,0,3,1,3,1,1,2,8.0,6.0,3.0,3.0,0.0,2.0,4.0,0.0,0.0,4.0,14.0,16
22500246,DAL,MIN,77.0,78.6,"('Caleb Martin', 'Dwight Powell', 'Jaden Hardy')",2.3666666666666667,4,14,4,3,0,3,1,3,1,1,2,8.0,6.0,3.0,3.0,0.0,2.0,4.0,0.0,0.0,4.0,14.0,16
22500246,DAL,MIN,77.0,78.6,"('Caleb Martin', 'Dwight Powell', 'Miles Kelly')",2.3666666666666667,4,14,4,3,0,3,1,3,1,1,2,8.0,6.0,3.0,3.0,0.0,2.0,4.0,0.0,0.0,4.0,14.0,16
22500246,DAL,MIN,77.0,78.6,"('Caleb Martin', 'Jaden Hardy', 'Miles Kelly')",2.3666666666666667,4,14,4,3,0,3,1,3,1,1,2,8.0,6.0,3.0,3.0,0.0,2.0,4.0,0.0,0.0,4.0,14.0,16
22500246,DAL,MIN,77.0,78.6,"(""D'Angelo Russell"", 'Dwight Powell', 'Jaden Hardy')",2.3666666666666667,4,14,4,3,0,3,1,3,1,1,2,8.0,6.0,3.0,3.0,0.0,2.0,4.0,0.0,0.0,4.0,14.0,16
22500246,DAL,MIN,77.0,78.6,"(""D'Angelo Russell"", 'Dwight Powell', 'Miles Kelly')",2.3666666666666667,4,14,4,3,0,3,1,3,1,1,2,8.0,6.0,3.0,3.0,0.0,2.0,4.0,0.0,0.0,4.0,14.0,16
22500246,DAL,MIN,77.0,78.6,"(""D'Angelo Russell"", 'Jaden Hardy', 'Miles Kelly')",2.3666666666666667,4,14,4,3,0,3,1,3,1,1,2,8.0,6.0,3.0,3.0,0.0,2.0,4.0,0.0,0.0,4.0,14.0,16
22500246,DAL,MIN,77.0,78.6,"('Dwight Powell', 'Jaden Hardy', 'Miles Kelly')",2.3666666666666667,4,14,4,3,0,3,1,3,1,1,2,8.0,6.0,3.0,3.0,0.0,2.0,4.0,0.0,0.0,4.0,14.0,16
22500246,DAL,MIN,78.8,78.0,"('Brandon Williams', 'Caleb Martin', 'Cooper Flagg')",2.8666666666666667,4,7,2,5,3,1,1,1,2,1,4,7.32,7.0,0.0,2.0,2.0,4.0,0.0,0.0,0.0,2.0,14.32,16
22500246,DAL,MIN,78.8,78.0,"('Brandon Williams', 'Caleb Martin', 'Jaden Hardy')",2.8666666666666667,4,7,2,5,3,1,1,1,2,1,4,7.32,7.0,0.0,2.0,2.0,4.0,0.0,0.0,0.0,2.0,14.32,16
22500246,DAL,MIN,78.8,78.0,"('Brandon Williams', 'Caleb Martin', 'Moussa Cisse')",2.8666666666666667,4,7,2,5,3,1,1,1,2,1,4,7.32,7.0,0.0,2.0,2.0,4.0,0.0,0.0,0.0,2.0,14.32,16
22500246,DAL,MIN,78.8,78.0,"('Brandon Williams', 'Cooper Flagg', 'Jaden Hardy')",2.8666666666666667,4,7,2,5,3,1,1,1,2,1,4,7.32,7.0,0.0,2.0,2.0,4.0,0.0,0.0,0.0,2.0,14.32,16
22500246,DAL,MIN,78.8,78.0,"('Brandon Williams', 'Cooper Flagg', 'Moussa Cisse')",2.8666666666666667,4,7,2,5,3,1,1,1,2,1,4,7.32,7.0,0.0,2.0,2.0,4.0,0.0,0.0,0.0,2.0,14.32,16
22500246,DAL,MIN,78.8,78.0,"('Brandon Williams', 'Jaden Hardy', 'Moussa Cisse')",2.8666666666666667,4,7,2,5,3,1,1,1,2,1,4,7.32,7.0,0.0,2.0,2.0,4.0,0.0,0.0,0.0,2.0,14.32,16
22500246,DAL,MIN,78.8,78.0,"('Caleb Martin', 'Cooper Flagg', 'Jaden Hardy')",2.8666666666666667,4,7,2,5,3,1,1,1,2,1,4,7.32,7.0,0.0,2.0,2.0,4.0,0.0,0.0,0.0,2.0,14.32,16
22500246,DAL,MIN,78.8,78.0,"('Caleb Martin', 'Cooper Flagg', 'Moussa Cisse')",2.8666666666666667,4,7,2,5,3,1,1,1,2,1,4,7.32,7.0,0.0,2.0,2.0,4.0,0.0,0.0,0.0,2.0,14.32,16
22500246,DAL,MIN,78.8,78.0,"('Caleb Martin', 'Jaden Hardy', 'Moussa Cisse')",2.8666666666666667,4,7,2,5,3,1,1,1,2,1,4,7.32,7.0,0.0,2.0,2.0,4.0,0.0,0.0,0.0,2.0,14.32,16
22500246,DAL,MIN,78.8,78.0,"('Cooper Flagg', 'Jaden Hardy', 'Moussa Cisse')",2.8666666666666667,4,7,2,5,3,1,1,1,2,1,4,7.32,7.0,0.0,2.0,2.0,4.0,0.0,0.0,0.0,2.0,14.32,16
22500246,DAL,MIN,77.2,79.6,"('Caleb Martin', ""D'Angelo Russell"", 'Jaden Hardy')",6.123333333333331,4,9,16,6,12,1,6,0,1,1,6,20.2,14.88,0.0,2.0,2.0,4.0,0.0,4.0,0.0,8.0,35.08,16
22500246,DAL,MIN,77.2,79.6,"('Caleb Martin', ""D'Angelo Russell"", 'Miles Kelly')",6.123333333333331,4,9,16,6,12,1,6,0,1,1,6,20.2,14.88,0.0,2.0,2.0,4.0,0.0,4.0,0.0,8.0,35.08,16
22500246,DAL,MIN,77.2,79.6,"('Caleb Martin', ""D'Angelo Russell"", 'Moussa Cisse')",6.123333333333331,4,9,16,6,12,1,6,0,1,1,6,20.2,14.88,0.0,2.0,2.0,4.0,0.0,4.0,0.0,8.0,35.08,16
22500246,DAL,MIN,77.2,79.6,"('Caleb Martin', 'Jaden Hardy', 'Miles Kelly')",6.123333333333331,4,9,16,6,12,1,6,0,1,1,6,20.2,14.88,0.0,2.0,2.0,4.0,0.0,4.0,0.0,8.0,35.08,16
22500246,DAL,MIN,77.2,79.6,"('Caleb Martin', 'Jaden Hardy', 'Moussa Cisse')",6.123333333333331,4,9,16,6,12,1,6,0,1,1,6,20.2,14.88,0.0,2.0,2.0,4.0,0.0,4.0,0.0,8.0,35.08,16
22500246,DAL,MIN,77.2,79.6,"('Caleb Martin', 'Miles Kelly', 'Moussa Cisse')",6.123333333333331,4,9,16,6,12,1,6,0,1,1,6,20.2,14.88,0.0,2.0,2.0,4.0,0.0,4.0,0.0,8.0,35.08,16
22500246,DAL,MIN,77.2,79.6,"(""D'Angelo Russell"", 'Jaden Hardy', 'Miles Kelly')",6.123333333333331,4,9,16,6,12,1,6,0,1,1,6,20.2,14.88,0.0,2.0,2.0,4.0,0.0,4.0,0.0,8.0,35.08,16
22500246,DAL,MIN,77.2,79.6,"(""D'Angelo Russell"", 'Jaden Hardy', 'Moussa Cisse')",6.123333333333331,4,9,16,6,12,1,6,0,1,1,6,20.2,14.88,0.0,2.0,2.0,4.0,0.0,4.0,0.0,8.0,35.08,16
22500246,DAL,MIN,77.2,79.6,"(""D'Angelo Russell"", 'Miles Kelly', 'Moussa Cisse')",6.123333333333331,4,9,16,6,12,1,6,0,1,1,6,20.2,14.88,0.0,2.0,2.0,4.0,0.0,4.0,0.0,8.0,35.08,16
22500246,DAL,MIN,77.2,79.6,"('Jaden Hardy', 'Miles Kelly', 'Moussa Cisse')",6.123333333333331,4,9,16,6,12,1,6,0,1,1,6,20.2,14.88,0.0,2.0,2.0,4.0,0.0,4.0,0.0,8.0,35.08,16
22500246,DAL,MIN,79.2,79.8,"('Brandon Williams', 'Cooper Flagg', 'Dwight Powell')",0.5666666666666667,3,0,4,0,1,0,0,0,0,0,0,1.0,1.44,0.0,0.0,0.0,0.0,0.0,0.0,0.0,0.0,2.44,16
22500246,DAL,MIN,79.2,79.8,"('Brandon Williams', 'Cooper Flagg', 'Max Christie')",0.5666666666666667,3,0,4,0,1,0,0,0,0,0,0,1.0,1.44,0.0,0.0,0.0,0.0,0.0,0.0,0.0,0.0,2.44,16
22500246,DAL,MIN,79.2,79.8,"('Brandon Williams', 'Cooper Flagg', 'Naji Marshall')",0.5666666666666667,3,0,4,0,1,0,0,0,0,0,0,1.0,1.44,0.0,0.0,0.0,0.0,0.0,0.0,0.0,0.0,2.44,16
22500246,DAL,MIN,79.2,79.8,"('Brandon Williams', 'Dwight Powell', 'Max Christie')",0.5666666666666667,3,0,4,0,1,0,0,0,0,0,0,1.0,1.44,0.0,0.0,0.0,0.0,0.0,0.0,0.0,0.0,2.44,16
22500246,DAL,MIN,79.2,79.8,"('Brandon Williams', 'Dwight Powell', 'Naji Marshall')",0.5666666666666667,3,0,4,0,1,0,0,0,0,0,0,1.0,1.44,0.0,0.0,0.0,0.0,0.0,0.0,0.0,0.0,2.44,16
22500246,DAL,MIN,79.2,79.8,"('Brandon Williams', 'Max Christie', 'Naji Marshall')",0.5666666666666667,3,0,4,0,1,0,0,0,0,0,0,1.0,1.44,0.0,0.0,0.0,0.0,0.0,0.0,0.0,0.0,2.44,16
22500246,DAL,MIN,79.2,79.8,"('Cooper Flagg', 'Dwight Powell', 'Max Christie')",0.5666666666666667,3,0,4,0,1,0,0,0,0,0,0,1.0,1.44,0.0,0.0,0.0,0.0,0.0,0.0,0.0,0.0,2.44,16
22500246,DAL,MIN,79.2,79.8,"('Cooper Flagg', 'Dwight Powell', 'Naji Marshall')",0.5666666666666667,3,0,4,0,1,0,0,0,0,0,0,1.0,1.44,0.0,0.0,0.0,0.0,0.0,0.0,0.0,0.0,2.44,16
22500246,DAL,MIN,79.2,79.8,"('Cooper Flagg', 'Max Christie', 'Naji Marshall')",0.5666666666666667,3,0,4,0,1,0,0,0,0,0,0,1.0,1.44,0.0,0.0,0.0,0.0,0.0,0.0,0.0,0.0,2.44,16
22500246,DAL,MIN,79.2,79.8,"('Dwight Powell', 'Max Christie', 'Naji Marshall')",0.5666666666666667,3,0,4,0,1,0,0,0,0,0,0,1.0,1.44,0.0,0.0,0.0,0.0,0.0,0.0,0.0,0.0,2.44,16
22500246,DAL,MIN,78.2,78.4,"(""D'Angelo Russell"", 'Dwight Powell', 'Klay Thompson')",2.45,3,4,4,2,4,1,1,2,1,2,1,5.0,6.0,0.0,0.0,0.0,2.0,2.0,2.0,2.0,4.0,11.0,16
22500246,DAL,MIN,78.2,78.4,"(""D'Angelo Russell"", 'Dwight Powell', 'Naji Marshall')",2.45,3,4,4,2,4,1,1,2,1,2,1,5.0,6.0,0.0,0.0,0.0,2.0,2.0,2.0,2.0,4.0,11.0,16
22500246,DAL,MIN,78.2,78.4,"(""D'Angelo Russell"", 'Dwight Powell', 'P.J. Washington')",2.45,3,4,4,2,4,1,1,2,1,2,1,5.0,6.0,0.0,0.0,0.0,2.0,2.0,2.0,2.0,4.0,11.0,16
22500246,DAL,MIN,78.2,78.4,"(""D'Angelo Russell"", 'Klay Thompson', 'Naji Marshall')",2.45,3,4,4,2,4,1,1,2,1,2,1,5.0,6.0,0.0,0.0,0.0,2.0,2.0,2.0,2.0,4.0,11.0,16
22500246,DAL,MIN,78.2,78.4,"(""D'Angelo Russell"", 'Klay Thompson', 'P.J. Washington')",2.45,3,4,4,2,4,1,1,2,1,2,1,5.0,6.0,0.0,0.0,0.0,2.0,2.0,2.0,2.0,4.0,11.0,16
22500246,DAL,MIN,78.2,78.4,"(""D'Angelo Russell"", 'Naji Marshall', 'P.J. Washington')",2.45,3,4,4,2,4,1,1,2,1,2,1,5.0,6.0,0.0,0.0,0.0,2.0,2.0,2.0,2.0,4.0,11.0,16
22500246,DAL,MIN,78.2,78.4,"('Dwight Powell', 'Klay Thompson', 'Naji Marshall')",2.45,3,4,4,2,4,1,1,2,1,2,1,5.0,6.0,0.0,0.0,0.0,2.0,2.0,2.0,2.0,4.0,11.0,16
22500246,DAL,MIN,78.2,78.4,"('Dwight Powell', 'Klay Thompson', 'P.J. Washington')",2.45,3,4,4,2,4,1,1,2,1,2,1,5.0,6.0,0.0,0.0,0.0,2.0,2.0,2.0,2.0,4.0,11.0,16
22500246,DAL,MIN,78.2,78.4,"('Dwight Powell', 'Naji Marshall', 'P.J. Washington')",2.45,3,4,4,2,4,1,1,2,1,2,1,5.0,6.0,0.0,0.0,0.0,2.0,2.0,2.0,2.0,4.0,11.0,16
22500246,DAL,MIN,78.2,78.4,"('Klay Thompson', 'Naji Marshall', 'P.J. Washington')",2.45,3,4,4,2,4,1,1,2,1,2,1,5.0,6.0,0.0,0.0,0.0,2.0,2.0,2.0,2.0,4.0,11.0,16
22500246,DAL,MIN,78.0,78.4,"('Caleb Martin', 'Jaden Hardy', 'Klay Thompson')",1.288333333333333,3,2,7,1,3,0,1,1,0,0,1,4.0,4.0,0.0,0.0,0.0,2.0,3.0,0.0,2.0,4.0,8.0,16
22500246,DAL,MIN,78.0,78.4,"('Caleb Martin', 'Jaden Hardy', 'Moussa Cisse')",1.288333333333333,3,2,7,1,3,0,1,1,0,0,1,4.0,4.0,0.0,0.0,0.0,2.0,3.0,0.0,2.0,4.0,8.0,16
22500246,DAL,MIN,78.0,78.4,"('Caleb Martin', 'Jaden Hardy', 'Naji Marshall')",1.288333333333333,3,2,7,1,3,0,1,1,0,0,1,4.0,4.0,0.0,0.0,0.0,2.0,3.0,0.0,2.0,4.0,8.0,16
22500246,DAL,MIN,78.0,78.4,"('Caleb Martin', 'Klay Thompson', 'Moussa Cisse')",1.288333333333333,3,2,7,1,3,0,1,1,0,0,1,4.0,4.0,0.0,0.0,0.0,2.0,3.0,0.0,2.0,4.0,8.0,16
22500246,DAL,MIN,78.0,78.4,"('Caleb Martin', 'Klay Thompson', 'Naji Marshall')",1.288333333333333,3,2,7,1,3,0,1,1,0,0,1,4.0,4.0,0.0,0.0,0.0,2.0,3.0,0.0,2.0,4.0,8.0,16
22500246,DAL,MIN,78.0,78.4,"('Caleb Martin', 'Moussa Cisse', 'Naji Marshall')",1.288333333333333,3,2,7,1,3,0,1,1,0,0,1,4.0,4.0,0.0,0.0,0.0,2.0,3.0,0.0,2.0,4.0,8.0,16
22500246,DAL,MIN,78.0,78.4,"('Jaden Hardy', 'Klay Thompson', 'Moussa Cisse')",1.288333333333333,3,2,7,1,3,0,1,1,0,0,1,4.0,4.0,0.0,0.0,0.0,2.0,3.0,0.0,2.0,4.0,8.0,16
22500246,DAL,MIN,78.0,78.4,"('Jaden Hardy', 'Klay Thompson', 'Naji Marshall')",1.288333333333333,3,2,7,1,3,0,1,1,0,0,1,4.0,4.0,0.0,0.0,0.0,2.0,3.0,0.0,2.0,4.0,8.0,16
22500246,DAL,MIN,78.0,78.4,"('Jaden Hardy', 'Moussa Cisse', 'Naji Marshall')",1.288333333333333,3,2,7,1,3,0,1,1,0,0,1,4.0,4.0,0.0,0.0,0.0,2.0,3.0,0.0,2.0,4.0,8.0,16
22500246,DAL,MIN,78.0,78.4,"('Klay Thompson', 'Moussa Cisse', 'Naji Marshall')",1.288333333333333,3,2,7,1,3,0,1,1,0,0,1,4.0,4.0,0.0,0.0,0.0,2.0,3.0,0.0,2.0,4.0,8.0,16
22500246,DAL,MIN,78.6,78.4,"('Cooper Flagg', ""D'Angelo Russell"", 'Dwight Powell')",1.0666666666666669,1,4,6,0,0,0,1,0,0,2,0,2.0,2.88,0.0,0.0,0.0,2.0,0.0,0.0,0.0,4.0,4.88,16
22500246,DAL,MIN,78.6,78.4,"('Cooper Flagg', ""D'Angelo Russell"", 'Klay Thompson')",1.0666666666666669,1,4,6,0,0,0,1,0,0,2,0,2.0,2.88,0.0,0.0,0.0,2.0,0.0,0.0,0.0,4.0,4.88,16
22500246,DAL,MIN,78.6,78.4,"('Cooper Flagg', ""D'Angelo Russell"", 'Naji Marshall')",1.0666666666666669,1,4,6,0,0,0,1,0,0,2,0,2.0,2.88,0.0,0.0,0.0,2.0,0.0,0.0,0.0,4.0,4.88,16
22500246,DAL,MIN,78.6,78.4,"('Cooper Flagg', 'Dwight Powell', 'Klay Thompson')",1.0666666666666669,1,4,6,0,0,0,1,0,0,2,0,2.0,2.88,0.0,0.0,0.0,2.0,0.0,0.0,0.0,4.0,4.88,16
22500246,DAL,MIN,78.6,78.4,"('Cooper Flagg', 'Dwight Powell', 'Naji Marshall')",1.0666666666666669,1,4,6,0,0,0,1,0,0,2,0,2.0,2.88,0.0,0.0,0.0,2.0,0.0,0.0,0.0,4.0,4.88,16
22500246,DAL,MIN,78.6,78.4,"('Cooper Flagg', 'Klay Thompson', 'Naji Marshall')",1.0666666666666669,1,4,6,0,0,0,1,0,0,2,0,2.0,2.88,0.0,0.0,0.0,2.0,0.0,0.0,0.0,4.0,4.88,16
22500246,DAL,MIN,78.6,78.4,"(""D'Angelo Russell"", 'Dwight Powell', 'Klay Thompson')",1.0666666666666669,1,4,6,0,0,0,1,0,0,2,0,2.0,2.88,0.0,0.0,0.0,2.0,0.0,0.0,0.0,4.0,4.88,16
22500246,DAL,MIN,78.6,78.4,"(""D'Angelo Russell"", 'Dwight Powell', 'Naji Marshall')",1.0666666666666669,1,4,6,0,0,0,1,0,0,2,0,2.0,2.88,0.0,0.0,0.0,2.0,0.0,0.0,0.0,4.0,4.88,16
22500246,DAL,MIN,78.6,78.4,"(""D'Angelo Russell"", 'Klay Thompson', 'Naji Marshall')",1.0666666666666669,1,4,6,0,0,0,1,0,0,2,0,2.0,2.88,0.0,0.0,0.0,2.0,0.0,0.0,0.0,4.0,4.88,16
22500246,DAL,MIN,78.6,78.4,"('Dwight Powell', 'Klay Thompson', 'Naji Marshall')",1.0666666666666669,1,4,6,0,0,0,1,0,0,2,0,2.0,2.88,0.0,0.0,0.0,2.0,0.0,0.0,0.0,4.0,4.88,16
22500246,DAL,MIN,77.6,77.6,"('Caleb Martin', 'Cooper Flagg', ""D'Angelo Russell"")",2.24,1,0,10,0,3,0,2,3,2,1,1,6.0,6.88,0.0,0.0,0.0,0.0,5.0,3.0,0.0,2.0,12.88,16
22500246,DAL,MIN,77.6,77.6,"('Caleb Martin', 'Cooper Flagg', 'Klay Thompson')",2.24,1,0,10,0,3,0,2,3,2,1,1,6.0,6.88,0.0,0.0,0.0,0.0,5.0,3.0,0.0,2.0,12.88,16
22500246,DAL,MIN,77.6,77.6,"('Caleb Martin', 'Cooper Flagg', 'Naji Marshall')",2.24,1,0,10,0,3,0,2,3,2,1,1,6.0,6.88,0.0,0.0,0.0,0.0,5.0,3.0,0.0,2.0,12.88,16
22500246,DAL,MIN,77.6,77.6,"('Caleb Martin', ""D'Angelo Russell"", 'Klay Thompson')",2.24,1,0,10,0,3,0,2,3,2,1,1,6.0,6.88,0.0,0.0,0.0,0.0,5.0,3.0,0.0,2.0,12.88,16
22500246,DAL,MIN,77.6,77.6,"('Caleb Martin', ""D'Angelo Russell"", 'Naji Marshall')",2.24,1,0,10,0,3,0,2,3,2,1,1,6.0,6.88,0.0,0.0,0.0,0.0,5.0,3.0,0.0,2.0,12.88,16
22500246,DAL,MIN,77.6,77.6,"('Caleb Martin', 'Klay Thompson', 'Naji Marshall')",2.24,1,0,10,0,3,0,2,3,2,1,1,6.0,6.88,0.0,0.0,0.0,0.0,5.0,3.0,0.0,2.0,12.88,16
22500246,DAL,MIN,77.6,77.6,"('Cooper Flagg', ""D'Angelo Russell"", 'Klay Thompson')",2.24,1,0,10,0,3,0,2,3,2,1,1,6.0,6.88,0.0,0.0,0.0,0.0,5.0,3.0,0.0,2.0,12.88,16
22500246,DAL,MIN,77.6,77.6,"('Cooper Flagg', ""D'Angelo Russell"", 'Naji Marshall')",2.24,1,0,10,0,3,0,2,3,2,1,1,6.0,6.88,0.0,0.0,0.0,0.0,5.0,3.0,0.0,2.0,12.88,16
22500246,DAL,MIN,77.6,77.6,"('Cooper Flagg', 'Klay Thompson', 'Naji Marshall')",2.24,1,0,10,0,3,0,2,3,2,1,1,6.0,6.88,0.0,0.0,0.0,0.0,5.0,3.0,0.0,2.0,12.88,16
22500246,DAL,MIN,77.6,77.6,"(""D'Angelo Russell"", 'Klay Thompson', 'Naji Marshall')",2.24,1,0,10,0,3,0,2,3,2,1,1,6.0,6.88,0.0,0.0,0.0,0.0,5.0,3.0,0.0,2.0,12.88,16
22500262,DAL,NYK,78.6,79.2,"('Brandon Williams', 'Daniel Gafford', 'Klay Thompson')",1.0333333333333334,2,3,2,2,2,1,0,0,0,1,0,2.0,3.0,0.0,0.0,0.0,0.0,0.0,0.0,2.0,2.0,5.0,17
22500262,DAL,NYK,78.6,79.2,"('Brandon Williams', 'Daniel Gafford', 'Max Christie')",1.0333333333333334,2,3,2,2,2,1,0,0,0,1,0,2.0,3.0,0.0,0.0,0.0,0.0,0.0,0.0,2.0,2.0,5.0,17
22500262,DAL,NYK,78.6,79.2,"('Brandon Williams', 'Daniel Gafford', 'P.J. Washington')",1.0333333333333334,2,3,2,2,2,1,0,0,0,1,0,2.0,3.0,0.0,0.0,0.0,0.0,0.0,0.0,2.0,2.0,5.0,17
22500262,DAL,NYK,78.6,79.2,"('Brandon Williams', 'Klay Thompson', 'Max Christie')",1.0333333333333334,2,3,2,2,2,1,0,0,0,1,0,2.0,3.0,0.0,0.0,0.0,0.0,0.0,0.0,2.0,2.0,5.0,17
22500262,DAL,NYK,78.6,79.2,"('Brandon Williams', 'Klay Thompson', 'P.J. Washington')",1.0333333333333334,2,3,2,2,2,1,0,0,0,1,0,2.0,3.0,0.0,0.0,0.0,0.0,0.0,0.0,2.0,2.0,5.0,17
22500262,DAL,NYK,78.6,79.2,"('Brandon Williams', 'Max Christie', 'P.J. Washington')",1.0333333333333334,2,3,2,2,2,1,0,0,0,1,0,2.0,3.0,0.0,0.0,0.0,0.0,0.0,0.0,2.0,2.0,5.0,17
22500262,DAL,NYK,78.6,79.2,"('Daniel Gafford', 'Klay Thompson', 'Max Christie')",1.0333333333333334,2,3,2,2,2,1,0,0,0,1,0,2.0,3.0,0.0,0.0,0.0,0.0,0.0,0.0,2.0,2.0,5.0,17
22500262,DAL,NYK,78.6,79.2,"('Daniel Gafford', 'Klay Thompson', 'P.J. Washington')",1.0333333333333334,2,3,2,2,2,1,0,0,0,1,0,2.0,3.0,0.0,0.0,0.0,0.0,0.0,0.0,2.0,2.0,5.0,17
22500262,DAL,NYK,78.6,79.2,"('Daniel Gafford', 'Max Christie', 'P.J. Washington')",1.0333333333333334,2,3,2,2,2,1,0,0,0,1,0,2.0,3.0,0.0,0.0,0.0,0.0,0.0,0.0,2.0,2.0,5.0,17
22500262,DAL,NYK,78.6,79.2,"('Klay Thompson', 'Max Christie', 'P.J. Washington')",1.0333333333333334,2,3,2,2,2,1,0,0,0,1,0,2.0,3.0,0.0,0.0,0.0,0.0,0.0,0.0,2.0,2.0,5.0,17
22500262,DAL,NYK,77.8,78.4,"(""D'Angelo Russell"", 'Daniel Gafford', 'Jaden Hardy')",2.333333333333333,2,11,8,1,1,4,1,1,1,2,3,8.32,5.88,2.0,2.0,0.0,8.0,0.0,0.0,0.0,0.0,14.2,17
22500262,DAL,NYK,77.8,78.4,"(""D'Angelo Russell"", 'Daniel Gafford', 'Naji Marshall')",2.333333333333333,2,11,8,1,1,4,1,1,1,2,3,8.32,5.88,2.0,2.0,0.0,8.0,0.0,0.0,0.0,0.0,14.2,17
22500262,DAL,NYK,77.8,78.4,"(""D'Angelo Russell"", 'Daniel Gafford', 'P.J. Washington')",2.333333333333333,2,11,8,1,1,4,1,1,1,2,3,8.32,5.88,2.0,2.0,0.0,8.0,0.0,0.0,0.0,0.0,14.2,17
22500262,DAL,NYK,77.8,78.4,"(""D'Angelo Russell"", 'Jaden Hardy', 'Naji Marshall')",2.333333333333333,2,11,8,1,1,4,1,1,1,2,3,8.32,5.88,2.0,2.0,0.0,8.0,0.0,0.0,0.0,0.0,14.2,17
22500262,DAL,NYK,77.8,78.4,"(""D'Angelo Russell"", 'Jaden Hardy', 'P.J. Washington')",2.333333333333333,2,11,8,1,1,4,1,1,1,2,3,8.32,5.88,2.0,2.0,0.0,8.0,0.0,0.0,0.0,0.0,14.2,17
22500262,DAL,NYK,77.8,78.4,"(""D'Angelo Russell"", 'Naji Marshall', 'P.J. Washington')",2.333333333333333,2,11,8,1,1,4,1,1,1,2,3,8.32,5.88,2.0,2.0,0.0,8.0,0.0,0.0,0.0,0.0,14.2,17
22500262,DAL,NYK,77.8,78.4,"('Daniel Gafford', 'Jaden Hardy', 'Naji Marshall')",2.333333333333333,2,11,8,1,1,4,1,1,1,2,3,8.32,5.88,2.0,2.0,0.0,8.0,0.0,0.0,0.0,0.0,14.2,17
22500262,DAL,NYK,77.8,78.4,"('Daniel Gafford', 'Jaden Hardy', 'P.J. Washington')",2.333333333333333,2,11,8,1,1,4,1,1,1,2,3,8.32,5.88,2.0,2.0,0.0,8.0,0.0,0.0,0.0,0.0,14.2,17
22500262,DAL,NYK,77.8,78.4,"('Daniel Gafford', 'Naji Marshall', 'P.J. Washington')",2.333333333333333,2,11,8,1,1,4,1,1,1,2,3,8.32,5.88,2.0,2.0,0.0,8.0,0.0,0.0,0.0,0.0,14.2,17
22500262,DAL,NYK,77.8,78.4,"('Jaden Hardy', 'Naji Marshall', 'P.J. Washington')",2.333333333333333,2,11,8,1,1,4,1,1,1,2,3,8.32,5.88,2.0,2.0,0.0,8.0,0.0,0.0,0.0,0.0,14.2,17
22500262,DAL,NYK,78.2,78.4,"(""D'Angelo Russell"", 'Daniel Gafford', 'Klay Thompson')",1.0833333333333337,1,0,3,0,3,0,1,1,0,0,1,3.0,2.0,0.0,0.0,0.0,0.0,0.0,3.0,0.0,0.0,5.0,17
22500262,DAL,NYK,78.2,78.4,"(""D'Angelo Russell"", 'Daniel Gafford', 'Naji Marshall')",1.0833333333333337,1,0,3,0,3,0,1,1,0,0,1,3.0,2.0,0.0,0.0,0.0,0.0,0.0,3.0,0.0,0.0,5.0,17
22500262,DAL,NYK,78.2,78.4,"(""D'Angelo Russell"", 'Daniel Gafford', 'P.J. Washington')",1.0833333333333337,1,0,3,0,3,0,1,1,0,0,1,3.0,2.0,0.0,0.0,0.0,0.0,0.0,3.0,0.0,0.0,5.0,17
22500262,DAL,NYK,78.2,78.4,"(""D'Angelo Russell"", 'Klay Thompson', 'Naji Marshall')",1.0833333333333337,1,0,3,0,3,0,1,1,0,0,1,3.0,2.0,0.0,0.0,0.0,0.0,0.0,3.0,0.0,0.0,5.0,17
22500262,DAL,NYK,78.2,78.4,"(""D'Angelo Russell"", 'Klay Thompson', 'P.J. Washington')",1.0833333333333337,1,0,3,0,3,0,1,1,0,0,1,3.0,2.0,0.0,0.0,0.0,0.0,0.0,3.0,0.0,0.0,5.0,17
22500262,DAL,NYK,78.2,78.4,"(""D'Angelo Russell"", 'Naji Marshall', 'P.J. Washington')",1.0833333333333337,1,0,3,0,3,0,1,1,0,0,1,3.0,2.0,0.0,0.0,0.0,0.0,0.0,3.0,0.0,0.0,5.0,17
22500262,DAL,NYK,78.2,78.4,"('Daniel Gafford', 'Klay Thompson', 'Naji Marshall')",1.0833333333333337,1,0,3,0,3,0,1,1,0,0,1,3.0,2.0,0.0,0.0,0.0,0.0,0.0,3.0,0.0,0.0,5.0,17
22500262,DAL,NYK,78.2,78.4,"('Daniel Gafford', 'Klay Thompson', 'P.J. Washington')",1.0833333333333337,1,0,3,0,3,0,1,1,0,0,1,3.0,2.0,0.0,0.0,0.0,0.0,0.0,3.0,0.0,0.0,5.0,17
22500262,DAL,NYK,78.2,78.4,"('Daniel Gafford', 'Naji Marshall', 'P.J. Washington')",1.0833333333333337,1,0,3,0,3,0,1,1,0,0,1,3.0,2.0,0.0,0.0,0.0,0.0,0.0,3.0,0.0,0.0,5.0,17
22500262,DAL,NYK,78.2,78.4,"('Klay Thompson', 'Naji Marshall', 'P.J. Washington')",1.0833333333333337,1,0,3,0,3,0,1,1,0,0,1,3.0,2.0,0.0,0.0,0.0,0.0,0.0,3.0,0.0,0.0,5.0,17
22500262,DAL,NYK,79.2,79.4,"('Brandon Williams', 'Dereck Lively II', 'Klay Thompson')",2.0333333333333337,1,0,5,3,2,0,1,1,0,2,1,4.0,3.44,0.0,0.0,0.0,0.0,0.0,0.0,0.0,4.0,7.439999999999999,17
22500262,DAL,NYK,79.2,79.4,"('Brandon Williams', 'Dereck Lively II', 'Max Christie')",2.0333333333333337,1,0,5,3,2,0,1,1,0,2,1,4.0,3.44,0.0,0.0,0.0,0.0,0.0,0.0,0.0,4.0,7.439999999999999,17
22500262,DAL,NYK,79.2,79.4,"('Brandon Williams', 'Dereck Lively II', 'P.J. Washington')",2.0333333333333337,1,0,5,3,2,0,1,1,0,2,1,4.0,3.44,0.0,0.0,0.0,0.0,0.0,0.0,0.0,4.0,7.439999999999999,17
22500262,DAL,NYK,79.2,79.4,"('Brandon Williams', 'Klay Thompson', 'Max Christie')",2.0333333333333337,1,0,5,3,2,0,1,1,0,2,1,4.0,3.44,0.0,0.0,0.0,0.0,0.0,0.0,0.0,4.0,7.439999999999999,17
22500262,DAL,NYK,79.2,79.4,"('Brandon Williams', 'Klay Thompson', 'P.J. Washington')",2.0333333333333337,1,0,5,3,2,0,1,1,0,2,1,4.0,3.44,0.0,0.0,0.0,0.0,0.0,0.0,0.0,4.0,7.439999999999999,17
22500262,DAL,NYK,79.2,79.4,"('Brandon Williams', 'Max Christie', 'P.J. Washington')",2.0333333333333337,1,0,5,3,2,0,1,1,0,2,1,4.0,3.44,0.0,0.0,0.0,0.0,0.0,0.0,0.0,4.0,7.439999999999999,17
22500262,DAL,NYK,79.2,79.4,"('Dereck Lively II', 'Klay Thompson', 'Max Christie')",2.0333333333333337,1,0,5,3,2,0,1,1,0,2,1,4.0,3.44,0.0,0.0,0.0,0.0,0.0,0.0,0.0,4.0,7.439999999999999,17
22500262,DAL,NYK,79.2,79.4,"('Dereck Lively II', 'Klay Thompson', 'P.J. Washington')",2.0333333333333337,1,0,5,3,2,0,1,1,0,2,1,4.0,3.44,0.0,0.0,0.0,0.0,0.0,0.0,0.0,4.0,7.439999999999999,17
22500262,DAL,NYK,79.2,79.4,"('Dereck Lively II', 'Max Christie', 'P.J. Washington')",2.0333333333333337,1,0,5,3,2,0,1,1,0,2,1,4.0,3.44,0.0,0.0,0.0,0.0,0.0,0.0,0.0,4.0,7.439999999999999,17
22500262,DAL,NYK,79.2,79.4,"('Klay Thompson', 'Max Christie', 'P.J. Washington')",2.0333333333333337,1,0,5,3,2,0,1,1,0,2,1,4.0,3.44,0.0,0.0,0.0,0.0,0.0,0.0,0.0,4.0,7.439999999999999,17
22500262,DAL,NYK,78.6,79.4,"(""D'Angelo Russell"", 'Dereck Lively II', 'Klay Thompson')",2.116666666666667,1,11,1,4,4,2,0,0,2,1,0,6.0,6.44,8.0,5.0,0.0,2.0,0.0,0.0,0.0,0.0,12.44,17
22500262,DAL,NYK,78.6,79.4,"(""D'Angelo Russell"", 'Dereck Lively II', 'Max Christie')",2.116666666666667,1,11,1,4,4,2,0,0,2,1,0,6.0,6.44,8.0,5.0,0.0,2.0,0.0,0.0,0.0,0.0,12.44,17
22500262,DAL,NYK,78.6,79.4,"(""D'Angelo Russell"", 'Dereck Lively II', 'P.J. Washington')",2.116666666666667,1,11,1,4,4,2,0,0,2,1,0,6.0,6.44,8.0,5.0,0.0,2.0,0.0,0.0,0.0,0.0,12.44,17
22500262,DAL,NYK,78.6,79.4,"(""D'Angelo Russell"", 'Klay Thompson', 'Max Christie')",2.116666666666667,1,11,1,4,4,2,0,0,2,1,0,6.0,6.44,8.0,5.0,0.0,2.0,0.0,0.0,0.0,0.0,12.44,17
22500262,DAL,NYK,78.6,79.4,"(""D'Angelo Russell"", 'Klay Thompson', 'P.J. Washington')",2.116666666666667,1,11,1,4,4,2,0,0,2,1,0,6.0,6.44,8.0,5.0,0.0,2.0,0.0,0.0,0.0,0.0,12.44,17
22500262,DAL,NYK,78.6,79.4,"(""D'Angelo Russell"", 'Max Christie', 'P.J. Washington')",2.116666666666667,1,11,1,4,4,2,0,0,2,1,0,6.0,6.44,8.0,5.0,0.0,2.0,0.0,0.0,0.0,0.0,12.44,17
22500262,DAL,NYK,78.6,79.4,"('Dereck Lively II', 'Klay Thompson', 'Max Christie')",2.116666666666667,1,11,1,4,4,2,0,0,2,1,0,6.0,6.44,8.0,5.0,0.0,2.0,0.0,0.0,0.0,0.0,12.44,17
22500262,DAL,NYK,78.6,79.4,"('Dereck Lively II', 'Klay Thompson', 'P.J. Washington')",2.116666666666667,1,11,1,4,4,2,0,0,2,1,0,6.0,6.44,8.0,5.0,0.0,2.0,0.0,0.0,0.0,0.0,12.44,17
22500262,DAL,NYK,78.6,79.4,"('Dereck Lively II', 'Max Christie', 'P.J. Washington')",2.116666666666667,1,11,1,4,4,2,0,0,2,1,0,6.0,6.44,8.0,5.0,0.0,2.0,0.0,0.0,0.0,0.0,12.44,17
22500262,DAL,NYK,78.6,79.4,"('Klay Thompson', 'Max Christie', 'P.J. Washington')",2.116666666666667,1,11,1,4,4,2,0,0,2,1,0,6.0,6.44,8.0,5.0,0.0,2.0,0.0,0.0,0.0,0.0,12.44,17
22500262,DAL,NYK,78.0,78.0,"(""D'Angelo Russell"", 'Daniel Gafford', 'Klay Thompson')",1.166666666666667,2,3,2,1,3,1,0,0,1,1,0,2.0,2.88,0.0,0.0,0.0,0.0,0.0,0.0,0.0,0.0,4.88,17
22500262,DAL,NYK,78.0,78.0,"(""D'Angelo Russell"", 'Daniel Gafford', 'Max Christie')",1.166666666666667,2,3,2,1,3,1,0,0,1,1,0,2.0,2.88,0.0,0.0,0.0,0.0,0.0,0.0,0.0,0.0,4.88,17
22500262,DAL,NYK,78.0,78.0,"(""D'Angelo Russell"", 'Daniel Gafford', 'P.J. Washington')",1.166666666666667,2,3,2,1,3,1,0,0,1,1,0,2.0,2.88,0.0,0.0,0.0,0.0,0.0,0.0,0.0,0.0,4.88,17
22500262,DAL,NYK,78.0,78.0,"(""D'Angelo Russell"", 'Klay Thompson', 'Max Christie')",1.166666666666667,2,3,2,1,3,1,0,0,1,1,0,2.0,2.88,0.0,0.0,0.0,0.0,0.0,0.0,0.0,0.0,4.88,17
22500262,DAL,NYK,78.0,78.0,"(""D'Angelo Russell"", 'Klay Thompson', 'P.J. Washington')",1.166666666666667,2,3,2,1,3,1,0,0,1,1,0,2.0,2.88,0.0,0.0,0.0,0.0,0.0,0.0,0.0,0.0,4.88,17
22500262,DAL,NYK,78.0,78.0,"(""D'Angelo Russell"", 'Max Christie', 'P.J. Washington')",1.166666666666667,2,3,2,1,3,1,0,0,1,1,0,2.0,2.88,0.0,0.0,0.0,0.0,0.0,0.0,0.0,0.0,4.88,17
22500262,DAL,NYK,78.0,78.0,"('Daniel Gafford', 'Klay Thompson', 'Max Christie')",1.166666666666667,2,3,2,1,3,1,0,0,1,1,0,2.0,2.88,0.0,0.0,0.0,0.0,0.0,0.0,0.0,0.0,4.88,17
22500262,DAL,NYK,78.0,78.0,"('Daniel Gafford', 'Klay Thompson', 'P.J. Washington')",1.166666666666667,2,3,2,1,3,1,0,0,1,1,0,2.0,2.88,0.0,0.0,0.0,0.0,0.0,0.0,0.0,0.0,4.88,17
22500262,DAL,NYK,78.0,78.0,"('Daniel Gafford', 'Max Christie', 'P.J. Washington')",1.166666666666667,2,3,2,1,3,1,0,0,1,1,0,2.0,2.88,0.0,0.0,0.0,0.0,0.0,0.0,0.0,0.0,4.88,17
22500262,DAL,NYK,78.0,78.0,"('Klay Thompson', 'Max Christie', 'P.J. Washington')",1.166666666666667,2,3,2,1,3,1,0,0,1,1,0,2.0,2.88,0.0,0.0,0.0,0.0,0.0,0.0,0.0,0.0,4.88,17
22500262,DAL,NYK,78.0,78.2,"(""D'Angelo Russell"", 'Daniel Gafford', 'Klay Thompson')",1.0333333333333334,1,0,2,2,1,0,1,0,0,0,0,1.0,2.0,0.0,0.0,0.0,0.0,0.0,0.0,0.0,2.0,3.0,17
22500262,DAL,NYK,78.0,78.2,"(""D'Angelo Russell"", 'Daniel Gafford', 'Max Christie')",1.0333333333333334,1,0,2,2,1,0,1,0,0,0,0,1.0,2.0,0.0,0.0,0.0,0.0,0.0,0.0,0.0,2.0,3.0,17
22500262,DAL,NYK,78.0,78.2,"(""D'Angelo Russell"", 'Daniel Gafford', 'P.J. Washington')",1.0333333333333334,1,0,2,2,1,0,1,0,0,0,0,1.0,2.0,0.0,0.0,0.0,0.0,0.0,0.0,0.0,2.0,3.0,17
22500262,DAL,NYK,78.0,78.2,"(""D'Angelo Russell"", 'Klay Thompson', 'Max Christie')",1.0333333333333334,1,0,2,2,1,0,1,0,0,0,0,1.0,2.0,0.0,0.0,0.0,0.0,0.0,0.0,0.0,2.0,3.0,17
22500262,DAL,NYK,78.0,78.2,"(""D'Angelo Russell"", 'Klay Thompson', 'P.J. Washington')",1.0333333333333334,1,0,2,2,1,0,1,0,0,0,0,1.0,2.0,0.0,0.0,0.0,0.0,0.0,0.0,0.0,2.0,3.0,17
22500262,DAL,NYK,78.0,78.2,"(""D'Angelo Russell"", 'Max Christie', 'P.J. Washington')",1.0333333333333334,1,0,2,2,1,0,1,0,0,0,0,1.0,2.0,0.0,0.0,0.0,0.0,0.0,0.0,0.0,2.0,3.0,17
22500262,DAL,NYK,78.0,78.2,"('Daniel Gafford', 'Klay Thompson', 'Max Christie')",1.0333333333333334,1,0,2,2,1,0,1,0,0,0,0,1.0,2.0,0.0,0.0,0.0,0.0,0.0,0.0,0.0,2.0,3.0,17
22500262,DAL,NYK,78.0,78.2,"('Daniel Gafford', 'Klay Thompson', 'P.J. Washington')",1.0333333333333334,1,0,2,2,1,0,1,0,0,0,0,1.0,2.0,0.0,0.0,0.0,0.0,0.0,0.0,0.0,2.0,3.0,17
22500262,DAL,NYK,78.0,78.2,"('Daniel Gafford', 'Max Christie', 'P.J. Washington')",1.0333333333333334,1,0,2,2,1,0,1,0,0,0,0,1.0,2.0,0.0,0.0,0.0,0.0,0.0,0.0,0.0,2.0,3.0,17
22500262,DAL,NYK,78.0,78.2,"('Klay Thompson', 'Max Christie', 'P.J. Washington')",1.0333333333333334,1,0,2,2,1,0,1,0,0,0,0,1.0,2.0,0.0,0.0,0.0,0.0,0.0,0.0,0.0,2.0,3.0,17
22500262,DAL,NYK,79.2,76.0,"('Brandon Williams', 'Dereck Lively II', 'Klay Thompson')",0.0516666666666666,4,0,1,0,0,0,0,1,0,1,0,1.0,0.44,0.0,0.0,0.0,0.0,0.0,0.0,0.0,0.0,1.44,17
22500262,DAL,NYK,79.2,76.0,"('Brandon Williams', 'Dereck Lively II', 'Max Christie')",0.0516666666666666,4,0,1,0,0,0,0,1,0,1,0,1.0,0.44,0.0,0.0,0.0,0.0,0.0,0.0,0.0,0.0,1.44,17
22500262,DAL,NYK,79.2,76.0,"('Brandon Williams', 'Dereck Lively II', 'P.J. Washington')",0.0516666666666666,4,0,1,0,0,0,0,1,0,1,0,1.0,0.44,0.0,0.0,0.0,0.0,0.0,0.0,0.0,0.0,1.44,17
22500262,DAL,NYK,79.2,76.0,"('Brandon Williams', 'Klay Thompson', 'Max Christie')",0.0516666666666666,4,0,1,0,0,0,0,1,0,1,0,1.0,0.44,0.0,0.0,0.0,0.0,0.0,0.0,0.0,0.0,1.44,17
22500262,DAL,NYK,79.2,76.0,"('Brandon Williams', 'Klay Thompson', 'P.J. Washington')",0.0516666666666666,4,0,1,0,0,0,0,1,0,1,0,1.0,0.44,0.0,0.0,0.0,0.0,0.0,0.0,0.0,0.0,1.44,17
22500262,DAL,NYK,79.2,76.0,"('Brandon Williams', 'Max Christie', 'P.J. Washington')",0.0516666666666666,4,0,1,0,0,0,0,1,0,1,0,1.0,0.44,0.0,0.0,0.0,0.0,0.0,0.0,0.0,0.0,1.44,17
22500262,DAL,NYK,79.2,76.0,"('Dereck Lively II', 'Klay Thompson', 'Max Christie')",0.0516666666666666,4,0,1,0,0,0,0,1,0,1,0,1.0,0.44,0.0,0.0,0.0,0.0,0.0,0.0,0.0,0.0,1.44,17
22500262,DAL,NYK,79.2,76.0,"('Dereck Lively II', 'Klay Thompson', 'P.J. Washington')",0.0516666666666666,4,0,1,0,0,0,0,1,0,1,0,1.0,0.44,0.0,0.0,0.0,0.0,0.0,0.0,0.0,0.0,1.44,17
22500262,DAL,NYK,79.2,76.0,"('Dereck Lively II', 'Max Christie', 'P.J. Washington')",0.0516666666666666,4,0,1,0,0,0,0,1,0,1,0,1.0,0.44,0.0,0.0,0.0,0.0,0.0,0.0,0.0,0.0,1.44,17
22500262,DAL,NYK,79.2,76.0,"('Klay Thompson', 'Max Christie', 'P.J. Washington')",0.0516666666666666,4,0,1,0,0,0,0,1,0,1,0,1.0,0.44,0.0,0.0,0.0,0.0,0.0,0.0,0.0,0.0,1.44,17
22500262,DAL,NYK,78.4,78.0,"('Brandon Williams', 'Daniel Gafford', 'Klay Thompson')",1.4166666666666667,4,5,6,0,0,2,2,1,0,0,0,3.0,2.44,0.0,0.0,0.0,2.0,0.0,0.0,0.0,2.0,5.44,17
22500262,DAL,NYK,78.4,78.0,"('Brandon Williams', 'Daniel Gafford', 'Max Christie')",1.4166666666666667,4,5,6,0,0,2,2,1,0,0,0,3.0,2.44,0.0,0.0,0.0,2.0,0.0,0.0,0.0,2.0,5.44,17
22500262,DAL,NYK,78.4,78.0,"('Brandon Williams', 'Daniel Gafford', 'Naji Marshall')",1.4166666666666667,4,5,6,0,0,2,2,1,0,0,0,3.0,2.44,0.0,0.0,0.0,2.0,0.0,0.0,0.0,2.0,5.44,17
22500262,DAL,NYK,78.4,78.0,"('Brandon Williams', 'Klay Thompson', 'Max Christie')",1.4166666666666667,4,5,6,0,0,2,2,1,0,0,0,3.0,2.44,0.0,0.0,0.0,2.0,0.0,0.0,0.0,2.0,5.44,17
22500262,DAL,NYK,78.4,78.0,"('Brandon Williams', 'Klay Thompson', 'Naji Marshall')",1.4166666666666667,4,5,6,0,0,2,2,1,0,0,0,3.0,2.44,0.0,0.0,0.0,2.0,0.0,0.0,0.0,2.0,5.44,17
22500262,DAL,NYK,78.4,78.0,"('Brandon Williams', 'Max Christie', 'Naji Marshall')",1.4166666666666667,4,5,6,0,0,2,2,1,0,0,0,3.0,2.44,0.0,0.0,0.0,2.0,0.0,0.0,0.0,2.0,5.44,17
22500262,DAL,NYK,78.4,78.0,"('Daniel Gafford', 'Klay Thompson', 'Max Christie')",1.4166666666666667,4,5,6,0,0,2,2,1,0,0,0,3.0,2.44,0.0,0.0,0.0,2.0,0.0,0.0,0.0,2.0,5.44,17
22500262,DAL,NYK,78.4,78.0,"('Daniel Gafford', 'Klay Thompson', 'Naji Marshall')",1.4166666666666667,4,5,6,0,0,2,2,1,0,0,0,3.0,2.44,0.0,0.0,0.0,2.0,0.0,0.0,0.0,2.0,5.44,17
22500262,DAL,NYK,78.4,78.0,"('Daniel Gafford', 'Max Christie', 'Naji Marshall')",1.4166666666666667,4,5,6,0,0,2,2,1,0,0,0,3.0,2.44,0.0,0.0,0.0,2.0,0.0,0.0,0.0,2.0,5.44,17
22500262,DAL,NYK,78.4,78.0,"('Klay Thompson', 'Max Christie', 'Naji Marshall')",1.4166666666666667,4,5,6,0,0,2,2,1,0,0,0,3.0,2.44,0.0,0.0,0.0,2.0,0.0,0.0,0.0,2.0,5.44,17
22500262,DAL,NYK,78.8,77.4,"('Brandon Williams', 'Klay Thompson', 'Max Christie')",1.8500000000000003,4,5,5,1,1,0,1,0,0,0,3,3.2,3.0,0.0,0.0,0.0,0.0,0.0,0.0,2.0,2.0,6.2,17
22500262,DAL,NYK,78.8,77.4,"('Brandon Williams', 'Klay Thompson', 'Moussa Cisse')",1.8500000000000003,4,5,5,1,1,0,1,0,0,0,3,3.2,3.0,0.0,0.0,0.0,0.0,0.0,0.0,2.0,2.0,6.2,17
22500262,DAL,NYK,78.8,77.4,"('Brandon Williams', 'Klay Thompson', 'P.J. Washington')",1.8500000000000003,4,5,5,1,1,0,1,0,0,0,3,3.2,3.0,0.0,0.0,0.0,0.0,0.0,0.0,2.0,2.0,6.2,17
22500262,DAL,NYK,78.8,77.4,"('Brandon Williams', 'Max Christie', 'Moussa Cisse')",1.8500000000000003,4,5,5,1,1,0,1,0,0,0,3,3.2,3.0,0.0,0.0,0.0,0.0,0.0,0.0,2.0,2.0,6.2,17
22500262,DAL,NYK,78.8,77.4,"('Brandon Williams', 'Max Christie', 'P.J. Washington')",1.8500000000000003,4,5,5,1,1,0,1,0,0,0,3,3.2,3.0,0.0,0.0,0.0,0.0,0.0,0.0,2.0,2.0,6.2,17
22500262,DAL,NYK,78.8,77.4,"('Brandon Williams', 'Moussa Cisse', 'P.J. Washington')",1.8500000000000003,4,5,5,1,1,0,1,0,0,0,3,3.2,3.0,0.0,0.0,0.0,0.0,0.0,0.0,2.0,2.0,6.2,17
22500262,DAL,NYK,78.8,77.4,"('Klay Thompson', 'Max Christie', 'Moussa Cisse')",1.8500000000000003,4,5,5,1,1,0,1,0,0,0,3,3.2,3.0,0.0,0.0,0.0,0.0,0.0,0.0,2.0,2.0,6.2,17
22500262,DAL,NYK,78.8,77.4,"('Klay Thompson', 'Max Christie', 'P.J. Washington')",1.8500000000000003,4,5,5,1,1,0,1,0,0,0,3,3.2,3.0,0.0,0.0,0.0,0.0,0.0,0.0,2.0,2.0,6.2,17
22500262,DAL,NYK,78.8,77.4,"('Klay Thompson', 'Moussa Cisse', 'P.J. Washington')",1.8500000000000003,4,5,5,1,1,0,1,0,0,0,3,3.2,3.0,0.0,0.0,0.0,0.0,0.0,0.0,2.0,2.0,6.2,17
22500262,DAL,NYK,78.8,77.4,"('Max Christie', 'Moussa Cisse', 'P.J. Washington')",1.8500000000000003,4,5,5,1,1,0,1,0,0,0,3,3.2,3.0,0.0,0.0,0.0,0.0,0.0,0.0,2.0,2.0,6.2,17
22500262,DAL,NYK,80.0,79.4,"('Daniel Gafford', 'Dereck Lively II', 'Klay Thompson')",0.0,4,1,0,0,0,0,0,0,0,0,0,0.44,0.0,0.0,0.0,0.0,0.0,0.0,0.0,0.0,0.0,0.44,17
22500262,DAL,NYK,80.0,79.4,"('Daniel Gafford', 'Dereck Lively II', 'Max Christie')",0.0,4,1,0,0,0,0,0,0,0,0,0,0.44,0.0,0.0,0.0,0.0,0.0,0.0,0.0,0.0,0.0,0.44,17
22500262,DAL,NYK,80.0,79.4,"('Daniel Gafford', 'Dereck Lively II', 'P.J. Washington')",0.0,4,1,0,0,0,0,0,0,0,0,0,0.44,0.0,0.0,0.0,0.0,0.0,0.0,0.0,0.0,0.0,0.44,17
22500262,DAL,NYK,80.0,79.4,"('Daniel Gafford', 'Klay Thompson', 'Max Christie')",0.0,4,1,0,0,0,0,0,0,0,0,0,0.44,0.0,0.0,0.0,0.0,0.0,0.0,0.0,0.0,0.0,0.44,17
22500262,DAL,NYK,80.0,79.4,"('Daniel Gafford', 'Klay Thompson', 'P.J. Washington')",0.0,4,1,0,0,0,0,0,0,0,0,0,0.44,0.0,0.0,0.0,0.0,0.0,0.0,0.0,0.0,0.0,0.44,17
22500262,DAL,NYK,80.0,79.4,"('Daniel Gafford', 'Max Christie', 'P.J. Washington')",0.0,4,1,0,0,0,0,0,0,0,0,0,0.44,0.0,0.0,0.0,0.0,0.0,0.0,0.0,0.0,0.0,0.44,17
22500262,DAL,NYK,80.0,79.4,"('Dereck Lively II', 'Klay Thompson', 'Max Christie')",0.0,4,1,0,0,0,0,0,0,0,0,0,0.44,0.0,0.0,0.0,0.0,0.0,0.0,0.0,0.0,0.0,0.44,17
22500262,DAL,NYK,80.0,79.4,"('Dereck Lively II', 'Klay Thompson', 'P.J. Washington')",0.0,4,1,0,0,0,0,0,0,0,0,0,0.44,0.0,0.0,0.0,0.0,0.0,0.0,0.0,0.0,0.0,0.44,17
22500262,DAL,NYK,80.0,79.4,"('Dereck Lively II', 'Max Christie', 'P.J. Washington')",0.0,4,1,0,0,0,0,0,0,0,0,0,0.44,0.0,0.0,0.0,0.0,0.0,0.0,0.0,0.0,0.0,0.44,17
22500262,DAL,NYK,80.0,79.4,"('Klay Thompson', 'Max Christie', 'P.J. Washington')",0.0,4,1,0,0,0,0,0,0,0,0,0,0.44,0.0,0.0,0.0,0.0,0.0,0.0,0.0,0.0,0.0,0.44,17
22500262,DAL,NYK,79.4,78.2,"('Brandon Williams', 'Dereck Lively II', 'Klay Thompson')",0.25,3,1,0,1,0,0,0,1,0,1,0,1.44,1.0,0.0,0.0,0.0,0.0,0.0,0.0,0.0,0.0,2.44,17
22500262,DAL,NYK,79.4,78.2,"('Brandon Williams', 'Dereck Lively II', 'Naji Marshall')",0.25,3,1,0,1,0,0,0,1,0,1,0,1.44,1.0,0.0,0.0,0.0,0.0,0.0,0.0,0.0,0.0,2.44,17
22500262,DAL,NYK,79.4,78.2,"('Brandon Williams', 'Dereck Lively II', 'P.J. Washington')",0.25,3,1,0,1,0,0,0,1,0,1,0,1.44,1.0,0.0,0.0,0.0,0.0,0.0,0.0,0.0,0.0,2.44,17
22500262,DAL,NYK,79.4,78.2,"('Brandon Williams', 'Klay Thompson', 'Naji Marshall')",0.25,3,1,0,1,0,0,0,1,0,1,0,1.44,1.0,0.0,0.0,0.0,0.0,0.0,0.0,0.0,0.0,2.44,17
22500262,DAL,NYK,79.4,78.2,"('Brandon Williams', 'Klay Thompson', 'P.J. Washington')",0.25,3,1,0,1,0,0,0,1,0,1,0,1.44,1.0,0.0,0.0,0.0,0.0,0.0,0.0,0.0,0.0,2.44,17
22500262,DAL,NYK,79.4,78.2,"('Brandon Williams', 'Naji Marshall', 'P.J. Washington')",0.25,3,1,0,1,0,0,0,1,0,1,0,1.44,1.0,0.0,0.0,0.0,0.0,0.0,0.0,0.0,0.0,2.44,17
22500262,DAL,NYK,79.4,78.2,"('Dereck Lively II', 'Klay Thompson', 'Naji Marshall')",0.25,3,1,0,1,0,0,0,1,0,1,0,1.44,1.0,0.0,0.0,0.0,0.0,0.0,0.0,0.0,0.0,2.44,17
22500262,DAL,NYK,79.4,78.2,"('Dereck Lively II', 'Klay Thompson', 'P.J. Washington')",0.25,3,1,0,1,0,0,0,1,0,1,0,1.44,1.0,0.0,0.0,0.0,0.0,0.0,0.0,0.0,0.0,2.44,17
22500262,DAL,NYK,79.4,78.2,"('Dereck Lively II', 'Naji Marshall', 'P.J. Washington')",0.25,3,1,0,1,0,0,0,1,0,1,0,1.44,1.0,0.0,0.0,0.0,0.0,0.0,0.0,0.0,0.0,2.44,17
22500262,DAL,NYK,79.4,78.2,"('Klay Thompson', 'Naji Marshall', 'P.J. Washington')",0.25,3,1,0,1,0,0,0,1,0,1,0,1.44,1.0,0.0,0.0,0.0,0.0,0.0,0.0,0.0,0.0,2.44,17
22500262,DAL,NYK,78.8,79.4,"('Brandon Williams', 'Daniel Gafford', 'Klay Thompson')",1.5,3,3,6,0,2,1,1,0,0,1,0,3.0,2.88,0.0,0.0,0.0,0.0,2.0,0.0,0.0,2.0,5.88,17
22500262,DAL,NYK,78.8,79.4,"('Brandon Williams', 'Daniel Gafford', 'Naji Marshall')",1.5,3,3,6,0,2,1,1,0,0,1,0,3.0,2.88,0.0,0.0,0.0,0.0,2.0,0.0,0.0,2.0,5.88,17
22500262,DAL,NYK,78.8,79.4,"('Brandon Williams', 'Daniel Gafford', 'P.J. Washington')",1.5,3,3,6,0,2,1,1,0,0,1,0,3.0,2.88,0.0,0.0,0.0,0.0,2.0,0.0,0.0,2.0,5.88,17
22500262,DAL,NYK,78.8,79.4,"('Brandon Williams', 'Klay Thompson', 'Naji Marshall')",1.5,3,3,6,0,2,1,1,0,0,1,0,3.0,2.88,0.0,0.0,0.0,0.0,2.0,0.0,0.0,2.0,5.88,17
22500262,DAL,NYK,78.8,79.4,"('Brandon Williams', 'Klay Thompson', 'P.J. Washington')",1.5,3,3,6,0,2,1,1,0,0,1,0,3.0,2.88,0.0,0.0,0.0,0.0,2.0,0.0,0.0,2.0,5.88,17
22500262,DAL,NYK,78.8,79.4,"('Brandon Williams', 'Naji Marshall', 'P.J. Washington')",1.5,3,3,6,0,2,1,1,0,0,1,0,3.0,2.88,0.0,0.0,0.0,0.0,2.0,0.0,0.0,2.0,5.88,17
22500262,DAL,NYK,78.8,79.4,"('Daniel Gafford', 'Klay Thompson', 'Naji Marshall')",1.5,3,3,6,0,2,1,1,0,0,1,0,3.0,2.88,0.0,0.0,0.0,0.0,2.0,0.0,0.0,2.0,5.88,17
22500262,DAL,NYK,78.8,79.4,"('Daniel Gafford', 'Klay Thompson', 'P.J. Washington')",1.5,3,3,6,0,2,1,1,0,0,1,0,3.0,2.88,0.0,0.0,0.0,0.0,2.0,0.0,0.0,2.0,5.88,17
22500262,DAL,NYK,78.8,79.4,"('Daniel Gafford', 'Naji Marshall', 'P.J. Washington')",1.5,3,3,6,0,2,1,1,0,0,1,0,3.0,2.88,0.0,0.0,0.0,0.0,2.0,0.0,0.0,2.0,5.88,17
22500262,DAL,NYK,78.8,79.4,"('Klay Thompson', 'Naji Marshall', 'P.J. Washington')",1.5,3,3,6,0,2,1,1,0,0,1,0,3.0,2.88,0.0,0.0,0.0,0.0,2.0,0.0,0.0,2.0,5.88,17
22500262,DAL,NYK,78.0,78.0,"(""D'Angelo Russell"", 'Dereck Lively II', 'Jaden Hardy')",2.0883333333333334,3,10,9,3,1,2,3,0,0,0,1,5.44,5.44,2.0,0.0,3.0,4.0,0.0,0.0,3.0,2.0,10.88,17
22500262,DAL,NYK,78.0,78.0,"(""D'Angelo Russell"", 'Dereck Lively II', 'Max Christie')",2.0883333333333334,3,10,9,3,1,2,3,0,0,0,1,5.44,5.44,2.0,0.0,3.0,4.0,0.0,0.0,3.0,2.0,10.88,17
22500262,DAL,NYK,78.0,78.0,"(""D'Angelo Russell"", 'Dereck Lively II', 'Naji Marshall')",2.0883333333333334,3,10,9,3,1,2,3,0,0,0,1,5.44,5.44,2.0,0.0,3.0,4.0,0.0,0.0,3.0,2.0,10.88,17
22500262,DAL,NYK,78.0,78.0,"(""D'Angelo Russell"", 'Jaden Hardy', 'Max Christie')",2.0883333333333334,3,10,9,3,1,2,3,0,0,0,1,5.44,5.44,2.0,0.0,3.0,4.0,0.0,0.0,3.0,2.0,10.88,17
22500262,DAL,NYK,78.0,78.0,"(""D'Angelo Russell"", 'Jaden Hardy', 'Naji Marshall')",2.0883333333333334,3,10,9,3,1,2,3,0,0,0,1,5.44,5.44,2.0,0.0,3.0,4.0,0.0,0.0,3.0,2.0,10.88,17
22500262,DAL,NYK,78.0,78.0,"(""D'Angelo Russell"", 'Max Christie', 'Naji Marshall')",2.0883333333333334,3,10,9,3,1,2,3,0,0,0,1,5.44,5.44,2.0,0.0,3.0,4.0,0.0,0.0,3.0,2.0,10.88,17
22500262,DAL,NYK,78.0,78.0,"('Dereck Lively II', 'Jaden Hardy', 'Max Christie')",2.0883333333333334,3,10,9,3,1,2,3,0,0,0,1,5.44,5.44,2.0,0.0,3.0,4.0,0.0,0.0,3.0,2.0,10.88,17
22500262,DAL,NYK,78.0,78.0,"('Dereck Lively II', 'Jaden Hardy', 'Naji Marshall')",2.0883333333333334,3,10,9,3,1,2,3,0,0,0,1,5.44,5.44,2.0,0.0,3.0,4.0,0.0,0.0,3.0,2.0,10.88,17
22500262,DAL,NYK,78.0,78.0,"('Dereck Lively II', 'Max Christie', 'Naji Marshall')",2.0883333333333334,3,10,9,3,1,2,3,0,0,0,1,5.44,5.44,2.0,0.0,3.0,4.0,0.0,0.0,3.0,2.0,10.88,17
22500262,DAL,NYK,78.0,78.0,"('Jaden Hardy', 'Max Christie', 'Naji Marshall')",2.0883333333333334,3,10,9,3,1,2,3,0,0,0,1,5.44,5.44,2.0,0.0,3.0,4.0,0.0,0.0,3.0,2.0,10.88,17
22500262,DAL,NYK,77.8,78.0,"(""D'Angelo Russell"", 'Daniel Gafford', 'Jaden Hardy')",1.9,3,6,9,0,1,1,3,0,0,1,0,4.0,5.0,0.0,0.0,0.0,2.0,0.0,2.0,0.0,6.0,9.0,17
22500262,DAL,NYK,77.8,78.0,"(""D'Angelo Russell"", 'Daniel Gafford', 'Naji Marshall')",1.9,3,6,9,0,1,1,3,0,0,1,0,4.0,5.0,0.0,0.0,0.0,2.0,0.0,2.0,0.0,6.0,9.0,17
22500262,DAL,NYK,77.8,78.0,"(""D'Angelo Russell"", 'Daniel Gafford', 'P.J. Washington')",1.9,3,6,9,0,1,1,3,0,0,1,0,4.0,5.0,0.0,0.0,0.0,2.0,0.0,2.0,0.0,6.0,9.0,17
22500262,DAL,NYK,77.8,78.0,"(""D'Angelo Russell"", 'Jaden Hardy', 'Naji Marshall')",1.9,3,6,9,0,1,1,3,0,0,1,0,4.0,5.0,0.0,0.0,0.0,2.0,0.0,2.0,0.0,6.0,9.0,17
22500262,DAL,NYK,77.8,78.0,"(""D'Angelo Russell"", 'Jaden Hardy', 'P.J. Washington')",1.9,3,6,9,0,1,1,3,0,0,1,0,4.0,5.0,0.0,0.0,0.0,2.0,0.0,2.0,0.0,6.0,9.0,17
22500262,DAL,NYK,77.8,78.0,"(""D'Angelo Russell"", 'Naji Marshall', 'P.J. Washington')",1.9,3,6,9,0,1,1,3,0,0,1,0,4.0,5.0,0.0,0.0,0.0,2.0,0.0,2.0,0.0,6.0,9.0,17
22500262,DAL,NYK,77.8,78.0,"('Daniel Gafford', 'Jaden Hardy', 'Naji Marshall')",1.9,3,6,9,0,1,1,3,0,0,1,0,4.0,5.0,0.0,0.0,0.0,2.0,0.0,2.0,0.0,6.0,9.0,17
22500262,DAL,NYK,77.8,78.0,"('Daniel Gafford', 'Jaden Hardy', 'P.J. Washington')",1.9,3,6,9,0,1,1,3,0,0,1,0,4.0,5.0,0.0,0.0,0.0,2.0,0.0,2.0,0.0,6.0,9.0,17
22500262,DAL,NYK,77.8,78.0,"('Daniel Gafford', 'Naji Marshall', 'P.J. Washington')",1.9,3,6,9,0,1,1,3,0,0,1,0,4.0,5.0,0.0,0.0,0.0,2.0,0.0,2.0,0.0,6.0,9.0,17
22500262,DAL,NYK,77.8,78.0,"('Jaden Hardy', 'Naji Marshall', 'P.J. Washington')",1.9,3,6,9,0,1,1,3,0,0,1,0,4.0,5.0,0.0,0.0,0.0,2.0,0.0,2.0,0.0,6.0,9.0,17
22500262,DAL,NYK,79.2,78.2,"('Brandon Williams', 'Dereck Lively II', 'Klay Thompson')",4.749999999999997,3,10,9,4,5,3,3,1,2,1,1,9.44,8.88,0.0,0.0,2.0,4.0,0.0,5.0,0.0,2.0,18.32,17
22500262,DAL,NYK,79.2,78.2,"('Brandon Williams', 'Dereck Lively II', 'Max Christie')",4.749999999999997,3,10,9,4,5,3,3,1,2,1,1,9.44,8.88,0.0,0.0,2.0,4.0,0.0,5.0,0.0,2.0,18.32,17
22500262,DAL,NYK,79.2,78.2,"('Brandon Williams', 'Dereck Lively II', 'P.J. Washington')",4.749999999999997,3,10,9,4,5,3,3,1,2,1,1,9.44,8.88,0.0,0.0,2.0,4.0,0.0,5.0,0.0,2.0,18.32,17
22500262,DAL,NYK,79.2,78.2,"('Brandon Williams', 'Klay Thompson', 'Max Christie')",4.749999999999997,3,10,9,4,5,3,3,1,2,1,1,9.44,8.88,0.0,0.0,2.0,4.0,0.0,5.0,0.0,2.0,18.32,17
22500262,DAL,NYK,79.2,78.2,"('Brandon Williams', 'Klay Thompson', 'P.J. Washington')",4.749999999999997,3,10,9,4,5,3,3,1,2,1,1,9.44,8.88,0.0,0.0,2.0,4.0,0.0,5.0,0.0,2.0,18.32,17
22500262,DAL,NYK,79.2,78.2,"('Brandon Williams', 'Max Christie', 'P.J. Washington')",4.749999999999997,3,10,9,4,5,3,3,1,2,1,1,9.44,8.88,0.0,0.0,2.0,4.0,0.0,5.0,0.0,2.0,18.32,17
22500262,DAL,NYK,79.2,78.2,"('Dereck Lively II', 'Klay Thompson', 'Max Christie')",4.749999999999997,3,10,9,4,5,3,3,1,2,1,1,9.44,8.88,0.0,0.0,2.0,4.0,0.0,5.0,0.0,2.0,18.32,17
22500262,DAL,NYK,79.2,78.2,"('Dereck Lively II', 'Klay Thompson', 'P.J. Washington')",4.749999999999997,3,10,9,4,5,3,3,1,2,1,1,9.44,8.88,0.0,0.0,2.0,4.0,0.0,5.0,0.0,2.0,18.32,17
22500262,DAL,NYK,79.2,78.2,"('Dereck Lively II', 'Max Christie', 'P.J. Washington')",4.749999999999997,3,10,9,4,5,3,3,1,2,1,1,9.44,8.88,0.0,0.0,2.0,4.0,0.0,5.0,0.0,2.0,18.32,17
22500262,DAL,NYK,79.2,78.2,"('Klay Thompson', 'Max Christie', 'P.J. Washington')",4.749999999999997,3,10,9,4,5,3,3,1,2,1,1,9.44,8.88,0.0,0.0,2.0,4.0,0.0,5.0,0.0,2.0,18.32,17
22500262,DAL,NYK,78.0,78.0,"(""D'Angelo Russell"", 'Daniel Gafford', 'Klay Thompson')",0.225,4,0,0,0,1,0,0,0,0,1,1,2.0,0.0,0.0,0.0,0.0,0.0,0.0,0.0,0.0,0.0,2.0,17
22500262,DAL,NYK,78.0,78.0,"(""D'Angelo Russell"", 'Daniel Gafford', 'Max Christie')",0.225,4,0,0,0,1,0,0,0,0,1,1,2.0,0.0,0.0,0.0,0.0,0.0,0.0,0.0,0.0,0.0,2.0,17
22500262,DAL,NYK,78.0,78.0,"(""D'Angelo Russell"", 'Daniel Gafford', 'P.J. Washington')",0.225,4,0,0,0,1,0,0,0,0,1,1,2.0,0.0,0.0,0.0,0.0,0.0,0.0,0.0,0.0,0.0,2.0,17
22500262,DAL,NYK,78.0,78.0,"(""D'Angelo Russell"", 'Klay Thompson', 'Max Christie')",0.225,4,0,0,0,1,0,0,0,0,1,1,2.0,0.0,0.0,0.0,0.0,0.0,0.0,0.0,0.0,0.0,2.0,17
22500262,DAL,NYK,78.0,78.0,"(""D'Angelo Russell"", 'Klay Thompson', 'P.J. Washington')",0.225,4,0,0,0,1,0,0,0,0,1,1,2.0,0.0,0.0,0.0,0.0,0.0,0.0,0.0,0.0,0.0,2.0,17
22500262,DAL,NYK,78.0,78.0,"(""D'Angelo Russell"", 'Max Christie', 'P.J. Washington')",0.225,4,0,0,0,1,0,0,0,0,1,1,2.0,0.0,0.0,0.0,0.0,0.0,0.0,0.0,0.0,0.0,2.0,17
22500262,DAL,NYK,78.0,78.0,"('Daniel Gafford', 'Klay Thompson', 'Max Christie')",0.225,4,0,0,0,1,0,0,0,0,1,1,2.0,0.0,0.0,0.0,0.0,0.0,0.0,0.0,0.0,0.0,2.0,17
22500262,DAL,NYK,78.0,78.0,"('Daniel Gafford', 'Klay Thompson', 'P.J. Washington')",0.225,4,0,0,0,1,0,0,0,0,1,1,2.0,0.0,0.0,0.0,0.0,0.0,0.0,0.0,0.0,0.0,2.0,17
22500262,DAL,NYK,78.0,78.0,"('Daniel Gafford', 'Max Christie', 'P.J. Washington')",0.225,4,0,0,0,1,0,0,0,0,1,1,2.0,0.0,0.0,0.0,0.0,0.0,0.0,0.0,0.0,0.0,2.0,17
22500262,DAL,NYK,78.0,78.0,"('Klay Thompson', 'Max Christie', 'P.J. Washington')",0.225,4,0,0,0,1,0,0,0,0,1,1,2.0,0.0,0.0,0.0,0.0,0.0,0.0,0.0,0.0,0.0,2.0,17
22500262,DAL,NYK,78.2,78.0,"(""D'Angelo Russell"", 'Daniel Gafford', 'Max Christie')",2.3766666666666665,4,2,6,3,3,0,2,2,0,1,1,4.88,5.0,0.0,0.0,0.0,0.0,3.0,0.0,3.0,0.0,9.88,17
22500262,DAL,NYK,78.2,78.0,"(""D'Angelo Russell"", 'Daniel Gafford', 'Naji Marshall')",2.3766666666666665,4,2,6,3,3,0,2,2,0,1,1,4.88,5.0,0.0,0.0,0.0,0.0,3.0,0.0,3.0,0.0,9.88,17
22500262,DAL,NYK,78.2,78.0,"(""D'Angelo Russell"", 'Daniel Gafford', 'P.J. Washington')",2.3766666666666665,4,2,6,3,3,0,2,2,0,1,1,4.88,5.0,0.0,0.0,0.0,0.0,3.0,0.0,3.0,0.0,9.88,17
22500262,DAL,NYK,78.2,78.0,"(""D'Angelo Russell"", 'Max Christie', 'Naji Marshall')",2.3766666666666665,4,2,6,3,3,0,2,2,0,1,1,4.88,5.0,0.0,0.0,0.0,0.0,3.0,0.0,3.0,0.0,9.88,17
22500262,DAL,NYK,78.2,78.0,"(""D'Angelo Russell"", 'Max Christie', 'P.J. Washington')",2.3766666666666665,4,2,6,3,3,0,2,2,0,1,1,4.88,5.0,0.0,0.0,0.0,0.0,3.0,0.0,3.0,0.0,9.88,17
22500262,DAL,NYK,78.2,78.0,"(""D'Angelo Russell"", 'Naji Marshall', 'P.J. Washington')",2.3766666666666665,4,2,6,3,3,0,2,2,0,1,1,4.88,5.0,0.0,0.0,0.0,0.0,3.0,0.0,3.0,0.0,9.88,17
22500262,DAL,NYK,78.2,78.0,"('Daniel Gafford', 'Max Christie', 'Naji Marshall')",2.3766666666666665,4,2,6,3,3,0,2,2,0,1,1,4.88,5.0,0.0,0.0,0.0,0.0,3.0,0.0,3.0,0.0,9.88,17
22500262,DAL,NYK,78.2,78.0,"('Daniel Gafford', 'Max Christie', 'P.J. Washington')",2.3766666666666665,4,2,6,3,3,0,2,2,0,1,1,4.88,5.0,0.0,0.0,0.0,0.0,3.0,0.0,3.0,0.0,9.88,17
22500262,DAL,NYK,78.2,78.0,"('Daniel Gafford', 'Naji Marshall', 'P.J. Washington')",2.3766666666666665,4,2,6,3,3,0,2,2,0,1,1,4.88,5.0,0.0,0.0,0.0,0.0,3.0,0.0,3.0,0.0,9.88,17
22500262,DAL,NYK,78.2,78.0,"('Max Christie', 'Naji Marshall', 'P.J. Washington')",2.3766666666666665,4,2,6,3,3,0,2,2,0,1,1,4.88,5.0,0.0,0.0,0.0,0.0,3.0,0.0,3.0,0.0,9.88,17
22500262,DAL,NYK,77.4,78.0,"(""D'Angelo Russell"", 'Daniel Gafford', 'Jaden Hardy')",0.9833333333333332,4,3,1,1,0,1,0,0,0,1,0,2.0,2.44,0.0,0.0,0.0,0.0,0.0,0.0,0.0,0.0,4.44,17
22500262,DAL,NYK,77.4,78.0,"(""D'Angelo Russell"", 'Daniel Gafford', 'Max Christie')",0.9833333333333332,4,3,1,1,0,1,0,0,0,1,0,2.0,2.44,0.0,0.0,0.0,0.0,0.0,0.0,0.0,0.0,4.44,17
22500262,DAL,NYK,77.4,78.0,"(""D'Angelo Russell"", 'Daniel Gafford', 'Naji Marshall')",0.9833333333333332,4,3,1,1,0,1,0,0,0,1,0,2.0,2.44,0.0,0.0,0.0,0.0,0.0,0.0,0.0,0.0,4.44,17
22500262,DAL,NYK,77.4,78.0,"(""D'Angelo Russell"", 'Jaden Hardy', 'Max Christie')",0.9833333333333332,4,3,1,1,0,1,0,0,0,1,0,2.0,2.44,0.0,0.0,0.0,0.0,0.0,0.0,0.0,0.0,4.44,17
22500262,DAL,NYK,77.4,78.0,"(""D'Angelo Russell"", 'Jaden Hardy', 'Naji Marshall')",0.9833333333333332,4,3,1,1,0,1,0,0,0,1,0,2.0,2.44,0.0,0.0,0.0,0.0,0.0,0.0,0.0,0.0,4.44,17
22500262,DAL,NYK,77.4,78.0,"(""D'Angelo Russell"", 'Max Christie', 'Naji Marshall')",0.9833333333333332,4,3,1,1,0,1,0,0,0,1,0,2.0,2.44,0.0,0.0,0.0,0.0,0.0,0.0,0.0,0.0,4.44,17
22500262,DAL,NYK,77.4,78.0,"('Daniel Gafford', 'Jaden Hardy', 'Max Christie')",0.9833333333333332,4,3,1,1,0,1,0,0,0,1,0,2.0,2.44,0.0,0.0,0.0,0.0,0.0,0.0,0.0,0.0,4.44,17
22500262,DAL,NYK,77.4,78.0,"('Daniel Gafford', 'Jaden Hardy', 'Naji Marshall')",0.9833333333333332,4,3,1,1,0,1,0,0,0,1,0,2.0,2.44,0.0,0.0,0.0,0.0,0.0,0.0,0.0,0.0,4.44,17
22500262,DAL,NYK,77.4,78.0,"('Daniel Gafford', 'Max Christie', 'Naji Marshall')",0.9833333333333332,4,3,1,1,0,1,0,0,0,1,0,2.0,2.44,0.0,0.0,0.0,0.0,0.0,0.0,0.0,0.0,4.44,17
22500262,DAL,NYK,77.4,78.0,"('Jaden Hardy', 'Max Christie', 'Naji Marshall')",0.9833333333333332,4,3,1,1,0,1,0,0,0,1,0,2.0,2.44,0.0,0.0,0.0,0.0,0.0,0.0,0.0,0.0,4.44,17
22500262,DAL,NYK,77.8,77.4,"('Brandon Williams', 'Klay Thompson', 'Max Christie')",0.385,4,1,0,2,1,0,0,0,0,3,1,1.44,5.0,0.0,0.0,0.0,0.0,0.0,0.0,0.0,0.0,6.44,17
22500262,DAL,NYK,77.8,77.4,"('Brandon Williams', 'Klay Thompson', 'Naji Marshall')",0.385,4,1,0,2,1,0,0,0,0,3,1,1.44,5.0,0.0,0.0,0.0,0.0,0.0,0.0,0.0,0.0,6.44,17
22500262,DAL,NYK,77.8,77.4,"('Brandon Williams', 'Klay Thompson', 'P.J. Washington')",0.385,4,1,0,2,1,0,0,0,0,3,1,1.44,5.0,0.0,0.0,0.0,0.0,0.0,0.0,0.0,0.0,6.44,17
22500262,DAL,NYK,77.8,77.4,"('Brandon Williams', 'Max Christie', 'Naji Marshall')",0.385,4,1,0,2,1,0,0,0,0,3,1,1.44,5.0,0.0,0.0,0.0,0.0,0.0,0.0,0.0,0.0,6.44,17
22500262,DAL,NYK,77.8,77.4,"('Brandon Williams', 'Max Christie', 'P.J. Washington')",0.385,4,1,0,2,1,0,0,0,0,3,1,1.44,5.0,0.0,0.0,0.0,0.0,0.0,0.0,0.0,0.0,6.44,17
22500262,DAL,NYK,77.8,77.4,"('Brandon Williams', 'Naji Marshall', 'P.J. Washington')",0.385,4,1,0,2,1,0,0,0,0,3,1,1.44,5.0,0.0,0.0,0.0,0.0,0.0,0.0,0.0,0.0,6.44,17
22500262,DAL,NYK,77.8,77.4,"('Klay Thompson', 'Max Christie', 'Naji Marshall')",0.385,4,1,0,2,1,0,0,0,0,3,1,1.44,5.0,0.0,0.0,0.0,0.0,0.0,0.0,0.0,0.0,6.44,17
22500262,DAL,NYK,77.8,77.4,"('Klay Thompson', 'Max Christie', 'P.J. Washington')",0.385,4,1,0,2,1,0,0,0,0,3,1,1.44,5.0,0.0,0.0,0.0,0.0,0.0,0.0,0.0,0.0,6.44,17
22500262,DAL,NYK,77.8,77.4,"('Klay Thompson', 'Naji Marshall', 'P.J. Washington')",0.385,4,1,0,2,1,0,0,0,0,3,1,1.44,5.0,0.0,0.0,0.0,0.0,0.0,0.0,0.0,0.0,6.44,17
22500262,DAL,NYK,77.8,77.4,"('Max Christie', 'Naji Marshall', 'P.J. Washington')",0.385,4,1,0,2,1,0,0,0,0,3,1,1.44,5.0,0.0,0.0,0.0,0.0,0.0,0.0,0.0,0.0,6.44,17
22500262,DAL,NYK,79.0,77.4,"('Brandon Williams', 'Max Christie', 'Moussa Cisse')",1.0833333333333333,4,3,2,1,1,1,0,0,1,0,0,2.44,2.0,2.0,2.0,0.0,2.0,0.0,0.0,2.0,2.0,4.44,17
22500262,DAL,NYK,79.0,77.4,"('Brandon Williams', 'Max Christie', 'Naji Marshall')",1.0833333333333333,4,3,2,1,1,1,0,0,1,0,0,2.44,2.0,2.0,2.0,0.0,2.0,0.0,0.0,2.0,2.0,4.44,17
22500262,DAL,NYK,79.0,77.4,"('Brandon Williams', 'Max Christie', 'P.J. Washington')",1.0833333333333333,4,3,2,1,1,1,0,0,1,0,0,2.44,2.0,2.0,2.0,0.0,2.0,0.0,0.0,2.0,2.0,4.44,17
22500262,DAL,NYK,79.0,77.4,"('Brandon Williams', 'Moussa Cisse', 'Naji Marshall')",1.0833333333333333,4,3,2,1,1,1,0,0,1,0,0,2.44,2.0,2.0,2.0,0.0,2.0,0.0,0.0,2.0,2.0,4.44,17
22500262,DAL,NYK,79.0,77.4,"('Brandon Williams', 'Moussa Cisse', 'P.J. Washington')",1.0833333333333333,4,3,2,1,1,1,0,0,1,0,0,2.44,2.0,2.0,2.0,0.0,2.0,0.0,0.0,2.0,2.0,4.44,17
22500262,DAL,NYK,79.0,77.4,"('Brandon Williams', 'Naji Marshall', 'P.J. Washington')",1.0833333333333333,4,3,2,1,1,1,0,0,1,0,0,2.44,2.0,2.0,2.0,0.0,2.0,0.0,0.0,2.0,2.0,4.44,17
22500262,DAL,NYK,79.0,77.4,"('Max Christie', 'Moussa Cisse', 'Naji Marshall')",1.0833333333333333,4,3,2,1,1,1,0,0,1,0,0,2.44,2.0,2.0,2.0,0.0,2.0,0.0,0.0,2.0,2.0,4.44,17
22500262,DAL,NYK,79.0,77.4,"('Max Christie', 'Moussa Cisse', 'P.J. Washington')",1.0833333333333333,4,3,2,1,1,1,0,0,1,0,0,2.44,2.0,2.0,2.0,0.0,2.0,0.0,0.0,2.0,2.0,4.44,17
22500262,DAL,NYK,79.0,77.4,"('Max Christie', 'Naji Marshall', 'P.J. Washington')",1.0833333333333333,4,3,2,1,1,1,0,0,1,0,0,2.44,2.0,2.0,2.0,0.0,2.0,0.0,0.0,2.0,2.0,4.44,17
22500262,DAL,NYK,79.0,77.4,"('Moussa Cisse', 'Naji Marshall', 'P.J. Washington')",1.0833333333333333,4,3,2,1,1,1,0,0,1,0,0,2.44,2.0,2.0,2.0,0.0,2.0,0.0,0.0,2.0,2.0,4.44,17
22500262,DAL,NYK,78.8,78.0,"('Brandon Williams', 'Daniel Gafford', 'Max Christie')",1.5333333333333332,4,1,3,2,1,0,1,0,0,0,1,3.44,3.0,0.0,0.0,0.0,0.0,0.0,0.0,0.0,0.0,6.44,17
22500262,DAL,NYK,78.8,78.0,"('Brandon Williams', 'Daniel Gafford', 'Naji Marshall')",1.5333333333333332,4,1,3,2,1,0,1,0,0,0,1,3.44,3.0,0.0,0.0,0.0,0.0,0.0,0.0,0.0,0.0,6.44,17
22500262,DAL,NYK,78.8,78.0,"('Brandon Williams', 'Daniel Gafford', 'P.J. Washington')",1.5333333333333332,4,1,3,2,1,0,1,0,0,0,1,3.44,3.0,0.0,0.0,0.0,0.0,0.0,0.0,0.0,0.0,6.44,17
22500262,DAL,NYK,78.8,78.0,"('Brandon Williams', 'Max Christie', 'Naji Marshall')",1.5333333333333332,4,1,3,2,1,0,1,0,0,0,1,3.44,3.0,0.0,0.0,0.0,0.0,0.0,0.0,0.0,0.0,6.44,17
22500262,DAL,NYK,78.8,78.0,"('Brandon Williams', 'Max Christie', 'P.J. Washington')",1.5333333333333332,4,1,3,2,1,0,1,0,0,0,1,3.44,3.0,0.0,0.0,0.0,0.0,0.0,0.0,0.0,0.0,6.44,17
22500262,DAL,NYK,78.8,78.0,"('Brandon Williams', 'Naji Marshall', 'P.J. Washington')",1.5333333333333332,4,1,3,2,1,0,1,0,0,0,1,3.44,3.0,0.0,0.0,0.0,0.0,0.0,0.0,0.0,0.0,6.44,17
22500262,DAL,NYK,78.8,78.0,"('Daniel Gafford', 'Max Christie', 'Naji Marshall')",1.5333333333333332,4,1,3,2,1,0,1,0,0,0,1,3.44,3.0,0.0,0.0,0.0,0.0,0.0,0.0,0.0,0.0,6.44,17
22500262,DAL,NYK,78.8,78.0,"('Daniel Gafford', 'Max Christie', 'P.J. Washington')",1.5333333333333332,4,1,3,2,1,0,1,0,0,0,1,3.44,3.0,0.0,0.0,0.0,0.0,0.0,0.0,0.0,0.0,6.44,17
22500262,DAL,NYK,78.8,78.0,"('Daniel Gafford', 'Naji Marshall', 'P.J. Washington')",1.5333333333333332,4,1,3,2,1,0,1,0,0,0,1,3.44,3.0,0.0,0.0,0.0,0.0,0.0,0.0,0.0,0.0,6.44,17
22500262,DAL,NYK,78.8,78.0,"('Max Christie', 'Naji Marshall', 'P.J. Washington')",1.5333333333333332,4,1,3,2,1,0,1,0,0,0,1,3.44,3.0,0.0,0.0,0.0,0.0,0.0,0.0,0.0,0.0,6.44,17
22500262,DAL,NYK,78.0,78.2,"(""D'Angelo Russell"", 'Dereck Lively II', 'Jaden Hardy')",1.916666666666667,4,5,2,3,1,0,1,1,0,1,1,3.88,5.0,0.0,0.0,0.0,0.0,0.0,0.0,0.0,2.0,8.879999999999999,17
22500262,DAL,NYK,78.0,78.2,"(""D'Angelo Russell"", 'Dereck Lively II', 'Max Christie')",1.916666666666667,4,5,2,3,1,0,1,1,0,1,1,3.88,5.0,0.0,0.0,0.0,0.0,0.0,0.0,0.0,2.0,8.879999999999999,17
22500262,DAL,NYK,78.0,78.2,"(""D'Angelo Russell"", 'Dereck Lively II', 'Naji Marshall')",1.916666666666667,4,5,2,3,1,0,1,1,0,1,1,3.88,5.0,0.0,0.0,0.0,0.0,0.0,0.0,0.0,2.0,8.879999999999999,17
22500262,DAL,NYK,78.0,78.2,"(""D'Angelo Russell"", 'Jaden Hardy', 'Max Christie')",1.916666666666667,4,5,2,3,1,0,1,1,0,1,1,3.88,5.0,0.0,0.0,0.0,0.0,0.0,0.0,0.0,2.0,8.879999999999999,17
22500262,DAL,NYK,78.0,78.2,"(""D'Angelo Russell"", 'Jaden Hardy', 'Naji Marshall')",1.916666666666667,4,5,2,3,1,0,1,1,0,1,1,3.88,5.0,0.0,0.0,0.0,0.0,0.0,0.0,0.0,2.0,8.879999999999999,17
22500262,DAL,NYK,78.0,78.2,"(""D'Angelo Russell"", 'Max Christie', 'Naji Marshall')",1.916666666666667,4,5,2,3,1,0,1,1,0,1,1,3.88,5.0,0.0,0.0,0.0,0.0,0.0,0.0,0.0,2.0,8.879999999999999,17
22500262,DAL,NYK,78.0,78.2,"('Dereck Lively II', 'Jaden Hardy', 'Max Christie')",1.916666666666667,4,5,2,3,1,0,1,1,0,1,1,3.88,5.0,0.0,0.0,0.0,0.0,0.0,0.0,0.0,2.0,8.879999999999999,17
22500262,DAL,NYK,78.0,78.2,"('Dereck Lively II', 'Jaden Hardy', 'Naji Marshall')",1.916666666666667,4,5,2,3,1,0,1,1,0,1,1,3.88,5.0,0.0,0.0,0.0,0.0,0.0,0.0,0.0,2.0,8.879999999999999,17
22500262,DAL,NYK,78.0,78.2,"('Dereck Lively II', 'Max Christie', 'Naji Marshall')",1.916666666666667,4,5,2,3,1,0,1,1,0,1,1,3.88,5.0,0.0,0.0,0.0,0.0,0.0,0.0,0.0,2.0,8.879999999999999,17
22500262,DAL,NYK,78.0,78.2,"('Jaden Hardy', 'Max Christie', 'Naji Marshall')",1.916666666666667,4,5,2,3,1,0,1,1,0,1,1,3.88,5.0,0.0,0.0,0.0,0.0,0.0,0.0,0.0,2.0,8.879999999999999,17
22500262,DAL,NYK,78.2,78.4,"(""D'Angelo Russell"", 'Daniel Gafford', 'Klay Thompson')",0.1833333333333333,2,0,0,1,0,0,0,0,0,0,1,0.0,1.0,0.0,0.0,0.0,0.0,0.0,0.0,0.0,0.0,1.0,17
22500262,DAL,NYK,78.2,78.4,"(""D'Angelo Russell"", 'Daniel Gafford', 'Naji Marshall')",0.1833333333333333,2,0,0,1,0,0,0,0,0,0,1,0.0,1.0,0.0,0.0,0.0,0.0,0.0,0.0,0.0,0.0,1.0,17
22500262,DAL,NYK,78.2,78.4,"(""D'Angelo Russell"", 'Daniel Gafford', 'P.J. Washington')",0.1833333333333333,2,0,0,1,0,0,0,0,0,0,1,0.0,1.0,0.0,0.0,0.0,0.0,0.0,0.0,0.0,0.0,1.0,17
22500262,DAL,NYK,78.2,78.4,"(""D'Angelo Russell"", 'Klay Thompson', 'Naji Marshall')",0.1833333333333333,2,0,0,1,0,0,0,0,0,0,1,0.0,1.0,0.0,0.0,0.0,0.0,0.0,0.0,0.0,0.0,1.0,17
22500262,DAL,NYK,78.2,78.4,"(""D'Angelo Russell"", 'Klay Thompson', 'P.J. Washington')",0.1833333333333333,2,0,0,1,0,0,0,0,0,0,1,0.0,1.0,0.0,0.0,0.0,0.0,0.0,0.0,0.0,0.0,1.0,17
22500262,DAL,NYK,78.2,78.4,"(""D'Angelo Russell"", 'Naji Marshall', 'P.J. Washington')",0.1833333333333333,2,0,0,1,0,0,0,0,0,0,1,0.0,1.0,0.0,0.0,0.0,0.0,0.0,0.0,0.0,0.0,1.0,17
22500262,DAL,NYK,78.2,78.4,"('Daniel Gafford', 'Klay Thompson', 'Naji Marshall')",0.1833333333333333,2,0,0,1,0,0,0,0,0,0,1,0.0,1.0,0.0,0.0,0.0,0.0,0.0,0.0,0.0,0.0,1.0,17
22500262,DAL,NYK,78.2,78.4,"('Daniel Gafford', 'Klay Thompson', 'P.J. Washington')",0.1833333333333333,2,0,0,1,0,0,0,0,0,0,1,0.0,1.0,0.0,0.0,0.0,0.0,0.0,0.0,0.0,0.0,1.0,17
22500262,DAL,NYK,78.2,78.4,"('Daniel Gafford', 'Naji Marshall', 'P.J. Washington')",0.1833333333333333,2,0,0,1,0,0,0,0,0,0,1,0.0,1.0,0.0,0.0,0.0,0.0,0.0,0.0,0.0,0.0,1.0,17
22500262,DAL,NYK,78.2,78.4,"('Klay Thompson', 'Naji Marshall', 'P.J. Washington')",0.1833333333333333,2,0,0,1,0,0,0,0,0,0,1,0.0,1.0,0.0,0.0,0.0,0.0,0.0,0.0,0.0,0.0,1.0,17
22500262,DAL,NYK,79.0,79.0,"('Brandon Williams', 'Dereck Lively II', 'Klay Thompson')",4.366666666666666,2,4,5,6,5,0,1,3,1,1,4,8.76,8.44,0.0,0.0,0.0,0.0,0.0,0.0,0.0,4.0,17.2,17
22500262,DAL,NYK,79.0,79.0,"('Brandon Williams', 'Dereck Lively II', 'Max Christie')",4.366666666666666,2,4,5,6,5,0,1,3,1,1,4,8.76,8.44,0.0,0.0,0.0,0.0,0.0,0.0,0.0,4.0,17.2,17
22500262,DAL,NYK,79.0,79.0,"('Brandon Williams', 'Dereck Lively II', 'Naji Marshall')",4.366666666666666,2,4,5,6,5,0,1,3,1,1,4,8.76,8.44,0.0,0.0,0.0,0.0,0.0,0.0,0.0,4.0,17.2,17
22500262,DAL,NYK,79.0,79.0,"('Brandon Williams', 'Klay Thompson', 'Max Christie')",4.366666666666666,2,4,5,6,5,0,1,3,1,1,4,8.76,8.44,0.0,0.0,0.0,0.0,0.0,0.0,0.0,4.0,17.2,17
22500262,DAL,NYK,79.0,79.0,"('Brandon Williams', 'Klay Thompson', 'Naji Marshall')",4.366666666666666,2,4,5,6,5,0,1,3,1,1,4,8.76,8.44,0.0,0.0,0.0,0.0,0.0,0.0,0.0,4.0,17.2,17
22500262,DAL,NYK,79.0,79.0,"('Brandon Williams', 'Max Christie', 'Naji Marshall')",4.366666666666666,2,4,5,6,5,0,1,3,1,1,4,8.76,8.44,0.0,0.0,0.0,0.0,0.0,0.0,0.0,4.0,17.2,17
22500262,DAL,NYK,79.0,79.0,"('Dereck Lively II', 'Klay Thompson', 'Max Christie')",4.366666666666666,2,4,5,6,5,0,1,3,1,1,4,8.76,8.44,0.0,0.0,0.0,0.0,0.0,0.0,0.0,4.0,17.2,17
22500262,DAL,NYK,79.0,79.0,"('Dereck Lively II', 'Klay Thompson', 'Naji Marshall')",4.366666666666666,2,4,5,6,5,0,1,3,1,1,4,8.76,8.44,0.0,0.0,0.0,0.0,0.0,0.0,0.0,4.0,17.2,17
22500262,DAL,NYK,79.0,79.0,"('Dereck Lively II', 'Max Christie', 'Naji Marshall')",4.366666666666666,2,4,5,6,5,0,1,3,1,1,4,8.76,8.44,0.0,0.0,0.0,0.0,0.0,0.0,0.0,4.0,17.2,17
22500262,DAL,NYK,79.0,79.0,"('Klay Thompson', 'Max Christie', 'Naji Marshall')",4.366666666666666,2,4,5,6,5,0,1,3,1,1,4,8.76,8.44,0.0,0.0,0.0,0.0,0.0,0.0,0.0,4.0,17.2,17
22500262,DAL,NYK,78.6,78.4,"('Daniel Gafford', 'Klay Thompson', 'Max Christie')",2.911666666666666,2,4,11,1,4,0,2,1,0,1,1,7.88,7.44,0.0,0.0,0.0,2.0,2.0,2.0,0.0,8.0,15.32,17
22500262,DAL,NYK,78.6,78.4,"('Daniel Gafford', 'Klay Thompson', 'Naji Marshall')",2.911666666666666,2,4,11,1,4,0,2,1,0,1,1,7.88,7.44,0.0,0.0,0.0,2.0,2.0,2.0,0.0,8.0,15.32,17
22500262,DAL,NYK,78.6,78.4,"('Daniel Gafford', 'Klay Thompson', 'P.J. Washington')",2.911666666666666,2,4,11,1,4,0,2,1,0,1,1,7.88,7.44,0.0,0.0,0.0,2.0,2.0,2.0,0.0,8.0,15.32,17
22500262,DAL,NYK,78.6,78.4,"('Daniel Gafford', 'Max Christie', 'Naji Marshall')",2.911666666666666,2,4,11,1,4,0,2,1,0,1,1,7.88,7.44,0.0,0.0,0.0,2.0,2.0,2.0,0.0,8.0,15.32,17
22500262,DAL,NYK,78.6,78.4,"('Daniel Gafford', 'Max Christie', 'P.J. Washington')",2.911666666666666,2,4,11,1,4,0,2,1,0,1,1,7.88,7.44,0.0,0.0,0.0,2.0,2.0,2.0,0.0,8.0,15.32,17
22500262,DAL,NYK,78.6,78.4,"('Daniel Gafford', 'Naji Marshall', 'P.J. Washington')",2.911666666666666,2,4,11,1,4,0,2,1,0,1,1,7.88,7.44,0.0,0.0,0.0,2.0,2.0,2.0,0.0,8.0,15.32,17
22500262,DAL,NYK,78.6,78.4,"('Klay Thompson', 'Max Christie', 'Naji Marshall')",2.911666666666666,2,4,11,1,4,0,2,1,0,1,1,7.88,7.44,0.0,0.0,0.0,2.0,2.0,2.0,0.0,8.0,15.32,17
22500262,DAL,NYK,78.6,78.4,"('Klay Thompson', 'Max Christie', 'P.J. Washington')",2.911666666666666,2,4,11,1,4,0,2,1,0,1,1,7.88,7.44,0.0,0.0,0.0,2.0,2.0,2.0,0.0,8.0,15.32,17
22500262,DAL,NYK,78.6,78.4,"('Klay Thompson', 'Naji Marshall', 'P.J. Washington')",2.911666666666666,2,4,11,1,4,0,2,1,0,1,1,7.88,7.44,0.0,0.0,0.0,2.0,2.0,2.0,0.0,8.0,15.32,17
22500262,DAL,NYK,78.6,78.4,"('Max Christie', 'Naji Marshall', 'P.J. Washington')",2.911666666666666,2,4,11,1,4,0,2,1,0,1,1,7.88,7.44,0.0,0.0,0.0,2.0,2.0,2.0,0.0,8.0,15.32,17
22500262,DAL,NYK,77.4,78.0,"(""D'Angelo Russell"", 'Daniel Gafford', 'Jaden Hardy')",1.4,3,5,2,2,1,0,0,0,1,2,1,3.0,3.88,0.0,3.0,0.0,2.0,0.0,0.0,0.0,0.0,6.88,17
22500262,DAL,NYK,77.4,78.0,"(""D'Angelo Russell"", 'Daniel Gafford', 'Max Christie')",1.4,3,5,2,2,1,0,0,0,1,2,1,3.0,3.88,0.0,3.0,0.0,2.0,0.0,0.0,0.0,0.0,6.88,17
22500262,DAL,NYK,77.4,78.0,"(""D'Angelo Russell"", 'Daniel Gafford', 'Naji Marshall')",1.4,3,5,2,2,1,0,0,0,1,2,1,3.0,3.88,0.0,3.0,0.0,2.0,0.0,0.0,0.0,0.0,6.88,17
22500262,DAL,NYK,77.4,78.0,"(""D'Angelo Russell"", 'Jaden Hardy', 'Max Christie')",1.4,3,5,2,2,1,0,0,0,1,2,1,3.0,3.88,0.0,3.0,0.0,2.0,0.0,0.0,0.0,0.0,6.88,17
22500262,DAL,NYK,77.4,78.0,"(""D'Angelo Russell"", 'Jaden Hardy', 'Naji Marshall')",1.4,3,5,2,2,1,0,0,0,1,2,1,3.0,3.88,0.0,3.0,0.0,2.0,0.0,0.0,0.0,0.0,6.88,17
22500262,DAL,NYK,77.4,78.0,"(""D'Angelo Russell"", 'Max Christie', 'Naji Marshall')",1.4,3,5,2,2,1,0,0,0,1,2,1,3.0,3.88,0.0,3.0,0.0,2.0,0.0,0.0,0.0,0.0,6.88,17
22500262,DAL,NYK,77.4,78.0,"('Daniel Gafford', 'Jaden Hardy', 'Max Christie')",1.4,3,5,2,2,1,0,0,0,1,2,1,3.0,3.88,0.0,3.0,0.0,2.0,0.0,0.0,0.0,0.0,6.88,17
22500262,DAL,NYK,77.4,78.0,"('Daniel Gafford', 'Jaden Hardy', 'Naji Marshall')",1.4,3,5,2,2,1,0,0,0,1,2,1,3.0,3.88,0.0,3.0,0.0,2.0,0.0,0.0,0.0,0.0,6.88,17
22500262,DAL,NYK,77.4,78.0,"('Daniel Gafford', 'Max Christie', 'Naji Marshall')",1.4,3,5,2,2,1,0,0,0,1,2,1,3.0,3.88,0.0,3.0,0.0,2.0,0.0,0.0,0.0,0.0,6.88,17
22500262,DAL,NYK,77.4,78.0,"('Jaden Hardy', 'Max Christie', 'Naji Marshall')",1.4,3,5,2,2,1,0,0,0,1,2,1,3.0,3.88,0.0,3.0,0.0,2.0,0.0,0.0,0.0,0.0,6.88,17
22500262,DAL,NYK,77.6,77.4,"(""D'Angelo Russell"", 'Jaden Hardy', 'Max Christie')",2.285,1,5,9,1,2,1,1,2,0,0,0,5.0,5.44,0.0,0.0,0.0,2.0,5.0,0.0,3.0,2.0,10.44,17
22500262,DAL,NYK,77.6,77.4,"(""D'Angelo Russell"", 'Jaden Hardy', 'Moussa Cisse')",2.285,1,5,9,1,2,1,1,2,0,0,0,5.0,5.44,0.0,0.0,0.0,2.0,5.0,0.0,3.0,2.0,10.44,17
22500262,DAL,NYK,77.6,77.4,"(""D'Angelo Russell"", 'Jaden Hardy', 'Naji Marshall')",2.285,1,5,9,1,2,1,1,2,0,0,0,5.0,5.44,0.0,0.0,0.0,2.0,5.0,0.0,3.0,2.0,10.44,17
22500262,DAL,NYK,77.6,77.4,"(""D'Angelo Russell"", 'Max Christie', 'Moussa Cisse')",2.285,1,5,9,1,2,1,1,2,0,0,0,5.0,5.44,0.0,0.0,0.0,2.0,5.0,0.0,3.0,2.0,10.44,17
22500262,DAL,NYK,77.6,77.4,"(""D'Angelo Russell"", 'Max Christie', 'Naji Marshall')",2.285,1,5,9,1,2,1,1,2,0,0,0,5.0,5.44,0.0,0.0,0.0,2.0,5.0,0.0,3.0,2.0,10.44,17
22500262,DAL,NYK,77.6,77.4,"(""D'Angelo Russell"", 'Moussa Cisse', 'Naji Marshall')",2.285,1,5,9,1,2,1,1,2,0,0,0,5.0,5.44,0.0,0.0,0.0,2.0,5.0,0.0,3.0,2.0,10.44,17
22500262,DAL,NYK,77.6,77.4,"('Jaden Hardy', 'Max Christie', 'Moussa Cisse')",2.285,1,5,9,1,2,1,1,2,0,0,0,5.0,5.44,0.0,0.0,0.0,2.0,5.0,0.0,3.0,2.0,10.44,17
22500262,DAL,NYK,77.6,77.4,"('Jaden Hardy', 'Max Christie', 'Naji Marshall')",2.285,1,5,9,1,2,1,1,2,0,0,0,5.0,5.44,0.0,0.0,0.0,2.0,5.0,0.0,3.0,2.0,10.44,17
22500262,DAL,NYK,77.6,77.4,"('Jaden Hardy', 'Moussa Cisse', 'Naji Marshall')",2.285,1,5,9,1,2,1,1,2,0,0,0,5.0,5.44,0.0,0.0,0.0,2.0,5.0,0.0,3.0,2.0,10.44,17
22500262,DAL,NYK,77.6,77.4,"('Max Christie', 'Moussa Cisse', 'Naji Marshall')",2.285,1,5,9,1,2,1,1,2,0,0,0,5.0,5.44,0.0,0.0,0.0,2.0,5.0,0.0,3.0,2.0,10.44,17
22500262,DAL,NYK,77.8,77.4,"(""D'Angelo Russell"", 'Daniel Gafford', 'Jaden Hardy')",3.3666666666666663,1,9,4,5,3,3,2,1,0,3,0,6.0,7.0,0.0,0.0,0.0,0.0,2.0,0.0,0.0,2.0,13.0,17
22500262,DAL,NYK,77.8,77.4,"(""D'Angelo Russell"", 'Daniel Gafford', 'Naji Marshall')",3.3666666666666663,1,9,4,5,3,3,2,1,0,3,0,6.0,7.0,0.0,0.0,0.0,0.0,2.0,0.0,0.0,2.0,13.0,17
22500262,DAL,NYK,77.8,77.4,"(""D'Angelo Russell"", 'Daniel Gafford', 'P.J. Washington')",3.3666666666666663,1,9,4,5,3,3,2,1,0,3,0,6.0,7.0,0.0,0.0,0.0,0.0,2.0,0.0,0.0,2.0,13.0,17
22500262,DAL,NYK,77.8,77.4,"(""D'Angelo Russell"", 'Jaden Hardy', 'Naji Marshall')",3.3666666666666663,1,9,4,5,3,3,2,1,0,3,0,6.0,7.0,0.0,0.0,0.0,0.0,2.0,0.0,0.0,2.0,13.0,17
22500262,DAL,NYK,77.8,77.4,"(""D'Angelo Russell"", 'Jaden Hardy', 'P.J. Washington')",3.3666666666666663,1,9,4,5,3,3,2,1,0,3,0,6.0,7.0,0.0,0.0,0.0,0.0,2.0,0.0,0.0,2.0,13.0,17
22500262,DAL,NYK,77.8,77.4,"(""D'Angelo Russell"", 'Naji Marshall', 'P.J. Washington')",3.3666666666666663,1,9,4,5,3,3,2,1,0,3,0,6.0,7.0,0.0,0.0,0.0,0.0,2.0,0.0,0.0,2.0,13.0,17
22500262,DAL,NYK,77.8,77.4,"('Daniel Gafford', 'Jaden Hardy', 'Naji Marshall')",3.3666666666666663,1,9,4,5,3,3,2,1,0,3,0,6.0,7.0,0.0,0.0,0.0,0.0,2.0,0.0,0.0,2.0,13.0,17
22500262,DAL,NYK,77.8,77.4,"('Daniel Gafford', 'Jaden Hardy', 'P.J. Washington')",3.3666666666666663,1,9,4,5,3,3,2,1,0,3,0,6.0,7.0,0.0,0.0,0.0,0.0,2.0,0.0,0.0,2.0,13.0,17
22500262,DAL,NYK,77.8,77.4,"('Daniel Gafford', 'Naji Marshall', 'P.J. Washington')",3.3666666666666663,1,9,4,5,3,3,2,1,0,3,0,6.0,7.0,0.0,0.0,0.0,0.0,2.0,0.0,0.0,2.0,13.0,17
22500262,DAL,NYK,77.8,77.4,"('Jaden Hardy', 'Naji Marshall', 'P.J. Washington')",3.3666666666666663,1,9,4,5,3,3,2,1,0,3,0,6.0,7.0,0.0,0.0,0.0,0.0,2.0,0.0,0.0,2.0,13.0,17
22500273,DAL,MEM,79.4,80.6,"('Brandon Williams', 'Cooper Flagg', 'Daniel Gafford')",4.35,1,6,10,3,7,1,2,1,1,1,1,7.88,8.88,0.0,0.0,0.0,4.0,2.0,0.0,2.0,8.0,16.76,18
22500273,DAL,MEM,79.4,80.6,"('Brandon Williams', 'Cooper Flagg', 'Max Christie')",4.35,1,6,10,3,7,1,2,1,1,1,1,7.88,8.88,0.0,0.0,0.0,4.0,2.0,0.0,2.0,8.0,16.76,18
22500273,DAL,MEM,79.4,80.6,"('Brandon Williams', 'Cooper Flagg', 'P.J. Washington')",4.35,1,6,10,3,7,1,2,1,1,1,1,7.88,8.88,0.0,0.0,0.0,4.0,2.0,0.0,2.0,8.0,16.76,18
22500273,DAL,MEM,79.4,80.6,"('Brandon Williams', 'Daniel Gafford', 'Max Christie')",4.35,1,6,10,3,7,1,2,1,1,1,1,7.88,8.88,0.0,0.0,0.0,4.0,2.0,0.0,2.0,8.0,16.76,18
22500273,DAL,MEM,79.4,80.6,"('Brandon Williams', 'Daniel Gafford', 'P.J. Washington')",4.35,1,6,10,3,7,1,2,1,1,1,1,7.88,8.88,0.0,0.0,0.0,4.0,2.0,0.0,2.0,8.0,16.76,18
22500273,DAL,MEM,79.4,80.6,"('Brandon Williams', 'Max Christie', 'P.J. Washington')",4.35,1,6,10,3,7,1,2,1,1,1,1,7.88,8.88,0.0,0.0,0.0,4.0,2.0,0.0,2.0,8.0,16.76,18
22500273,DAL,MEM,79.4,80.6,"('Cooper Flagg', 'Daniel Gafford', 'Max Christie')",4.35,1,6,10,3,7,1,2,1,1,1,1,7.88,8.88,0.0,0.0,0.0,4.0,2.0,0.0,2.0,8.0,16.76,18
22500273,DAL,MEM,79.4,80.6,"('Cooper Flagg', 'Daniel Gafford', 'P.J. Washington')",4.35,1,6,10,3,7,1,2,1,1,1,1,7.88,8.88,0.0,0.0,0.0,4.0,2.0,0.0,2.0,8.0,16.76,18
22500273,DAL,MEM,79.4,80.6,"('Cooper Flagg', 'Max Christie', 'P.J. Washington')",4.35,1,6,10,3,7,1,2,1,1,1,1,7.88,8.88,0.0,0.0,0.0,4.0,2.0,0.0,2.0,8.0,16.76,18
22500273,DAL,MEM,79.4,80.6,"('Daniel Gafford', 'Max Christie', 'P.J. Washington')",4.35,1,6,10,3,7,1,2,1,1,1,1,7.88,8.88,0.0,0.0,0.0,4.0,2.0,0.0,2.0,8.0,16.76,18
22500273,DAL,MEM,78.4,78.2,"('Jaden Hardy', 'Klay Thompson', 'Moussa Cisse')",1.2833333333333337,1,3,2,2,2,1,0,1,1,0,0,3.0,3.0,0.0,0.0,0.0,0.0,0.0,0.0,2.0,2.0,6.0,18
22500273,DAL,MEM,78.4,78.2,"('Jaden Hardy', 'Klay Thompson', 'Naji Marshall')",1.2833333333333337,1,3,2,2,2,1,0,1,1,0,0,3.0,3.0,0.0,0.0,0.0,0.0,0.0,0.0,2.0,2.0,6.0,18
22500273,DAL,MEM,78.4,78.2,"('Jaden Hardy', 'Klay Thompson', 'P.J. Washington')",1.2833333333333337,1,3,2,2,2,1,0,1,1,0,0,3.0,3.0,0.0,0.0,0.0,0.0,0.0,0.0,2.0,2.0,6.0,18
22500273,DAL,MEM,78.4,78.2,"('Jaden Hardy', 'Moussa Cisse', 'Naji Marshall')",1.2833333333333337,1,3,2,2,2,1,0,1,1,0,0,3.0,3.0,0.0,0.0,0.0,0.0,0.0,0.0,2.0,2.0,6.0,18
22500273,DAL,MEM,78.4,78.2,"('Jaden Hardy', 'Moussa Cisse', 'P.J. Washington')",1.2833333333333337,1,3,2,2,2,1,0,1,1,0,0,3.0,3.0,0.0,0.0,0.0,0.0,0.0,0.0,2.0,2.0,6.0,18
22500273,DAL,MEM,78.4,78.2,"('Jaden Hardy', 'Naji Marshall', 'P.J. Washington')",1.2833333333333337,1,3,2,2,2,1,0,1,1,0,0,3.0,3.0,0.0,0.0,0.0,0.0,0.0,0.0,2.0,2.0,6.0,18
22500273,DAL,MEM,78.4,78.2,"('Klay Thompson', 'Moussa Cisse', 'Naji Marshall')",1.2833333333333337,1,3,2,2,2,1,0,1,1,0,0,3.0,3.0,0.0,0.0,0.0,0.0,0.0,0.0,2.0,2.0,6.0,18
22500273,DAL,MEM,78.4,78.2,"('Klay Thompson', 'Moussa Cisse', 'P.J. Washington')",1.2833333333333337,1,3,2,2,2,1,0,1,1,0,0,3.0,3.0,0.0,0.0,0.0,0.0,0.0,0.0,2.0,2.0,6.0,18
22500273,DAL,MEM,78.4,78.2,"('Klay Thompson', 'Naji Marshall', 'P.J. Washington')",1.2833333333333337,1,3,2,2,2,1,0,1,1,0,0,3.0,3.0,0.0,0.0,0.0,0.0,0.0,0.0,2.0,2.0,6.0,18
22500273,DAL,MEM,78.4,78.2,"('Moussa Cisse', 'Naji Marshall', 'P.J. Washington')",1.2833333333333337,1,3,2,2,2,1,0,1,1,0,0,3.0,3.0,0.0,0.0,0.0,0.0,0.0,0.0,2.0,2.0,6.0,18
22500273,DAL,MEM,78.6,78.6,"('Cooper Flagg', 'Daniel Gafford', 'Jaden Hardy')",2.9316666666666675,1,2,4,3,5,0,2,0,1,0,0,7.0,5.0,0.0,0.0,0.0,2.0,0.0,0.0,0.0,2.0,12.0,18
22500273,DAL,MEM,78.6,78.6,"('Cooper Flagg', 'Daniel Gafford', 'Klay Thompson')",2.9316666666666675,1,2,4,3,5,0,2,0,1,0,0,7.0,5.0,0.0,0.0,0.0,2.0,0.0,0.0,0.0,2.0,12.0,18
22500273,DAL,MEM,78.6,78.6,"('Cooper Flagg', 'Daniel Gafford', 'Naji Marshall')",2.9316666666666675,1,2,4,3,5,0,2,0,1,0,0,7.0,5.0,0.0,0.0,0.0,2.0,0.0,0.0,0.0,2.0,12.0,18
22500273,DAL,MEM,78.6,78.6,"('Cooper Flagg', 'Jaden Hardy', 'Klay Thompson')",2.9316666666666675,1,2,4,3,5,0,2,0,1,0,0,7.0,5.0,0.0,0.0,0.0,2.0,0.0,0.0,0.0,2.0,12.0,18
22500273,DAL,MEM,78.6,78.6,"('Cooper Flagg', 'Jaden Hardy', 'Naji Marshall')",2.9316666666666675,1,2,4,3,5,0,2,0,1,0,0,7.0,5.0,0.0,0.0,0.0,2.0,0.0,0.0,0.0,2.0,12.0,18
22500273,DAL,MEM,78.6,78.6,"('Cooper Flagg', 'Klay Thompson', 'Naji Marshall')",2.9316666666666675,1,2,4,3,5,0,2,0,1,0,0,7.0,5.0,0.0,0.0,0.0,2.0,0.0,0.0,0.0,2.0,12.0,18
22500273,DAL,MEM,78.6,78.6,"('Daniel Gafford', 'Jaden Hardy', 'Klay Thompson')",2.9316666666666675,1,2,4,3,5,0,2,0,1,0,0,7.0,5.0,0.0,0.0,0.0,2.0,0.0,0.0,0.0,2.0,12.0,18
22500273,DAL,MEM,78.6,78.6,"('Daniel Gafford', 'Jaden Hardy', 'Naji Marshall')",2.9316666666666675,1,2,4,3,5,0,2,0,1,0,0,7.0,5.0,0.0,0.0,0.0,2.0,0.0,0.0,0.0,2.0,12.0,18
22500273,DAL,MEM,78.6,78.6,"('Daniel Gafford', 'Klay Thompson', 'Naji Marshall')",2.9316666666666675,1,2,4,3,5,0,2,0,1,0,0,7.0,5.0,0.0,0.0,0.0,2.0,0.0,0.0,0.0,2.0,12.0,18
22500273,DAL,MEM,78.6,78.6,"('Jaden Hardy', 'Klay Thompson', 'Naji Marshall')",2.9316666666666675,1,2,4,3,5,0,2,0,1,0,0,7.0,5.0,0.0,0.0,0.0,2.0,0.0,0.0,0.0,2.0,12.0,18
22500273,DAL,MEM,79.0,78.4,"('Brandon Williams', 'Klay Thompson', 'Moussa Cisse')",0.7166666666666667,3,2,4,1,0,0,1,0,0,1,0,1.0,1.44,0.0,0.0,2.0,2.0,0.0,0.0,0.0,0.0,2.44,18
22500273,DAL,MEM,79.0,78.4,"('Brandon Williams', 'Klay Thompson', 'Naji Marshall')",0.7166666666666667,3,2,4,1,0,0,1,0,0,1,0,1.0,1.44,0.0,0.0,2.0,2.0,0.0,0.0,0.0,0.0,2.44,18
22500273,DAL,MEM,79.0,78.4,"('Brandon Williams', 'Klay Thompson', 'P.J. Washington')",0.7166666666666667,3,2,4,1,0,0,1,0,0,1,0,1.0,1.44,0.0,0.0,2.0,2.0,0.0,0.0,0.0,0.0,2.44,18
22500273,DAL,MEM,79.0,78.4,"('Brandon Williams', 'Moussa Cisse', 'Naji Marshall')",0.7166666666666667,3,2,4,1,0,0,1,0,0,1,0,1.0,1.44,0.0,0.0,2.0,2.0,0.0,0.0,0.0,0.0,2.44,18
22500273,DAL,MEM,79.0,78.4,"('Brandon Williams', 'Moussa Cisse', 'P.J. Washington')",0.7166666666666667,3,2,4,1,0,0,1,0,0,1,0,1.0,1.44,0.0,0.0,2.0,2.0,0.0,0.0,0.0,0.0,2.44,18
22500273,DAL,MEM,79.0,78.4,"('Brandon Williams', 'Naji Marshall', 'P.J. Washington')",0.7166666666666667,3,2,4,1,0,0,1,0,0,1,0,1.0,1.44,0.0,0.0,2.0,2.0,0.0,0.0,0.0,0.0,2.44,18
22500273,DAL,MEM,79.0,78.4,"('Klay Thompson', 'Moussa Cisse', 'Naji Marshall')",0.7166666666666667,3,2,4,1,0,0,1,0,0,1,0,1.0,1.44,0.0,0.0,2.0,2.0,0.0,0.0,0.0,0.0,2.44,18
22500273,DAL,MEM,79.0,78.4,"('Klay Thompson', 'Moussa Cisse', 'P.J. Washington')",0.7166666666666667,3,2,4,1,0,0,1,0,0,1,0,1.0,1.44,0.0,0.0,2.0,2.0,0.0,0.0,0.0,0.0,2.44,18
22500273,DAL,MEM,79.0,78.4,"('Klay Thompson', 'Naji Marshall', 'P.J. Washington')",0.7166666666666667,3,2,4,1,0,0,1,0,0,1,0,1.0,1.44,0.0,0.0,2.0,2.0,0.0,0.0,0.0,0.0,2.44,18
22500273,DAL,MEM,79.0,78.4,"('Moussa Cisse', 'Naji Marshall', 'P.J. Washington')",0.7166666666666667,3,2,4,1,0,0,1,0,0,1,0,1.0,1.44,0.0,0.0,2.0,2.0,0.0,0.0,0.0,0.0,2.44,18
22500273,DAL,MEM,79.4,80.6,"('Brandon Williams', 'Cooper Flagg', 'Daniel Gafford')",5.016666666666667,3,7,17,2,7,1,6,1,0,2,2,9.88,8.44,0.0,0.0,0.0,2.0,0.0,2.0,4.0,10.0,18.32,18
22500273,DAL,MEM,79.4,80.6,"('Brandon Williams', 'Cooper Flagg', 'Max Christie')",5.016666666666667,3,7,17,2,7,1,6,1,0,2,2,9.88,8.44,0.0,0.0,0.0,2.0,0.0,2.0,4.0,10.0,18.32,18
22500273,DAL,MEM,79.4,80.6,"('Brandon Williams', 'Cooper Flagg', 'P.J. Washington')",5.016666666666667,3,7,17,2,7,1,6,1,0,2,2,9.88,8.44,0.0,0.0,0.0,2.0,0.0,2.0,4.0,10.0,18.32,18
22500273,DAL,MEM,79.4,80.6,"('Brandon Williams', 'Daniel Gafford', 'Max Christie')",5.016666666666667,3,7,17,2,7,1,6,1,0,2,2,9.88,8.44,0.0,0.0,0.0,2.0,0.0,2.0,4.0,10.0,18.32,18
22500273,DAL,MEM,79.4,80.6,"('Brandon Williams', 'Daniel Gafford', 'P.J. Washington')",5.016666666666667,3,7,17,2,7,1,6,1,0,2,2,9.88,8.44,0.0,0.0,0.0,2.0,0.0,2.0,4.0,10.0,18.32,18
22500273,DAL,MEM,79.4,80.6,"('Brandon Williams', 'Max Christie', 'P.J. Washington')",5.016666666666667,3,7,17,2,7,1,6,1,0,2,2,9.88,8.44,0.0,0.0,0.0,2.0,0.0,2.0,4.0,10.0,18.32,18
22500273,DAL,MEM,79.4,80.6,"('Cooper Flagg', 'Daniel Gafford', 'Max Christie')",5.016666666666667,3,7,17,2,7,1,6,1,0,2,2,9.88,8.44,0.0,0.0,0.0,2.0,0.0,2.0,4.0,10.0,18.32,18
22500273,DAL,MEM,79.4,80.6,"('Cooper Flagg', 'Daniel Gafford', 'P.J. Washington')",5.016666666666667,3,7,17,2,7,1,6,1,0,2,2,9.88,8.44,0.0,0.0,0.0,2.0,0.0,2.0,4.0,10.0,18.32,18
22500273,DAL,MEM,79.4,80.6,"('Cooper Flagg', 'Max Christie', 'P.J. Washington')",5.016666666666667,3,7,17,2,7,1,6,1,0,2,2,9.88,8.44,0.0,0.0,0.0,2.0,0.0,2.0,4.0,10.0,18.32,18
22500273,DAL,MEM,79.4,80.6,"('Daniel Gafford', 'Max Christie', 'P.J. Washington')",5.016666666666667,3,7,17,2,7,1,6,1,0,2,2,9.88,8.44,0.0,0.0,0.0,2.0,0.0,2.0,4.0,10.0,18.32,18
22500273,DAL,MEM,79.0,80.0,"('Caleb Martin', 'Cooper Flagg', 'Daniel Gafford')",0.2266666666666666,3,1,1,0,0,0,0,0,0,1,0,0.44,0.44,0.0,0.0,0.0,0.0,0.0,0.0,0.0,0.0,0.88,18
22500273,DAL,MEM,79.0,80.0,"('Caleb Martin', 'Cooper Flagg', 'Klay Thompson')",0.2266666666666666,3,1,1,0,0,0,0,0,0,1,0,0.44,0.44,0.0,0.0,0.0,0.0,0.0,0.0,0.0,0.0,0.88,18
22500273,DAL,MEM,79.0,80.0,"('Caleb Martin', 'Cooper Flagg', 'Naji Marshall')",0.2266666666666666,3,1,1,0,0,0,0,0,0,1,0,0.44,0.44,0.0,0.0,0.0,0.0,0.0,0.0,0.0,0.0,0.88,18
22500273,DAL,MEM,79.0,80.0,"('Caleb Martin', 'Daniel Gafford', 'Klay Thompson')",0.2266666666666666,3,1,1,0,0,0,0,0,0,1,0,0.44,0.44,0.0,0.0,0.0,0.0,0.0,0.0,0.0,0.0,0.88,18
22500273,DAL,MEM,79.0,80.0,"('Caleb Martin', 'Daniel Gafford', 'Naji Marshall')",0.2266666666666666,3,1,1,0,0,0,0,0,0,1,0,0.44,0.44,0.0,0.0,0.0,0.0,0.0,0.0,0.0,0.0,0.88,18
22500273,DAL,MEM,79.0,80.0,"('Caleb Martin', 'Klay Thompson', 'Naji Marshall')",0.2266666666666666,3,1,1,0,0,0,0,0,0,1,0,0.44,0.44,0.0,0.0,0.0,0.0,0.0,0.0,0.0,0.0,0.88,18
22500273,DAL,MEM,79.0,80.0,"('Cooper Flagg', 'Daniel Gafford', 'Klay Thompson')",0.2266666666666666,3,1,1,0,0,0,0,0,0,1,0,0.44,0.44,0.0,0.0,0.0,0.0,0.0,0.0,0.0,0.0,0.88,18
22500273,DAL,MEM,79.0,80.0,"('Cooper Flagg', 'Daniel Gafford', 'Naji Marshall')",0.2266666666666666,3,1,1,0,0,0,0,0,0,1,0,0.44,0.44,0.0,0.0,0.0,0.0,0.0,0.0,0.0,0.0,0.88,18
22500273,DAL,MEM,79.0,80.0,"('Cooper Flagg', 'Klay Thompson', 'Naji Marshall')",0.2266666666666666,3,1,1,0,0,0,0,0,0,1,0,0.44,0.44,0.0,0.0,0.0,0.0,0.0,0.0,0.0,0.0,0.88,18
22500273,DAL,MEM,79.0,80.0,"('Daniel Gafford', 'Klay Thompson', 'Naji Marshall')",0.2266666666666666,3,1,1,0,0,0,0,0,0,1,0,0.44,0.44,0.0,0.0,0.0,0.0,0.0,0.0,0.0,0.0,0.88,18
22500273,DAL,MEM,77.2,78.4,"('Caleb Martin', 'Jaden Hardy', 'Klay Thompson')",1.5666666666666669,3,5,5,1,1,1,1,0,0,1,0,3.0,2.44,0.0,0.0,2.0,2.0,0.0,2.0,0.0,4.0,5.44,18
22500273,DAL,MEM,77.2,78.4,"('Caleb Martin', 'Jaden Hardy', 'Naji Marshall')",1.5666666666666669,3,5,5,1,1,1,1,0,0,1,0,3.0,2.44,0.0,0.0,2.0,2.0,0.0,2.0,0.0,4.0,5.44,18
22500273,DAL,MEM,77.2,78.4,"('Caleb Martin', 'Jaden Hardy', 'P.J. Washington')",1.5666666666666669,3,5,5,1,1,1,1,0,0,1,0,3.0,2.44,0.0,0.0,2.0,2.0,0.0,2.0,0.0,4.0,5.44,18
22500273,DAL,MEM,77.2,78.4,"('Caleb Martin', 'Klay Thompson', 'Naji Marshall')",1.5666666666666669,3,5,5,1,1,1,1,0,0,1,0,3.0,2.44,0.0,0.0,2.0,2.0,0.0,2.0,0.0,4.0,5.44,18
22500273,DAL,MEM,77.2,78.4,"('Caleb Martin', 'Klay Thompson', 'P.J. Washington')",1.5666666666666669,3,5,5,1,1,1,1,0,0,1,0,3.0,2.44,0.0,0.0,2.0,2.0,0.0,2.0,0.0,4.0,5.44,18
22500273,DAL,MEM,77.2,78.4,"('Caleb Martin', 'Naji Marshall', 'P.J. Washington')",1.5666666666666669,3,5,5,1,1,1,1,0,0,1,0,3.0,2.44,0.0,0.0,2.0,2.0,0.0,2.0,0.0,4.0,5.44,18
22500273,DAL,MEM,77.2,78.4,"('Jaden Hardy', 'Klay Thompson', 'Naji Marshall')",1.5666666666666669,3,5,5,1,1,1,1,0,0,1,0,3.0,2.44,0.0,0.0,2.0,2.0,0.0,2.0,0.0,4.0,5.44,18
22500273,DAL,MEM,77.2,78.4,"('Jaden Hardy', 'Klay Thompson', 'P.J. Washington')",1.5666666666666669,3,5,5,1,1,1,1,0,0,1,0,3.0,2.44,0.0,0.0,2.0,2.0,0.0,2.0,0.0,4.0,5.44,18
22500273,DAL,MEM,77.2,78.4,"('Jaden Hardy', 'Naji Marshall', 'P.J. Washington')",1.5666666666666669,3,5,5,1,1,1,1,0,0,1,0,3.0,2.44,0.0,0.0,2.0,2.0,0.0,2.0,0.0,4.0,5.44,18
22500273,DAL,MEM,77.2,78.4,"('Klay Thompson', 'Naji Marshall', 'P.J. Washington')",1.5666666666666669,3,5,5,1,1,1,1,0,0,1,0,3.0,2.44,0.0,0.0,2.0,2.0,0.0,2.0,0.0,4.0,5.44,18
22500273,DAL,MEM,79.0,79.0,"('Brandon Williams', 'Max Christie', 'Moussa Cisse')",0.8500000000000001,3,2,0,3,1,0,0,0,0,0,0,2.0,2.0,0.0,0.0,0.0,2.0,0.0,0.0,0.0,0.0,4.0,18
22500273,DAL,MEM,79.0,79.0,"('Brandon Williams', 'Max Christie', 'Naji Marshall')",0.8500000000000001,3,2,0,3,1,0,0,0,0,0,0,2.0,2.0,0.0,0.0,0.0,2.0,0.0,0.0,0.0,0.0,4.0,18
22500273,DAL,MEM,79.0,79.0,"('Brandon Williams', 'Max Christie', 'P.J. Washington')",0.8500000000000001,3,2,0,3,1,0,0,0,0,0,0,2.0,2.0,0.0,0.0,0.0,2.0,0.0,0.0,0.0,0.0,4.0,18
22500273,DAL,MEM,79.0,79.0,"('Brandon Williams', 'Moussa Cisse', 'Naji Marshall')",0.8500000000000001,3,2,0,3,1,0,0,0,0,0,0,2.0,2.0,0.0,0.0,0.0,2.0,0.0,0.0,0.0,0.0,4.0,18
22500273,DAL,MEM,79.0,79.0,"('Brandon Williams', 'Moussa Cisse', 'P.J. Washington')",0.8500000000000001,3,2,0,3,1,0,0,0,0,0,0,2.0,2.0,0.0,0.0,0.0,2.0,0.0,0.0,0.0,0.0,4.0,18
22500273,DAL,MEM,79.0,79.0,"('Brandon Williams', 'Naji Marshall', 'P.J. Washington')",0.8500000000000001,3,2,0,3,1,0,0,0,0,0,0,2.0,2.0,0.0,0.0,0.0,2.0,0.0,0.0,0.0,0.0,4.0,18
22500273,DAL,MEM,79.0,79.0,"('Max Christie', 'Moussa Cisse', 'Naji Marshall')",0.8500000000000001,3,2,0,3,1,0,0,0,0,0,0,2.0,2.0,0.0,0.0,0.0,2.0,0.0,0.0,0.0,0.0,4.0,18
22500273,DAL,MEM,79.0,79.0,"('Max Christie', 'Moussa Cisse', 'P.J. Washington')",0.8500000000000001,3,2,0,3,1,0,0,0,0,0,0,2.0,2.0,0.0,0.0,0.0,2.0,0.0,0.0,0.0,0.0,4.0,18
22500273,DAL,MEM,79.0,79.0,"('Max Christie', 'Naji Marshall', 'P.J. Washington')",0.8500000000000001,3,2,0,3,1,0,0,0,0,0,0,2.0,2.0,0.0,0.0,0.0,2.0,0.0,0.0,0.0,0.0,4.0,18
22500273,DAL,MEM,79.0,79.0,"('Moussa Cisse', 'Naji Marshall', 'P.J. Washington')",0.8500000000000001,3,2,0,3,1,0,0,0,0,0,0,2.0,2.0,0.0,0.0,0.0,2.0,0.0,0.0,0.0,0.0,4.0,18
22500273,DAL,MEM,78.8,78.2,"('Cooper Flagg', 'Jaden Hardy', 'Klay Thompson')",0.7,1,0,0,0,1,0,0,0,1,0,1,1.0,1.0,0.0,0.0,0.0,0.0,0.0,0.0,0.0,0.0,2.0,18
22500273,DAL,MEM,78.8,78.2,"('Cooper Flagg', 'Jaden Hardy', 'Moussa Cisse')",0.7,1,0,0,0,1,0,0,0,1,0,1,1.0,1.0,0.0,0.0,0.0,0.0,0.0,0.0,0.0,0.0,2.0,18
22500273,DAL,MEM,78.8,78.2,"('Cooper Flagg', 'Jaden Hardy', 'Naji Marshall')",0.7,1,0,0,0,1,0,0,0,1,0,1,1.0,1.0,0.0,0.0,0.0,0.0,0.0,0.0,0.0,0.0,2.0,18
22500273,DAL,MEM,78.8,78.2,"('Cooper Flagg', 'Klay Thompson', 'Moussa Cisse')",0.7,1,0,0,0,1,0,0,0,1,0,1,1.0,1.0,0.0,0.0,0.0,0.0,0.0,0.0,0.0,0.0,2.0,18
22500273,DAL,MEM,78.8,78.2,"('Cooper Flagg', 'Klay Thompson', 'Naji Marshall')",0.7,1,0,0,0,1,0,0,0,1,0,1,1.0,1.0,0.0,0.0,0.0,0.0,0.0,0.0,0.0,0.0,2.0,18
22500273,DAL,MEM,78.8,78.2,"('Cooper Flagg', 'Moussa Cisse', 'Naji Marshall')",0.7,1,0,0,0,1,0,0,0,1,0,1,1.0,1.0,0.0,0.0,0.0,0.0,0.0,0.0,0.0,0.0,2.0,18
22500273,DAL,MEM,78.8,78.2,"('Jaden Hardy', 'Klay Thompson', 'Moussa Cisse')",0.7,1,0,0,0,1,0,0,0,1,0,1,1.0,1.0,0.0,0.0,0.0,0.0,0.0,0.0,0.0,0.0,2.0,18
22500273,DAL,MEM,78.8,78.2,"('Jaden Hardy', 'Klay Thompson', 'Naji Marshall')",0.7,1,0,0,0,1,0,0,0,1,0,1,1.0,1.0,0.0,0.0,0.0,0.0,0.0,0.0,0.0,0.0,2.0,18
22500273,DAL,MEM,78.8,78.2,"('Jaden Hardy', 'Moussa Cisse', 'Naji Marshall')",0.7,1,0,0,0,1,0,0,0,1,0,1,1.0,1.0,0.0,0.0,0.0,0.0,0.0,0.0,0.0,0.0,2.0,18
22500273,DAL,MEM,78.8,78.2,"('Klay Thompson', 'Moussa Cisse', 'Naji Marshall')",0.7,1,0,0,0,1,0,0,0,1,0,1,1.0,1.0,0.0,0.0,0.0,0.0,0.0,0.0,0.0,0.0,2.0,18
22500273,DAL,MEM,79.0,79.6,"('Brandon Williams', 'Max Christie', 'Moussa Cisse')",1.883333333333333,1,8,5,0,0,2,2,0,0,2,0,3.0,4.0,0.0,0.0,0.0,2.0,0.0,0.0,3.0,2.0,7.0,18
22500273,DAL,MEM,79.0,79.6,"('Brandon Williams', 'Max Christie', 'Naji Marshall')",1.883333333333333,1,8,5,0,0,2,2,0,0,2,0,3.0,4.0,0.0,0.0,0.0,2.0,0.0,0.0,3.0,2.0,7.0,18
22500273,DAL,MEM,79.0,79.6,"('Brandon Williams', 'Max Christie', 'P.J. Washington')",1.883333333333333,1,8,5,0,0,2,2,0,0,2,0,3.0,4.0,0.0,0.0,0.0,2.0,0.0,0.0,3.0,2.0,7.0,18
22500273,DAL,MEM,79.0,79.6,"('Brandon Williams', 'Moussa Cisse', 'Naji Marshall')",1.883333333333333,1,8,5,0,0,2,2,0,0,2,0,3.0,4.0,0.0,0.0,0.0,2.0,0.0,0.0,3.0,2.0,7.0,18
22500273,DAL,MEM,79.0,79.6,"('Brandon Williams', 'Moussa Cisse', 'P.J. Washington')",1.883333333333333,1,8,5,0,0,2,2,0,0,2,0,3.0,4.0,0.0,0.0,0.0,2.0,0.0,0.0,3.0,2.0,7.0,18
22500273,DAL,MEM,79.0,79.6,"('Brandon Williams', 'Naji Marshall', 'P.J. Washington')",1.883333333333333,1,8,5,0,0,2,2,0,0,2,0,3.0,4.0,0.0,0.0,0.0,2.0,0.0,0.0,3.0,2.0,7.0,18
22500273,DAL,MEM,79.0,79.6,"('Max Christie', 'Moussa Cisse', 'Naji Marshall')",1.883333333333333,1,8,5,0,0,2,2,0,0,2,0,3.0,4.0,0.0,0.0,0.0,2.0,0.0,0.0,3.0,2.0,7.0,18
22500273,DAL,MEM,79.0,79.6,"('Max Christie', 'Moussa Cisse', 'P.J. Washington')",1.883333333333333,1,8,5,0,0,2,2,0,0,2,0,3.0,4.0,0.0,0.0,0.0,2.0,0.0,0.0,3.0,2.0,7.0,18
22500273,DAL,MEM,79.0,79.6,"('Max Christie', 'Naji Marshall', 'P.J. Washington')",1.883333333333333,1,8,5,0,0,2,2,0,0,2,0,3.0,4.0,0.0,0.0,0.0,2.0,0.0,0.0,3.0,2.0,7.0,18
22500273,DAL,MEM,79.0,79.6,"('Moussa Cisse', 'Naji Marshall', 'P.J. Washington')",1.883333333333333,1,8,5,0,0,2,2,0,0,2,0,3.0,4.0,0.0,0.0,0.0,2.0,0.0,0.0,3.0,2.0,7.0,18
22500273,DAL,MEM,79.4,77.6,"('Cooper Flagg', 'Dwight Powell', 'Max Christie')",1.7999999999999998,2,4,2,2,4,0,0,0,0,0,2,3.0,3.0,0.0,0.0,0.0,4.0,0.0,0.0,2.0,2.0,6.0,18
22500273,DAL,MEM,79.4,77.6,"('Cooper Flagg', 'Dwight Powell', 'Naji Marshall')",1.7999999999999998,2,4,2,2,4,0,0,0,0,0,2,3.0,3.0,0.0,0.0,0.0,4.0,0.0,0.0,2.0,2.0,6.0,18
22500273,DAL,MEM,79.4,77.6,"('Cooper Flagg', 'Dwight Powell', 'P.J. Washington')",1.7999999999999998,2,4,2,2,4,0,0,0,0,0,2,3.0,3.0,0.0,0.0,0.0,4.0,0.0,0.0,2.0,2.0,6.0,18
22500273,DAL,MEM,79.4,77.6,"('Cooper Flagg', 'Max Christie', 'Naji Marshall')",1.7999999999999998,2,4,2,2,4,0,0,0,0,0,2,3.0,3.0,0.0,0.0,0.0,4.0,0.0,0.0,2.0,2.0,6.0,18
22500273,DAL,MEM,79.4,77.6,"('Cooper Flagg', 'Max Christie', 'P.J. Washington')",1.7999999999999998,2,4,2,2,4,0,0,0,0,0,2,3.0,3.0,0.0,0.0,0.0,4.0,0.0,0.0,2.0,2.0,6.0,18
22500273,DAL,MEM,79.4,77.6,"('Cooper Flagg', 'Naji Marshall', 'P.J. Washington')",1.7999999999999998,2,4,2,2,4,0,0,0,0,0,2,3.0,3.0,0.0,0.0,0.0,4.0,0.0,0.0,2.0,2.0,6.0,18
22500273,DAL,MEM,79.4,77.6,"('Dwight Powell', 'Max Christie', 'Naji Marshall')",1.7999999999999998,2,4,2,2,4,0,0,0,0,0,2,3.0,3.0,0.0,0.0,0.0,4.0,0.0,0.0,2.0,2.0,6.0,18
22500273,DAL,MEM,79.4,77.6,"('Dwight Powell', 'Max Christie', 'P.J. Washington')",1.7999999999999998,2,4,2,2,4,0,0,0,0,0,2,3.0,3.0,0.0,0.0,0.0,4.0,0.0,0.0,2.0,2.0,6.0,18
22500273,DAL,MEM,79.4,77.6,"('Dwight Powell', 'Naji Marshall', 'P.J. Washington')",1.7999999999999998,2,4,2,2,4,0,0,0,0,0,2,3.0,3.0,0.0,0.0,0.0,4.0,0.0,0.0,2.0,2.0,6.0,18
22500273,DAL,MEM,79.4,77.6,"('Max Christie', 'Naji Marshall', 'P.J. Washington')",1.7999999999999998,2,4,2,2,4,0,0,0,0,0,2,3.0,3.0,0.0,0.0,0.0,4.0,0.0,0.0,2.0,2.0,6.0,18
22500273,DAL,MEM,78.8,80.8,"('Brandon Williams', 'Caleb Martin', 'Klay Thompson')",1.1666666666666667,2,0,0,1,2,0,0,1,1,1,0,3.0,2.0,0.0,0.0,0.0,0.0,0.0,0.0,0.0,0.0,5.0,18
22500273,DAL,MEM,78.8,80.8,"('Brandon Williams', 'Caleb Martin', 'Moussa Cisse')",1.1666666666666667,2,0,0,1,2,0,0,1,1,1,0,3.0,2.0,0.0,0.0,0.0,0.0,0.0,0.0,0.0,0.0,5.0,18
22500273,DAL,MEM,78.8,80.8,"('Brandon Williams', 'Caleb Martin', 'P.J. Washington')",1.1666666666666667,2,0,0,1,2,0,0,1,1,1,0,3.0,2.0,0.0,0.0,0.0,0.0,0.0,0.0,0.0,0.0,5.0,18
22500273,DAL,MEM,78.8,80.8,"('Brandon Williams', 'Klay Thompson', 'Moussa Cisse')",1.1666666666666667,2,0,0,1,2,0,0,1,1,1,0,3.0,2.0,0.0,0.0,0.0,0.0,0.0,0.0,0.0,0.0,5.0,18
22500273,DAL,MEM,78.8,80.8,"('Brandon Williams', 'Klay Thompson', 'P.J. Washington')",1.1666666666666667,2,0,0,1,2,0,0,1,1,1,0,3.0,2.0,0.0,0.0,0.0,0.0,0.0,0.0,0.0,0.0,5.0,18
22500273,DAL,MEM,78.8,80.8,"('Brandon Williams', 'Moussa Cisse', 'P.J. Washington')",1.1666666666666667,2,0,0,1,2,0,0,1,1,1,0,3.0,2.0,0.0,0.0,0.0,0.0,0.0,0.0,0.0,0.0,5.0,18
22500273,DAL,MEM,78.8,80.8,"('Caleb Martin', 'Klay Thompson', 'Moussa Cisse')",1.1666666666666667,2,0,0,1,2,0,0,1,1,1,0,3.0,2.0,0.0,0.0,0.0,0.0,0.0,0.0,0.0,0.0,5.0,18
22500273,DAL,MEM,78.8,80.8,"('Caleb Martin', 'Klay Thompson', 'P.J. Washington')",1.1666666666666667,2,0,0,1,2,0,0,1,1,1,0,3.0,2.0,0.0,0.0,0.0,0.0,0.0,0.0,0.0,0.0,5.0,18
22500273,DAL,MEM,78.8,80.8,"('Caleb Martin', 'Moussa Cisse', 'P.J. Washington')",1.1666666666666667,2,0,0,1,2,0,0,1,1,1,0,3.0,2.0,0.0,0.0,0.0,0.0,0.0,0.0,0.0,0.0,5.0,18
22500273,DAL,MEM,78.8,80.8,"('Klay Thompson', 'Moussa Cisse', 'P.J. Washington')",1.1666666666666667,2,0,0,1,2,0,0,1,1,1,0,3.0,2.0,0.0,0.0,0.0,0.0,0.0,0.0,0.0,0.0,5.0,18
22500273,DAL,MEM,79.4,79.0,"('Brandon Williams', 'Cooper Flagg', 'Daniel Gafford')",1.4400000000000002,2,4,2,2,3,2,1,0,0,0,1,4.0,3.0,4.0,0.0,0.0,4.0,0.0,0.0,2.0,2.0,7.0,18
22500273,DAL,MEM,79.4,79.0,"('Brandon Williams', 'Cooper Flagg', 'Max Christie')",1.4400000000000002,2,4,2,2,3,2,1,0,0,0,1,4.0,3.0,4.0,0.0,0.0,4.0,0.0,0.0,2.0,2.0,7.0,18
22500273,DAL,MEM,79.4,79.0,"('Brandon Williams', 'Cooper Flagg', 'P.J. Washington')",1.4400000000000002,2,4,2,2,3,2,1,0,0,0,1,4.0,3.0,4.0,0.0,0.0,4.0,0.0,0.0,2.0,2.0,7.0,18
22500273,DAL,MEM,79.4,79.0,"('Brandon Williams', 'Daniel Gafford', 'Max Christie')",1.4400000000000002,2,4,2,2,3,2,1,0,0,0,1,4.0,3.0,4.0,0.0,0.0,4.0,0.0,0.0,2.0,2.0,7.0,18
22500273,DAL,MEM,79.4,79.0,"('Brandon Williams', 'Daniel Gafford', 'P.J. Washington')",1.4400000000000002,2,4,2,2,3,2,1,0,0,0,1,4.0,3.0,4.0,0.0,0.0,4.0,0.0,0.0,2.0,2.0,7.0,18
22500273,DAL,MEM,79.4,79.0,"('Brandon Williams', 'Max Christie', 'P.J. Washington')",1.4400000000000002,2,4,2,2,3,2,1,0,0,0,1,4.0,3.0,4.0,0.0,0.0,4.0,0.0,0.0,2.0,2.0,7.0,18
22500273,DAL,MEM,79.4,79.0,"('Cooper Flagg', 'Daniel Gafford', 'Max Christie')",1.4400000000000002,2,4,2,2,3,2,1,0,0,0,1,4.0,3.0,4.0,0.0,0.0,4.0,0.0,0.0,2.0,2.0,7.0,18
22500273,DAL,MEM,79.4,79.0,"('Cooper Flagg', 'Daniel Gafford', 'P.J. Washington')",1.4400000000000002,2,4,2,2,3,2,1,0,0,0,1,4.0,3.0,4.0,0.0,0.0,4.0,0.0,0.0,2.0,2.0,7.0,18
22500273,DAL,MEM,79.4,79.0,"('Cooper Flagg', 'Max Christie', 'P.J. Washington')",1.4400000000000002,2,4,2,2,3,2,1,0,0,0,1,4.0,3.0,4.0,0.0,0.0,4.0,0.0,0.0,2.0,2.0,7.0,18
22500273,DAL,MEM,79.4,79.0,"('Daniel Gafford', 'Max Christie', 'P.J. Washington')",1.4400000000000002,2,4,2,2,3,2,1,0,0,0,1,4.0,3.0,4.0,0.0,0.0,4.0,0.0,0.0,2.0,2.0,7.0,18
22500273,DAL,MEM,78.8,79.0,"('Klay Thompson', 'Max Christie', 'Moussa Cisse')",0.7666666666666667,2,0,3,0,1,0,1,0,1,0,1,1.0,2.0,0.0,0.0,0.0,0.0,0.0,0.0,0.0,0.0,3.0,18
22500273,DAL,MEM,78.8,79.0,"('Klay Thompson', 'Max Christie', 'Naji Marshall')",0.7666666666666667,2,0,3,0,1,0,1,0,1,0,1,1.0,2.0,0.0,0.0,0.0,0.0,0.0,0.0,0.0,0.0,3.0,18
22500273,DAL,MEM,78.8,79.0,"('Klay Thompson', 'Max Christie', 'P.J. Washington')",0.7666666666666667,2,0,3,0,1,0,1,0,1,0,1,1.0,2.0,0.0,0.0,0.0,0.0,0.0,0.0,0.0,0.0,3.0,18
22500273,DAL,MEM,78.8,79.0,"('Klay Thompson', 'Moussa Cisse', 'Naji Marshall')",0.7666666666666667,2,0,3,0,1,0,1,0,1,0,1,1.0,2.0,0.0,0.0,0.0,0.0,0.0,0.0,0.0,0.0,3.0,18
22500273,DAL,MEM,78.8,79.0,"('Klay Thompson', 'Moussa Cisse', 'P.J. Washington')",0.7666666666666667,2,0,3,0,1,0,1,0,1,0,1,1.0,2.0,0.0,0.0,0.0,0.0,0.0,0.0,0.0,0.0,3.0,18
22500273,DAL,MEM,78.8,79.0,"('Klay Thompson', 'Naji Marshall', 'P.J. Washington')",0.7666666666666667,2,0,3,0,1,0,1,0,1,0,1,1.0,2.0,0.0,0.0,0.0,0.0,0.0,0.0,0.0,0.0,3.0,18
22500273,DAL,MEM,78.8,79.0,"('Max Christie', 'Moussa Cisse', 'Naji Marshall')",0.7666666666666667,2,0,3,0,1,0,1,0,1,0,1,1.0,2.0,0.0,0.0,0.0,0.0,0.0,0.0,0.0,0.0,3.0,18
22500273,DAL,MEM,78.8,79.0,"('Max Christie', 'Moussa Cisse', 'P.J. Washington')",0.7666666666666667,2,0,3,0,1,0,1,0,1,0,1,1.0,2.0,0.0,0.0,0.0,0.0,0.0,0.0,0.0,0.0,3.0,18
22500273,DAL,MEM,78.8,79.0,"('Max Christie', 'Naji Marshall', 'P.J. Washington')",0.7666666666666667,2,0,3,0,1,0,1,0,1,0,1,1.0,2.0,0.0,0.0,0.0,0.0,0.0,0.0,0.0,0.0,3.0,18
22500273,DAL,MEM,78.8,79.0,"('Moussa Cisse', 'Naji Marshall', 'P.J. Washington')",0.7666666666666667,2,0,3,0,1,0,1,0,1,0,1,1.0,2.0,0.0,0.0,0.0,0.0,0.0,0.0,0.0,0.0,3.0,18
22500273,DAL,MEM,79.4,79.0,"('Cooper Flagg', 'Daniel Gafford', 'Max Christie')",0.56,2,1,0,1,1,0,0,0,0,0,0,1.44,1.0,0.0,0.0,0.0,0.0,0.0,0.0,0.0,0.0,2.44,18
22500273,DAL,MEM,79.4,79.0,"('Cooper Flagg', 'Daniel Gafford', 'Naji Marshall')",0.56,2,1,0,1,1,0,0,0,0,0,0,1.44,1.0,0.0,0.0,0.0,0.0,0.0,0.0,0.0,0.0,2.44,18
22500273,DAL,MEM,79.4,79.0,"('Cooper Flagg', 'Daniel Gafford', 'P.J. Washington')",0.56,2,1,0,1,1,0,0,0,0,0,0,1.44,1.0,0.0,0.0,0.0,0.0,0.0,0.0,0.0,0.0,2.44,18
22500273,DAL,MEM,79.4,79.0,"('Cooper Flagg', 'Max Christie', 'Naji Marshall')",0.56,2,1,0,1,1,0,0,0,0,0,0,1.44,1.0,0.0,0.0,0.0,0.0,0.0,0.0,0.0,0.0,2.44,18
22500273,DAL,MEM,79.4,79.0,"('Cooper Flagg', 'Max Christie', 'P.J. Washington')",0.56,2,1,0,1,1,0,0,0,0,0,0,1.44,1.0,0.0,0.0,0.0,0.0,0.0,0.0,0.0,0.0,2.44,18
22500273,DAL,MEM,79.4,79.0,"('Cooper Flagg', 'Naji Marshall', 'P.J. Washington')",0.56,2,1,0,1,1,0,0,0,0,0,0,1.44,1.0,0.0,0.0,0.0,0.0,0.0,0.0,0.0,0.0,2.44,18
22500273,DAL,MEM,79.4,79.0,"('Daniel Gafford', 'Max Christie', 'Naji Marshall')",0.56,2,1,0,1,1,0,0,0,0,0,0,1.44,1.0,0.0,0.0,0.0,0.0,0.0,0.0,0.0,0.0,2.44,18
22500273,DAL,MEM,79.4,79.0,"('Daniel Gafford', 'Max Christie', 'P.J. Washington')",0.56,2,1,0,1,1,0,0,0,0,0,0,1.44,1.0,0.0,0.0,0.0,0.0,0.0,0.0,0.0,0.0,2.44,18
22500273,DAL,MEM,79.4,79.0,"('Daniel Gafford', 'Naji Marshall', 'P.J. Washington')",0.56,2,1,0,1,1,0,0,0,0,0,0,1.44,1.0,0.0,0.0,0.0,0.0,0.0,0.0,0.0,0.0,2.44,18
22500273,DAL,MEM,79.4,79.0,"('Max Christie', 'Naji Marshall', 'P.J. Washington')",0.56,2,1,0,1,1,0,0,0,0,0,0,1.44,1.0,0.0,0.0,0.0,0.0,0.0,0.0,0.0,0.0,2.44,18
22500273,DAL,MEM,78.2,77.4,"('Dwight Powell', 'Jaden Hardy', 'Max Christie')",1.2333333333333334,2,5,5,1,0,0,2,1,0,2,1,3.3200000000000003,4.44,0.0,0.0,0.0,2.0,0.0,0.0,0.0,4.0,7.76,18
22500273,DAL,MEM,78.2,77.4,"('Dwight Powell', 'Jaden Hardy', 'Naji Marshall')",1.2333333333333334,2,5,5,1,0,0,2,1,0,2,1,3.3200000000000003,4.44,0.0,0.0,0.0,2.0,0.0,0.0,0.0,4.0,7.76,18
22500273,DAL,MEM,78.2,77.4,"('Dwight Powell', 'Jaden Hardy', 'P.J. Washington')",1.2333333333333334,2,5,5,1,0,0,2,1,0,2,1,3.3200000000000003,4.44,0.0,0.0,0.0,2.0,0.0,0.0,0.0,4.0,7.76,18
22500273,DAL,MEM,78.2,77.4,"('Dwight Powell', 'Max Christie', 'Naji Marshall')",1.2333333333333334,2,5,5,1,0,0,2,1,0,2,1,3.3200000000000003,4.44,0.0,0.0,0.0,2.0,0.0,0.0,0.0,4.0,7.76,18
22500273,DAL,MEM,78.2,77.4,"('Dwight Powell', 'Max Christie', 'P.J. Washington')",1.2333333333333334,2,5,5,1,0,0,2,1,0,2,1,3.3200000000000003,4.44,0.0,0.0,0.0,2.0,0.0,0.0,0.0,4.0,7.76,18
22500273,DAL,MEM,78.2,77.4,"('Dwight Powell', 'Naji Marshall', 'P.J. Washington')",1.2333333333333334,2,5,5,1,0,0,2,1,0,2,1,3.3200000000000003,4.44,0.0,0.0,0.0,2.0,0.0,0.0,0.0,4.0,7.76,18
22500273,DAL,MEM,78.2,77.4,"('Jaden Hardy', 'Max Christie', 'Naji Marshall')",1.2333333333333334,2,5,5,1,0,0,2,1,0,2,1,3.3200000000000003,4.44,0.0,0.0,0.0,2.0,0.0,0.0,0.0,4.0,7.76,18
22500273,DAL,MEM,78.2,77.4,"('Jaden Hardy', 'Max Christie', 'P.J. Washington')",1.2333333333333334,2,5,5,1,0,0,2,1,0,2,1,3.3200000000000003,4.44,0.0,0.0,0.0,2.0,0.0,0.0,0.0,4.0,7.76,18
22500273,DAL,MEM,78.2,77.4,"('Jaden Hardy', 'Naji Marshall', 'P.J. Washington')",1.2333333333333334,2,5,5,1,0,0,2,1,0,2,1,3.3200000000000003,4.44,0.0,0.0,0.0,2.0,0.0,0.0,0.0,4.0,7.76,18
22500273,DAL,MEM,78.2,77.4,"('Max Christie', 'Naji Marshall', 'P.J. Washington')",1.2333333333333334,2,5,5,1,0,0,2,1,0,2,1,3.3200000000000003,4.44,0.0,0.0,0.0,2.0,0.0,0.0,0.0,4.0,7.76,18
22500273,DAL,MEM,79.0,81.0,"('Brandon Williams', 'Caleb Martin', 'Cooper Flagg')",3.8000000000000007,2,10,6,3,3,3,2,1,1,0,1,7.0,7.0,0.0,0.0,3.0,4.0,0.0,0.0,2.0,6.0,14.0,18
22500273,DAL,MEM,79.0,81.0,"('Brandon Williams', 'Caleb Martin', 'Daniel Gafford')",3.8000000000000007,2,10,6,3,3,3,2,1,1,0,1,7.0,7.0,0.0,0.0,3.0,4.0,0.0,0.0,2.0,6.0,14.0,18
22500273,DAL,MEM,79.0,81.0,"('Brandon Williams', 'Caleb Martin', 'Klay Thompson')",3.8000000000000007,2,10,6,3,3,3,2,1,1,0,1,7.0,7.0,0.0,0.0,3.0,4.0,0.0,0.0,2.0,6.0,14.0,18
22500273,DAL,MEM,79.0,81.0,"('Brandon Williams', 'Cooper Flagg', 'Daniel Gafford')",3.8000000000000007,2,10,6,3,3,3,2,1,1,0,1,7.0,7.0,0.0,0.0,3.0,4.0,0.0,0.0,2.0,6.0,14.0,18
22500273,DAL,MEM,79.0,81.0,"('Brandon Williams', 'Cooper Flagg', 'Klay Thompson')",3.8000000000000007,2,10,6,3,3,3,2,1,1,0,1,7.0,7.0,0.0,0.0,3.0,4.0,0.0,0.0,2.0,6.0,14.0,18
22500273,DAL,MEM,79.0,81.0,"('Brandon Williams', 'Daniel Gafford', 'Klay Thompson')",3.8000000000000007,2,10,6,3,3,3,2,1,1,0,1,7.0,7.0,0.0,0.0,3.0,4.0,0.0,0.0,2.0,6.0,14.0,18
22500273,DAL,MEM,79.0,81.0,"('Caleb Martin', 'Cooper Flagg', 'Daniel Gafford')",3.8000000000000007,2,10,6,3,3,3,2,1,1,0,1,7.0,7.0,0.0,0.0,3.0,4.0,0.0,0.0,2.0,6.0,14.0,18
22500273,DAL,MEM,79.0,81.0,"('Caleb Martin', 'Cooper Flagg', 'Klay Thompson')",3.8000000000000007,2,10,6,3,3,3,2,1,1,0,1,7.0,7.0,0.0,0.0,3.0,4.0,0.0,0.0,2.0,6.0,14.0,18
22500273,DAL,MEM,79.0,81.0,"('Caleb Martin', 'Daniel Gafford', 'Klay Thompson')",3.8000000000000007,2,10,6,3,3,3,2,1,1,0,1,7.0,7.0,0.0,0.0,3.0,4.0,0.0,0.0,2.0,6.0,14.0,18
22500273,DAL,MEM,79.0,81.0,"('Cooper Flagg', 'Daniel Gafford', 'Klay Thompson')",3.8000000000000007,2,10,6,3,3,3,2,1,1,0,1,7.0,7.0,0.0,0.0,3.0,4.0,0.0,0.0,2.0,6.0,14.0,18
22500273,DAL,MEM,78.4,79.0,"('Jaden Hardy', 'Max Christie', 'Moussa Cisse')",1.15,2,1,4,0,2,0,0,1,0,1,1,2.44,1.88,0.0,0.0,0.0,0.0,0.0,0.0,0.0,0.0,4.32,18
22500273,DAL,MEM,78.4,79.0,"('Jaden Hardy', 'Max Christie', 'Naji Marshall')",1.15,2,1,4,0,2,0,0,1,0,1,1,2.44,1.88,0.0,0.0,0.0,0.0,0.0,0.0,0.0,0.0,4.32,18
22500273,DAL,MEM,78.4,79.0,"('Jaden Hardy', 'Max Christie', 'P.J. Washington')",1.15,2,1,4,0,2,0,0,1,0,1,1,2.44,1.88,0.0,0.0,0.0,0.0,0.0,0.0,0.0,0.0,4.32,18
22500273,DAL,MEM,78.4,79.0,"('Jaden Hardy', 'Moussa Cisse', 'Naji Marshall')",1.15,2,1,4,0,2,0,0,1,0,1,1,2.44,1.88,0.0,0.0,0.0,0.0,0.0,0.0,0.0,0.0,4.32,18
22500273,DAL,MEM,78.4,79.0,"('Jaden Hardy', 'Moussa Cisse', 'P.J. Washington')",1.15,2,1,4,0,2,0,0,1,0,1,1,2.44,1.88,0.0,0.0,0.0,0.0,0.0,0.0,0.0,0.0,4.32,18
22500273,DAL,MEM,78.4,79.0,"('Jaden Hardy', 'Naji Marshall', 'P.J. Washington')",1.15,2,1,4,0,2,0,0,1,0,1,1,2.44,1.88,0.0,0.0,0.0,0.0,0.0,0.0,0.0,0.0,4.32,18
22500273,DAL,MEM,78.4,79.0,"('Max Christie', 'Moussa Cisse', 'Naji Marshall')",1.15,2,1,4,0,2,0,0,1,0,1,1,2.44,1.88,0.0,0.0,0.0,0.0,0.0,0.0,0.0,0.0,4.32,18
22500273,DAL,MEM,78.4,79.0,"('Max Christie', 'Moussa Cisse', 'P.J. Washington')",1.15,2,1,4,0,2,0,0,1,0,1,1,2.44,1.88,0.0,0.0,0.0,0.0,0.0,0.0,0.0,0.0,4.32,18
22500273,DAL,MEM,78.4,79.0,"('Max Christie', 'Naji Marshall', 'P.J. Washington')",1.15,2,1,4,0,2,0,0,1,0,1,1,2.44,1.88,0.0,0.0,0.0,0.0,0.0,0.0,0.0,0.0,4.32,18
22500273,DAL,MEM,78.4,79.0,"('Moussa Cisse', 'Naji Marshall', 'P.J. Washington')",1.15,2,1,4,0,2,0,0,1,0,1,1,2.44,1.88,0.0,0.0,0.0,0.0,0.0,0.0,0.0,0.0,4.32,18
22500273,DAL,MEM,79.0,78.2,"('Brandon Williams', 'Klay Thompson', 'Moussa Cisse')",0.6666666666666667,1,3,0,2,0,1,0,0,0,0,1,1.0,2.0,3.0,0.0,0.0,0.0,0.0,0.0,0.0,0.0,3.0,18
22500273,DAL,MEM,79.0,78.2,"('Brandon Williams', 'Klay Thompson', 'Naji Marshall')",0.6666666666666667,1,3,0,2,0,1,0,0,0,0,1,1.0,2.0,3.0,0.0,0.0,0.0,0.0,0.0,0.0,0.0,3.0,18
22500273,DAL,MEM,79.0,78.2,"('Brandon Williams', 'Klay Thompson', 'P.J. Washington')",0.6666666666666667,1,3,0,2,0,1,0,0,0,0,1,1.0,2.0,3.0,0.0,0.0,0.0,0.0,0.0,0.0,0.0,3.0,18
22500273,DAL,MEM,79.0,78.2,"('Brandon Williams', 'Moussa Cisse', 'Naji Marshall')",0.6666666666666667,1,3,0,2,0,1,0,0,0,0,1,1.0,2.0,3.0,0.0,0.0,0.0,0.0,0.0,0.0,0.0,3.0,18
22500273,DAL,MEM,79.0,78.2,"('Brandon Williams', 'Moussa Cisse', 'P.J. Washington')",0.6666666666666667,1,3,0,2,0,1,0,0,0,0,1,1.0,2.0,3.0,0.0,0.0,0.0,0.0,0.0,0.0,0.0,3.0,18
22500273,DAL,MEM,79.0,78.2,"('Brandon Williams', 'Naji Marshall', 'P.J. Washington')",0.6666666666666667,1,3,0,2,0,1,0,0,0,0,1,1.0,2.0,3.0,0.0,0.0,0.0,0.0,0.0,0.0,0.0,3.0,18
22500273,DAL,MEM,79.0,78.2,"('Klay Thompson', 'Moussa Cisse', 'Naji Marshall')",0.6666666666666667,1,3,0,2,0,1,0,0,0,0,1,1.0,2.0,3.0,0.0,0.0,0.0,0.0,0.0,0.0,0.0,3.0,18
22500273,DAL,MEM,79.0,78.2,"('Klay Thompson', 'Moussa Cisse', 'P.J. Washington')",0.6666666666666667,1,3,0,2,0,1,0,0,0,0,1,1.0,2.0,3.0,0.0,0.0,0.0,0.0,0.0,0.0,0.0,3.0,18
22500273,DAL,MEM,79.0,78.2,"('Klay Thompson', 'Naji Marshall', 'P.J. Washington')",0.6666666666666667,1,3,0,2,0,1,0,0,0,0,1,1.0,2.0,3.0,0.0,0.0,0.0,0.0,0.0,0.0,0.0,3.0,18
22500273,DAL,MEM,79.0,78.2,"('Moussa Cisse', 'Naji Marshall', 'P.J. Washington')",0.6666666666666667,1,3,0,2,0,1,0,0,0,0,1,1.0,2.0,3.0,0.0,0.0,0.0,0.0,0.0,0.0,0.0,3.0,18
22500273,DAL,MEM,78.8,78.6,"('Brandon Williams', 'Daniel Gafford', 'Klay Thompson')",1.25,4,2,5,0,2,1,1,0,0,1,0,2.0,2.3200000000000003,0.0,0.0,0.0,2.0,0.0,0.0,2.0,0.0,4.32,18
22500273,DAL,MEM,78.8,78.6,"('Brandon Williams', 'Daniel Gafford', 'Naji Marshall')",1.25,4,2,5,0,2,1,1,0,0,1,0,2.0,2.3200000000000003,0.0,0.0,0.0,2.0,0.0,0.0,2.0,0.0,4.32,18
22500273,DAL,MEM,78.8,78.6,"('Brandon Williams', 'Daniel Gafford', 'P.J. Washington')",1.25,4,2,5,0,2,1,1,0,0,1,0,2.0,2.3200000000000003,0.0,0.0,0.0,2.0,0.0,0.0,2.0,0.0,4.32,18
22500273,DAL,MEM,78.8,78.6,"('Brandon Williams', 'Klay Thompson', 'Naji Marshall')",1.25,4,2,5,0,2,1,1,0,0,1,0,2.0,2.3200000000000003,0.0,0.0,0.0,2.0,0.0,0.0,2.0,0.0,4.32,18
22500273,DAL,MEM,78.8,78.6,"('Brandon Williams', 'Klay Thompson', 'P.J. Washington')",1.25,4,2,5,0,2,1,1,0,0,1,0,2.0,2.3200000000000003,0.0,0.0,0.0,2.0,0.0,0.0,2.0,0.0,4.32,18
22500273,DAL,MEM,78.8,78.6,"('Brandon Williams', 'Naji Marshall', 'P.J. Washington')",1.25,4,2,5,0,2,1,1,0,0,1,0,2.0,2.3200000000000003,0.0,0.0,0.0,2.0,0.0,0.0,2.0,0.0,4.32,18
22500273,DAL,MEM,78.8,78.6,"('Daniel Gafford', 'Klay Thompson', 'Naji Marshall')",1.25,4,2,5,0,2,1,1,0,0,1,0,2.0,2.3200000000000003,0.0,0.0,0.0,2.0,0.0,0.0,2.0,0.0,4.32,18
22500273,DAL,MEM,78.8,78.6,"('Daniel Gafford', 'Klay Thompson', 'P.J. Washington')",1.25,4,2,5,0,2,1,1,0,0,1,0,2.0,2.3200000000000003,0.0,0.0,0.0,2.0,0.0,0.0,2.0,0.0,4.32,18
22500273,DAL,MEM,78.8,78.6,"('Daniel Gafford', 'Naji Marshall', 'P.J. Washington')",1.25,4,2,5,0,2,1,1,0,0,1,0,2.0,2.3200000000000003,0.0,0.0,0.0,2.0,0.0,0.0,2.0,0.0,4.32,18
22500273,DAL,MEM,78.8,78.6,"('Klay Thompson', 'Naji Marshall', 'P.J. Washington')",1.25,4,2,5,0,2,1,1,0,0,1,0,2.0,2.3200000000000003,0.0,0.0,0.0,2.0,0.0,0.0,2.0,0.0,4.32,18
22500273,DAL,MEM,78.6,78.4,"('Brandon Williams', 'Cooper Flagg', 'Max Christie')",1.6833333333333331,4,3,5,1,1,0,1,0,1,1,1,3.44,3.88,0.0,0.0,0.0,2.0,0.0,0.0,0.0,0.0,7.32,18
22500273,DAL,MEM,78.6,78.4,"('Brandon Williams', 'Cooper Flagg', 'Naji Marshall')",1.6833333333333331,4,3,5,1,1,0,1,0,1,1,1,3.44,3.88,0.0,0.0,0.0,2.0,0.0,0.0,0.0,0.0,7.32,18
22500273,DAL,MEM,78.6,78.4,"('Brandon Williams', 'Cooper Flagg', 'P.J. Washington')",1.6833333333333331,4,3,5,1,1,0,1,0,1,1,1,3.44,3.88,0.0,0.0,0.0,2.0,0.0,0.0,0.0,0.0,7.32,18
22500273,DAL,MEM,78.6,78.4,"('Brandon Williams', 'Max Christie', 'Naji Marshall')",1.6833333333333331,4,3,5,1,1,0,1,0,1,1,1,3.44,3.88,0.0,0.0,0.0,2.0,0.0,0.0,0.0,0.0,7.32,18
22500273,DAL,MEM,78.6,78.4,"('Brandon Williams', 'Max Christie', 'P.J. Washington')",1.6833333333333331,4,3,5,1,1,0,1,0,1,1,1,3.44,3.88,0.0,0.0,0.0,2.0,0.0,0.0,0.0,0.0,7.32,18
22500273,DAL,MEM,78.6,78.4,"('Brandon Williams', 'Naji Marshall', 'P.J. Washington')",1.6833333333333331,4,3,5,1,1,0,1,0,1,1,1,3.44,3.88,0.0,0.0,0.0,2.0,0.0,0.0,0.0,0.0,7.32,18
22500273,DAL,MEM,78.6,78.4,"('Cooper Flagg', 'Max Christie', 'Naji Marshall')",1.6833333333333331,4,3,5,1,1,0,1,0,1,1,1,3.44,3.88,0.0,0.0,0.0,2.0,0.0,0.0,0.0,0.0,7.32,18
22500273,DAL,MEM,78.6,78.4,"('Cooper Flagg', 'Max Christie', 'P.J. Washington')",1.6833333333333331,4,3,5,1,1,0,1,0,1,1,1,3.44,3.88,0.0,0.0,0.0,2.0,0.0,0.0,0.0,0.0,7.32,18
22500273,DAL,MEM,78.6,78.4,"('Cooper Flagg', 'Naji Marshall', 'P.J. Washington')",1.6833333333333331,4,3,5,1,1,0,1,0,1,1,1,3.44,3.88,0.0,0.0,0.0,2.0,0.0,0.0,0.0,0.0,7.32,18
22500273,DAL,MEM,78.6,78.4,"('Max Christie', 'Naji Marshall', 'P.J. Washington')",1.6833333333333331,4,3,5,1,1,0,1,0,1,1,1,3.44,3.88,0.0,0.0,0.0,2.0,0.0,0.0,0.0,0.0,7.32,18
22500273,DAL,MEM,78.2,80.4,"('Brandon Williams', 'Cooper Flagg', 'Klay Thompson')",0.4333333333333333,4,4,0,1,0,1,0,0,0,0,0,1.44,1.0,0.0,0.0,0.0,0.0,0.0,0.0,0.0,0.0,2.44,18
22500273,DAL,MEM,78.2,80.4,"('Brandon Williams', 'Cooper Flagg', 'Max Christie')",0.4333333333333333,4,4,0,1,0,1,0,0,0,0,0,1.44,1.0,0.0,0.0,0.0,0.0,0.0,0.0,0.0,0.0,2.44,18
22500273,DAL,MEM,78.2,80.4,"('Brandon Williams', 'Cooper Flagg', 'Naji Marshall')",0.4333333333333333,4,4,0,1,0,1,0,0,0,0,0,1.44,1.0,0.0,0.0,0.0,0.0,0.0,0.0,0.0,0.0,2.44,18
22500273,DAL,MEM,78.2,80.4,"('Brandon Williams', 'Klay Thompson', 'Max Christie')",0.4333333333333333,4,4,0,1,0,1,0,0,0,0,0,1.44,1.0,0.0,0.0,0.0,0.0,0.0,0.0,0.0,0.0,2.44,18
22500273,DAL,MEM,78.2,80.4,"('Brandon Williams', 'Klay Thompson', 'Naji Marshall')",0.4333333333333333,4,4,0,1,0,1,0,0,0,0,0,1.44,1.0,0.0,0.0,0.0,0.0,0.0,0.0,0.0,0.0,2.44,18
22500273,DAL,MEM,78.2,80.4,"('Brandon Williams', 'Max Christie', 'Naji Marshall')",0.4333333333333333,4,4,0,1,0,1,0,0,0,0,0,1.44,1.0,0.0,0.0,0.0,0.0,0.0,0.0,0.0,0.0,2.44,18
22500273,DAL,MEM,78.2,80.4,"('Cooper Flagg', 'Klay Thompson', 'Max Christie')",0.4333333333333333,4,4,0,1,0,1,0,0,0,0,0,1.44,1.0,0.0,0.0,0.0,0.0,0.0,0.0,0.0,0.0,2.44,18
22500273,DAL,MEM,78.2,80.4,"('Cooper Flagg', 'Klay Thompson', 'Naji Marshall')",0.4333333333333333,4,4,0,1,0,1,0,0,0,0,0,1.44,1.0,0.0,0.0,0.0,0.0,0.0,0.0,0.0,0.0,2.44,18
22500273,DAL,MEM,78.2,80.4,"('Cooper Flagg', 'Max Christie', 'Naji Marshall')",0.4333333333333333,4,4,0,1,0,1,0,0,0,0,0,1.44,1.0,0.0,0.0,0.0,0.0,0.0,0.0,0.0,0.0,2.44,18
22500273,DAL,MEM,78.2,80.4,"('Klay Thompson', 'Max Christie', 'Naji Marshall')",0.4333333333333333,4,4,0,1,0,1,0,0,0,0,0,1.44,1.0,0.0,0.0,0.0,0.0,0.0,0.0,0.0,0.0,2.44,18
22500273,DAL,MEM,77.8,78.4,"('Brandon Williams', 'Caleb Martin', 'Klay Thompson')",1.5833333333333333,4,2,2,1,2,1,1,0,0,1,0,3.0,2.0,0.0,0.0,0.0,2.0,0.0,0.0,0.0,2.0,5.0,18
22500273,DAL,MEM,77.8,78.4,"('Brandon Williams', 'Caleb Martin', 'Naji Marshall')",1.5833333333333333,4,2,2,1,2,1,1,0,0,1,0,3.0,2.0,0.0,0.0,0.0,2.0,0.0,0.0,0.0,2.0,5.0,18
22500273,DAL,MEM,77.8,78.4,"('Brandon Williams', 'Caleb Martin', 'P.J. Washington')",1.5833333333333333,4,2,2,1,2,1,1,0,0,1,0,3.0,2.0,0.0,0.0,0.0,2.0,0.0,0.0,0.0,2.0,5.0,18
22500273,DAL,MEM,77.8,78.4,"('Brandon Williams', 'Klay Thompson', 'Naji Marshall')",1.5833333333333333,4,2,2,1,2,1,1,0,0,1,0,3.0,2.0,0.0,0.0,0.0,2.0,0.0,0.0,0.0,2.0,5.0,18
22500273,DAL,MEM,77.8,78.4,"('Brandon Williams', 'Klay Thompson', 'P.J. Washington')",1.5833333333333333,4,2,2,1,2,1,1,0,0,1,0,3.0,2.0,0.0,0.0,0.0,2.0,0.0,0.0,0.0,2.0,5.0,18
22500273,DAL,MEM,77.8,78.4,"('Brandon Williams', 'Naji Marshall', 'P.J. Washington')",1.5833333333333333,4,2,2,1,2,1,1,0,0,1,0,3.0,2.0,0.0,0.0,0.0,2.0,0.0,0.0,0.0,2.0,5.0,18
22500273,DAL,MEM,77.8,78.4,"('Caleb Martin', 'Klay Thompson', 'Naji Marshall')",1.5833333333333333,4,2,2,1,2,1,1,0,0,1,0,3.0,2.0,0.0,0.0,0.0,2.0,0.0,0.0,0.0,2.0,5.0,18
22500273,DAL,MEM,77.8,78.4,"('Caleb Martin', 'Klay Thompson', 'P.J. Washington')",1.5833333333333333,4,2,2,1,2,1,1,0,0,1,0,3.0,2.0,0.0,0.0,0.0,2.0,0.0,0.0,0.0,2.0,5.0,18
22500273,DAL,MEM,77.8,78.4,"('Caleb Martin', 'Naji Marshall', 'P.J. Washington')",1.5833333333333333,4,2,2,1,2,1,1,0,0,1,0,3.0,2.0,0.0,0.0,0.0,2.0,0.0,0.0,0.0,2.0,5.0,18
22500273,DAL,MEM,77.8,78.4,"('Klay Thompson', 'Naji Marshall', 'P.J. Washington')",1.5833333333333333,4,2,2,1,2,1,1,0,0,1,0,3.0,2.0,0.0,0.0,0.0,2.0,0.0,0.0,0.0,2.0,5.0,18
22500273,DAL,MEM,79.2,80.4,"('Brandon Williams', 'Cooper Flagg', 'Daniel Gafford')",3.99,4,7,10,5,4,2,2,0,0,1,0,7.0,8.440000000000001,0.0,0.0,2.0,4.0,0.0,0.0,0.0,6.0,15.44,18
22500273,DAL,MEM,79.2,80.4,"('Brandon Williams', 'Cooper Flagg', 'Klay Thompson')",3.99,4,7,10,5,4,2,2,0,0,1,0,7.0,8.440000000000001,0.0,0.0,2.0,4.0,0.0,0.0,0.0,6.0,15.44,18
22500273,DAL,MEM,79.2,80.4,"('Brandon Williams', 'Cooper Flagg', 'Naji Marshall')",3.99,4,7,10,5,4,2,2,0,0,1,0,7.0,8.440000000000001,0.0,0.0,2.0,4.0,0.0,0.0,0.0,6.0,15.44,18
22500273,DAL,MEM,79.2,80.4,"('Brandon Williams', 'Daniel Gafford', 'Klay Thompson')",3.99,4,7,10,5,4,2,2,0,0,1,0,7.0,8.440000000000001,0.0,0.0,2.0,4.0,0.0,0.0,0.0,6.0,15.44,18
22500273,DAL,MEM,79.2,80.4,"('Brandon Williams', 'Daniel Gafford', 'Naji Marshall')",3.99,4,7,10,5,4,2,2,0,0,1,0,7.0,8.440000000000001,0.0,0.0,2.0,4.0,0.0,0.0,0.0,6.0,15.44,18
22500273,DAL,MEM,79.2,80.4,"('Brandon Williams', 'Klay Thompson', 'Naji Marshall')",3.99,4,7,10,5,4,2,2,0,0,1,0,7.0,8.440000000000001,0.0,0.0,2.0,4.0,0.0,0.0,0.0,6.0,15.44,18
22500273,DAL,MEM,79.2,80.4,"('Cooper Flagg', 'Daniel Gafford', 'Klay Thompson')",3.99,4,7,10,5,4,2,2,0,0,1,0,7.0,8.440000000000001,0.0,0.0,2.0,4.0,0.0,0.0,0.0,6.0,15.44,18
22500273,DAL,MEM,79.2,80.4,"('Cooper Flagg', 'Daniel Gafford', 'Naji Marshall')",3.99,4,7,10,5,4,2,2,0,0,1,0,7.0,8.440000000000001,0.0,0.0,2.0,4.0,0.0,0.0,0.0,6.0,15.44,18
22500273,DAL,MEM,79.2,80.4,"('Cooper Flagg', 'Klay Thompson', 'Naji Marshall')",3.99,4,7,10,5,4,2,2,0,0,1,0,7.0,8.440000000000001,0.0,0.0,2.0,4.0,0.0,0.0,0.0,6.0,15.44,18
22500273,DAL,MEM,79.2,80.4,"('Daniel Gafford', 'Klay Thompson', 'Naji Marshall')",3.99,4,7,10,5,4,2,2,0,0,1,0,7.0,8.440000000000001,0.0,0.0,2.0,4.0,0.0,0.0,0.0,6.0,15.44,18
22500273,DAL,MEM,79.0,80.2,"('Cooper Flagg', 'Daniel Gafford', 'Klay Thompson')",0.2749999999999999,3,3,1,0,1,1,0,0,1,0,0,2.0,1.44,0.0,3.0,0.0,0.0,0.0,0.0,0.0,0.0,3.44,18
22500273,DAL,MEM,79.0,80.2,"('Cooper Flagg', 'Daniel Gafford', 'Max Christie')",0.2749999999999999,3,3,1,0,1,1,0,0,1,0,0,2.0,1.44,0.0,3.0,0.0,0.0,0.0,0.0,0.0,0.0,3.44,18
22500273,DAL,MEM,79.0,80.2,"('Cooper Flagg', 'Daniel Gafford', 'Naji Marshall')",0.2749999999999999,3,3,1,0,1,1,0,0,1,0,0,2.0,1.44,0.0,3.0,0.0,0.0,0.0,0.0,0.0,0.0,3.44,18
22500273,DAL,MEM,79.0,80.2,"('Cooper Flagg', 'Klay Thompson', 'Max Christie')",0.2749999999999999,3,3,1,0,1,1,0,0,1,0,0,2.0,1.44,0.0,3.0,0.0,0.0,0.0,0.0,0.0,0.0,3.44,18
22500273,DAL,MEM,79.0,80.2,"('Cooper Flagg', 'Klay Thompson', 'Naji Marshall')",0.2749999999999999,3,3,1,0,1,1,0,0,1,0,0,2.0,1.44,0.0,3.0,0.0,0.0,0.0,0.0,0.0,0.0,3.44,18
22500273,DAL,MEM,79.0,80.2,"('Cooper Flagg', 'Max Christie', 'Naji Marshall')",0.2749999999999999,3,3,1,0,1,1,0,0,1,0,0,2.0,1.44,0.0,3.0,0.0,0.0,0.0,0.0,0.0,0.0,3.44,18
22500273,DAL,MEM,79.0,80.2,"('Daniel Gafford', 'Klay Thompson', 'Max Christie')",0.2749999999999999,3,3,1,0,1,1,0,0,1,0,0,2.0,1.44,0.0,3.0,0.0,0.0,0.0,0.0,0.0,0.0,3.44,18
22500273,DAL,MEM,79.0,80.2,"('Daniel Gafford', 'Klay Thompson', 'Naji Marshall')",0.2749999999999999,3,3,1,0,1,1,0,0,1,0,0,2.0,1.44,0.0,3.0,0.0,0.0,0.0,0.0,0.0,0.0,3.44,18
22500273,DAL,MEM,79.0,80.2,"('Daniel Gafford', 'Max Christie', 'Naji Marshall')",0.2749999999999999,3,3,1,0,1,1,0,0,1,0,0,2.0,1.44,0.0,3.0,0.0,0.0,0.0,0.0,0.0,0.0,3.44,18
22500273,DAL,MEM,79.0,80.2,"('Klay Thompson', 'Max Christie', 'Naji Marshall')",0.2749999999999999,3,3,1,0,1,1,0,0,1,0,0,2.0,1.44,0.0,3.0,0.0,0.0,0.0,0.0,0.0,0.0,3.44,18
22500273,DAL,MEM,77.6,80.0,"('Caleb Martin', 'Cooper Flagg', 'Jaden Hardy')",3.108333333333333,3,6,5,3,7,0,1,1,1,0,2,7.88,6.0,2.0,0.0,0.0,4.0,0.0,2.0,2.0,2.0,13.88,18
22500273,DAL,MEM,77.6,80.0,"('Caleb Martin', 'Cooper Flagg', 'Klay Thompson')",3.108333333333333,3,6,5,3,7,0,1,1,1,0,2,7.88,6.0,2.0,0.0,0.0,4.0,0.0,2.0,2.0,2.0,13.88,18
22500273,DAL,MEM,77.6,80.0,"('Caleb Martin', 'Cooper Flagg', 'Naji Marshall')",3.108333333333333,3,6,5,3,7,0,1,1,1,0,2,7.88,6.0,2.0,0.0,0.0,4.0,0.0,2.0,2.0,2.0,13.88,18
22500273,DAL,MEM,77.6,80.0,"('Caleb Martin', 'Jaden Hardy', 'Klay Thompson')",3.108333333333333,3,6,5,3,7,0,1,1,1,0,2,7.88,6.0,2.0,0.0,0.0,4.0,0.0,2.0,2.0,2.0,13.88,18
22500273,DAL,MEM,77.6,80.0,"('Caleb Martin', 'Jaden Hardy', 'Naji Marshall')",3.108333333333333,3,6,5,3,7,0,1,1,1,0,2,7.88,6.0,2.0,0.0,0.0,4.0,0.0,2.0,2.0,2.0,13.88,18
22500273,DAL,MEM,77.6,80.0,"('Caleb Martin', 'Klay Thompson', 'Naji Marshall')",3.108333333333333,3,6,5,3,7,0,1,1,1,0,2,7.88,6.0,2.0,0.0,0.0,4.0,0.0,2.0,2.0,2.0,13.88,18
22500273,DAL,MEM,77.6,80.0,"('Cooper Flagg', 'Jaden Hardy', 'Klay Thompson')",3.108333333333333,3,6,5,3,7,0,1,1,1,0,2,7.88,6.0,2.0,0.0,0.0,4.0,0.0,2.0,2.0,2.0,13.88,18
22500273,DAL,MEM,77.6,80.0,"('Cooper Flagg', 'Jaden Hardy', 'Naji Marshall')",3.108333333333333,3,6,5,3,7,0,1,1,1,0,2,7.88,6.0,2.0,0.0,0.0,4.0,0.0,2.0,2.0,2.0,13.88,18
22500273,DAL,MEM,77.6,80.0,"('Cooper Flagg', 'Klay Thompson', 'Naji Marshall')",3.108333333333333,3,6,5,3,7,0,1,1,1,0,2,7.88,6.0,2.0,0.0,0.0,4.0,0.0,2.0,2.0,2.0,13.88,18
22500273,DAL,MEM,77.6,80.0,"('Jaden Hardy', 'Klay Thompson', 'Naji Marshall')",3.108333333333333,3,6,5,3,7,0,1,1,1,0,2,7.88,6.0,2.0,0.0,0.0,4.0,0.0,2.0,2.0,2.0,13.88,18
22500273,DAL,MEM,79.4,80.0,"('Brandon Williams', 'Cooper Flagg', 'Daniel Gafford')",2.283333333333333,4,5,1,3,1,1,0,2,2,3,3,5.0,4.44,0.0,0.0,3.0,2.0,0.0,0.0,0.0,0.0,9.44,18
22500273,DAL,MEM,79.4,80.0,"('Brandon Williams', 'Cooper Flagg', 'Klay Thompson')",2.283333333333333,4,5,1,3,1,1,0,2,2,3,3,5.0,4.44,0.0,0.0,3.0,2.0,0.0,0.0,0.0,0.0,9.44,18
22500273,DAL,MEM,79.4,80.0,"('Brandon Williams', 'Cooper Flagg', 'P.J. Washington')",2.283333333333333,4,5,1,3,1,1,0,2,2,3,3,5.0,4.44,0.0,0.0,3.0,2.0,0.0,0.0,0.0,0.0,9.44,18
22500273,DAL,MEM,79.4,80.0,"('Brandon Williams', 'Daniel Gafford', 'Klay Thompson')",2.283333333333333,4,5,1,3,1,1,0,2,2,3,3,5.0,4.44,0.0,0.0,3.0,2.0,0.0,0.0,0.0,0.0,9.44,18
22500273,DAL,MEM,79.4,80.0,"('Brandon Williams', 'Daniel Gafford', 'P.J. Washington')",2.283333333333333,4,5,1,3,1,1,0,2,2,3,3,5.0,4.44,0.0,0.0,3.0,2.0,0.0,0.0,0.0,0.0,9.44,18
22500273,DAL,MEM,79.4,80.0,"('Brandon Williams', 'Klay Thompson', 'P.J. Washington')",2.283333333333333,4,5,1,3,1,1,0,2,2,3,3,5.0,4.44,0.0,0.0,3.0,2.0,0.0,0.0,0.0,0.0,9.44,18
22500273,DAL,MEM,79.4,80.0,"('Cooper Flagg', 'Daniel Gafford', 'Klay Thompson')",2.283333333333333,4,5,1,3,1,1,0,2,2,3,3,5.0,4.44,0.0,0.0,3.0,2.0,0.0,0.0,0.0,0.0,9.44,18
22500273,DAL,MEM,79.4,80.0,"('Cooper Flagg', 'Daniel Gafford', 'P.J. Washington')",2.283333333333333,4,5,1,3,1,1,0,2,2,3,3,5.0,4.44,0.0,0.0,3.0,2.0,0.0,0.0,0.0,0.0,9.44,18
22500273,DAL,MEM,79.4,80.0,"('Cooper Flagg', 'Klay Thompson', 'P.J. Washington')",2.283333333333333,4,5,1,3,1,1,0,2,2,3,3,5.0,4.44,0.0,0.0,3.0,2.0,0.0,0.0,0.0,0.0,9.44,18
22500273,DAL,MEM,79.4,80.0,"('Daniel Gafford', 'Klay Thompson', 'P.J. Washington')",2.283333333333333,4,5,1,3,1,1,0,2,2,3,3,5.0,4.44,0.0,0.0,3.0,2.0,0.0,0.0,0.0,0.0,9.44,18
22500273,DAL,MEM,79.0,80.6,"('Cooper Flagg', 'Daniel Gafford', 'Klay Thompson')",0.455,4,0,3,0,3,0,0,0,0,2,0,2.0,1.32,0.0,0.0,0.0,0.0,0.0,0.0,0.0,0.0,3.3200000000000003,18
22500273,DAL,MEM,79.0,80.6,"('Cooper Flagg', 'Daniel Gafford', 'Max Christie')",0.455,4,0,3,0,3,0,0,0,0,2,0,2.0,1.32,0.0,0.0,0.0,0.0,0.0,0.0,0.0,0.0,3.3200000000000003,18
22500273,DAL,MEM,79.0,80.6,"('Cooper Flagg', 'Daniel Gafford', 'Naji Marshall')",0.455,4,0,3,0,3,0,0,0,0,2,0,2.0,1.32,0.0,0.0,0.0,0.0,0.0,0.0,0.0,0.0,3.3200000000000003,18
22500273,DAL,MEM,79.0,80.6,"('Cooper Flagg', 'Klay Thompson', 'Max Christie')",0.455,4,0,3,0,3,0,0,0,0,2,0,2.0,1.32,0.0,0.0,0.0,0.0,0.0,0.0,0.0,0.0,3.3200000000000003,18
22500273,DAL,MEM,79.0,80.6,"('Cooper Flagg', 'Klay Thompson', 'Naji Marshall')",0.455,4,0,3,0,3,0,0,0,0,2,0,2.0,1.32,0.0,0.0,0.0,0.0,0.0,0.0,0.0,0.0,3.3200000000000003,18
22500273,DAL,MEM,79.0,80.6,"('Cooper Flagg', 'Max Christie', 'Naji Marshall')",0.455,4,0,3,0,3,0,0,0,0,2,0,2.0,1.32,0.0,0.0,0.0,0.0,0.0,0.0,0.0,0.0,3.3200000000000003,18
22500273,DAL,MEM,79.0,80.6,"('Daniel Gafford', 'Klay Thompson', 'Max Christie')",0.455,4,0,3,0,3,0,0,0,0,2,0,2.0,1.32,0.0,0.0,0.0,0.0,0.0,0.0,0.0,0.0,3.3200000000000003,18
22500273,DAL,MEM,79.0,80.6,"('Daniel Gafford', 'Klay Thompson', 'Naji Marshall')",0.455,4,0,3,0,3,0,0,0,0,2,0,2.0,1.32,0.0,0.0,0.0,0.0,0.0,0.0,0.0,0.0,3.3200000000000003,18
22500273,DAL,MEM,79.0,80.6,"('Daniel Gafford', 'Max Christie', 'Naji Marshall')",0.455,4,0,3,0,3,0,0,0,0,2,0,2.0,1.32,0.0,0.0,0.0,0.0,0.0,0.0,0.0,0.0,3.3200000000000003,18
22500273,DAL,MEM,79.0,80.6,"('Klay Thompson', 'Max Christie', 'Naji Marshall')",0.455,4,0,3,0,3,0,0,0,0,2,0,2.0,1.32,0.0,0.0,0.0,0.0,0.0,0.0,0.0,0.0,3.3200000000000003,18
22500286,DAL,MIA,77.6,77.6,"('Caleb Martin', 'Cooper Flagg', ""D'Angelo Russell"")",2.4000000000000004,2,0,8,3,5,0,2,1,0,1,0,5.0,6.44,0.0,0.0,0.0,0.0,2.0,5.0,0.0,4.0,11.44,19
22500286,DAL,MIA,77.6,77.6,"('Caleb Martin', 'Cooper Flagg', 'Max Christie')",2.4000000000000004,2,0,8,3,5,0,2,1,0,1,0,5.0,6.44,0.0,0.0,0.0,0.0,2.0,5.0,0.0,4.0,11.44,19
22500286,DAL,MIA,77.6,77.6,"('Caleb Martin', 'Cooper Flagg', 'Naji Marshall')",2.4000000000000004,2,0,8,3,5,0,2,1,0,1,0,5.0,6.44,0.0,0.0,0.0,0.0,2.0,5.0,0.0,4.0,11.44,19
22500286,DAL,MIA,77.6,77.6,"('Caleb Martin', ""D'Angelo Russell"", 'Max Christie')",2.4000000000000004,2,0,8,3,5,0,2,1,0,1,0,5.0,6.44,0.0,0.0,0.0,0.0,2.0,5.0,0.0,4.0,11.44,19
22500286,DAL,MIA,77.6,77.6,"('Caleb Martin', ""D'Angelo Russell"", 'Naji Marshall')",2.4000000000000004,2,0,8,3,5,0,2,1,0,1,0,5.0,6.44,0.0,0.0,0.0,0.0,2.0,5.0,0.0,4.0,11.44,19
22500286,DAL,MIA,77.6,77.6,"('Caleb Martin', 'Max Christie', 'Naji Marshall')",2.4000000000000004,2,0,8,3,5,0,2,1,0,1,0,5.0,6.44,0.0,0.0,0.0,0.0,2.0,5.0,0.0,4.0,11.44,19
22500286,DAL,MIA,77.6,77.6,"('Cooper Flagg', ""D'Angelo Russell"", 'Max Christie')",2.4000000000000004,2,0,8,3,5,0,2,1,0,1,0,5.0,6.44,0.0,0.0,0.0,0.0,2.0,5.0,0.0,4.0,11.44,19
22500286,DAL,MIA,77.6,77.6,"('Cooper Flagg', ""D'Angelo Russell"", 'Naji Marshall')",2.4000000000000004,2,0,8,3,5,0,2,1,0,1,0,5.0,6.44,0.0,0.0,0.0,0.0,2.0,5.0,0.0,4.0,11.44,19
22500286,DAL,MIA,77.6,77.6,"('Cooper Flagg', 'Max Christie', 'Naji Marshall')",2.4000000000000004,2,0,8,3,5,0,2,1,0,1,0,5.0,6.44,0.0,0.0,0.0,0.0,2.0,5.0,0.0,4.0,11.44,19
22500286,DAL,MIA,77.6,77.6,"(""D'Angelo Russell"", 'Max Christie', 'Naji Marshall')",2.4000000000000004,2,0,8,3,5,0,2,1,0,1,0,5.0,6.44,0.0,0.0,0.0,0.0,2.0,5.0,0.0,4.0,11.44,19
22500286,DAL,MIA,79.6,77.4,"('Brandon Williams', 'Cooper Flagg', 'Dwight Powell')",3.1116666666666664,2,6,8,7,4,1,2,0,0,0,1,7.44,7.0,0.0,0.0,3.0,2.0,0.0,2.0,0.0,6.0,14.44,19
22500286,DAL,MIA,79.6,77.4,"('Brandon Williams', 'Cooper Flagg', 'Naji Marshall')",3.1116666666666664,2,6,8,7,4,1,2,0,0,0,1,7.44,7.0,0.0,0.0,3.0,2.0,0.0,2.0,0.0,6.0,14.44,19
22500286,DAL,MIA,79.6,77.4,"('Brandon Williams', 'Cooper Flagg', 'P.J. Washington')",3.1116666666666664,2,6,8,7,4,1,2,0,0,0,1,7.44,7.0,0.0,0.0,3.0,2.0,0.0,2.0,0.0,6.0,14.44,19
22500286,DAL,MIA,79.6,77.4,"('Brandon Williams', 'Dwight Powell', 'Naji Marshall')",3.1116666666666664,2,6,8,7,4,1,2,0,0,0,1,7.44,7.0,0.0,0.0,3.0,2.0,0.0,2.0,0.0,6.0,14.44,19
22500286,DAL,MIA,79.6,77.4,"('Brandon Williams', 'Dwight Powell', 'P.J. Washington')",3.1116666666666664,2,6,8,7,4,1,2,0,0,0,1,7.44,7.0,0.0,0.0,3.0,2.0,0.0,2.0,0.0,6.0,14.44,19
22500286,DAL,MIA,79.6,77.4,"('Brandon Williams', 'Naji Marshall', 'P.J. Washington')",3.1116666666666664,2,6,8,7,4,1,2,0,0,0,1,7.44,7.0,0.0,0.0,3.0,2.0,0.0,2.0,0.0,6.0,14.44,19
22500286,DAL,MIA,79.6,77.4,"('Cooper Flagg', 'Dwight Powell', 'Naji Marshall')",3.1116666666666664,2,6,8,7,4,1,2,0,0,0,1,7.44,7.0,0.0,0.0,3.0,2.0,0.0,2.0,0.0,6.0,14.44,19
22500286,DAL,MIA,79.6,77.4,"('Cooper Flagg', 'Dwight Powell', 'P.J. Washington')",3.1116666666666664,2,6,8,7,4,1,2,0,0,0,1,7.44,7.0,0.0,0.0,3.0,2.0,0.0,2.0,0.0,6.0,14.44,19
22500286,DAL,MIA,79.6,77.4,"('Cooper Flagg', 'Naji Marshall', 'P.J. Washington')",3.1116666666666664,2,6,8,7,4,1,2,0,0,0,1,7.44,7.0,0.0,0.0,3.0,2.0,0.0,2.0,0.0,6.0,14.44,19
22500286,DAL,MIA,79.6,77.4,"('Dwight Powell', 'Naji Marshall', 'P.J. Washington')",3.1116666666666664,2,6,8,7,4,1,2,0,0,0,1,7.44,7.0,0.0,0.0,3.0,2.0,0.0,2.0,0.0,6.0,14.44,19
22500286,DAL,MIA,77.4,78.0,"('Daniel Gafford', 'Klay Thompson', 'Naji Marshall')",4.245,3,9,4,6,5,4,1,2,2,1,1,10.44,9.0,4.0,2.0,0.0,8.0,2.0,0.0,2.0,4.0,19.44,19
22500286,DAL,MIA,77.4,78.0,"('Daniel Gafford', 'Klay Thompson', 'P.J. Washington')",4.245,3,9,4,6,5,4,1,2,2,1,1,10.44,9.0,4.0,2.0,0.0,8.0,2.0,0.0,2.0,4.0,19.44,19
22500286,DAL,MIA,77.4,78.0,"('Daniel Gafford', 'Klay Thompson', 'Ryan Nembhard')",4.245,3,9,4,6,5,4,1,2,2,1,1,10.44,9.0,4.0,2.0,0.0,8.0,2.0,0.0,2.0,4.0,19.44,19
22500286,DAL,MIA,77.4,78.0,"('Daniel Gafford', 'Naji Marshall', 'P.J. Washington')",4.245,3,9,4,6,5,4,1,2,2,1,1,10.44,9.0,4.0,2.0,0.0,8.0,2.0,0.0,2.0,4.0,19.44,19
22500286,DAL,MIA,77.4,78.0,"('Daniel Gafford', 'Naji Marshall', 'Ryan Nembhard')",4.245,3,9,4,6,5,4,1,2,2,1,1,10.44,9.0,4.0,2.0,0.0,8.0,2.0,0.0,2.0,4.0,19.44,19
22500286,DAL,MIA,77.4,78.0,"('Daniel Gafford', 'P.J. Washington', 'Ryan Nembhard')",4.245,3,9,4,6,5,4,1,2,2,1,1,10.44,9.0,4.0,2.0,0.0,8.0,2.0,0.0,2.0,4.0,19.44,19
22500286,DAL,MIA,77.4,78.0,"('Klay Thompson', 'Naji Marshall', 'P.J. Washington')",4.245,3,9,4,6,5,4,1,2,2,1,1,10.44,9.0,4.0,2.0,0.0,8.0,2.0,0.0,2.0,4.0,19.44,19
22500286,DAL,MIA,77.4,78.0,"('Klay Thompson', 'Naji Marshall', 'Ryan Nembhard')",4.245,3,9,4,6,5,4,1,2,2,1,1,10.44,9.0,4.0,2.0,0.0,8.0,2.0,0.0,2.0,4.0,19.44,19
22500286,DAL,MIA,77.4,78.0,"('Klay Thompson', 'P.J. Washington', 'Ryan Nembhard')",4.245,3,9,4,6,5,4,1,2,2,1,1,10.44,9.0,4.0,2.0,0.0,8.0,2.0,0.0,2.0,4.0,19.44,19
22500286,DAL,MIA,77.4,78.0,"('Naji Marshall', 'P.J. Washington', 'Ryan Nembhard')",4.245,3,9,4,6,5,4,1,2,2,1,1,10.44,9.0,4.0,2.0,0.0,8.0,2.0,0.0,2.0,4.0,19.44,19
22500286,DAL,MIA,79.2,77.6,"('Brandon Williams', 'Cooper Flagg', 'Dwight Powell')",1.2833333333333332,3,2,6,0,1,0,1,0,0,1,0,3.0,2.44,0.0,0.0,0.0,2.0,0.0,0.0,0.0,0.0,5.44,19
22500286,DAL,MIA,79.2,77.6,"('Brandon Williams', 'Cooper Flagg', 'Max Christie')",1.2833333333333332,3,2,6,0,1,0,1,0,0,1,0,3.0,2.44,0.0,0.0,0.0,2.0,0.0,0.0,0.0,0.0,5.44,19
22500286,DAL,MIA,79.2,77.6,"('Brandon Williams', 'Cooper Flagg', 'Naji Marshall')",1.2833333333333332,3,2,6,0,1,0,1,0,0,1,0,3.0,2.44,0.0,0.0,0.0,2.0,0.0,0.0,0.0,0.0,5.44,19
22500286,DAL,MIA,79.2,77.6,"('Brandon Williams', 'Dwight Powell', 'Max Christie')",1.2833333333333332,3,2,6,0,1,0,1,0,0,1,0,3.0,2.44,0.0,0.0,0.0,2.0,0.0,0.0,0.0,0.0,5.44,19
22500286,DAL,MIA,79.2,77.6,"('Brandon Williams', 'Dwight Powell', 'Naji Marshall')",1.2833333333333332,3,2,6,0,1,0,1,0,0,1,0,3.0,2.44,0.0,0.0,0.0,2.0,0.0,0.0,0.0,0.0,5.44,19
22500286,DAL,MIA,79.2,77.6,"('Brandon Williams', 'Max Christie', 'Naji Marshall')",1.2833333333333332,3,2,6,0,1,0,1,0,0,1,0,3.0,2.44,0.0,0.0,0.0,2.0,0.0,0.0,0.0,0.0,5.44,19
22500286,DAL,MIA,79.2,77.6,"('Cooper Flagg', 'Dwight Powell', 'Max Christie')",1.2833333333333332,3,2,6,0,1,0,1,0,0,1,0,3.0,2.44,0.0,0.0,0.0,2.0,0.0,0.0,0.0,0.0,5.44,19
22500286,DAL,MIA,79.2,77.6,"('Cooper Flagg', 'Dwight Powell', 'Naji Marshall')",1.2833333333333332,3,2,6,0,1,0,1,0,0,1,0,3.0,2.44,0.0,0.0,0.0,2.0,0.0,0.0,0.0,0.0,5.44,19
22500286,DAL,MIA,79.2,77.6,"('Cooper Flagg', 'Max Christie', 'Naji Marshall')",1.2833333333333332,3,2,6,0,1,0,1,0,0,1,0,3.0,2.44,0.0,0.0,0.0,2.0,0.0,0.0,0.0,0.0,5.44,19
22500286,DAL,MIA,79.2,77.6,"('Dwight Powell', 'Max Christie', 'Naji Marshall')",1.2833333333333332,3,2,6,0,1,0,1,0,0,1,0,3.0,2.44,0.0,0.0,0.0,2.0,0.0,0.0,0.0,0.0,5.44,19
22500286,DAL,MIA,78.6,78.2,"('Brandon Williams', 'Cooper Flagg', 'Max Christie')",0.0,3,0,0,0,0,0,0,0,0,0,0,0.0,0.0,0.0,0.0,0.0,0.0,0.0,0.0,0.0,0.0,0.0,19
22500286,DAL,MIA,78.6,78.2,"('Brandon Williams', 'Cooper Flagg', 'Naji Marshall')",0.0,3,0,0,0,0,0,0,0,0,0,0,0.0,0.0,0.0,0.0,0.0,0.0,0.0,0.0,0.0,0.0,0.0,19
22500286,DAL,MIA,78.6,78.2,"('Brandon Williams', 'Cooper Flagg', 'P.J. Washington')",0.0,3,0,0,0,0,0,0,0,0,0,0,0.0,0.0,0.0,0.0,0.0,0.0,0.0,0.0,0.0,0.0,0.0,19
22500286,DAL,MIA,78.6,78.2,"('Brandon Williams', 'Max Christie', 'Naji Marshall')",0.0,3,0,0,0,0,0,0,0,0,0,0,0.0,0.0,0.0,0.0,0.0,0.0,0.0,0.0,0.0,0.0,0.0,19
22500286,DAL,MIA,78.6,78.2,"('Brandon Williams', 'Max Christie', 'P.J. Washington')",0.0,3,0,0,0,0,0,0,0,0,0,0,0.0,0.0,0.0,0.0,0.0,0.0,0.0,0.0,0.0,0.0,0.0,19
22500286,DAL,MIA,78.6,78.2,"('Brandon Williams', 'Naji Marshall', 'P.J. Washington')",0.0,3,0,0,0,0,0,0,0,0,0,0,0.0,0.0,0.0,0.0,0.0,0.0,0.0,0.0,0.0,0.0,0.0,19
22500286,DAL,MIA,78.6,78.2,"('Cooper Flagg', 'Max Christie', 'Naji Marshall')",0.0,3,0,0,0,0,0,0,0,0,0,0,0.0,0.0,0.0,0.0,0.0,0.0,0.0,0.0,0.0,0.0,0.0,19
22500286,DAL,MIA,78.6,78.2,"('Cooper Flagg', 'Max Christie', 'P.J. Washington')",0.0,3,0,0,0,0,0,0,0,0,0,0,0.0,0.0,0.0,0.0,0.0,0.0,0.0,0.0,0.0,0.0,0.0,19
22500286,DAL,MIA,78.6,78.2,"('Cooper Flagg', 'Naji Marshall', 'P.J. Washington')",0.0,3,0,0,0,0,0,0,0,0,0,0,0.0,0.0,0.0,0.0,0.0,0.0,0.0,0.0,0.0,0.0,0.0,19
22500286,DAL,MIA,78.6,78.2,"('Max Christie', 'Naji Marshall', 'P.J. Washington')",0.0,3,0,0,0,0,0,0,0,0,0,0,0.0,0.0,0.0,0.0,0.0,0.0,0.0,0.0,0.0,0.0,0.0,19
22500286,DAL,MIA,78.6,77.6,"('Cooper Flagg', ""D'Angelo Russell"", 'Dwight Powell')",1.65,2,6,4,2,1,2,0,0,0,1,1,5.0,3.0,0.0,0.0,4.0,6.0,0.0,2.0,0.0,4.0,8.0,19
22500286,DAL,MIA,78.6,77.6,"('Cooper Flagg', ""D'Angelo Russell"", 'Max Christie')",1.65,2,6,4,2,1,2,0,0,0,1,1,5.0,3.0,0.0,0.0,4.0,6.0,0.0,2.0,0.0,4.0,8.0,19
22500286,DAL,MIA,78.6,77.6,"('Cooper Flagg', ""D'Angelo Russell"", 'Naji Marshall')",1.65,2,6,4,2,1,2,0,0,0,1,1,5.0,3.0,0.0,0.0,4.0,6.0,0.0,2.0,0.0,4.0,8.0,19
22500286,DAL,MIA,78.6,77.6,"('Cooper Flagg', 'Dwight Powell', 'Max Christie')",1.65,2,6,4,2,1,2,0,0,0,1,1,5.0,3.0,0.0,0.0,4.0,6.0,0.0,2.0,0.0,4.0,8.0,19
22500286,DAL,MIA,78.6,77.6,"('Cooper Flagg', 'Dwight Powell', 'Naji Marshall')",1.65,2,6,4,2,1,2,0,0,0,1,1,5.0,3.0,0.0,0.0,4.0,6.0,0.0,2.0,0.0,4.0,8.0,19
22500286,DAL,MIA,78.6,77.6,"('Cooper Flagg', 'Max Christie', 'Naji Marshall')",1.65,2,6,4,2,1,2,0,0,0,1,1,5.0,3.0,0.0,0.0,4.0,6.0,0.0,2.0,0.0,4.0,8.0,19
22500286,DAL,MIA,78.6,77.6,"(""D'Angelo Russell"", 'Dwight Powell', 'Max Christie')",1.65,2,6,4,2,1,2,0,0,0,1,1,5.0,3.0,0.0,0.0,4.0,6.0,0.0,2.0,0.0,4.0,8.0,19
22500286,DAL,MIA,78.6,77.6,"(""D'Angelo Russell"", 'Dwight Powell', 'Naji Marshall')",1.65,2,6,4,2,1,2,0,0,0,1,1,5.0,3.0,0.0,0.0,4.0,6.0,0.0,2.0,0.0,4.0,8.0,19
22500286,DAL,MIA,78.6,77.6,"(""D'Angelo Russell"", 'Max Christie', 'Naji Marshall')",1.65,2,6,4,2,1,2,0,0,0,1,1,5.0,3.0,0.0,0.0,4.0,6.0,0.0,2.0,0.0,4.0,8.0,19
22500286,DAL,MIA,78.6,77.6,"('Dwight Powell', 'Max Christie', 'Naji Marshall')",1.65,2,6,4,2,1,2,0,0,0,1,1,5.0,3.0,0.0,0.0,4.0,6.0,0.0,2.0,0.0,4.0,8.0,19
22500286,DAL,MIA,78.2,78.0,"('Brandon Williams', 'Daniel Gafford', 'Jaden Hardy')",1.7166666666666668,2,7,3,1,0,2,0,1,1,2,1,4.44,3.44,2.0,2.0,0.0,6.0,2.0,0.0,0.0,2.0,7.880000000000001,19
22500286,DAL,MIA,78.2,78.0,"('Brandon Williams', 'Daniel Gafford', 'Klay Thompson')",1.7166666666666668,2,7,3,1,0,2,0,1,1,2,1,4.44,3.44,2.0,2.0,0.0,6.0,2.0,0.0,0.0,2.0,7.880000000000001,19
22500286,DAL,MIA,78.2,78.0,"('Brandon Williams', 'Daniel Gafford', 'P.J. Washington')",1.7166666666666668,2,7,3,1,0,2,0,1,1,2,1,4.44,3.44,2.0,2.0,0.0,6.0,2.0,0.0,0.0,2.0,7.880000000000001,19
22500286,DAL,MIA,78.2,78.0,"('Brandon Williams', 'Jaden Hardy', 'Klay Thompson')",1.7166666666666668,2,7,3,1,0,2,0,1,1,2,1,4.44,3.44,2.0,2.0,0.0,6.0,2.0,0.0,0.0,2.0,7.880000000000001,19
22500286,DAL,MIA,78.2,78.0,"('Brandon Williams', 'Jaden Hardy', 'P.J. Washington')",1.7166666666666668,2,7,3,1,0,2,0,1,1,2,1,4.44,3.44,2.0,2.0,0.0,6.0,2.0,0.0,0.0,2.0,7.880000000000001,19
22500286,DAL,MIA,78.2,78.0,"('Brandon Williams', 'Klay Thompson', 'P.J. Washington')",1.7166666666666668,2,7,3,1,0,2,0,1,1,2,1,4.44,3.44,2.0,2.0,0.0,6.0,2.0,0.0,0.0,2.0,7.880000000000001,19
22500286,DAL,MIA,78.2,78.0,"('Daniel Gafford', 'Jaden Hardy', 'Klay Thompson')",1.7166666666666668,2,7,3,1,0,2,0,1,1,2,1,4.44,3.44,2.0,2.0,0.0,6.0,2.0,0.0,0.0,2.0,7.880000000000001,19
22500286,DAL,MIA,78.2,78.0,"('Daniel Gafford', 'Jaden Hardy', 'P.J. Washington')",1.7166666666666668,2,7,3,1,0,2,0,1,1,2,1,4.44,3.44,2.0,2.0,0.0,6.0,2.0,0.0,0.0,2.0,7.880000000000001,19
22500286,DAL,MIA,78.2,78.0,"('Daniel Gafford', 'Klay Thompson', 'P.J. Washington')",1.7166666666666668,2,7,3,1,0,2,0,1,1,2,1,4.44,3.44,2.0,2.0,0.0,6.0,2.0,0.0,0.0,2.0,7.880000000000001,19
22500286,DAL,MIA,78.2,78.0,"('Jaden Hardy', 'Klay Thompson', 'P.J. Washington')",1.7166666666666668,2,7,3,1,0,2,0,1,1,2,1,4.44,3.44,2.0,2.0,0.0,6.0,2.0,0.0,0.0,2.0,7.880000000000001,19
22500286,DAL,MIA,78.4,77.0,"('Cooper Flagg', 'Klay Thompson', 'Max Christie')",0.0,4,0,1,0,0,0,0,0,0,0,0,0.0,0.44,0.0,0.0,0.0,0.0,0.0,0.0,0.0,0.0,0.44,19
22500286,DAL,MIA,78.4,77.0,"('Cooper Flagg', 'Klay Thompson', 'Naji Marshall')",0.0,4,0,1,0,0,0,0,0,0,0,0,0.0,0.44,0.0,0.0,0.0,0.0,0.0,0.0,0.0,0.0,0.44,19
22500286,DAL,MIA,78.4,77.0,"('Cooper Flagg', 'Klay Thompson', 'P.J. Washington')",0.0,4,0,1,0,0,0,0,0,0,0,0,0.0,0.44,0.0,0.0,0.0,0.0,0.0,0.0,0.0,0.0,0.44,19
22500286,DAL,MIA,78.4,77.0,"('Cooper Flagg', 'Max Christie', 'Naji Marshall')",0.0,4,0,1,0,0,0,0,0,0,0,0,0.0,0.44,0.0,0.0,0.0,0.0,0.0,0.0,0.0,0.0,0.44,19
22500286,DAL,MIA,78.4,77.0,"('Cooper Flagg', 'Max Christie', 'P.J. Washington')",0.0,4,0,1,0,0,0,0,0,0,0,0,0.0,0.44,0.0,0.0,0.0,0.0,0.0,0.0,0.0,0.0,0.44,19
22500286,DAL,MIA,78.4,77.0,"('Cooper Flagg', 'Naji Marshall', 'P.J. Washington')",0.0,4,0,1,0,0,0,0,0,0,0,0,0.0,0.44,0.0,0.0,0.0,0.0,0.0,0.0,0.0,0.0,0.44,19
22500286,DAL,MIA,78.4,77.0,"('Klay Thompson', 'Max Christie', 'Naji Marshall')",0.0,4,0,1,0,0,0,0,0,0,0,0,0.0,0.44,0.0,0.0,0.0,0.0,0.0,0.0,0.0,0.0,0.44,19
22500286,DAL,MIA,78.4,77.0,"('Klay Thompson', 'Max Christie', 'P.J. Washington')",0.0,4,0,1,0,0,0,0,0,0,0,0,0.0,0.44,0.0,0.0,0.0,0.0,0.0,0.0,0.0,0.0,0.44,19
22500286,DAL,MIA,78.4,77.0,"('Klay Thompson', 'Naji Marshall', 'P.J. Washington')",0.0,4,0,1,0,0,0,0,0,0,0,0,0.0,0.44,0.0,0.0,0.0,0.0,0.0,0.0,0.0,0.0,0.44,19
22500286,DAL,MIA,78.4,77.0,"('Max Christie', 'Naji Marshall', 'P.J. Washington')",0.0,4,0,1,0,0,0,0,0,0,0,0,0.0,0.44,0.0,0.0,0.0,0.0,0.0,0.0,0.0,0.0,0.44,19
22500286,DAL,MIA,78.0,78.2,"('Cooper Flagg', 'Daniel Gafford', 'Max Christie')",5.776666666666666,4,12,13,6,4,1,4,2,1,2,1,11.44,12.44,0.0,0.0,4.0,8.0,2.0,2.0,2.0,10.0,23.88,19
22500286,DAL,MIA,78.0,78.2,"('Cooper Flagg', 'Daniel Gafford', 'P.J. Washington')",5.776666666666666,4,12,13,6,4,1,4,2,1,2,1,11.44,12.44,0.0,0.0,4.0,8.0,2.0,2.0,2.0,10.0,23.88,19
22500286,DAL,MIA,78.0,78.2,"('Cooper Flagg', 'Daniel Gafford', 'Ryan Nembhard')",5.776666666666666,4,12,13,6,4,1,4,2,1,2,1,11.44,12.44,0.0,0.0,4.0,8.0,2.0,2.0,2.0,10.0,23.88,19
22500286,DAL,MIA,78.0,78.2,"('Cooper Flagg', 'Max Christie', 'P.J. Washington')",5.776666666666666,4,12,13,6,4,1,4,2,1,2,1,11.44,12.44,0.0,0.0,4.0,8.0,2.0,2.0,2.0,10.0,23.88,19
22500286,DAL,MIA,78.0,78.2,"('Cooper Flagg', 'Max Christie', 'Ryan Nembhard')",5.776666666666666,4,12,13,6,4,1,4,2,1,2,1,11.44,12.44,0.0,0.0,4.0,8.0,2.0,2.0,2.0,10.0,23.88,19
22500286,DAL,MIA,78.0,78.2,"('Cooper Flagg', 'P.J. Washington', 'Ryan Nembhard')",5.776666666666666,4,12,13,6,4,1,4,2,1,2,1,11.44,12.44,0.0,0.0,4.0,8.0,2.0,2.0,2.0,10.0,23.88,19
22500286,DAL,MIA,78.0,78.2,"('Daniel Gafford', 'Max Christie', 'P.J. Washington')",5.776666666666666,4,12,13,6,4,1,4,2,1,2,1,11.44,12.44,0.0,0.0,4.0,8.0,2.0,2.0,2.0,10.0,23.88,19
22500286,DAL,MIA,78.0,78.2,"('Daniel Gafford', 'Max Christie', 'Ryan Nembhard')",5.776666666666666,4,12,13,6,4,1,4,2,1,2,1,11.44,12.44,0.0,0.0,4.0,8.0,2.0,2.0,2.0,10.0,23.88,19
22500286,DAL,MIA,78.0,78.2,"('Daniel Gafford', 'P.J. Washington', 'Ryan Nembhard')",5.776666666666666,4,12,13,6,4,1,4,2,1,2,1,11.44,12.44,0.0,0.0,4.0,8.0,2.0,2.0,2.0,10.0,23.88,19
22500286,DAL,MIA,78.0,78.2,"('Max Christie', 'P.J. Washington', 'Ryan Nembhard')",5.776666666666666,4,12,13,6,4,1,4,2,1,2,1,11.44,12.44,0.0,0.0,4.0,8.0,2.0,2.0,2.0,10.0,23.88,19
22500286,DAL,MIA,77.6,78.8,"('Cooper Flagg', 'Dwight Powell', 'Klay Thompson')",2.666666666666666,4,13,8,3,1,4,2,0,1,1,1,6.0,6.88,5.0,3.0,0.0,4.0,0.0,0.0,0.0,6.0,12.88,19
22500286,DAL,MIA,77.6,78.8,"('Cooper Flagg', 'Dwight Powell', 'Max Christie')",2.666666666666666,4,13,8,3,1,4,2,0,1,1,1,6.0,6.88,5.0,3.0,0.0,4.0,0.0,0.0,0.0,6.0,12.88,19
22500286,DAL,MIA,77.6,78.8,"('Cooper Flagg', 'Dwight Powell', 'Ryan Nembhard')",2.666666666666666,4,13,8,3,1,4,2,0,1,1,1,6.0,6.88,5.0,3.0,0.0,4.0,0.0,0.0,0.0,6.0,12.88,19
22500286,DAL,MIA,77.6,78.8,"('Cooper Flagg', 'Klay Thompson', 'Max Christie')",2.666666666666666,4,13,8,3,1,4,2,0,1,1,1,6.0,6.88,5.0,3.0,0.0,4.0,0.0,0.0,0.0,6.0,12.88,19
22500286,DAL,MIA,77.6,78.8,"('Cooper Flagg', 'Klay Thompson', 'Ryan Nembhard')",2.666666666666666,4,13,8,3,1,4,2,0,1,1,1,6.0,6.88,5.0,3.0,0.0,4.0,0.0,0.0,0.0,6.0,12.88,19
22500286,DAL,MIA,77.6,78.8,"('Cooper Flagg', 'Max Christie', 'Ryan Nembhard')",2.666666666666666,4,13,8,3,1,4,2,0,1,1,1,6.0,6.88,5.0,3.0,0.0,4.0,0.0,0.0,0.0,6.0,12.88,19
22500286,DAL,MIA,77.6,78.8,"('Dwight Powell', 'Klay Thompson', 'Max Christie')",2.666666666666666,4,13,8,3,1,4,2,0,1,1,1,6.0,6.88,5.0,3.0,0.0,4.0,0.0,0.0,0.0,6.0,12.88,19
22500286,DAL,MIA,77.6,78.8,"('Dwight Powell', 'Klay Thompson', 'Ryan Nembhard')",2.666666666666666,4,13,8,3,1,4,2,0,1,1,1,6.0,6.88,5.0,3.0,0.0,4.0,0.0,0.0,0.0,6.0,12.88,19
22500286,DAL,MIA,77.6,78.8,"('Dwight Powell', 'Max Christie', 'Ryan Nembhard')",2.666666666666666,4,13,8,3,1,4,2,0,1,1,1,6.0,6.88,5.0,3.0,0.0,4.0,0.0,0.0,0.0,6.0,12.88,19
22500286,DAL,MIA,77.6,78.8,"('Klay Thompson', 'Max Christie', 'Ryan Nembhard')",2.666666666666666,4,13,8,3,1,4,2,0,1,1,1,6.0,6.88,5.0,3.0,0.0,4.0,0.0,0.0,0.0,6.0,12.88,19
22500286,DAL,MIA,78.4,77.0,"('Caleb Martin', 'Cooper Flagg', 'Max Christie')",0.3033333333333333,4,0,1,0,1,0,0,0,1,1,0,1.0,1.44,0.0,0.0,0.0,0.0,0.0,0.0,0.0,0.0,2.44,19
22500286,DAL,MIA,78.4,77.0,"('Caleb Martin', 'Cooper Flagg', 'Naji Marshall')",0.3033333333333333,4,0,1,0,1,0,0,0,1,1,0,1.0,1.44,0.0,0.0,0.0,0.0,0.0,0.0,0.0,0.0,2.44,19
22500286,DAL,MIA,78.4,77.0,"('Caleb Martin', 'Cooper Flagg', 'P.J. Washington')",0.3033333333333333,4,0,1,0,1,0,0,0,1,1,0,1.0,1.44,0.0,0.0,0.0,0.0,0.0,0.0,0.0,0.0,2.44,19
22500286,DAL,MIA,78.4,77.0,"('Caleb Martin', 'Max Christie', 'Naji Marshall')",0.3033333333333333,4,0,1,0,1,0,0,0,1,1,0,1.0,1.44,0.0,0.0,0.0,0.0,0.0,0.0,0.0,0.0,2.44,19
22500286,DAL,MIA,78.4,77.0,"('Caleb Martin', 'Max Christie', 'P.J. Washington')",0.3033333333333333,4,0,1,0,1,0,0,0,1,1,0,1.0,1.44,0.0,0.0,0.0,0.0,0.0,0.0,0.0,0.0,2.44,19
22500286,DAL,MIA,78.4,77.0,"('Caleb Martin', 'Naji Marshall', 'P.J. Washington')",0.3033333333333333,4,0,1,0,1,0,0,0,1,1,0,1.0,1.44,0.0,0.0,0.0,0.0,0.0,0.0,0.0,0.0,2.44,19
22500286,DAL,MIA,78.4,77.0,"('Cooper Flagg', 'Max Christie', 'Naji Marshall')",0.3033333333333333,4,0,1,0,1,0,0,0,1,1,0,1.0,1.44,0.0,0.0,0.0,0.0,0.0,0.0,0.0,0.0,2.44,19
22500286,DAL,MIA,78.4,77.0,"('Cooper Flagg', 'Max Christie', 'P.J. Washington')",0.3033333333333333,4,0,1,0,1,0,0,0,1,1,0,1.0,1.44,0.0,0.0,0.0,0.0,0.0,0.0,0.0,0.0,2.44,19
22500286,DAL,MIA,78.4,77.0,"('Cooper Flagg', 'Naji Marshall', 'P.J. Washington')",0.3033333333333333,4,0,1,0,1,0,0,0,1,1,0,1.0,1.44,0.0,0.0,0.0,0.0,0.0,0.0,0.0,0.0,2.44,19
22500286,DAL,MIA,78.4,77.0,"('Max Christie', 'Naji Marshall', 'P.J. Washington')",0.3033333333333333,4,0,1,0,1,0,0,0,1,1,0,1.0,1.44,0.0,0.0,0.0,0.0,0.0,0.0,0.0,0.0,2.44,19
22500286,DAL,MIA,79.4,77.0,"('Cooper Flagg', 'Daniel Gafford', 'Max Christie')",0.2549999999999999,4,1,0,1,0,0,0,0,0,0,0,0.44,1.0,0.0,0.0,0.0,0.0,0.0,0.0,0.0,0.0,1.44,19
22500286,DAL,MIA,79.4,77.0,"('Cooper Flagg', 'Daniel Gafford', 'Naji Marshall')",0.2549999999999999,4,1,0,1,0,0,0,0,0,0,0,0.44,1.0,0.0,0.0,0.0,0.0,0.0,0.0,0.0,0.0,1.44,19
22500286,DAL,MIA,79.4,77.0,"('Cooper Flagg', 'Daniel Gafford', 'P.J. Washington')",0.2549999999999999,4,1,0,1,0,0,0,0,0,0,0,0.44,1.0,0.0,0.0,0.0,0.0,0.0,0.0,0.0,0.0,1.44,19
22500286,DAL,MIA,79.4,77.0,"('Cooper Flagg', 'Max Christie', 'Naji Marshall')",0.2549999999999999,4,1,0,1,0,0,0,0,0,0,0,0.44,1.0,0.0,0.0,0.0,0.0,0.0,0.0,0.0,0.0,1.44,19
22500286,DAL,MIA,79.4,77.0,"('Cooper Flagg', 'Max Christie', 'P.J. Washington')",0.2549999999999999,4,1,0,1,0,0,0,0,0,0,0,0.44,1.0,0.0,0.0,0.0,0.0,0.0,0.0,0.0,0.0,1.44,19
22500286,DAL,MIA,79.4,77.0,"('Cooper Flagg', 'Naji Marshall', 'P.J. Washington')",0.2549999999999999,4,1,0,1,0,0,0,0,0,0,0,0.44,1.0,0.0,0.0,0.0,0.0,0.0,0.0,0.0,0.0,1.44,19
22500286,DAL,MIA,79.4,77.0,"('Daniel Gafford', 'Max Christie', 'Naji Marshall')",0.2549999999999999,4,1,0,1,0,0,0,0,0,0,0,0.44,1.0,0.0,0.0,0.0,0.0,0.0,0.0,0.0,0.0,1.44,19
22500286,DAL,MIA,79.4,77.0,"('Daniel Gafford', 'Max Christie', 'P.J. Washington')",0.2549999999999999,4,1,0,1,0,0,0,0,0,0,0,0.44,1.0,0.0,0.0,0.0,0.0,0.0,0.0,0.0,0.0,1.44,19
22500286,DAL,MIA,79.4,77.0,"('Daniel Gafford', 'Naji Marshall', 'P.J. Washington')",0.2549999999999999,4,1,0,1,0,0,0,0,0,0,0,0.44,1.0,0.0,0.0,0.0,0.0,0.0,0.0,0.0,0.0,1.44,19
22500286,DAL,MIA,79.4,77.0,"('Max Christie', 'Naji Marshall', 'P.J. Washington')",0.2549999999999999,4,1,0,1,0,0,0,0,0,0,0,0.44,1.0,0.0,0.0,0.0,0.0,0.0,0.0,0.0,0.0,1.44,19
22500286,DAL,MIA,77.2,78.0,"('Daniel Gafford', 'Klay Thompson', 'Max Christie')",2.35,4,4,3,4,3,2,1,0,0,0,0,5.0,5.0,2.0,0.0,0.0,4.0,0.0,0.0,0.0,0.0,10.0,19
22500286,DAL,MIA,77.2,78.0,"('Daniel Gafford', 'Klay Thompson', 'P.J. Washington')",2.35,4,4,3,4,3,2,1,0,0,0,0,5.0,5.0,2.0,0.0,0.0,4.0,0.0,0.0,0.0,0.0,10.0,19
22500286,DAL,MIA,77.2,78.0,"('Daniel Gafford', 'Klay Thompson', 'Ryan Nembhard')",2.35,4,4,3,4,3,2,1,0,0,0,0,5.0,5.0,2.0,0.0,0.0,4.0,0.0,0.0,0.0,0.0,10.0,19
22500286,DAL,MIA,77.2,78.0,"('Daniel Gafford', 'Max Christie', 'P.J. Washington')",2.35,4,4,3,4,3,2,1,0,0,0,0,5.0,5.0,2.0,0.0,0.0,4.0,0.0,0.0,0.0,0.0,10.0,19
22500286,DAL,MIA,77.2,78.0,"('Daniel Gafford', 'Max Christie', 'Ryan Nembhard')",2.35,4,4,3,4,3,2,1,0,0,0,0,5.0,5.0,2.0,0.0,0.0,4.0,0.0,0.0,0.0,0.0,10.0,19
22500286,DAL,MIA,77.2,78.0,"('Daniel Gafford', 'P.J. Washington', 'Ryan Nembhard')",2.35,4,4,3,4,3,2,1,0,0,0,0,5.0,5.0,2.0,0.0,0.0,4.0,0.0,0.0,0.0,0.0,10.0,19
22500286,DAL,MIA,77.2,78.0,"('Klay Thompson', 'Max Christie', 'P.J. Washington')",2.35,4,4,3,4,3,2,1,0,0,0,0,5.0,5.0,2.0,0.0,0.0,4.0,0.0,0.0,0.0,0.0,10.0,19
22500286,DAL,MIA,77.2,78.0,"('Klay Thompson', 'Max Christie', 'Ryan Nembhard')",2.35,4,4,3,4,3,2,1,0,0,0,0,5.0,5.0,2.0,0.0,0.0,4.0,0.0,0.0,0.0,0.0,10.0,19
22500286,DAL,MIA,77.2,78.0,"('Klay Thompson', 'P.J. Washington', 'Ryan Nembhard')",2.35,4,4,3,4,3,2,1,0,0,0,0,5.0,5.0,2.0,0.0,0.0,4.0,0.0,0.0,0.0,0.0,10.0,19
22500286,DAL,MIA,77.2,78.0,"('Max Christie', 'P.J. Washington', 'Ryan Nembhard')",2.35,4,4,3,4,3,2,1,0,0,0,0,5.0,5.0,2.0,0.0,0.0,4.0,0.0,0.0,0.0,0.0,10.0,19
22500286,DAL,MIA,78.0,78.2,"('Cooper Flagg', 'Daniel Gafford', 'Klay Thompson')",0.3316666666666666,4,0,0,0,1,0,0,0,0,1,0,1.0,0.0,0.0,0.0,0.0,0.0,0.0,0.0,0.0,0.0,1.0,19
22500286,DAL,MIA,78.0,78.2,"('Cooper Flagg', 'Daniel Gafford', 'P.J. Washington')",0.3316666666666666,4,0,0,0,1,0,0,0,0,1,0,1.0,0.0,0.0,0.0,0.0,0.0,0.0,0.0,0.0,0.0,1.0,19
22500286,DAL,MIA,78.0,78.2,"('Cooper Flagg', 'Daniel Gafford', 'Ryan Nembhard')",0.3316666666666666,4,0,0,0,1,0,0,0,0,1,0,1.0,0.0,0.0,0.0,0.0,0.0,0.0,0.0,0.0,0.0,1.0,19
22500286,DAL,MIA,78.0,78.2,"('Cooper Flagg', 'Klay Thompson', 'P.J. Washington')",0.3316666666666666,4,0,0,0,1,0,0,0,0,1,0,1.0,0.0,0.0,0.0,0.0,0.0,0.0,0.0,0.0,0.0,1.0,19
22500286,DAL,MIA,78.0,78.2,"('Cooper Flagg', 'Klay Thompson', 'Ryan Nembhard')",0.3316666666666666,4,0,0,0,1,0,0,0,0,1,0,1.0,0.0,0.0,0.0,0.0,0.0,0.0,0.0,0.0,0.0,1.0,19
22500286,DAL,MIA,78.0,78.2,"('Cooper Flagg', 'P.J. Washington', 'Ryan Nembhard')",0.3316666666666666,4,0,0,0,1,0,0,0,0,1,0,1.0,0.0,0.0,0.0,0.0,0.0,0.0,0.0,0.0,0.0,1.0,19
22500286,DAL,MIA,78.0,78.2,"('Daniel Gafford', 'Klay Thompson', 'P.J. Washington')",0.3316666666666666,4,0,0,0,1,0,0,0,0,1,0,1.0,0.0,0.0,0.0,0.0,0.0,0.0,0.0,0.0,0.0,1.0,19
22500286,DAL,MIA,78.0,78.2,"('Daniel Gafford', 'Klay Thompson', 'Ryan Nembhard')",0.3316666666666666,4,0,0,0,1,0,0,0,0,1,0,1.0,0.0,0.0,0.0,0.0,0.0,0.0,0.0,0.0,0.0,1.0,19
22500286,DAL,MIA,78.0,78.2,"('Daniel Gafford', 'P.J. Washington', 'Ryan Nembhard')",0.3316666666666666,4,0,0,0,1,0,0,0,0,1,0,1.0,0.0,0.0,0.0,0.0,0.0,0.0,0.0,0.0,0.0,1.0,19
22500286,DAL,MIA,78.0,78.2,"('Klay Thompson', 'P.J. Washington', 'Ryan Nembhard')",0.3316666666666666,4,0,0,0,1,0,0,0,0,1,0,1.0,0.0,0.0,0.0,0.0,0.0,0.0,0.0,0.0,0.0,1.0,19
22500286,DAL,MIA,78.8,78.2,"('Cooper Flagg', ""D'Angelo Russell"", 'Klay Thompson')",0.95,1,3,2,0,0,0,1,0,0,0,0,2.0,2.0,0.0,0.0,0.0,0.0,0.0,0.0,0.0,0.0,4.0,19
22500286,DAL,MIA,78.8,78.2,"('Cooper Flagg', ""D'Angelo Russell"", 'Moussa Cisse')",0.95,1,3,2,0,0,0,1,0,0,0,0,2.0,2.0,0.0,0.0,0.0,0.0,0.0,0.0,0.0,0.0,4.0,19
22500286,DAL,MIA,78.8,78.2,"('Cooper Flagg', ""D'Angelo Russell"", 'Naji Marshall')",0.95,1,3,2,0,0,0,1,0,0,0,0,2.0,2.0,0.0,0.0,0.0,0.0,0.0,0.0,0.0,0.0,4.0,19
22500286,DAL,MIA,78.8,78.2,"('Cooper Flagg', 'Klay Thompson', 'Moussa Cisse')",0.95,1,3,2,0,0,0,1,0,0,0,0,2.0,2.0,0.0,0.0,0.0,0.0,0.0,0.0,0.0,0.0,4.0,19
22500286,DAL,MIA,78.8,78.2,"('Cooper Flagg', 'Klay Thompson', 'Naji Marshall')",0.95,1,3,2,0,0,0,1,0,0,0,0,2.0,2.0,0.0,0.0,0.0,0.0,0.0,0.0,0.0,0.0,4.0,19
22500286,DAL,MIA,78.8,78.2,"('Cooper Flagg', 'Moussa Cisse', 'Naji Marshall')",0.95,1,3,2,0,0,0,1,0,0,0,0,2.0,2.0,0.0,0.0,0.0,0.0,0.0,0.0,0.0,0.0,4.0,19
22500286,DAL,MIA,78.8,78.2,"(""D'Angelo Russell"", 'Klay Thompson', 'Moussa Cisse')",0.95,1,3,2,0,0,0,1,0,0,0,0,2.0,2.0,0.0,0.0,0.0,0.0,0.0,0.0,0.0,0.0,4.0,19
22500286,DAL,MIA,78.8,78.2,"(""D'Angelo Russell"", 'Klay Thompson', 'Naji Marshall')",0.95,1,3,2,0,0,0,1,0,0,0,0,2.0,2.0,0.0,0.0,0.0,0.0,0.0,0.0,0.0,0.0,4.0,19
22500286,DAL,MIA,78.8,78.2,"(""D'Angelo Russell"", 'Moussa Cisse', 'Naji Marshall')",0.95,1,3,2,0,0,0,1,0,0,0,0,2.0,2.0,0.0,0.0,0.0,0.0,0.0,0.0,0.0,0.0,4.0,19
22500286,DAL,MIA,78.8,78.2,"('Klay Thompson', 'Moussa Cisse', 'Naji Marshall')",0.95,1,3,2,0,0,0,1,0,0,0,0,2.0,2.0,0.0,0.0,0.0,0.0,0.0,0.0,0.0,0.0,4.0,19
22500286,DAL,MIA,78.2,78.0,"(""D'Angelo Russell"", 'Daniel Gafford', 'Klay Thompson')",3.211666666666667,1,9,2,3,4,1,0,2,2,1,1,7.88,7.0,2.0,2.0,0.0,4.0,0.0,0.0,0.0,2.0,14.88,19
22500286,DAL,MIA,78.2,78.0,"(""D'Angelo Russell"", 'Daniel Gafford', 'Naji Marshall')",3.211666666666667,1,9,2,3,4,1,0,2,2,1,1,7.88,7.0,2.0,2.0,0.0,4.0,0.0,0.0,0.0,2.0,14.88,19
22500286,DAL,MIA,78.2,78.0,"(""D'Angelo Russell"", 'Daniel Gafford', 'P.J. Washington')",3.211666666666667,1,9,2,3,4,1,0,2,2,1,1,7.88,7.0,2.0,2.0,0.0,4.0,0.0,0.0,0.0,2.0,14.88,19
22500286,DAL,MIA,78.2,78.0,"(""D'Angelo Russell"", 'Klay Thompson', 'Naji Marshall')",3.211666666666667,1,9,2,3,4,1,0,2,2,1,1,7.88,7.0,2.0,2.0,0.0,4.0,0.0,0.0,0.0,2.0,14.88,19
22500286,DAL,MIA,78.2,78.0,"(""D'Angelo Russell"", 'Klay Thompson', 'P.J. Washington')",3.211666666666667,1,9,2,3,4,1,0,2,2,1,1,7.88,7.0,2.0,2.0,0.0,4.0,0.0,0.0,0.0,2.0,14.88,19
22500286,DAL,MIA,78.2,78.0,"(""D'Angelo Russell"", 'Naji Marshall', 'P.J. Washington')",3.211666666666667,1,9,2,3,4,1,0,2,2,1,1,7.88,7.0,2.0,2.0,0.0,4.0,0.0,0.0,0.0,2.0,14.88,19
22500286,DAL,MIA,78.2,78.0,"('Daniel Gafford', 'Klay Thompson', 'Naji Marshall')",3.211666666666667,1,9,2,3,4,1,0,2,2,1,1,7.88,7.0,2.0,2.0,0.0,4.0,0.0,0.0,0.0,2.0,14.88,19
22500286,DAL,MIA,78.2,78.0,"('Daniel Gafford', 'Klay Thompson', 'P.J. Washington')",3.211666666666667,1,9,2,3,4,1,0,2,2,1,1,7.88,7.0,2.0,2.0,0.0,4.0,0.0,0.0,0.0,2.0,14.88,19
22500286,DAL,MIA,78.2,78.0,"('Daniel Gafford', 'Naji Marshall', 'P.J. Washington')",3.211666666666667,1,9,2,3,4,1,0,2,2,1,1,7.88,7.0,2.0,2.0,0.0,4.0,0.0,0.0,0.0,2.0,14.88,19
22500286,DAL,MIA,78.2,78.0,"('Klay Thompson', 'Naji Marshall', 'P.J. Washington')",3.211666666666667,1,9,2,3,4,1,0,2,2,1,1,7.88,7.0,2.0,2.0,0.0,4.0,0.0,0.0,0.0,2.0,14.88,19
22500286,DAL,MIA,79.4,78.2,"('Brandon Williams', 'Cooper Flagg', 'Daniel Gafford')",5.333333333333332,1,7,5,7,7,1,0,3,3,3,2,10.88,13.32,0.0,0.0,0.0,2.0,0.0,0.0,0.0,2.0,24.200000000000003,19
22500286,DAL,MIA,79.4,78.2,"('Brandon Williams', 'Cooper Flagg', 'Max Christie')",5.333333333333332,1,7,5,7,7,1,0,3,3,3,2,10.88,13.32,0.0,0.0,0.0,2.0,0.0,0.0,0.0,2.0,24.200000000000003,19
22500286,DAL,MIA,79.4,78.2,"('Brandon Williams', 'Cooper Flagg', 'P.J. Washington')",5.333333333333332,1,7,5,7,7,1,0,3,3,3,2,10.88,13.32,0.0,0.0,0.0,2.0,0.0,0.0,0.0,2.0,24.200000000000003,19
22500286,DAL,MIA,79.4,78.2,"('Brandon Williams', 'Daniel Gafford', 'Max Christie')",5.333333333333332,1,7,5,7,7,1,0,3,3,3,2,10.88,13.32,0.0,0.0,0.0,2.0,0.0,0.0,0.0,2.0,24.200000000000003,19
22500286,DAL,MIA,79.4,78.2,"('Brandon Williams', 'Daniel Gafford', 'P.J. Washington')",5.333333333333332,1,7,5,7,7,1,0,3,3,3,2,10.88,13.32,0.0,0.0,0.0,2.0,0.0,0.0,0.0,2.0,24.200000000000003,19
22500286,DAL,MIA,79.4,78.2,"('Brandon Williams', 'Max Christie', 'P.J. Washington')",5.333333333333332,1,7,5,7,7,1,0,3,3,3,2,10.88,13.32,0.0,0.0,0.0,2.0,0.0,0.0,0.0,2.0,24.200000000000003,19
22500286,DAL,MIA,79.4,78.2,"('Cooper Flagg', 'Daniel Gafford', 'Max Christie')",5.333333333333332,1,7,5,7,7,1,0,3,3,3,2,10.88,13.32,0.0,0.0,0.0,2.0,0.0,0.0,0.0,2.0,24.200000000000003,19
22500286,DAL,MIA,79.4,78.2,"('Cooper Flagg', 'Daniel Gafford', 'P.J. Washington')",5.333333333333332,1,7,5,7,7,1,0,3,3,3,2,10.88,13.32,0.0,0.0,0.0,2.0,0.0,0.0,0.0,2.0,24.200000000000003,19
22500286,DAL,MIA,79.4,78.2,"('Cooper Flagg', 'Max Christie', 'P.J. Washington')",5.333333333333332,1,7,5,7,7,1,0,3,3,3,2,10.88,13.32,0.0,0.0,0.0,2.0,0.0,0.0,0.0,2.0,24.200000000000003,19
22500286,DAL,MIA,79.4,78.2,"('Daniel Gafford', 'Max Christie', 'P.J. Washington')",5.333333333333332,1,7,5,7,7,1,0,3,3,3,2,10.88,13.32,0.0,0.0,0.0,2.0,0.0,0.0,0.0,2.0,24.200000000000003,19
22500286,DAL,MIA,77.0,78.0,"('Caleb Martin', 'Cooper Flagg', ""D'Angelo Russell"")",0.6666666666666666,2,0,0,1,1,0,0,0,0,1,0,1.0,1.0,0.0,0.0,0.0,0.0,0.0,0.0,0.0,0.0,2.0,19
22500286,DAL,MIA,77.0,78.0,"('Caleb Martin', 'Cooper Flagg', 'Jaden Hardy')",0.6666666666666666,2,0,0,1,1,0,0,0,0,1,0,1.0,1.0,0.0,0.0,0.0,0.0,0.0,0.0,0.0,0.0,2.0,19
22500286,DAL,MIA,77.0,78.0,"('Caleb Martin', 'Cooper Flagg', 'Max Christie')",0.6666666666666666,2,0,0,1,1,0,0,0,0,1,0,1.0,1.0,0.0,0.0,0.0,0.0,0.0,0.0,0.0,0.0,2.0,19
22500286,DAL,MIA,77.0,78.0,"('Caleb Martin', ""D'Angelo Russell"", 'Jaden Hardy')",0.6666666666666666,2,0,0,1,1,0,0,0,0,1,0,1.0,1.0,0.0,0.0,0.0,0.0,0.0,0.0,0.0,0.0,2.0,19
22500286,DAL,MIA,77.0,78.0,"('Caleb Martin', ""D'Angelo Russell"", 'Max Christie')",0.6666666666666666,2,0,0,1,1,0,0,0,0,1,0,1.0,1.0,0.0,0.0,0.0,0.0,0.0,0.0,0.0,0.0,2.0,19
22500286,DAL,MIA,77.0,78.0,"('Caleb Martin', 'Jaden Hardy', 'Max Christie')",0.6666666666666666,2,0,0,1,1,0,0,0,0,1,0,1.0,1.0,0.0,0.0,0.0,0.0,0.0,0.0,0.0,0.0,2.0,19
22500286,DAL,MIA,77.0,78.0,"('Cooper Flagg', ""D'Angelo Russell"", 'Jaden Hardy')",0.6666666666666666,2,0,0,1,1,0,0,0,0,1,0,1.0,1.0,0.0,0.0,0.0,0.0,0.0,0.0,0.0,0.0,2.0,19
22500286,DAL,MIA,77.0,78.0,"('Cooper Flagg', ""D'Angelo Russell"", 'Max Christie')",0.6666666666666666,2,0,0,1,1,0,0,0,0,1,0,1.0,1.0,0.0,0.0,0.0,0.0,0.0,0.0,0.0,0.0,2.0,19
22500286,DAL,MIA,77.0,78.0,"('Cooper Flagg', 'Jaden Hardy', 'Max Christie')",0.6666666666666666,2,0,0,1,1,0,0,0,0,1,0,1.0,1.0,0.0,0.0,0.0,0.0,0.0,0.0,0.0,0.0,2.0,19
22500286,DAL,MIA,77.0,78.0,"(""D'Angelo Russell"", 'Jaden Hardy', 'Max Christie')",0.6666666666666666,2,0,0,1,1,0,0,0,0,1,0,1.0,1.0,0.0,0.0,0.0,0.0,0.0,0.0,0.0,0.0,2.0,19
22500286,DAL,MIA,78.4,78.0,"('Brandon Williams', 'Jaden Hardy', 'Klay Thompson')",1.0666666666666669,2,3,4,1,1,0,0,1,0,2,1,3.44,3.76,0.0,0.0,0.0,2.0,0.0,0.0,0.0,0.0,7.199999999999999,19
22500286,DAL,MIA,78.4,78.0,"('Brandon Williams', 'Jaden Hardy', 'Moussa Cisse')",1.0666666666666669,2,3,4,1,1,0,0,1,0,2,1,3.44,3.76,0.0,0.0,0.0,2.0,0.0,0.0,0.0,0.0,7.199999999999999,19
22500286,DAL,MIA,78.4,78.0,"('Brandon Williams', 'Jaden Hardy', 'P.J. Washington')",1.0666666666666669,2,3,4,1,1,0,0,1,0,2,1,3.44,3.76,0.0,0.0,0.0,2.0,0.0,0.0,0.0,0.0,7.199999999999999,19
22500286,DAL,MIA,78.4,78.0,"('Brandon Williams', 'Klay Thompson', 'Moussa Cisse')",1.0666666666666669,2,3,4,1,1,0,0,1,0,2,1,3.44,3.76,0.0,0.0,0.0,2.0,0.0,0.0,0.0,0.0,7.199999999999999,19
22500286,DAL,MIA,78.4,78.0,"('Brandon Williams', 'Klay Thompson', 'P.J. Washington')",1.0666666666666669,2,3,4,1,1,0,0,1,0,2,1,3.44,3.76,0.0,0.0,0.0,2.0,0.0,0.0,0.0,0.0,7.199999999999999,19
22500286,DAL,MIA,78.4,78.0,"('Brandon Williams', 'Moussa Cisse', 'P.J. Washington')",1.0666666666666669,2,3,4,1,1,0,0,1,0,2,1,3.44,3.76,0.0,0.0,0.0,2.0,0.0,0.0,0.0,0.0,7.199999999999999,19
22500286,DAL,MIA,78.4,78.0,"('Jaden Hardy', 'Klay Thompson', 'Moussa Cisse')",1.0666666666666669,2,3,4,1,1,0,0,1,0,2,1,3.44,3.76,0.0,0.0,0.0,2.0,0.0,0.0,0.0,0.0,7.199999999999999,19
22500286,DAL,MIA,78.4,78.0,"('Jaden Hardy', 'Klay Thompson', 'P.J. Washington')",1.0666666666666669,2,3,4,1,1,0,0,1,0,2,1,3.44,3.76,0.0,0.0,0.0,2.0,0.0,0.0,0.0,0.0,7.199999999999999,19
22500286,DAL,MIA,78.4,78.0,"('Jaden Hardy', 'Moussa Cisse', 'P.J. Washington')",1.0666666666666669,2,3,4,1,1,0,0,1,0,2,1,3.44,3.76,0.0,0.0,0.0,2.0,0.0,0.0,0.0,0.0,7.199999999999999,19
22500286,DAL,MIA,78.4,78.0,"('Klay Thompson', 'Moussa Cisse', 'P.J. Washington')",1.0666666666666669,2,3,4,1,1,0,0,1,0,2,1,3.44,3.76,0.0,0.0,0.0,2.0,0.0,0.0,0.0,0.0,7.199999999999999,19
22500286,DAL,MIA,77.2,78.0,"('Brandon Williams', 'Caleb Martin', 'Jaden Hardy')",0.5666666666666667,2,0,3,1,1,0,1,0,0,0,0,1.0,1.44,0.0,0.0,0.0,0.0,0.0,0.0,0.0,2.0,2.44,19
22500286,DAL,MIA,77.2,78.0,"('Brandon Williams', 'Caleb Martin', 'Klay Thompson')",0.5666666666666667,2,0,3,1,1,0,1,0,0,0,0,1.0,1.44,0.0,0.0,0.0,0.0,0.0,0.0,0.0,2.0,2.44,19
22500286,DAL,MIA,77.2,78.0,"('Brandon Williams', 'Caleb Martin', 'P.J. Washington')",0.5666666666666667,2,0,3,1,1,0,1,0,0,0,0,1.0,1.44,0.0,0.0,0.0,0.0,0.0,0.0,0.0,2.0,2.44,19
22500286,DAL,MIA,77.2,78.0,"('Brandon Williams', 'Jaden Hardy', 'Klay Thompson')",0.5666666666666667,2,0,3,1,1,0,1,0,0,0,0,1.0,1.44,0.0,0.0,0.0,0.0,0.0,0.0,0.0,2.0,2.44,19
22500286,DAL,MIA,77.2,78.0,"('Brandon Williams', 'Jaden Hardy', 'P.J. Washington')",0.5666666666666667,2,0,3,1,1,0,1,0,0,0,0,1.0,1.44,0.0,0.0,0.0,0.0,0.0,0.0,0.0,2.0,2.44,19
22500286,DAL,MIA,77.2,78.0,"('Brandon Williams', 'Klay Thompson', 'P.J. Washington')",0.5666666666666667,2,0,3,1,1,0,1,0,0,0,0,1.0,1.44,0.0,0.0,0.0,0.0,0.0,0.0,0.0,2.0,2.44,19
22500286,DAL,MIA,77.2,78.0,"('Caleb Martin', 'Jaden Hardy', 'Klay Thompson')",0.5666666666666667,2,0,3,1,1,0,1,0,0,0,0,1.0,1.44,0.0,0.0,0.0,0.0,0.0,0.0,0.0,2.0,2.44,19
22500286,DAL,MIA,77.2,78.0,"('Caleb Martin', 'Jaden Hardy', 'P.J. Washington')",0.5666666666666667,2,0,3,1,1,0,1,0,0,0,0,1.0,1.44,0.0,0.0,0.0,0.0,0.0,0.0,0.0,2.0,2.44,19
22500286,DAL,MIA,77.2,78.0,"('Caleb Martin', 'Klay Thompson', 'P.J. Washington')",0.5666666666666667,2,0,3,1,1,0,1,0,0,0,0,1.0,1.44,0.0,0.0,0.0,0.0,0.0,0.0,0.0,2.0,2.44,19
22500286,DAL,MIA,77.2,78.0,"('Jaden Hardy', 'Klay Thompson', 'P.J. Washington')",0.5666666666666667,2,0,3,1,1,0,1,0,0,0,0,1.0,1.44,0.0,0.0,0.0,0.0,0.0,0.0,0.0,2.0,2.44,19
22500286,DAL,MIA,77.6,78.0,"('Brandon Williams', 'Caleb Martin', 'Cooper Flagg')",0.7166666666666667,2,3,2,0,1,1,0,1,0,0,0,2.0,1.0,0.0,0.0,0.0,0.0,2.0,2.0,0.0,2.0,3.0,19
22500286,DAL,MIA,77.6,78.0,"('Brandon Williams', 'Caleb Martin', 'Jaden Hardy')",0.7166666666666667,2,3,2,0,1,1,0,1,0,0,0,2.0,1.0,0.0,0.0,0.0,0.0,2.0,2.0,0.0,2.0,3.0,19
22500286,DAL,MIA,77.6,78.0,"('Brandon Williams', 'Caleb Martin', 'Klay Thompson')",0.7166666666666667,2,3,2,0,1,1,0,1,0,0,0,2.0,1.0,0.0,0.0,0.0,0.0,2.0,2.0,0.0,2.0,3.0,19
22500286,DAL,MIA,77.6,78.0,"('Brandon Williams', 'Cooper Flagg', 'Jaden Hardy')",0.7166666666666667,2,3,2,0,1,1,0,1,0,0,0,2.0,1.0,0.0,0.0,0.0,0.0,2.0,2.0,0.0,2.0,3.0,19
22500286,DAL,MIA,77.6,78.0,"('Brandon Williams', 'Cooper Flagg', 'Klay Thompson')",0.7166666666666667,2,3,2,0,1,1,0,1,0,0,0,2.0,1.0,0.0,0.0,0.0,0.0,2.0,2.0,0.0,2.0,3.0,19
22500286,DAL,MIA,77.6,78.0,"('Brandon Williams', 'Jaden Hardy', 'Klay Thompson')",0.7166666666666667,2,3,2,0,1,1,0,1,0,0,0,2.0,1.0,0.0,0.0,0.0,0.0,2.0,2.0,0.0,2.0,3.0,19
22500286,DAL,MIA,77.6,78.0,"('Caleb Martin', 'Cooper Flagg', 'Jaden Hardy')",0.7166666666666667,2,3,2,0,1,1,0,1,0,0,0,2.0,1.0,0.0,0.0,0.0,0.0,2.0,2.0,0.0,2.0,3.0,19
22500286,DAL,MIA,77.6,78.0,"('Caleb Martin', 'Cooper Flagg', 'Klay Thompson')",0.7166666666666667,2,3,2,0,1,1,0,1,0,0,0,2.0,1.0,0.0,0.0,0.0,0.0,2.0,2.0,0.0,2.0,3.0,19
22500286,DAL,MIA,77.6,78.0,"('Caleb Martin', 'Jaden Hardy', 'Klay Thompson')",0.7166666666666667,2,3,2,0,1,1,0,1,0,0,0,2.0,1.0,0.0,0.0,0.0,0.0,2.0,2.0,0.0,2.0,3.0,19
22500286,DAL,MIA,77.6,78.0,"('Cooper Flagg', 'Jaden Hardy', 'Klay Thompson')",0.7166666666666667,2,3,2,0,1,1,0,1,0,0,0,2.0,1.0,0.0,0.0,0.0,0.0,2.0,2.0,0.0,2.0,3.0,19
22500286,DAL,MIA,79.4,78.2,"('Brandon Williams', 'Cooper Flagg', 'Daniel Gafford')",5.05,3,17,15,2,6,3,3,0,2,0,4,9.76,10.0,0.0,2.0,2.0,4.0,0.0,0.0,4.0,10.0,19.76,19
22500286,DAL,MIA,79.4,78.2,"('Brandon Williams', 'Cooper Flagg', 'Max Christie')",5.05,3,17,15,2,6,3,3,0,2,0,4,9.76,10.0,0.0,2.0,2.0,4.0,0.0,0.0,4.0,10.0,19.76,19
22500286,DAL,MIA,79.4,78.2,"('Brandon Williams', 'Cooper Flagg', 'P.J. Washington')",5.05,3,17,15,2,6,3,3,0,2,0,4,9.76,10.0,0.0,2.0,2.0,4.0,0.0,0.0,4.0,10.0,19.76,19
22500286,DAL,MIA,79.4,78.2,"('Brandon Williams', 'Daniel Gafford', 'Max Christie')",5.05,3,17,15,2,6,3,3,0,2,0,4,9.76,10.0,0.0,2.0,2.0,4.0,0.0,0.0,4.0,10.0,19.76,19
22500286,DAL,MIA,79.4,78.2,"('Brandon Williams', 'Daniel Gafford', 'P.J. Washington')",5.05,3,17,15,2,6,3,3,0,2,0,4,9.76,10.0,0.0,2.0,2.0,4.0,0.0,0.0,4.0,10.0,19.76,19
22500286,DAL,MIA,79.4,78.2,"('Brandon Williams', 'Max Christie', 'P.J. Washington')",5.05,3,17,15,2,6,3,3,0,2,0,4,9.76,10.0,0.0,2.0,2.0,4.0,0.0,0.0,4.0,10.0,19.76,19
22500286,DAL,MIA,79.4,78.2,"('Cooper Flagg', 'Daniel Gafford', 'Max Christie')",5.05,3,17,15,2,6,3,3,0,2,0,4,9.76,10.0,0.0,2.0,2.0,4.0,0.0,0.0,4.0,10.0,19.76,19
22500286,DAL,MIA,79.4,78.2,"('Cooper Flagg', 'Daniel Gafford', 'P.J. Washington')",5.05,3,17,15,2,6,3,3,0,2,0,4,9.76,10.0,0.0,2.0,2.0,4.0,0.0,0.0,4.0,10.0,19.76,19
22500286,DAL,MIA,79.4,78.2,"('Cooper Flagg', 'Max Christie', 'P.J. Washington')",5.05,3,17,15,2,6,3,3,0,2,0,4,9.76,10.0,0.0,2.0,2.0,4.0,0.0,0.0,4.0,10.0,19.76,19
22500286,DAL,MIA,79.4,78.2,"('Daniel Gafford', 'Max Christie', 'P.J. Washington')",5.05,3,17,15,2,6,3,3,0,2,0,4,9.76,10.0,0.0,2.0,2.0,4.0,0.0,0.0,4.0,10.0,19.76,19
22500286,DAL,MIA,77.8,77.6,"('Cooper Flagg', 'Dwight Powell', 'Klay Thompson')",0.9666666666666666,3,0,3,0,1,0,0,1,0,0,0,3.0,2.44,0.0,0.0,0.0,0.0,2.0,0.0,0.0,2.0,5.44,19
22500286,DAL,MIA,77.8,77.6,"('Cooper Flagg', 'Dwight Powell', 'Naji Marshall')",0.9666666666666666,3,0,3,0,1,0,0,1,0,0,0,3.0,2.44,0.0,0.0,0.0,0.0,2.0,0.0,0.0,2.0,5.44,19
22500286,DAL,MIA,77.8,77.6,"('Cooper Flagg', 'Dwight Powell', 'Ryan Nembhard')",0.9666666666666666,3,0,3,0,1,0,0,1,0,0,0,3.0,2.44,0.0,0.0,0.0,0.0,2.0,0.0,0.0,2.0,5.44,19
22500286,DAL,MIA,77.8,77.6,"('Cooper Flagg', 'Klay Thompson', 'Naji Marshall')",0.9666666666666666,3,0,3,0,1,0,0,1,0,0,0,3.0,2.44,0.0,0.0,0.0,0.0,2.0,0.0,0.0,2.0,5.44,19
22500286,DAL,MIA,77.8,77.6,"('Cooper Flagg', 'Klay Thompson', 'Ryan Nembhard')",0.9666666666666666,3,0,3,0,1,0,0,1,0,0,0,3.0,2.44,0.0,0.0,0.0,0.0,2.0,0.0,0.0,2.0,5.44,19
22500286,DAL,MIA,77.8,77.6,"('Cooper Flagg', 'Naji Marshall', 'Ryan Nembhard')",0.9666666666666666,3,0,3,0,1,0,0,1,0,0,0,3.0,2.44,0.0,0.0,0.0,0.0,2.0,0.0,0.0,2.0,5.44,19
22500286,DAL,MIA,77.8,77.6,"('Dwight Powell', 'Klay Thompson', 'Naji Marshall')",0.9666666666666666,3,0,3,0,1,0,0,1,0,0,0,3.0,2.44,0.0,0.0,0.0,0.0,2.0,0.0,0.0,2.0,5.44,19
22500286,DAL,MIA,77.8,77.6,"('Dwight Powell', 'Klay Thompson', 'Ryan Nembhard')",0.9666666666666666,3,0,3,0,1,0,0,1,0,0,0,3.0,2.44,0.0,0.0,0.0,0.0,2.0,0.0,0.0,2.0,5.44,19
22500286,DAL,MIA,77.8,77.6,"('Dwight Powell', 'Naji Marshall', 'Ryan Nembhard')",0.9666666666666666,3,0,3,0,1,0,0,1,0,0,0,3.0,2.44,0.0,0.0,0.0,0.0,2.0,0.0,0.0,2.0,5.44,19
22500286,DAL,MIA,77.8,77.6,"('Klay Thompson', 'Naji Marshall', 'Ryan Nembhard')",0.9666666666666666,3,0,3,0,1,0,0,1,0,0,0,3.0,2.44,0.0,0.0,0.0,0.0,2.0,0.0,0.0,2.0,5.44,19
22500286,DAL,MIA,79.4,78.0,"('Brandon Williams', 'Cooper Flagg', 'Max Christie')",1.6333333333333335,1,0,4,2,2,0,1,2,0,0,2,4.0,4.0,0.0,0.0,0.0,0.0,2.0,2.0,0.0,4.0,8.0,19
22500286,DAL,MIA,79.4,78.0,"('Brandon Williams', 'Cooper Flagg', 'Moussa Cisse')",1.6333333333333335,1,0,4,2,2,0,1,2,0,0,2,4.0,4.0,0.0,0.0,0.0,0.0,2.0,2.0,0.0,4.0,8.0,19
22500286,DAL,MIA,79.4,78.0,"('Brandon Williams', 'Cooper Flagg', 'Naji Marshall')",1.6333333333333335,1,0,4,2,2,0,1,2,0,0,2,4.0,4.0,0.0,0.0,0.0,0.0,2.0,2.0,0.0,4.0,8.0,19
22500286,DAL,MIA,79.4,78.0,"('Brandon Williams', 'Max Christie', 'Moussa Cisse')",1.6333333333333335,1,0,4,2,2,0,1,2,0,0,2,4.0,4.0,0.0,0.0,0.0,0.0,2.0,2.0,0.0,4.0,8.0,19
22500286,DAL,MIA,79.4,78.0,"('Brandon Williams', 'Max Christie', 'Naji Marshall')",1.6333333333333335,1,0,4,2,2,0,1,2,0,0,2,4.0,4.0,0.0,0.0,0.0,0.0,2.0,2.0,0.0,4.0,8.0,19
22500286,DAL,MIA,79.4,78.0,"('Brandon Williams', 'Moussa Cisse', 'Naji Marshall')",1.6333333333333335,1,0,4,2,2,0,1,2,0,0,2,4.0,4.0,0.0,0.0,0.0,0.0,2.0,2.0,0.0,4.0,8.0,19
22500286,DAL,MIA,79.4,78.0,"('Cooper Flagg', 'Max Christie', 'Moussa Cisse')",1.6333333333333335,1,0,4,2,2,0,1,2,0,0,2,4.0,4.0,0.0,0.0,0.0,0.0,2.0,2.0,0.0,4.0,8.0,19
22500286,DAL,MIA,79.4,78.0,"('Cooper Flagg', 'Max Christie', 'Naji Marshall')",1.6333333333333335,1,0,4,2,2,0,1,2,0,0,2,4.0,4.0,0.0,0.0,0.0,0.0,2.0,2.0,0.0,4.0,8.0,19
22500286,DAL,MIA,79.4,78.0,"('Cooper Flagg', 'Moussa Cisse', 'Naji Marshall')",1.6333333333333335,1,0,4,2,2,0,1,2,0,0,2,4.0,4.0,0.0,0.0,0.0,0.0,2.0,2.0,0.0,4.0,8.0,19
22500286,DAL,MIA,79.4,78.0,"('Max Christie', 'Moussa Cisse', 'Naji Marshall')",1.6333333333333335,1,0,4,2,2,0,1,2,0,0,2,4.0,4.0,0.0,0.0,0.0,0.0,2.0,2.0,0.0,4.0,8.0,19
22500286,DAL,MIA,78.4,78.6,"(""D'Angelo Russell"", 'Klay Thompson', 'Moussa Cisse')",0.7666666666666666,1,0,7,0,3,0,3,0,0,1,0,1.0,3.0,0.0,0.0,0.0,0.0,0.0,0.0,7.0,4.0,4.0,19
22500286,DAL,MIA,78.4,78.6,"(""D'Angelo Russell"", 'Klay Thompson', 'Naji Marshall')",0.7666666666666666,1,0,7,0,3,0,3,0,0,1,0,1.0,3.0,0.0,0.0,0.0,0.0,0.0,0.0,7.0,4.0,4.0,19
22500286,DAL,MIA,78.4,78.6,"(""D'Angelo Russell"", 'Klay Thompson', 'P.J. Washington')",0.7666666666666666,1,0,7,0,3,0,3,0,0,1,0,1.0,3.0,0.0,0.0,0.0,0.0,0.0,0.0,7.0,4.0,4.0,19
22500286,DAL,MIA,78.4,78.6,"(""D'Angelo Russell"", 'Moussa Cisse', 'Naji Marshall')",0.7666666666666666,1,0,7,0,3,0,3,0,0,1,0,1.0,3.0,0.0,0.0,0.0,0.0,0.0,0.0,7.0,4.0,4.0,19
22500286,DAL,MIA,78.4,78.6,"(""D'Angelo Russell"", 'Moussa Cisse', 'P.J. Washington')",0.7666666666666666,1,0,7,0,3,0,3,0,0,1,0,1.0,3.0,0.0,0.0,0.0,0.0,0.0,0.0,7.0,4.0,4.0,19
22500286,DAL,MIA,78.4,78.6,"(""D'Angelo Russell"", 'Naji Marshall', 'P.J. Washington')",0.7666666666666666,1,0,7,0,3,0,3,0,0,1,0,1.0,3.0,0.0,0.0,0.0,0.0,0.0,0.0,7.0,4.0,4.0,19
22500286,DAL,MIA,78.4,78.6,"('Klay Thompson', 'Moussa Cisse', 'Naji Marshall')",0.7666666666666666,1,0,7,0,3,0,3,0,0,1,0,1.0,3.0,0.0,0.0,0.0,0.0,0.0,0.0,7.0,4.0,4.0,19
22500286,DAL,MIA,78.4,78.6,"('Klay Thompson', 'Moussa Cisse', 'P.J. Washington')",0.7666666666666666,1,0,7,0,3,0,3,0,0,1,0,1.0,3.0,0.0,0.0,0.0,0.0,0.0,0.0,7.0,4.0,4.0,19
22500286,DAL,MIA,78.4,78.6,"('Klay Thompson', 'Naji Marshall', 'P.J. Washington')",0.7666666666666666,1,0,7,0,3,0,3,0,0,1,0,1.0,3.0,0.0,0.0,0.0,0.0,0.0,0.0,7.0,4.0,4.0,19
22500286,DAL,MIA,78.4,78.6,"('Moussa Cisse', 'Naji Marshall', 'P.J. Washington')",0.7666666666666666,1,0,7,0,3,0,3,0,0,1,0,1.0,3.0,0.0,0.0,0.0,0.0,0.0,0.0,7.0,4.0,4.0,19
