game_id,team,opponent,team_avg_height,opp_avg_height,lineup,minutes_played,period,points,opp_points,rebounds,opp_rebounds,assists,opp_assists,turnovers,opp_turnovers,fouls_committed,fouls_drawn,possessions,opp_possessions,fastbreak,from_turnover,second_chance,points_in_paint,opp_from_turnover,opp_fastbreak,opp_second_chance,opp_points_in_paint,unscaled_pace,game_number
22500002,GSW,LAL,77.8,79.6,"('Al Horford', 'Brandin Podziemski', 'Buddy Hield', 'Gui Santos', 'Jimmy Butler III')",0.4833333333333333,1,0,2,0,1,0,0,0,0,1,0,1.0,0.88,0.0,0.0,0.0,0.0,0.0,0.0,0.0,0.0,1.88,1
22500002,GSW,LAL,77.0,79.0,"('Brandin Podziemski', 'Draymond Green', 'Jimmy Butler III', 'Jonathan Kuminga', 'Stephen Curry')",4.550000000000001,1,12,11,2,5,4,3,0,4,0,2,10.88,11.0,2.0,5.0,0.0,4.0,0.0,0.0,0.0,8.0,21.880000000000003,1
22500002,GSW,LAL,77.6,79.0,"('Al Horford', 'Brandin Podziemski', 'Gui Santos', 'Jimmy Butler III', 'Will Richard')",2.046666666666667,1,3,6,0,1,1,1,2,2,2,1,4.0,4.88,0.0,0.0,0.0,0.0,4.0,2.0,0.0,4.0,8.879999999999999,1
22500002,GSW,LAL,76.2,79.2,"('Buddy Hield', 'Draymond Green', 'Gary Payton II', 'Jonathan Kuminga', 'Stephen Curry')",1.3833333333333335,1,0,0,2,1,0,0,2,1,0,1,3.0,4.0,0.0,0.0,0.0,0.0,0.0,0.0,0.0,0.0,7.0,1
22500002,GSW,LAL,76.8,79.0,"('Draymond Green', 'Gary Payton II', 'Jimmy Butler III', 'Jonathan Kuminga', 'Will Richard')",0.045,1,3,0,0,0,0,0,0,0,0,0,1.32,1.0,0.0,0.0,0.0,0.0,0.0,0.0,0.0,0.0,2.3200000000000003,1
22500002,GSW,LAL,77.0,79.0,"('Brandin Podziemski', 'Draymond Green', 'Jimmy Butler III', 'Jonathan Kuminga', 'Stephen Curry')",1.9333333333333331,4,6,3,0,1,1,0,0,0,2,1,3.44,3.3200000000000003,0.0,0.0,0.0,2.0,0.0,0.0,0.0,0.0,6.76,1
22500002,GSW,LAL,76.6,78.0,"('Draymond Green', 'Gary Payton II', 'Jimmy Butler III', 'Jonathan Kuminga', 'Stephen Curry')",1.495,4,8,7,2,0,2,2,0,0,0,2,3.3200000000000003,4.0,0.0,0.0,3.0,2.0,0.0,0.0,0.0,4.0,7.32,1
22500002,GSW,LAL,76.8,79.0,"('Al Horford', 'Buddy Hield', 'Jonathan Kuminga', 'Stephen Curry', 'Will Richard')",1.9,4,2,6,0,2,1,3,1,1,1,0,4.0,4.0,0.0,2.0,0.0,2.0,2.0,2.0,0.0,6.0,8.0,1
22500002,GSW,LAL,77.4,79.4,"('Al Horford', 'Brandin Podziemski', 'Jimmy Butler III', 'Jonathan Kuminga', 'Stephen Curry')",0.0,2,1,0,0,0,0,0,0,0,0,0,0.44,0.0,0.0,0.0,0.0,0.0,0.0,0.0,0.0,0.0,0.44,1
22500002,GSW,LAL,77.2,79.0,"('Al Horford', 'Draymond Green', 'Jonathan Kuminga', 'Stephen Curry', 'Will Richard')",0.4166666666666666,2,1,0,1,0,0,0,0,0,0,0,0.44,1.0,0.0,0.0,0.0,0.0,0.0,0.0,0.0,0.0,1.44,1
22500002,GSW,LAL,77.0,79.4,"('Brandin Podziemski', 'Draymond Green', 'Jimmy Butler III', 'Jonathan Kuminga', 'Stephen Curry')",2.75,2,5,12,5,3,1,2,2,1,3,3,6.88,8.440000000000001,0.0,0.0,3.0,0.0,2.0,0.0,0.0,2.0,15.32,1
22500002,GSW,LAL,78.4,79.0,"('Brandin Podziemski', 'Buddy Hield', 'Draymond Green', 'Jimmy Butler III', 'Quinten Post')",3.883333333333333,2,7,7,3,4,2,1,3,2,2,2,8.44,8.0,0.0,2.0,0.0,2.0,3.0,0.0,0.0,4.0,16.439999999999998,1
22500002,GSW,LAL,77.2,79.2,"('Al Horford', 'Jimmy Butler III', 'Jonathan Kuminga', 'Stephen Curry', 'Will Richard')",1.5333333333333332,2,4,3,0,1,2,1,0,1,1,0,3.0,2.44,0.0,2.0,0.0,4.0,0.0,0.0,0.0,2.0,5.44,1
22500002,GSW,LAL,78.0,79.0,"('Buddy Hield', 'Draymond Green', 'Jimmy Butler III', 'Quinten Post', 'Stephen Curry')",0.5166666666666666,2,1,2,0,0,0,0,0,0,0,1,0.44,1.0,0.0,0.0,0.0,0.0,2.0,0.0,0.0,0.0,1.44,1
22500002,GSW,LAL,76.6,79.6,"('Al Horford', 'Buddy Hield', 'Gary Payton II', 'Jonathan Kuminga', 'Stephen Curry')",1.7166666666666666,1,5,3,4,2,1,0,2,1,2,0,6.0,6.44,0.0,2.0,0.0,2.0,0.0,0.0,0.0,2.0,12.44,1
22500002,GSW,LAL,76.8,79.6,"('Al Horford', 'Brandin Podziemski', 'Buddy Hield', 'Gary Payton II', 'Jimmy Butler III')",1.2,1,5,0,2,0,0,0,0,0,1,1,1.88,2.0,0.0,0.0,0.0,0.0,0.0,0.0,0.0,0.0,3.88,1
22500002,GSW,LAL,78.4,78.8,"('Brandin Podziemski', 'Buddy Hield', 'Draymond Green', 'Jimmy Butler III', 'Quinten Post')",4.116666666666666,4,10,5,5,6,2,1,0,1,3,1,8.0,8.44,2.0,0.0,0.0,4.0,0.0,0.0,2.0,4.0,16.439999999999998,1
22500002,GSW,LAL,76.8,79.0,"('Al Horford', 'Brandin Podziemski', 'Jonathan Kuminga', 'Stephen Curry', 'Will Richard')",1.95,4,3,9,0,1,1,2,2,0,1,0,4.0,4.0,0.0,0.0,0.0,0.0,4.0,2.0,0.0,6.0,8.0,1
22500002,GSW,LAL,76.6,79.2,"('Al Horford', 'Buddy Hield', 'Gary Payton II', 'Jonathan Kuminga', 'Stephen Curry')",1.95,3,0,7,1,2,0,1,2,0,2,0,4.0,5.32,0.0,0.0,0.0,0.0,2.0,0.0,0.0,4.0,9.32,1
22500002,GSW,LAL,77.0,79.6,"('Al Horford', 'Brandin Podziemski', 'Buddy Hield', 'Jimmy Butler III', 'Will Richard')",2.658333333333333,3,7,9,1,3,1,2,0,0,0,1,4.88,4.0,0.0,0.0,2.0,2.0,0.0,0.0,2.0,6.0,8.879999999999999,1
22500002,GSW,LAL,76.2,79.0,"('Buddy Hield', 'Draymond Green', 'Gary Payton II', 'Jonathan Kuminga', 'Stephen Curry')",1.0166666666666666,3,5,1,1,0,2,0,0,0,1,0,2.0,1.44,0.0,0.0,0.0,2.0,0.0,0.0,0.0,0.0,3.44,1
22500002,GSW,LAL,77.8,79.2,"('Al Horford', 'Brandin Podziemski', 'Buddy Hield', 'Jimmy Butler III', 'Jonathan Kuminga')",1.3,3,5,2,1,0,1,0,0,1,0,0,2.0,3.0,0.0,0.0,0.0,2.0,0.0,0.0,0.0,0.0,5.0,1
22500002,GSW,LAL,77.0,79.0,"('Brandin Podziemski', 'Draymond Green', 'Jimmy Butler III', 'Jonathan Kuminga', 'Stephen Curry')",4.966666666666666,3,18,6,8,3,5,2,0,2,3,3,9.76,12.0,2.0,2.0,0.0,6.0,0.0,0.0,2.0,6.0,21.76,1
22500002,GSW,LAL,76.4,79.2,"('Al Horford', 'Gary Payton II', 'Jonathan Kuminga', 'Stephen Curry', 'Will Richard')",2.6500000000000004,2,8,8,2,3,2,2,2,2,2,2,8.32,6.88,5.0,2.0,0.0,2.0,0.0,0.0,0.0,4.0,15.2,1
22500006,GSW,DEN,76.4,79.4,"('Brandin Podziemski', 'Buddy Hield', 'Draymond Green', 'Jimmy Butler III', 'Stephen Curry')",0.0633333333333333,4,3,0,0,0,1,0,0,0,0,0,1.0,0.0,0.0,0.0,0.0,0.0,0.0,0.0,0.0,0.0,1.0,2
22500006,GSW,DEN,76.2,79.4,"('Buddy Hield', 'Draymond Green', 'Gary Payton II', 'Jonathan Kuminga', 'Stephen Curry')",1.3833333333333333,1,4,6,0,0,0,1,0,0,0,0,3.0,3.0,0.0,0.0,0.0,2.0,0.0,0.0,0.0,4.0,6.0,2
22500006,GSW,DEN,77.0,79.4,"('Brandin Podziemski', 'Draymond Green', 'Jimmy Butler III', 'Jonathan Kuminga', 'Stephen Curry')",5.366666666666665,1,10,10,5,3,4,5,3,1,1,1,12.0,10.0,3.0,3.0,2.0,4.0,4.0,4.0,0.0,8.0,22.0,2
22500006,GSW,DEN,77.0,79.4,"('Buddy Hield', 'Draymond Green', 'Jimmy Butler III', 'Jonathan Kuminga', 'Stephen Curry')",0.0,1,0,0,0,0,0,0,0,0,0,0,0.0,0.0,0.0,0.0,0.0,0.0,0.0,0.0,0.0,0.0,0.0,2
22500006,GSW,DEN,77.0,79.4,"('Al Horford', 'Draymond Green', 'Gary Payton II', 'Jonathan Kuminga', 'Stephen Curry')",0.3116666666666666,4,0,0,0,0,0,0,0,0,0,0,0.0,1.0,0.0,0.0,0.0,0.0,0.0,0.0,0.0,0.0,1.0,2
22500006,GSW,DEN,77.8,79.4,"('Al Horford', 'Draymond Green', 'Jimmy Butler III', 'Jonathan Kuminga', 'Stephen Curry')",4.915,5,17,11,5,3,4,2,1,1,1,3,9.88,10.44,4.0,2.0,0.0,6.0,0.0,0.0,2.0,10.0,20.32,2
22500006,GSW,DEN,77.4,79.4,"('Al Horford', 'Brandin Podziemski', 'Jimmy Butler III', 'Jonathan Kuminga', 'Stephen Curry')",0.5166666666666666,4,0,2,0,1,0,0,0,0,0,0,1.0,1.0,0.0,0.0,0.0,0.0,0.0,0.0,0.0,2.0,2.0,2
22500006,GSW,DEN,77.8,79.4,"('Al Horford', 'Draymond Green', 'Jimmy Butler III', 'Jonathan Kuminga', 'Stephen Curry')",3.333333333333333,4,8,4,4,2,0,1,0,0,2,2,5.2,5.44,0.0,0.0,0.0,0.0,0.0,0.0,0.0,0.0,10.64,2
22500006,GSW,DEN,77.0,79.4,"('Brandin Podziemski', 'Draymond Green', 'Jimmy Butler III', 'Jonathan Kuminga', 'Stephen Curry')",5.683333333333334,3,16,11,4,4,6,2,0,1,2,3,11.44,10.0,0.0,2.0,0.0,6.0,0.0,3.0,0.0,4.0,21.44,2
22500006,GSW,DEN,76.2,79.6,"('Buddy Hield', 'Draymond Green', 'Gary Payton II', 'Jonathan Kuminga', 'Stephen Curry')",0.9333333333333332,3,2,2,1,0,1,0,0,0,0,0,1.0,2.0,0.0,0.0,0.0,0.0,0.0,0.0,0.0,2.0,3.0,2
22500006,GSW,DEN,77.0,78.4,"('Al Horford', 'Brandin Podziemski', 'Buddy Hield', 'Jimmy Butler III', 'Will Richard')",3.911666666666666,3,10,9,5,3,3,2,1,1,1,3,8.32,8.88,0.0,0.0,0.0,2.0,0.0,0.0,3.0,0.0,17.200000000000003,2
22500006,GSW,DEN,76.6,79.6,"('Al Horford', 'Buddy Hield', 'Gary Payton II', 'Jonathan Kuminga', 'Stephen Curry')",1.3166666666666669,3,5,2,3,3,2,1,0,1,0,1,5.44,4.0,2.0,0.0,0.0,4.0,0.0,2.0,0.0,2.0,9.44,2
22500006,GSW,DEN,76.6,78.4,"('Brandin Podziemski', 'Buddy Hield', 'Draymond Green', 'Jimmy Butler III', 'Will Richard')",4.1000000000000005,4,6,12,2,6,1,3,0,2,1,2,9.32,9.0,0.0,0.0,0.0,0.0,0.0,0.0,0.0,4.0,18.32,2
22500006,GSW,DEN,76.8,79.4,"('Al Horford', 'Brandin Podziemski', 'Jonathan Kuminga', 'Stephen Curry', 'Will Richard')",3.5333333333333328,4,9,8,2,3,1,3,1,1,1,2,8.0,7.44,0.0,0.0,0.0,6.0,0.0,0.0,0.0,4.0,15.44,2
22500006,GSW,DEN,78.4,78.4,"('Brandin Podziemski', 'Buddy Hield', 'Draymond Green', 'Jimmy Butler III', 'Quinten Post')",3.65,2,10,13,1,2,3,5,0,0,0,2,6.44,7.0,0.0,0.0,0.0,6.0,0.0,2.0,0.0,10.0,13.44,2
22500006,GSW,DEN,76.8,78.8,"('Al Horford', 'Brandin Podziemski', 'Buddy Hield', 'Gary Payton II', 'Jimmy Butler III')",1.4833333333333334,1,0,7,0,3,0,1,1,0,0,0,3.0,2.44,0.0,0.0,0.0,0.0,3.0,0.0,6.0,0.0,5.44,2
22500006,GSW,DEN,77.0,79.4,"('Brandin Podziemski', 'Draymond Green', 'Jimmy Butler III', 'Jonathan Kuminga', 'Stephen Curry')",0.4833333333333333,2,1,2,0,0,0,0,0,0,1,1,0.44,0.88,0.0,0.0,0.0,0.0,0.0,0.0,0.0,0.0,1.32,2
22500006,GSW,DEN,77.0,78.4,"('Al Horford', 'Brandin Podziemski', 'Buddy Hield', 'Jimmy Butler III', 'Will Richard')",2.103333333333333,1,9,4,4,0,1,1,0,1,1,2,4.88,4.0,0.0,2.0,5.0,4.0,0.0,0.0,0.0,4.0,8.879999999999999,2
22500006,GSW,DEN,76.6,79.6,"('Al Horford', 'Buddy Hield', 'Gary Payton II', 'Jonathan Kuminga', 'Stephen Curry')",1.5333333333333334,1,4,4,2,2,1,1,0,1,1,0,3.0,3.44,0.0,0.0,2.0,4.0,0.0,0.0,3.0,0.0,6.44,2
22500006,GSW,DEN,76.4,80.0,"('Al Horford', 'Gary Payton II', 'Jonathan Kuminga', 'Stephen Curry', 'Will Richard')",2.9,2,7,12,1,4,2,2,0,1,3,0,7.0,7.32,0.0,0.0,0.0,4.0,0.0,0.0,3.0,0.0,14.32,2
22500006,GSW,DEN,77.4,79.4,"('Al Horford', 'Brandin Podziemski', 'Jimmy Butler III', 'Jonathan Kuminga', 'Stephen Curry')",1.2666666666666666,2,4,6,1,1,0,2,0,0,0,0,3.0,3.0,0.0,0.0,0.0,4.0,0.0,0.0,0.0,0.0,6.0,2
22500006,GSW,DEN,76.0,79.4,"('Brandin Podziemski', 'Draymond Green', 'Gary Payton II', 'Jimmy Butler III', 'Stephen Curry')",1.3383333333333334,2,4,0,3,2,1,0,0,1,0,0,4.0,4.0,0.0,2.0,2.0,4.0,0.0,0.0,0.0,0.0,8.0,2
22500006,GSW,DEN,78.6,78.4,"('Brandin Podziemski', 'Buddy Hield', 'Draymond Green', 'Jonathan Kuminga', 'Quinten Post')",0.6333333333333334,2,2,2,0,1,0,0,0,0,0,0,1.0,1.0,0.0,0.0,0.0,2.0,0.0,0.0,2.0,2.0,2.0,2
22500006,GSW,DEN,77.4,79.2,"('Al Horford', 'Buddy Hield', 'Draymond Green', 'Jonathan Kuminga', 'Stephen Curry')",1.5333333333333334,2,6,4,0,0,2,0,1,1,1,0,3.0,2.44,0.0,3.0,0.0,0.0,0.0,0.0,0.0,0.0,5.44,2
22500011,GSW,DAL,75.8,77.0,"('Brandin Podziemski', 'Draymond Green', 'Gary Payton II', 'Moses Moody', 'Stephen Curry')",0.8166666666666667,4,0,2,1,2,0,0,0,0,1,0,2.0,2.0,0.0,0.0,0.0,0.0,0.0,0.0,0.0,2.0,4.0,3
22500011,GSW,DAL,76.4,79.0,"('Brandin Podziemski', ""De'Anthony Melton"", 'Moses Moody', 'Stephen Curry', 'Trayce Jackson-Davis')",0.4,1,2,1,0,0,1,0,0,0,1,0,1.0,1.44,0.0,0.0,0.0,2.0,0.0,0.0,0.0,0.0,2.44,3
22500011,GSW,DAL,75.8,79.4,"('Brandin Podziemski', 'Draymond Green', 'Gary Payton II', 'Moses Moody', 'Stephen Curry')",1.2333333333333334,1,5,6,0,1,2,0,0,0,3,0,3.0,2.76,0.0,0.0,0.0,2.0,0.0,0.0,0.0,0.0,5.76,3
22500011,GSW,DAL,76.2,78.6,"(""De'Anthony Melton"", 'Draymond Green', 'Jimmy Butler III', 'Moses Moody', 'Stephen Curry')",0.0,4,0,0,0,0,0,0,0,0,0,0,0.0,0.0,0.0,0.0,0.0,0.0,0.0,0.0,0.0,0.0,0.0,3
22500011,GSW,DAL,76.8,77.8,"(""De'Anthony Melton"", 'Jimmy Butler III', 'Moses Moody', 'Stephen Curry', 'Trayce Jackson-Davis')",1.35,4,1,2,2,1,0,0,0,0,0,1,1.44,2.0,0.0,0.0,0.0,0.0,0.0,0.0,0.0,2.0,3.44,3
22500011,GSW,DAL,77.4,77.4,"('Brandin Podziemski', 'Draymond Green', 'Quinten Post', 'Stephen Curry', 'Will Richard')",1.3666666666666667,2,0,6,1,3,0,1,0,0,0,1,3.0,4.0,0.0,0.0,0.0,0.0,2.0,4.0,0.0,6.0,7.0,3
22500011,GSW,DAL,76.4,79.0,"(""De'Anthony Melton"", 'Gary Payton II', 'Jimmy Butler III', 'Trayce Jackson-Davis', 'Will Richard')",0.0349999999999999,3,0,0,0,1,0,0,0,0,0,0,1.0,0.0,0.0,0.0,0.0,0.0,0.0,0.0,0.0,0.0,1.0,3
22500011,GSW,DAL,76.6,77.4,"('Al Horford', 'Brandin Podziemski', 'Draymond Green', 'Stephen Curry', 'Will Richard')",1.4666666666666666,2,0,2,3,2,0,1,1,0,0,0,3.0,3.0,0.0,0.0,0.0,0.0,0.0,0.0,0.0,2.0,6.0,3
22500011,GSW,DAL,77.6,77.0,"('Draymond Green', 'Moses Moody', 'Quinten Post', 'Stephen Curry', 'Will Richard')",1.0333333333333332,4,0,2,0,1,0,1,0,0,1,0,2.0,1.0,0.0,0.0,0.0,0.0,0.0,0.0,0.0,2.0,3.0,3
22500011,GSW,DAL,76.4,77.2,"('Brandin Podziemski', 'Gary Payton II', 'Moses Moody', 'Stephen Curry', 'Trayce Jackson-Davis')",0.95,4,2,0,2,1,0,0,0,0,0,1,2.88,3.0,0.0,0.0,0.0,0.0,0.0,0.0,0.0,0.0,5.88,3
22500011,GSW,DAL,77.2,79.2,"('Brandin Podziemski', ""De'Anthony Melton"", 'Jimmy Butler III', 'Moses Moody', 'Trayce Jackson-Davis')",1.6333333333333335,4,4,7,3,1,0,2,1,0,2,1,3.88,5.44,0.0,0.0,2.0,2.0,2.0,4.0,2.0,4.0,9.32,3
22500011,GSW,DAL,76.6,79.4,"('Brandin Podziemski', 'Draymond Green', 'Jimmy Butler III', 'Moses Moody', 'Stephen Curry')",0.25,1,1,0,0,0,0,0,0,0,1,0,0.44,1.0,0.0,0.0,0.0,0.0,0.0,0.0,0.0,0.0,1.44,3
22500011,GSW,DAL,78.2,79.4,"('Draymond Green', 'Jimmy Butler III', 'Moses Moody', 'Quinten Post', 'Stephen Curry')",4.583333333333332,1,10,8,8,6,0,2,2,2,0,4,13.64,12.0,0.0,0.0,2.0,4.0,2.0,4.0,0.0,8.0,25.64,3
22500011,GSW,DAL,77.2,79.0,"('Brandin Podziemski', ""De'Anthony Melton"", 'Jimmy Butler III', 'Moses Moody', 'Trayce Jackson-Davis')",5.799999999999998,2,22,14,5,3,7,2,1,2,2,0,13.44,14.0,6.0,2.0,3.0,12.0,0.0,0.0,0.0,10.0,27.44,3
22500011,GSW,DAL,77.4,77.2,"('Draymond Green', 'Gary Payton II', 'Moses Moody', 'Quinten Post', 'Stephen Curry')",2.033333333333333,2,7,4,1,1,2,0,1,1,1,1,4.44,4.0,0.0,3.0,0.0,0.0,0.0,2.0,0.0,2.0,8.440000000000001,3
22500011,GSW,DAL,75.6,78.4,"(""De'Anthony Melton"", 'Draymond Green', 'Gary Payton II', 'Jimmy Butler III', 'Stephen Curry')",4.208333333333334,4,17,14,4,3,3,3,0,0,0,2,9.32,10.0,0.0,0.0,2.0,8.0,0.0,2.0,2.0,12.0,19.32,3
22500011,GSW,DAL,78.2,77.2,"('Draymond Green', 'Jimmy Butler III', 'Moses Moody', 'Quinten Post', 'Stephen Curry')",4.349999999999999,3,8,8,5,4,4,1,0,0,3,0,8.0,8.44,0.0,0.0,0.0,8.0,0.0,0.0,0.0,4.0,16.439999999999998,3
22500011,GSW,DAL,75.6,77.0,"('Draymond Green', 'Gary Payton II', 'Moses Moody', 'Stephen Curry', 'Will Richard')",1.366666666666667,4,2,0,1,2,1,0,0,2,1,0,3.0,3.0,2.0,2.0,0.0,2.0,0.0,0.0,0.0,0.0,6.0,3
22500011,GSW,DAL,75.8,78.4,"('Brandin Podziemski', 'Draymond Green', 'Gary Payton II', 'Moses Moody', 'Stephen Curry')",2.95,3,8,11,2,1,3,1,1,0,1,1,5.88,5.88,0.0,0.0,0.0,6.0,0.0,0.0,0.0,4.0,11.76,3
22500011,GSW,DAL,75.6,77.8,"('Al Horford', 'Brandin Podziemski', ""De'Anthony Melton"", 'Gary Payton II', 'Stephen Curry')",0.4333333333333333,3,2,1,0,0,1,0,0,1,0,0,1.0,1.44,0.0,0.0,0.0,2.0,0.0,0.0,0.0,0.0,2.44,3
22500011,GSW,DAL,76.6,78.4,"('Brandin Podziemski', 'Draymond Green', 'Jimmy Butler III', 'Moses Moody', 'Stephen Curry')",1.195,2,2,4,1,1,0,0,1,0,1,0,3.0,3.88,0.0,0.0,0.0,0.0,0.0,0.0,0.0,0.0,6.88,3
22500011,GSW,DAL,77.0,79.0,"('Al Horford', 'Brandin Podziemski', ""De'Anthony Melton"", 'Stephen Curry', 'Trayce Jackson-Davis')",2.1500000000000004,1,7,7,3,1,2,1,1,1,1,1,5.88,6.0,2.0,2.0,0.0,2.0,0.0,0.0,0.0,4.0,11.88,3
22500011,GSW,DAL,76.6,78.6,"('Al Horford', 'Brandin Podziemski', ""De'Anthony Melton"", 'Jimmy Butler III', 'Will Richard')",2.8116666666666665,1,15,6,4,3,4,2,0,0,0,1,7.44,6.0,0.0,0.0,5.0,0.0,0.0,0.0,2.0,4.0,13.44,3
22500011,GSW,DAL,76.6,78.4,"('Al Horford', 'Brandin Podziemski', ""De'Anthony Melton"", 'Jimmy Butler III', 'Will Richard')",4.031666666666666,3,11,11,3,3,3,1,2,2,3,2,10.88,9.88,2.0,7.0,0.0,6.0,0.0,0.0,0.0,6.0,20.76,3
22500037,GSW,DEN,78.2,79.4,"('Buddy Hield', 'Jimmy Butler III', 'Jonathan Kuminga', 'Pat Spencer', 'Quinten Post')",0.6166666666666667,2,0,1,1,1,0,0,0,0,1,0,1.0,0.44,0.0,0.0,0.0,0.0,0.0,0.0,0.0,0.0,1.44,4
22500037,GSW,DEN,76.6,78.6,"('Gary Payton II', 'Gui Santos', 'Pat Spencer', 'Trayce Jackson-Davis', 'Will Richard')",5.958333333333333,4,16,16,10,5,3,3,1,1,6,5,14.76,14.08,4.0,2.0,6.0,10.0,0.0,0.0,2.0,6.0,28.84,4
22500037,GSW,DEN,78.8,78.8,"('Buddy Hield', 'Jonathan Kuminga', 'Pat Spencer', 'Quinten Post', 'Trayce Jackson-Davis')",0.6333333333333333,1,0,3,0,0,0,1,1,0,1,0,1.0,1.44,0.0,0.0,0.0,0.0,0.0,0.0,0.0,2.0,2.44,4
22500037,GSW,DEN,77.8,79.4,"('Brandin Podziemski', 'Jimmy Butler III', 'Jonathan Kuminga', 'Trayce Jackson-Davis', 'Will Richard')",1.8666666666666667,2,3,8,1,2,1,2,1,0,1,0,5.0,4.0,0.0,0.0,0.0,0.0,3.0,5.0,0.0,2.0,9.0,4
22500037,GSW,DEN,78.2,79.6,"('Buddy Hield', 'Draymond Green', 'Jonathan Kuminga', 'Pat Spencer', 'Quinten Post')",0.9333333333333332,1,4,2,0,0,1,1,0,0,1,0,2.0,1.0,0.0,0.0,0.0,2.0,0.0,0.0,0.0,2.0,3.0,4
22500037,GSW,DEN,77.4,79.4,"('Brandin Podziemski', 'Buddy Hield', 'Draymond Green', 'Jimmy Butler III', 'Jonathan Kuminga')",1.6333333333333335,1,1,6,1,3,0,2,1,0,0,0,3.44,4.0,0.0,0.0,0.0,0.0,2.0,0.0,2.0,6.0,7.439999999999999,4
22500037,GSW,DEN,77.6,79.4,"('Brandin Podziemski', 'Draymond Green', 'Jimmy Butler III', 'Jonathan Kuminga', 'Moses Moody')",4.966666666666665,1,5,12,4,7,2,4,2,0,0,1,11.0,9.0,0.0,0.0,0.0,2.0,2.0,2.0,0.0,4.0,20.0,4
22500037,GSW,DEN,78.2,79.4,"('Draymond Green', 'Jimmy Butler III', 'Moses Moody', 'Pat Spencer', 'Quinten Post')",4.733333333333332,2,13,11,5,3,4,3,1,2,0,2,8.88,10.0,2.0,2.0,0.0,0.0,3.0,0.0,0.0,2.0,18.880000000000003,4
22500037,GSW,DEN,78.6,79.2,"('Buddy Hield', 'Jimmy Butler III', 'Pat Spencer', 'Quinten Post', 'Trayce Jackson-Davis')",3.3500000000000005,1,11,9,4,3,3,2,0,0,0,0,6.0,5.44,0.0,0.0,2.0,4.0,0.0,2.0,2.0,2.0,11.44,4
22500037,GSW,DEN,77.6,79.4,"('Brandin Podziemski', 'Draymond Green', 'Jimmy Butler III', 'Jonathan Kuminga', 'Moses Moody')",5.033333333333331,3,13,10,6,3,4,3,1,2,2,0,11.0,11.32,0.0,2.0,5.0,2.0,0.0,0.0,0.0,2.0,22.32,4
22500037,GSW,DEN,77.4,79.0,"('Brandin Podziemski', 'Buddy Hield', 'Jonathan Kuminga', 'Trayce Jackson-Davis', 'Will Richard')",2.4833333333333334,4,5,5,3,4,1,1,0,1,1,0,5.0,5.0,0.0,2.0,3.0,2.0,0.0,0.0,2.0,2.0,10.0,4
22500037,GSW,DEN,78.2,78.4,"('Draymond Green', 'Jimmy Butler III', 'Moses Moody', 'Pat Spencer', 'Quinten Post')",2.7666666666666675,4,6,9,3,2,2,2,1,0,1,0,5.0,4.88,0.0,0.0,4.0,6.0,2.0,2.0,2.0,4.0,9.88,4
22500037,GSW,DEN,78.8,79.4,"('Brandin Podziemski', 'Draymond Green', 'Jonathan Kuminga', 'Moses Moody', 'Quinten Post')",0.6166666666666667,3,0,1,1,1,0,0,0,0,1,0,1.0,0.44,0.0,0.0,0.0,0.0,0.0,0.0,0.0,0.0,1.44,4
22500037,GSW,DEN,77.4,78.4,"('Buddy Hield', 'Jimmy Butler III', 'Pat Spencer', 'Quinten Post', 'Will Richard')",3.1766666666666663,3,7,12,1,2,2,4,1,0,0,4,7.32,7.0,0.0,0.0,0.0,4.0,2.0,2.0,0.0,10.0,14.32,4
22500037,GSW,DEN,78.6,79.6,"('Brandin Podziemski', 'Buddy Hield', 'Draymond Green', 'Jonathan Kuminga', 'Quinten Post')",2.6166666666666667,3,7,6,2,2,2,2,0,0,1,1,5.0,6.0,0.0,0.0,0.0,2.0,0.0,0.0,2.0,6.0,11.0,4
22500037,GSW,DEN,77.4,79.4,"('Brandin Podziemski', 'Buddy Hield', 'Jonathan Kuminga', 'Trayce Jackson-Davis', 'Will Richard')",3.55,2,7,11,1,1,3,2,2,1,1,1,6.0,6.32,0.0,3.0,0.0,4.0,5.0,0.0,0.0,0.0,12.32,4
22500037,GSW,DEN,77.2,79.4,"('Brandin Podziemski', 'Draymond Green', 'Jimmy Butler III', 'Jonathan Kuminga', 'Will Richard')",1.1883333333333332,2,5,3,3,1,0,1,0,1,0,1,3.44,4.0,0.0,2.0,2.0,4.0,0.0,0.0,0.0,0.0,7.439999999999999,4
22500037,GSW,DEN,76.6,78.4,"('Buddy Hield', 'Draymond Green', 'Jimmy Butler III', 'Moses Moody', 'Pat Spencer')",0.4716666666666666,3,1,4,0,1,0,1,0,0,1,0,1.44,1.88,0.0,0.0,0.0,0.0,0.0,0.0,0.0,2.0,3.32,4
22500047,GSW,SAS,76.8,80.8,"('Brandin Podziemski', 'Draymond Green', 'Jimmy Butler III', 'Moses Moody', 'Will Richard')",1.2000000000000002,4,2,0,1,2,0,0,0,0,2,0,2.0,2.0,0.0,0.0,0.0,2.0,0.0,0.0,0.0,0.0,4.0,5
22500047,GSW,SAS,76.6,79.6,"('Al Horford', 'Brandin Podziemski', 'Jimmy Butler III', 'Stephen Curry', 'Will Richard')",0.6,4,2,5,0,0,0,0,0,0,2,1,1.88,3.2,0.0,0.0,0.0,0.0,0.0,0.0,0.0,0.0,5.08,5
22500047,GSW,SAS,76.0,80.6,"('Brandin Podziemski', 'Draymond Green', 'Gary Payton II', 'Jimmy Butler III', 'Stephen Curry')",0.0,4,1,0,0,0,0,0,0,0,0,0,0.44,0.0,0.0,0.0,0.0,0.0,0.0,0.0,0.0,0.0,0.44,5
22500047,GSW,SAS,76.6,79.4,"('Brandin Podziemski', 'Draymond Green', 'Jimmy Butler III', 'Moses Moody', 'Stephen Curry')",2.4266666666666667,4,7,4,2,4,3,0,1,2,0,2,6.44,6.0,0.0,4.0,0.0,6.0,2.0,2.0,4.0,4.0,12.44,5
22500047,GSW,SAS,76.2,79.4,"('Draymond Green', 'Gary Payton II', 'Jimmy Butler III', 'Moses Moody', 'Stephen Curry')",0.0816666666666666,4,0,0,0,0,0,0,0,0,0,0,0.0,1.0,0.0,0.0,0.0,0.0,0.0,0.0,0.0,0.0,1.0,5
22500047,GSW,SAS,76.4,79.4,"('Al Horford', 'Brandin Podziemski', 'Gary Payton II', 'Jimmy Butler III', 'Stephen Curry')",3.4000000000000004,4,12,7,2,2,2,2,0,1,0,1,6.44,7.0,0.0,0.0,0.0,0.0,0.0,0.0,0.0,4.0,13.44,5
22500047,GSW,SAS,76.4,81.0,"('Al Horford', 'Buddy Hield', 'Draymond Green', 'Gary Payton II', 'Stephen Curry')",3.368333333333333,3,9,10,3,3,2,2,2,1,0,0,7.0,6.0,0.0,3.0,0.0,0.0,5.0,2.0,2.0,4.0,13.0,5
22500047,GSW,SAS,76.0,79.4,"('Al Horford', 'Brandin Podziemski', 'Buddy Hield', 'Gary Payton II', 'Stephen Curry')",2.05,1,7,3,2,1,0,0,0,1,1,1,3.88,5.44,0.0,0.0,0.0,0.0,2.0,0.0,0.0,2.0,9.32,5
22500047,GSW,SAS,77.6,80.0,"('Al Horford', 'Brandin Podziemski', 'Buddy Hield', 'Draymond Green', 'Jimmy Butler III')",3.2266666666666666,1,0,6,4,6,0,1,0,1,0,1,6.0,5.44,0.0,0.0,0.0,0.0,0.0,0.0,2.0,2.0,11.44,5
22500047,GSW,SAS,76.4,79.4,"('Draymond Green', 'Jimmy Butler III', 'Moses Moody', 'Stephen Curry', 'Will Richard')",4.366666666666667,1,11,7,4,5,3,2,1,2,0,1,10.0,10.0,2.0,3.0,2.0,8.0,0.0,0.0,0.0,4.0,20.0,5
22500047,GSW,SAS,76.4,79.4,"('Draymond Green', 'Jimmy Butler III', 'Moses Moody', 'Stephen Curry', 'Will Richard')",3.9,3,7,12,1,2,1,4,2,1,3,1,7.44,7.44,0.0,0.0,2.0,4.0,2.0,0.0,2.0,6.0,14.88,5
22500047,GSW,SAS,77.0,79.4,"('Al Horford', 'Brandin Podziemski', 'Jimmy Butler III', 'Moses Moody', 'Stephen Curry')",2.6333333333333333,3,9,5,3,1,0,2,1,2,1,3,5.76,5.44,0.0,0.0,2.0,2.0,0.0,2.0,0.0,2.0,11.2,5
22500047,GSW,SAS,76.2,80.8,"('Brandin Podziemski', 'Draymond Green', 'Jimmy Butler III', 'Stephen Curry', 'Will Richard')",0.1666666666666666,4,0,0,0,1,0,0,0,0,2,0,0.0,1.0,0.0,0.0,0.0,0.0,0.0,0.0,0.0,0.0,1.0,5
22500047,GSW,SAS,76.0,79.4,"('Al Horford', 'Brandin Podziemski', 'Buddy Hield', 'Gary Payton II', 'Stephen Curry')",0.8833333333333334,3,4,2,1,0,0,1,0,0,0,1,2.0,2.0,2.0,0.0,0.0,2.0,2.0,0.0,0.0,2.0,4.0,5
22500047,GSW,SAS,75.6,79.4,"('Draymond Green', 'Gary Payton II', 'Moses Moody', 'Stephen Curry', 'Will Richard')",0.2,1,0,0,0,0,0,0,0,0,1,0,0.0,1.0,0.0,0.0,0.0,0.0,0.0,0.0,0.0,0.0,1.0,5
22500047,GSW,SAS,76.0,79.4,"('Al Horford', 'Gary Payton II', 'Moses Moody', 'Stephen Curry', 'Will Richard')",1.5,1,0,2,2,3,0,0,1,2,1,0,4.0,3.88,0.0,0.0,0.0,0.0,0.0,0.0,0.0,0.0,7.88,5
22500047,GSW,SAS,76.6,79.4,"('Buddy Hield', 'Draymond Green', 'Gary Payton II', 'Jimmy Butler III', 'Moses Moody')",0.2983333333333333,1,0,2,0,0,0,1,0,0,1,0,0.0,1.0,0.0,0.0,0.0,0.0,2.0,0.0,0.0,0.0,1.0,5
22500047,GSW,SAS,75.8,79.4,"('Al Horford', 'Buddy Hield', 'Gary Payton II', 'Stephen Curry', 'Will Richard')",2.1499999999999995,2,3,5,2,3,0,1,2,1,2,2,4.0,4.32,0.0,3.0,0.0,0.0,2.0,2.0,0.0,2.0,8.32,5
22500047,GSW,SAS,76.6,79.2,"('Brandin Podziemski', 'Draymond Green', 'Jimmy Butler III', 'Moses Moody', 'Stephen Curry')",3.5916666666666663,2,10,12,0,3,1,4,1,2,0,0,7.0,8.0,0.0,6.0,0.0,4.0,2.0,0.0,2.0,4.0,15.0,5
22500047,GSW,SAS,78.0,80.2,"('Al Horford', 'Gary Payton II', 'Jimmy Butler III', 'Quinten Post', 'Stephen Curry')",0.3333333333333333,2,0,0,0,0,0,0,1,1,0,0,1.0,1.0,0.0,0.0,0.0,0.0,0.0,0.0,0.0,0.0,2.0,5
22500047,GSW,SAS,76.6,79.4,"('Brandin Podziemski', 'Draymond Green', 'Jimmy Butler III', 'Moses Moody', 'Stephen Curry')",0.9833333333333332,3,0,2,3,2,0,0,0,0,1,0,2.0,1.88,0.0,0.0,0.0,0.0,0.0,0.0,0.0,0.0,3.88,5
22500047,GSW,SAS,76.8,81.0,"('Al Horford', 'Brandin Podziemski', 'Buddy Hield', 'Draymond Green', 'Stephen Curry')",0.2,3,1,3,0,0,0,1,0,0,0,0,0.44,1.0,0.0,0.0,0.0,0.0,0.0,0.0,0.0,0.0,1.44,5
22500047,GSW,SAS,77.0,80.0,"('Brandin Podziemski', 'Buddy Hield', 'Draymond Green', 'Jimmy Butler III', 'Moses Moody')",0.145,1,0,0,0,0,0,0,1,0,1,0,1.0,0.0,0.0,0.0,0.0,0.0,0.0,0.0,0.0,0.0,1.0,5
22500047,GSW,SAS,76.2,79.4,"('Al Horford', 'Brandin Podziemski', 'Gary Payton II', 'Moses Moody', 'Stephen Curry')",1.2333333333333334,4,5,5,1,0,1,2,0,0,0,2,2.0,3.0,0.0,0.0,0.0,2.0,0.0,0.0,2.0,0.0,5.0,5
22500047,GSW,SAS,78.6,80.2,"('Brandin Podziemski', 'Draymond Green', 'Jimmy Butler III', 'Moses Moody', 'Quinten Post')",4.133333333333333,2,10,8,4,4,2,2,0,2,1,3,9.32,8.0,0.0,0.0,2.0,2.0,0.0,0.0,0.0,2.0,17.32,5
22500047,GSW,SAS,76.6,80.6,"('Al Horford', 'Buddy Hield', 'Draymond Green', 'Stephen Curry', 'Will Richard')",1.7166666666666666,2,6,0,1,1,2,0,1,1,1,0,4.0,3.0,0.0,3.0,0.0,0.0,0.0,0.0,0.0,0.0,7.0,5
22500047,GSW,SAS,78.6,80.8,"('Brandin Podziemski', 'Draymond Green', 'Jimmy Butler III', 'Moses Moody', 'Quinten Post')",2.3,4,3,8,3,4,1,3,0,0,0,0,4.0,6.0,0.0,0.0,0.0,0.0,0.0,6.0,0.0,2.0,10.0,5
22500056,GSW,POR,76.6,80.0,"('Al Horford', 'Draymond Green', 'Gary Payton II', 'Moses Moody', 'Stephen Curry')",1.0,2,2,3,1,2,1,1,0,0,0,1,3.0,2.0,0.0,0.0,0.0,2.0,0.0,0.0,0.0,0.0,5.0,6
22500056,GSW,POR,76.0,80.0,"('Al Horford', 'Gary Payton II', 'Moses Moody', 'Stephen Curry', 'Will Richard')",1.7166666666666666,2,10,9,1,2,3,2,1,0,2,0,4.44,4.32,0.0,0.0,0.0,0.0,0.0,0.0,0.0,0.0,8.760000000000002,6
22500056,GSW,POR,77.2,79.8,"('Al Horford', 'Brandin Podziemski', 'Draymond Green', 'Jimmy Butler III', 'Stephen Curry')",1.9116666666666664,2,11,9,0,0,2,1,0,1,1,1,4.44,5.32,0.0,3.0,0.0,4.0,0.0,0.0,0.0,6.0,9.760000000000002,6
22500056,GSW,POR,77.4,78.6,"('Gary Payton II', 'Jimmy Butler III', 'Moses Moody', 'Quinten Post', 'Stephen Curry')",2.25,4,5,3,4,4,1,1,0,0,0,1,4.0,4.44,0.0,0.0,0.0,0.0,0.0,0.0,0.0,2.0,8.440000000000001,6
22500056,GSW,POR,77.4,79.4,"('Al Horford', 'Brandin Podziemski', 'Buddy Hield', 'Jimmy Butler III', 'Moses Moody')",2.0283333333333333,1,4,8,0,4,1,2,0,0,0,1,4.88,4.0,0.0,0.0,0.0,2.0,0.0,0.0,4.0,8.0,8.879999999999999,6
22500056,GSW,POR,76.0,79.0,"('Al Horford', 'Brandin Podziemski', 'Buddy Hield', 'Gary Payton II', 'Stephen Curry')",3.3666666666666663,1,14,10,3,1,4,3,1,2,1,1,7.88,8.879999999999999,3.0,2.0,0.0,6.0,0.0,0.0,0.0,2.0,16.759999999999998,6
22500056,GSW,POR,76.6,80.0,"('Al Horford', 'Draymond Green', 'Gary Payton II', 'Moses Moody', 'Stephen Curry')",1.0833333333333337,1,0,2,0,3,0,0,1,1,3,0,2.0,1.88,0.0,0.0,0.0,0.0,0.0,0.0,0.0,0.0,3.88,6
22500056,GSW,POR,76.4,80.4,"('Draymond Green', 'Jimmy Butler III', 'Moses Moody', 'Stephen Curry', 'Will Richard')",4.783333333333334,1,10,12,2,4,4,4,3,2,3,0,10.0,12.44,3.0,3.0,0.0,4.0,4.0,0.0,2.0,8.0,22.44,6
22500056,GSW,POR,77.2,78.4,"('Brandin Podziemski', 'Buddy Hield', 'Jimmy Butler III', 'Trayce Jackson-Davis', 'Will Richard')",2.478333333333333,3,5,5,1,3,1,2,0,3,0,3,6.32,5.0,0.0,2.0,0.0,2.0,0.0,2.0,0.0,2.0,11.32,6
22500056,GSW,POR,77.0,80.0,"('Al Horford', 'Brandin Podziemski', 'Draymond Green', 'Moses Moody', 'Stephen Curry')",2.933333333333333,3,5,4,3,4,2,0,2,1,2,0,7.0,6.88,0.0,0.0,0.0,2.0,0.0,0.0,2.0,2.0,13.88,6
22500056,GSW,POR,78.2,80.0,"('Al Horford', 'Brandin Podziemski', 'Buddy Hield', 'Jimmy Butler III', 'Trayce Jackson-Davis')",0.7666666666666666,3,0,4,0,1,0,1,0,0,0,1,1.0,1.44,0.0,0.0,0.0,0.0,0.0,0.0,0.0,0.0,2.44,6
22500056,GSW,POR,78.6,78.6,"('Brandin Podziemski', 'Draymond Green', 'Jimmy Butler III', 'Moses Moody', 'Quinten Post')",3.0499999999999994,4,5,10,2,5,1,3,1,1,3,2,6.88,8.32,0.0,0.0,3.0,0.0,0.0,0.0,0.0,2.0,15.2,6
22500056,GSW,POR,76.4,80.0,"('Al Horford', 'Brandin Podziemski', 'Draymond Green', 'Gary Payton II', 'Stephen Curry')",0.7000000000000001,1,0,3,0,2,0,0,0,0,0,1,1.0,1.44,0.0,0.0,0.0,0.0,0.0,0.0,2.0,2.0,2.44,6
22500056,GSW,POR,76.0,78.8,"('Brandin Podziemski', 'Draymond Green', 'Gary Payton II', 'Jimmy Butler III', 'Stephen Curry')",2.733333333333333,4,7,7,2,3,1,1,0,1,1,0,6.0,4.88,0.0,0.0,0.0,4.0,0.0,0.0,0.0,0.0,10.88,6
22500056,GSW,POR,76.6,78.8,"('Brandin Podziemski', 'Draymond Green', 'Jimmy Butler III', 'Moses Moody', 'Stephen Curry')",0.2733333333333332,4,1,0,2,1,0,0,0,0,0,1,1.44,0.0,0.0,0.0,0.0,0.0,0.0,0.0,0.0,0.0,1.44,6
22500056,GSW,POR,78.2,78.6,"('Draymond Green', 'Jimmy Butler III', 'Moses Moody', 'Quinten Post', 'Stephen Curry')",0.8666666666666667,4,0,4,1,0,0,1,0,0,2,0,1.0,1.44,0.0,0.0,0.0,0.0,0.0,0.0,0.0,0.0,2.44,6
22500056,GSW,POR,79.0,78.8,"('Draymond Green', 'Jimmy Butler III', 'Quinten Post', 'Stephen Curry', 'Trayce Jackson-Davis')",0.0,4,0,1,0,0,0,0,0,0,0,0,0.0,0.44,0.0,0.0,0.0,0.0,0.0,0.0,0.0,0.0,0.44,6
22500056,GSW,POR,75.8,78.8,"('Brandin Podziemski', 'Draymond Green', 'Gary Payton II', 'Moses Moody', 'Stephen Curry')",1.9166666666666667,4,4,4,1,2,0,0,1,1,0,0,3.88,4.0,0.0,0.0,0.0,2.0,2.0,2.0,2.0,4.0,7.88,6
22500056,GSW,POR,76.2,78.8,"('Draymond Green', 'Gary Payton II', 'Jimmy Butler III', 'Moses Moody', 'Stephen Curry')",0.5566666666666666,4,4,4,0,0,0,1,0,0,1,0,1.44,1.44,0.0,0.0,0.0,0.0,0.0,0.0,0.0,0.0,2.88,6
22500056,GSW,POR,78.4,80.0,"('Brandin Podziemski', 'Buddy Hield', 'Draymond Green', 'Jimmy Butler III', 'Quinten Post')",5.8166666666666655,2,18,7,5,5,3,2,1,6,1,9,14.96,14.0,2.0,2.0,0.0,4.0,2.0,2.0,0.0,4.0,28.96,6
22500056,GSW,POR,77.4,79.8,"('Al Horford', 'Draymond Green', 'Jimmy Butler III', 'Moses Moody', 'Stephen Curry')",0.7999999999999999,2,3,2,0,1,1,1,0,0,1,0,1.0,1.0,0.0,0.0,0.0,0.0,0.0,0.0,0.0,0.0,2.0,6
22500056,GSW,POR,76.0,80.0,"('Al Horford', 'Brandin Podziemski', 'Buddy Hield', 'Gary Payton II', 'Stephen Curry')",1.05,3,2,4,0,1,1,1,0,0,1,0,1.0,1.44,0.0,0.0,0.0,2.0,3.0,0.0,3.0,0.0,2.44,6
22500056,GSW,POR,78.2,79.6,"('Draymond Green', 'Jimmy Butler III', 'Moses Moody', 'Quinten Post', 'Stephen Curry')",4.716666666666667,3,13,12,4,4,3,4,2,1,3,3,8.88,8.88,0.0,0.0,3.0,8.0,0.0,2.0,3.0,4.0,17.76,6
22500066,GSW,HOU,76.6,76.6,"('Brandin Podziemski', 'Draymond Green', 'Jimmy Butler III', 'Moses Moody', 'Pat Spencer')",3.65,2,9,8,3,2,2,4,2,0,1,2,7.88,6.0,0.0,0.0,0.0,4.0,2.0,0.0,2.0,6.0,13.88,7
22500066,GSW,HOU,76.2,76.6,"('Buddy Hield', 'Draymond Green', 'Jimmy Butler III', 'Pat Spencer', 'Will Richard')",2.75,4,3,12,0,2,1,5,0,0,1,2,4.44,5.0,0.0,0.0,0.0,2.0,0.0,2.0,0.0,4.0,9.44,7
22500066,GSW,HOU,77.0,78.0,"('Buddy Hield', 'Gary Payton II', 'Moses Moody', 'Quinten Post', 'Stephen Curry')",0.9000000000000001,1,1,2,1,3,0,1,1,0,1,0,2.44,2.0,0.0,0.0,0.0,0.0,0.0,0.0,2.0,0.0,4.44,7
22500066,GSW,HOU,77.4,77.4,"('Draymond Green', 'Gary Payton II', 'Moses Moody', 'Quinten Post', 'Stephen Curry')",1.7333333333333334,1,5,3,2,1,1,1,1,2,0,1,4.44,4.0,2.0,2.0,0.0,4.0,3.0,0.0,0.0,0.0,8.440000000000001,7
22500066,GSW,HOU,77.2,78.8,"('Brandin Podziemski', 'Moses Moody', 'Quinten Post', 'Stephen Curry', 'Will Richard')",3.9666666666666672,2,6,10,6,4,2,1,1,0,0,2,7.0,8.0,0.0,0.0,2.0,6.0,0.0,2.0,2.0,10.0,15.0,7
22500066,GSW,HOU,76.2,79.6,"('Buddy Hield', 'Draymond Green', 'Jimmy Butler III', 'Stephen Curry', 'Will Richard')",1.3016666666666667,2,8,2,0,2,2,0,0,1,1,1,2.88,2.0,0.0,3.0,3.0,0.0,0.0,0.0,2.0,2.0,4.88,7
22500066,GSW,HOU,77.8,76.8,"('Draymond Green', 'Jimmy Butler III', 'Quinten Post', 'Stephen Curry', 'Will Richard')",0.0,4,0,1,0,0,0,0,0,0,0,0,0.0,0.44,0.0,0.0,0.0,0.0,0.0,0.0,0.0,0.0,0.44,7
22500066,GSW,HOU,76.8,78.2,"('Brandin Podziemski', 'Draymond Green', 'Jimmy Butler III', 'Moses Moody', 'Will Richard')",0.56,4,5,4,1,0,2,0,1,0,3,0,4.0,3.76,0.0,0.0,0.0,2.0,0.0,0.0,0.0,0.0,7.76,7
22500066,GSW,HOU,76.2,78.2,"('Brandin Podziemski', 'Draymond Green', 'Jimmy Butler III', 'Stephen Curry', 'Will Richard')",3.1166666666666667,4,4,9,3,4,1,2,2,1,2,2,8.879999999999999,7.88,0.0,0.0,0.0,2.0,0.0,3.0,0.0,2.0,16.759999999999998,7
22500066,GSW,HOU,76.4,78.2,"('Draymond Green', 'Jimmy Butler III', 'Moses Moody', 'Stephen Curry', 'Will Richard')",2.1966666666666668,4,4,4,2,1,1,2,1,0,1,1,3.88,5.0,0.0,0.0,0.0,2.0,2.0,0.0,0.0,2.0,8.879999999999999,7
22500066,GSW,HOU,78.6,77.4,"('Brandin Podziemski', 'Buddy Hield', 'Gui Santos', 'Jimmy Butler III', 'Quinten Post')",2.6766666666666663,3,0,7,2,5,0,0,1,0,2,1,5.0,6.32,0.0,0.0,0.0,0.0,0.0,0.0,0.0,4.0,11.32,7
22500066,GSW,HOU,77.8,76.0,"('Buddy Hield', 'Jimmy Butler III', 'Moses Moody', 'Quinten Post', 'Stephen Curry')",0.0666666666666666,3,2,0,0,0,0,0,0,0,0,0,1.0,0.0,0.0,0.0,0.0,0.0,0.0,0.0,0.0,0.0,1.0,7
22500066,GSW,HOU,76.0,79.0,"('Brandin Podziemski', 'Draymond Green', 'Moses Moody', 'Stephen Curry', 'Will Richard')",0.2333333333333333,3,0,0,0,0,0,0,0,0,1,0,0.0,1.0,0.0,0.0,0.0,0.0,0.0,0.0,0.0,0.0,1.0,7
22500066,GSW,HOU,77.0,78.8,"('Brandin Podziemski', 'Gary Payton II', 'Moses Moody', 'Quinten Post', 'Stephen Curry')",1.4166666666666667,2,6,2,2,1,1,1,0,1,3,1,3.0,5.0,0.0,3.0,0.0,0.0,0.0,0.0,0.0,0.0,8.0,7
22500066,GSW,HOU,77.8,77.4,"('Brandin Podziemski', 'Draymond Green', 'Moses Moody', 'Quinten Post', 'Stephen Curry')",1.1833333333333331,3,2,3,2,1,1,1,1,0,0,1,3.0,3.0,0.0,0.0,0.0,2.0,3.0,0.0,0.0,0.0,6.0,7
22500066,GSW,HOU,78.0,77.4,"('Brandin Podziemski', 'Gui Santos', 'Moses Moody', 'Quinten Post', 'Stephen Curry')",2.083333333333333,3,3,8,2,1,1,1,2,0,2,0,4.44,4.32,0.0,0.0,0.0,2.0,3.0,3.0,0.0,2.0,8.760000000000002,7
22500066,GSW,HOU,77.8,78.4,"('Draymond Green', 'Jimmy Butler III', 'Quinten Post', 'Stephen Curry', 'Will Richard')",0.7183333333333334,2,4,1,0,1,2,0,0,1,0,0,2.0,2.44,2.0,2.0,0.0,4.0,0.0,0.0,0.0,0.0,4.44,7
22500066,GSW,HOU,76.6,76.6,"('Brandin Podziemski', 'Buddy Hield', 'Draymond Green', 'Jimmy Butler III', 'Will Richard')",1.5166666666666666,4,4,0,1,1,1,0,0,1,2,1,2.44,2.0,0.0,3.0,0.0,0.0,0.0,0.0,0.0,0.0,4.44,7
22500066,GSW,HOU,76.4,79.0,"('Draymond Green', 'Jimmy Butler III', 'Moses Moody', 'Stephen Curry', 'Will Richard')",4.416666666666665,3,8,9,2,7,3,2,0,2,3,1,8.0,7.44,0.0,2.0,4.0,6.0,0.0,3.0,2.0,0.0,15.44,7
22500066,GSW,HOU,77.8,78.0,"('Brandin Podziemski', 'Buddy Hield', 'Gui Santos', 'Quinten Post', 'Stephen Curry')",1.1333333333333333,3,2,0,2,3,0,0,0,0,1,1,1.88,2.0,0.0,0.0,0.0,0.0,0.0,0.0,0.0,0.0,3.88,7
22500066,GSW,HOU,76.8,78.0,"('Brandin Podziemski', 'Buddy Hield', 'Gary Payton II', 'Quinten Post', 'Stephen Curry')",0.6166666666666667,1,0,2,0,2,0,0,1,0,1,0,1.0,2.0,0.0,0.0,0.0,0.0,2.0,0.0,2.0,2.0,3.0,7
22500066,GSW,HOU,77.8,78.0,"('Brandin Podziemski', 'Buddy Hield', 'Jimmy Butler III', 'Quinten Post', 'Will Richard')",0.5666666666666668,1,0,2,1,2,0,0,0,0,0,0,1.0,2.0,0.0,0.0,0.0,0.0,0.0,0.0,2.0,2.0,3.0,7
22500066,GSW,HOU,77.6,78.0,"('Brandin Podziemski', 'Buddy Hield', 'Jimmy Butler III', 'Quinten Post', 'Stephen Curry')",0.0,1,0,0,0,0,0,0,0,0,0,0,0.0,0.0,0.0,0.0,0.0,0.0,0.0,0.0,0.0,0.0,0.0,7
22500066,GSW,HOU,76.4,79.0,"('Draymond Green', 'Jimmy Butler III', 'Moses Moody', 'Stephen Curry', 'Will Richard')",4.716666666666667,1,16,11,4,2,2,3,1,1,0,2,7.88,9.0,0.0,0.0,0.0,2.0,3.0,0.0,0.0,2.0,16.88,7
22500066,GSW,HOU,78.2,77.6,"('Draymond Green', 'Jimmy Butler III', 'Moses Moody', 'Quinten Post', 'Stephen Curry')",0.65,2,1,2,1,1,0,0,1,0,0,0,1.44,2.0,0.0,0.0,0.0,0.0,2.0,0.0,0.0,2.0,3.44,7
22500066,GSW,HOU,76.0,78.2,"('Brandin Podziemski', 'Draymond Green', 'Moses Moody', 'Stephen Curry', 'Will Richard')",1.8,4,4,0,6,2,1,0,0,0,1,0,3.0,3.0,0.0,0.0,4.0,4.0,0.0,0.0,0.0,0.0,6.0,7
22500066,GSW,HOU,78.4,77.8,"('Brandin Podziemski', 'Buddy Hield', 'Draymond Green', 'Jimmy Butler III', 'Quinten Post')",3.408333333333333,1,3,2,4,5,1,0,0,0,0,1,5.0,4.0,0.0,0.0,0.0,0.0,0.0,0.0,2.0,2.0,9.0,7
22500097,GSW,POR,77.2,77.8,"('Brandin Podziemski', 'Draymond Green', 'Gui Santos', 'Jonathan Kuminga', 'Stephen Curry')",1.6,4,6,9,1,0,1,1,3,1,1,4,7.44,5.88,0.0,0.0,2.0,2.0,2.0,2.0,0.0,4.0,13.32,8
22500097,GSW,POR,77.4,78.2,"('Brandin Podziemski', 'Jonathan Kuminga', 'Moses Moody', 'Stephen Curry', 'Trayce Jackson-Davis')",1.7666666666666668,3,5,9,1,0,1,2,3,0,1,0,4.88,4.44,0.0,0.0,0.0,0.0,6.0,0.0,0.0,2.0,9.32,8
22500097,GSW,POR,78.2,78.2,"('Brandin Podziemski', 'Jimmy Butler III', 'Jonathan Kuminga', 'Moses Moody', 'Trayce Jackson-Davis')",0.0,3,0,0,0,0,0,0,0,0,0,0,0.0,0.0,0.0,0.0,0.0,0.0,0.0,0.0,0.0,0.0,0.0,8
22500097,GSW,POR,78.6,79.6,"('Draymond Green', 'Jimmy Butler III', 'Jonathan Kuminga', 'Quinten Post', 'Stephen Curry')",3.7,3,12,12,3,5,3,4,1,1,2,3,9.76,9.88,3.0,0.0,0.0,0.0,0.0,6.0,0.0,4.0,19.64,8
22500097,GSW,POR,76.2,78.2,"('Buddy Hield', 'Gary Payton II', 'Jimmy Butler III', 'Jonathan Kuminga', 'Stephen Curry')",2.4666666666666663,3,10,8,3,0,1,2,1,0,0,3,5.32,5.0,0.0,0.0,5.0,4.0,2.0,0.0,0.0,8.0,10.32,8
22500097,GSW,POR,77.2,80.2,"('Gui Santos', 'Moses Moody', 'Pat Spencer', 'Trayce Jackson-Davis', 'Will Richard')",6.2716666666666665,4,15,16,5,5,2,4,3,5,4,3,13.64,15.76,2.0,7.0,3.0,2.0,2.0,2.0,2.0,12.0,29.4,8
22500097,GSW,POR,77.0,79.2,"('Brandin Podziemski', 'Draymond Green', 'Jimmy Butler III', 'Jonathan Kuminga', 'Stephen Curry')",1.05,4,0,3,1,1,0,0,2,1,1,1,3.0,3.44,0.0,0.0,0.0,0.0,2.0,2.0,0.0,2.0,6.44,8
22500097,GSW,POR,77.2,78.2,"('Brandin Podziemski', 'Draymond Green', 'Gui Santos', 'Jonathan Kuminga', 'Pat Spencer')",0.1333333333333333,4,1,2,0,0,0,1,0,0,0,0,0.44,1.0,0.0,0.0,0.0,0.0,0.0,0.0,0.0,2.0,1.44,8
22500097,GSW,POR,76.2,80.0,"('Brandin Podziemski', 'Gui Santos', 'Moses Moody', 'Pat Spencer', 'Will Richard')",1.9333333333333331,4,6,6,1,1,1,1,1,1,1,2,5.32,4.0,0.0,0.0,0.0,0.0,0.0,0.0,0.0,6.0,9.32,8
22500097,GSW,POR,76.0,78.2,"('Gary Payton II', 'Jimmy Butler III', 'Jonathan Kuminga', 'Stephen Curry', 'Will Richard')",1.0333333333333332,2,4,2,2,0,1,0,1,1,1,0,2.44,2.88,0.0,0.0,0.0,0.0,0.0,0.0,0.0,0.0,5.32,8
22500097,GSW,POR,75.8,78.2,"('Draymond Green', 'Gary Payton II', 'Jimmy Butler III', 'Stephen Curry', 'Will Richard')",0.2333333333333333,2,0,1,0,0,0,0,1,0,0,0,1.0,0.44,0.0,0.0,0.0,0.0,0.0,0.0,0.0,0.0,1.44,8
22500097,GSW,POR,76.4,78.2,"('Draymond Green', 'Gary Payton II', 'Jimmy Butler III', 'Moses Moody', 'Will Richard')",0.2516666666666667,2,1,3,0,0,0,0,0,0,0,0,0.44,1.0,0.0,0.0,0.0,0.0,0.0,0.0,0.0,0.0,1.44,8
22500097,GSW,POR,76.2,78.8,"('Brandin Podziemski', 'Draymond Green', 'Jimmy Butler III', 'Stephen Curry', 'Will Richard')",2.486666666666667,2,4,12,0,3,1,2,0,0,0,2,6.0,6.0,0.0,0.0,0.0,4.0,3.0,2.0,0.0,4.0,12.0,8
22500097,GSW,POR,78.2,80.0,"('Buddy Hield', 'Draymond Green', 'Jonathan Kuminga', 'Quinten Post', 'Stephen Curry')",0.1833333333333333,1,1,1,0,0,0,0,0,0,0,1,0.44,0.44,0.0,0.0,0.0,0.0,0.0,0.0,0.0,0.0,0.88,8
22500097,GSW,POR,76.0,77.8,"('Brandin Podziemski', 'Jimmy Butler III', 'Moses Moody', 'Pat Spencer', 'Will Richard')",1.5666666666666669,1,1,4,1,3,0,1,0,0,1,0,3.44,3.88,0.0,0.0,0.0,0.0,0.0,0.0,0.0,2.0,7.32,8
22500097,GSW,POR,77.4,80.0,"('Buddy Hield', 'Jonathan Kuminga', 'Moses Moody', 'Stephen Curry', 'Trayce Jackson-Davis')",0.5166666666666666,1,3,3,0,0,1,1,0,0,1,0,1.0,1.0,0.0,0.0,0.0,0.0,0.0,0.0,0.0,0.0,2.0,8
22500097,GSW,POR,77.2,78.2,"('Gary Payton II', 'Jonathan Kuminga', 'Quinten Post', 'Stephen Curry', 'Will Richard')",2.5166666666666666,2,6,8,4,1,1,2,2,1,2,1,5.44,5.0,0.0,3.0,0.0,2.0,0.0,3.0,0.0,2.0,10.44,8
22500097,GSW,POR,76.4,80.2,"('Buddy Hield', 'Draymond Green', 'Jonathan Kuminga', 'Stephen Curry', 'Will Richard')",1.0166666666666666,2,5,6,0,0,2,1,0,0,0,1,2.44,2.0,0.0,0.0,0.0,2.0,0.0,0.0,0.0,0.0,4.44,8
22500097,GSW,POR,77.4,79.8,"('Brandin Podziemski', 'Jimmy Butler III', 'Moses Moody', 'Trayce Jackson-Davis', 'Will Richard')",3.7666666666666666,3,8,5,3,4,2,1,0,1,1,4,8.32,7.44,0.0,2.0,0.0,2.0,0.0,0.0,4.0,4.0,15.760000000000002,8
22500097,GSW,POR,76.8,80.2,"('Brandin Podziemski', 'Buddy Hield', 'Draymond Green', 'Jonathan Kuminga', 'Will Richard')",1.1166666666666667,2,1,1,2,1,0,0,0,0,0,1,2.44,2.44,0.0,0.0,0.0,0.0,0.0,0.0,0.0,0.0,4.88,8
22500097,GSW,POR,78.4,78.2,"('Brandin Podziemski', 'Buddy Hield', 'Draymond Green', 'Jimmy Butler III', 'Quinten Post')",3.083333333333333,2,7,8,5,2,1,3,3,1,3,0,8.0,8.0,0.0,0.0,4.0,4.0,0.0,5.0,0.0,2.0,16.0,8
22500097,GSW,POR,78.0,79.8,"('Buddy Hield', 'Jonathan Kuminga', 'Moses Moody', 'Quinten Post', 'Stephen Curry')",0.9333333333333332,1,1,4,1,3,0,2,0,0,0,0,2.44,3.0,0.0,0.0,0.0,0.0,0.0,2.0,0.0,4.0,5.44,8
22500097,GSW,POR,76.8,79.4,"('Brandin Podziemski', 'Buddy Hield', 'Moses Moody', 'Stephen Curry', 'Trayce Jackson-Davis')",2.066666666666667,1,10,5,2,1,2,0,0,1,1,0,5.0,5.44,3.0,3.0,0.0,4.0,0.0,0.0,0.0,4.0,10.44,8
22500097,GSW,POR,78.6,80.0,"('Draymond Green', 'Jimmy Butler III', 'Jonathan Kuminga', 'Quinten Post', 'Stephen Curry')",5.133333333333333,1,12,8,5,6,4,2,3,3,1,1,10.88,11.44,0.0,2.0,0.0,4.0,0.0,0.0,0.0,4.0,22.32,8
22500097,GSW,POR,77.4,77.8,"('Brandin Podziemski', 'Jimmy Butler III', 'Moses Moody', 'Trayce Jackson-Davis', 'Will Richard')",1.4833333333333334,1,0,3,1,2,0,0,1,1,1,1,4.0,3.3200000000000003,0.0,0.0,0.0,0.0,0.0,0.0,0.0,0.0,7.32,8
22500121,GSW,MEM,76.4,78.6,"('Draymond Green', 'Gary Payton II', 'Jonathan Kuminga', 'Moses Moody', 'Stephen Curry')",1.5166666666666668,3,8,2,2,1,3,1,0,1,0,0,3.0,4.0,2.0,0.0,0.0,2.0,0.0,0.0,2.0,2.0,7.0,9
22500121,GSW,MEM,78.6,77.6,"('Brandin Podziemski', 'Draymond Green', 'Jimmy Butler III', 'Moses Moody', 'Quinten Post')",2.583333333333333,2,5,2,4,2,1,0,2,0,2,1,5.0,6.0,2.0,0.0,0.0,2.0,0.0,0.0,2.0,2.0,11.0,9
22500121,GSW,MEM,76.4,77.4,"('Buddy Hield', 'Draymond Green', 'Jonathan Kuminga', 'Stephen Curry', 'Will Richard')",0.85,2,3,0,1,1,1,0,0,1,1,0,2.0,1.0,0.0,3.0,0.0,0.0,0.0,0.0,0.0,0.0,3.0,9
22500121,GSW,MEM,77.2,78.0,"('Brandin Podziemski', 'Gui Santos', 'Jimmy Butler III', 'Jonathan Kuminga', 'Stephen Curry')",0.6333333333333333,2,2,3,0,1,0,1,0,0,0,1,0.88,1.0,0.0,0.0,0.0,0.0,0.0,0.0,3.0,0.0,1.88,9
22500121,GSW,MEM,77.6,78.2,"('Brandin Podziemski', 'Draymond Green', 'Jimmy Butler III', 'Jonathan Kuminga', 'Moses Moody')",2.333333333333333,2,4,10,0,2,1,4,2,0,1,1,4.44,5.0,0.0,0.0,0.0,0.0,2.0,2.0,3.0,4.0,9.44,9
22500121,GSW,MEM,77.0,79.2,"('Brandin Podziemski', 'Draymond Green', 'Jimmy Butler III', 'Jonathan Kuminga', 'Stephen Curry')",2.66,2,5,4,2,3,1,0,1,0,2,2,6.88,5.76,0.0,0.0,0.0,0.0,0.0,0.0,0.0,0.0,12.64,9
22500121,GSW,MEM,77.2,79.2,"('Draymond Green', 'Gary Payton II', 'Jimmy Butler III', 'Jonathan Kuminga', 'Moses Moody')",0.1483333333333333,2,1,0,0,0,0,0,0,0,0,0,0.44,1.0,0.0,0.0,0.0,0.0,0.0,0.0,0.0,0.0,1.44,9
22500121,GSW,MEM,75.8,79.0,"('Buddy Hield', 'Draymond Green', 'Gary Payton II', 'Moses Moody', 'Stephen Curry')",1.35,3,5,3,1,1,0,1,1,1,1,1,3.88,5.0,0.0,0.0,0.0,0.0,0.0,3.0,0.0,0.0,8.879999999999999,9
22500121,GSW,MEM,76.6,78.0,"('Buddy Hield', 'Gui Santos', 'Jonathan Kuminga', 'Stephen Curry', 'Will Richard')",2.583333333333333,2,9,5,3,3,2,1,1,3,1,4,7.76,8.44,0.0,3.0,0.0,2.0,2.0,2.0,0.0,4.0,16.2,9
22500121,GSW,MEM,77.0,78.6,"('Buddy Hield', 'Gary Payton II', 'Moses Moody', 'Quinten Post', 'Stephen Curry')",0.1666666666666666,1,0,3,0,0,0,1,0,0,0,0,0.0,1.0,0.0,0.0,0.0,0.0,3.0,0.0,0.0,0.0,1.0,9
22500121,GSW,MEM,77.6,78.0,"('Brandin Podziemski', 'Buddy Hield', 'Jimmy Butler III', 'Moses Moody', 'Trayce Jackson-Davis')",1.855,1,6,6,0,1,2,3,0,1,0,2,5.88,4.0,2.0,2.0,0.0,4.0,0.0,2.0,0.0,6.0,9.88,9
22500121,GSW,MEM,77.0,78.0,"('Brandin Podziemski', 'Draymond Green', 'Jimmy Butler III', 'Jonathan Kuminga', 'Stephen Curry')",5.9,1,25,15,4,4,8,4,0,2,2,0,14.0,12.76,3.0,5.0,0.0,10.0,0.0,3.0,0.0,4.0,26.76,9
22500121,GSW,MEM,77.0,76.8,"('Brandin Podziemski', 'Buddy Hield', 'Jimmy Butler III', 'Stephen Curry', 'Trayce Jackson-Davis')",0.0916666666666666,1,2,1,0,0,1,0,0,0,0,0,1.0,0.44,0.0,0.0,0.0,2.0,0.0,0.0,0.0,0.0,1.44,9
22500121,GSW,MEM,77.2,78.6,"('Buddy Hield', 'Jimmy Butler III', 'Moses Moody', 'Stephen Curry', 'Trayce Jackson-Davis')",1.85,1,0,5,2,2,0,2,2,0,0,1,6.0,4.0,0.0,0.0,0.0,0.0,2.0,0.0,0.0,2.0,10.0,9
22500121,GSW,MEM,77.8,78.6,"('Draymond Green', 'Gary Payton II', 'Jonathan Kuminga', 'Quinten Post', 'Stephen Curry')",1.5666666666666669,1,2,6,1,0,1,1,2,0,2,0,3.0,2.76,0.0,0.0,2.0,2.0,2.0,2.0,0.0,2.0,5.76,9
22500121,GSW,MEM,77.2,78.0,"('Buddy Hield', 'Gary Payton II', 'Jimmy Butler III', 'Moses Moody', 'Trayce Jackson-Davis')",0.37,1,1,1,0,0,0,0,0,0,1,0,0.44,0.44,0.0,0.0,0.0,0.0,0.0,0.0,0.0,0.0,0.88,9
22500121,GSW,MEM,77.2,76.8,"('Gui Santos', 'Moses Moody', 'Pat Spencer', 'Trayce Jackson-Davis', 'Will Richard')",1.0783333333333334,4,0,4,1,3,0,1,1,0,1,0,4.0,2.88,0.0,0.0,0.0,0.0,0.0,2.0,0.0,2.0,6.88,9
22500121,GSW,MEM,76.8,77.6,"('Brandin Podziemski', 'Gary Payton II', 'Gui Santos', 'Jimmy Butler III', 'Moses Moody')",1.25,4,3,4,0,2,1,0,0,1,0,1,3.0,3.88,0.0,0.0,0.0,0.0,0.0,0.0,2.0,2.0,6.88,9
22500121,GSW,MEM,77.6,77.6,"('Brandin Podziemski', 'Draymond Green', 'Gui Santos', 'Jimmy Butler III', 'Moses Moody')",0.7166666666666667,4,0,0,0,0,0,0,1,0,2,0,1.0,0.0,0.0,0.0,0.0,0.0,0.0,0.0,0.0,0.0,1.0,9
22500121,GSW,MEM,77.2,77.6,"('Brandin Podziemski', 'Gary Payton II', 'Jimmy Butler III', 'Moses Moody', 'Trayce Jackson-Davis')",1.4166666666666663,4,5,2,1,1,2,1,0,0,0,0,2.0,2.0,0.0,3.0,0.0,2.0,0.0,0.0,0.0,2.0,4.0,9
22500121,GSW,MEM,78.0,77.4,"('Brandin Podziemski', 'Buddy Hield', 'Jonathan Kuminga', 'Quinten Post', 'Will Richard')",0.0,4,0,1,0,0,0,0,0,0,0,0,0.0,0.44,0.0,0.0,0.0,0.0,0.0,0.0,0.0,0.0,0.44,9
22500121,GSW,MEM,76.4,78.2,"('Buddy Hield', 'Draymond Green', 'Jonathan Kuminga', 'Stephen Curry', 'Will Richard')",1.0166666666666668,4,3,0,0,1,1,0,0,1,1,0,2.0,1.0,0.0,0.0,0.0,0.0,0.0,0.0,0.0,0.0,3.0,9
22500121,GSW,MEM,77.6,77.4,"('Buddy Hield', 'Jonathan Kuminga', 'Quinten Post', 'Stephen Curry', 'Will Richard')",3.566666666666667,4,8,13,3,2,4,3,1,0,4,0,7.0,8.32,0.0,0.0,2.0,8.0,3.0,0.0,3.0,2.0,15.32,9
22500121,GSW,MEM,78.0,79.2,"('Brandin Podziemski', 'Gary Payton II', 'Jonathan Kuminga', 'Moses Moody', 'Quinten Post')",1.7166666666666666,4,7,6,4,1,1,1,0,0,0,1,3.88,4.44,0.0,0.0,3.0,2.0,0.0,0.0,0.0,2.0,8.32,9
22500121,GSW,MEM,77.0,78.0,"('Brandin Podziemski', 'Draymond Green', 'Jimmy Butler III', 'Jonathan Kuminga', 'Stephen Curry')",3.1666666666666665,3,8,7,4,2,2,2,1,0,1,3,6.44,7.44,2.0,0.0,0.0,4.0,2.0,0.0,0.0,6.0,13.88,9
22500121,GSW,MEM,77.0,78.8,"('Brandin Podziemski', 'Buddy Hield', 'Draymond Green', 'Jimmy Butler III', 'Moses Moody')",3.3466666666666667,3,8,7,3,4,2,2,1,1,1,1,7.32,7.0,0.0,2.0,0.0,0.0,3.0,0.0,0.0,4.0,14.32,9
22500121,GSW,MEM,78.2,78.0,"('Brandin Podziemski', 'Jimmy Butler III', 'Jonathan Kuminga', 'Quinten Post', 'Stephen Curry')",2.4166666666666665,3,7,5,2,2,1,2,0,1,0,1,5.32,6.0,0.0,0.0,0.0,4.0,0.0,0.0,0.0,2.0,11.32,9
22500121,GSW,MEM,77.8,79.2,"('Brandin Podziemski', 'Buddy Hield', 'Gary Payton II', 'Jonathan Kuminga', 'Quinten Post')",0.8333333333333334,4,4,3,1,0,1,1,0,0,1,0,2.0,1.44,0.0,0.0,2.0,4.0,0.0,0.0,0.0,0.0,3.44,9
22500127,GSW,LAC,77.4,78.2,"('Al Horford', 'Brandin Podziemski', 'Buddy Hield', 'Jimmy Butler III', 'Moses Moody')",2.7150000000000003,3,10,2,4,1,3,0,0,1,0,0,5.0,5.0,3.0,3.0,2.0,4.0,0.0,0.0,0.0,2.0,10.0,10
22500127,GSW,LAC,77.2,79.2,"('Al Horford', 'Brandin Podziemski', 'Jonathan Kuminga', 'Moses Moody', 'Stephen Curry')",1.1666666666666663,3,0,2,0,3,0,0,0,1,1,0,2.0,2.0,0.0,0.0,0.0,0.0,0.0,0.0,2.0,2.0,4.0,10
22500127,GSW,LAC,76.8,79.2,"('Brandin Podziemski', 'Draymond Green', 'Jonathan Kuminga', 'Moses Moody', 'Stephen Curry')",0.0,3,0,0,0,0,0,0,0,0,0,0,0.0,0.0,0.0,0.0,0.0,0.0,0.0,0.0,0.0,0.0,0.0,10
22500127,GSW,LAC,78.2,79.4,"('Al Horford', 'Brandin Podziemski', 'Gui Santos', 'Jonathan Kuminga', 'Moses Moody')",1.7166666666666668,4,2,3,2,0,0,1,1,0,1,0,3.0,3.44,0.0,0.0,2.0,2.0,2.0,0.0,0.0,2.0,6.44,10
22500127,GSW,LAC,76.2,78.2,"('Brandin Podziemski', 'Buddy Hield', 'Jimmy Butler III', 'Moses Moody', 'Stephen Curry')",0.0516666666666666,3,0,0,0,0,0,0,0,0,0,0,1.0,0.0,0.0,0.0,0.0,0.0,0.0,0.0,0.0,0.0,1.0,10
22500127,GSW,LAC,78.2,79.2,"('Brandin Podziemski', 'Draymond Green', 'Jonathan Kuminga', 'Quinten Post', 'Stephen Curry')",1.6333333333333335,3,3,0,4,2,0,0,0,0,0,0,3.0,3.0,0.0,0.0,3.0,0.0,0.0,0.0,0.0,0.0,6.0,10
22500127,GSW,LAC,77.4,78.6,"('Al Horford', 'Brandin Podziemski', 'Draymond Green', 'Jimmy Butler III', 'Will Richard')",1.4166666666666663,2,0,5,1,2,0,1,0,0,0,0,2.0,3.0,0.0,0.0,0.0,0.0,0.0,0.0,0.0,2.0,5.0,10
22500127,GSW,LAC,76.8,78.6,"('Al Horford', 'Buddy Hield', 'Jonathan Kuminga', 'Stephen Curry', 'Will Richard')",1.7833333333333334,2,4,5,2,2,2,0,3,2,1,0,6.0,5.44,2.0,2.0,0.0,4.0,2.0,0.0,2.0,4.0,11.44,10
22500127,GSW,LAC,76.6,78.6,"('Al Horford', 'Buddy Hield', 'Gary Payton II', 'Jonathan Kuminga', 'Stephen Curry')",1.9333333333333336,2,0,9,1,3,0,1,0,0,1,0,3.0,4.88,0.0,0.0,0.0,0.0,0.0,2.0,5.0,4.0,7.88,10
22500127,GSW,LAC,77.8,78.6,"('Al Horford', 'Draymond Green', 'Jimmy Butler III', 'Jonathan Kuminga', 'Stephen Curry')",2.751666666666667,2,2,5,3,5,0,1,0,1,1,0,5.0,5.0,0.0,0.0,0.0,2.0,0.0,3.0,0.0,2.0,10.0,10
22500127,GSW,LAC,78.6,78.2,"('Brandin Podziemski', 'Draymond Green', 'Jimmy Butler III', 'Moses Moody', 'Quinten Post')",3.783333333333332,2,7,0,7,3,3,0,3,2,0,0,8.0,8.0,4.0,2.0,3.0,4.0,0.0,0.0,0.0,0.0,16.0,10
22500127,GSW,LAC,78.6,79.2,"('Draymond Green', 'Jimmy Butler III', 'Jonathan Kuminga', 'Quinten Post', 'Stephen Curry')",4.366666666666666,3,14,8,2,4,3,0,1,2,2,1,9.32,8.0,6.0,2.0,0.0,8.0,0.0,0.0,2.0,8.0,17.32,10
22500127,GSW,LAC,78.6,79.2,"('Brandin Podziemski', 'Draymond Green', 'Jimmy Butler III', 'Moses Moody', 'Quinten Post')",5.466666666666666,4,12,7,4,4,3,2,3,2,3,0,11.0,10.32,0.0,0.0,0.0,4.0,2.0,2.0,0.0,4.0,21.32,10
22500127,GSW,LAC,77.6,79.2,"('Al Horford', 'Draymond Green', 'Jonathan Kuminga', 'Moses Moody', 'Stephen Curry')",1.5666666666666669,4,3,0,1,1,0,0,0,0,0,1,2.0,2.0,0.0,3.0,0.0,0.0,0.0,0.0,0.0,0.0,4.0,10
22500127,GSW,LAC,77.0,79.0,"('Brandin Podziemski', 'Gui Santos', 'Pat Spencer', 'Trayce Jackson-Davis', 'Will Richard')",2.7,4,3,6,1,3,1,1,1,1,1,1,6.0,5.44,0.0,0.0,0.0,0.0,0.0,0.0,0.0,0.0,11.44,10
22500127,GSW,LAC,77.0,77.4,"('Al Horford', 'Brandin Podziemski', 'Jimmy Butler III', 'Moses Moody', 'Stephen Curry')",0.7666666666666667,3,5,2,0,0,0,1,0,1,0,0,2.0,2.0,2.0,2.0,0.0,2.0,0.0,0.0,0.0,2.0,4.0,10
22500127,GSW,LAC,77.0,79.4,"('Al Horford', 'Brandin Podziemski', 'Gary Payton II', 'Jimmy Butler III', 'Moses Moody')",3.313333333333334,1,3,10,1,5,1,1,0,0,2,1,5.0,5.32,0.0,0.0,0.0,0.0,0.0,0.0,2.0,2.0,10.32,10
22500127,GSW,LAC,78.6,79.2,"('Draymond Green', 'Jimmy Butler III', 'Jonathan Kuminga', 'Quinten Post', 'Stephen Curry')",5.3,1,14,10,5,5,4,1,1,0,2,1,11.0,11.44,0.0,0.0,2.0,8.0,0.0,0.0,2.0,4.0,22.44,10
22500127,GSW,LAC,78.2,78.6,"('Buddy Hield', 'Draymond Green', 'Jonathan Kuminga', 'Quinten Post', 'Stephen Curry')",2.7333333333333325,1,13,4,4,4,3,0,0,0,0,0,6.0,6.0,0.0,0.0,0.0,4.0,0.0,2.0,2.0,4.0,12.0,10
22500127,GSW,LAC,77.0,78.0,"('Al Horford', 'Brandin Podziemski', 'Jimmy Butler III', 'Moses Moody', 'Stephen Curry')",0.1633333333333333,1,3,1,0,0,1,0,0,0,0,0,1.0,0.44,0.0,0.0,0.0,0.0,0.0,0.0,0.0,0.0,1.44,10
22500139,GSW,MIL,78.2,77.6,"('Al Horford', 'Buddy Hield', 'Draymond Green', 'Jimmy Butler III', 'Jonathan Kuminga')",0.0,4,0,0,0,0,0,0,0,0,0,0,0.0,0.0,0.0,0.0,0.0,0.0,0.0,0.0,0.0,0.0,0.0,11
22500139,GSW,MIL,77.8,78.2,"('Al Horford', 'Draymond Green', 'Jimmy Butler III', 'Jonathan Kuminga', 'Stephen Curry')",3.1,4,8,14,3,1,1,2,2,0,0,2,7.32,8.0,0.0,0.0,3.0,2.0,5.0,0.0,3.0,2.0,15.32,11
22500139,GSW,MIL,77.0,78.2,"('Brandin Podziemski', 'Draymond Green', 'Jimmy Butler III', 'Jonathan Kuminga', 'Stephen Curry')",1.7866666666666666,4,4,3,0,3,0,0,0,1,0,0,5.0,3.0,2.0,2.0,0.0,4.0,0.0,0.0,0.0,0.0,8.0,11
22500139,GSW,MIL,76.2,77.4,"('Buddy Hield', 'Draymond Green', 'Jimmy Butler III', 'Stephen Curry', 'Will Richard')",2.0166666666666666,4,4,5,3,2,1,1,0,1,0,0,4.0,5.0,4.0,2.0,0.0,4.0,0.0,0.0,3.0,2.0,9.0,11
22500139,GSW,MIL,76.6,78.0,"('Brandin Podziemski', 'Buddy Hield', 'Draymond Green', 'Jonathan Kuminga', 'Stephen Curry')",1.5666666666666669,3,6,3,2,1,2,1,0,0,1,1,4.44,3.0,0.0,2.0,0.0,0.0,0.0,0.0,0.0,0.0,7.44,11
22500139,GSW,MIL,77.0,77.6,"('Buddy Hield', 'Draymond Green', 'Jimmy Butler III', 'Jonathan Kuminga', 'Stephen Curry')",1.3833333333333333,4,3,2,2,0,0,0,1,0,1,1,2.0,2.88,0.0,0.0,0.0,0.0,0.0,0.0,0.0,0.0,4.88,11
22500139,GSW,MIL,77.8,77.8,"('Al Horford', 'Brandin Podziemski', 'Buddy Hield', 'Jimmy Butler III', 'Jonathan Kuminga')",1.3,4,2,4,0,1,0,2,2,2,0,2,3.88,4.0,0.0,0.0,0.0,0.0,2.0,2.0,0.0,4.0,7.88,11
22500139,GSW,MIL,77.4,78.2,"('Al Horford', 'Brandin Podziemski', 'Draymond Green', 'Jonathan Kuminga', 'Stephen Curry')",1.6666666666666667,4,5,5,0,0,1,2,1,0,4,1,3.0,3.0,0.0,0.0,0.0,2.0,2.0,0.0,2.0,2.0,6.0,11
22500139,GSW,MIL,77.0,77.8,"('Al Horford', 'Brandin Podziemski', 'Buddy Hield', 'Jonathan Kuminga', 'Stephen Curry')",1.4833333333333334,3,0,6,1,3,0,2,1,1,0,1,4.0,5.0,0.0,0.0,0.0,0.0,0.0,0.0,0.0,0.0,9.0,11
22500139,GSW,MIL,77.0,78.2,"('Brandin Podziemski', 'Draymond Green', 'Jimmy Butler III', 'Jonathan Kuminga', 'Stephen Curry')",0.4666666666666667,3,3,0,0,0,1,0,0,1,0,0,1.0,1.0,0.0,3.0,0.0,0.0,0.0,0.0,0.0,0.0,2.0,11
22500139,GSW,MIL,77.2,77.4,"('Al Horford', 'Brandin Podziemski', 'Jimmy Butler III', 'Moses Moody', 'Will Richard')",3.556666666666666,3,5,6,5,4,0,1,1,0,1,2,7.88,8.0,0.0,0.0,0.0,0.0,0.0,4.0,0.0,6.0,15.88,11
22500139,GSW,MIL,77.4,78.2,"('Al Horford', 'Buddy Hield', 'Jimmy Butler III', 'Jonathan Kuminga', 'Stephen Curry')",1.7333333333333334,2,5,3,3,2,0,0,0,0,1,1,5.32,4.44,0.0,0.0,2.0,2.0,0.0,0.0,0.0,0.0,9.76,11
22500139,GSW,MIL,77.0,78.2,"('Brandin Podziemski', 'Draymond Green', 'Jimmy Butler III', 'Jonathan Kuminga', 'Stephen Curry')",2.2766666666666664,2,7,6,3,1,2,1,2,0,0,1,6.88,5.0,0.0,0.0,5.0,2.0,2.0,2.0,0.0,6.0,11.88,11
22500139,GSW,MIL,77.2,78.2,"('Draymond Green', 'Gary Payton II', 'Jimmy Butler III', 'Jonathan Kuminga', 'Moses Moody')",0.3799999999999999,2,0,0,1,0,0,0,0,0,0,0,0.0,1.0,0.0,0.0,0.0,0.0,0.0,0.0,0.0,0.0,1.0,11
22500139,GSW,MIL,76.6,78.2,"('Al Horford', 'Buddy Hield', 'Gary Payton II', 'Jonathan Kuminga', 'Stephen Curry')",2.8833333333333333,2,9,4,3,4,1,1,1,0,1,2,6.32,7.0,0.0,3.0,0.0,0.0,0.0,0.0,2.0,4.0,13.32,11
22500139,GSW,MIL,78.6,78.2,"('Draymond Green', 'Jimmy Butler III', 'Jonathan Kuminga', 'Quinten Post', 'Stephen Curry')",4.866666666666665,3,12,12,4,2,4,2,2,1,3,1,9.88,10.0,2.0,0.0,0.0,10.0,0.0,0.0,0.0,6.0,19.880000000000003,11
22500139,GSW,MIL,76.6,77.4,"('Al Horford', 'Buddy Hield', 'Jimmy Butler III', 'Stephen Curry', 'Will Richard')",0.6,2,0,6,0,1,0,2,0,0,0,0,1.0,2.0,0.0,0.0,0.0,0.0,3.0,0.0,0.0,0.0,3.0,11
22500139,GSW,MIL,77.0,78.2,"('Brandin Podziemski', 'Draymond Green', 'Gary Payton II', 'Jimmy Butler III', 'Jonathan Kuminga')",0.0,2,0,0,0,0,0,0,0,0,0,0,0.0,0.0,0.0,0.0,0.0,0.0,0.0,0.0,0.0,0.0,0.0,11
22500139,GSW,MIL,77.2,77.4,"('Brandin Podziemski', 'Draymond Green', 'Gui Santos', 'Jimmy Butler III', 'Will Richard')",4.033333333333334,2,12,7,4,2,3,2,2,2,1,3,9.76,8.44,5.0,2.0,3.0,2.0,2.0,0.0,2.0,6.0,18.2,11
22500139,GSW,MIL,76.8,78.2,"('Brandin Podziemski', 'Draymond Green', 'Jonathan Kuminga', 'Moses Moody', 'Stephen Curry')",3.4666666666666672,1,8,14,1,0,2,3,3,1,2,2,8.0,8.76,0.0,2.0,0.0,8.0,3.0,0.0,0.0,4.0,16.759999999999998,11
22500139,GSW,MIL,77.0,78.4,"('Al Horford', 'Brandin Podziemski', 'Buddy Hield', 'Jimmy Butler III', 'Will Richard')",1.1733333333333331,1,0,5,0,1,0,1,0,0,0,0,2.0,2.0,0.0,0.0,0.0,0.0,0.0,0.0,0.0,2.0,4.0,11
22500139,GSW,MIL,77.4,78.2,"('Al Horford', 'Brandin Podziemski', 'Buddy Hield', 'Jimmy Butler III', 'Moses Moody')",2.4,1,6,5,1,2,2,1,0,2,0,0,6.0,5.0,2.0,4.0,0.0,6.0,0.0,0.0,0.0,2.0,11.0,11
22500139,GSW,MIL,76.6,78.4,"('Al Horford', 'Brandin Podziemski', 'Gary Payton II', 'Jimmy Butler III', 'Will Richard')",0.09,1,0,2,0,0,0,0,0,0,0,0,0.0,1.0,0.0,0.0,0.0,0.0,2.0,0.0,0.0,0.0,1.0,11
22500139,GSW,MIL,78.6,78.2,"('Draymond Green', 'Jimmy Butler III', 'Jonathan Kuminga', 'Quinten Post', 'Stephen Curry')",4.583333333333331,1,11,8,8,4,3,1,1,0,2,2,9.32,11.44,0.0,0.0,0.0,2.0,0.0,0.0,0.0,4.0,20.76,11
22500144,GSW,IND,77.0,78.4,"('Brandin Podziemski', 'Draymond Green', 'Jimmy Butler III', 'Jonathan Kuminga', 'Stephen Curry')",3.0500000000000003,2,6,9,2,5,2,2,1,1,0,1,6.44,6.44,0.0,2.0,2.0,2.0,2.0,3.0,3.0,2.0,12.88,12
22500144,GSW,IND,76.6,78.8,"('Al Horford', 'Brandin Podziemski', 'Buddy Hield', 'Gary Payton II', 'Moses Moody')",0.6833333333333333,1,0,1,0,1,0,0,0,0,0,0,1.0,1.44,0.0,0.0,0.0,0.0,0.0,0.0,0.0,0.0,2.44,12
22500144,GSW,IND,77.0,79.0,"('Brandin Podziemski', 'Draymond Green', 'Jimmy Butler III', 'Jonathan Kuminga', 'Stephen Curry')",5.599999999999999,1,18,16,5,5,4,3,1,2,1,3,13.2,14.0,4.0,4.0,0.0,10.0,0.0,2.0,0.0,10.0,27.2,12
22500144,GSW,IND,76.2,79.0,"('Buddy Hield', 'Draymond Green', 'Gary Payton II', 'Jonathan Kuminga', 'Stephen Curry')",2.5,1,7,3,6,2,1,0,2,0,1,1,6.88,6.44,3.0,0.0,0.0,2.0,0.0,0.0,0.0,2.0,13.32,12
22500144,GSW,IND,77.6,77.8,"('Al Horford', 'Brandin Podziemski', 'Buddy Hield', 'Gui Santos', 'Moses Moody')",2.3666666666666667,3,9,4,2,2,3,1,0,0,0,1,6.88,4.0,3.0,0.0,0.0,2.0,0.0,0.0,2.0,4.0,10.88,12
22500144,GSW,IND,77.0,78.4,"('Brandin Podziemski', 'Draymond Green', 'Jimmy Butler III', 'Jonathan Kuminga', 'Stephen Curry')",4.8,3,9,14,1,5,0,3,1,2,1,4,11.32,10.0,0.0,2.0,0.0,6.0,2.0,0.0,0.0,8.0,21.32,12
22500144,GSW,IND,77.4,78.6,"('Buddy Hield', 'Gary Payton II', 'Jonathan Kuminga', 'Quinten Post', 'Stephen Curry')",5.116666666666665,2,13,12,3,5,4,3,3,2,5,0,12.0,12.32,0.0,3.0,0.0,2.0,2.0,0.0,2.0,6.0,24.32,12
22500144,GSW,IND,78.6,78.8,"('Brandin Podziemski', 'Draymond Green', 'Jimmy Butler III', 'Moses Moody', 'Quinten Post')",0.7333333333333334,2,3,0,1,0,1,0,0,1,0,0,1.0,2.0,0.0,0.0,0.0,0.0,0.0,0.0,0.0,0.0,3.0,12
22500144,GSW,IND,76.4,78.4,"('Brandin Podziemski', 'Buddy Hield', 'Draymond Green', 'Jimmy Butler III', 'Stephen Curry')",0.0283333333333333,4,0,0,0,1,0,0,0,0,0,0,1.0,0.0,0.0,0.0,0.0,0.0,0.0,0.0,0.0,0.0,1.0,12
22500144,GSW,IND,79.2,78.8,"('Brandin Podziemski', 'Gui Santos', 'Jimmy Butler III', 'Jonathan Kuminga', 'Quinten Post')",2.75,4,9,7,4,1,2,0,0,0,3,0,4.0,3.2,0.0,3.0,4.0,6.0,0.0,0.0,2.0,2.0,7.2,12
22500144,GSW,IND,78.8,78.4,"('Draymond Green', 'Gui Santos', 'Jonathan Kuminga', 'Quinten Post', 'Stephen Curry')",1.2833333333333332,4,3,5,2,0,1,1,1,0,2,1,3.0,3.3200000000000003,0.0,0.0,3.0,0.0,2.0,0.0,0.0,2.0,6.32,12
22500144,GSW,IND,77.4,77.8,"('Al Horford', 'Brandin Podziemski', 'Buddy Hield', 'Jimmy Butler III', 'Moses Moody')",3.09,1,7,8,2,2,3,3,1,1,4,0,6.0,7.0,0.0,2.0,0.0,4.0,2.0,0.0,0.0,6.0,13.0,12
22500144,GSW,IND,77.0,78.4,"('Brandin Podziemski', 'Draymond Green', 'Jimmy Butler III', 'Jonathan Kuminga', 'Stephen Curry')",2.726666666666667,4,5,9,1,5,0,1,0,0,2,3,7.44,4.76,0.0,0.0,0.0,4.0,0.0,0.0,3.0,2.0,12.2,12
22500144,GSW,IND,78.0,78.8,"('Al Horford', 'Brandin Podziemski', 'Gui Santos', 'Jimmy Butler III', 'Moses Moody')",3.3200000000000003,3,12,5,3,1,2,0,1,1,3,2,7.32,7.32,0.0,0.0,0.0,2.0,0.0,0.0,0.0,2.0,14.64,12
22500144,GSW,IND,77.2,78.4,"('Buddy Hield', 'Draymond Green', 'Gui Santos', 'Jonathan Kuminga', 'Stephen Curry')",0.6166666666666667,3,0,2,0,0,0,0,1,0,2,0,1.0,0.88,0.0,0.0,0.0,0.0,0.0,0.0,0.0,0.0,1.88,12
22500144,GSW,IND,77.8,77.8,"('Al Horford', 'Brandin Podziemski', 'Draymond Green', 'Jimmy Butler III', 'Moses Moody')",2.9833333333333334,2,4,4,4,4,1,1,0,0,1,0,7.0,6.0,2.0,0.0,0.0,2.0,0.0,0.0,0.0,2.0,13.0,12
22500144,GSW,IND,78.6,78.4,"('Brandin Podziemski', 'Draymond Green', 'Jimmy Butler III', 'Moses Moody', 'Quinten Post')",2.716666666666667,4,4,3,4,4,1,1,1,2,2,2,5.88,7.44,0.0,0.0,0.0,2.0,0.0,0.0,0.0,2.0,13.32,12
22500144,GSW,IND,77.8,78.4,"('Al Horford', 'Draymond Green', 'Jimmy Butler III', 'Jonathan Kuminga', 'Stephen Curry')",1.8166666666666669,4,0,5,3,2,0,2,2,0,0,0,3.0,4.0,0.0,0.0,0.0,0.0,2.0,2.0,0.0,2.0,7.0,12
22500144,GSW,IND,77.6,78.4,"('Al Horford', 'Buddy Hield', 'Gui Santos', 'Jonathan Kuminga', 'Stephen Curry')",0.75,3,0,4,1,1,0,2,1,0,0,1,2.0,3.0,0.0,0.0,0.0,0.0,2.0,4.0,0.0,4.0,5.0,12
22500144,GSW,IND,76.6,78.4,"('Draymond Green', 'Gary Payton II', 'Jimmy Butler III', 'Jonathan Kuminga', 'Stephen Curry')",0.3233333333333333,4,0,3,0,1,0,1,0,0,0,0,1.0,1.0,0.0,0.0,0.0,0.0,0.0,0.0,0.0,0.0,2.0,12
22500169,GSW,PHX,77.2,77.6,"('Buddy Hield', 'Jimmy Butler III', 'Moses Moody', 'Pat Spencer', 'Trayce Jackson-Davis')",1.1833333333333331,2,5,3,1,2,1,1,0,1,1,1,2.44,3.0,0.0,2.0,2.0,4.0,0.0,0.0,3.0,0.0,5.44,13
22500169,GSW,PHX,78.6,78.8,"('Draymond Green', 'Jimmy Butler III', 'Jonathan Kuminga', 'Quinten Post', 'Stephen Curry')",6.299999999999999,1,17,13,8,9,5,2,1,0,1,0,13.0,15.88,5.0,0.0,0.0,2.0,0.0,2.0,2.0,4.0,28.880000000000003,13
22500169,GSW,PHX,77.6,77.2,"('Brandin Podziemski', 'Buddy Hield', 'Jimmy Butler III', 'Moses Moody', 'Trayce Jackson-Davis')",2.731666666666668,1,10,2,4,1,4,0,0,1,1,0,6.0,5.0,2.0,3.0,0.0,4.0,0.0,0.0,0.0,2.0,11.0,13
22500169,GSW,PHX,77.8,78.2,"('Buddy Hield', 'Draymond Green', 'Moses Moody', 'Quinten Post', 'Stephen Curry')",2.2666666666666666,4,3,9,1,2,1,2,1,0,1,1,4.0,4.44,0.0,0.0,0.0,0.0,0.0,0.0,3.0,2.0,8.440000000000001,13
22500169,GSW,PHX,78.4,78.4,"('Draymond Green', 'Jonathan Kuminga', 'Moses Moody', 'Quinten Post', 'Stephen Curry')",5.250000000000001,3,16,13,5,3,5,3,4,3,4,2,13.44,12.88,7.0,7.0,0.0,12.0,2.0,0.0,2.0,6.0,26.32,13
22500169,GSW,PHX,76.8,76.2,"('Brandin Podziemski', 'Draymond Green', 'Jonathan Kuminga', 'Moses Moody', 'Pat Spencer')",0.2833333333333333,3,0,2,0,0,0,1,1,0,0,0,1.0,1.0,0.0,0.0,0.0,0.0,0.0,0.0,0.0,0.0,2.0,13
22500169,GSW,PHX,77.4,77.2,"('Brandin Podziemski', 'Gui Santos', 'Moses Moody', 'Pat Spencer', 'Trayce Jackson-Davis')",0.3999999999999999,3,0,3,0,1,0,1,0,0,0,0,1.0,1.0,0.0,0.0,0.0,0.0,0.0,3.0,0.0,0.0,2.0,13
22500169,GSW,PHX,78.6,78.4,"('Brandin Podziemski', 'Draymond Green', 'Jimmy Butler III', 'Moses Moody', 'Quinten Post')",2.216666666666667,2,4,8,2,1,0,2,1,0,0,1,3.88,4.0,0.0,0.0,2.0,2.0,3.0,0.0,0.0,2.0,7.88,13
22500169,GSW,PHX,76.8,77.4,"('Brandin Podziemski', 'Buddy Hield', 'Moses Moody', 'Stephen Curry', 'Trayce Jackson-Davis')",0.5,1,0,0,1,1,0,0,0,0,0,0,1.0,1.0,0.0,0.0,0.0,0.0,0.0,0.0,0.0,0.0,2.0,13
22500169,GSW,PHX,76.8,78.2,"('Buddy Hield', 'Jonathan Kuminga', 'Pat Spencer', 'Stephen Curry', 'Trayce Jackson-Davis')",3.983333333333333,2,10,10,2,4,2,1,1,4,2,3,8.88,9.32,5.0,5.0,0.0,2.0,2.0,5.0,0.0,4.0,18.200000000000003,13
22500169,GSW,PHX,78.2,78.4,"('Draymond Green', 'Jimmy Butler III', 'Moses Moody', 'Pat Spencer', 'Quinten Post')",1.5166666666666666,2,8,0,3,0,3,0,1,0,0,0,4.0,3.0,3.0,0.0,0.0,2.0,0.0,0.0,0.0,0.0,7.0,13
22500169,GSW,PHX,76.8,78.4,"('Buddy Hield', 'Draymond Green', 'Jonathan Kuminga', 'Moses Moody', 'Stephen Curry')",3.0133333333333328,2,8,9,1,4,3,4,1,1,1,0,7.0,6.44,2.0,0.0,0.0,2.0,0.0,0.0,2.0,8.0,13.44,13
22500169,GSW,PHX,78.2,78.0,"('Brandin Podziemski', 'Draymond Green', 'Jonathan Kuminga', 'Quinten Post', 'Stephen Curry')",1.35,3,2,3,1,1,1,0,1,1,1,0,3.0,2.44,0.0,0.0,0.0,2.0,0.0,0.0,0.0,0.0,5.44,13
22500169,GSW,PHX,78.0,77.2,"('Brandin Podziemski', 'Jonathan Kuminga', 'Moses Moody', 'Pat Spencer', 'Quinten Post')",0.44,3,0,0,0,1,0,0,0,0,0,0,1.0,0.0,0.0,0.0,0.0,0.0,0.0,0.0,0.0,0.0,1.0,13
22500169,GSW,PHX,77.2,77.2,"('Brandin Podziemski', 'Buddy Hield', 'Gui Santos', 'Stephen Curry', 'Trayce Jackson-Davis')",2.2000000000000006,3,2,10,1,4,0,3,0,0,1,1,3.88,4.32,0.0,0.0,0.0,0.0,0.0,2.0,3.0,4.0,8.2,13
22500169,GSW,PHX,77.2,78.0,"('Brandin Podziemski', 'Draymond Green', 'Moses Moody', 'Stephen Curry', 'Trayce Jackson-Davis')",2.2166666666666672,1,6,4,3,2,2,1,0,1,0,0,6.0,5.0,0.0,2.0,2.0,4.0,0.0,0.0,0.0,4.0,11.0,13
22500169,GSW,PHX,77.8,78.2,"('Brandin Podziemski', 'Draymond Green', 'Moses Moody', 'Quinten Post', 'Stephen Curry')",5.766666666666667,4,20,5,5,6,4,2,1,3,2,5,11.08,12.0,0.0,0.0,0.0,4.0,0.0,0.0,0.0,2.0,23.08,13
22500169,GSW,PHX,78.4,78.2,"('Brandin Podziemski', 'Moses Moody', 'Pat Spencer', 'Quinten Post', 'Trayce Jackson-Davis')",0.2333333333333333,4,0,0,0,0,0,0,1,0,1,0,1.0,0.0,0.0,0.0,0.0,0.0,0.0,0.0,0.0,0.0,1.0,13
22500169,GSW,PHX,77.2,78.2,"('Brandin Podziemski', 'Buddy Hield', 'Draymond Green', 'Jonathan Kuminga', 'Moses Moody')",1.8333333333333337,4,3,8,0,3,1,0,0,0,1,1,4.44,3.44,0.0,0.0,0.0,2.0,0.0,0.0,2.0,4.0,7.879999999999999,13
22500169,GSW,PHX,77.4,78.2,"('Brandin Podziemski', 'Buddy Hield', 'Moses Moody', 'Pat Spencer', 'Quinten Post')",0.815,4,0,2,1,1,0,1,0,0,0,0,1.0,2.0,0.0,0.0,0.0,0.0,0.0,0.0,0.0,2.0,3.0,13
22500169,GSW,PHX,77.2,77.4,"('Brandin Podziemski', 'Buddy Hield', 'Jonathan Kuminga', 'Stephen Curry', 'Trayce Jackson-Davis')",0.1666666666666666,3,0,1,0,0,0,0,0,0,1,0,0.0,0.44,0.0,0.0,0.0,0.0,0.0,0.0,0.0,0.0,0.44,13
22500169,GSW,PHX,77.4,77.2,"('Brandin Podziemski', 'Jonathan Kuminga', 'Moses Moody', 'Pat Spencer', 'Trayce Jackson-Davis')",1.275,3,4,2,0,0,1,1,1,2,0,2,3.44,3.0,0.0,0.0,0.0,0.0,0.0,0.0,0.0,2.0,6.44,13
22500181,GSW,SAC,76.4,77.4,"('Al Horford', 'Buddy Hield', 'Moses Moody', 'Pat Spencer', 'Will Richard')",1.2566666666666668,3,0,4,2,3,0,1,1,1,1,0,4.0,4.88,0.0,0.0,0.0,0.0,0.0,2.0,0.0,2.0,8.879999999999999,14
22500181,GSW,SAC,77.2,77.4,"('Al Horford', 'Brandin Podziemski', 'Gary Payton II', 'Jonathan Kuminga', 'Moses Moody')",2.3683333333333336,2,5,6,2,2,1,2,1,1,0,1,5.44,5.44,0.0,0.0,0.0,2.0,3.0,3.0,0.0,2.0,10.88,14
22500181,GSW,SAC,78.2,77.2,"('Brandin Podziemski', 'Jonathan Kuminga', 'Moses Moody', 'Quinten Post', 'Will Richard')",5.616666666666665,3,13,14,6,6,5,2,2,2,6,3,13.0,15.2,0.0,0.0,2.0,4.0,0.0,2.0,0.0,6.0,28.2,14
22500181,GSW,SAC,77.2,77.6,"('Al Horford', 'Brandin Podziemski', 'Buddy Hield', 'Gui Santos', 'Will Richard')",0.4666666666666666,1,2,0,1,0,1,0,1,0,0,0,2.0,1.0,2.0,0.0,0.0,2.0,0.0,0.0,0.0,0.0,3.0,14
22500181,GSW,SAC,77.6,77.4,"('Al Horford', 'Buddy Hield', 'Gui Santos', 'Jonathan Kuminga', 'Pat Spencer')",1.1833333333333331,1,2,5,0,2,0,0,1,1,2,0,3.0,3.0,0.0,0.0,0.0,2.0,0.0,0.0,2.0,2.0,6.0,14
22500181,GSW,SAC,77.4,78.0,"('Al Horford', 'Brandin Podziemski', 'Gui Santos', 'Moses Moody', 'Will Richard')",1.35,1,2,2,1,2,0,0,0,1,0,1,3.88,3.0,0.0,0.0,0.0,0.0,0.0,0.0,0.0,2.0,6.88,14
22500181,GSW,SAC,77.4,77.8,"('Al Horford', 'Brandin Podziemski', 'Jonathan Kuminga', 'Moses Moody', 'Will Richard')",0.8333333333333334,1,3,0,1,0,1,0,0,1,0,1,1.44,2.0,2.0,0.0,0.0,2.0,0.0,0.0,0.0,0.0,3.44,14
22500181,GSW,SAC,78.2,77.2,"('Brandin Podziemski', 'Jonathan Kuminga', 'Moses Moody', 'Quinten Post', 'Will Richard')",4.983333333333333,1,16,11,2,3,4,3,1,3,0,2,10.44,10.0,0.0,3.0,0.0,4.0,0.0,2.0,0.0,6.0,20.44,14
22500181,GSW,SAC,78.6,77.2,"('Al Horford', 'Buddy Hield', 'Jonathan Kuminga', 'Pat Spencer', 'Quinten Post')",3.108333333333334,1,7,7,0,3,2,2,1,2,1,0,6.0,5.88,0.0,2.0,0.0,4.0,2.0,0.0,2.0,2.0,11.88,14
22500181,GSW,SAC,77.0,78.2,"('Al Horford', 'Jonathan Kuminga', 'Moses Moody', 'Pat Spencer', 'Will Richard')",1.7833333333333337,2,5,4,1,2,2,1,0,0,1,2,4.44,3.0,0.0,0.0,0.0,4.0,0.0,2.0,0.0,4.0,7.439999999999999,14
22500181,GSW,SAC,77.4,76.4,"('Al Horford', 'Brandin Podziemski', 'Jonathan Kuminga', 'Moses Moody', 'Will Richard')",0.6983333333333333,2,0,2,0,2,0,0,0,0,1,0,2.0,1.88,0.0,0.0,0.0,0.0,0.0,0.0,0.0,0.0,3.88,14
22500181,GSW,SAC,76.8,77.8,"('Al Horford', 'Gary Payton II', 'Jonathan Kuminga', 'Moses Moody', 'Pat Spencer')",0.0,2,0,0,0,0,0,0,0,0,0,0,0.0,0.0,0.0,0.0,0.0,0.0,0.0,0.0,0.0,0.0,0.0,14
22500181,GSW,SAC,78.2,77.2,"('Al Horford', 'Brandin Podziemski', 'Gary Payton II', 'Moses Moody', 'Quinten Post')",0.0,4,0,1,0,0,0,0,0,0,0,0,0.0,0.44,0.0,0.0,0.0,0.0,0.0,0.0,0.0,0.0,0.44,14
22500181,GSW,SAC,77.2,77.4,"('Brandin Podziemski', 'Gary Payton II', 'Moses Moody', 'Quinten Post', 'Will Richard')",1.1,4,2,4,1,1,0,1,0,0,0,1,1.88,3.0,0.0,0.0,0.0,0.0,0.0,0.0,0.0,2.0,4.88,14
22500181,GSW,SAC,77.6,76.4,"('Brandin Podziemski', 'Gui Santos', 'Moses Moody', 'Trayce Jackson-Davis', 'Will Richard')",3.800000000000001,2,11,10,6,5,3,3,0,1,2,0,8.0,9.32,3.0,0.0,5.0,2.0,0.0,2.0,0.0,4.0,17.32,14
22500181,GSW,SAC,76.6,78.4,"('Al Horford', 'Buddy Hield', 'Gary Payton II', 'Jonathan Kuminga', 'Pat Spencer')",3.183333333333334,2,9,10,3,1,2,2,2,1,2,1,6.88,8.0,2.0,2.0,0.0,4.0,5.0,2.0,0.0,4.0,14.88,14
22500181,GSW,SAC,76.4,78.0,"('Brandin Podziemski', 'Buddy Hield', 'Gary Payton II', 'Trayce Jackson-Davis', 'Will Richard')",0.9,3,1,6,1,1,0,2,2,0,1,0,3.44,3.88,0.0,0.0,0.0,0.0,2.0,2.0,0.0,4.0,7.32,14
22500181,GSW,SAC,77.4,78.0,"('Buddy Hield', 'Jonathan Kuminga', 'Moses Moody', 'Pat Spencer', 'Trayce Jackson-Davis')",1.5833333333333333,3,4,2,1,0,0,0,2,2,1,1,4.88,3.88,0.0,2.0,0.0,2.0,0.0,0.0,0.0,0.0,8.76,14
22500181,GSW,SAC,77.6,76.8,"('Brandin Podziemski', 'Gary Payton II', 'Jonathan Kuminga', 'Quinten Post', 'Will Richard')",0.5666666666666667,3,0,2,1,1,0,1,0,0,0,1,2.0,1.0,0.0,0.0,0.0,0.0,0.0,0.0,0.0,2.0,3.0,14
22500181,GSW,SAC,77.6,77.4,"('Brandin Podziemski', 'Jonathan Kuminga', 'Moses Moody', 'Trayce Jackson-Davis', 'Will Richard')",2.4000000000000004,4,5,4,3,1,2,1,2,0,2,0,4.0,3.88,0.0,0.0,2.0,2.0,0.0,0.0,0.0,2.0,7.88,14
22500181,GSW,SAC,78.4,76.8,"('Al Horford', 'Brandin Podziemski', 'Moses Moody', 'Quinten Post', 'Will Richard')",0.0983333333333333,4,0,0,0,0,0,0,1,0,0,1,1.0,0.0,0.0,0.0,0.0,0.0,0.0,0.0,0.0,0.0,1.0,14
22500181,GSW,SAC,77.2,77.2,"('Al Horford', 'Brandin Podziemski', 'Gary Payton II', 'Jonathan Kuminga', 'Moses Moody')",0.0,4,0,0,0,0,0,0,0,0,0,0,0.0,0.0,0.0,0.0,0.0,0.0,0.0,0.0,0.0,0.0,0.0,14
22500181,GSW,SAC,78.2,75.6,"('Brandin Podziemski', 'Jonathan Kuminga', 'Moses Moody', 'Quinten Post', 'Will Richard')",0.1066666666666666,4,2,1,1,0,0,0,0,0,0,0,1.0,0.44,0.0,0.0,2.0,2.0,0.0,0.0,0.0,0.0,1.44,14
22500181,GSW,SAC,77.2,77.6,"('Al Horford', 'Buddy Hield', 'Jonathan Kuminga', 'Moses Moody', 'Pat Spencer')",1.9833333333333332,3,5,7,1,1,1,1,0,0,2,1,2.88,3.3200000000000003,0.0,0.0,0.0,0.0,0.0,0.0,0.0,4.0,6.2,14
22500181,GSW,SAC,76.0,77.2,"('Al Horford', 'Gary Payton II', 'Moses Moody', 'Pat Spencer', 'Will Richard')",0.8000000000000002,4,0,5,0,2,0,1,0,0,0,0,1.0,2.0,0.0,0.0,0.0,0.0,3.0,0.0,2.0,2.0,3.0,14
22500181,GSW,SAC,76.2,75.6,"('Brandin Podziemski', 'Gary Payton II', 'Jonathan Kuminga', 'Moses Moody', 'Will Richard')",0.0683333333333333,4,0,2,0,0,0,0,0,0,2,0,0.0,0.88,0.0,0.0,0.0,0.0,0.0,0.0,0.0,0.0,0.88,14
22500181,GSW,SAC,76.4,77.4,"('Al Horford', 'Brandin Podziemski', 'Gary Payton II', 'Moses Moody', 'Will Richard')",2.4000000000000004,4,12,4,3,2,2,2,1,0,1,1,6.88,5.0,5.0,0.0,0.0,2.0,0.0,0.0,0.0,4.0,11.88,14
22500181,GSW,SAC,77.4,77.2,"('Al Horford', 'Brandin Podziemski', 'Jonathan Kuminga', 'Moses Moody', 'Will Richard')",2.9266666666666667,4,10,2,5,3,2,1,0,0,1,1,5.88,5.0,3.0,0.0,2.0,2.0,0.0,0.0,0.0,0.0,10.88,14
22500181,GSW,SAC,77.0,77.2,"('Al Horford', 'Jonathan Kuminga', 'Moses Moody', 'Pat Spencer', 'Will Richard')",1.9333333333333331,4,0,6,2,4,0,1,0,0,0,0,4.0,3.0,0.0,0.0,0.0,0.0,0.0,0.0,3.0,0.0,7.0,14
22500196,GSW,IND,78.0,78.8,"('Brandin Podziemski', 'Draymond Green', 'Moses Moody', 'Quinten Post', 'Will Richard')",0.8166666666666667,3,1,2,0,1,0,0,1,0,1,1,2.44,1.88,0.0,0.0,0.0,0.0,0.0,0.0,0.0,0.0,4.32,15
22500196,GSW,IND,78.2,77.6,"('Draymond Green', 'Jimmy Butler III', 'Moses Moody', 'Pat Spencer', 'Quinten Post')",2.716666666666667,2,6,2,2,2,1,1,1,2,0,1,5.88,7.0,2.0,0.0,0.0,2.0,0.0,0.0,0.0,2.0,12.88,15
22500196,GSW,IND,77.6,78.4,"('Draymond Green', 'Moses Moody', 'Pat Spencer', 'Quinten Post', 'Will Richard')",0.6833333333333333,2,0,2,0,1,0,0,0,0,2,0,1.0,2.0,0.0,0.0,0.0,0.0,0.0,0.0,0.0,2.0,3.0,15
22500196,GSW,IND,79.0,80.4,"('Brandin Podziemski', 'Draymond Green', 'Jimmy Butler III', 'Jonathan Kuminga', 'Quinten Post')",6.0666666666666655,3,11,17,9,8,1,4,1,0,3,4,13.32,13.0,2.0,0.0,0.0,8.0,3.0,0.0,0.0,2.0,26.32,15
22500196,GSW,IND,77.4,78.4,"('Buddy Hield', 'Draymond Green', 'Pat Spencer', 'Quinten Post', 'Will Richard')",0.8333333333333333,2,3,2,1,0,1,1,0,0,0,1,1.44,2.0,0.0,0.0,0.0,2.0,0.0,0.0,0.0,2.0,3.44,15
22500196,GSW,IND,77.2,77.8,"('Brandin Podziemski', 'Draymond Green', 'Jimmy Butler III', 'Jonathan Kuminga', 'Will Richard')",3.043333333333333,2,8,3,3,2,0,1,0,1,1,1,5.88,5.0,0.0,2.0,0.0,6.0,0.0,0.0,0.0,0.0,10.88,15
22500196,GSW,IND,78.0,77.4,"('Brandin Podziemski', 'Buddy Hield', 'Jonathan Kuminga', 'Quinten Post', 'Will Richard')",0.2666666666666666,2,0,0,1,1,0,0,0,0,1,0,2.0,1.0,0.0,0.0,0.0,0.0,0.0,0.0,0.0,0.0,3.0,15
22500196,GSW,IND,77.2,79.0,"('Al Horford', 'Brandin Podziemski', 'Buddy Hield', 'Jonathan Kuminga', 'Will Richard')",3.683333333333333,2,7,9,3,4,1,3,1,2,0,2,9.32,9.0,0.0,0.0,0.0,2.0,0.0,4.0,0.0,4.0,18.32,15
22500196,GSW,IND,77.4,77.8,"('Draymond Green', 'Jimmy Butler III', 'Jonathan Kuminga', 'Moses Moody', 'Will Richard')",0.065,2,0,1,0,0,0,0,0,0,1,0,0.0,0.44,0.0,0.0,0.0,0.0,0.0,0.0,0.0,0.0,0.44,15
22500196,GSW,IND,78.6,78.2,"('Brandin Podziemski', 'Moses Moody', 'Quinten Post', 'Trayce Jackson-Davis', 'Will Richard')",1.1,4,5,0,1,1,1,0,0,2,0,0,3.44,3.0,4.0,4.0,0.0,4.0,0.0,0.0,0.0,0.0,6.44,15
22500196,GSW,IND,78.0,78.2,"('Brandin Podziemski', 'Draymond Green', 'Moses Moody', 'Quinten Post', 'Will Richard')",3.1333333333333337,4,10,2,5,2,2,0,0,2,1,4,5.32,7.0,0.0,2.0,0.0,2.0,0.0,0.0,2.0,2.0,12.32,15
22500196,GSW,IND,78.4,78.8,"('Al Horford', 'Brandin Podziemski', 'Moses Moody', 'Quinten Post', 'Will Richard')",1.2,3,4,2,1,1,1,1,0,1,0,0,2.44,3.0,0.0,3.0,3.0,0.0,0.0,0.0,0.0,2.0,5.44,15
22500196,GSW,IND,77.0,79.0,"('Al Horford', 'Buddy Hield', 'Jimmy Butler III', 'Moses Moody', 'Pat Spencer')",3.754999999999999,3,10,3,6,5,1,1,1,2,2,5,9.76,9.44,0.0,3.0,0.0,0.0,0.0,0.0,0.0,2.0,19.200000000000003,15
22500196,GSW,IND,76.8,78.2,"('Buddy Hield', 'Gary Payton II', 'Gui Santos', 'Pat Spencer', 'Trayce Jackson-Davis')",3.558333333333332,4,9,5,3,5,4,1,0,2,2,1,8.0,8.0,0.0,4.0,0.0,6.0,0.0,0.0,0.0,2.0,16.0,15
22500196,GSW,IND,77.2,78.6,"('Al Horford', 'Brandin Podziemski', 'Jimmy Butler III', 'Moses Moody', 'Will Richard')",3.483333333333334,4,15,11,2,4,4,3,1,1,1,1,8.440000000000001,8.0,2.0,2.0,0.0,4.0,2.0,0.0,5.0,8.0,16.44,15
22500196,GSW,IND,77.0,78.8,"('Al Horford', 'Buddy Hield', 'Jimmy Butler III', 'Moses Moody', 'Pat Spencer')",4.1866666666666665,1,8,12,4,9,2,4,1,1,0,0,9.0,10.0,0.0,0.0,5.0,2.0,2.0,2.0,3.0,6.0,19.0,15
22500196,GSW,IND,78.6,78.8,"('Brandin Podziemski', 'Buddy Hield', 'Draymond Green', 'Jonathan Kuminga', 'Quinten Post')",1.7666666666666666,1,1,3,3,0,0,0,2,0,1,1,2.44,3.3200000000000003,0.0,0.0,0.0,0.0,0.0,0.0,0.0,0.0,5.76,15
22500196,GSW,IND,77.6,78.6,"('Al Horford', 'Brandin Podziemski', 'Jimmy Butler III', 'Jonathan Kuminga', 'Will Richard')",0.35,2,1,0,0,0,0,0,0,0,0,1,1.44,0.0,0.0,0.0,0.0,0.0,0.0,0.0,0.0,0.0,1.44,15
22500196,GSW,IND,76.6,77.8,"('Brandin Podziemski', 'Buddy Hield', 'Draymond Green', 'Jimmy Butler III', 'Will Richard')",0.01,2,0,1,0,0,0,0,0,0,0,0,1.0,0.44,0.0,0.0,0.0,0.0,0.0,0.0,0.0,0.0,1.44,15
22500196,GSW,IND,77.4,78.8,"('Al Horford', 'Brandin Podziemski', 'Buddy Hield', 'Jimmy Butler III', 'Moses Moody')",1.1333333333333333,1,0,0,1,2,0,0,0,0,0,0,3.0,2.0,0.0,0.0,0.0,0.0,0.0,0.0,0.0,0.0,5.0,15
22500196,GSW,IND,77.2,78.6,"('Al Horford', 'Buddy Hield', 'Jimmy Butler III', 'Moses Moody', 'Will Richard')",0.065,3,1,0,0,0,0,0,0,1,0,0,1.44,1.0,0.0,0.0,0.0,0.0,0.0,0.0,0.0,0.0,2.44,15
22500196,GSW,IND,79.0,79.4,"('Brandin Podziemski', 'Draymond Green', 'Jimmy Butler III', 'Jonathan Kuminga', 'Quinten Post')",4.8,1,14,6,5,5,3,1,1,3,0,2,12.44,10.0,2.0,4.0,3.0,4.0,2.0,2.0,2.0,6.0,22.44,15
22500210,GSW,OKC,78.2,79.6,"('Brandin Podziemski', 'Draymond Green', 'Jonathan Kuminga', 'Quinten Post', 'Stephen Curry')",0.75,1,3,0,1,0,1,0,1,0,1,0,2.0,1.0,0.0,0.0,0.0,0.0,0.0,0.0,0.0,0.0,3.0,16
22500210,GSW,OKC,77.6,77.6,"('Draymond Green', 'Gary Payton II', 'Jimmy Butler III', 'Moses Moody', 'Trayce Jackson-Davis')",0.0166666666666666,1,0,0,0,0,0,0,0,1,0,0,0.0,1.0,0.0,0.0,0.0,0.0,0.0,0.0,0.0,0.0,1.0,16
22500210,GSW,OKC,76.8,79.0,"('Brandin Podziemski', 'Draymond Green', 'Jonathan Kuminga', 'Moses Moody', 'Stephen Curry')",1.4500000000000002,1,0,3,1,3,0,1,0,1,0,1,3.0,4.0,0.0,0.0,0.0,0.0,0.0,3.0,0.0,0.0,7.0,16
22500210,GSW,OKC,77.6,79.0,"('Brandin Podziemski', 'Draymond Green', 'Jimmy Butler III', 'Jonathan Kuminga', 'Moses Moody')",2.166666666666667,2,4,2,3,1,1,1,1,0,1,2,5.44,4.0,0.0,0.0,3.0,0.0,2.0,0.0,0.0,2.0,9.44,16
22500210,GSW,OKC,78.6,80.6,"('Brandin Podziemski', 'Draymond Green', 'Jimmy Butler III', 'Moses Moody', 'Quinten Post')",3.183333333333333,2,4,10,2,4,1,3,2,1,2,1,7.44,7.0,0.0,0.0,0.0,0.0,3.0,3.0,0.0,4.0,14.44,16
22500210,GSW,OKC,76.4,78.6,"('Buddy Hield', 'Draymond Green', 'Jonathan Kuminga', 'Stephen Curry', 'Will Richard')",1.25,2,2,4,0,1,1,1,0,1,0,0,3.0,3.0,0.0,0.0,0.0,2.0,0.0,0.0,0.0,4.0,6.0,16
22500210,GSW,OKC,77.8,79.0,"('Gary Payton II', 'Jimmy Butler III', 'Jonathan Kuminga', 'Moses Moody', 'Trayce Jackson-Davis')",0.3266666666666667,2,1,0,0,0,0,0,0,0,0,0,0.44,1.0,0.0,0.0,0.0,0.0,0.0,0.0,0.0,0.0,1.44,16
22500210,GSW,OKC,77.0,78.2,"('Buddy Hield', 'Jonathan Kuminga', 'Stephen Curry', 'Trayce Jackson-Davis', 'Will Richard')",0.8999999999999999,2,6,6,0,0,2,2,0,1,1,0,2.0,3.44,3.0,3.0,0.0,0.0,0.0,0.0,0.0,2.0,5.44,16
22500210,GSW,OKC,76.6,79.0,"('Gary Payton II', 'Jonathan Kuminga', 'Stephen Curry', 'Trayce Jackson-Davis', 'Will Richard')",2.033333333333333,2,2,4,1,0,0,0,1,0,0,1,3.0,3.0,0.0,0.0,0.0,0.0,2.0,0.0,0.0,2.0,6.0,16
22500210,GSW,OKC,76.6,79.0,"('Draymond Green', 'Gary Payton II', 'Jimmy Butler III', 'Jonathan Kuminga', 'Stephen Curry')",0.5833333333333333,2,0,0,1,1,0,0,0,0,0,1,1.0,1.0,0.0,0.0,0.0,0.0,0.0,0.0,0.0,0.0,2.0,16
22500210,GSW,OKC,76.8,78.2,"('Buddy Hield', 'Gary Payton II', 'Jonathan Kuminga', 'Stephen Curry', 'Trayce Jackson-Davis')",0.0,2,0,0,0,0,0,0,0,0,0,0,0.0,0.0,0.0,0.0,0.0,0.0,0.0,0.0,0.0,0.0,0.0,16
22500210,GSW,OKC,77.0,79.0,"('Brandin Podziemski', 'Draymond Green', 'Jimmy Butler III', 'Jonathan Kuminga', 'Stephen Curry')",1.3,2,0,3,0,3,0,0,2,2,1,0,4.0,3.3200000000000003,0.0,0.0,0.0,0.0,0.0,0.0,0.0,0.0,7.32,16
22500210,GSW,OKC,76.8,79.0,"('Brandin Podziemski', 'Draymond Green', 'Jonathan Kuminga', 'Moses Moody', 'Stephen Curry')",1.0,3,2,6,1,1,0,1,1,0,2,0,3.0,4.76,0.0,0.0,0.0,2.0,0.0,0.0,0.0,2.0,7.76,16
22500210,GSW,OKC,77.8,79.4,"('Brandin Podziemski', 'Buddy Hield', 'Jonathan Kuminga', 'Moses Moody', 'Trayce Jackson-Davis')",2.083333333333333,3,2,7,1,0,1,2,4,0,1,0,5.0,4.88,0.0,0.0,0.0,2.0,2.0,0.0,0.0,2.0,9.88,16
22500210,GSW,OKC,78.6,79.6,"('Draymond Green', 'Jimmy Butler III', 'Jonathan Kuminga', 'Quinten Post', 'Stephen Curry')",4.416666666666668,3,12,14,0,5,2,6,1,2,2,4,9.2,9.0,0.0,0.0,0.0,4.0,2.0,2.0,5.0,8.0,18.2,16
22500210,GSW,OKC,77.0,78.2,"('Brandin Podziemski', 'Buddy Hield', 'Moses Moody', 'Trayce Jackson-Davis', 'Will Richard')",3.69,3,10,15,1,3,1,3,1,1,2,2,7.76,8.32,0.0,0.0,0.0,0.0,3.0,2.0,5.0,6.0,16.08,16
22500210,GSW,OKC,77.2,79.6,"('Draymond Green', 'Jimmy Butler III', 'Jonathan Kuminga', 'Moses Moody', 'Stephen Curry')",0.7166666666666667,3,2,2,0,2,1,0,0,1,1,0,2.0,2.0,0.0,0.0,0.0,2.0,0.0,0.0,0.0,2.0,4.0,16
22500210,GSW,OKC,76.6,78.2,"('Gary Payton II', 'Gui Santos', 'Pat Spencer', 'Trayce Jackson-Davis', 'Will Richard')",7.988333333333332,4,18,16,10,7,3,3,1,2,6,3,16.759999999999998,17.64,5.0,2.0,0.0,8.0,0.0,0.0,4.0,2.0,34.4,16
22500210,GSW,OKC,77.2,78.2,"('Gary Payton II', 'Gui Santos', 'Pat Spencer', 'Quinten Post', 'Will Richard')",3.75,4,12,3,3,1,4,1,1,2,1,2,8.879999999999999,7.0,2.0,7.0,2.0,4.0,0.0,0.0,0.0,0.0,15.88,16
22500210,GSW,OKC,76.4,77.6,"('Draymond Green', 'Jimmy Butler III', 'Moses Moody', 'Stephen Curry', 'Will Richard')",0.1183333333333333,1,0,4,0,0,0,0,0,0,1,0,0.0,1.76,0.0,0.0,0.0,0.0,0.0,0.0,0.0,0.0,1.76,16
22500210,GSW,OKC,78.6,79.6,"('Draymond Green', 'Jimmy Butler III', 'Jonathan Kuminga', 'Quinten Post', 'Stephen Curry')",4.433333333333334,1,11,15,2,4,4,3,0,2,1,1,9.0,10.0,2.0,4.0,0.0,8.0,0.0,0.0,0.0,6.0,19.0,16
22500210,GSW,OKC,77.6,77.8,"('Brandin Podziemski', 'Buddy Hield', 'Jimmy Butler III', 'Moses Moody', 'Trayce Jackson-Davis')",3.1,1,9,6,3,2,1,2,1,2,1,2,7.32,6.44,2.0,4.0,0.0,6.0,0.0,0.0,0.0,0.0,13.760000000000002,16
22500210,GSW,OKC,76.8,79.0,"('Brandin Podziemski', 'Buddy Hield', 'Moses Moody', 'Stephen Curry', 'Trayce Jackson-Davis')",0.3666666666666667,1,0,2,1,0,0,0,2,0,1,0,2.0,2.0,0.0,0.0,0.0,0.0,2.0,2.0,0.0,2.0,4.0,16
22500210,GSW,OKC,77.4,78.8,"('Brandin Podziemski', 'Jimmy Butler III', 'Moses Moody', 'Trayce Jackson-Davis', 'Will Richard')",1.3416666666666666,1,2,4,1,2,0,0,1,0,3,1,1.88,2.88,0.0,0.0,0.0,0.0,2.0,0.0,0.0,2.0,4.76,16
22500220,GSW,SAS,76.4,80.6,"('Al Horford', 'Brandin Podziemski', 'Gary Payton II', 'Jimmy Butler III', 'Stephen Curry')",0.195,4,0,3,0,1,0,1,0,0,0,0,0.0,1.0,0.0,0.0,0.0,0.0,0.0,0.0,3.0,0.0,1.0,17
22500220,GSW,SAS,76.6,79.0,"('Al Horford', 'Brandin Podziemski', 'Jimmy Butler III', 'Stephen Curry', 'Will Richard')",1.566666666666667,4,5,6,2,1,1,2,2,0,1,1,5.0,4.0,0.0,0.0,0.0,2.0,0.0,3.0,0.0,0.0,9.0,17
22500220,GSW,SAS,77.2,79.6,"('Al Horford', 'Brandin Podziemski', 'Jimmy Butler III', 'Moses Moody', 'Will Richard')",1.3833333333333333,4,4,2,3,1,1,0,1,0,0,1,2.44,3.0,0.0,0.0,0.0,0.0,2.0,0.0,2.0,2.0,5.44,17
22500220,GSW,SAS,77.0,79.4,"('Al Horford', 'Brandin Podziemski', 'Jimmy Butler III', 'Moses Moody', 'Stephen Curry')",0.0749999999999999,4,2,3,0,1,0,0,0,0,0,2,0.88,1.44,0.0,0.0,0.0,0.0,0.0,0.0,2.0,2.0,2.32,17
22500220,GSW,SAS,75.6,80.0,"('Draymond Green', 'Gary Payton II', 'Moses Moody', 'Stephen Curry', 'Will Richard')",2.033333333333333,3,10,6,3,2,1,1,0,0,1,3,5.08,5.44,0.0,0.0,0.0,0.0,0.0,3.0,2.0,2.0,10.52,17
22500220,GSW,SAS,76.0,78.8,"('Al Horford', 'Brandin Podziemski', 'Buddy Hield', 'Gary Payton II', 'Stephen Curry')",2.0166666666666666,3,6,7,1,2,2,1,1,2,0,0,4.0,5.0,2.0,2.0,0.0,2.0,0.0,0.0,2.0,2.0,9.0,17
22500220,GSW,SAS,76.4,79.4,"('Draymond Green', 'Jimmy Butler III', 'Moses Moody', 'Stephen Curry', 'Will Richard')",4.4,3,12,11,5,4,3,2,2,0,4,2,12.32,8.64,0.0,0.0,3.0,0.0,2.0,0.0,0.0,2.0,20.96,17
22500220,GSW,SAS,77.8,80.0,"('Al Horford', 'Brandin Podziemski', 'Buddy Hield', 'Jimmy Butler III', 'Jonathan Kuminga')",2.65,1,0,5,1,4,0,1,0,1,1,0,4.0,6.0,0.0,0.0,0.0,0.0,0.0,0.0,3.0,2.0,10.0,17
22500220,GSW,SAS,77.0,79.4,"('Al Horford', 'Jonathan Kuminga', 'Moses Moody', 'Stephen Curry', 'Will Richard')",1.25,1,0,3,1,1,0,1,1,1,1,1,2.0,3.0,0.0,0.0,0.0,0.0,3.0,0.0,0.0,0.0,5.0,17
22500220,GSW,SAS,76.4,79.4,"('Draymond Green', 'Jimmy Butler III', 'Moses Moody', 'Stephen Curry', 'Will Richard')",4.716666666666666,1,11,14,4,6,3,4,2,1,2,0,11.0,10.88,0.0,0.0,0.0,2.0,0.0,2.0,2.0,6.0,21.880000000000003,17
22500220,GSW,SAS,77.0,79.4,"('Al Horford', 'Brandin Podziemski', 'Buddy Hield', 'Jonathan Kuminga', 'Stephen Curry')",2.9166666666666674,1,3,6,3,8,1,0,0,1,0,0,8.0,7.0,0.0,0.0,0.0,0.0,0.0,2.0,2.0,6.0,15.0,17
22500220,GSW,SAS,78.6,79.6,"('Brandin Podziemski', 'Draymond Green', 'Jimmy Butler III', 'Moses Moody', 'Quinten Post')",3.816666666666666,2,14,12,2,3,3,3,0,2,2,2,8.32,8.88,0.0,2.0,0.0,0.0,3.0,0.0,0.0,2.0,17.200000000000003,17
22500220,GSW,SAS,76.8,79.8,"('Al Horford', 'Draymond Green', 'Moses Moody', 'Stephen Curry', 'Will Richard')",0.05,2,0,0,0,0,0,0,0,0,0,1,0.0,0.0,0.0,0.0,0.0,0.0,0.0,0.0,0.0,0.0,0.0,17
22500220,GSW,SAS,76.4,79.4,"('Al Horford', 'Buddy Hield', 'Moses Moody', 'Stephen Curry', 'Will Richard')",1.8333333333333333,2,9,6,2,1,3,2,0,0,1,2,5.0,5.0,0.0,0.0,0.0,6.0,0.0,2.0,0.0,6.0,10.0,17
22500220,GSW,SAS,76.6,79.4,"('Brandin Podziemski', 'Draymond Green', 'Jimmy Butler III', 'Moses Moody', 'Stephen Curry')",0.1383333333333333,2,0,0,0,0,0,0,0,0,0,0,1.0,0.0,0.0,0.0,0.0,0.0,0.0,0.0,0.0,0.0,1.0,17
22500220,GSW,SAS,77.4,79.4,"('Al Horford', 'Buddy Hield', 'Jimmy Butler III', 'Jonathan Kuminga', 'Stephen Curry')",0.4333333333333333,2,0,2,0,0,0,1,0,0,0,1,1.0,1.0,0.0,0.0,0.0,0.0,2.0,0.0,0.0,2.0,2.0,17
22500220,GSW,SAS,77.0,79.4,"('Brandin Podziemski', 'Draymond Green', 'Jimmy Butler III', 'Jonathan Kuminga', 'Stephen Curry')",2.716666666666667,2,9,0,4,2,3,0,0,2,0,1,5.88,6.0,2.0,2.0,0.0,2.0,0.0,0.0,0.0,0.0,11.88,17
22500220,GSW,SAS,76.6,79.4,"('Buddy Hield', 'Draymond Green', 'Gary Payton II', 'Jimmy Butler III', 'Moses Moody')",0.2916666666666667,2,0,0,0,0,0,0,0,1,0,0,0.0,1.0,0.0,0.0,0.0,0.0,0.0,0.0,0.0,0.0,1.0,17
22500220,GSW,SAS,76.8,79.4,"('Al Horford', 'Buddy Hield', 'Jonathan Kuminga', 'Stephen Curry', 'Will Richard')",1.8333333333333333,2,3,8,0,0,0,3,3,0,0,1,5.32,4.0,0.0,0.0,0.0,0.0,4.0,2.0,0.0,6.0,9.32,17
22500220,GSW,SAS,75.8,79.4,"('Brandin Podziemski', 'Draymond Green', 'Gary Payton II', 'Moses Moody', 'Stephen Curry')",0.4666666666666667,3,4,0,1,0,1,0,0,0,0,0,1.44,1.0,0.0,0.0,0.0,0.0,0.0,0.0,0.0,0.0,2.44,17
22500220,GSW,SAS,76.2,80.6,"('Draymond Green', 'Gary Payton II', 'Jimmy Butler III', 'Moses Moody', 'Stephen Curry')",2.0333333333333337,4,5,7,2,2,1,2,0,0,0,1,2.88,3.0,0.0,0.0,3.0,0.0,0.0,0.0,2.0,4.0,5.88,17
22500220,GSW,SAS,76.0,80.6,"('Brandin Podziemski', 'Draymond Green', 'Gary Payton II', 'Jimmy Butler III', 'Stephen Curry')",2.6266666666666665,4,7,2,3,3,3,0,1,2,1,0,6.0,5.0,0.0,2.0,2.0,4.0,0.0,0.0,2.0,2.0,11.0,17
22500220,GSW,SAS,76.8,79.6,"('Brandin Podziemski', 'Draymond Green', 'Jimmy Butler III', 'Moses Moody', 'Will Richard')",0.95,4,3,2,0,1,0,1,1,1,1,0,3.0,2.0,0.0,0.0,0.0,0.0,0.0,0.0,0.0,2.0,5.0,17
22500220,GSW,SAS,76.8,81.0,"('Al Horford', 'Brandin Podziemski', 'Buddy Hield', 'Gary Payton II', 'Jimmy Butler III')",3.083333333333333,3,11,4,2,1,3,1,0,2,0,2,7.76,6.0,2.0,4.0,2.0,4.0,0.0,0.0,0.0,2.0,13.76,17
22500220,GSW,SAS,76.2,79.4,"('Brandin Podziemski', 'Buddy Hield', 'Jimmy Butler III', 'Moses Moody', 'Stephen Curry')",0.055,4,1,0,0,0,0,0,0,0,0,2,0.44,0.0,0.0,0.0,0.0,0.0,0.0,0.0,0.0,0.0,0.44,17
22500220,GSW,SAS,75.8,80.8,"('Al Horford', 'Brandin Podziemski', 'Gary Payton II', 'Stephen Curry', 'Will Richard')",1.5000000000000002,4,3,2,1,2,1,1,0,2,0,0,3.0,4.0,0.0,0.0,0.0,0.0,0.0,0.0,0.0,2.0,7.0,17
22500220,GSW,SAS,75.8,79.4,"('Brandin Podziemski', 'Gary Payton II', 'Jimmy Butler III', 'Moses Moody', 'Stephen Curry')",0.1966666666666666,4,2,2,0,1,0,0,0,0,2,0,0.88,1.88,0.0,0.0,0.0,0.0,0.0,0.0,0.0,0.0,2.76,17
22500220,GSW,SAS,77.0,79.4,"('Al Horford', 'Brandin Podziemski', 'Gary Payton II', 'Jimmy Butler III', 'Moses Moody')",0.0316666666666666,4,1,2,0,0,0,1,0,0,0,0,0.44,1.0,0.0,0.0,0.0,0.0,0.0,0.0,0.0,0.0,1.44,17
22500220,GSW,SAS,77.8,79.6,"('Al Horford', 'Brandin Podziemski', 'Draymond Green', 'Jimmy Butler III', 'Moses Moody')",1.383333333333333,4,0,5,0,2,0,2,1,2,1,1,3.0,4.0,0.0,0.0,0.0,0.0,0.0,0.0,0.0,0.0,7.0,17
22500237,GSW,NOP,76.0,78.8,"('Al Horford', 'Brandin Podziemski', 'Buddy Hield', 'Gary Payton II', 'Stephen Curry')",1.3833333333333335,3,4,2,2,4,1,0,0,1,1,1,3.44,3.0,0.0,3.0,0.0,0.0,0.0,0.0,2.0,2.0,6.44,18
22500237,GSW,NOP,76.6,79.4,"('Brandin Podziemski', 'Draymond Green', 'Jimmy Butler III', 'Moses Moody', 'Stephen Curry')",3.1383333333333336,2,8,2,3,4,1,0,2,2,1,1,7.88,6.88,2.0,2.0,0.0,6.0,0.0,0.0,0.0,0.0,14.76,18
22500237,GSW,NOP,76.8,79.4,"('Al Horford', 'Brandin Podziemski', 'Buddy Hield', 'Jimmy Butler III', 'Stephen Curry')",0.7166666666666667,2,0,2,0,2,0,1,0,0,0,1,1.0,1.0,0.0,0.0,0.0,0.0,0.0,0.0,2.0,2.0,2.0,18
22500237,GSW,NOP,77.4,78.8,"('Al Horford', 'Brandin Podziemski', 'Buddy Hield', 'Jimmy Butler III', 'Moses Moody')",2.7783333333333338,3,5,6,1,3,2,1,1,1,1,0,5.0,4.44,2.0,2.0,0.0,2.0,2.0,0.0,2.0,2.0,9.44,18
22500237,GSW,NOP,76.4,79.4,"('Draymond Green', 'Jimmy Butler III', 'Moses Moody', 'Stephen Curry', 'Will Richard')",4.466666666666666,3,12,4,8,2,4,0,5,3,3,1,11.0,12.0,2.0,4.0,2.0,6.0,2.0,0.0,2.0,4.0,23.0,18
22500237,GSW,NOP,76.2,78.6,"('Al Horford', 'Brandin Podziemski', 'Gary Payton II', 'Moses Moody', 'Stephen Curry')",1.5500000000000005,3,1,4,0,4,0,0,0,2,0,1,4.44,4.0,0.0,0.0,0.0,0.0,0.0,0.0,2.0,4.0,8.44,18
22500237,GSW,NOP,77.0,79.2,"('Buddy Hield', 'Gui Santos', 'Pat Spencer', 'Trayce Jackson-Davis', 'Will Richard')",3.0066666666666677,4,10,14,4,4,3,1,2,0,4,0,8.0,9.64,3.0,0.0,2.0,2.0,2.0,2.0,4.0,8.0,17.64,18
22500237,GSW,NOP,76.8,78.0,"('Al Horford', 'Buddy Hield', 'Gui Santos', 'Pat Spencer', 'Will Richard')",1.6833333333333331,4,6,6,0,1,2,2,1,0,1,0,4.0,2.88,0.0,0.0,0.0,0.0,0.0,0.0,0.0,4.0,6.88,18
22500237,GSW,NOP,78.6,79.0,"('Brandin Podziemski', 'Draymond Green', 'Jimmy Butler III', 'Moses Moody', 'Quinten Post')",4.883333333333332,4,17,11,3,1,4,4,2,1,2,3,10.2,11.44,2.0,2.0,0.0,6.0,4.0,2.0,0.0,8.0,21.64,18
22500237,GSW,NOP,76.0,79.0,"('Al Horford', 'Brandin Podziemski', 'Buddy Hield', 'Gary Payton II', 'Stephen Curry')",2.3166666666666664,4,6,4,0,1,1,2,0,2,0,0,4.0,4.0,0.0,3.0,3.0,0.0,0.0,0.0,0.0,4.0,8.0,18
22500237,GSW,NOP,78.6,77.6,"('Brandin Podziemski', 'Draymond Green', 'Jimmy Butler III', 'Moses Moody', 'Quinten Post')",3.833333333333333,2,1,8,7,6,0,3,1,0,2,1,9.44,8.440000000000001,0.0,0.0,0.0,0.0,0.0,2.0,0.0,4.0,17.880000000000003,18
22500237,GSW,NOP,76.4,78.8,"('Draymond Green', 'Jimmy Butler III', 'Moses Moody', 'Stephen Curry', 'Will Richard')",5.633333333333332,1,20,9,11,3,6,0,2,3,2,5,12.76,11.88,3.0,3.0,6.0,4.0,0.0,0.0,2.0,4.0,24.64,18
22500237,GSW,NOP,77.4,78.8,"('Al Horford', 'Brandin Podziemski', 'Buddy Hield', 'Jimmy Butler III', 'Moses Moody')",3.581666666666667,1,16,11,2,3,6,4,1,1,0,0,8.0,7.44,2.0,2.0,0.0,4.0,0.0,0.0,2.0,4.0,15.44,18
22500237,GSW,NOP,76.6,79.4,"('Al Horford', 'Buddy Hield', 'Jimmy Butler III', 'Stephen Curry', 'Will Richard')",0.2833333333333333,2,0,3,0,0,0,0,1,0,0,0,1.0,1.44,0.0,0.0,0.0,0.0,2.0,0.0,0.0,2.0,2.44,18
22500237,GSW,NOP,76.2,78.6,"('Al Horford', 'Draymond Green', 'Gary Payton II', 'Stephen Curry', 'Will Richard')",0.0,2,0,0,0,0,0,0,0,0,0,0,0.0,0.0,0.0,0.0,0.0,0.0,0.0,0.0,0.0,0.0,0.0,18
22500237,GSW,NOP,75.8,79.4,"('Al Horford', 'Buddy Hield', 'Gary Payton II', 'Stephen Curry', 'Will Richard')",2.5166666666666666,2,6,3,3,1,2,1,1,1,3,0,5.0,4.44,0.0,0.0,0.0,0.0,0.0,0.0,0.0,2.0,9.44,18
22500237,GSW,NOP,77.0,78.6,"('Draymond Green', 'Gary Payton II', 'Quinten Post', 'Stephen Curry', 'Will Richard')",0.9333333333333332,2,2,3,1,2,0,0,0,0,0,0,2.0,1.44,0.0,0.0,2.0,2.0,0.0,0.0,2.0,0.0,3.44,18
22500237,GSW,NOP,76.0,79.2,"('Al Horford', 'Brandin Podziemski', 'Buddy Hield', 'Gary Payton II', 'Stephen Curry')",1.45,1,5,5,0,1,0,0,0,1,2,0,3.0,3.3200000000000003,2.0,2.0,0.0,2.0,0.0,0.0,0.0,2.0,6.32,18
22500237,GSW,NOP,77.0,78.4,"('Al Horford', 'Brandin Podziemski', 'Gary Payton II', 'Jimmy Butler III', 'Moses Moody')",0.0216666666666666,3,0,0,0,0,0,0,0,1,0,0,0.0,1.0,0.0,0.0,0.0,0.0,0.0,0.0,0.0,0.0,1.0,18
22500237,GSW,NOP,76.8,78.8,"('Al Horford', 'Jimmy Butler III', 'Moses Moody', 'Stephen Curry', 'Will Richard')",1.7833333333333332,3,2,6,1,2,1,2,1,1,0,2,5.0,4.0,2.0,2.0,0.0,2.0,0.0,3.0,0.0,0.0,9.0,18
22500237,GSW,NOP,75.6,78.8,"('Draymond Green', 'Gary Payton II', 'Moses Moody', 'Stephen Curry', 'Will Richard')",1.2833333333333332,1,3,3,1,1,1,1,1,0,1,0,3.0,2.0,0.0,0.0,0.0,0.0,0.0,0.0,0.0,0.0,5.0,18
22500249,GSW,ORL,76.0,80.2,"('Al Horford', 'Brandin Podziemski', 'Buddy Hield', 'Gary Payton II', 'Stephen Curry')",2.0,1,4,9,1,4,1,3,0,0,0,1,5.44,5.0,0.0,0.0,0.0,0.0,0.0,3.0,2.0,6.0,10.44,19
22500249,GSW,ORL,77.4,78.6,"('Al Horford', 'Brandin Podziemski', 'Buddy Hield', 'Jimmy Butler III', 'Moses Moody')",2.765,1,4,7,3,2,0,2,2,1,0,1,5.88,7.0,0.0,0.0,0.0,0.0,2.0,2.0,0.0,4.0,12.88,19
22500249,GSW,ORL,78.6,78.6,"('Brandin Podziemski', 'Draymond Green', 'Jimmy Butler III', 'Moses Moody', 'Quinten Post')",3.566666666666666,2,6,9,4,4,1,2,0,1,2,1,7.0,6.76,0.0,0.0,4.0,6.0,0.0,0.0,0.0,2.0,13.76,19
22500249,GSW,ORL,76.8,80.2,"('Al Horford', 'Brandin Podziemski', 'Buddy Hield', 'Gary Payton II', 'Jimmy Butler III')",0.1666666666666666,1,0,0,0,1,0,0,0,0,1,0,1.0,0.0,0.0,0.0,0.0,0.0,0.0,0.0,0.0,0.0,1.0,19
22500249,GSW,ORL,76.6,79.8,"('Al Horford', 'Gary Payton II', 'Jimmy Butler III', 'Moses Moody', 'Stephen Curry')",0.3333333333333333,2,0,1,0,2,0,0,0,0,1,0,1.0,0.44,0.0,0.0,0.0,0.0,0.0,0.0,0.0,0.0,1.44,19
22500249,GSW,ORL,76.6,80.2,"('Brandin Podziemski', 'Draymond Green', 'Jimmy Butler III', 'Moses Moody', 'Stephen Curry')",0.8666666666666666,1,3,3,1,0,1,1,0,0,0,0,1.44,2.0,0.0,0.0,0.0,0.0,0.0,0.0,0.0,0.0,3.44,19
22500249,GSW,ORL,76.4,79.8,"('Draymond Green', 'Jimmy Butler III', 'Moses Moody', 'Stephen Curry', 'Will Richard')",5.616666666666666,1,18,17,2,5,5,3,1,2,1,2,11.88,12.88,3.0,3.0,0.0,4.0,2.0,6.0,0.0,8.0,24.76,19
22500249,GSW,ORL,77.2,78.2,"('Al Horford', 'Buddy Hield', 'Draymond Green', 'Gary Payton II', 'Jimmy Butler III')",0.0283333333333333,3,0,0,0,1,0,0,0,0,0,0,1.0,0.0,0.0,0.0,0.0,0.0,0.0,0.0,0.0,0.0,1.0,19
22500249,GSW,ORL,76.6,80.0,"('Al Horford', 'Draymond Green', 'Gary Payton II', 'Moses Moody', 'Stephen Curry')",1.0666666666666669,2,5,1,0,0,2,0,1,1,0,0,3.0,2.44,2.0,2.0,0.0,2.0,0.0,0.0,0.0,0.0,5.44,19
22500249,GSW,ORL,77.2,79.8,"('Al Horford', 'Brandin Podziemski', 'Draymond Green', 'Jimmy Butler III', 'Stephen Curry')",1.1333333333333333,2,3,2,0,0,1,0,1,2,1,1,3.0,2.88,0.0,0.0,0.0,0.0,0.0,0.0,0.0,0.0,5.88,19
22500249,GSW,ORL,76.2,80.0,"('Al Horford', 'Buddy Hield', 'Gary Payton II', 'Moses Moody', 'Stephen Curry')",1.0666666666666669,2,3,3,1,1,1,0,1,0,1,0,3.0,2.44,0.0,0.0,0.0,0.0,2.0,0.0,0.0,2.0,5.44,19
22500249,GSW,ORL,77.0,80.2,"('Al Horford', 'Brandin Podziemski', 'Jimmy Butler III', 'Moses Moody', 'Stephen Curry')",1.1916666666666669,2,0,3,1,2,0,1,1,0,0,1,3.0,2.44,0.0,0.0,0.0,0.0,0.0,0.0,0.0,2.0,5.44,19
22500249,GSW,ORL,78.0,80.2,"('Al Horford', 'Brandin Podziemski', 'Buddy Hield', 'Quinten Post', 'Stephen Curry')",1.4333333333333331,3,4,2,0,0,1,1,1,1,1,0,3.0,2.0,2.0,2.0,0.0,4.0,2.0,0.0,0.0,2.0,5.0,19
22500249,GSW,ORL,77.4,79.8,"('Al Horford', 'Draymond Green', 'Jimmy Butler III', 'Moses Moody', 'Stephen Curry')",1.4166666666666667,2,7,3,2,0,1,0,0,0,2,2,2.76,3.3200000000000003,0.0,0.0,0.0,0.0,0.0,0.0,0.0,0.0,6.08,19
22500249,GSW,ORL,77.4,79.6,"('Al Horford', 'Draymond Green', 'Jimmy Butler III', 'Moses Moody', 'Stephen Curry')",1.2166666666666668,4,5,4,0,0,1,0,1,1,2,0,3.0,2.76,0.0,0.0,0.0,2.0,0.0,0.0,0.0,0.0,5.76,19
22500249,GSW,ORL,76.2,79.6,"('Al Horford', 'Gary Payton II', 'Jimmy Butler III', 'Stephen Curry', 'Will Richard')",0.4,4,1,2,0,0,0,1,0,0,0,1,0.44,1.0,0.0,0.0,0.0,0.0,0.0,0.0,0.0,2.0,1.44,19
22500249,GSW,ORL,76.2,80.0,"('Brandin Podziemski', 'Buddy Hield', 'Jimmy Butler III', 'Moses Moody', 'Stephen Curry')",0.1066666666666666,1,3,0,0,0,0,0,0,0,0,0,1.0,0.0,0.0,3.0,0.0,0.0,0.0,0.0,0.0,0.0,1.0,19
22500249,GSW,ORL,76.6,79.6,"('Al Horford', 'Gary Payton II', 'Jimmy Butler III', 'Moses Moody', 'Stephen Curry')",0.8833333333333335,4,0,2,0,1,0,0,1,0,0,0,2.0,1.0,0.0,0.0,0.0,0.0,0.0,0.0,2.0,2.0,3.0,19
22500249,GSW,ORL,76.6,79.6,"('Al Horford', 'Buddy Hield', 'Jimmy Butler III', 'Stephen Curry', 'Will Richard')",0.8166666666666667,4,0,4,0,1,0,2,1,1,0,1,3.0,3.0,0.0,0.0,0.0,0.0,0.0,2.0,0.0,4.0,6.0,19
22500249,GSW,ORL,77.2,79.6,"('Al Horford', 'Brandin Podziemski', 'Draymond Green', 'Jimmy Butler III', 'Stephen Curry')",3.296666666666667,4,9,6,5,3,2,1,1,0,0,1,7.88,8.44,2.0,0.0,0.0,4.0,0.0,0.0,2.0,2.0,16.32,19
22500249,GSW,ORL,76.4,80.2,"('Al Horford', 'Brandin Podziemski', 'Draymond Green', 'Gary Payton II', 'Stephen Curry')",1.966666666666667,3,0,4,5,4,0,2,0,0,0,1,4.0,5.0,0.0,0.0,0.0,0.0,0.0,2.0,0.0,4.0,9.0,19
22500249,GSW,ORL,78.8,78.8,"('Al Horford', 'Brandin Podziemski', 'Buddy Hield', 'Jimmy Butler III', 'Quinten Post')",3.16,3,9,7,3,0,1,3,0,0,1,3,4.2,5.0,0.0,0.0,2.0,4.0,0.0,0.0,0.0,2.0,9.2,19
22500249,GSW,ORL,76.4,79.8,"('Draymond Green', 'Jimmy Butler III', 'Moses Moody', 'Stephen Curry', 'Will Richard')",5.050000000000001,3,12,13,4,5,4,2,4,3,1,2,13.44,11.88,7.0,2.0,2.0,6.0,7.0,5.0,0.0,8.0,25.32,19
22500249,GSW,ORL,76.2,78.6,"('Buddy Hield', 'Draymond Green', 'Jimmy Butler III', 'Stephen Curry', 'Will Richard')",1.3,4,4,0,2,0,1,0,1,0,2,0,3.0,3.0,0.0,0.0,0.0,4.0,0.0,0.0,0.0,0.0,6.0,19
22500249,GSW,ORL,78.6,78.2,"('Brandin Podziemski', 'Draymond Green', 'Jimmy Butler III', 'Moses Moody', 'Quinten Post')",3.5499999999999994,4,9,10,2,5,2,3,0,1,0,2,7.32,8.0,0.0,2.0,0.0,6.0,0.0,4.0,2.0,10.0,15.32,19
22500249,GSW,ORL,75.8,80.2,"('Al Horford', 'Buddy Hield', 'Gary Payton II', 'Stephen Curry', 'Will Richard')",1.8166666666666669,2,4,9,0,2,1,1,1,0,2,0,4.0,4.2,0.0,0.0,0.0,4.0,0.0,0.0,2.0,4.0,8.2,19
22500257,GSW,MIA,76.4,76.6,"('Brandin Podziemski', 'Buddy Hield', 'Gary Payton II', 'Trayce Jackson-Davis', 'Will Richard')",1.116666666666667,1,0,4,3,2,0,1,1,0,0,1,4.0,2.44,0.0,0.0,0.0,0.0,0.0,3.0,0.0,0.0,6.44,20
22500257,GSW,MIA,76.8,78.6,"('Brandin Podziemski', 'Buddy Hield', 'Gary Payton II', 'Pat Spencer', 'Quinten Post')",1.8333333333333333,1,6,3,2,7,1,0,0,3,1,1,7.44,6.44,0.0,0.0,0.0,2.0,0.0,2.0,0.0,2.0,13.88,20
22500257,GSW,MIA,77.4,77.2,"('Brandin Podziemski', 'Buddy Hield', 'Moses Moody', 'Pat Spencer', 'Quinten Post')",3.928333333333333,2,6,7,6,3,2,1,4,0,3,1,8.0,9.44,0.0,0.0,3.0,0.0,4.0,0.0,2.0,6.0,17.439999999999998,20
22500257,GSW,MIA,77.6,76.6,"('Brandin Podziemski', 'Gui Santos', 'Moses Moody', 'Trayce Jackson-Davis', 'Will Richard')",4.85,1,4,13,6,5,0,4,0,0,1,3,8.76,10.0,0.0,0.0,0.0,0.0,3.0,3.0,0.0,4.0,18.76,20
22500257,GSW,MIA,77.0,76.6,"('Brandin Podziemski', 'Buddy Hield', 'Moses Moody', 'Trayce Jackson-Davis', 'Will Richard')",3.6666666666666665,3,6,10,4,4,1,3,3,0,1,3,8.879999999999999,7.88,0.0,0.0,2.0,4.0,5.0,2.0,3.0,2.0,16.759999999999998,20
22500257,GSW,MIA,76.2,76.6,"('Brandin Podziemski', 'Buddy Hield', 'Gary Payton II', 'Pat Spencer', 'Trayce Jackson-Davis')",1.2666666666666668,1,5,5,1,1,2,1,0,1,1,0,3.0,4.0,3.0,3.0,0.0,2.0,3.0,0.0,0.0,2.0,7.0,20
22500257,GSW,MIA,77.0,78.6,"('Buddy Hield', 'Gary Payton II', 'Moses Moody', 'Pat Spencer', 'Quinten Post')",2.7000000000000006,1,5,4,5,4,1,1,0,1,0,0,6.0,7.44,0.0,2.0,0.0,2.0,0.0,0.0,0.0,0.0,13.44,20
22500257,GSW,MIA,77.8,78.6,"('Brandin Podziemski', 'Buddy Hield', 'Gui Santos', 'Moses Moody', 'Trayce Jackson-Davis')",1.5333333333333334,4,0,2,3,3,0,0,2,0,0,0,3.0,3.0,0.0,0.0,0.0,0.0,2.0,0.0,2.0,2.0,6.0,20
22500257,GSW,MIA,77.2,78.6,"('Brandin Podziemski', 'Buddy Hield', 'Gui Santos', 'Pat Spencer', 'Trayce Jackson-Davis')",1.0,4,3,3,0,2,1,1,1,0,1,0,2.0,1.44,0.0,0.0,0.0,0.0,2.0,0.0,2.0,2.0,3.44,20
22500257,GSW,MIA,77.6,77.0,"('Brandin Podziemski', 'Buddy Hield', 'Moses Moody', 'Quinten Post', 'Will Richard')",0.9500000000000002,4,1,4,1,1,0,2,1,0,1,0,2.44,3.0,0.0,0.0,0.0,0.0,2.0,0.0,0.0,4.0,5.44,20
22500257,GSW,MIA,78.4,76.8,"('Brandin Podziemski', 'Moses Moody', 'Pat Spencer', 'Quinten Post', 'Trayce Jackson-Davis')",2.8000000000000003,4,9,8,2,1,2,2,2,1,1,2,7.0,7.44,0.0,0.0,0.0,6.0,2.0,0.0,0.0,2.0,14.44,20
22500257,GSW,MIA,76.8,78.6,"('Buddy Hield', 'Gary Payton II', 'Gui Santos', 'Pat Spencer', 'Trayce Jackson-Davis')",1.95,4,0,4,2,3,0,1,1,1,2,0,4.0,5.88,0.0,0.0,0.0,0.0,0.0,0.0,2.0,2.0,9.88,20
22500257,GSW,MIA,77.4,78.6,"('Buddy Hield', 'Gui Santos', 'Moses Moody', 'Pat Spencer', 'Trayce Jackson-Davis')",0.3216666666666666,3,0,0,1,0,0,0,0,0,0,0,1.0,1.0,0.0,0.0,0.0,0.0,0.0,0.0,0.0,0.0,2.0,20
22500257,GSW,MIA,77.0,78.6,"('Gary Payton II', 'Gui Santos', 'Moses Moody', 'Pat Spencer', 'Trayce Jackson-Davis')",1.455,3,3,3,3,1,1,1,1,1,1,0,4.0,4.44,3.0,3.0,0.0,0.0,0.0,0.0,0.0,2.0,8.440000000000001,20
22500257,GSW,MIA,77.4,78.6,"('Buddy Hield', 'Gary Payton II', 'Gui Santos', 'Pat Spencer', 'Quinten Post')",2.5666666666666678,3,8,5,3,3,2,1,1,0,1,1,5.44,5.44,0.0,0.0,2.0,2.0,0.0,0.0,2.0,2.0,10.88,20
22500257,GSW,MIA,77.6,78.6,"('Gary Payton II', 'Gui Santos', 'Moses Moody', 'Pat Spencer', 'Quinten Post')",0.0,3,0,0,0,0,0,0,0,0,0,0,0.0,0.0,0.0,0.0,0.0,0.0,0.0,0.0,0.0,0.0,0.0,20
22500257,GSW,MIA,78.8,77.6,"('Brandin Podziemski', 'Buddy Hield', 'Moses Moody', 'Quinten Post', 'Trayce Jackson-Davis')",0.4033333333333332,2,2,1,1,0,0,0,0,0,0,0,1.0,0.44,0.0,0.0,2.0,2.0,0.0,0.0,0.0,0.0,1.44,20
22500257,GSW,MIA,76.4,76.8,"('Brandin Podziemski', 'Buddy Hield', 'Gary Payton II', 'Trayce Jackson-Davis', 'Will Richard')",2.05,2,4,5,4,3,0,2,0,1,1,2,3.88,5.44,0.0,0.0,0.0,2.0,0.0,2.0,0.0,4.0,9.32,20
22500257,GSW,MIA,77.0,77.0,"('Brandin Podziemski', 'Gary Payton II', 'Moses Moody', 'Pat Spencer', 'Quinten Post')",3.6,3,12,5,3,1,4,1,1,1,2,1,5.88,5.88,0.0,2.0,3.0,4.0,0.0,0.0,0.0,0.0,11.76,20
22500257,GSW,MIA,77.4,76.8,"('Brandin Podziemski', 'Buddy Hield', 'Moses Moody', 'Pat Spencer', 'Quinten Post')",2.593333333333333,4,9,15,2,2,3,5,1,0,1,0,7.0,6.32,0.0,0.0,2.0,6.0,2.0,0.0,0.0,6.0,13.32,20
22500257,GSW,MIA,77.0,77.6,"('Brandin Podziemski', 'Buddy Hield', 'Moses Moody', 'Trayce Jackson-Davis', 'Will Richard')",0.8833333333333333,4,0,2,1,1,0,0,1,1,0,1,3.0,3.0,0.0,0.0,0.0,0.0,2.0,0.0,0.0,2.0,6.0,20
22500257,GSW,MIA,77.4,77.8,"('Brandin Podziemski', 'Buddy Hield', 'Gui Santos', 'Trayce Jackson-Davis', 'Will Richard')",0.0,2,0,0,0,0,0,0,0,0,0,0,0.0,0.0,0.0,0.0,0.0,0.0,0.0,0.0,0.0,0.0,0.0,20
22500257,GSW,MIA,76.8,76.8,"('Brandin Podziemski', 'Buddy Hield', 'Moses Moody', 'Pat Spencer', 'Trayce Jackson-Davis')",1.15,2,7,0,2,0,1,0,0,2,0,1,2.88,3.0,2.0,2.0,3.0,2.0,0.0,0.0,0.0,0.0,5.88,20
22500257,GSW,MIA,77.8,78.6,"('Gui Santos', 'Moses Moody', 'Pat Spencer', 'Quinten Post', 'Will Richard')",4.166666666666666,2,6,7,7,5,3,3,1,1,2,0,9.0,8.0,0.0,0.0,0.0,6.0,0.0,0.0,0.0,4.0,17.0,20
22500291,GSW,UTA,77.4,78.6,"('Brandin Podziemski', 'Gui Santos', 'Moses Moody', 'Stephen Curry', 'Trayce Jackson-Davis')",2.0,1,2,6,3,3,1,2,0,0,0,0,4.0,4.44,0.0,0.0,0.0,0.0,0.0,0.0,0.0,2.0,8.440000000000001,21
22500291,GSW,UTA,77.6,80.8,"('Jimmy Butler III', 'Moses Moody', 'Pat Spencer', 'Quinten Post', 'Will Richard')",4.766666666666667,2,18,0,9,3,4,0,1,2,0,0,9.0,10.0,6.0,3.0,4.0,6.0,0.0,0.0,0.0,0.0,19.0,21
22500291,GSW,UTA,76.0,79.6,"('Buddy Hield', 'Gary Payton II', 'Stephen Curry', 'Trayce Jackson-Davis', 'Will Richard')",4.566666666666666,2,17,13,5,3,3,4,0,1,2,1,11.0,9.44,2.0,2.0,7.0,8.0,0.0,0.0,0.0,4.0,20.44,21
22500291,GSW,UTA,78.0,78.6,"('Brandin Podziemski', 'Buddy Hield', 'Gui Santos', 'Jimmy Butler III', 'Trayce Jackson-Davis')",1.8833333333333333,1,5,10,2,2,2,4,0,0,0,0,4.0,4.0,0.0,0.0,0.0,2.0,0.0,2.0,0.0,4.0,8.0,21
22500291,GSW,UTA,76.8,80.8,"('Gary Payton II', 'Jimmy Butler III', 'Moses Moody', 'Stephen Curry', 'Trayce Jackson-Davis')",0.3166666666666666,3,0,2,0,1,0,1,0,0,1,0,1.0,1.0,0.0,0.0,0.0,0.0,0.0,0.0,0.0,2.0,2.0,21
22500291,GSW,UTA,77.4,80.8,"('Gary Payton II', 'Jimmy Butler III', 'Moses Moody', 'Quinten Post', 'Stephen Curry')",6.166666666666666,1,15,13,5,6,4,3,1,2,2,1,14.44,14.0,2.0,2.0,2.0,12.0,3.0,5.0,0.0,2.0,28.44,21
22500291,GSW,UTA,77.8,78.6,"('Brandin Podziemski', 'Buddy Hield', 'Jimmy Butler III', 'Quinten Post', 'Will Richard')",0.555,1,1,2,0,0,0,0,0,0,0,1,0.44,1.0,0.0,0.0,0.0,0.0,2.0,0.0,0.0,2.0,1.44,21
22500291,GSW,UTA,77.2,78.6,"('Brandin Podziemski', 'Buddy Hield', 'Jimmy Butler III', 'Trayce Jackson-Davis', 'Will Richard')",0.4833333333333333,3,4,0,1,0,1,0,0,0,0,0,1.44,1.0,0.0,0.0,0.0,0.0,0.0,0.0,0.0,0.0,2.44,21
22500291,GSW,UTA,77.8,79.6,"('Buddy Hield', 'Jimmy Butler III', 'Moses Moody', 'Quinten Post', 'Stephen Curry')",2.1966666666666663,2,6,7,2,4,2,1,1,0,0,0,6.0,5.44,2.0,0.0,0.0,6.0,0.0,2.0,4.0,6.0,11.44,21
22500291,GSW,UTA,76.4,79.0,"('Brandin Podziemski', 'Buddy Hield', 'Stephen Curry', 'Trayce Jackson-Davis', 'Will Richard')",1.2999999999999998,3,4,5,3,0,1,2,1,0,0,1,3.44,3.0,0.0,0.0,0.0,0.0,3.0,3.0,0.0,2.0,6.44,21
22500291,GSW,UTA,76.6,79.6,"('Brandin Podziemski', 'Moses Moody', 'Stephen Curry', 'Trayce Jackson-Davis', 'Will Richard')",1.7333333333333338,3,6,3,3,2,1,1,0,0,0,1,4.0,3.44,0.0,0.0,2.0,4.0,0.0,0.0,2.0,2.0,7.439999999999999,21
22500291,GSW,UTA,77.4,80.8,"('Gary Payton II', 'Jimmy Butler III', 'Moses Moody', 'Quinten Post', 'Stephen Curry')",4.649999999999999,3,13,12,3,7,4,4,1,1,3,0,9.0,10.88,0.0,2.0,0.0,4.0,2.0,4.0,4.0,10.0,19.880000000000003,21
22500291,GSW,UTA,78.6,78.6,"('Brandin Podziemski', 'Buddy Hield', 'Gui Santos', 'Jimmy Butler III', 'Quinten Post')",1.0833333333333337,1,2,1,1,1,0,0,1,1,1,1,2.88,2.44,0.0,0.0,0.0,0.0,0.0,0.0,0.0,0.0,5.32,21
22500291,GSW,UTA,76.8,80.2,"('Brandin Podziemski', 'Buddy Hield', 'Moses Moody', 'Stephen Curry', 'Trayce Jackson-Davis')",1.1,4,5,3,2,0,2,0,0,0,1,0,3.0,3.44,0.0,0.0,0.0,2.0,0.0,0.0,0.0,2.0,6.44,21
22500291,GSW,UTA,77.6,80.2,"('Jimmy Butler III', 'Moses Moody', 'Pat Spencer', 'Quinten Post', 'Will Richard')",2.566666666666667,4,5,4,3,2,0,2,0,1,0,2,5.44,6.0,0.0,0.0,0.0,2.0,0.0,0.0,2.0,2.0,11.44,21
22500291,GSW,UTA,76.2,80.2,"('Gary Payton II', 'Pat Spencer', 'Quinten Post', 'Stephen Curry', 'Will Richard')",1.6166666666666665,4,3,5,2,2,1,2,0,0,1,1,4.44,4.44,0.0,0.0,0.0,2.0,0.0,0.0,0.0,4.0,8.879999999999999,21
22500291,GSW,UTA,76.4,80.2,"('Buddy Hield', 'Gary Payton II', 'Moses Moody', 'Stephen Curry', 'Trayce Jackson-Davis')",2.166666666666667,4,6,7,1,3,2,2,1,2,1,0,6.0,6.0,0.0,3.0,0.0,0.0,2.0,2.0,0.0,4.0,12.0,21
22500291,GSW,UTA,77.2,78.6,"('Brandin Podziemski', 'Buddy Hield', 'Gui Santos', 'Pat Spencer', 'Trayce Jackson-Davis')",3.6600000000000006,4,7,14,1,3,3,1,3,1,1,1,8.440000000000001,8.88,0.0,0.0,0.0,6.0,4.0,2.0,4.0,12.0,17.32,21
22500291,GSW,UTA,76.2,79.2,"('Gary Payton II', 'Moses Moody', 'Stephen Curry', 'Trayce Jackson-Davis', 'Will Richard')",0.4,2,0,0,1,0,0,0,0,0,0,0,1.0,1.0,0.0,0.0,0.0,0.0,0.0,0.0,0.0,0.0,2.0,21
22500291,GSW,UTA,77.8,78.6,"('Brandin Podziemski', 'Buddy Hield', 'Jimmy Butler III', 'Quinten Post', 'Will Richard')",3.1716666666666664,3,12,7,2,4,3,2,0,2,1,3,8.32,8.440000000000001,0.0,3.0,0.0,0.0,0.0,0.0,0.0,6.0,16.76,21
22500291,GSW,UTA,76.6,80.2,"('Gary Payton II', 'Moses Moody', 'Pat Spencer', 'Quinten Post', 'Stephen Curry')",0.4666666666666667,4,2,0,1,1,0,0,0,1,0,1,1.0,1.0,0.0,0.0,2.0,2.0,0.0,0.0,0.0,0.0,2.0,21
22500291,GSW,UTA,76.0,79.6,"('Brandin Podziemski', 'Gary Payton II', 'Jimmy Butler III', 'Moses Moody', 'Will Richard')",0.1583333333333333,1,1,3,0,0,0,1,0,0,0,0,0.44,1.0,0.0,0.0,0.0,0.0,0.0,0.0,0.0,0.0,1.44,21
22500298,GSW,NOP,78.2,78.4,"('Brandin Podziemski', 'Buddy Hield', 'Draymond Green', 'Moses Moody', 'Quinten Post')",2.116666666666667,2,2,7,1,4,0,2,1,1,2,3,3.88,5.44,0.0,0.0,0.0,0.0,2.0,2.0,4.0,4.0,9.32,22
22500298,GSW,NOP,78.6,78.4,"('Brandin Podziemski', 'Draymond Green', 'Jimmy Butler III', 'Moses Moody', 'Quinten Post')",1.1333333333333333,2,0,2,1,2,0,0,0,1,0,0,2.0,2.0,0.0,0.0,0.0,0.0,0.0,0.0,0.0,2.0,4.0,22
22500298,GSW,NOP,76.8,77.4,"('Brandin Podziemski', 'Gary Payton II', 'Jimmy Butler III', 'Jonathan Kuminga', 'Moses Moody')",1.7666666666666666,2,4,2,2,1,2,1,1,0,1,1,4.0,3.0,0.0,0.0,0.0,4.0,2.0,2.0,0.0,2.0,7.0,22
22500298,GSW,NOP,78.0,78.4,"('Brandin Podziemski', 'Draymond Green', 'Moses Moody', 'Quinten Post', 'Will Richard')",0.3166666666666666,2,0,0,0,0,0,0,0,0,1,0,0.0,1.0,0.0,0.0,0.0,0.0,0.0,0.0,0.0,0.0,1.0,22
22500298,GSW,NOP,76.2,78.4,"('Draymond Green', 'Gary Payton II', 'Jimmy Butler III', 'Moses Moody', 'Pat Spencer')",2.911666666666666,2,8,4,1,2,3,1,1,2,1,2,6.88,5.88,2.0,0.0,0.0,6.0,0.0,0.0,0.0,2.0,12.76,22
22500298,GSW,NOP,76.2,77.6,"('Buddy Hield', 'Draymond Green', 'Jimmy Butler III', 'Pat Spencer', 'Will Richard')",1.615,1,3,4,1,3,0,0,0,0,2,1,2.44,2.88,0.0,0.0,0.0,2.0,0.0,0.0,2.0,2.0,5.32,22
22500298,GSW,NOP,76.4,78.6,"('Brandin Podziemski', 'Gary Payton II', 'Jimmy Butler III', 'Jonathan Kuminga', 'Will Richard')",2.0,4,9,5,1,1,3,0,0,0,1,0,3.0,4.0,0.0,0.0,0.0,0.0,0.0,0.0,0.0,2.0,7.0,22
22500298,GSW,NOP,76.4,78.2,"('Brandin Podziemski', 'Buddy Hield', 'Draymond Green', 'Gary Payton II', 'Jimmy Butler III')",0.4833333333333333,4,0,0,0,2,0,0,0,0,1,0,1.0,1.0,0.0,0.0,0.0,0.0,0.0,0.0,0.0,0.0,2.0,22
22500298,GSW,NOP,78.0,78.2,"('Brandin Podziemski', 'Draymond Green', 'Moses Moody', 'Quinten Post', 'Will Richard')",2.983333333333332,4,3,5,5,4,1,1,1,0,2,1,7.44,5.88,0.0,0.0,2.0,2.0,0.0,0.0,0.0,0.0,13.32,22
22500298,GSW,NOP,76.6,77.4,"('Brandin Podziemski', 'Buddy Hield', 'Draymond Green', 'Jimmy Butler III', 'Will Richard')",0.1016666666666665,4,1,0,0,0,0,0,0,0,0,2,0.44,0.0,0.0,0.0,0.0,0.0,0.0,0.0,0.0,0.0,0.44,22
22500298,GSW,NOP,77.4,77.4,"('Buddy Hield', 'Jimmy Butler III', 'Pat Spencer', 'Quinten Post', 'Will Richard')",0.0,3,0,0,0,0,0,0,0,0,0,0,0.0,0.0,0.0,0.0,0.0,0.0,0.0,0.0,0.0,0.0,0.0,22
22500298,GSW,NOP,76.2,78.4,"('Buddy Hield', 'Gary Payton II', 'Jimmy Butler III', 'Jonathan Kuminga', 'Pat Spencer')",2.033333333333333,4,2,5,2,3,0,0,0,1,1,1,3.0,4.32,0.0,0.0,0.0,2.0,0.0,0.0,0.0,2.0,7.32,22
22500298,GSW,NOP,78.0,77.4,"('Brandin Podziemski', 'Draymond Green', 'Gary Payton II', 'Jimmy Butler III', 'Quinten Post')",0.0299999999999999,4,0,2,0,0,0,0,0,0,0,1,1.0,0.88,0.0,0.0,0.0,0.0,0.0,0.0,0.0,0.0,1.88,22
22500298,GSW,NOP,76.2,77.4,"('Brandin Podziemski', 'Draymond Green', 'Gary Payton II', 'Jimmy Butler III', 'Will Richard')",3.616666666666666,4,16,7,4,2,3,2,0,2,2,1,8.76,9.32,0.0,5.0,0.0,6.0,0.0,0.0,0.0,4.0,18.08,22
22500298,GSW,NOP,76.6,78.4,"('Brandin Podziemski', 'Draymond Green', 'Gary Payton II', 'Jimmy Butler III', 'Moses Moody')",0.96,2,2,3,2,2,1,0,0,0,1,0,3.0,2.44,0.0,0.0,0.0,2.0,0.0,0.0,2.0,2.0,5.44,22
22500298,GSW,NOP,76.4,77.6,"('Draymond Green', 'Gary Payton II', 'Jimmy Butler III', 'Moses Moody', 'Will Richard')",0.365,1,1,2,0,1,0,0,0,0,0,0,0.44,1.0,0.0,0.0,0.0,0.0,0.0,0.0,2.0,2.0,1.44,22
22500298,GSW,NOP,76.6,77.4,"('Brandin Podziemski', 'Draymond Green', 'Gary Payton II', 'Jimmy Butler III', 'Moses Moody')",0.0,1,0,0,0,0,0,0,0,0,0,0,0.0,0.0,0.0,0.0,0.0,0.0,0.0,0.0,0.0,0.0,0.0,22
22500298,GSW,NOP,76.4,77.8,"('Brandin Podziemski', 'Gary Payton II', 'Jimmy Butler III', 'Jonathan Kuminga', 'Will Richard')",0.4666666666666666,1,0,0,0,1,0,0,0,0,1,0,1.0,1.0,0.0,0.0,0.0,0.0,0.0,0.0,0.0,0.0,2.0,22
22500298,GSW,NOP,78.6,77.4,"('Brandin Podziemski', 'Draymond Green', 'Jimmy Butler III', 'Moses Moody', 'Quinten Post')",4.216666666666667,1,9,4,8,4,2,1,1,0,1,1,9.88,10.0,0.0,0.0,2.0,4.0,2.0,2.0,2.0,4.0,19.880000000000003,22
22500298,GSW,NOP,76.4,78.0,"('Buddy Hield', 'Draymond Green', 'Jonathan Kuminga', 'Pat Spencer', 'Will Richard')",2.1500000000000004,1,2,5,4,4,0,2,1,0,0,1,5.0,5.0,0.0,0.0,2.0,2.0,0.0,0.0,0.0,2.0,10.0,22
22500298,GSW,NOP,76.8,77.4,"('Brandin Podziemski', 'Gary Payton II', 'Jimmy Butler III', 'Jonathan Kuminga', 'Moses Moody')",1.1333333333333333,1,2,2,1,1,1,0,0,1,0,0,2.0,3.0,0.0,0.0,0.0,2.0,0.0,0.0,0.0,2.0,5.0,22
22500298,GSW,NOP,76.0,77.8,"('Brandin Podziemski', 'Buddy Hield', 'Gary Payton II', 'Jonathan Kuminga', 'Will Richard')",1.8666666666666667,1,0,1,1,2,0,0,0,1,0,1,4.0,2.44,0.0,0.0,0.0,0.0,0.0,0.0,0.0,0.0,6.44,22
22500298,GSW,NOP,76.4,77.8,"('Buddy Hield', 'Jimmy Butler III', 'Jonathan Kuminga', 'Pat Spencer', 'Will Richard')",1.2833333333333337,3,3,6,0,3,1,1,0,0,1,0,3.0,2.44,0.0,0.0,0.0,0.0,0.0,0.0,2.0,2.0,5.44,22
22500298,GSW,NOP,76.0,77.8,"('Brandin Podziemski', 'Buddy Hield', 'Gary Payton II', 'Jonathan Kuminga', 'Will Richard')",1.2166666666666668,3,0,3,0,1,0,0,1,0,1,0,2.0,1.44,0.0,0.0,0.0,0.0,0.0,0.0,0.0,2.0,3.44,22
22500298,GSW,NOP,78.4,78.6,"('Brandin Podziemski', 'Buddy Hield', 'Draymond Green', 'Jimmy Butler III', 'Quinten Post')",0.3783333333333333,3,0,0,1,1,0,0,0,0,0,0,1.0,2.0,0.0,0.0,0.0,0.0,0.0,0.0,0.0,0.0,3.0,22
22500298,GSW,NOP,76.6,77.4,"('Brandin Podziemski', 'Draymond Green', 'Gary Payton II', 'Jimmy Butler III', 'Moses Moody')",2.0,3,7,6,1,1,2,1,0,1,0,2,3.44,4.0,0.0,0.0,0.0,0.0,0.0,0.0,0.0,6.0,7.439999999999999,22
22500298,GSW,NOP,76.8,77.8,"('Brandin Podziemski', 'Buddy Hield', 'Jimmy Butler III', 'Jonathan Kuminga', 'Will Richard')",1.1333333333333333,3,5,4,1,0,1,1,1,1,0,0,3.0,3.44,0.0,0.0,0.0,2.0,3.0,3.0,0.0,0.0,6.44,22
22500298,GSW,NOP,78.6,77.2,"('Brandin Podziemski', 'Draymond Green', 'Jimmy Butler III', 'Moses Moody', 'Quinten Post')",3.583333333333333,3,12,11,2,2,5,2,0,0,1,1,7.44,7.44,0.0,0.0,0.0,8.0,0.0,0.0,3.0,4.0,14.88,22
22500298,GSW,NOP,78.0,78.6,"('Buddy Hield', 'Draymond Green', 'Jimmy Butler III', 'Pat Spencer', 'Quinten Post')",1.6266666666666665,3,4,4,4,1,1,0,1,0,3,0,4.0,5.76,0.0,0.0,0.0,4.0,0.0,0.0,0.0,0.0,9.76,22
22500298,GSW,NOP,76.8,77.4,"('Brandin Podziemski', 'Gary Payton II', 'Jimmy Butler III', 'Jonathan Kuminga', 'Moses Moody')",0.5166666666666666,3,0,0,1,2,0,0,0,0,0,1,2.0,2.0,0.0,0.0,0.0,0.0,0.0,0.0,0.0,0.0,4.0,22
22500298,GSW,NOP,76.4,77.4,"('Gary Payton II', 'Jimmy Butler III', 'Jonathan Kuminga', 'Moses Moody', 'Pat Spencer')",2.6500000000000004,2,9,2,3,0,2,1,0,2,0,1,4.0,4.0,0.0,5.0,4.0,6.0,0.0,0.0,0.0,2.0,8.0,22
22500323,GSW,OKC,77.2,78.0,"('Buddy Hield', 'Jonathan Kuminga', 'Pat Spencer', 'Quinten Post', 'Seth Curry')",4.931666666666667,3,20,14,7,3,4,3,0,5,1,2,13.0,13.0,2.0,8.0,7.0,14.0,0.0,0.0,0.0,2.0,26.0,23
22500323,GSW,OKC,76.2,78.0,"('Buddy Hield', 'Gary Payton II', 'Jonathan Kuminga', 'Moses Moody', 'Will Richard')",0.1399999999999999,3,1,1,0,0,0,0,0,0,1,0,0.44,0.44,0.0,0.0,0.0,0.0,0.0,0.0,0.0,0.0,0.88,23
22500323,GSW,OKC,76.2,78.2,"('Brandin Podziemski', 'Buddy Hield', 'Jonathan Kuminga', 'Moses Moody', 'Seth Curry')",0.055,3,3,1,0,0,0,0,0,0,0,0,1.0,0.44,0.0,0.0,0.0,0.0,0.0,0.0,0.0,0.0,1.44,23
22500323,GSW,OKC,75.0,77.4,"('Buddy Hield', 'Draymond Green', 'Gary Payton II', 'Pat Spencer', 'Seth Curry')",0.6833333333333332,4,0,3,0,1,0,1,0,0,0,1,1.0,1.0,0.0,0.0,0.0,0.0,0.0,0.0,0.0,0.0,2.0,23
22500323,GSW,OKC,75.4,79.0,"('Buddy Hield', 'Draymond Green', 'Gary Payton II', 'Pat Spencer', 'Will Richard')",4.266666666666666,4,12,11,3,3,3,1,0,0,2,0,7.0,6.88,0.0,3.0,0.0,6.0,0.0,0.0,2.0,6.0,13.88,23
22500323,GSW,OKC,76.4,78.8,"('Brandin Podziemski', 'Gary Payton II', 'Quinten Post', 'Seth Curry', 'Will Richard')",2.833333333333333,4,7,6,2,2,3,2,1,1,3,0,6.0,5.88,0.0,0.0,0.0,2.0,0.0,0.0,0.0,4.0,11.88,23
22500323,GSW,OKC,76.0,78.2,"('Brandin Podziemski', 'Buddy Hield', 'Draymond Green', 'Moses Moody', 'Seth Curry')",0.0999999999999999,4,0,0,0,0,0,0,1,0,0,1,1.0,0.0,0.0,0.0,0.0,0.0,0.0,0.0,0.0,0.0,1.0,23
22500323,GSW,OKC,75.0,79.0,"('Buddy Hield', 'Draymond Green', 'Gary Payton II', 'Pat Spencer', 'Seth Curry')",0.7333333333333334,3,2,3,0,0,1,1,0,0,1,0,1.0,2.0,0.0,0.0,0.0,0.0,3.0,0.0,0.0,0.0,3.0,23
22500323,GSW,OKC,76.2,78.2,"('Brandin Podziemski', 'Buddy Hield', 'Draymond Green', 'Moses Moody', 'Pat Spencer')",0.7383333333333334,4,0,3,0,2,0,0,0,0,0,0,3.0,1.44,0.0,0.0,0.0,0.0,0.0,0.0,0.0,0.0,4.44,23
22500323,GSW,OKC,75.4,77.4,"('Brandin Podziemski', 'Buddy Hield', 'Draymond Green', 'Gary Payton II', 'Seth Curry')",2.6,4,5,9,3,3,2,1,1,1,0,0,6.0,6.0,2.0,2.0,0.0,2.0,0.0,2.0,0.0,6.0,12.0,23
22500323,GSW,OKC,75.6,78.2,"('Brandin Podziemski', 'Buddy Hield', 'Draymond Green', 'Gary Payton II', 'Pat Spencer')",0.1666666666666666,4,0,1,0,0,0,0,0,0,1,0,0.0,0.44,0.0,0.0,0.0,0.0,0.0,0.0,0.0,0.0,0.44,23
22500323,GSW,OKC,77.0,78.8,"('Brandin Podziemski', 'Buddy Hield', 'Gary Payton II', 'Quinten Post', 'Will Richard')",0.2333333333333333,4,0,0,0,0,0,0,0,1,1,0,0.0,1.0,0.0,0.0,0.0,0.0,0.0,0.0,0.0,0.0,1.0,23
22500323,GSW,OKC,77.8,79.8,"('Buddy Hield', 'Jimmy Butler III', 'Moses Moody', 'Pat Spencer', 'Quinten Post')",0.1616666666666667,1,2,1,0,0,0,0,0,0,0,1,0.88,0.44,0.0,0.0,0.0,0.0,0.0,0.0,0.0,0.0,1.32,23
22500323,GSW,OKC,76.4,77.4,"('Buddy Hield', 'Draymond Green', 'Jonathan Kuminga', 'Pat Spencer', 'Will Richard')",4.333333333333332,2,4,7,4,7,2,2,2,2,2,0,9.0,8.44,2.0,0.0,0.0,2.0,4.0,2.0,0.0,4.0,17.439999999999998,23
22500323,GSW,OKC,76.6,77.4,"('Brandin Podziemski', 'Buddy Hield', 'Draymond Green', 'Jimmy Butler III', 'Will Richard')",1.9100000000000004,2,3,8,1,2,1,2,1,1,2,0,5.0,7.44,0.0,3.0,0.0,0.0,2.0,2.0,0.0,4.0,12.44,23
22500323,GSW,OKC,76.6,78.8,"('Gary Payton II', 'Jimmy Butler III', 'Pat Spencer', 'Quinten Post', 'Seth Curry')",1.0833333333333337,2,3,6,0,0,1,1,1,0,0,0,2.0,3.0,0.0,0.0,0.0,0.0,4.0,2.0,0.0,6.0,5.0,23
22500323,GSW,OKC,77.8,77.4,"('Brandin Podziemski', 'Buddy Hield', 'Gary Payton II', 'Jonathan Kuminga', 'Quinten Post')",1.8333333333333333,1,0,1,3,3,0,0,1,1,0,0,4.0,4.44,0.0,0.0,0.0,0.0,0.0,0.0,0.0,0.0,8.440000000000001,23
22500323,GSW,OKC,78.2,79.2,"('Buddy Hield', 'Jimmy Butler III', 'Jonathan Kuminga', 'Pat Spencer', 'Quinten Post')",1.8133333333333332,1,6,4,1,1,2,0,0,1,1,1,4.0,4.0,0.0,0.0,0.0,0.0,0.0,0.0,0.0,4.0,8.0,23
22500323,GSW,OKC,76.8,78.2,"('Brandin Podziemski', 'Draymond Green', 'Jimmy Butler III', 'Moses Moody', 'Will Richard')",4.916666666666665,1,12,17,5,5,4,3,2,0,3,1,11.0,11.44,0.0,0.0,0.0,6.0,2.0,2.0,2.0,10.0,22.44,23
22500323,GSW,OKC,75.6,78.2,"('Buddy Hield', 'Jimmy Butler III', 'Moses Moody', 'Pat Spencer', 'Seth Curry')",0.3766666666666667,1,0,1,1,0,0,0,0,0,0,0,1.0,0.44,0.0,0.0,0.0,0.0,0.0,0.0,0.0,0.0,1.44,23
22500323,GSW,OKC,77.4,79.2,"('Buddy Hield', 'Gary Payton II', 'Jonathan Kuminga', 'Pat Spencer', 'Quinten Post')",1.0,1,2,3,1,0,0,1,0,0,0,1,1.0,1.0,0.0,2.0,2.0,2.0,0.0,0.0,0.0,0.0,2.0,23
22500323,GSW,OKC,77.2,78.2,"('Brandin Podziemski', 'Buddy Hield', 'Draymond Green', 'Jonathan Kuminga', 'Moses Moody')",1.3,1,3,4,2,1,1,1,1,0,1,0,3.0,3.44,0.0,0.0,0.0,0.0,0.0,0.0,0.0,0.0,6.44,23
22500323,GSW,OKC,76.0,78.2,"('Brandin Podziemski', 'Draymond Green', 'Gary Payton II', 'Moses Moody', 'Will Richard')",6.116666666666665,3,18,9,6,5,5,2,1,1,1,3,13.32,12.44,2.0,0.0,0.0,6.0,0.0,0.0,0.0,8.0,25.76,23
22500323,GSW,OKC,77.0,78.8,"('Brandin Podziemski', 'Gary Payton II', 'Jimmy Butler III', 'Quinten Post', 'Seth Curry')",4.3,2,8,10,4,3,1,3,3,1,1,2,9.44,8.0,0.0,0.0,0.0,2.0,4.0,2.0,0.0,4.0,17.439999999999998,23
22500323,GSW,OKC,75.8,77.6,"('Buddy Hield', 'Gary Payton II', 'Jimmy Butler III', 'Moses Moody', 'Pat Spencer')",0.2616666666666666,1,1,1,0,0,0,0,0,0,1,0,0.44,0.44,0.0,0.0,0.0,0.0,0.0,0.0,0.0,0.0,0.88,23
22500333,GSW,PHI,77.4,78.0,"(""De'Anthony Melton"", 'Jonathan Kuminga', 'Moses Moody', 'Quinten Post', 'Seth Curry')",2.1500000000000004,3,4,4,1,1,1,1,0,1,2,0,3.0,3.88,0.0,0.0,0.0,2.0,0.0,0.0,0.0,0.0,6.88,24
22500333,GSW,PHI,76.2,77.6,"('Buddy Hield', ""De'Anthony Melton"", 'Pat Spencer', 'Quinten Post', 'Seth Curry')",0.1783333333333333,3,2,1,0,0,1,0,0,0,0,0,1.0,0.44,0.0,0.0,0.0,2.0,0.0,0.0,0.0,0.0,1.44,24
22500333,GSW,PHI,77.2,78.0,"('Buddy Hield', 'Jonathan Kuminga', 'Pat Spencer', 'Quinten Post', 'Seth Curry')",2.5883333333333334,3,7,6,1,2,3,1,1,1,2,0,6.0,6.32,0.0,0.0,0.0,4.0,0.0,0.0,0.0,0.0,12.32,24
22500333,GSW,PHI,77.2,77.6,"(""De'Anthony Melton"", 'Gui Santos', 'Pat Spencer', 'Quinten Post', 'Will Richard')",1.9333333333333331,4,7,2,1,3,1,0,0,2,1,0,3.0,4.0,2.0,5.0,0.0,2.0,0.0,0.0,2.0,2.0,7.0,24
22500333,GSW,PHI,77.6,77.8,"('Buddy Hield', 'Gui Santos', 'Pat Spencer', 'Quinten Post', 'Will Richard')",4.333333333333334,4,17,8,3,1,5,2,0,1,1,2,9.88,8.0,0.0,3.0,2.0,6.0,0.0,0.0,0.0,4.0,17.880000000000003,24
22500333,GSW,PHI,75.8,77.8,"('Al Horford', 'Buddy Hield', ""De'Anthony Melton"", 'Pat Spencer', 'Will Richard')",0.1333333333333333,4,0,2,0,1,0,0,0,0,0,0,1.0,1.0,0.0,0.0,0.0,0.0,2.0,0.0,2.0,2.0,2.0,24
22500333,GSW,PHI,77.2,78.0,"('Buddy Hield', ""De'Anthony Melton"", 'Jonathan Kuminga', 'Quinten Post', 'Seth Curry')",2.083333333333333,3,4,2,2,2,0,0,0,1,1,3,4.76,4.0,0.0,0.0,0.0,0.0,0.0,0.0,0.0,2.0,8.76,24
22500333,GSW,PHI,77.4,78.0,"('Buddy Hield', ""De'Anthony Melton"", 'Jonathan Kuminga', 'Pat Spencer', 'Quinten Post')",0.6500000000000001,1,0,0,0,1,0,0,0,0,2,0,1.0,1.0,0.0,0.0,0.0,0.0,0.0,0.0,0.0,0.0,2.0,24
22500333,GSW,PHI,77.8,77.4,"('Brandin Podziemski', 'Buddy Hield', ""De'Anthony Melton"", 'Jonathan Kuminga', 'Quinten Post')",1.4666666666666666,1,0,6,2,3,0,0,0,0,0,0,3.0,3.44,0.0,0.0,0.0,0.0,0.0,2.0,0.0,0.0,6.44,24
22500333,GSW,PHI,77.6,77.8,"('Al Horford', 'Buddy Hield', ""De'Anthony Melton"", 'Pat Spencer', 'Quinten Post')",0.0766666666666666,4,0,0,0,0,0,0,0,1,0,0,0.0,1.0,0.0,0.0,0.0,0.0,0.0,0.0,0.0,0.0,1.0,24
22500333,GSW,PHI,76.6,78.6,"('Brandin Podziemski', 'Buddy Hield', ""De'Anthony Melton"", 'Draymond Green', 'Jonathan Kuminga')",0.5666666666666667,2,0,0,1,1,0,0,0,0,1,0,1.0,1.0,0.0,0.0,0.0,0.0,0.0,0.0,0.0,0.0,2.0,24
22500333,GSW,PHI,77.8,78.2,"('Al Horford', 'Brandin Podziemski', 'Moses Moody', 'Trayce Jackson-Davis', 'Will Richard')",4.133333333333334,3,10,11,4,3,2,4,2,2,0,3,10.32,9.0,2.0,2.0,3.0,4.0,3.0,0.0,3.0,0.0,19.32,24
22500333,GSW,PHI,75.8,79.2,"('Al Horford', 'Moses Moody', 'Pat Spencer', 'Seth Curry', 'Will Richard')",4.416666666666665,2,10,6,3,5,3,2,0,3,2,0,9.0,9.0,0.0,4.0,0.0,2.0,0.0,0.0,0.0,0.0,18.0,24
22500333,GSW,PHI,77.8,78.8,"('Brandin Podziemski', 'Buddy Hield', ""De'Anthony Melton"", 'Jonathan Kuminga', 'Quinten Post')",3.975,2,9,12,2,2,2,1,2,1,0,0,7.0,8.0,0.0,0.0,2.0,6.0,4.0,0.0,2.0,10.0,15.0,24
22500333,GSW,PHI,78.0,78.2,"('Brandin Podziemski', ""De'Anthony Melton"", 'Jonathan Kuminga', 'Moses Moody', 'Quinten Post')",0.7333333333333334,3,5,0,1,0,2,0,0,2,0,0,2.44,2.0,0.0,4.0,2.0,4.0,0.0,0.0,0.0,0.0,4.44,24
22500333,GSW,PHI,78.0,78.0,"('Brandin Podziemski', 'Buddy Hield', 'Jonathan Kuminga', 'Quinten Post', 'Will Richard')",0.44,2,0,3,0,1,0,1,0,0,0,0,1.0,1.0,0.0,0.0,0.0,0.0,0.0,0.0,0.0,0.0,2.0,24
22500333,GSW,PHI,75.6,78.6,"('Brandin Podziemski', ""De'Anthony Melton"", 'Draymond Green', 'Moses Moody', 'Seth Curry')",1.9166666666666667,2,2,4,3,4,1,1,1,0,0,1,5.0,5.0,0.0,0.0,0.0,2.0,2.0,4.0,2.0,4.0,10.0,24
22500333,GSW,PHI,76.8,77.8,"('Brandin Podziemski', ""De'Anthony Melton"", 'Draymond Green', 'Jonathan Kuminga', 'Moses Moody')",1.8166666666666669,1,0,8,0,1,0,2,3,0,1,1,3.0,4.0,0.0,0.0,0.0,0.0,6.0,4.0,2.0,8.0,7.0,24
22500333,GSW,PHI,77.2,78.6,"('Al Horford', 'Buddy Hield', 'Gui Santos', 'Moses Moody', 'Pat Spencer')",2.683333333333333,4,6,4,2,1,1,2,1,2,1,1,4.88,5.0,0.0,4.0,2.0,4.0,2.0,2.0,0.0,4.0,9.88,24
22500333,GSW,PHI,76.2,77.8,"('Buddy Hield', ""De'Anthony Melton"", 'Pat Spencer', 'Quinten Post', 'Seth Curry')",0.0816666666666666,4,0,0,0,0,0,0,1,0,0,1,1.0,0.0,0.0,0.0,0.0,0.0,0.0,0.0,0.0,0.0,1.0,24
22500333,GSW,PHI,77.4,77.6,"('Buddy Hield', 'Gary Payton II', 'Jonathan Kuminga', 'Pat Spencer', 'Quinten Post')",3.225,1,5,9,5,4,1,2,1,1,1,1,7.0,7.88,0.0,0.0,2.0,2.0,3.0,0.0,2.0,4.0,14.88,24
22500333,GSW,PHI,77.4,77.8,"('Buddy Hield', ""De'Anthony Melton"", 'Gui Santos', 'Pat Spencer', 'Quinten Post')",0.835,4,0,3,0,1,0,1,1,0,2,0,2.0,3.44,0.0,0.0,0.0,0.0,0.0,0.0,0.0,2.0,5.44,24
22500333,GSW,PHI,76.6,78.0,"('Al Horford', 'Buddy Hield', ""De'Anthony Melton"", 'Gui Santos', 'Pat Spencer')",1.5333333333333334,4,2,0,5,2,1,0,0,0,1,0,3.0,3.0,2.0,0.0,0.0,2.0,0.0,0.0,0.0,0.0,6.0,24
22500333,GSW,PHI,77.2,78.2,"('Al Horford', 'Brandin Podziemski', 'Draymond Green', 'Moses Moody', 'Will Richard')",4.566666666666666,1,5,7,6,8,2,3,0,1,1,1,10.0,9.0,2.0,2.0,0.0,2.0,0.0,0.0,0.0,2.0,19.0,24
22500333,GSW,PHI,75.2,79.2,"(""De'Anthony Melton"", 'Draymond Green', 'Moses Moody', 'Pat Spencer', 'Seth Curry')",0.4833333333333333,2,3,1,1,0,1,0,0,0,1,0,1.0,0.44,0.0,0.0,3.0,0.0,0.0,0.0,0.0,0.0,1.44,24
22500352,GSW,CLE,77.6,77.4,"('Buddy Hield', 'Jonathan Kuminga', 'Pat Spencer', 'Quinten Post', 'Will Richard')",4.083333333333333,3,8,9,3,4,3,2,1,2,1,3,10.44,9.0,0.0,2.0,2.0,4.0,2.0,4.0,0.0,6.0,19.44,25
22500352,GSW,CLE,77.0,76.8,"('Gary Payton II', 'Gui Santos', 'Moses Moody', 'Pat Spencer', 'Trayce Jackson-Davis')",0.2666666666666666,3,2,0,1,0,1,0,0,0,0,0,1.0,1.0,0.0,0.0,2.0,2.0,0.0,0.0,0.0,0.0,2.0,25
22500352,GSW,CLE,77.0,76.8,"('Buddy Hield', 'Jonathan Kuminga', 'Pat Spencer', 'Trayce Jackson-Davis', 'Will Richard')",1.7333333333333334,3,5,6,2,3,0,0,0,0,1,2,3.3200000000000003,3.88,0.0,0.0,2.0,2.0,0.0,0.0,2.0,4.0,7.2,25
22500352,GSW,CLE,77.4,78.0,"('Brandin Podziemski', 'Gary Payton II', 'Gui Santos', 'Pat Spencer', 'Quinten Post')",2.418333333333333,4,6,8,1,5,0,1,0,0,3,2,5.88,6.32,0.0,0.0,0.0,4.0,0.0,0.0,2.0,2.0,12.2,25
22500352,GSW,CLE,77.0,78.0,"('Gary Payton II', 'Gui Santos', 'Moses Moody', 'Pat Spencer', 'Trayce Jackson-Davis')",1.15,4,3,0,1,1,1,0,0,1,0,0,2.0,2.0,0.0,0.0,0.0,0.0,0.0,0.0,0.0,0.0,4.0,25
22500352,GSW,CLE,77.4,77.4,"('Buddy Hield', 'Gary Payton II', 'Jonathan Kuminga', 'Pat Spencer', 'Quinten Post')",2.183333333333333,4,4,5,2,3,2,1,0,0,1,0,3.0,6.0,0.0,0.0,0.0,4.0,0.0,0.0,3.0,2.0,9.0,25
22500352,GSW,CLE,77.4,77.8,"('Brandin Podziemski', 'Gary Payton II', 'Gui Santos', 'Moses Moody', 'Trayce Jackson-Davis')",2.4500000000000006,2,10,7,2,3,3,1,0,1,1,0,5.0,6.44,3.0,2.0,3.0,2.0,0.0,0.0,2.0,6.0,11.44,25
22500352,GSW,CLE,78.0,79.2,"('Brandin Podziemski', 'Gary Payton II', 'Gui Santos', 'Moses Moody', 'Quinten Post')",2.3833333333333333,3,5,5,2,4,0,0,0,2,1,1,5.88,6.0,3.0,0.0,0.0,0.0,0.0,0.0,0.0,0.0,11.88,25
22500352,GSW,CLE,77.4,77.8,"('Brandin Podziemski', 'Gary Payton II', 'Gui Santos', 'Moses Moody', 'Trayce Jackson-Davis')",1.85,1,2,4,2,2,0,1,1,0,0,2,4.88,4.0,0.0,0.0,0.0,0.0,2.0,0.0,2.0,2.0,8.879999999999999,25
22500352,GSW,CLE,77.2,76.8,"('Jonathan Kuminga', 'Moses Moody', 'Pat Spencer', 'Trayce Jackson-Davis', 'Will Richard')",0.8833333333333333,3,2,2,1,1,0,0,0,0,0,0,2.88,2.0,0.0,0.0,0.0,0.0,0.0,0.0,0.0,2.0,4.88,25
22500352,GSW,CLE,77.4,77.8,"('Brandin Podziemski', 'Gary Payton II', 'Gui Santos', 'Moses Moody', 'Trayce Jackson-Davis')",2.583333333333333,3,5,4,2,6,2,0,0,1,0,1,6.0,5.0,0.0,3.0,0.0,2.0,0.0,0.0,4.0,4.0,11.0,25
22500352,GSW,CLE,77.0,78.0,"('Gary Payton II', 'Jonathan Kuminga', 'Moses Moody', 'Pat Spencer', 'Trayce Jackson-Davis')",0.2,4,3,0,0,0,1,0,0,0,0,0,1.0,0.0,0.0,3.0,0.0,0.0,0.0,0.0,0.0,0.0,1.0,25
22500352,GSW,CLE,78.0,79.0,"('Brandin Podziemski', 'Buddy Hield', 'Gui Santos', 'Quinten Post', 'Will Richard')",1.4833333333333336,4,2,6,1,0,1,2,1,0,1,0,3.0,3.0,0.0,0.0,2.0,2.0,3.0,0.0,0.0,0.0,6.0,25
22500352,GSW,CLE,77.8,78.0,"('Brandin Podziemski', 'Buddy Hield', 'Gui Santos', 'Pat Spencer', 'Quinten Post')",0.1599999999999999,4,1,0,1,0,0,0,0,0,0,2,0.44,1.0,0.0,0.0,0.0,0.0,0.0,0.0,0.0,0.0,1.44,25
22500352,GSW,CLE,77.4,77.8,"('Buddy Hield', 'Gui Santos', 'Moses Moody', 'Pat Spencer', 'Trayce Jackson-Davis')",0.5666666666666667,2,0,0,1,0,0,0,0,1,0,1,1.0,1.0,0.0,0.0,0.0,0.0,0.0,0.0,0.0,0.0,2.0,25
22500352,GSW,CLE,77.0,77.0,"('Gary Payton II', 'Gui Santos', 'Moses Moody', 'Pat Spencer', 'Trayce Jackson-Davis')",1.6333333333333335,2,6,0,3,0,1,0,1,0,1,2,3.3200000000000003,3.0,0.0,0.0,0.0,0.0,0.0,0.0,0.0,0.0,6.32,25
22500352,GSW,CLE,77.4,77.4,"('Buddy Hield', 'Gary Payton II', 'Gui Santos', 'Pat Spencer', 'Quinten Post')",3.633333333333333,4,8,13,2,3,1,2,4,0,2,1,9.32,8.0,0.0,0.0,0.0,2.0,7.0,0.0,0.0,8.0,17.32,25
22500352,GSW,CLE,77.6,79.2,"('Buddy Hield', 'Jonathan Kuminga', 'Pat Spencer', 'Quinten Post', 'Will Richard')",5.083333333333332,2,13,8,5,10,4,1,1,0,1,0,9.44,8.0,0.0,0.0,0.0,6.0,0.0,0.0,2.0,2.0,17.439999999999998,25
22500352,GSW,CLE,77.4,77.2,"('Brandin Podziemski', 'Buddy Hield', 'Jonathan Kuminga', 'Trayce Jackson-Davis', 'Will Richard')",1.9,1,5,2,3,1,2,0,1,1,2,0,5.0,4.88,2.0,0.0,0.0,2.0,0.0,0.0,0.0,0.0,9.88,25
22500352,GSW,CLE,77.6,77.4,"('Buddy Hield', 'Jonathan Kuminga', 'Pat Spencer', 'Quinten Post', 'Will Richard')",4.6,1,5,6,8,8,2,2,0,0,2,0,9.0,10.0,0.0,0.0,0.0,2.0,0.0,2.0,0.0,6.0,19.0,25
22500352,GSW,CLE,78.0,79.0,"('Brandin Podziemski', 'Gary Payton II', 'Gui Santos', 'Moses Moody', 'Quinten Post')",3.1016666666666666,1,0,4,1,6,0,1,2,1,1,1,7.0,5.88,0.0,0.0,0.0,0.0,0.0,0.0,0.0,2.0,12.88,25
22500352,GSW,CLE,78.0,77.8,"('Brandin Podziemski', 'Gary Payton II', 'Gui Santos', 'Moses Moody', 'Quinten Post')",1.7666666666666666,2,4,3,2,1,1,0,0,1,1,0,3.0,3.0,0.0,0.0,2.0,4.0,0.0,0.0,0.0,0.0,6.0,25
22500352,GSW,CLE,77.6,77.2,"('Brandin Podziemski', 'Jonathan Kuminga', 'Moses Moody', 'Trayce Jackson-Davis', 'Will Richard')",0.3833333333333333,1,0,2,0,0,0,1,1,1,0,0,1.0,2.0,0.0,0.0,0.0,0.0,2.0,0.0,2.0,2.0,3.0,25
22500361,GSW,CHI,77.6,77.6,"('Brandin Podziemski', 'Gui Santos', 'Moses Moody', 'Trayce Jackson-Davis', 'Will Richard')",4.335000000000001,4,11,7,4,5,3,2,1,1,1,1,7.88,9.0,0.0,3.0,3.0,6.0,2.0,2.0,5.0,4.0,16.88,26
22500361,GSW,CHI,77.4,78.4,"('Buddy Hield', 'Jimmy Butler III', 'Pat Spencer', 'Quinten Post', 'Will Richard')",5.55,3,15,8,7,6,4,2,1,3,2,1,12.88,12.32,4.0,2.0,2.0,8.0,0.0,2.0,0.0,2.0,25.200000000000003,26
22500361,GSW,CHI,76.8,78.4,"('Brandin Podziemski', 'Jimmy Butler III', 'Pat Spencer', 'Trayce Jackson-Davis', 'Will Richard')",1.2,4,8,0,1,0,1,0,0,2,0,0,3.0,2.0,0.0,5.0,3.0,2.0,0.0,0.0,0.0,0.0,5.0,26
22500361,GSW,CHI,77.4,77.0,"('Brandin Podziemski', 'Jimmy Butler III', 'Pat Spencer', 'Quinten Post', 'Will Richard')",3.4333333333333336,4,13,2,5,3,1,1,0,0,0,1,8.0,6.0,0.0,0.0,2.0,4.0,0.0,0.0,0.0,2.0,14.0,26
22500361,GSW,CHI,77.4,77.6,"('Brandin Podziemski', ""De'Anthony Melton"", 'Jimmy Butler III', 'Quinten Post', 'Will Richard')",0.6,4,0,3,0,0,0,0,1,0,1,0,1.0,2.44,0.0,0.0,0.0,0.0,2.0,2.0,0.0,2.0,3.44,26
22500361,GSW,CHI,77.0,78.6,"('Brandin Podziemski', ""De'Anthony Melton"", 'Gui Santos', 'Trayce Jackson-Davis', 'Will Richard')",2.1166666666666667,4,4,3,3,3,1,1,0,1,0,2,3.44,3.0,0.0,0.0,0.0,0.0,0.0,0.0,0.0,0.0,6.44,26
22500361,GSW,CHI,77.6,78.8,"('Brandin Podziemski', 'Buddy Hield', ""De'Anthony Melton"", 'Jimmy Butler III', 'Quinten Post')",0.3666666666666666,2,0,0,0,0,0,0,0,0,0,0,0.0,1.0,0.0,0.0,0.0,0.0,0.0,0.0,0.0,0.0,1.0,26
22500361,GSW,CHI,77.6,77.6,"('Brandin Podziemski', 'Buddy Hield', 'Jimmy Butler III', 'Pat Spencer', 'Quinten Post')",1.3733333333333335,3,1,6,0,1,0,1,1,1,0,1,3.44,3.0,0.0,0.0,0.0,0.0,3.0,0.0,0.0,0.0,6.44,26
22500361,GSW,CHI,76.0,78.4,"('Buddy Hield', ""De'Anthony Melton"", 'Pat Spencer', 'Trayce Jackson-Davis', 'Will Richard')",0.5333333333333333,3,0,3,0,0,0,1,1,0,0,0,1.0,1.0,0.0,0.0,0.0,0.0,0.0,0.0,0.0,0.0,2.0,26
22500361,GSW,CHI,78.2,77.6,"('Brandin Podziemski', 'Gui Santos', 'Jimmy Butler III', 'Moses Moody', 'Trayce Jackson-Davis')",0.9666666666666668,3,0,6,1,1,0,2,1,0,0,0,2.0,2.44,0.0,0.0,0.0,0.0,3.0,5.0,0.0,2.0,4.44,26
22500361,GSW,CHI,77.2,77.6,"('Buddy Hield', ""De'Anthony Melton"", 'Gary Payton II', 'Jimmy Butler III', 'Quinten Post')",0.1933333333333333,3,0,0,0,1,0,0,0,0,0,0,1.0,1.0,0.0,0.0,0.0,0.0,0.0,0.0,0.0,0.0,2.0,26
22500361,GSW,CHI,77.0,77.6,"(""De'Anthony Melton"", 'Gui Santos', 'Moses Moody', 'Pat Spencer', 'Trayce Jackson-Davis')",0.9,3,2,1,1,1,0,0,0,0,2,1,1.88,2.44,0.0,0.0,0.0,0.0,0.0,0.0,0.0,0.0,4.32,26
22500361,GSW,CHI,77.4,77.6,"('Brandin Podziemski', ""De'Anthony Melton"", 'Gui Santos', 'Moses Moody', 'Trayce Jackson-Davis')",2.3666666666666667,3,9,6,4,2,2,1,1,1,3,1,5.44,6.76,0.0,3.0,2.0,0.0,0.0,0.0,0.0,2.0,12.2,26
22500361,GSW,CHI,77.6,77.2,"('Brandin Podziemski', 'Buddy Hield', 'Gary Payton II', 'Jimmy Butler III', 'Quinten Post')",3.583333333333333,2,5,6,4,4,1,0,2,0,1,1,7.0,7.0,0.0,0.0,0.0,2.0,2.0,0.0,2.0,6.0,14.0,26
22500361,GSW,CHI,75.6,78.0,"('Brandin Podziemski', 'Buddy Hield', 'Gary Payton II', 'Jimmy Butler III', 'Pat Spencer')",0.0,2,0,0,0,0,0,0,0,0,0,0,0.0,0.0,0.0,0.0,0.0,0.0,0.0,0.0,0.0,0.0,0.0,26
22500361,GSW,CHI,77.6,78.4,"('Brandin Podziemski', 'Buddy Hield', 'Jimmy Butler III', 'Pat Spencer', 'Quinten Post')",1.721666666666667,2,6,2,2,1,1,0,0,1,1,0,4.44,3.88,3.0,3.0,2.0,2.0,0.0,0.0,0.0,0.0,8.32,26
22500361,GSW,CHI,76.6,78.8,"('Buddy Hield', ""De'Anthony Melton"", 'Jimmy Butler III', 'Pat Spencer', 'Trayce Jackson-Davis')",0.55,2,1,0,1,0,0,0,0,0,0,1,0.44,1.0,0.0,0.0,0.0,0.0,0.0,0.0,0.0,0.0,1.44,26
22500361,GSW,CHI,77.8,78.6,"('Brandin Podziemski', 'Jimmy Butler III', 'Moses Moody', 'Pat Spencer', 'Quinten Post')",0.5166666666666666,2,3,1,0,0,1,0,0,0,1,0,1.0,0.44,0.0,0.0,0.0,0.0,0.0,0.0,0.0,0.0,1.44,26
22500361,GSW,CHI,78.2,78.8,"('Brandin Podziemski', 'Buddy Hield', 'Jimmy Butler III', 'Moses Moody', 'Quinten Post')",1.3,2,1,3,4,2,0,0,0,0,0,2,3.44,2.44,0.0,0.0,0.0,0.0,0.0,0.0,0.0,2.0,5.88,26
22500361,GSW,CHI,77.2,78.8,"('Buddy Hield', ""De'Anthony Melton"", 'Jimmy Butler III', 'Pat Spencer', 'Quinten Post')",0.2333333333333333,2,0,0,0,0,0,0,0,0,0,1,1.0,0.0,0.0,0.0,0.0,0.0,0.0,0.0,0.0,0.0,1.0,26
22500361,GSW,CHI,77.0,78.6,"(""De'Anthony Melton"", 'Gui Santos', 'Moses Moody', 'Pat Spencer', 'Trayce Jackson-Davis')",2.8,2,5,9,2,2,2,4,2,1,0,0,6.0,6.0,0.0,0.0,2.0,2.0,0.0,0.0,2.0,6.0,12.0,26
22500361,GSW,CHI,77.0,78.0,"('Brandin Podziemski', 'Buddy Hield', 'Gary Payton II', 'Jimmy Butler III', 'Trayce Jackson-Davis')",0.5083333333333333,2,1,0,1,0,0,0,0,1,0,1,1.44,2.0,0.0,0.0,0.0,0.0,0.0,0.0,0.0,0.0,3.44,26
22500361,GSW,CHI,77.0,78.4,"(""De'Anthony Melton"", 'Gui Santos', 'Moses Moody', 'Pat Spencer', 'Trayce Jackson-Davis')",1.75,1,4,5,1,0,1,2,1,0,0,0,3.0,4.0,0.0,0.0,0.0,4.0,2.0,0.0,0.0,2.0,7.0,26
22500361,GSW,CHI,77.4,77.0,"('Brandin Podziemski', ""De'Anthony Melton"", 'Gui Santos', 'Moses Moody', 'Trayce Jackson-Davis')",3.783333333333333,1,11,8,5,5,3,3,1,0,1,0,7.0,7.0,3.0,0.0,3.0,2.0,0.0,0.0,3.0,2.0,14.0,26
22500361,GSW,CHI,77.6,78.4,"(""De'Anthony Melton"", 'Gui Santos', 'Moses Moody', 'Pat Spencer', 'Quinten Post')",0.3666666666666666,1,0,0,0,0,0,0,0,0,1,0,1.0,0.0,0.0,0.0,0.0,0.0,0.0,0.0,0.0,0.0,1.0,26
22500361,GSW,CHI,77.4,78.8,"('Buddy Hield', 'Jimmy Butler III', 'Pat Spencer', 'Quinten Post', 'Will Richard')",6.016666666666666,1,23,12,5,1,6,4,2,3,2,1,13.0,12.88,4.0,6.0,2.0,8.0,4.0,2.0,0.0,10.0,25.880000000000003,26
22500378,GSW,PHX,77.8,78.4,"('Brandin Podziemski', ""De'Anthony Melton"", 'Quinten Post', 'Stephen Curry', 'Trayce Jackson-Davis')",0.0,1,0,0,0,0,0,0,0,0,0,0,0.0,0.0,0.0,0.0,0.0,0.0,0.0,0.0,0.0,0.0,0.0,27
22500378,GSW,PHX,77.4,78.4,"('Gary Payton II', 'Jimmy Butler III', 'Moses Moody', 'Quinten Post', 'Stephen Curry')",1.366666666666667,1,0,6,2,1,0,2,0,0,0,0,2.0,2.0,0.0,0.0,0.0,0.0,0.0,0.0,0.0,0.0,4.0,27
22500378,GSW,PHX,77.8,78.4,"('Brandin Podziemski', ""De'Anthony Melton"", 'Jimmy Butler III', 'Moses Moody', 'Quinten Post')",1.4833333333333332,2,5,4,1,1,1,1,0,0,0,1,3.0,2.0,0.0,0.0,0.0,2.0,0.0,0.0,0.0,4.0,5.0,27
22500378,GSW,PHX,76.2,77.4,"(""De'Anthony Melton"", 'Draymond Green', 'Jimmy Butler III', 'Moses Moody', 'Stephen Curry')",1.95,2,4,5,0,1,1,1,1,1,0,0,3.0,4.0,0.0,2.0,0.0,4.0,0.0,0.0,0.0,2.0,7.0,27
22500378,GSW,PHX,76.6,78.4,"('Brandin Podziemski', 'Draymond Green', 'Gary Payton II', 'Stephen Curry', 'Trayce Jackson-Davis')",0.1166666666666666,1,0,2,0,0,0,1,1,0,0,0,1.0,1.0,0.0,0.0,0.0,0.0,2.0,2.0,0.0,2.0,2.0,27
22500378,GSW,PHX,78.2,78.4,"('Draymond Green', 'Jimmy Butler III', 'Moses Moody', 'Quinten Post', 'Stephen Curry')",4.300000000000001,3,9,12,5,3,3,4,3,1,3,2,10.32,10.0,0.0,0.0,0.0,6.0,5.0,5.0,2.0,6.0,20.32,27
22500378,GSW,PHX,77.2,79.0,"('Brandin Podziemski', 'Buddy Hield', 'Gui Santos', 'Stephen Curry', 'Trayce Jackson-Davis')",2.1,3,5,2,3,1,2,1,2,0,2,1,5.0,5.0,0.0,0.0,0.0,0.0,2.0,0.0,0.0,2.0,10.0,27
22500378,GSW,PHX,76.8,78.8,"(""De'Anthony Melton"", 'Draymond Green', 'Moses Moody', 'Stephen Curry', 'Trayce Jackson-Davis')",1.0666666666666669,3,0,5,4,1,0,1,1,0,1,0,2.0,2.88,0.0,0.0,0.0,0.0,0.0,3.0,0.0,0.0,4.88,27
22500378,GSW,PHX,78.2,78.0,"('Brandin Podziemski', 'Gui Santos', 'Jimmy Butler III', 'Moses Moody', 'Trayce Jackson-Davis')",0.3833333333333333,3,0,1,0,1,0,0,0,1,0,1,1.0,1.44,0.0,0.0,0.0,0.0,0.0,0.0,0.0,0.0,2.44,27
22500378,GSW,PHX,76.6,78.4,"('Brandin Podziemski', ""De'Anthony Melton"", 'Draymond Green', 'Stephen Curry', 'Trayce Jackson-Davis')",2.0666666666666664,1,5,0,3,1,2,0,1,1,2,1,4.0,5.0,0.0,0.0,0.0,2.0,0.0,0.0,0.0,0.0,9.0,27
22500378,GSW,PHX,76.0,78.0,"('Buddy Hield', ""De'Anthony Melton"", 'Draymond Green', 'Gary Payton II', 'Jimmy Butler III')",0.0783333333333333,1,1,0,0,0,0,0,0,0,0,0,0.44,1.0,0.0,0.0,0.0,0.0,0.0,0.0,0.0,0.0,1.44,27
22500378,GSW,PHX,76.2,78.0,"(""De'Anthony Melton"", 'Draymond Green', 'Gary Payton II', 'Jimmy Butler III', 'Moses Moody')",0.3283333333333333,3,0,1,0,0,0,0,0,0,1,0,0.0,0.44,0.0,0.0,0.0,0.0,0.0,0.0,0.0,0.0,0.44,27
22500378,GSW,PHX,78.0,79.2,"('Brandin Podziemski', ""De'Anthony Melton"", 'Draymond Green', 'Jimmy Butler III', 'Quinten Post')",0.0,3,0,0,1,0,0,0,0,0,0,0,0.0,1.0,0.0,0.0,0.0,0.0,0.0,0.0,0.0,0.0,1.0,27
22500378,GSW,PHX,78.8,76.8,"('Brandin Podziemski', 'Gui Santos', 'Jimmy Butler III', 'Moses Moody', 'Quinten Post')",2.768333333333333,3,0,0,3,5,0,0,1,2,1,1,5.0,4.0,0.0,0.0,0.0,0.0,0.0,0.0,0.0,0.0,9.0,27
22500378,GSW,PHX,77.4,78.4,"(""De'Anthony Melton"", 'Draymond Green', 'Moses Moody', 'Quinten Post', 'Stephen Curry')",0.6,3,4,3,1,0,1,1,0,1,1,0,2.0,2.44,0.0,2.0,2.0,2.0,0.0,0.0,0.0,0.0,4.44,27
22500378,GSW,PHX,77.4,78.0,"(""De'Anthony Melton"", 'Gary Payton II', 'Jimmy Butler III', 'Moses Moody', 'Quinten Post')",0.0,3,0,0,0,0,0,0,0,0,0,0,0.0,0.0,0.0,0.0,0.0,0.0,0.0,0.0,0.0,0.0,0.0,27
22500378,GSW,PHX,76.6,77.4,"('Brandin Podziemski', 'Draymond Green', 'Jimmy Butler III', 'Moses Moody', 'Stephen Curry')",1.8883333333333332,2,3,0,4,4,1,0,1,1,0,0,4.0,4.0,0.0,0.0,0.0,0.0,0.0,0.0,0.0,0.0,8.0,27
22500378,GSW,PHX,78.8,78.4,"('Brandin Podziemski', 'Jimmy Butler III', 'Jonathan Kuminga', 'Moses Moody', 'Quinten Post')",1.25,2,1,2,1,2,0,1,1,1,0,0,2.44,3.0,0.0,0.0,0.0,0.0,2.0,2.0,0.0,2.0,5.44,27
22500378,GSW,PHX,77.2,77.8,"('Buddy Hield', 'Draymond Green', 'Gui Santos', 'Jonathan Kuminga', 'Stephen Curry')",4.1,2,6,8,3,6,2,2,1,2,1,0,8.0,7.44,0.0,3.0,0.0,0.0,0.0,0.0,2.0,2.0,15.44,27
22500378,GSW,PHX,79.2,77.4,"('Brandin Podziemski', 'Gui Santos', 'Jimmy Butler III', 'Jonathan Kuminga', 'Quinten Post')",1.15,2,5,1,2,1,2,0,0,0,0,0,3.0,2.44,0.0,0.0,0.0,2.0,0.0,0.0,0.0,0.0,5.44,27
22500378,GSW,PHX,77.4,77.4,"(""De'Anthony Melton"", 'Jimmy Butler III', 'Moses Moody', 'Quinten Post', 'Stephen Curry')",0.0,2,0,0,0,0,0,0,0,0,0,0,0.0,0.0,0.0,0.0,0.0,0.0,0.0,0.0,0.0,0.0,0.0,27
22500378,GSW,PHX,77.6,76.8,"('Brandin Podziemski', 'Buddy Hield', ""De'Anthony Melton"", 'Jimmy Butler III', 'Quinten Post')",3.5383333333333336,1,9,9,2,5,0,1,0,2,1,3,8.32,6.88,0.0,2.0,0.0,2.0,0.0,2.0,0.0,4.0,15.2,27
22500378,GSW,PHX,77.2,77.8,"('Brandin Podziemski', 'Draymond Green', 'Gui Santos', 'Jonathan Kuminga', 'Stephen Curry')",2.9833333333333334,4,5,7,4,4,2,0,1,0,2,1,6.0,7.44,2.0,0.0,0.0,2.0,2.0,0.0,0.0,4.0,13.44,27
22500378,GSW,PHX,78.2,77.6,"('Draymond Green', 'Jimmy Butler III', 'Moses Moody', 'Quinten Post', 'Stephen Curry')",1.1,4,0,2,0,2,0,1,0,1,0,0,3.0,2.0,0.0,0.0,0.0,0.0,0.0,0.0,0.0,2.0,5.0,27
22500378,GSW,PHX,76.8,78.4,"('Draymond Green', 'Gary Payton II', 'Moses Moody', 'Stephen Curry', 'Trayce Jackson-Davis')",0.6666666666666666,1,3,0,1,1,1,0,0,0,0,1,2.0,2.0,0.0,0.0,3.0,0.0,0.0,0.0,0.0,0.0,4.0,27
22500378,GSW,PHX,78.2,78.4,"('Draymond Green', 'Jimmy Butler III', 'Moses Moody', 'Quinten Post', 'Stephen Curry')",3.9499999999999993,1,11,9,7,2,3,1,3,1,1,2,10.88,9.88,0.0,0.0,2.0,6.0,2.0,0.0,0.0,4.0,20.76,27
22500378,GSW,PHX,77.8,77.4,"('Brandin Podziemski', ""De'Anthony Melton"", 'Jimmy Butler III', 'Moses Moody', 'Quinten Post')",3.233333333333334,4,11,3,5,2,4,0,0,0,1,0,6.0,5.44,2.0,2.0,2.0,8.0,0.0,0.0,0.0,2.0,11.44,27
22500378,GSW,PHX,76.2,76.4,"(""De'Anthony Melton"", 'Draymond Green', 'Gary Payton II', 'Jimmy Butler III', 'Moses Moody')",0.355,4,0,0,0,1,0,0,0,0,1,0,0.0,0.0,0.0,0.0,0.0,0.0,0.0,0.0,0.0,0.0,0.0,27
22500378,GSW,PHX,76.6,77.6,"('Brandin Podziemski', 'Draymond Green', 'Jimmy Butler III', 'Moses Moody', 'Stephen Curry')",2.875,4,11,10,2,2,2,1,1,0,0,3,7.640000000000001,7.44,2.0,0.0,0.0,2.0,3.0,3.0,0.0,2.0,15.080000000000002,27
22500378,GSW,PHX,78.0,77.4,"('Brandin Podziemski', 'Draymond Green', 'Jimmy Butler III', 'Quinten Post', 'Stephen Curry')",1.0833333333333333,4,0,6,0,1,0,0,2,0,1,0,2.0,2.88,0.0,0.0,0.0,0.0,2.0,0.0,0.0,4.0,4.88,27
22500378,GSW,PHX,77.8,77.4,"('Brandin Podziemski', 'Jimmy Butler III', 'Moses Moody', 'Quinten Post', 'Stephen Curry')",0.35,4,0,1,0,1,0,0,0,0,1,0,1.0,0.44,0.0,0.0,0.0,0.0,0.0,0.0,0.0,0.0,1.44,27
22500392,GSW,PHX,77.4,77.8,"('Brandin Podziemski', 'Jimmy Butler III', 'Quinten Post', 'Stephen Curry', 'Will Richard')",1.03,2,4,2,2,1,1,0,1,0,0,1,2.44,3.0,3.0,0.0,0.0,0.0,0.0,0.0,0.0,0.0,5.44,28
22500392,GSW,PHX,76.8,77.4,"('Brandin Podziemski', 'Jimmy Butler III', 'Stephen Curry', 'Trayce Jackson-Davis', 'Will Richard')",0.2666666666666666,4,0,0,0,0,0,0,1,0,2,0,1.0,0.0,0.0,0.0,0.0,0.0,0.0,0.0,0.0,0.0,1.0,28
22500392,GSW,PHX,75.4,76.4,"('Brandin Podziemski', ""De'Anthony Melton"", 'Gary Payton II', 'Jimmy Butler III', 'Will Richard')",0.0199999999999999,4,0,3,0,0,0,1,0,0,0,0,0.0,1.0,0.0,0.0,0.0,0.0,0.0,0.0,0.0,0.0,1.0,28
22500392,GSW,PHX,76.4,76.4,"(""De'Anthony Melton"", 'Gary Payton II', 'Jimmy Butler III', 'Trayce Jackson-Davis', 'Will Richard')",0.0766666666666666,4,0,0,0,0,0,0,0,0,0,0,0.0,1.0,0.0,0.0,0.0,0.0,0.0,0.0,0.0,0.0,1.0,28
22500392,GSW,PHX,77.4,77.4,"('Brandin Podziemski', 'Jimmy Butler III', 'Quinten Post', 'Stephen Curry', 'Will Richard')",0.64,4,1,1,1,1,0,0,0,0,0,1,1.44,1.44,0.0,0.0,0.0,0.0,0.0,0.0,0.0,0.0,2.88,28
22500392,GSW,PHX,77.0,77.4,"(""De'Anthony Melton"", 'Jimmy Butler III', 'Pat Spencer', 'Quinten Post', 'Will Richard')",2.993333333333333,3,9,8,2,2,2,1,0,1,2,2,6.32,7.32,0.0,3.0,0.0,0.0,0.0,0.0,0.0,2.0,13.64,28
22500392,GSW,PHX,76.4,78.0,"(""De'Anthony Melton"", 'Jimmy Butler III', 'Pat Spencer', 'Trayce Jackson-Davis', 'Will Richard')",0.0183333333333333,3,0,0,0,0,0,0,0,0,1,0,0.0,1.0,0.0,0.0,0.0,0.0,0.0,0.0,0.0,0.0,1.0,28
22500392,GSW,PHX,77.2,77.4,"('Brandin Podziemski', 'Gary Payton II', 'Jimmy Butler III', 'Quinten Post', 'Stephen Curry')",2.9233333333333333,4,9,12,0,3,3,2,0,0,1,1,6.0,6.44,0.0,0.0,0.0,4.0,2.0,3.0,2.0,6.0,12.44,28
22500392,GSW,PHX,77.6,78.6,"('Brandin Podziemski', 'Gary Payton II', 'Gui Santos', 'Jimmy Butler III', 'Trayce Jackson-Davis')",0.7,4,3,0,0,1,1,0,0,1,0,0,2.0,1.0,0.0,3.0,0.0,0.0,0.0,0.0,0.0,0.0,3.0,28
22500392,GSW,PHX,76.4,78.4,"('Brandin Podziemski', 'Gary Payton II', 'Moses Moody', 'Stephen Curry', 'Trayce Jackson-Davis')",2.9833333333333334,3,6,5,4,3,2,2,2,1,0,1,7.0,7.0,0.0,0.0,0.0,0.0,0.0,0.0,2.0,2.0,14.0,28
22500392,GSW,PHX,77.8,78.0,"('Brandin Podziemski', 'Jimmy Butler III', 'Moses Moody', 'Quinten Post', 'Stephen Curry')",3.9166666666666665,3,9,4,4,5,3,0,0,1,3,4,8.0,8.76,0.0,0.0,2.0,6.0,0.0,0.0,0.0,0.0,16.759999999999998,28
22500392,GSW,PHX,76.8,78.6,"(""De'Anthony Melton"", 'Jimmy Butler III', 'Pat Spencer', 'Quinten Post', 'Stephen Curry')",1.9333333333333331,3,5,2,2,1,2,0,0,0,1,0,3.0,2.0,0.0,2.0,2.0,2.0,0.0,0.0,0.0,2.0,5.0,28
22500392,GSW,PHX,78.6,78.0,"('Brandin Podziemski', 'Jimmy Butler III', 'Quinten Post', 'Stephen Curry', 'Trayce Jackson-Davis')",0.0,3,0,1,0,0,0,0,0,0,0,0,0.0,0.44,0.0,0.0,0.0,0.0,0.0,0.0,0.0,0.0,0.44,28
22500392,GSW,PHX,77.0,77.4,"('Brandin Podziemski', 'Gary Payton II', 'Moses Moody', 'Quinten Post', 'Stephen Curry')",1.9500000000000004,2,4,2,6,1,1,0,1,0,0,2,4.44,4.0,0.0,0.0,3.0,0.0,2.0,2.0,0.0,2.0,8.440000000000001,28
22500392,GSW,PHX,77.0,79.6,"(""De'Anthony Melton"", 'Jimmy Butler III', 'Pat Spencer', 'Quinten Post', 'Will Richard')",1.05,2,5,2,1,0,1,0,0,1,0,0,2.0,2.0,0.0,0.0,2.0,2.0,0.0,0.0,0.0,0.0,4.0,28
22500392,GSW,PHX,77.0,77.4,"('Gary Payton II', 'Jimmy Butler III', 'Pat Spencer', 'Quinten Post', 'Will Richard')",1.6333333333333333,2,0,4,1,1,0,1,1,0,0,1,2.0,3.0,0.0,0.0,0.0,0.0,2.0,2.0,0.0,4.0,5.0,28
22500392,GSW,PHX,76.4,78.8,"(""De'Anthony Melton"", 'Jimmy Butler III', 'Pat Spencer', 'Trayce Jackson-Davis', 'Will Richard')",1.2500000000000002,2,2,2,1,0,0,1,1,1,0,2,4.0,2.0,0.0,2.0,2.0,2.0,2.0,0.0,0.0,0.0,6.0,28
22500392,GSW,PHX,75.8,76.8,"('Brandin Podziemski', 'Draymond Green', 'Gary Payton II', 'Moses Moody', 'Stephen Curry')",1.35,2,5,4,1,3,1,0,0,0,1,1,3.0,3.76,3.0,0.0,0.0,2.0,0.0,0.0,0.0,0.0,6.76,28
22500392,GSW,PHX,76.8,76.8,"('Brandin Podziemski', ""De'Anthony Melton"", 'Jimmy Butler III', 'Trayce Jackson-Davis', 'Will Richard')",1.7833333333333334,1,3,5,2,2,1,2,0,0,0,1,3.0,4.0,0.0,0.0,0.0,0.0,3.0,0.0,0.0,2.0,7.0,28
22500392,GSW,PHX,76.8,76.8,"('Brandin Podziemski', 'Jimmy Butler III', 'Pat Spencer', 'Trayce Jackson-Davis', 'Will Richard')",1.3483333333333334,1,4,5,0,0,0,2,0,0,0,0,2.88,2.0,0.0,0.0,0.0,0.0,0.0,0.0,0.0,2.0,4.88,28
22500392,GSW,PHX,76.8,78.4,"('Brandin Podziemski', 'Jimmy Butler III', 'Stephen Curry', 'Trayce Jackson-Davis', 'Will Richard')",0.1933333333333333,1,1,0,0,0,0,0,0,0,0,1,1.44,0.0,0.0,0.0,0.0,0.0,0.0,0.0,0.0,0.0,1.44,28
22500392,GSW,PHX,75.2,78.8,"('Brandin Podziemski', ""De'Anthony Melton"", 'Draymond Green', 'Gary Payton II', 'Stephen Curry')",0.8333333333333334,1,3,4,0,0,1,1,1,0,1,0,2.0,1.44,0.0,0.0,0.0,0.0,0.0,0.0,0.0,0.0,3.44,28
22500392,GSW,PHX,76.6,78.6,"('Brandin Podziemski', ""De'Anthony Melton"", 'Jimmy Butler III', 'Stephen Curry', 'Trayce Jackson-Davis')",1.7166666666666668,1,4,6,1,2,2,1,1,0,0,1,4.0,3.0,0.0,0.0,2.0,4.0,2.0,0.0,2.0,6.0,7.0,28
22500392,GSW,PHX,77.4,78.0,"('Brandin Podziemski', 'Draymond Green', 'Gary Payton II', 'Jimmy Butler III', 'Trayce Jackson-Davis')",0.1283333333333333,1,0,3,0,0,0,1,0,0,1,0,0.0,1.0,0.0,0.0,0.0,0.0,0.0,0.0,0.0,0.0,1.0,28
22500392,GSW,PHX,78.2,78.4,"('Draymond Green', 'Jimmy Butler III', 'Moses Moody', 'Quinten Post', 'Stephen Curry')",4.05,1,11,15,4,3,3,3,1,0,1,0,9.0,9.88,0.0,0.0,3.0,6.0,0.0,0.0,0.0,6.0,18.880000000000003,28
22500392,GSW,PHX,75.8,78.4,"('Brandin Podziemski', 'Draymond Green', 'Gary Payton II', 'Moses Moody', 'Stephen Curry')",1.8666666666666667,1,6,6,1,1,2,1,2,2,1,0,6.0,5.44,0.0,2.0,0.0,4.0,3.0,0.0,0.0,0.0,11.44,28
22500392,GSW,PHX,77.0,77.4,"('Jimmy Butler III', 'Moses Moody', 'Stephen Curry', 'Trayce Jackson-Davis', 'Will Richard')",1.3166666666666669,4,2,3,1,0,0,0,1,0,0,2,3.0,2.44,0.0,0.0,2.0,0.0,0.0,0.0,0.0,0.0,5.44,28
22500392,GSW,PHX,77.4,78.6,"('Brandin Podziemski', 'Gary Payton II', 'Gui Santos', 'Quinten Post', 'Stephen Curry')",4.133333333333333,4,7,5,7,3,1,2,2,4,1,1,8.0,9.0,0.0,3.0,2.0,4.0,2.0,3.0,0.0,2.0,17.0,28
22500392,GSW,PHX,76.4,78.4,"(""De'Anthony Melton"", 'Jimmy Butler III', 'Stephen Curry', 'Trayce Jackson-Davis', 'Will Richard')",3.6183333333333336,2,12,7,5,1,1,1,4,2,3,2,13.08,9.0,3.0,0.0,2.0,2.0,2.0,0.0,0.0,4.0,22.08,28
22500392,GSW,PHX,75.4,77.4,"('Brandin Podziemski', ""De'Anthony Melton"", 'Jimmy Butler III', 'Stephen Curry', 'Will Richard')",0.0683333333333333,4,2,0,0,0,1,0,0,0,0,0,1.0,0.0,0.0,0.0,0.0,2.0,0.0,0.0,0.0,0.0,1.0,28
22500392,GSW,PHX,76.6,79.8,"('Brandin Podziemski', 'Gary Payton II', 'Jimmy Butler III', 'Stephen Curry', 'Trayce Jackson-Davis')",0.0683333333333333,4,2,2,0,0,0,0,0,0,1,0,0.88,1.0,0.0,0.0,0.0,0.0,0.0,0.0,0.0,2.0,1.88,28
22500392,GSW,PHX,77.8,77.4,"('Brandin Podziemski', 'Gui Santos', 'Jimmy Butler III', 'Trayce Jackson-Davis', 'Will Richard')",1.7000000000000002,4,0,3,3,0,0,1,1,0,2,0,2.0,2.44,0.0,0.0,0.0,0.0,2.0,2.0,0.0,2.0,4.44,28
22500407,GSW,ORL,76.6,78.8,"('Brandin Podziemski', 'Draymond Green', 'Jimmy Butler III', 'Moses Moody', 'Stephen Curry')",3.645,2,8,7,3,4,2,2,1,0,0,4,9.76,8.44,2.0,0.0,0.0,4.0,0.0,0.0,0.0,4.0,18.2,29
22500407,GSW,ORL,77.0,79.0,"(""De'Anthony Melton"", 'Jimmy Butler III', 'Pat Spencer', 'Quinten Post', 'Will Richard')",2.35,2,6,5,2,3,0,0,1,2,0,3,5.76,6.44,0.0,2.0,0.0,2.0,2.0,2.0,2.0,4.0,12.2,29
22500407,GSW,ORL,78.2,78.6,"('Draymond Green', 'Jimmy Butler III', 'Moses Moody', 'Quinten Post', 'Stephen Curry')",3.4666666666666663,3,8,14,1,2,3,4,2,0,1,0,7.0,7.44,0.0,0.0,0.0,8.0,2.0,3.0,2.0,8.0,14.44,29
22500407,GSW,ORL,76.4,79.2,"('Brandin Podziemski', 'Gary Payton II', 'Moses Moody', 'Stephen Curry', 'Trayce Jackson-Davis')",1.1333333333333333,3,4,0,1,1,1,0,0,2,0,2,3.44,3.0,0.0,0.0,0.0,0.0,0.0,0.0,0.0,0.0,6.44,29
22500407,GSW,ORL,75.8,79.2,"('Brandin Podziemski', ""De'Anthony Melton"", 'Gary Payton II', 'Stephen Curry', 'Trayce Jackson-Davis')",0.2833333333333333,3,0,1,0,0,0,0,0,0,1,0,0.0,0.44,0.0,0.0,0.0,0.0,0.0,0.0,0.0,0.0,0.44,29
22500407,GSW,ORL,77.8,79.0,"('Brandin Podziemski', 'Jimmy Butler III', 'Moses Moody', 'Pat Spencer', 'Quinten Post')",0.65,2,2,2,1,0,0,0,0,0,1,0,1.0,0.88,0.0,0.0,2.0,2.0,0.0,0.0,0.0,0.0,1.88,29
22500407,GSW,ORL,77.4,78.6,"('Brandin Podziemski', 'Gui Santos', 'Moses Moody', 'Stephen Curry', 'Trayce Jackson-Davis')",1.1833333333333331,4,3,0,3,2,1,0,0,0,1,0,2.0,3.0,0.0,0.0,3.0,0.0,0.0,0.0,0.0,0.0,5.0,29
22500407,GSW,ORL,77.4,78.6,"(""De'Anthony Melton"", 'Jimmy Butler III', 'Moses Moody', 'Pat Spencer', 'Quinten Post')",1.6666666666666667,4,2,3,1,2,1,1,1,0,1,1,3.0,3.44,0.0,0.0,0.0,2.0,0.0,2.0,0.0,0.0,6.44,29
22500407,GSW,ORL,77.2,79.0,"('Brandin Podziemski', 'Draymond Green', 'Moses Moody', 'Stephen Curry', 'Trayce Jackson-Davis')",0.1,1,0,0,0,0,0,0,0,0,0,1,0.0,0.0,0.0,0.0,0.0,0.0,0.0,0.0,0.0,0.0,0.0,29
22500407,GSW,ORL,75.8,78.6,"('Brandin Podziemski', 'Draymond Green', 'Gary Payton II', 'Moses Moody', 'Stephen Curry')",2.233333333333333,1,7,8,2,1,3,2,1,1,1,0,5.0,6.44,0.0,0.0,0.0,4.0,0.0,0.0,0.0,2.0,11.44,29
22500407,GSW,ORL,78.2,78.6,"('Draymond Green', 'Jimmy Butler III', 'Moses Moody', 'Quinten Post', 'Stephen Curry')",3.683333333333333,1,4,8,4,5,1,2,0,1,1,0,7.0,7.0,0.0,2.0,2.0,2.0,0.0,3.0,0.0,2.0,14.0,29
22500407,GSW,ORL,76.6,79.2,"('Brandin Podziemski', ""De'Anthony Melton"", 'Jimmy Butler III', 'Stephen Curry', 'Trayce Jackson-Davis')",2.016666666666667,1,10,7,0,0,4,2,0,1,1,2,4.88,3.88,2.0,4.0,0.0,8.0,0.0,0.0,0.0,2.0,8.76,29
22500407,GSW,ORL,76.8,79.2,"('Brandin Podziemski', ""De'Anthony Melton"", 'Jimmy Butler III', 'Trayce Jackson-Davis', 'Will Richard')",0.5166666666666666,1,3,2,0,0,0,1,0,0,0,0,1.44,1.0,0.0,0.0,0.0,0.0,0.0,0.0,0.0,2.0,2.44,29
22500407,GSW,ORL,76.4,79.2,"(""De'Anthony Melton"", 'Jimmy Butler III', 'Pat Spencer', 'Trayce Jackson-Davis', 'Will Richard')",0.8,1,0,2,1,1,0,1,1,1,0,0,2.0,3.0,0.0,0.0,0.0,0.0,0.0,0.0,0.0,2.0,5.0,29
22500407,GSW,ORL,77.0,79.0,"(""De'Anthony Melton"", 'Jimmy Butler III', 'Pat Spencer', 'Quinten Post', 'Will Richard')",2.4450000000000003,1,2,3,3,9,1,0,0,0,2,1,4.0,4.44,0.0,0.0,2.0,2.0,0.0,0.0,2.0,2.0,8.44,29
22500407,GSW,ORL,75.8,78.8,"('Brandin Podziemski', 'Draymond Green', 'Gary Payton II', 'Moses Moody', 'Stephen Curry')",4.566666666666666,2,15,10,6,3,4,2,2,2,3,2,10.44,10.44,0.0,0.0,4.0,6.0,2.0,4.0,2.0,6.0,20.88,29
22500407,GSW,ORL,77.0,78.6,"(""De'Anthony Melton"", 'Jimmy Butler III', 'Quinten Post', 'Stephen Curry', 'Will Richard')",0.6833333333333333,2,1,3,0,1,0,0,0,0,1,0,1.44,1.44,0.0,0.0,0.0,0.0,0.0,0.0,0.0,2.0,2.88,29
22500407,GSW,ORL,77.0,78.6,"('Buddy Hield', 'Gui Santos', 'Pat Spencer', 'Trayce Jackson-Davis', 'Will Richard')",3.1333333333333337,4,7,5,6,2,2,0,2,1,1,1,5.88,9.0,0.0,0.0,3.0,2.0,0.0,0.0,0.0,2.0,14.88,29
22500407,GSW,ORL,77.8,78.6,"('Brandin Podziemski', ""De'Anthony Melton"", 'Jimmy Butler III', 'Moses Moody', 'Quinten Post')",1.516666666666667,4,4,0,3,2,1,0,0,0,0,0,3.0,2.0,0.0,0.0,2.0,4.0,0.0,0.0,0.0,0.0,5.0,29
22500407,GSW,ORL,78.0,78.6,"('Brandin Podziemski', 'Gui Santos', 'Moses Moody', 'Quinten Post', 'Stephen Curry')",3.6,4,13,3,4,3,3,0,0,3,2,1,6.44,7.44,0.0,5.0,2.0,6.0,0.0,0.0,0.0,2.0,13.88,29
22500407,GSW,ORL,77.2,78.6,"('Brandin Podziemski', 'Jimmy Butler III', 'Moses Moody', 'Pat Spencer', 'Trayce Jackson-Davis')",0.7333333333333334,4,2,3,1,0,0,1,0,0,0,0,1.0,1.44,0.0,0.0,2.0,2.0,0.0,0.0,0.0,2.0,2.44,29
22500407,GSW,ORL,78.0,79.0,"('Brandin Podziemski', 'Jimmy Butler III', 'Moses Moody', 'Quinten Post', 'Will Richard')",1.7199999999999998,3,3,2,0,2,1,0,0,2,1,2,3.0,2.88,0.0,0.0,0.0,0.0,0.0,0.0,0.0,0.0,5.88,29
22500407,GSW,ORL,77.8,80.2,"('Brandin Podziemski', 'Jimmy Butler III', 'Moses Moody', 'Quinten Post', 'Stephen Curry')",2.34,3,12,4,2,1,4,2,0,0,0,0,7.0,4.0,0.0,2.0,2.0,4.0,0.0,0.0,0.0,4.0,11.0,29
22500407,GSW,ORL,77.4,79.0,"('Brandin Podziemski', ""De'Anthony Melton"", 'Jimmy Butler III', 'Quinten Post', 'Will Richard')",0.9166666666666666,3,0,0,2,1,0,0,1,1,1,0,2.0,3.0,0.0,0.0,0.0,0.0,0.0,0.0,0.0,0.0,5.0,29
22500407,GSW,ORL,76.4,79.4,"(""De'Anthony Melton"", 'Gary Payton II', 'Gui Santos', 'Stephen Curry', 'Trayce Jackson-Davis')",2.0500000000000003,3,4,5,1,3,1,1,1,1,1,1,6.0,4.44,2.0,2.0,0.0,4.0,2.0,2.0,0.0,4.0,10.44,29
22500441,GSW,TOR,78.0,76.6,"('Brandin Podziemski', 'Draymond Green', 'Jimmy Butler III', 'Quinten Post', 'Stephen Curry')",2.1666666666666665,5,5,10,0,4,2,3,0,0,1,1,4.0,3.88,0.0,0.0,0.0,2.0,0.0,0.0,3.0,2.0,7.88,30
22500441,GSW,TOR,76.4,76.6,"('Draymond Green', 'Jimmy Butler III', 'Moses Moody', 'Stephen Curry', 'Will Richard')",1.5333333333333334,5,0,7,0,4,0,2,1,0,0,0,3.0,3.0,0.0,0.0,0.0,0.0,2.0,0.0,5.0,2.0,6.0,30
22500441,GSW,TOR,76.2,77.8,"('Brandin Podziemski', 'Draymond Green', 'Jimmy Butler III', 'Stephen Curry', 'Will Richard')",2.895,2,6,7,4,6,2,1,0,0,1,0,7.0,6.44,0.0,0.0,0.0,0.0,0.0,0.0,4.0,6.0,13.44,30
22500441,GSW,TOR,78.0,78.6,"('Brandin Podziemski', 'Jimmy Butler III', 'Moses Moody', 'Quinten Post', 'Will Richard')",2.3166666666666664,2,4,8,2,3,1,1,2,2,0,1,6.0,7.0,0.0,2.0,0.0,4.0,4.0,2.0,2.0,8.0,13.0,30
22500441,GSW,TOR,76.6,77.8,"('Al Horford', 'Brandin Podziemski', 'Gary Payton II', 'Jimmy Butler III', 'Will Richard')",3.145,3,7,15,1,2,1,3,4,0,3,1,7.88,8.32,0.0,0.0,2.0,2.0,6.0,2.0,6.0,10.0,16.2,30
22500441,GSW,TOR,76.6,76.8,"('Al Horford', 'Brandin Podziemski', 'Jimmy Butler III', 'Stephen Curry', 'Will Richard')",1.1666666666666667,3,2,0,2,1,0,0,0,0,0,0,2.0,3.0,2.0,0.0,0.0,2.0,0.0,0.0,0.0,0.0,5.0,30
22500441,GSW,TOR,77.0,76.6,"('Al Horford', 'Draymond Green', 'Jimmy Butler III', 'Stephen Curry', 'Will Richard')",1.8166666666666669,4,4,6,1,1,0,1,0,0,1,0,3.0,2.44,0.0,0.0,2.0,2.0,0.0,0.0,0.0,0.0,5.44,30
22500441,GSW,TOR,76.4,76.6,"('Draymond Green', 'Gary Payton II', 'Jimmy Butler III', 'Moses Moody', 'Will Richard')",0.035,4,0,0,0,0,0,0,0,0,0,0,0.0,1.0,0.0,0.0,0.0,0.0,0.0,0.0,0.0,0.0,1.0,30
22500441,GSW,TOR,76.2,76.6,"('Brandin Podziemski', 'Draymond Green', 'Jimmy Butler III', 'Stephen Curry', 'Will Richard')",1.0433333333333332,4,2,5,1,1,0,1,2,0,2,0,3.0,2.0,0.0,0.0,2.0,2.0,3.0,0.0,2.0,2.0,5.0,30
22500441,GSW,TOR,78.2,77.0,"('Brandin Podziemski', 'Buddy Hield', 'Jimmy Butler III', 'Moses Moody', 'Quinten Post')",1.2166666666666666,4,0,5,0,1,0,2,1,1,1,1,2.0,3.44,0.0,0.0,0.0,0.0,2.0,0.0,0.0,2.0,5.44,30
22500441,GSW,TOR,76.0,77.8,"('Buddy Hield', 'Draymond Green', 'Moses Moody', 'Stephen Curry', 'Will Richard')",4.0,4,10,2,6,7,2,0,1,2,0,2,10.88,10.0,0.0,0.0,0.0,0.0,2.0,0.0,0.0,2.0,20.880000000000003,30
22500441,GSW,TOR,76.6,77.0,"('Al Horford', 'Brandin Podziemski', 'Jimmy Butler III', 'Stephen Curry', 'Will Richard')",1.9833333333333336,4,3,4,3,1,0,2,1,0,0,2,4.44,4.0,0.0,0.0,0.0,0.0,2.0,2.0,0.0,4.0,8.440000000000001,30
22500441,GSW,TOR,76.4,76.6,"('Draymond Green', 'Jimmy Butler III', 'Moses Moody', 'Stephen Curry', 'Will Richard')",0.9500000000000002,4,3,4,0,1,1,2,1,0,0,0,2.0,3.0,0.0,0.0,0.0,0.0,2.0,0.0,2.0,4.0,5.0,30
22500441,GSW,TOR,77.6,79.4,"('Brandin Podziemski', 'Buddy Hield', 'Moses Moody', 'Quinten Post', 'Will Richard')",0.6516666666666666,5,0,2,0,1,0,0,1,0,1,1,2.0,1.0,0.0,0.0,0.0,0.0,2.0,2.0,0.0,2.0,3.0,30
22500441,GSW,TOR,77.6,77.4,"('Draymond Green', 'Moses Moody', 'Quinten Post', 'Stephen Curry', 'Will Richard')",0.4166666666666666,3,2,1,0,0,0,0,0,0,1,0,1.0,0.44,0.0,0.0,0.0,0.0,0.0,0.0,0.0,0.0,1.44,30
22500441,GSW,TOR,76.0,76.8,"('Brandin Podziemski', 'Draymond Green', 'Moses Moody', 'Stephen Curry', 'Will Richard')",2.466666666666667,3,8,10,1,2,2,3,1,2,1,3,6.76,5.88,0.0,2.0,0.0,4.0,0.0,0.0,0.0,2.0,12.64,30
22500441,GSW,TOR,76.8,77.6,"('Al Horford', 'Jimmy Butler III', 'Moses Moody', 'Stephen Curry', 'Will Richard')",0.6,2,2,2,0,0,0,0,0,0,0,1,0.88,1.0,0.0,0.0,0.0,0.0,0.0,0.0,0.0,0.0,1.88,30
22500441,GSW,TOR,77.2,78.6,"('Al Horford', 'Brandin Podziemski', 'Jimmy Butler III', 'Moses Moody', 'Will Richard')",0.7666666666666666,2,5,0,2,0,0,0,0,1,0,0,2.44,2.0,2.0,2.0,2.0,4.0,0.0,0.0,0.0,0.0,4.44,30
22500441,GSW,TOR,78.2,77.4,"('Draymond Green', 'Jimmy Butler III', 'Moses Moody', 'Quinten Post', 'Stephen Curry')",4.283333333333333,3,17,5,5,2,3,1,1,2,2,3,8.76,9.44,3.0,2.0,2.0,4.0,2.0,2.0,2.0,4.0,18.2,30
22500441,GSW,TOR,77.0,77.6,"('Al Horford', 'Brandin Podziemski', 'Jimmy Butler III', 'Moses Moody', 'Stephen Curry')",0.8666666666666667,2,5,0,3,0,0,0,0,0,0,1,2.44,2.0,0.0,0.0,2.0,4.0,0.0,0.0,0.0,0.0,4.44,30
22500441,GSW,TOR,76.4,77.8,"('Al Horford', 'Brandin Podziemski', 'Gary Payton II', 'Jimmy Butler III', 'Stephen Curry')",1.6166666666666667,1,4,6,0,1,2,3,1,0,0,0,4.0,3.0,0.0,2.0,0.0,4.0,0.0,0.0,0.0,4.0,7.0,30
22500441,GSW,TOR,76.6,77.8,"('Al Horford', 'Brandin Podziemski', 'Gary Payton II', 'Jimmy Butler III', 'Will Richard')",0.0,1,0,0,0,0,0,0,0,0,0,0,0.0,0.0,0.0,0.0,0.0,0.0,0.0,0.0,0.0,0.0,0.0,30
22500441,GSW,TOR,77.4,77.8,"('Draymond Green', 'Gary Payton II', 'Moses Moody', 'Quinten Post', 'Stephen Curry')",2.2,1,3,7,2,4,1,2,0,0,0,0,5.0,5.0,0.0,0.0,0.0,0.0,0.0,0.0,0.0,2.0,10.0,30
22500441,GSW,TOR,76.2,77.4,"('Al Horford', 'Brandin Podziemski', 'Gary Payton II', 'Moses Moody', 'Stephen Curry')",1.2833333333333334,1,3,5,0,2,1,2,1,1,1,1,2.0,3.0,0.0,0.0,0.0,0.0,3.0,0.0,3.0,2.0,5.0,30
22500441,GSW,TOR,75.4,77.4,"('Buddy Hield', 'Draymond Green', 'Gary Payton II', 'Stephen Curry', 'Will Richard')",3.2,2,7,10,2,4,3,4,2,1,2,2,8.0,7.0,3.0,3.0,0.0,2.0,3.0,0.0,0.0,4.0,15.0,30
22500441,GSW,TOR,76.2,77.0,"('Buddy Hield', 'Draymond Green', 'Jimmy Butler III', 'Stephen Curry', 'Will Richard')",1.2833333333333332,2,6,5,1,0,2,1,0,0,1,1,2.44,2.88,0.0,0.0,0.0,2.0,0.0,0.0,0.0,0.0,5.32,30
22500441,GSW,TOR,78.2,77.8,"('Draymond Green', 'Jimmy Butler III', 'Moses Moody', 'Quinten Post', 'Stephen Curry')",3.9333333333333336,1,13,10,3,4,2,4,0,1,2,2,9.32,8.879999999999999,0.0,0.0,2.0,2.0,0.0,4.0,0.0,6.0,18.2,30
22500441,GSW,TOR,77.0,77.8,"('Al Horford', 'Brandin Podziemski', 'Buddy Hield', 'Jimmy Butler III', 'Will Richard')",2.9399999999999995,1,6,5,3,3,0,2,0,1,0,3,5.76,6.0,0.0,0.0,2.0,0.0,0.0,5.0,0.0,2.0,11.76,30
22500449,GSW,BKN,76.4,78.4,"(""De'Anthony Melton"", 'Jimmy Butler III', 'Pat Spencer', 'Trayce Jackson-Davis', 'Will Richard')",2.431666666666666,3,11,5,2,1,2,1,0,1,1,2,7.2,4.88,0.0,2.0,0.0,4.0,0.0,0.0,0.0,0.0,12.08,31
22500449,GSW,BKN,76.6,81.2,"('Brandin Podziemski', 'Draymond Green', 'Jimmy Butler III', 'Moses Moody', 'Stephen Curry')",4.6,3,5,12,3,6,0,2,1,2,3,3,10.32,9.88,0.0,0.0,0.0,2.0,2.0,0.0,3.0,2.0,20.200000000000003,31
22500449,GSW,BKN,77.4,79.4,"(""De'Anthony Melton"", 'Gui Santos', 'Jimmy Butler III', 'Trayce Jackson-Davis', 'Will Richard')",0.7999999999999999,3,2,2,1,0,0,1,0,0,0,1,1.0,2.0,2.0,0.0,0.0,2.0,0.0,0.0,0.0,2.0,3.0,31
22500449,GSW,BKN,76.4,80.6,"(""De'Anthony Melton"", 'Gary Payton II', 'Gui Santos', 'Stephen Curry', 'Trayce Jackson-Davis')",2.2333333333333334,3,5,7,2,2,1,1,2,0,0,0,5.0,5.0,0.0,0.0,0.0,2.0,2.0,2.0,0.0,4.0,10.0,31
22500449,GSW,BKN,75.2,80.6,"('Brandin Podziemski', ""De'Anthony Melton"", 'Draymond Green', 'Gary Payton II', 'Stephen Curry')",0.3999999999999999,3,3,0,0,0,1,0,0,0,1,0,1.0,0.0,0.0,3.0,0.0,0.0,0.0,0.0,0.0,0.0,1.0,31
22500449,GSW,BKN,75.8,80.6,"(""De'Anthony Melton"", 'Draymond Green', 'Gary Payton II', 'Gui Santos', 'Stephen Curry')",0.9,3,4,2,1,0,0,1,0,0,0,1,1.88,3.0,0.0,0.0,0.0,2.0,0.0,0.0,0.0,2.0,4.88,31
22500449,GSW,BKN,75.8,81.2,"('Brandin Podziemski', 'Draymond Green', 'Gary Payton II', 'Moses Moody', 'Stephen Curry')",0.2333333333333333,3,0,0,0,0,0,0,0,0,0,1,0.0,0.0,0.0,0.0,0.0,0.0,0.0,0.0,0.0,0.0,0.0,31
22500449,GSW,BKN,78.2,81.0,"('Draymond Green', 'Jimmy Butler III', 'Moses Moody', 'Quinten Post', 'Stephen Curry')",3.2666666666666666,1,8,15,1,1,2,5,1,0,2,1,5.88,6.44,0.0,0.0,0.0,0.0,2.0,2.0,0.0,2.0,12.32,31
22500449,GSW,BKN,76.6,80.0,"('Brandin Podziemski', ""De'Anthony Melton"", 'Jimmy Butler III', 'Stephen Curry', 'Trayce Jackson-Davis')",0.9833333333333334,4,0,5,0,3,0,0,1,0,0,0,2.0,2.44,0.0,0.0,0.0,0.0,2.0,0.0,4.0,4.0,4.44,31
22500449,GSW,BKN,76.4,81.0,"('Buddy Hield', 'Draymond Green', 'Gui Santos', 'Stephen Curry', 'Will Richard')",3.783333333333333,4,9,7,3,3,2,2,1,3,1,4,9.44,8.440000000000001,0.0,5.0,0.0,2.0,0.0,0.0,0.0,0.0,17.880000000000003,31
22500449,GSW,BKN,76.8,81.0,"('Brandin Podziemski', ""De'Anthony Melton"", 'Jimmy Butler III', 'Trayce Jackson-Davis', 'Will Richard')",3.75,4,9,4,4,2,3,1,1,1,1,0,7.0,7.44,0.0,2.0,0.0,6.0,0.0,0.0,0.0,0.0,14.44,31
22500449,GSW,BKN,75.8,80.0,"(""De'Anthony Melton"", 'Draymond Green', 'Jimmy Butler III', 'Stephen Curry', 'Will Richard')",3.366666666666666,4,13,6,2,3,2,1,0,1,3,4,8.2,7.32,2.0,2.0,0.0,4.0,0.0,0.0,0.0,0.0,15.52,31
22500449,GSW,BKN,77.2,80.2,"('Brandin Podziemski', ""De'Anthony Melton"", 'Jimmy Butler III', 'Pat Spencer', 'Quinten Post')",1.3666666666666667,2,2,2,3,2,0,0,0,0,1,1,3.88,2.88,0.0,0.0,0.0,0.0,0.0,0.0,0.0,0.0,6.76,31
22500449,GSW,BKN,76.8,81.0,"('Buddy Hield', 'Jimmy Butler III', 'Pat Spencer', 'Trayce Jackson-Davis', 'Will Richard')",1.5499999999999998,2,4,7,0,1,1,1,0,0,1,0,3.0,3.0,0.0,0.0,0.0,4.0,0.0,0.0,0.0,2.0,6.0,31
22500449,GSW,BKN,76.0,80.4,"('Buddy Hield', 'Gary Payton II', 'Pat Spencer', 'Trayce Jackson-Davis', 'Will Richard')",1.0333333333333332,2,2,2,1,1,1,0,1,0,1,0,3.0,2.0,0.0,0.0,0.0,2.0,2.0,0.0,0.0,2.0,5.0,31
22500449,GSW,BKN,76.8,81.0,"('Brandin Podziemski', 'Jimmy Butler III', 'Pat Spencer', 'Trayce Jackson-Davis', 'Will Richard')",1.1666666666666667,2,4,2,1,0,1,0,0,0,1,0,2.0,1.88,0.0,0.0,0.0,4.0,0.0,0.0,0.0,0.0,3.88,31
22500449,GSW,BKN,77.2,81.0,"('Draymond Green', 'Gui Santos', 'Jimmy Butler III', 'Moses Moody', 'Stephen Curry')",0.3666666666666667,1,0,1,2,0,0,0,1,0,1,0,1.0,0.44,0.0,0.0,0.0,0.0,0.0,0.0,0.0,0.0,1.44,31
22500449,GSW,BKN,76.4,81.0,"('Draymond Green', 'Gary Payton II', 'Gui Santos', 'Moses Moody', 'Stephen Curry')",2.950000000000001,1,7,7,5,1,2,2,2,0,0,1,7.0,7.0,5.0,0.0,2.0,4.0,2.0,4.0,0.0,4.0,14.0,31
22500449,GSW,BKN,77.6,80.4,"('Brandin Podziemski', 'Gary Payton II', 'Gui Santos', 'Jimmy Butler III', 'Trayce Jackson-Davis')",0.0,1,0,0,0,0,0,0,0,0,0,0,0.0,0.0,0.0,0.0,0.0,0.0,0.0,0.0,0.0,0.0,0.0,31
22500449,GSW,BKN,75.4,79.8,"('Buddy Hield', 'Draymond Green', 'Gary Payton II', 'Stephen Curry', 'Will Richard')",1.5500000000000005,2,6,2,0,2,2,1,0,2,0,2,3.44,3.0,0.0,3.0,0.0,2.0,0.0,0.0,0.0,2.0,6.44,31
22500449,GSW,BKN,76.8,80.4,"('Brandin Podziemski', 'Gary Payton II', 'Gui Santos', 'Stephen Curry', 'Trayce Jackson-Davis')",0.6833333333333333,1,0,3,0,1,0,1,1,0,1,1,2.0,1.0,0.0,0.0,0.0,0.0,0.0,3.0,0.0,0.0,3.0,31
22500449,GSW,BKN,77.0,78.2,"(""De'Anthony Melton"", 'Draymond Green', 'Gary Payton II', 'Jimmy Butler III', 'Trayce Jackson-Davis')",0.0833333333333333,1,1,0,0,0,0,0,0,0,1,0,0.44,1.0,0.0,0.0,0.0,0.0,0.0,0.0,0.0,0.0,1.44,31
22500449,GSW,BKN,76.4,78.4,"('Buddy Hield', 'Draymond Green', 'Gui Santos', 'Stephen Curry', 'Will Richard')",2.8833333333333333,2,9,9,2,3,2,1,0,0,2,1,5.88,6.44,0.0,0.0,0.0,4.0,0.0,0.0,0.0,0.0,12.32,31
22500449,GSW,BKN,76.6,81.0,"('Brandin Podziemski', ""De'Anthony Melton"", 'Jimmy Butler III', 'Pat Spencer', 'Trayce Jackson-Davis')",2.4166666666666665,2,4,3,2,1,2,1,1,3,0,1,4.0,5.0,0.0,2.0,2.0,4.0,3.0,0.0,0.0,0.0,9.0,31
22500449,GSW,BKN,77.6,78.4,"('Brandin Podziemski', ""De'Anthony Melton"", 'Gui Santos', 'Jimmy Butler III', 'Trayce Jackson-Davis')",4.383333333333334,1,12,4,5,1,2,0,0,2,0,3,7.76,9.0,4.0,2.0,0.0,8.0,2.0,0.0,0.0,4.0,16.759999999999998,31
22500462,GSW,CHA,77.8,78.2,"(""De'Anthony Melton"", 'Gui Santos', 'Jimmy Butler III', 'Pat Spencer', 'Quinten Post')",1.85,4,6,5,1,0,2,2,0,0,0,1,2.44,3.0,0.0,0.0,0.0,0.0,0.0,0.0,0.0,2.0,5.44,32
22500462,GSW,CHA,76.2,78.2,"('Brandin Podziemski', ""De'Anthony Melton"", 'Draymond Green', 'Gui Santos', 'Stephen Curry')",4.75,4,13,6,6,2,3,3,2,0,3,2,9.0,8.0,0.0,0.0,3.0,4.0,0.0,0.0,0.0,4.0,17.0,32
22500462,GSW,CHA,77.6,79.2,"('Al Horford', ""De'Anthony Melton"", 'Jimmy Butler III', 'Trayce Jackson-Davis', 'Will Richard')",0.85,1,0,3,1,0,0,1,1,0,1,0,1.0,2.44,0.0,0.0,0.0,0.0,0.0,0.0,0.0,2.0,3.44,32
22500462,GSW,CHA,75.8,78.0,"('Brandin Podziemski', ""De'Anthony Melton"", 'Gary Payton II', 'Stephen Curry', 'Trayce Jackson-Davis')",2.5166666666666666,3,5,10,1,2,1,3,1,0,0,3,3.88,4.0,0.0,0.0,0.0,0.0,3.0,0.0,2.0,4.0,7.88,32
22500462,GSW,CHA,77.2,78.8,"('Al Horford', 'Gui Santos', 'Jimmy Butler III', 'Pat Spencer', 'Will Richard')",1.6450000000000002,3,4,4,2,2,1,2,0,0,1,1,2.88,3.0,0.0,0.0,0.0,0.0,0.0,0.0,0.0,4.0,5.88,32
22500462,GSW,CHA,77.2,79.2,"('Al Horford', 'Gui Santos', 'Jimmy Butler III', 'Stephen Curry', 'Will Richard')",0.4166666666666667,2,0,2,0,0,0,0,1,1,0,1,1.0,2.0,0.0,0.0,0.0,0.0,2.0,2.0,0.0,2.0,3.0,32
22500462,GSW,CHA,78.2,78.2,"('Draymond Green', 'Jimmy Butler III', 'Moses Moody', 'Quinten Post', 'Stephen Curry')",4.15,3,14,9,4,3,5,3,2,3,2,1,10.0,11.44,4.0,3.0,0.0,8.0,0.0,0.0,0.0,0.0,21.44,32
22500462,GSW,CHA,76.2,79.6,"('Al Horford', ""De'Anthony Melton"", 'Gary Payton II', 'Jimmy Butler III', 'Will Richard')",0.2633333333333333,1,0,0,0,0,0,0,0,0,0,0,0.0,1.0,0.0,0.0,0.0,0.0,0.0,0.0,0.0,0.0,1.0,32
22500462,GSW,CHA,75.8,78.6,"('Brandin Podziemski', 'Draymond Green', 'Gary Payton II', 'Moses Moody', 'Stephen Curry')",1.6833333333333331,1,6,5,4,0,2,2,1,0,0,0,4.0,5.0,0.0,0.0,2.0,6.0,2.0,0.0,0.0,2.0,9.0,32
22500462,GSW,CHA,76.8,78.0,"('Brandin Podziemski', 'Draymond Green', 'Gui Santos', 'Moses Moody', 'Stephen Curry')",1.4,2,3,2,1,2,1,1,0,0,0,2,2.0,4.0,0.0,0.0,0.0,0.0,0.0,0.0,2.0,2.0,6.0,32
22500462,GSW,CHA,78.2,78.6,"('Draymond Green', 'Jimmy Butler III', 'Moses Moody', 'Quinten Post', 'Stephen Curry')",4.949999999999999,1,15,14,3,6,4,3,2,3,0,2,12.44,12.0,0.0,0.0,2.0,2.0,5.0,5.0,0.0,8.0,24.44,32
22500462,GSW,CHA,76.2,79.0,"('Al Horford', ""De'Anthony Melton"", 'Gary Payton II', 'Jimmy Butler III', 'Will Richard')",0.0583333333333333,3,0,0,1,0,0,0,0,0,0,0,0.0,1.0,0.0,0.0,0.0,0.0,0.0,0.0,0.0,0.0,1.0,32
22500462,GSW,CHA,76.6,78.6,"('Al Horford', 'Brandin Podziemski', ""De'Anthony Melton"", 'Jimmy Butler III', 'Will Richard')",1.4500000000000002,3,0,5,1,3,0,1,1,1,0,0,4.0,4.0,0.0,0.0,0.0,0.0,2.0,0.0,0.0,2.0,8.0,32
22500462,GSW,CHA,75.8,78.6,"('Brandin Podziemski', 'Draymond Green', 'Gary Payton II', 'Moses Moody', 'Stephen Curry')",1.25,3,3,8,0,2,1,1,0,0,1,0,3.0,3.88,0.0,0.0,0.0,0.0,0.0,4.0,0.0,6.0,6.88,32
22500462,GSW,CHA,76.8,78.4,"('Draymond Green', 'Gui Santos', 'Jimmy Butler III', 'Stephen Curry', 'Will Richard')",2.3600000000000003,2,11,5,2,0,3,1,0,1,1,2,5.44,3.88,0.0,3.0,3.0,2.0,0.0,0.0,0.0,0.0,9.32,32
22500462,GSW,CHA,78.2,79.4,"('Al Horford', ""De'Anthony Melton"", 'Jimmy Butler III', 'Quinten Post', 'Will Richard')",1.6916666666666664,1,5,4,1,1,1,1,2,0,1,1,3.88,2.88,0.0,0.0,0.0,0.0,2.0,0.0,0.0,2.0,6.76,32
22500462,GSW,CHA,75.8,78.6,"(""De'Anthony Melton"", 'Draymond Green', 'Gary Payton II', 'Jimmy Butler III', 'Will Richard')",0.1,2,1,0,0,1,0,0,0,0,0,0,0.44,1.0,0.0,0.0,0.0,0.0,0.0,0.0,0.0,0.0,1.44,32
22500462,GSW,CHA,77.4,78.0,"('Al Horford', 'Brandin Podziemski', ""De'Anthony Melton"", 'Gui Santos', 'Jimmy Butler III')",2.583333333333333,2,7,6,1,2,3,2,1,1,3,1,5.0,4.44,0.0,2.0,0.0,0.0,0.0,3.0,2.0,0.0,9.44,32
22500462,GSW,CHA,75.8,79.6,"('Brandin Podziemski', 'Draymond Green', 'Gary Payton II', 'Moses Moody', 'Stephen Curry')",3.3,2,12,13,1,1,3,4,2,0,3,1,6.44,7.32,0.0,0.0,0.0,2.0,3.0,0.0,0.0,4.0,13.760000000000002,32
22500462,GSW,CHA,75.8,79.0,"(""De'Anthony Melton"", 'Draymond Green', 'Jimmy Butler III', 'Stephen Curry', 'Will Richard')",3.545,4,14,12,3,2,3,2,1,1,1,3,7.76,8.0,0.0,3.0,2.0,2.0,2.0,0.0,2.0,6.0,15.76,32
22500462,GSW,CHA,77.6,78.6,"('Jimmy Butler III', 'Moses Moody', 'Pat Spencer', 'Quinten Post', 'Will Richard')",1.6166666666666667,4,1,2,0,2,0,1,1,2,0,1,3.44,5.0,0.0,0.0,0.0,0.0,2.0,2.0,0.0,2.0,8.44,32
22500462,GSW,CHA,77.0,79.6,"('Al Horford', 'Brandin Podziemski', ""De'Anthony Melton"", 'Stephen Curry', 'Trayce Jackson-Davis')",1.3333333333333333,1,2,2,2,0,0,0,0,0,0,0,2.0,3.0,0.0,0.0,2.0,2.0,0.0,0.0,0.0,0.0,5.0,32
22500462,GSW,CHA,76.2,78.6,"('Al Horford', ""De'Anthony Melton"", 'Jimmy Butler III', 'Pat Spencer', 'Will Richard')",0.8333333333333333,3,3,0,1,1,1,0,0,1,0,0,2.0,1.0,0.0,3.0,3.0,0.0,0.0,0.0,0.0,0.0,3.0,32
22500462,GSW,CHA,76.6,78.6,"('Brandin Podziemski', 'Draymond Green', 'Jimmy Butler III', 'Moses Moody', 'Stephen Curry')",0.35,1,0,0,0,2,0,0,0,0,1,0,1.0,0.0,0.0,0.0,0.0,0.0,0.0,0.0,0.0,0.0,1.0,32
22500462,GSW,CHA,75.8,79.0,"('Brandin Podziemski', ""De'Anthony Melton"", 'Gary Payton II', 'Stephen Curry', 'Trayce Jackson-Davis')",0.7166666666666667,1,2,2,0,1,0,1,0,0,1,0,2.0,1.0,0.0,0.0,0.0,2.0,0.0,0.0,0.0,2.0,3.0,32
22500462,GSW,CHA,77.6,78.0,"('Al Horford', 'Brandin Podziemski', 'Gui Santos', 'Jimmy Butler III', 'Will Richard')",1.7833333333333334,2,5,6,1,2,1,1,1,1,1,1,5.0,4.44,2.0,2.0,0.0,2.0,0.0,2.0,0.0,2.0,9.44,32
22500484,GSW,OKC,78.6,77.0,"('Al Horford', 'Brandin Podziemski', 'Buddy Hield', 'Moses Moody', 'Quinten Post')",0.1716666666666666,1,2,0,0,0,0,0,0,0,0,0,1.0,1.0,0.0,0.0,0.0,2.0,0.0,0.0,0.0,0.0,2.0,33
22500484,GSW,OKC,78.0,77.0,"('Al Horford', 'Brandin Podziemski', 'Buddy Hield', 'Pat Spencer', 'Quinten Post')",2.6066666666666665,1,6,8,2,4,1,2,1,1,1,3,6.88,7.32,0.0,0.0,0.0,4.0,2.0,2.0,3.0,2.0,14.2,33
22500484,GSW,OKC,78.0,78.4,"('Al Horford', 'Buddy Hield', 'Gui Santos', 'Pat Spencer', 'Trayce Jackson-Davis')",0.8499999999999999,1,3,4,0,0,1,2,0,0,1,1,1.0,2.0,0.0,0.0,0.0,0.0,0.0,0.0,0.0,4.0,3.0,33
22500484,GSW,OKC,76.8,78.6,"('Buddy Hield', 'Gary Payton II', 'Gui Santos', 'Pat Spencer', 'Trayce Jackson-Davis')",1.716666666666667,1,5,7,0,3,2,2,0,0,0,0,3.0,3.0,0.0,0.0,0.0,2.0,0.0,0.0,4.0,4.0,6.0,33
22500484,GSW,OKC,78.2,78.2,"('Brandin Podziemski', 'Gui Santos', 'Moses Moody', 'Quinten Post', 'Will Richard')",4.333333333333333,1,4,10,5,6,1,2,1,1,1,2,9.44,9.88,0.0,0.0,0.0,0.0,2.0,2.0,2.0,6.0,19.32,33
22500484,GSW,OKC,76.2,78.2,"('Gary Payton II', 'Moses Moody', 'Pat Spencer', 'Trayce Jackson-Davis', 'Will Richard')",1.3000000000000005,1,0,5,0,3,0,2,0,0,1,0,3.0,4.0,0.0,0.0,0.0,0.0,0.0,0.0,3.0,2.0,7.0,33
22500484,GSW,OKC,78.2,78.2,"('Brandin Podziemski', 'Gui Santos', 'Moses Moody', 'Quinten Post', 'Will Richard')",1.3766666666666667,2,4,2,0,2,1,1,0,1,1,1,2.44,2.0,0.0,0.0,0.0,0.0,0.0,0.0,2.0,2.0,4.44,33
22500484,GSW,OKC,77.6,78.2,"('Brandin Podziemski', 'Gui Santos', 'Moses Moody', 'Trayce Jackson-Davis', 'Will Richard')",2.2666666666666666,2,4,2,4,2,1,0,1,0,0,2,4.88,5.0,0.0,0.0,0.0,0.0,0.0,0.0,0.0,2.0,9.88,33
22500484,GSW,OKC,76.0,77.8,"('Buddy Hield', 'Gary Payton II', 'Pat Spencer', 'Trayce Jackson-Davis', 'Will Richard')",2.3500000000000005,2,3,3,4,2,1,1,1,1,1,0,4.0,4.44,3.0,3.0,0.0,0.0,0.0,0.0,0.0,2.0,8.440000000000001,33
22500484,GSW,OKC,77.2,78.2,"('Brandin Podziemski', 'Gary Payton II', 'Moses Moody', 'Quinten Post', 'Will Richard')",0.7000000000000001,1,3,0,1,0,0,0,1,1,0,0,2.44,3.0,2.0,2.0,0.0,2.0,0.0,0.0,0.0,0.0,5.44,33
22500484,GSW,OKC,75.8,77.8,"('Al Horford', 'Buddy Hield', 'Gary Payton II', 'Pat Spencer', 'Will Richard')",0.5166666666666667,2,0,3,1,2,0,0,0,0,0,0,1.0,1.44,0.0,0.0,0.0,0.0,0.0,0.0,2.0,2.0,2.44,33
22500484,GSW,OKC,78.2,78.0,"('Al Horford', 'Brandin Podziemski', 'Moses Moody', 'Pat Spencer', 'Quinten Post')",0.8999999999999999,2,0,6,0,1,0,2,1,0,0,0,2.0,2.44,0.0,0.0,0.0,0.0,3.0,5.0,0.0,2.0,4.44,33
22500484,GSW,OKC,78.0,78.0,"('Al Horford', 'Brandin Podziemski', 'Buddy Hield', 'Pat Spencer', 'Quinten Post')",1.6333333333333335,2,0,7,1,4,0,1,0,0,1,1,3.0,2.44,0.0,0.0,0.0,0.0,0.0,0.0,3.0,0.0,5.44,33
22500484,GSW,OKC,77.4,78.0,"('Al Horford', 'Brandin Podziemski', 'Buddy Hield', 'Pat Spencer', 'Trayce Jackson-Davis')",2.55,3,8,11,0,1,1,3,2,1,2,0,6.0,6.44,0.0,0.0,0.0,0.0,3.0,0.0,3.0,2.0,12.44,33
22500484,GSW,OKC,76.2,78.4,"('Gary Payton II', 'Moses Moody', 'Pat Spencer', 'Trayce Jackson-Davis', 'Will Richard')",1.7999999999999998,3,2,6,3,2,0,1,1,1,0,1,3.88,4.44,0.0,0.0,0.0,0.0,2.0,5.0,0.0,2.0,8.32,33
22500484,GSW,OKC,78.2,78.6,"('Brandin Podziemski', 'Gui Santos', 'Moses Moody', 'Quinten Post', 'Will Richard')",4.9499999999999975,3,7,9,6,5,1,1,2,2,4,3,11.44,10.32,2.0,2.0,2.0,4.0,0.0,0.0,0.0,4.0,21.76,33
22500484,GSW,OKC,76.0,78.4,"('Buddy Hield', 'Gary Payton II', 'Pat Spencer', 'Trayce Jackson-Davis', 'Will Richard')",0.95,3,0,2,0,2,0,0,0,1,1,0,2.0,2.0,0.0,0.0,0.0,0.0,0.0,0.0,0.0,2.0,4.0,33
22500484,GSW,OKC,77.2,78.4,"('Gui Santos', 'Moses Moody', 'Pat Spencer', 'Trayce Jackson-Davis', 'Will Richard')",3.0166666666666666,4,7,11,3,2,3,3,1,0,2,2,6.44,5.88,2.0,0.0,2.0,2.0,3.0,0.0,2.0,6.0,12.32,33
22500484,GSW,OKC,77.8,78.4,"('Buddy Hield', 'Gary Payton II', 'Pat Spencer', 'Quinten Post', 'Trayce Jackson-Davis')",1.4666666666666668,4,3,5,1,1,1,2,0,0,0,0,3.0,3.0,0.0,0.0,0.0,0.0,0.0,3.0,0.0,0.0,6.0,33
22500484,GSW,OKC,77.0,78.4,"('Buddy Hield', 'Gary Payton II', 'Moses Moody', 'Pat Spencer', 'Quinten Post')",0.0,4,0,0,0,0,0,0,0,0,0,0,0.0,0.0,0.0,0.0,0.0,0.0,0.0,0.0,0.0,0.0,0.0,33
22500484,GSW,OKC,76.0,78.4,"('Al Horford', 'Gary Payton II', 'Moses Moody', 'Pat Spencer', 'Will Richard')",0.6,4,0,4,0,1,0,2,1,0,0,0,2.0,2.0,0.0,0.0,0.0,0.0,2.0,2.0,0.0,4.0,4.0,33
22500484,GSW,OKC,76.2,78.2,"('Al Horford', 'Buddy Hield', 'Gary Payton II', 'Moses Moody', 'Pat Spencer')",2.1166666666666667,4,6,3,3,2,2,1,0,1,1,0,4.0,4.0,3.0,3.0,0.0,0.0,0.0,0.0,0.0,0.0,8.0,33
22500484,GSW,OKC,77.0,78.0,"('Al Horford', 'Brandin Podziemski', 'Buddy Hield', 'Gui Santos', 'Pat Spencer')",1.705,3,4,3,2,1,1,0,0,1,0,1,4.44,3.44,3.0,3.0,0.0,0.0,0.0,0.0,0.0,2.0,7.879999999999999,33
22500484,GSW,OKC,78.8,78.4,"('Buddy Hield', 'Gui Santos', 'Pat Spencer', 'Quinten Post', 'Trayce Jackson-Davis')",3.89,4,12,13,4,3,4,3,3,0,1,1,9.88,8.88,0.0,0.0,0.0,4.0,3.0,0.0,3.0,2.0,18.76,33
22500484,GSW,OKC,77.2,76.8,"('Gary Payton II', 'Gui Santos', 'Moses Moody', 'Trayce Jackson-Davis', 'Will Richard')",0.1183333333333333,2,0,3,0,0,0,1,0,0,0,0,0.0,1.0,0.0,0.0,0.0,0.0,0.0,0.0,0.0,0.0,1.0,33
22500484,GSW,OKC,77.4,78.0,"('Al Horford', 'Brandin Podziemski', 'Gui Santos', 'Moses Moody', 'Will Richard')",1.4333333333333331,2,5,2,1,1,1,1,0,0,0,2,3.44,2.0,0.0,0.0,0.0,4.0,0.0,0.0,0.0,2.0,5.44,33
22500484,GSW,OKC,76.6,78.2,"('Brandin Podziemski', 'Gary Payton II', 'Moses Moody', 'Trayce Jackson-Davis', 'Will Richard')",1.35,2,6,2,2,1,1,1,0,1,0,1,4.88,3.0,2.0,2.0,0.0,4.0,0.0,2.0,0.0,2.0,7.88,33
22500492,GSW,UTA,78.0,80.6,"(""De'Anthony Melton"", 'Gui Santos', 'Jimmy Butler III', 'Quinten Post', 'Will Richard')",3.0499999999999994,1,5,6,3,1,2,1,2,0,1,0,5.0,6.0,0.0,0.0,0.0,2.0,4.0,2.0,0.0,6.0,11.0,34
22500492,GSW,UTA,76.4,80.6,"('Brandin Podziemski', 'Gary Payton II', 'Moses Moody', 'Stephen Curry', 'Trayce Jackson-Davis')",0.7333333333333334,1,3,0,1,0,1,0,0,0,0,0,1.0,2.0,0.0,0.0,0.0,0.0,0.0,0.0,0.0,0.0,3.0,34
22500492,GSW,UTA,77.8,79.6,"('Brandin Podziemski', ""De'Anthony Melton"", 'Jimmy Butler III', 'Moses Moody', 'Quinten Post')",1.25,4,3,4,0,2,0,1,0,1,0,1,2.44,2.44,0.0,0.0,0.0,2.0,0.0,0.0,0.0,0.0,4.88,34
22500492,GSW,UTA,76.2,78.8,"(""De'Anthony Melton"", 'Gary Payton II', 'Jimmy Butler III', 'Stephen Curry', 'Trayce Jackson-Davis')",4.803333333333333,4,7,7,8,4,1,2,2,1,1,1,7.32,9.44,0.0,0.0,2.0,4.0,2.0,4.0,2.0,6.0,16.759999999999998,34
22500492,GSW,UTA,77.4,79.8,"('Brandin Podziemski', 'Gui Santos', 'Moses Moody', 'Stephen Curry', 'Trayce Jackson-Davis')",1.0,3,7,4,0,0,2,2,0,1,1,0,3.0,3.0,2.0,2.0,0.0,4.0,0.0,0.0,0.0,4.0,6.0,34
22500492,GSW,UTA,76.4,81.0,"(""De'Anthony Melton"", 'Jimmy Butler III', 'Stephen Curry', 'Trayce Jackson-Davis', 'Will Richard')",1.4816666666666665,3,4,3,2,1,1,1,1,1,1,0,4.88,4.44,0.0,2.0,2.0,2.0,0.0,0.0,0.0,2.0,9.32,34
22500492,GSW,UTA,76.8,78.8,"('Brandin Podziemski', ""De'Anthony Melton"", 'Gui Santos', 'Stephen Curry', 'Trayce Jackson-Davis')",3.083333333333333,3,9,8,1,1,2,1,0,1,1,2,8.0,6.44,0.0,0.0,2.0,4.0,0.0,0.0,0.0,4.0,14.44,34
22500492,GSW,UTA,77.4,80.6,"('Brandin Podziemski', ""De'Anthony Melton"", 'Jimmy Butler III', 'Quinten Post', 'Will Richard')",2.55,2,6,7,1,2,2,1,1,1,1,0,5.0,5.44,0.0,3.0,0.0,0.0,0.0,2.0,0.0,6.0,10.44,34
22500492,GSW,UTA,75.6,78.8,"(""De'Anthony Melton"", 'Jimmy Butler III', 'Moses Moody', 'Stephen Curry', 'Will Richard')",0.2766666666666667,2,3,0,0,0,0,0,0,1,0,0,1.0,1.0,0.0,0.0,3.0,0.0,0.0,0.0,0.0,0.0,2.0,34
22500492,GSW,UTA,78.0,80.4,"('Brandin Podziemski', 'Jimmy Butler III', 'Moses Moody', 'Quinten Post', 'Will Richard')",0.7666666666666666,2,3,2,0,1,0,1,0,0,0,0,2.0,1.0,0.0,0.0,0.0,0.0,0.0,0.0,0.0,2.0,3.0,34
22500492,GSW,UTA,75.4,81.0,"('Brandin Podziemski', ""De'Anthony Melton"", 'Jimmy Butler III', 'Stephen Curry', 'Will Richard')",0.0683333333333333,3,0,0,0,0,0,0,0,0,0,0,1.0,0.0,0.0,0.0,0.0,0.0,0.0,0.0,0.0,0.0,1.0,34
22500492,GSW,UTA,77.4,81.0,"('Brandin Podziemski', ""De'Anthony Melton"", 'Jimmy Butler III', 'Quinten Post', 'Will Richard')",0.78,3,0,0,1,2,0,0,0,1,1,0,1.0,2.0,0.0,0.0,0.0,0.0,0.0,0.0,0.0,0.0,3.0,34
22500492,GSW,UTA,77.4,79.8,"('Gary Payton II', 'Jimmy Butler III', 'Moses Moody', 'Quinten Post', 'Stephen Curry')",5.5,3,22,16,4,2,6,5,1,3,2,3,10.88,12.44,0.0,5.0,0.0,8.0,3.0,2.0,2.0,6.0,23.32,34
22500492,GSW,UTA,77.4,78.8,"(""De'Anthony Melton"", 'Gui Santos', 'Jimmy Butler III', 'Trayce Jackson-Davis', 'Will Richard')",0.2333333333333333,1,1,0,2,0,0,0,0,0,0,1,1.44,0.0,0.0,0.0,0.0,0.0,0.0,0.0,0.0,0.0,1.44,34
22500492,GSW,UTA,78.2,80.0,"('Draymond Green', 'Jimmy Butler III', 'Moses Moody', 'Quinten Post', 'Stephen Curry')",3.6666666666666656,1,10,7,4,3,2,3,1,1,1,2,9.32,8.0,0.0,0.0,0.0,4.0,3.0,4.0,0.0,4.0,17.32,34
22500492,GSW,UTA,75.8,80.6,"('Brandin Podziemski', 'Draymond Green', 'Gary Payton II', 'Moses Moody', 'Stephen Curry')",1.9500000000000008,1,0,11,0,4,0,4,2,1,0,0,6.0,6.0,0.0,0.0,0.0,0.0,2.0,3.0,0.0,6.0,12.0,34
22500492,GSW,UTA,76.4,78.8,"(""De'Anthony Melton"", 'Gary Payton II', 'Gui Santos', 'Stephen Curry', 'Trayce Jackson-Davis')",0.9166666666666669,4,0,1,1,2,0,0,0,0,1,0,2.0,1.44,0.0,0.0,0.0,0.0,0.0,0.0,0.0,0.0,3.44,34
22500492,GSW,UTA,78.0,79.0,"('Brandin Podziemski', 'Jimmy Butler III', 'Moses Moody', 'Quinten Post', 'Will Richard')",4.749999999999999,4,13,6,5,4,4,1,1,0,1,3,8.32,7.44,0.0,0.0,3.0,4.0,0.0,0.0,2.0,2.0,15.760000000000002,34
22500492,GSW,UTA,76.4,79.6,"(""De'Anthony Melton"", 'Jimmy Butler III', 'Stephen Curry', 'Trayce Jackson-Davis', 'Will Richard')",2.075,2,7,5,3,1,2,2,0,1,0,3,5.88,4.0,2.0,2.0,0.0,2.0,0.0,0.0,0.0,2.0,9.88,34
22500492,GSW,UTA,75.8,80.4,"(""De'Anthony Melton"", 'Draymond Green', 'Jimmy Butler III', 'Stephen Curry', 'Will Richard')",1.4,2,0,9,0,1,0,2,2,0,0,1,3.0,4.32,0.0,0.0,0.0,0.0,4.0,2.0,0.0,6.0,7.32,34
22500492,GSW,UTA,76.0,80.4,"('Brandin Podziemski', 'Gary Payton II', 'Jimmy Butler III', 'Moses Moody', 'Will Richard')",0.0,2,0,0,0,0,0,0,0,0,0,0,0.0,0.0,0.0,0.0,0.0,0.0,0.0,0.0,0.0,0.0,0.0,34
22500492,GSW,UTA,75.8,78.6,"('Brandin Podziemski', 'Draymond Green', 'Gary Payton II', 'Moses Moody', 'Stephen Curry')",4.666666666666666,2,14,13,8,4,5,4,0,0,1,2,9.44,11.0,2.0,0.0,2.0,10.0,0.0,0.0,0.0,4.0,20.44,34
22500492,GSW,UTA,76.8,78.8,"('Brandin Podziemski', ""De'Anthony Melton"", 'Jimmy Butler III', 'Trayce Jackson-Davis', 'Will Richard')",0.3166666666666666,1,0,2,0,0,0,0,0,0,0,1,0.0,1.0,0.0,0.0,0.0,0.0,0.0,0.0,0.0,2.0,1.0,34
22500492,GSW,UTA,75.8,79.0,"('Brandin Podziemski', ""De'Anthony Melton"", 'Gary Payton II', 'Stephen Curry', 'Trayce Jackson-Davis')",1.4833333333333334,1,6,3,1,2,2,1,1,1,0,0,4.0,3.0,0.0,0.0,0.0,0.0,3.0,0.0,3.0,0.0,7.0,34
22500508,GSW,LAC,78.2,78.8,"('Al Horford', ""De'Anthony Melton"", 'Jimmy Butler III', 'Quinten Post', 'Will Richard')",2.2466666666666666,1,5,10,2,3,1,2,1,1,1,2,6.88,5.88,0.0,0.0,0.0,0.0,0.0,0.0,0.0,2.0,12.76,35
22500508,GSW,LAC,76.4,79.8,"('Brandin Podziemski', 'Gary Payton II', 'Moses Moody', 'Stephen Curry', 'Trayce Jackson-Davis')",0.6833333333333333,1,0,2,2,2,0,1,0,0,1,0,2.0,2.0,0.0,0.0,0.0,0.0,0.0,0.0,0.0,2.0,4.0,35
22500508,GSW,LAC,76.6,79.8,"('Al Horford', 'Brandin Podziemski', ""De'Anthony Melton"", 'Jimmy Butler III', 'Will Richard')",1.9,1,1,4,0,3,0,1,0,1,0,1,3.44,3.0,0.0,0.0,0.0,0.0,0.0,0.0,0.0,2.0,6.44,35
22500508,GSW,LAC,77.2,79.8,"('Al Horford', 'Brandin Podziemski', ""De'Anthony Melton"", 'Draymond Green', 'Jimmy Butler III')",3.903333333333333,3,2,5,4,7,0,2,1,0,0,2,7.88,7.0,0.0,0.0,0.0,0.0,2.0,2.0,0.0,2.0,14.88,35
22500508,GSW,LAC,75.8,80.4,"('Draymond Green', 'Gary Payton II', 'Jimmy Butler III', 'Stephen Curry', 'Will Richard')",0.1799999999999999,2,0,1,0,0,0,0,0,0,1,0,0.0,1.44,0.0,0.0,0.0,0.0,0.0,0.0,0.0,0.0,1.44,35
22500508,GSW,LAC,75.8,80.2,"('Brandin Podziemski', ""De'Anthony Melton"", 'Gary Payton II', 'Stephen Curry', 'Trayce Jackson-Davis')",1.0833333333333333,1,2,5,1,1,0,2,0,0,1,0,2.0,3.0,0.0,0.0,0.0,2.0,0.0,0.0,0.0,2.0,5.0,35
22500508,GSW,LAC,76.6,80.6,"('Al Horford', 'Brandin Podziemski', ""De'Anthony Melton"", 'Jimmy Butler III', 'Will Richard')",2.7333333333333334,2,6,8,1,2,2,1,2,1,0,1,6.44,6.0,0.0,5.0,0.0,0.0,2.0,2.0,0.0,4.0,12.44,35
22500508,GSW,LAC,77.0,79.2,"('Al Horford', 'Brandin Podziemski', ""De'Anthony Melton"", 'Jimmy Butler III', 'Moses Moody')",0.8999999999999999,2,2,0,1,1,0,0,0,1,0,0,1.0,2.0,0.0,0.0,0.0,2.0,0.0,0.0,0.0,0.0,3.0,35
22500508,GSW,LAC,78.2,79.6,"('Draymond Green', 'Jimmy Butler III', 'Moses Moody', 'Quinten Post', 'Stephen Curry')",4.983333333333333,1,11,7,2,7,4,1,0,5,2,0,11.0,10.32,4.0,6.0,0.0,6.0,0.0,0.0,0.0,2.0,21.32,35
22500508,GSW,LAC,75.8,79.6,"('Brandin Podziemski', 'Draymond Green', 'Gary Payton II', 'Moses Moody', 'Stephen Curry')",0.9333333333333332,1,0,3,0,2,0,1,1,0,0,1,2.0,2.44,0.0,0.0,0.0,0.0,0.0,0.0,2.0,0.0,4.44,35
22500508,GSW,LAC,76.2,79.2,"('Brandin Podziemski', 'Draymond Green', 'Gary Payton II', 'Gui Santos', 'Stephen Curry')",4.016666666666668,4,10,7,3,2,3,2,0,2,3,3,8.440000000000001,7.88,3.0,3.0,2.0,6.0,0.0,0.0,0.0,2.0,16.32,35
22500508,GSW,LAC,75.8,79.2,"('Brandin Podziemski', 'Draymond Green', 'Gary Payton II', 'Moses Moody', 'Stephen Curry')",4.7333333333333325,2,15,12,4,3,7,2,1,2,2,1,10.0,9.88,4.0,4.0,0.0,10.0,3.0,0.0,0.0,4.0,19.880000000000003,35
22500508,GSW,LAC,75.8,80.6,"(""De'Anthony Melton"", 'Draymond Green', 'Jimmy Butler III', 'Stephen Curry', 'Will Richard')",2.4833333333333325,2,9,2,4,2,2,1,0,1,1,0,6.0,6.0,4.0,2.0,0.0,6.0,0.0,0.0,0.0,2.0,12.0,35
22500508,GSW,LAC,76.2,80.4,"('Al Horford', 'Gary Payton II', 'Jimmy Butler III', 'Stephen Curry', 'Will Richard')",0.7766666666666666,2,0,1,1,1,0,0,0,0,0,0,2.0,1.44,0.0,0.0,0.0,0.0,0.0,0.0,0.0,0.0,3.44,35
22500508,GSW,LAC,76.6,79.6,"(""De'Anthony Melton"", 'Draymond Green', 'Gui Santos', 'Jimmy Butler III', 'Stephen Curry')",3.821666666666667,4,19,7,4,1,5,3,0,1,1,3,7.640000000000001,7.0,0.0,0.0,0.0,2.0,0.0,0.0,0.0,4.0,14.64,35
22500508,GSW,LAC,77.4,79.2,"('Al Horford', 'Brandin Podziemski', ""De'Anthony Melton"", 'Gui Santos', 'Jimmy Butler III')",1.8,4,6,5,1,1,1,1,0,1,1,3,4.32,3.44,0.0,0.0,0.0,0.0,0.0,0.0,0.0,4.0,7.76,35
22500508,GSW,LAC,76.8,79.6,"('Al Horford', ""De'Anthony Melton"", 'Draymond Green', 'Jimmy Butler III', 'Stephen Curry')",0.3,4,0,3,0,1,0,0,0,0,0,0,1.0,1.44,0.0,0.0,0.0,0.0,0.0,2.0,0.0,2.0,2.44,35
22500508,GSW,LAC,77.0,79.6,"('Al Horford', ""De'Anthony Melton"", 'Gui Santos', 'Jimmy Butler III', 'Stephen Curry')",0.8,4,1,3,0,1,0,0,0,0,2,0,1.44,3.3200000000000003,0.0,0.0,0.0,0.0,0.0,0.0,0.0,0.0,4.76,35
22500508,GSW,LAC,76.4,79.6,"('Brandin Podziemski', 'Gary Payton II', 'Moses Moody', 'Stephen Curry', 'Trayce Jackson-Davis')",1.7000000000000002,3,4,4,2,1,0,2,0,1,1,2,2.76,3.0,0.0,0.0,0.0,0.0,0.0,0.0,0.0,4.0,5.76,35
22500508,GSW,LAC,76.2,79.2,"('Brandin Podziemski', ""De'Anthony Melton"", 'Draymond Green', 'Gui Santos', 'Stephen Curry')",0.0,4,0,1,0,0,0,0,0,0,0,0,0.0,0.44,0.0,0.0,0.0,0.0,0.0,0.0,0.0,0.0,0.44,35
22500508,GSW,LAC,77.0,79.2,"('Brandin Podziemski', ""De'Anthony Melton"", 'Draymond Green', 'Gui Santos', 'Jimmy Butler III')",0.3,4,2,1,0,0,1,0,0,0,0,0,2.0,1.44,0.0,0.0,0.0,2.0,0.0,0.0,0.0,0.0,3.44,35
22500508,GSW,LAC,78.2,79.6,"('Draymond Green', 'Jimmy Butler III', 'Moses Moody', 'Quinten Post', 'Stephen Curry')",4.883333333333332,3,6,9,7,6,1,2,1,3,0,1,12.0,11.0,2.0,0.0,2.0,4.0,0.0,2.0,0.0,6.0,23.0,35
22500508,GSW,LAC,75.8,80.2,"('Brandin Podziemski', ""De'Anthony Melton"", 'Gary Payton II', 'Stephen Curry', 'Trayce Jackson-Davis')",1.15,3,1,3,1,1,0,1,0,0,1,1,1.44,2.0,0.0,0.0,0.0,0.0,0.0,0.0,0.0,0.0,3.44,35
22500526,GSW,MIL,77.4,78.4,"('Al Horford', ""De'Anthony Melton"", 'Draymond Green', 'Jimmy Butler III', 'Moses Moody')",0.9,4,0,1,0,2,0,0,0,0,1,0,2.0,1.44,0.0,0.0,0.0,0.0,0.0,0.0,0.0,0.0,3.44,36
22500526,GSW,MIL,76.6,78.2,"('Al Horford', 'Brandin Podziemski', ""De'Anthony Melton"", 'Gui Santos', 'Stephen Curry')",2.3000000000000003,1,7,4,3,1,2,0,0,1,1,0,4.0,5.0,0.0,0.0,0.0,4.0,0.0,0.0,0.0,4.0,9.0,36
22500526,GSW,MIL,78.2,78.8,"('Draymond Green', 'Jimmy Butler III', 'Moses Moody', 'Quinten Post', 'Stephen Curry')",4.283333333333332,1,13,15,3,3,5,5,1,1,1,1,10.44,10.44,0.0,0.0,0.0,6.0,2.0,0.0,0.0,6.0,20.88,36
22500526,GSW,MIL,76.2,78.2,"('Al Horford', ""De'Anthony Melton"", 'Jimmy Butler III', 'Stephen Curry', 'Will Richard')",2.2716666666666665,2,10,0,3,0,2,0,1,2,1,1,4.76,4.0,0.0,3.0,3.0,0.0,0.0,0.0,0.0,0.0,8.76,36
22500526,GSW,MIL,77.0,78.4,"('Al Horford', ""De'Anthony Melton"", 'Draymond Green', 'Jimmy Butler III', 'Will Richard')",2.6833333333333336,4,9,11,1,2,2,1,0,0,0,1,5.44,6.0,0.0,0.0,0.0,2.0,0.0,2.0,0.0,4.0,11.44,36
22500526,GSW,MIL,76.4,78.4,"(""De'Anthony Melton"", 'Draymond Green', 'Gui Santos', 'Moses Moody', 'Stephen Curry')",1.9166666666666667,4,6,6,1,1,1,2,0,0,1,0,4.0,4.0,2.0,0.0,2.0,6.0,0.0,0.0,0.0,0.0,8.0,36
22500526,GSW,MIL,76.8,79.0,"('Brandin Podziemski', 'Draymond Green', 'Gui Santos', 'Moses Moody', 'Stephen Curry')",0.45,3,0,0,0,1,0,0,0,0,1,0,1.0,1.0,0.0,0.0,0.0,0.0,0.0,0.0,0.0,0.0,2.0,36
22500526,GSW,MIL,76.6,79.0,"('Brandin Podziemski', 'Draymond Green', 'Jimmy Butler III', 'Moses Moody', 'Stephen Curry')",1.8500000000000003,3,7,2,3,0,1,1,0,0,0,1,2.88,3.0,0.0,0.0,0.0,2.0,0.0,0.0,0.0,2.0,5.88,36
22500526,GSW,MIL,76.6,77.8,"('Al Horford', 'Brandin Podziemski', ""De'Anthony Melton"", 'Gui Santos', 'Stephen Curry')",2.4333333333333336,3,10,9,0,0,3,4,1,1,1,0,5.0,5.0,0.0,0.0,0.0,2.0,3.0,0.0,0.0,6.0,10.0,36
22500526,GSW,MIL,78.2,78.8,"('Draymond Green', 'Jimmy Butler III', 'Moses Moody', 'Quinten Post', 'Stephen Curry')",3.866666666666667,3,8,12,4,5,3,3,0,0,2,2,8.88,9.88,2.0,0.0,0.0,2.0,0.0,0.0,0.0,4.0,18.76,36
22500526,GSW,MIL,77.2,78.2,"('Al Horford', 'Brandin Podziemski', 'Gui Santos', 'Moses Moody', 'Stephen Curry')",4.0666666666666655,2,12,4,5,4,4,1,1,1,0,1,7.0,7.0,3.0,3.0,3.0,0.0,0.0,0.0,0.0,2.0,14.0,36
22500526,GSW,MIL,77.0,78.2,"('Al Horford', ""De'Anthony Melton"", 'Draymond Green', 'Jimmy Butler III', 'Will Richard')",0.0,2,0,0,0,0,0,0,0,0,0,0,0.0,0.0,0.0,0.0,0.0,0.0,0.0,0.0,0.0,0.0,0.0,36
22500526,GSW,MIL,79.4,78.8,"('Al Horford', 'Draymond Green', 'Jimmy Butler III', 'Moses Moody', 'Quinten Post')",0.0,3,0,0,0,0,0,0,0,0,0,0,0.0,0.0,0.0,0.0,0.0,0.0,0.0,0.0,0.0,0.0,0.0,36
22500526,GSW,MIL,77.6,78.2,"('Al Horford', 'Draymond Green', 'Jimmy Butler III', 'Moses Moody', 'Will Richard')",0.0766666666666666,2,0,3,0,0,0,1,0,0,0,0,0.0,1.0,0.0,0.0,0.0,0.0,0.0,0.0,0.0,0.0,1.0,36
22500526,GSW,MIL,75.8,78.2,"(""De'Anthony Melton"", 'Draymond Green', 'Jimmy Butler III', 'Stephen Curry', 'Will Richard')",1.0333333333333332,2,1,2,1,2,0,0,0,1,0,1,2.44,3.0,0.0,0.0,0.0,0.0,0.0,2.0,0.0,2.0,5.44,36
22500526,GSW,MIL,78.6,79.6,"('Brandin Podziemski', 'Draymond Green', 'Jimmy Butler III', 'Moses Moody', 'Quinten Post')",3.0500000000000003,2,7,8,1,3,2,2,0,0,0,1,5.0,5.0,0.0,0.0,0.0,4.0,0.0,0.0,2.0,6.0,10.0,36
22500526,GSW,MIL,77.8,78.8,"(""De'Anthony Melton"", 'Draymond Green', 'Jimmy Butler III', 'Quinten Post', 'Will Richard')",1.4333333333333331,2,3,5,1,2,1,1,0,0,2,1,5.0,3.44,0.0,0.0,3.0,0.0,0.0,0.0,0.0,4.0,8.44,36
22500526,GSW,MIL,77.2,78.2,"('Al Horford', 'Brandin Podziemski', 'Gui Santos', 'Moses Moody', 'Stephen Curry')",1.7499999999999998,4,0,3,1,3,0,1,0,1,0,0,4.0,4.0,0.0,0.0,0.0,0.0,0.0,0.0,0.0,0.0,8.0,36
22500526,GSW,MIL,76.8,78.8,"('Brandin Podziemski', 'Draymond Green', 'Gui Santos', 'Moses Moody', 'Stephen Curry')",2.35,1,7,2,2,2,3,0,1,3,0,0,6.0,5.0,0.0,7.0,2.0,4.0,0.0,0.0,0.0,2.0,11.0,36
22500526,GSW,MIL,77.4,78.2,"('Brandin Podziemski', ""De'Anthony Melton"", 'Jimmy Butler III', 'Quinten Post', 'Will Richard')",3.206666666666667,3,9,6,5,1,2,1,1,0,1,0,7.0,7.44,0.0,0.0,5.0,4.0,0.0,0.0,0.0,2.0,14.44,36
22500526,GSW,MIL,76.2,78.8,"(""De'Anthony Melton"", 'Draymond Green', 'Jimmy Butler III', 'Moses Moody', 'Stephen Curry')",1.8983333333333328,4,3,4,3,1,0,1,1,0,0,0,4.44,5.0,0.0,0.0,0.0,0.0,0.0,0.0,0.0,4.0,9.44,36
22500526,GSW,MIL,76.6,78.8,"(""De'Anthony Melton"", 'Draymond Green', 'Gui Santos', 'Jimmy Butler III', 'Stephen Curry')",2.6333333333333333,4,4,6,3,2,0,2,1,1,1,4,6.88,4.0,0.0,0.0,0.0,2.0,0.0,0.0,0.0,0.0,10.88,36
22500526,GSW,MIL,78.2,78.2,"('Al Horford', ""De'Anthony Melton"", 'Jimmy Butler III', 'Quinten Post', 'Will Richard')",2.276666666666667,1,4,8,1,1,0,3,1,0,2,0,4.0,4.44,0.0,0.0,0.0,4.0,2.0,0.0,0.0,2.0,8.440000000000001,36
22500526,GSW,MIL,77.8,78.8,"('Brandin Podziemski', 'Draymond Green', 'Moses Moody', 'Quinten Post', 'Stephen Curry')",0.4166666666666666,1,0,2,0,0,0,0,0,0,0,1,0.0,1.0,0.0,0.0,0.0,0.0,0.0,0.0,0.0,2.0,1.0,36
22500539,GSW,SAC,76.6,77.0,"('Al Horford', 'Brandin Podziemski', ""De'Anthony Melton"", 'Jimmy Butler III', 'Will Richard')",3.363333333333333,1,9,8,2,2,3,0,1,0,1,1,4.88,6.44,0.0,0.0,0.0,4.0,0.0,0.0,5.0,2.0,11.32,37
22500539,GSW,SAC,75.8,77.0,"('Al Horford', 'Brandin Podziemski', ""De'Anthony Melton"", 'Stephen Curry', 'Will Richard')",1.0833333333333333,3,3,5,0,1,1,0,0,0,0,1,2.0,2.44,0.0,0.0,0.0,0.0,0.0,0.0,0.0,2.0,4.44,37
22500539,GSW,SAC,75.8,78.4,"(""De'Anthony Melton"", 'Draymond Green', 'Gary Payton II', 'Gui Santos', 'Stephen Curry')",1.416666666666667,3,6,1,1,1,2,0,0,0,1,0,2.0,1.44,0.0,0.0,0.0,0.0,0.0,0.0,0.0,0.0,3.44,37
22500539,GSW,SAC,76.4,78.4,"('Draymond Green', 'Gary Payton II', 'Gui Santos', 'Moses Moody', 'Stephen Curry')",2.3000000000000003,1,5,7,2,4,2,2,1,0,0,0,6.0,5.0,0.0,3.0,0.0,2.0,3.0,0.0,5.0,2.0,11.0,37
22500539,GSW,SAC,76.4,78.4,"('Draymond Green', 'Gary Payton II', 'Gui Santos', 'Moses Moody', 'Stephen Curry')",0.7166666666666666,3,0,2,1,0,0,0,1,0,0,0,1.0,2.0,0.0,0.0,0.0,0.0,2.0,0.0,0.0,0.0,3.0,37
22500539,GSW,SAC,78.2,78.4,"('Draymond Green', 'Jimmy Butler III', 'Moses Moody', 'Quinten Post', 'Stephen Curry')",4.616666666666667,3,12,13,6,3,3,5,1,1,0,2,8.88,10.0,0.0,0.0,2.0,4.0,0.0,4.0,0.0,8.0,18.880000000000003,37
22500539,GSW,SAC,76.8,79.0,"('Al Horford', ""De'Anthony Melton"", 'Jimmy Butler III', 'Moses Moody', 'Will Richard')",3.216666666666667,2,6,6,3,2,1,1,0,0,2,0,6.0,4.0,0.0,2.0,2.0,6.0,0.0,0.0,0.0,6.0,10.0,37
22500539,GSW,SAC,78.0,78.0,"('Al Horford', 'Brandin Podziemski', 'Gui Santos', 'Jimmy Butler III', 'Moses Moody')",0.8,2,3,2,0,0,1,0,0,1,0,0,1.0,2.0,0.0,0.0,0.0,0.0,2.0,0.0,0.0,2.0,3.0,37
22500539,GSW,SAC,76.6,76.8,"('Al Horford', 'Brandin Podziemski', ""De'Anthony Melton"", 'Jimmy Butler III', 'Will Richard')",2.9850000000000003,3,13,0,4,1,3,0,0,2,0,1,6.88,7.0,0.0,2.0,0.0,8.0,0.0,0.0,0.0,0.0,13.88,37
22500539,GSW,SAC,76.6,77.4,"('Al Horford', 'Brandin Podziemski', ""De'Anthony Melton"", 'Gui Santos', 'Stephen Curry')",1.4500000000000002,1,2,2,1,1,1,1,0,0,0,0,3.0,3.0,0.0,0.0,0.0,2.0,0.0,0.0,0.0,2.0,6.0,37
22500539,GSW,SAC,76.2,78.4,"('Draymond Green', 'Gary Payton II', 'Jimmy Butler III', 'Moses Moody', 'Stephen Curry')",0.8666666666666667,1,3,2,0,0,0,1,0,1,0,0,1.44,2.0,0.0,0.0,0.0,2.0,0.0,0.0,0.0,2.0,3.44,37
22500539,GSW,SAC,76.2,77.8,"('Al Horford', 'Brandin Podziemski', 'Gary Payton II', 'Moses Moody', 'Stephen Curry')",1.1166666666666667,4,5,2,0,0,1,0,0,1,0,1,2.3200000000000003,2.0,0.0,0.0,0.0,2.0,0.0,0.0,0.0,0.0,4.32,37
22500539,GSW,SAC,76.4,77.2,"('Al Horford', 'Brandin Podziemski', ""De'Anthony Melton"", 'Moses Moody', 'Will Richard')",1.2,4,6,4,0,0,1,0,0,1,1,0,2.44,2.88,0.0,0.0,0.0,0.0,0.0,0.0,0.0,0.0,5.32,37
22500539,GSW,SAC,76.2,77.8,"('Brandin Podziemski', 'Draymond Green', 'Gary Payton II', 'Gui Santos', 'Stephen Curry')",5.216666666666666,4,17,6,5,2,4,2,0,1,2,4,9.88,8.0,0.0,0.0,4.0,10.0,0.0,0.0,0.0,6.0,17.880000000000003,37
22500539,GSW,SAC,76.2,78.4,"('Draymond Green', 'Gary Payton II', 'Jimmy Butler III', 'Moses Moody', 'Stephen Curry')",0.0666666666666666,3,0,0,0,0,0,0,1,0,0,0,1.0,0.0,0.0,0.0,0.0,0.0,0.0,0.0,0.0,0.0,1.0,37
22500539,GSW,SAC,76.2,77.2,"('Al Horford', ""De'Anthony Melton"", 'Gary Payton II', 'Gui Santos', 'Stephen Curry')",1.05,3,0,4,0,0,0,0,1,0,3,1,2.0,1.76,0.0,0.0,0.0,0.0,0.0,0.0,0.0,0.0,3.76,37
22500539,GSW,SAC,76.2,78.4,"(""De'Anthony Melton"", 'Draymond Green', 'Jimmy Butler III', 'Moses Moody', 'Stephen Curry')",2.771666666666667,2,7,7,0,2,2,1,1,1,1,1,7.0,7.44,0.0,3.0,2.0,2.0,0.0,0.0,0.0,4.0,14.44,37
22500539,GSW,SAC,78.2,78.4,"('Draymond Green', 'Jimmy Butler III', 'Moses Moody', 'Quinten Post', 'Stephen Curry')",3.949999999999999,1,15,10,3,3,5,3,0,0,2,2,8.44,8.0,0.0,0.0,0.0,8.0,0.0,0.0,5.0,2.0,16.439999999999998,37
22500539,GSW,SAC,76.2,77.0,"('Brandin Podziemski', 'Draymond Green', 'Gary Payton II', 'Gui Santos', 'Stephen Curry')",5.066666666666667,2,13,15,6,4,5,5,2,1,0,1,12.0,12.0,0.0,0.0,2.0,10.0,2.0,6.0,0.0,8.0,24.0,37
22500539,GSW,SAC,78.0,76.8,"('Buddy Hield', 'Pat Spencer', 'Quinten Post', 'Trayce Jackson-Davis', 'Will Richard')",4.313333333333333,4,12,7,7,5,4,2,1,2,0,0,9.0,8.0,0.0,3.0,6.0,0.0,2.0,0.0,2.0,4.0,17.0,37
22500556,GSW,ATL,76.2,78.8,"('Al Horford', ""De'Anthony Melton"", 'Gary Payton II', 'Jimmy Butler III', 'Will Richard')",0.3466666666666667,1,0,0,1,0,0,0,0,0,0,0,1.0,1.0,0.0,0.0,0.0,0.0,0.0,0.0,0.0,0.0,2.0,38
22500556,GSW,ATL,76.2,79.8,"('Brandin Podziemski', ""De'Anthony Melton"", 'Draymond Green', 'Gui Santos', 'Stephen Curry')",2.2833333333333337,2,5,2,2,2,2,1,1,2,3,0,4.0,5.0,3.0,3.0,0.0,2.0,2.0,0.0,2.0,2.0,9.0,38
22500556,GSW,ATL,78.2,79.6,"('Draymond Green', 'Jimmy Butler III', 'Moses Moody', 'Quinten Post', 'Stephen Curry')",5.466666666666666,1,14,11,7,5,4,4,2,0,2,2,10.88,11.88,0.0,0.0,0.0,4.0,2.0,2.0,0.0,4.0,22.76,38
22500556,GSW,ATL,76.4,78.8,"('Draymond Green', 'Gary Payton II', 'Gui Santos', 'Moses Moody', 'Stephen Curry')",0.9833333333333332,1,0,5,0,2,0,1,0,0,0,2,2.0,2.0,0.0,0.0,0.0,0.0,0.0,3.0,0.0,0.0,4.0,38
22500556,GSW,ATL,77.6,79.4,"('Al Horford', 'Brandin Podziemski', 'Gui Santos', 'Jimmy Butler III', 'Will Richard')",0.3833333333333333,2,0,0,0,1,0,0,0,0,1,0,1.0,1.0,0.0,0.0,0.0,0.0,0.0,0.0,0.0,0.0,2.0,38
22500556,GSW,ATL,76.6,78.8,"('Al Horford', 'Brandin Podziemski', ""De'Anthony Melton"", 'Jimmy Butler III', 'Will Richard')",2.1266666666666665,1,5,4,2,2,1,1,0,0,0,0,4.0,4.0,2.0,0.0,0.0,2.0,0.0,0.0,2.0,2.0,8.0,38
22500556,GSW,ATL,77.0,78.8,"('Al Horford', 'Brandin Podziemski', ""De'Anthony Melton"", 'Jimmy Butler III', 'Moses Moody')",1.2333333333333334,1,6,2,1,0,2,1,0,0,0,0,2.44,2.0,0.0,0.0,0.0,2.0,0.0,0.0,0.0,2.0,4.44,38
22500556,GSW,ATL,78.2,79.6,"('Draymond Green', 'Jimmy Butler III', 'Moses Moody', 'Quinten Post', 'Stephen Curry')",2.7000000000000006,3,5,9,1,4,0,2,0,0,1,2,5.32,7.44,0.0,0.0,0.0,2.0,0.0,0.0,4.0,4.0,12.760000000000002,38
22500556,GSW,ATL,76.8,78.8,"('Al Horford', 'Gary Payton II', 'Gui Santos', 'Moses Moody', 'Stephen Curry')",1.65,1,3,5,3,2,1,1,0,0,0,1,3.44,2.0,0.0,0.0,0.0,0.0,0.0,0.0,2.0,0.0,5.44,38
22500556,GSW,ATL,76.2,79.8,"('Brandin Podziemski', 'Draymond Green', 'Gary Payton II', 'Gui Santos', 'Stephen Curry')",1.8166666666666669,2,6,5,2,0,3,2,1,1,0,1,4.0,5.0,0.0,0.0,0.0,6.0,2.0,2.0,0.0,2.0,9.0,38
22500556,GSW,ATL,76.8,78.6,"('Al Horford', ""De'Anthony Melton"", 'Jimmy Butler III', 'Moses Moody', 'Will Richard')",4.499999999999998,2,9,11,5,6,1,2,1,1,3,4,11.32,11.76,2.0,0.0,0.0,6.0,0.0,0.0,0.0,4.0,23.08,38
22500556,GSW,ATL,79.0,78.6,"('Buddy Hield', 'Gui Santos', 'Quinten Post', 'Trayce Jackson-Davis', 'Will Richard')",2.8150000000000004,4,9,5,3,2,3,0,2,1,2,1,7.0,5.32,0.0,3.0,2.0,6.0,0.0,0.0,2.0,0.0,12.32,38
22500556,GSW,ATL,75.6,78.6,"(""De'Anthony Melton"", 'Draymond Green', 'Gary Payton II', 'Jimmy Butler III', 'Stephen Curry')",6.383333333333331,4,21,13,10,8,5,4,2,1,4,3,17.88,15.2,4.0,2.0,5.0,16.0,2.0,2.0,0.0,8.0,33.08,38
22500556,GSW,ATL,76.2,78.8,"('Al Horford', ""De'Anthony Melton"", 'Gary Payton II', 'Gui Santos', 'Stephen Curry')",1.9666666666666668,3,2,4,4,1,1,1,1,0,0,0,4.0,4.44,0.0,0.0,2.0,2.0,3.0,3.0,0.0,0.0,8.440000000000001,38
22500556,GSW,ATL,77.6,78.8,"('Al Horford', 'Brandin Podziemski', 'Gui Santos', 'Jimmy Butler III', 'Will Richard')",1.2333333333333334,3,0,8,1,1,0,2,1,0,1,0,2.0,4.0,0.0,0.0,0.0,0.0,6.0,3.0,0.0,2.0,6.0,38
22500556,GSW,ATL,76.0,78.6,"('Brandin Podziemski', 'Draymond Green', 'Gary Payton II', 'Jimmy Butler III', 'Stephen Curry')",2.825,2,4,12,1,4,1,5,1,0,1,1,5.88,6.0,0.0,0.0,0.0,0.0,3.0,7.0,0.0,6.0,11.88,38
22500556,GSW,ATL,77.6,79.4,"('Brandin Podziemski', 'Buddy Hield', 'Draymond Green', 'Quinten Post', 'Stephen Curry')",2.183333333333333,4,3,12,1,3,0,4,1,0,1,2,5.44,5.0,0.0,0.0,0.0,2.0,3.0,0.0,0.0,0.0,10.44,38
22500556,GSW,ATL,77.6,79.4,"(""De'Anthony Melton"", 'Draymond Green', 'Jimmy Butler III', 'Quinten Post', 'Stephen Curry')",3.733333333333333,3,13,6,4,1,2,1,1,1,2,2,9.44,8.0,3.0,3.0,2.0,4.0,2.0,0.0,0.0,6.0,17.439999999999998,38
22500556,GSW,ATL,76.2,78.8,"(""De'Anthony Melton"", 'Draymond Green', 'Jimmy Butler III', 'Moses Moody', 'Stephen Curry')",0.12,2,1,2,0,0,0,0,0,0,0,0,0.44,1.0,0.0,0.0,0.0,0.0,0.0,0.0,0.0,0.0,1.44,38
22500556,GSW,ATL,77.8,78.8,"('Al Horford', 'Brandin Podziemski', 'Buddy Hield', 'Gui Santos', 'Jimmy Butler III')",1.865,3,5,8,0,2,2,1,1,0,0,0,4.0,3.44,0.0,0.0,0.0,0.0,2.0,0.0,2.0,4.0,7.439999999999999,38
22500570,GSW,POR,76.4,79.4,"('Draymond Green', 'Gary Payton II', 'Gui Santos', 'Moses Moody', 'Stephen Curry')",1.3166666666666669,3,3,2,2,0,1,1,2,1,0,0,3.0,3.0,0.0,0.0,3.0,0.0,0.0,0.0,0.0,2.0,6.0,39
22500570,GSW,POR,76.4,77.8,"('Al Horford', 'Brandin Podziemski', ""De'Anthony Melton"", 'Gary Payton II', 'Jimmy Butler III')",0.1633333333333333,1,0,1,0,0,0,0,0,0,1,0,0.0,1.44,0.0,0.0,0.0,0.0,0.0,0.0,0.0,0.0,1.44,39
22500570,GSW,POR,78.4,79.0,"('Al Horford', 'Brandin Podziemski', ""De'Anthony Melton"", 'Jimmy Butler III', 'Quinten Post')",1.3383333333333336,1,5,5,0,1,2,1,1,0,2,0,3.0,3.0,0.0,0.0,0.0,2.0,3.0,0.0,0.0,2.0,6.0,39
22500570,GSW,POR,76.2,80.0,"('Al Horford', ""De'Anthony Melton"", 'Gary Payton II', 'Gui Santos', 'Stephen Curry')",0.8,1,4,2,0,1,1,1,0,1,0,0,2.44,3.0,0.0,3.0,0.0,0.0,0.0,0.0,0.0,2.0,5.44,39
22500570,GSW,POR,77.4,79.8,"('Al Horford', 'Brandin Podziemski', ""De'Anthony Melton"", 'Gui Santos', 'Jimmy Butler III')",3.1650000000000005,3,11,4,3,3,3,1,0,2,0,1,7.0,6.44,3.0,5.0,0.0,2.0,0.0,0.0,0.0,0.0,13.44,39
22500570,GSW,POR,76.2,79.2,"('Draymond Green', 'Gary Payton II', 'Jimmy Butler III', 'Moses Moody', 'Stephen Curry')",1.7000000000000004,3,7,3,3,2,3,1,1,1,0,0,6.0,5.0,4.0,2.0,0.0,4.0,0.0,3.0,0.0,0.0,11.0,39
22500570,GSW,POR,77.2,77.2,"('Al Horford', 'Brandin Podziemski', 'Jimmy Butler III', 'Moses Moody', 'Will Richard')",1.2999999999999998,2,4,1,1,0,1,0,1,1,0,1,2.88,3.44,0.0,2.0,0.0,2.0,0.0,0.0,0.0,0.0,6.32,39
22500570,GSW,POR,76.6,79.2,"('Al Horford', 'Brandin Podziemski', 'Gary Payton II', 'Gui Santos', 'Stephen Curry')",1.4,3,2,5,1,2,1,1,0,1,1,0,3.0,4.0,2.0,2.0,0.0,2.0,3.0,0.0,0.0,2.0,7.0,39
22500570,GSW,POR,78.2,79.2,"('Draymond Green', 'Jimmy Butler III', 'Moses Moody', 'Quinten Post', 'Stephen Curry')",4.4,3,5,16,2,6,2,2,0,1,0,2,8.0,9.0,0.0,0.0,0.0,0.0,0.0,3.0,2.0,4.0,17.0,39
22500570,GSW,POR,76.2,78.6,"('Brandin Podziemski', 'Draymond Green', 'Jimmy Butler III', 'Stephen Curry', 'Will Richard')",2.743333333333333,2,5,5,3,3,1,2,2,1,1,0,8.0,7.0,0.0,0.0,0.0,2.0,2.0,5.0,0.0,2.0,15.0,39
22500570,GSW,POR,76.2,78.6,"('Brandin Podziemski', 'Draymond Green', 'Gary Payton II', 'Jimmy Butler III', 'Will Richard')",0.0166666666666666,2,0,0,0,0,0,0,0,0,0,0,0.0,1.0,0.0,0.0,0.0,0.0,0.0,0.0,0.0,0.0,1.0,39
22500570,GSW,POR,76.8,78.2,"('Al Horford', ""De'Anthony Melton"", 'Jimmy Butler III', 'Moses Moody', 'Will Richard')",3.45,2,10,7,2,4,2,3,0,2,2,2,8.88,8.440000000000001,0.0,3.0,3.0,2.0,0.0,0.0,0.0,6.0,17.32,39
22500570,GSW,POR,76.2,79.4,"('Brandin Podziemski', 'Draymond Green', 'Gary Payton II', 'Gui Santos', 'Stephen Curry')",3.2500000000000004,2,8,4,1,3,2,0,1,3,1,1,6.88,7.88,0.0,0.0,0.0,0.0,0.0,0.0,0.0,2.0,14.76,39
22500570,GSW,POR,75.8,79.4,"(""De'Anthony Melton"", 'Draymond Green', 'Gary Payton II', 'Gui Santos', 'Stephen Curry')",0.75,2,2,0,2,0,1,0,0,0,0,0,1.0,1.0,0.0,2.0,2.0,2.0,0.0,0.0,0.0,0.0,2.0,39
22500570,GSW,POR,77.4,79.2,"('Draymond Green', 'Gary Payton II', 'Moses Moody', 'Quinten Post', 'Stephen Curry')",0.9833333333333332,1,2,5,0,0,1,0,1,0,2,0,2.0,1.88,0.0,0.0,0.0,2.0,3.0,0.0,0.0,0.0,3.88,39
22500570,GSW,POR,76.6,79.8,"('Al Horford', 'Brandin Podziemski', ""De'Anthony Melton"", 'Gui Santos', 'Stephen Curry')",0.0833333333333333,1,0,0,0,0,0,0,0,0,0,1,0.0,0.0,0.0,0.0,0.0,0.0,0.0,0.0,0.0,0.0,0.0,39
22500570,GSW,POR,77.0,77.8,"('Al Horford', 'Brandin Podziemski', ""De'Anthony Melton"", 'Jimmy Butler III', 'Moses Moody')",0.19,1,0,1,0,0,0,0,0,0,0,1,1.0,0.44,0.0,0.0,0.0,0.0,0.0,0.0,0.0,0.0,1.44,39
22500570,GSW,POR,76.8,78.0,"('Al Horford', 'Brandin Podziemski', ""De'Anthony Melton"", 'Gui Santos', 'Will Richard')",2.4,4,5,5,2,3,1,1,0,1,0,1,4.0,5.0,0.0,0.0,0.0,2.0,0.0,0.0,0.0,2.0,9.0,39
22500570,GSW,POR,76.4,79.8,"('Draymond Green', 'Gary Payton II', 'Gui Santos', 'Moses Moody', 'Stephen Curry')",2.2666666666666666,1,9,2,2,2,3,1,0,2,1,0,4.0,6.0,0.0,3.0,0.0,0.0,0.0,0.0,0.0,0.0,10.0,39
22500570,GSW,POR,77.4,79.8,"('Al Horford', 'Brandin Podziemski', ""De'Anthony Melton"", 'Gui Santos', 'Jimmy Butler III')",1.4333333333333336,1,6,2,2,3,1,0,0,0,0,0,4.0,3.0,0.0,0.0,0.0,0.0,0.0,0.0,2.0,2.0,7.0,39
22500570,GSW,POR,78.2,79.2,"('Draymond Green', 'Jimmy Butler III', 'Moses Moody', 'Quinten Post', 'Stephen Curry')",4.483333333333333,1,12,6,4,3,4,1,2,1,1,1,11.44,9.0,4.0,0.0,0.0,8.0,2.0,0.0,0.0,4.0,20.44,39
22500570,GSW,POR,76.4,78.2,"('Al Horford', 'Brandin Podziemski', ""De'Anthony Melton"", 'Moses Moody', 'Will Richard')",2.2500000000000004,4,8,6,1,2,3,1,0,0,1,0,4.0,3.44,0.0,3.0,0.0,2.0,0.0,0.0,3.0,0.0,7.439999999999999,39
22500570,GSW,POR,77.0,78.2,"('Buddy Hield', 'Gui Santos', 'Pat Spencer', 'Trayce Jackson-Davis', 'Will Richard')",2.833333333333334,4,2,5,3,4,0,0,1,3,0,2,6.0,7.0,0.0,2.0,0.0,2.0,0.0,0.0,0.0,2.0,13.0,39
22500570,GSW,POR,78.0,79.6,"('Buddy Hield', 'Pat Spencer', 'Quinten Post', 'Trayce Jackson-Davis', 'Will Richard')",2.538333333333334,4,6,9,0,2,1,3,1,0,0,2,5.32,6.0,0.0,0.0,0.0,0.0,3.0,0.0,4.0,4.0,11.32,39
22500570,GSW,POR,76.6,78.0,"('Al Horford', 'Brandin Podziemski', ""De'Anthony Melton"", 'Jimmy Butler III', 'Will Richard')",0.0833333333333333,4,0,1,0,0,0,0,0,0,1,0,0.0,0.44,0.0,0.0,0.0,0.0,0.0,0.0,0.0,0.0,0.44,39
22500570,GSW,POR,77.4,78.0,"('Al Horford', 'Brandin Podziemski', ""De'Anthony Melton"", 'Gui Santos', 'Jimmy Butler III')",1.3833333333333333,4,3,0,0,1,0,0,1,1,0,1,3.44,2.0,0.0,0.0,0.0,2.0,0.0,0.0,0.0,0.0,5.44,39
22500584,GSW,NYK,76.8,77.8,"('Al Horford', ""De'Anthony Melton"", 'Jimmy Butler III', 'Moses Moody', 'Will Richard')",2.683333333333333,2,8,6,1,4,2,1,0,0,1,0,4.0,4.0,0.0,0.0,0.0,2.0,0.0,0.0,4.0,6.0,8.0,40
22500584,GSW,NYK,77.4,77.0,"('Al Horford', 'Brandin Podziemski', ""De'Anthony Melton"", 'Gui Santos', 'Jimmy Butler III')",0.7166666666666667,1,2,0,1,1,0,0,0,0,0,0,2.0,1.0,0.0,2.0,0.0,2.0,0.0,0.0,0.0,0.0,3.0,40
22500584,GSW,NYK,75.8,77.8,"('Brandin Podziemski', 'Draymond Green', 'Gary Payton II', 'Moses Moody', 'Stephen Curry')",3.2166666666666663,2,8,5,3,2,2,0,3,1,1,1,6.0,6.32,0.0,3.0,0.0,0.0,0.0,0.0,2.0,2.0,12.32,40
22500584,GSW,NYK,76.2,77.4,"('Al Horford', ""De'Anthony Melton"", 'Gary Payton II', 'Gui Santos', 'Stephen Curry')",2.533333333333333,1,6,7,1,2,1,2,1,2,1,1,5.44,6.0,0.0,0.0,0.0,2.0,3.0,0.0,0.0,4.0,11.44,40
22500584,GSW,NYK,76.6,78.0,"('Al Horford', 'Brandin Podziemski', ""De'Anthony Melton"", 'Jimmy Butler III', 'Will Richard')",2.286666666666666,1,9,2,3,1,2,0,0,1,0,1,4.44,5.0,2.0,4.0,2.0,8.0,0.0,0.0,0.0,0.0,9.44,40
22500584,GSW,NYK,76.4,78.2,"('Draymond Green', 'Gary Payton II', 'Gui Santos', 'Moses Moody', 'Stephen Curry')",1.1666666666666663,1,2,5,1,2,0,1,1,0,1,2,4.0,3.0,0.0,0.0,0.0,2.0,3.0,3.0,2.0,2.0,7.0,40
22500584,GSW,NYK,78.2,78.4,"('Draymond Green', 'Jimmy Butler III', 'Moses Moody', 'Quinten Post', 'Stephen Curry')",5.049999999999999,1,11,21,1,5,4,6,2,0,2,0,10.0,9.32,0.0,0.0,3.0,2.0,5.0,0.0,5.0,6.0,19.32,40
22500584,GSW,NYK,76.8,78.4,"('Al Horford', ""De'Anthony Melton"", 'Jimmy Butler III', 'Moses Moody', 'Will Richard')",1.616666666666667,4,2,8,0,2,0,1,1,0,0,0,3.0,3.44,0.0,0.0,0.0,2.0,2.0,2.0,2.0,4.0,6.44,40
22500584,GSW,NYK,77.4,78.2,"('Al Horford', 'Draymond Green', 'Jimmy Butler III', 'Moses Moody', 'Stephen Curry')",1.6666666666666667,3,6,4,1,1,2,1,0,0,0,1,3.0,3.0,0.0,0.0,0.0,0.0,0.0,0.0,0.0,2.0,6.0,40
22500584,GSW,NYK,76.2,78.2,"('Al Horford', 'Brandin Podziemski', 'Gary Payton II', 'Moses Moody', 'Stephen Curry')",0.7166666666666666,3,2,0,1,0,1,0,0,0,0,0,2.0,1.0,0.0,0.0,0.0,2.0,0.0,0.0,0.0,0.0,3.0,40
22500584,GSW,NYK,78.2,78.2,"('Draymond Green', 'Jimmy Butler III', 'Moses Moody', 'Quinten Post', 'Stephen Curry')",5.349999999999999,3,19,13,9,4,3,5,1,1,1,3,12.32,12.0,6.0,3.0,0.0,4.0,2.0,4.0,0.0,8.0,24.32,40
22500584,GSW,NYK,76.6,78.4,"('Al Horford', 'Brandin Podziemski', ""De'Anthony Melton"", 'Jimmy Butler III', 'Will Richard')",2.81,3,8,5,3,3,2,2,0,2,0,1,7.44,6.0,0.0,2.0,2.0,4.0,0.0,5.0,0.0,2.0,13.44,40
22500584,GSW,NYK,75.4,78.4,"('Brandin Podziemski', 'Draymond Green', 'Gary Payton II', 'Stephen Curry', 'Will Richard')",1.25,4,1,4,0,2,0,1,0,1,1,2,1.44,3.44,0.0,0.0,0.0,0.0,0.0,0.0,3.0,0.0,4.88,40
22500584,GSW,NYK,76.6,79.6,"('Brandin Podziemski', 'Gary Payton II', 'Pat Spencer', 'Quinten Post', 'Will Richard')",0.9433333333333332,4,2,2,1,2,0,1,0,1,0,0,3.0,3.0,2.0,2.0,0.0,2.0,0.0,0.0,0.0,2.0,6.0,40
22500584,GSW,NYK,75.2,76.8,"('Brandin Podziemski', ""De'Anthony Melton"", 'Draymond Green', 'Gary Payton II', 'Stephen Curry')",2.15,4,7,3,2,1,0,1,1,0,2,0,5.0,3.44,0.0,2.0,0.0,2.0,0.0,0.0,0.0,2.0,8.44,40
22500584,GSW,NYK,76.0,78.4,"('Brandin Podziemski', ""De'Anthony Melton"", 'Draymond Green', 'Jimmy Butler III', 'Stephen Curry')",3.1166666666666663,4,9,5,3,5,3,1,0,0,1,0,7.0,6.88,0.0,0.0,0.0,4.0,0.0,3.0,0.0,0.0,13.88,40
22500584,GSW,NYK,75.8,78.0,"('Al Horford', 'Brandin Podziemski', 'Gary Payton II', 'Stephen Curry', 'Will Richard')",1.3833333333333333,3,2,6,0,1,1,2,1,0,0,0,3.0,3.0,0.0,0.0,0.0,2.0,3.0,3.0,0.0,0.0,6.0,40
22500584,GSW,NYK,76.6,78.4,"('Brandin Podziemski', 'Draymond Green', 'Jimmy Butler III', 'Moses Moody', 'Stephen Curry')",1.8883333333333328,2,5,2,3,0,1,0,1,1,1,1,4.32,3.88,0.0,0.0,0.0,2.0,0.0,0.0,0.0,0.0,8.2,40
22500584,GSW,NYK,75.4,78.4,"('Brandin Podziemski', 'Draymond Green', 'Gary Payton II', 'Stephen Curry', 'Will Richard')",1.7333333333333336,2,4,4,1,1,0,1,0,0,2,0,4.0,4.0,0.0,0.0,0.0,4.0,0.0,0.0,0.0,2.0,8.0,40
22500584,GSW,NYK,77.0,78.4,"('Al Horford', 'Brandin Podziemski', ""De'Anthony Melton"", 'Jimmy Butler III', 'Moses Moody')",2.4,2,7,7,1,0,1,1,0,0,1,1,3.0,4.88,0.0,0.0,2.0,2.0,0.0,0.0,0.0,0.0,7.88,40
22500584,GSW,NYK,76.6,78.4,"('Al Horford', ""De'Anthony Melton"", 'Jimmy Butler III', 'Moses Moody', 'Stephen Curry')",1.95,4,6,4,2,2,1,1,0,0,1,0,4.0,5.0,0.0,0.0,0.0,0.0,0.0,0.0,0.0,2.0,9.0,40
22500599,GSW,CHA,75.6,78.8,"('Al Horford', 'Brandin Podziemski', ""De'Anthony Melton"", 'Gary Payton II', 'Stephen Curry')",1.1833333333333336,1,3,3,2,2,1,0,1,0,1,0,4.0,3.0,0.0,0.0,0.0,0.0,0.0,0.0,0.0,0.0,7.0,41
22500599,GSW,CHA,76.6,78.6,"('Al Horford', 'Brandin Podziemski', 'Buddy Hield', ""De'Anthony Melton"", 'Moses Moody')",2.4166666666666665,2,6,6,0,2,2,1,0,0,1,1,3.44,4.0,0.0,0.0,0.0,2.0,0.0,0.0,2.0,6.0,7.439999999999999,41
22500599,GSW,CHA,78.0,77.6,"('Brandin Podziemski', 'Pat Spencer', 'Quinten Post', 'Trayce Jackson-Davis', 'Will Richard')",0.4666666666666667,4,0,0,1,0,0,0,1,0,0,0,1.0,1.0,0.0,0.0,0.0,0.0,0.0,0.0,0.0,0.0,2.0,41
22500599,GSW,CHA,76.2,78.6,"('Al Horford', 'Brandin Podziemski', 'Buddy Hield', ""De'Anthony Melton"", 'Will Richard')",3.293333333333333,1,10,6,3,2,2,2,0,2,3,0,6.0,9.0,3.0,2.0,2.0,4.0,2.0,0.0,2.0,6.0,15.0,41
22500599,GSW,CHA,76.4,78.6,"('Al Horford', 'Buddy Hield', ""De'Anthony Melton"", 'Moses Moody', 'Will Richard')",1.4333333333333331,2,3,3,2,2,0,1,1,0,2,0,3.0,2.0,0.0,0.0,0.0,0.0,3.0,0.0,3.0,0.0,5.0,41
22500599,GSW,CHA,77.0,78.2,"('Brandin Podziemski', 'Buddy Hield', ""De'Anthony Melton"", 'Quinten Post', 'Will Richard')",2.3416666666666663,3,10,10,3,1,2,1,1,0,3,2,5.88,5.2,0.0,3.0,3.0,2.0,0.0,0.0,2.0,2.0,11.08,41
22500599,GSW,CHA,75.6,78.6,"('Al Horford', 'Brandin Podziemski', ""De'Anthony Melton"", 'Gary Payton II', 'Stephen Curry')",2.1833333333333336,3,10,2,3,0,3,0,1,1,0,1,5.0,5.0,0.0,0.0,0.0,4.0,0.0,0.0,0.0,2.0,10.0,41
22500599,GSW,CHA,77.4,79.2,"('Draymond Green', 'Gary Payton II', 'Moses Moody', 'Quinten Post', 'Stephen Curry')",0.7833333333333334,3,0,2,2,2,0,1,0,1,1,1,2.0,4.0,0.0,0.0,0.0,0.0,0.0,0.0,0.0,2.0,6.0,41
22500599,GSW,CHA,76.2,78.6,"('Al Horford', 'Brandin Podziemski', 'Buddy Hield', ""De'Anthony Melton"", 'Will Richard')",1.0,3,4,3,1,0,0,0,0,1,0,2,1.88,3.0,0.0,0.0,0.0,2.0,0.0,0.0,0.0,0.0,4.88,41
22500599,GSW,CHA,77.6,79.2,"('Draymond Green', 'Moses Moody', 'Quinten Post', 'Stephen Curry', 'Will Richard')",4.033333333333332,3,13,16,3,2,6,5,1,1,2,2,9.0,8.88,2.0,2.0,2.0,10.0,0.0,3.0,0.0,2.0,17.880000000000003,41
22500599,GSW,CHA,76.0,78.8,"('Al Horford', ""De'Anthony Melton"", 'Draymond Green', 'Gary Payton II', 'Stephen Curry')",0.4333333333333333,1,2,2,0,0,1,0,0,0,0,0,1.0,1.0,0.0,0.0,0.0,2.0,0.0,0.0,0.0,2.0,2.0,41
22500599,GSW,CHA,76.6,78.4,"('Al Horford', 'Draymond Green', 'Gary Payton II', 'Moses Moody', 'Stephen Curry')",1.5499999999999998,1,5,7,0,0,1,2,0,0,0,1,2.0,3.0,0.0,0.0,0.0,2.0,0.0,0.0,0.0,4.0,5.0,41
22500599,GSW,CHA,77.6,79.6,"('Draymond Green', 'Moses Moody', 'Quinten Post', 'Stephen Curry', 'Will Richard')",5.25,1,19,10,4,6,5,3,1,2,1,2,12.0,10.88,2.0,5.0,0.0,4.0,0.0,3.0,0.0,0.0,22.880000000000003,41
22500599,GSW,CHA,78.0,77.6,"('Buddy Hield', 'Pat Spencer', 'Quinten Post', 'Trayce Jackson-Davis', 'Will Richard')",2.9716666666666667,4,8,8,3,2,1,2,0,1,2,0,6.0,8.440000000000001,2.0,2.0,0.0,8.0,0.0,0.0,0.0,4.0,14.44,41
22500599,GSW,CHA,76.0,79.2,"('Brandin Podziemski', 'Draymond Green', 'Moses Moody', 'Stephen Curry', 'Will Richard')",1.1833333333333331,4,3,5,1,0,0,2,1,0,0,0,3.0,3.0,0.0,0.0,0.0,0.0,3.0,0.0,0.0,2.0,6.0,41
22500599,GSW,CHA,76.4,77.6,"('Al Horford', 'Brandin Podziemski', ""De'Anthony Melton"", 'Moses Moody', 'Will Richard')",3.883333333333333,4,12,3,5,5,4,1,0,3,0,2,9.44,10.0,5.0,3.0,0.0,2.0,0.0,0.0,0.0,0.0,19.44,41
22500599,GSW,CHA,75.8,79.4,"('Brandin Podziemski', 'Draymond Green', 'Gary Payton II', 'Moses Moody', 'Stephen Curry')",3.083333333333333,2,8,11,2,2,2,3,2,1,2,1,8.0,9.0,2.0,2.0,2.0,8.0,2.0,0.0,2.0,6.0,17.0,41
22500599,GSW,CHA,75.8,80.0,"('Brandin Podziemski', 'Buddy Hield', 'Draymond Green', 'Stephen Curry', 'Will Richard')",3.96,2,13,9,4,7,3,1,0,2,1,0,7.44,9.0,0.0,2.0,5.0,6.0,0.0,0.0,6.0,6.0,16.44,41
22500599,GSW,CHA,75.4,79.0,"(""De'Anthony Melton"", 'Draymond Green', 'Gary Payton II', 'Moses Moody', 'Stephen Curry')",1.0166666666666668,2,0,0,1,2,0,0,0,1,0,4,2.0,2.0,0.0,0.0,0.0,0.0,0.0,0.0,0.0,0.0,4.0,41
22500599,GSW,CHA,76.4,79.0,"('Al Horford', 'Brandin Podziemski', 'Draymond Green', 'Gary Payton II', 'Stephen Curry')",1.1833333333333331,3,3,4,0,1,1,1,1,0,1,0,3.0,2.0,0.0,0.0,0.0,0.0,2.0,4.0,0.0,4.0,5.0,41
22500599,GSW,CHA,77.2,80.4,"('Brandin Podziemski', ""De'Anthony Melton"", 'Draymond Green', 'Quinten Post', 'Stephen Curry')",1.5166666666666666,4,0,2,1,3,0,0,0,0,2,1,2.0,1.88,0.0,0.0,0.0,0.0,0.0,0.0,0.0,0.0,3.88,41
22500599,GSW,CHA,77.8,80.4,"('Brandin Podziemski', 'Draymond Green', 'Moses Moody', 'Quinten Post', 'Stephen Curry')",1.45,4,1,4,0,3,0,1,0,0,1,1,3.44,1.88,0.0,0.0,0.0,0.0,0.0,0.0,0.0,0.0,5.32,41
22500599,GSW,CHA,75.6,77.6,"(""De'Anthony Melton"", 'Draymond Green', 'Gary Payton II', 'Moses Moody', 'Will Richard')",0.3216666666666666,3,3,0,0,0,0,0,0,1,0,1,1.32,1.0,0.0,0.0,0.0,0.0,0.0,0.0,0.0,0.0,2.3200000000000003,41
22500612,GSW,MIA,76.2,78.6,"('Al Horford', 'Brandin Podziemski', 'Buddy Hield', 'Pat Spencer', 'Will Richard')",3.641666666666667,3,9,10,4,5,3,4,0,1,1,0,8.0,8.0,0.0,0.0,0.0,0.0,0.0,0.0,3.0,4.0,16.0,42
22500612,GSW,MIA,76.0,78.6,"('Al Horford', 'Gary Payton II', 'Moses Moody', 'Pat Spencer', 'Will Richard')",0.04,3,0,0,0,0,0,0,0,0,0,0,0.0,1.0,0.0,0.0,0.0,0.0,0.0,0.0,0.0,0.0,1.0,42
22500612,GSW,MIA,77.0,77.6,"('Brandin Podziemski', 'Gary Payton II', 'Moses Moody', 'Quinten Post', 'Stephen Curry')",3.599999999999999,2,9,12,4,2,2,4,1,1,2,1,7.88,7.44,0.0,2.0,0.0,4.0,2.0,0.0,0.0,2.0,15.32,42
22500612,GSW,MIA,76.6,77.6,"('Al Horford', 'Buddy Hield', 'Jimmy Butler III', 'Stephen Curry', 'Will Richard')",3.266666666666666,2,15,11,3,4,5,2,0,0,2,1,7.0,6.32,0.0,0.0,2.0,6.0,0.0,0.0,0.0,2.0,13.32,42
22500612,GSW,MIA,77.0,77.0,"('Al Horford', 'Brandin Podziemski', 'Gary Payton II', 'Jimmy Butler III', 'Moses Moody')",0.0766666666666666,2,0,2,0,0,0,0,0,0,0,0,0.0,1.0,0.0,0.0,0.0,0.0,2.0,0.0,0.0,2.0,1.0,42
22500612,GSW,MIA,76.2,77.6,"('Brandin Podziemski', 'Buddy Hield', 'Gary Payton II', 'Stephen Curry', 'Trayce Jackson-Davis')",3.566666666666667,1,10,15,2,6,3,4,1,0,1,2,9.32,8.32,0.0,0.0,0.0,4.0,0.0,0.0,5.0,6.0,17.64,42
22500612,GSW,MIA,76.6,77.4,"('Al Horford', 'Buddy Hield', 'Jimmy Butler III', 'Pat Spencer', 'Will Richard')",2.0666666666666678,2,0,4,1,5,0,1,1,2,1,1,6.0,6.0,0.0,0.0,0.0,0.0,2.0,2.0,0.0,4.0,12.0,42
22500612,GSW,MIA,76.8,77.6,"('Al Horford', 'Jimmy Butler III', 'Moses Moody', 'Stephen Curry', 'Will Richard')",0.0949999999999999,1,0,1,0,0,0,0,0,0,0,0,1.0,0.44,0.0,0.0,0.0,0.0,0.0,0.0,0.0,0.0,1.44,42
22500612,GSW,MIA,77.8,76.8,"('Brandin Podziemski', 'Gary Payton II', 'Jimmy Butler III', 'Moses Moody', 'Quinten Post')",0.0,2,0,0,0,0,0,0,0,0,0,0,0.0,0.0,0.0,0.0,0.0,0.0,0.0,0.0,0.0,0.0,0.0,42
22500612,GSW,MIA,77.0,77.8,"('Al Horford', 'Brandin Podziemski', 'Jimmy Butler III', 'Moses Moody', 'Pat Spencer')",1.1333333333333333,2,7,1,3,0,2,0,0,1,0,0,3.0,3.44,2.0,2.0,2.0,4.0,0.0,0.0,0.0,0.0,6.44,42
22500612,GSW,MIA,78.4,76.8,"('Al Horford', 'Brandin Podziemski', 'Jimmy Butler III', 'Quinten Post', 'Stephen Curry')",0.0,2,0,0,0,0,0,0,0,0,0,0,0.0,0.0,0.0,0.0,0.0,0.0,0.0,0.0,0.0,0.0,0.0,42
22500612,GSW,MIA,76.8,77.6,"('Brandin Podziemski', 'Buddy Hield', 'Moses Moody', 'Pat Spencer', 'Trayce Jackson-Davis')",1.0499999999999998,4,0,5,0,1,0,2,0,0,0,1,1.0,2.0,0.0,0.0,0.0,0.0,0.0,0.0,0.0,2.0,3.0,42
22500612,GSW,MIA,76.4,78.6,"('Al Horford', 'Brandin Podziemski', 'Gary Payton II', 'Moses Moody', 'Will Richard')",1.266666666666667,4,2,0,2,3,1,0,0,0,0,0,2.0,2.0,0.0,0.0,2.0,2.0,0.0,0.0,0.0,0.0,4.0,42
22500612,GSW,MIA,76.6,77.6,"('Al Horford', 'Brandin Podziemski', 'Buddy Hield', 'Moses Moody', 'Pat Spencer')",0.0,4,0,0,0,0,0,0,0,0,0,0,0.0,0.0,0.0,0.0,0.0,0.0,0.0,0.0,0.0,0.0,0.0,42
22500612,GSW,MIA,77.0,78.6,"('Brandin Podziemski', 'Gary Payton II', 'Moses Moody', 'Quinten Post', 'Stephen Curry')",2.9166666666666665,4,8,9,1,2,2,4,1,1,1,0,6.0,7.0,0.0,3.0,0.0,2.0,2.0,2.0,0.0,6.0,13.0,42
22500612,GSW,MIA,76.8,77.6,"('Buddy Hield', 'LJ Cryer', 'Malevy Leons', 'Pat Spencer', 'Trayce Jackson-Davis')",2.838333333333333,4,8,4,3,3,2,1,1,1,1,1,7.0,5.88,0.0,3.0,0.0,2.0,0.0,0.0,0.0,2.0,12.88,42
22500612,GSW,MIA,77.2,78.6,"('Brandin Podziemski', 'Gary Payton II', 'Moses Moody', 'Quinten Post', 'Will Richard')",0.6,4,0,1,1,0,0,0,1,0,0,0,2.0,1.44,0.0,0.0,0.0,0.0,0.0,0.0,0.0,0.0,3.44,42
22500612,GSW,MIA,77.6,76.6,"('Jimmy Butler III', 'Moses Moody', 'Quinten Post', 'Stephen Curry', 'Will Richard')",4.699999999999999,1,9,10,7,8,4,1,2,2,4,0,12.0,11.76,0.0,2.0,2.0,6.0,0.0,2.0,2.0,6.0,23.76,42
22500612,GSW,MIA,77.0,78.6,"('Al Horford', 'Brandin Podziemski', 'Buddy Hield', 'Jimmy Butler III', 'Will Richard')",1.2166666666666668,1,5,2,1,1,2,1,0,0,0,0,3.0,4.0,0.0,0.0,0.0,2.0,0.0,0.0,0.0,2.0,7.0,42
22500612,GSW,MIA,76.8,78.6,"('Al Horford', 'Jimmy Butler III', 'Moses Moody', 'Pat Spencer', 'Will Richard')",1.765,1,10,5,1,0,2,2,1,2,1,2,5.32,5.44,5.0,5.0,0.0,4.0,2.0,2.0,0.0,4.0,10.760000000000002,42
22500612,GSW,MIA,77.0,76.6,"('Brandin Podziemski', 'Gary Payton II', 'Moses Moody', 'Quinten Post', 'Stephen Curry')",0.1,1,2,1,0,0,1,0,0,0,0,1,1.0,0.44,0.0,0.0,0.0,2.0,0.0,0.0,0.0,0.0,1.44,42
22500612,GSW,MIA,77.8,76.8,"('Brandin Podziemski', 'Jimmy Butler III', 'Moses Moody', 'Quinten Post', 'Stephen Curry')",1.085,2,3,2,1,1,1,0,1,1,0,0,3.0,3.0,0.0,0.0,0.0,0.0,0.0,0.0,0.0,2.0,6.0,42
22500612,GSW,MIA,77.6,76.6,"('Jimmy Butler III', 'Moses Moody', 'Quinten Post', 'Stephen Curry', 'Will Richard')",3.566666666666667,3,7,7,3,6,2,0,3,3,2,3,7.88,9.32,0.0,0.0,0.0,2.0,2.0,2.0,2.0,4.0,17.2,42
22500612,GSW,MIA,77.8,76.6,"('Brandin Podziemski', 'Jimmy Butler III', 'Moses Moody', 'Quinten Post', 'Stephen Curry')",0.75,3,0,2,1,2,0,1,0,0,0,1,1.0,1.0,0.0,0.0,0.0,0.0,0.0,0.0,2.0,2.0,2.0,42
22500612,GSW,MIA,77.0,77.6,"('Brandin Podziemski', 'Gary Payton II', 'Moses Moody', 'Quinten Post', 'Stephen Curry')",2.3833333333333333,3,12,0,4,3,2,0,0,2,0,2,6.88,6.0,4.0,3.0,0.0,4.0,0.0,0.0,0.0,0.0,12.88,42
22500612,GSW,MIA,76.8,78.6,"('Brandin Podziemski', 'Buddy Hield', 'Gary Payton II', 'Quinten Post', 'Stephen Curry')",1.5166666666666664,3,6,8,0,1,2,3,0,1,1,1,3.44,4.0,2.0,2.0,0.0,2.0,0.0,0.0,3.0,2.0,7.439999999999999,42
22500612,GSW,MIA,76.8,76.6,"('Al Horford', 'Brandin Podziemski', 'Buddy Hield', 'Moses Moody', 'Will Richard')",3.1166666666666667,4,13,0,4,1,2,0,0,1,0,1,6.0,5.0,0.0,3.0,0.0,4.0,0.0,0.0,0.0,0.0,11.0,42
22500618,GSW,TOR,75.8,77.2,"('Brandin Podziemski', 'Draymond Green', 'Gary Payton II', 'Moses Moody', 'Stephen Curry')",1.4833333333333334,2,3,2,3,2,1,0,0,0,0,1,4.0,4.0,0.0,0.0,0.0,0.0,0.0,0.0,0.0,0.0,8.0,43
22500618,GSW,TOR,77.2,78.2,"('Brandin Podziemski', 'Draymond Green', 'Gui Santos', 'Jonathan Kuminga', 'Stephen Curry')",2.216666666666667,2,1,5,2,3,0,1,0,0,1,2,5.44,4.88,0.0,0.0,0.0,0.0,0.0,0.0,0.0,0.0,10.32,43
22500618,GSW,TOR,75.8,78.4,"('Brandin Podziemski', 'Draymond Green', 'Gary Payton II', 'Moses Moody', 'Stephen Curry')",1.6500000000000004,3,4,5,1,2,0,1,0,1,0,0,4.0,4.0,0.0,0.0,0.0,4.0,0.0,0.0,0.0,0.0,8.0,43
22500618,GSW,TOR,77.6,78.0,"('Buddy Hield', ""De'Anthony Melton"", 'Jonathan Kuminga', 'Quinten Post', 'Will Richard')",4.1450000000000005,3,25,14,4,3,4,5,0,1,2,4,11.52,11.32,3.0,3.0,2.0,8.0,0.0,0.0,2.0,6.0,22.84,43
22500618,GSW,TOR,76.8,78.4,"(""De'Anthony Melton"", 'Draymond Green', 'Gui Santos', 'Jonathan Kuminga', 'Stephen Curry')",2.2166666666666663,2,2,8,3,4,0,3,0,0,0,0,5.0,5.0,0.0,0.0,0.0,0.0,0.0,2.0,0.0,2.0,10.0,43
22500618,GSW,TOR,76.2,77.2,"('Brandin Podziemski', 'Draymond Green', 'Gary Payton II', 'Gui Santos', 'Stephen Curry')",0.2833333333333333,2,1,1,0,0,0,0,0,0,1,0,0.44,0.44,0.0,0.0,0.0,0.0,0.0,0.0,0.0,0.0,0.88,43
22500618,GSW,TOR,75.8,77.8,"(""De'Anthony Melton"", 'Draymond Green', 'Gary Payton II', 'Jonathan Kuminga', 'Stephen Curry')",1.9,3,4,3,2,2,1,1,1,2,1,1,4.88,5.0,0.0,2.0,0.0,2.0,3.0,0.0,0.0,0.0,9.88,43
22500618,GSW,TOR,76.2,77.2,"('Buddy Hield', 'Draymond Green', 'Gary Payton II', 'Gui Santos', 'Stephen Curry')",1.3166666666666664,2,6,4,1,1,2,1,1,1,0,1,4.44,3.44,0.0,3.0,3.0,2.0,0.0,0.0,0.0,0.0,7.879999999999999,43
22500618,GSW,TOR,76.6,77.2,"('Brandin Podziemski', 'Buddy Hield', 'Draymond Green', 'Gui Santos', 'Stephen Curry')",0.0,2,0,0,0,0,0,0,0,0,0,0,0.0,0.0,0.0,0.0,0.0,0.0,0.0,0.0,0.0,0.0,0.0,43
22500618,GSW,TOR,77.2,78.8,"('Brandin Podziemski', ""De'Anthony Melton"", 'Moses Moody', 'Quinten Post', 'Will Richard')",3.8,2,9,9,4,3,1,4,2,1,1,1,10.0,8.0,0.0,0.0,2.0,6.0,3.0,0.0,0.0,6.0,18.0,43
22500618,GSW,TOR,75.8,78.0,"('Brandin Podziemski', 'Draymond Green', 'Gary Payton II', 'Moses Moody', 'Stephen Curry')",0.2,1,0,2,0,0,0,1,0,0,0,0,0.0,1.0,0.0,0.0,0.0,0.0,0.0,0.0,0.0,2.0,1.0,43
22500618,GSW,TOR,76.6,77.8,"('LJ Cryer', 'Malevy Leons', 'Pat Spencer', 'Trayce Jackson-Davis', 'Will Richard')",1.3450000000000002,4,2,5,1,1,0,1,0,0,1,0,2.0,1.88,0.0,0.0,0.0,2.0,0.0,0.0,0.0,0.0,3.88,43
22500618,GSW,TOR,77.0,77.6,"('Buddy Hield', 'Jonathan Kuminga', 'Pat Spencer', 'Trayce Jackson-Davis', 'Will Richard')",7.166666666666665,4,27,21,3,4,7,6,3,3,3,3,17.44,13.76,2.0,6.0,4.0,8.0,7.0,2.0,3.0,6.0,31.200000000000003,43
22500618,GSW,TOR,77.0,78.2,"('Brandin Podziemski', 'Buddy Hield', ""De'Anthony Melton"", 'Quinten Post', 'Will Richard')",3.091666666666667,1,7,9,4,2,0,4,0,0,0,2,6.32,6.0,0.0,0.0,2.0,4.0,0.0,0.0,2.0,6.0,12.32,43
22500618,GSW,TOR,76.4,78.2,"(""De'Anthony Melton"", 'Gary Payton II', 'Gui Santos', 'Stephen Curry', 'Trayce Jackson-Davis')",2.25,1,8,6,0,1,3,2,3,3,2,1,6.0,5.88,0.0,3.0,0.0,2.0,4.0,2.0,0.0,4.0,11.88,43
22500618,GSW,TOR,77.0,78.2,"('Brandin Podziemski', ""De'Anthony Melton"", 'Gui Santos', 'Trayce Jackson-Davis', 'Will Richard')",0.2333333333333333,1,3,0,0,0,1,0,0,0,0,0,1.0,0.0,0.0,3.0,0.0,0.0,0.0,0.0,0.0,0.0,1.0,43
22500618,GSW,TOR,76.4,78.2,"('Draymond Green', 'Gary Payton II', 'Gui Santos', 'Moses Moody', 'Stephen Curry')",1.3833333333333335,1,0,3,0,3,0,1,0,2,0,1,3.0,3.0,0.0,0.0,0.0,0.0,0.0,3.0,0.0,0.0,6.0,43
22500618,GSW,TOR,77.8,77.2,"('Brandin Podziemski', 'Draymond Green', 'Moses Moody', 'Quinten Post', 'Stephen Curry')",4.766666666666666,1,10,21,4,4,4,5,1,0,2,0,10.0,9.88,0.0,0.0,2.0,6.0,3.0,6.0,0.0,6.0,19.880000000000003,43
22500618,GSW,TOR,76.8,76.8,"('Brandin Podziemski', 'Draymond Green', 'Gui Santos', 'Moses Moody', 'Stephen Curry')",3.750000000000001,3,9,16,4,2,3,4,3,1,4,4,9.0,8.32,0.0,2.0,5.0,4.0,9.0,6.0,3.0,4.0,17.32,43
22500618,GSW,TOR,76.4,78.4,"('Draymond Green', 'Gary Payton II', 'Jonathan Kuminga', 'Moses Moody', 'Stephen Curry')",0.15,3,2,0,0,0,1,0,0,0,0,0,1.0,0.0,0.0,2.0,0.0,2.0,0.0,0.0,0.0,0.0,1.0,43
22500618,GSW,TOR,77.6,78.6,"('Buddy Hield', ""De'Anthony Melton"", 'Jonathan Kuminga', 'Quinten Post', 'Will Richard')",2.4833333333333334,4,4,11,0,0,0,2,3,0,2,1,5.0,5.88,0.0,0.0,0.0,4.0,4.0,0.0,0.0,4.0,10.88,43
22500630,GSW,DAL,77.2,79.0,"('Al Horford', 'Brandin Podziemski', ""De'Anthony Melton"", 'Jonathan Kuminga', 'Moses Moody')",3.3833333333333333,2,12,5,6,3,3,1,0,1,1,1,8.32,8.44,2.0,0.0,0.0,6.0,0.0,0.0,0.0,4.0,16.759999999999998,44
22500630,GSW,DAL,76.0,78.6,"('Draymond Green', 'Gary Payton II', 'Gui Santos', 'Stephen Curry', 'Will Richard')",0.5650000000000001,2,1,2,0,1,0,0,0,1,0,0,1.44,2.0,0.0,0.0,0.0,0.0,0.0,0.0,0.0,2.0,3.44,44
22500630,GSW,DAL,77.0,78.0,"('Al Horford', 'Brandin Podziemski', 'Buddy Hield', ""De'Anthony Melton"", 'Jonathan Kuminga')",2.5449999999999995,1,6,3,3,4,2,1,0,2,0,1,7.44,6.0,0.0,2.0,0.0,2.0,0.0,0.0,0.0,0.0,13.44,44
22500630,GSW,DAL,76.8,78.8,"('Al Horford', 'Brandin Podziemski', ""De'Anthony Melton"", 'Jonathan Kuminga', 'Will Richard')",1.7000000000000004,1,7,4,0,2,3,0,0,2,0,3,4.44,4.0,2.0,6.0,0.0,6.0,0.0,0.0,2.0,4.0,8.440000000000001,44
22500630,GSW,DAL,77.2,77.6,"('Buddy Hield', 'Draymond Green', 'Gary Payton II', 'Quinten Post', 'Stephen Curry')",3.733333333333334,2,4,12,3,8,1,2,2,2,1,2,8.88,9.0,2.0,2.0,0.0,2.0,4.0,7.0,7.0,6.0,17.880000000000003,44
22500630,GSW,DAL,76.8,79.2,"('Brandin Podziemski', 'Draymond Green', 'Gui Santos', 'Moses Moody', 'Stephen Curry')",4.05,3,13,6,2,1,5,2,0,2,1,2,8.0,7.88,2.0,4.0,2.0,8.0,0.0,0.0,2.0,2.0,15.88,44
22500630,GSW,DAL,75.4,77.8,"('Al Horford', ""De'Anthony Melton"", 'Gary Payton II', 'Stephen Curry', 'Will Richard')",3.0000000000000004,3,11,12,2,4,1,3,0,0,2,0,8.0,7.32,0.0,0.0,0.0,2.0,0.0,4.0,0.0,4.0,15.32,44
22500630,GSW,DAL,75.6,77.8,"('Draymond Green', 'Gary Payton II', 'Moses Moody', 'Stephen Curry', 'Will Richard')",2.166666666666666,3,6,9,1,1,2,3,1,0,2,1,4.0,4.88,0.0,0.0,0.0,6.0,3.0,3.0,4.0,4.0,8.879999999999999,44
22500630,GSW,DAL,75.0,79.0,"(""De'Anthony Melton"", 'Draymond Green', 'Gary Payton II', 'Stephen Curry', 'Will Richard')",0.95,1,2,1,0,1,1,0,0,1,1,0,2.0,1.44,0.0,0.0,0.0,2.0,0.0,0.0,0.0,0.0,3.44,44
22500630,GSW,DAL,76.4,78.8,"('Al Horford', ""De'Anthony Melton"", 'Jonathan Kuminga', 'Stephen Curry', 'Will Richard')",0.8,1,3,0,2,1,0,0,1,1,0,1,2.44,3.0,0.0,0.0,0.0,2.0,0.0,0.0,0.0,0.0,5.44,44
22500630,GSW,DAL,75.8,79.0,"('Brandin Podziemski', 'Draymond Green', 'Gary Payton II', 'Moses Moody', 'Stephen Curry')",0.3333333333333333,1,0,0,0,1,0,0,0,0,1,0,1.0,1.0,0.0,0.0,0.0,0.0,0.0,0.0,0.0,0.0,2.0,44
22500630,GSW,DAL,75.4,79.0,"('Al Horford', ""De'Anthony Melton"", 'Gary Payton II', 'Stephen Curry', 'Will Richard')",0.35,1,0,2,0,2,0,0,0,0,1,0,1.0,0.88,0.0,0.0,0.0,0.0,0.0,0.0,0.0,0.0,1.88,44
22500630,GSW,DAL,76.8,79.0,"('Brandin Podziemski', 'Draymond Green', 'Gui Santos', 'Moses Moody', 'Stephen Curry')",3.883333333333333,1,3,6,6,6,1,0,1,1,1,0,9.0,10.0,0.0,0.0,0.0,0.0,2.0,2.0,0.0,6.0,19.0,44
22500630,GSW,DAL,75.6,79.0,"('Draymond Green', 'Gary Payton II', 'Moses Moody', 'Stephen Curry', 'Will Richard')",1.3666666666666667,1,6,8,1,2,1,2,0,0,0,0,4.0,4.44,0.0,0.0,0.0,0.0,0.0,3.0,0.0,4.0,8.440000000000001,44
22500630,GSW,DAL,77.0,77.8,"('Al Horford', 'Brandin Podziemski', 'Buddy Hield', ""De'Anthony Melton"", 'Gui Santos')",2.9333333333333336,4,7,8,1,3,2,2,0,1,1,0,6.0,5.44,2.0,2.0,0.0,2.0,0.0,0.0,0.0,4.0,11.44,44
22500630,GSW,DAL,76.0,77.8,"('Al Horford', 'Brandin Podziemski', 'Buddy Hield', 'Gary Payton II', 'Stephen Curry')",0.8999999999999999,4,0,4,0,2,0,1,1,0,2,0,2.0,2.44,0.0,0.0,0.0,0.0,0.0,0.0,3.0,0.0,4.44,44
22500630,GSW,DAL,77.0,77.8,"('Al Horford', 'Brandin Podziemski', 'Buddy Hield', 'Gui Santos', 'Stephen Curry')",0.0,4,0,0,0,0,0,0,0,0,0,0,0.0,0.0,0.0,0.0,0.0,0.0,0.0,0.0,0.0,0.0,0.0,44
22500630,GSW,DAL,76.0,79.2,"('Al Horford', 'Gary Payton II', 'Moses Moody', 'Stephen Curry', 'Will Richard')",0.2666666666666666,4,0,4,0,1,0,1,0,0,1,0,1.0,1.88,0.0,0.0,0.0,0.0,0.0,0.0,0.0,2.0,2.88,44
22500630,GSW,DAL,75.6,77.8,"('Brandin Podziemski', 'Buddy Hield', 'Draymond Green', 'Gary Payton II', 'Stephen Curry')",0.8833333333333333,4,5,6,0,0,0,1,0,0,0,0,2.0,2.0,0.0,0.0,0.0,0.0,3.0,0.0,3.0,0.0,4.0,44
22500630,GSW,DAL,75.8,78.6,"('Brandin Podziemski', ""De'Anthony Melton"", 'Draymond Green', 'Moses Moody', 'Stephen Curry')",0.9833333333333332,4,3,0,0,1,1,0,0,1,1,1,3.0,1.0,0.0,0.0,3.0,0.0,0.0,0.0,0.0,0.0,4.0,44
22500630,GSW,DAL,76.2,78.6,"('Al Horford', 'Brandin Podziemski', ""De'Anthony Melton"", 'Moses Moody', 'Stephen Curry')",2.861666666666667,4,7,10,1,1,1,1,0,1,2,2,7.44,7.2,0.0,0.0,0.0,6.0,0.0,0.0,0.0,2.0,14.64,44
22500630,GSW,DAL,77.0,77.6,"('Al Horford', 'Brandin Podziemski', 'Buddy Hield', ""De'Anthony Melton"", 'Gui Santos')",1.6983333333333333,3,4,2,2,2,0,1,0,1,0,2,3.88,4.0,2.0,0.0,0.0,2.0,0.0,0.0,0.0,2.0,7.88,44
22500630,GSW,DAL,76.0,77.6,"('Al Horford', 'Brandin Podziemski', 'Buddy Hield', ""De'Anthony Melton"", 'Stephen Curry')",0.6666666666666667,3,5,0,1,0,2,0,0,1,0,0,2.0,2.0,0.0,2.0,0.0,2.0,0.0,0.0,0.0,0.0,4.0,44
22500630,GSW,DAL,77.4,79.2,"('Al Horford', 'Brandin Podziemski', 'Draymond Green', 'Gui Santos', 'Stephen Curry')",2.455,2,4,7,3,2,1,2,2,0,0,1,5.44,5.0,0.0,0.0,0.0,0.0,2.0,0.0,0.0,4.0,10.44,44
22500630,GSW,DAL,78.6,77.6,"('Al Horford', 'Brandin Podziemski', ""De'Anthony Melton"", 'Jonathan Kuminga', 'Quinten Post')",0.1666666666666666,2,0,0,0,0,0,0,0,0,1,0,0.0,1.0,0.0,0.0,0.0,0.0,0.0,0.0,0.0,0.0,1.0,44
22500630,GSW,DAL,77.2,79.2,"('Al Horford', 'Brandin Podziemski', 'Gui Santos', 'Moses Moody', 'Stephen Curry')",0.7166666666666667,2,0,5,0,1,0,2,1,0,1,0,2.0,2.0,0.0,0.0,0.0,0.0,3.0,0.0,0.0,2.0,4.0,44
22500630,GSW,DAL,77.8,77.6,"(""De'Anthony Melton"", 'Draymond Green', 'Jonathan Kuminga', 'Quinten Post', 'Stephen Curry')",0.8500000000000001,2,2,0,0,1,1,0,1,1,1,0,2.0,1.0,0.0,0.0,0.0,2.0,0.0,0.0,0.0,0.0,3.0,44
22500630,GSW,DAL,77.6,77.6,"('Brandin Podziemski', 'Buddy Hield', 'Moses Moody', 'Quinten Post', 'Will Richard')",0.855,4,4,0,0,0,1,0,0,2,0,0,2.44,2.0,3.0,3.0,0.0,0.0,0.0,0.0,0.0,0.0,4.44,44
22500630,GSW,DAL,76.2,78.8,"('Al Horford', 'Brandin Podziemski', 'Gary Payton II', 'Moses Moody', 'Stephen Curry')",1.0666666666666669,4,0,5,0,2,0,0,0,0,0,0,2.0,2.44,0.0,0.0,0.0,0.0,0.0,0.0,0.0,4.0,4.44,44
22500630,GSW,DAL,75.6,77.8,"('Draymond Green', 'Gary Payton II', 'Moses Moody', 'Stephen Curry', 'Will Richard')",0.95,4,0,2,1,1,0,0,0,0,3,0,1.0,2.88,0.0,0.0,0.0,0.0,0.0,0.0,0.0,0.0,3.88,44
22500644,GSW,MIN,77.8,79.8,"('Gui Santos', 'Moses Moody', 'Quinten Post', 'Stephen Curry', 'Will Richard')",1.6,1,5,7,1,2,1,1,0,0,0,0,4.0,4.0,0.0,0.0,0.0,2.0,0.0,2.0,0.0,4.0,8.0,45
22500644,GSW,MIN,76.0,77.6,"('Brandin Podziemski', 'Buddy Hield', ""De'Anthony Melton"", 'Gui Santos', 'Will Richard')",0.0,1,0,0,0,0,0,0,0,0,0,0,0.0,0.0,0.0,0.0,0.0,0.0,0.0,0.0,0.0,0.0,0.0,45
22500644,GSW,MIN,77.0,77.6,"('Al Horford', 'Brandin Podziemski', 'Buddy Hield', ""De'Anthony Melton"", 'Gui Santos')",1.0,1,0,2,0,2,0,0,0,0,2,0,2.0,1.88,0.0,0.0,0.0,0.0,0.0,0.0,0.0,0.0,3.88,45
22500644,GSW,MIN,76.6,79.4,"('Al Horford', 'Brandin Podziemski', 'Buddy Hield', ""De'Anthony Melton"", 'Moses Moody')",1.1,2,5,6,0,2,1,1,0,0,0,1,3.0,2.0,0.0,0.0,3.0,2.0,0.0,3.0,3.0,0.0,5.0,45
22500644,GSW,MIN,76.2,79.2,"('Al Horford', 'Buddy Hield', ""De'Anthony Melton"", 'Moses Moody', 'Stephen Curry')",0.0683333333333333,1,0,0,0,0,0,0,0,0,0,0,1.0,0.0,0.0,0.0,0.0,0.0,0.0,0.0,0.0,0.0,1.0,45
22500644,GSW,MIN,76.8,77.6,"('Al Horford', 'Buddy Hield', ""De'Anthony Melton"", 'Gui Santos', 'Will Richard')",3.183333333333333,2,7,6,2,3,1,1,0,3,1,1,5.88,6.0,0.0,0.0,0.0,2.0,0.0,3.0,0.0,0.0,11.88,45
22500644,GSW,MIN,75.4,79.4,"(""De'Anthony Melton"", 'Draymond Green', 'Gary Payton II', 'Moses Moody', 'Stephen Curry')",1.2333333333333334,2,3,5,2,0,1,2,1,0,0,1,2.0,3.0,0.0,0.0,0.0,0.0,2.0,0.0,0.0,2.0,5.0,45
22500644,GSW,MIN,76.6,77.6,"('Al Horford', 'Brandin Podziemski', 'Buddy Hield', ""De'Anthony Melton"", 'Moses Moody')",1.5816666666666666,1,3,2,2,1,1,1,0,0,0,1,2.0,3.0,0.0,0.0,0.0,0.0,0.0,0.0,0.0,0.0,5.0,45
22500644,GSW,MIN,77.8,79.8,"('Brandin Podziemski', 'Draymond Green', 'Moses Moody', 'Quinten Post', 'Stephen Curry')",0.5499999999999999,1,0,0,1,1,0,0,0,0,1,0,2.0,1.0,0.0,0.0,0.0,0.0,0.0,0.0,0.0,0.0,3.0,45
22500644,GSW,MIN,77.0,79.8,"('Al Horford', 'Brandin Podziemski', 'Draymond Green', 'Moses Moody', 'Stephen Curry')",4.683333333333333,1,14,8,3,6,4,2,0,4,0,2,9.88,11.0,9.0,5.0,0.0,6.0,0.0,0.0,0.0,4.0,20.880000000000003,45
22500644,GSW,MIN,77.2,78.4,"(""De'Anthony Melton"", 'Gui Santos', 'Quinten Post', 'Stephen Curry', 'Will Richard')",0.8166666666666668,1,0,0,0,3,0,0,0,2,0,0,3.0,2.0,0.0,0.0,0.0,0.0,0.0,0.0,0.0,0.0,5.0,45
22500644,GSW,MIN,77.6,79.8,"('Draymond Green', 'Moses Moody', 'Quinten Post', 'Stephen Curry', 'Will Richard')",0.8666666666666667,1,2,0,0,1,1,0,0,3,0,0,2.0,3.0,2.0,2.0,0.0,2.0,0.0,0.0,0.0,0.0,5.0,45
22500644,GSW,MIN,77.6,78.4,"('Buddy Hield', ""De'Anthony Melton"", 'Gui Santos', 'Quinten Post', 'Will Richard')",0.5833333333333334,1,0,0,1,1,0,0,0,0,0,0,1.0,2.0,0.0,0.0,0.0,0.0,0.0,0.0,0.0,0.0,3.0,45
22500644,GSW,MIN,77.8,79.8,"('Brandin Podziemski', 'Draymond Green', 'Moses Moody', 'Quinten Post', 'Stephen Curry')",1.05,3,2,1,1,1,1,0,0,0,1,0,2.0,1.44,0.0,0.0,0.0,2.0,0.0,0.0,0.0,0.0,3.44,45
22500644,GSW,MIN,77.2,79.0,"(""De'Anthony Melton"", 'Gui Santos', 'Quinten Post', 'Stephen Curry', 'Will Richard')",1.4166666666666667,3,6,2,1,0,2,0,1,1,0,3,4.44,3.0,0.0,0.0,0.0,2.0,2.0,2.0,0.0,2.0,7.44,45
22500644,GSW,MIN,77.6,79.0,"('Draymond Green', 'Moses Moody', 'Quinten Post', 'Stephen Curry', 'Will Richard')",0.9333333333333332,3,0,2,2,2,0,1,1,0,0,0,2.0,3.0,0.0,0.0,0.0,0.0,2.0,2.0,0.0,2.0,5.0,45
22500644,GSW,MIN,77.6,77.0,"('Buddy Hield', ""De'Anthony Melton"", 'Gui Santos', 'Quinten Post', 'Will Richard')",1.8333333333333333,3,8,4,2,1,2,0,0,0,1,0,4.0,3.88,0.0,0.0,2.0,2.0,0.0,0.0,0.0,2.0,7.88,45
22500644,GSW,MIN,77.8,77.8,"('Brandin Podziemski', 'Buddy Hield', ""De'Anthony Melton"", 'Gui Santos', 'Quinten Post')",2.1500000000000004,3,7,2,2,1,2,0,1,1,1,0,6.0,4.0,0.0,2.0,2.0,4.0,0.0,0.0,0.0,2.0,10.0,45
22500644,GSW,MIN,78.0,79.2,"('Brandin Podziemski', 'Pat Spencer', 'Quinten Post', 'Trayce Jackson-Davis', 'Will Richard')",0.0,4,0,0,0,0,0,0,0,0,0,0,0.0,0.0,0.0,0.0,0.0,0.0,0.0,0.0,0.0,0.0,0.0,45
22500644,GSW,MIN,76.8,79.2,"('Al Horford', 'Brandin Podziemski', ""De'Anthony Melton"", 'Gui Santos', 'Will Richard')",3.333333333333333,4,4,9,3,3,2,1,1,0,2,0,7.0,7.88,2.0,0.0,0.0,4.0,0.0,0.0,0.0,2.0,14.88,45
22500644,GSW,MIN,76.8,78.4,"('Buddy Hield', 'Draymond Green', 'Gui Santos', 'Moses Moody', 'Stephen Curry')",0.7,4,5,0,2,0,1,0,0,0,0,0,2.0,2.0,0.0,0.0,0.0,2.0,0.0,0.0,0.0,0.0,4.0,45
22500644,GSW,MIN,77.6,79.2,"('Brandin Podziemski', ""De'Anthony Melton"", 'Gui Santos', 'Quinten Post', 'Will Richard')",0.4833333333333333,4,2,0,0,0,1,0,0,1,0,0,2.0,1.0,0.0,0.0,2.0,2.0,0.0,0.0,0.0,0.0,3.0,45
22500644,GSW,MIN,77.6,78.2,"('Al Horford', 'Draymond Green', 'Gui Santos', 'Moses Moody', 'Stephen Curry')",1.2666666666666668,4,1,3,1,4,0,1,0,0,0,1,1.44,2.0,0.0,0.0,0.0,0.0,0.0,0.0,3.0,0.0,3.44,45
22500644,GSW,MIN,75.8,78.4,"('Buddy Hield', 'Draymond Green', 'Gary Payton II', 'Moses Moody', 'Stephen Curry')",2.599999999999999,4,5,7,4,2,1,1,1,0,5,1,4.88,7.76,0.0,0.0,0.0,0.0,0.0,0.0,0.0,0.0,12.64,45
22500644,GSW,MIN,77.2,79.2,"('LJ Cryer', 'Pat Spencer', 'Quinten Post', 'Trayce Jackson-Davis', 'Will Richard')",2.978333333333333,4,8,3,4,4,2,1,1,2,2,2,8.32,8.0,2.0,2.0,0.0,2.0,0.0,0.0,3.0,0.0,16.32,45
22500644,GSW,MIN,76.8,78.2,"('Al Horford', 'Brandin Podziemski', 'Gui Santos', 'Stephen Curry', 'Will Richard')",0.2,4,1,0,0,0,0,0,0,1,0,1,0.44,1.0,0.0,0.0,0.0,0.0,0.0,0.0,0.0,0.0,1.44,45
22500644,GSW,MIN,77.0,77.6,"('Al Horford', 'Brandin Podziemski', 'Buddy Hield', ""De'Anthony Melton"", 'Gui Santos')",1.6,2,3,3,2,1,1,1,3,2,1,0,5.44,5.0,2.0,0.0,0.0,2.0,3.0,0.0,0.0,0.0,10.44,45
22500644,GSW,MIN,75.6,78.6,"('Draymond Green', 'Gary Payton II', 'Moses Moody', 'Stephen Curry', 'Will Richard')",4.539999999999999,2,5,7,4,6,1,1,1,1,2,2,9.88,8.0,0.0,0.0,0.0,0.0,2.0,0.0,0.0,2.0,17.880000000000003,45
22500644,GSW,MIN,77.0,79.8,"('Al Horford', 'Brandin Podziemski', 'Draymond Green', 'Moses Moody', 'Stephen Curry')",4.549999999999999,3,15,6,5,3,5,1,1,4,1,0,11.0,10.44,5.0,8.0,2.0,10.0,0.0,0.0,0.0,2.0,21.44,45
22500663,GSW,MIN,76.8,78.8,"('Brandin Podziemski', 'Buddy Hield', 'Moses Moody', 'Pat Spencer', 'Trayce Jackson-Davis')",1.5916666666666663,1,2,0,2,1,0,0,0,0,1,1,2.0,2.0,0.0,0.0,0.0,2.0,0.0,0.0,0.0,0.0,4.0,46
22500663,GSW,MIN,77.6,79.2,"('Brandin Podziemski', 'Buddy Hield', 'Moses Moody', 'Quinten Post', 'Will Richard')",2.05,1,2,4,1,2,1,2,1,1,0,1,4.0,5.0,0.0,0.0,0.0,2.0,0.0,0.0,0.0,2.0,9.0,46
22500663,GSW,MIN,76.6,79.2,"('Buddy Hield', 'Gary Payton II', 'Pat Spencer', 'Quinten Post', 'Will Richard')",2.1333333333333333,2,2,7,0,2,1,1,1,2,2,0,4.0,4.88,0.0,2.0,0.0,2.0,0.0,3.0,0.0,2.0,8.879999999999999,46
22500663,GSW,MIN,77.4,80.2,"('Brandin Podziemski', 'Gui Santos', 'Moses Moody', 'Pat Spencer', 'Trayce Jackson-Davis')",1.2500000000000002,2,0,6,1,2,0,1,1,0,1,0,3.0,3.3200000000000003,0.0,0.0,0.0,0.0,0.0,0.0,0.0,0.0,6.32,46
22500663,GSW,MIN,78.2,77.8,"('Brandin Podziemski', 'Gui Santos', 'Moses Moody', 'Quinten Post', 'Will Richard')",4.2,2,8,11,2,5,2,5,1,2,0,1,9.0,9.0,0.0,0.0,0.0,2.0,2.0,4.0,0.0,6.0,18.0,46
22500663,GSW,MIN,78.0,77.8,"('Brandin Podziemski', 'Buddy Hield', 'Gui Santos', 'Quinten Post', 'Will Richard')",0.8333333333333334,2,4,0,1,1,1,0,0,1,0,0,3.0,2.0,4.0,2.0,0.0,4.0,0.0,0.0,0.0,0.0,5.0,46
22500663,GSW,MIN,77.8,81.0,"('Brandin Podziemski', 'Buddy Hield', 'Gui Santos', 'Moses Moody', 'Trayce Jackson-Davis')",1.6383333333333336,2,2,8,1,3,1,2,1,0,1,1,4.0,3.88,0.0,0.0,2.0,2.0,2.0,2.0,2.0,6.0,7.88,46
22500663,GSW,MIN,77.4,79.2,"('Buddy Hield', 'Gary Payton II', 'Gui Santos', 'Pat Spencer', 'Quinten Post')",1.8000000000000005,2,2,0,1,3,1,0,0,1,1,0,3.0,2.0,0.0,2.0,0.0,2.0,0.0,0.0,0.0,0.0,5.0,46
22500663,GSW,MIN,78.0,79.2,"('Brandin Podziemski', 'Gui Santos', 'Moses Moody', 'Pat Spencer', 'Quinten Post')",5.116666666666664,3,7,9,8,8,2,3,0,3,1,4,11.0,11.44,2.0,5.0,2.0,4.0,0.0,0.0,0.0,2.0,22.44,46
22500663,GSW,MIN,77.0,78.6,"('Brandin Podziemski', 'Buddy Hield', 'Moses Moody', 'Trayce Jackson-Davis', 'Will Richard')",0.5166666666666666,3,0,2,0,0,0,1,0,0,0,1,0.0,1.0,0.0,0.0,0.0,0.0,2.0,0.0,0.0,2.0,1.0,46
22500663,GSW,MIN,76.8,79.2,"('Gary Payton II', 'Moses Moody', 'Pat Spencer', 'Quinten Post', 'Will Richard')",2.9333333333333336,3,5,6,4,4,2,1,0,1,2,0,5.0,5.76,3.0,3.0,0.0,2.0,0.0,0.0,0.0,2.0,10.76,46
22500663,GSW,MIN,77.4,79.4,"('Brandin Podziemski', 'Buddy Hield', 'Gui Santos', 'Trayce Jackson-Davis', 'Will Richard')",2.0500000000000007,3,5,2,3,3,1,0,1,1,0,1,6.0,4.0,3.0,0.0,2.0,2.0,0.0,0.0,0.0,2.0,10.0,46
22500663,GSW,MIN,76.6,79.2,"('Buddy Hield', 'Moses Moody', 'Pat Spencer', 'Trayce Jackson-Davis', 'Will Richard')",1.2,3,2,3,1,4,0,1,0,0,0,0,3.0,2.0,0.0,0.0,0.0,2.0,0.0,0.0,3.0,0.0,5.0,46
22500663,GSW,MIN,77.4,78.6,"('Brandin Podziemski', 'Gary Payton II', 'Gui Santos', 'Moses Moody', 'Trayce Jackson-Davis')",0.1133333333333333,1,0,0,1,0,0,0,0,0,0,0,0.0,1.0,0.0,0.0,0.0,0.0,0.0,0.0,0.0,0.0,1.0,46
22500663,GSW,MIN,78.0,79.2,"('Brandin Podziemski', 'Gui Santos', 'Moses Moody', 'Pat Spencer', 'Quinten Post')",5.2333333333333325,1,14,8,8,4,2,1,2,1,2,0,12.0,12.32,0.0,0.0,2.0,8.0,3.0,0.0,2.0,2.0,24.32,46
22500663,GSW,MIN,76.0,78.8,"('Buddy Hield', 'Gary Payton II', 'Pat Spencer', 'Trayce Jackson-Davis', 'Will Richard')",2.9,1,2,9,1,5,1,2,3,3,2,0,9.0,9.0,2.0,2.0,0.0,2.0,2.0,6.0,0.0,6.0,18.0,46
22500663,GSW,MIN,77.4,78.2,"('Buddy Hield', 'Malevy Leons', 'Pat Spencer', 'Trayce Jackson-Davis', 'Will Richard')",6.081666666666665,4,17,14,7,4,5,5,2,2,2,2,16.32,14.88,0.0,2.0,7.0,6.0,0.0,7.0,0.0,6.0,31.200000000000003,46
22500663,GSW,MIN,77.0,78.6,"('Buddy Hield', 'Gui Santos', 'Pat Spencer', 'Trayce Jackson-Davis', 'Will Richard')",2.6,4,3,3,3,2,1,1,3,3,1,1,9.44,7.0,2.0,0.0,0.0,0.0,0.0,0.0,0.0,0.0,16.439999999999998,46
22500663,GSW,MIN,79.2,78.6,"('Brandin Podziemski', 'Buddy Hield', 'Gui Santos', 'Malevy Leons', 'Quinten Post')",0.9666666666666668,4,2,5,0,1,0,1,1,0,1,0,2.0,1.88,0.0,0.0,0.0,2.0,0.0,0.0,0.0,0.0,3.88,46
22500663,GSW,MIN,78.2,78.6,"('Brandin Podziemski', 'Buddy Hield', 'Gary Payton II', 'Malevy Leons', 'Quinten Post')",1.9,4,4,10,0,2,0,2,1,1,2,2,4.76,6.0,0.0,0.0,0.0,0.0,3.0,3.0,2.0,4.0,10.76,46
22500663,GSW,MIN,78.8,78.6,"('Buddy Hield', 'Gui Santos', 'Malevy Leons', 'Pat Spencer', 'Quinten Post')",0.0,4,0,1,0,0,0,0,0,0,0,0,0.0,0.44,0.0,0.0,0.0,0.0,0.0,0.0,0.0,0.0,0.44,46
22500678,GSW,UTA,76.0,80.0,"('Buddy Hield', 'Draymond Green', 'Moses Moody', 'Stephen Curry', 'Will Richard')",2.816666666666666,4,12,9,1,3,3,2,0,1,1,2,6.44,5.88,0.0,3.0,0.0,2.0,0.0,0.0,2.0,4.0,12.32,47
22500678,GSW,UTA,77.2,78.6,"(""De'Anthony Melton"", 'Gui Santos', 'Quinten Post', 'Stephen Curry', 'Will Richard')",2.4,3,5,10,2,3,1,3,1,1,1,1,5.88,7.32,0.0,3.0,0.0,0.0,0.0,2.0,0.0,4.0,13.2,47
22500678,GSW,UTA,76.8,79.6,"('Al Horford', 'Draymond Green', 'Moses Moody', 'Stephen Curry', 'Will Richard')",1.9833333333333327,3,10,7,1,1,3,2,1,1,4,1,5.32,5.32,2.0,2.0,0.0,4.0,0.0,0.0,0.0,4.0,10.64,47
22500678,GSW,UTA,77.8,79.0,"('Brandin Podziemski', 'Buddy Hield', ""De'Anthony Melton"", 'Gui Santos', 'Quinten Post')",3.566666666666666,3,10,16,3,3,3,4,2,0,3,2,7.76,7.640000000000001,0.0,0.0,2.0,6.0,5.0,2.0,5.0,4.0,15.4,47
22500678,GSW,UTA,77.0,80.8,"('Al Horford', 'Brandin Podziemski', 'Draymond Green', 'Moses Moody', 'Stephen Curry')",4.05,3,8,5,4,5,4,0,1,2,1,3,9.0,7.0,0.0,4.0,4.0,8.0,0.0,0.0,2.0,2.0,16.0,47
22500678,GSW,UTA,76.4,81.0,"('Al Horford', 'Buddy Hield', ""De'Anthony Melton"", 'Draymond Green', 'Stephen Curry')",2.766666666666668,2,5,4,3,5,2,1,1,1,0,2,6.0,6.0,0.0,2.0,0.0,2.0,0.0,0.0,4.0,4.0,12.0,47
22500678,GSW,UTA,77.2,80.4,"(""De'Anthony Melton"", 'Gui Santos', 'Quinten Post', 'Stephen Curry', 'Will Richard')",2.1166666666666667,1,9,4,3,0,2,2,0,0,1,1,3.88,3.0,0.0,0.0,2.0,4.0,0.0,0.0,0.0,4.0,6.88,47
22500678,GSW,UTA,76.8,81.0,"('Al Horford', 'Brandin Podziemski', 'Buddy Hield', 'Draymond Green', 'Stephen Curry')",2.466666666666667,2,6,5,2,2,2,2,2,2,0,0,6.0,7.0,0.0,0.0,0.0,0.0,2.0,2.0,3.0,2.0,13.0,47
22500678,GSW,UTA,77.4,78.6,"('Brandin Podziemski', ""De'Anthony Melton"", 'Gui Santos', 'Quinten Post', 'Stephen Curry')",0.8833333333333333,1,1,3,1,0,0,1,2,0,0,0,2.44,3.0,0.0,0.0,0.0,0.0,3.0,3.0,0.0,0.0,5.44,47
22500678,GSW,UTA,77.0,80.8,"('Al Horford', 'Brandin Podziemski', 'Draymond Green', 'Moses Moody', 'Stephen Curry')",6.883333333333331,1,20,13,9,6,4,5,2,4,1,1,14.44,16.0,5.0,0.0,5.0,4.0,2.0,2.0,2.0,10.0,30.44,47
22500678,GSW,UTA,77.6,80.4,"('Buddy Hield', ""De'Anthony Melton"", 'Gui Santos', 'Quinten Post', 'Will Richard')",1.95,1,4,4,1,1,1,1,2,2,1,2,5.44,6.44,3.0,3.0,0.0,0.0,0.0,0.0,0.0,0.0,11.88,47
22500678,GSW,UTA,76.8,80.0,"('Al Horford', 'Brandin Podziemski', ""De'Anthony Melton"", 'Gui Santos', 'Will Richard')",1.9666666666666668,4,5,2,4,1,2,1,1,0,0,0,4.0,5.0,0.0,0.0,0.0,2.0,0.0,0.0,0.0,2.0,9.0,47
22500678,GSW,UTA,77.4,78.8,"('Buddy Hield', 'Malevy Leons', 'Pat Spencer', 'Trayce Jackson-Davis', 'Will Richard')",3.076666666666667,4,5,15,1,1,2,4,3,2,1,0,7.44,8.32,2.0,2.0,0.0,4.0,5.0,4.0,0.0,4.0,15.760000000000002,47
22500678,GSW,UTA,77.2,78.8,"('Al Horford', 'Brandin Podziemski', ""De'Anthony Melton"", 'Gui Santos', 'Moses Moody')",1.3833333333333333,4,9,0,2,0,3,0,0,0,0,1,3.44,3.0,0.0,0.0,0.0,2.0,0.0,0.0,0.0,0.0,6.44,47
22500678,GSW,UTA,76.8,80.0,"('Al Horford', 'Draymond Green', 'Moses Moody', 'Stephen Curry', 'Will Richard')",1.4666666666666668,4,5,5,1,1,1,2,1,1,0,0,3.44,3.0,0.0,0.0,2.0,4.0,2.0,0.0,2.0,2.0,6.44,47
22500678,GSW,UTA,77.4,78.8,"(""De'Anthony Melton"", 'Malevy Leons', 'Moses Moody', 'Pat Spencer', 'Trayce Jackson-Davis')",0.35,4,3,0,1,0,0,0,0,0,0,2,2.3200000000000003,1.0,0.0,0.0,0.0,0.0,0.0,0.0,0.0,0.0,3.3200000000000003,47
22500678,GSW,UTA,78.2,80.2,"('Brandin Podziemski', 'Gui Santos', 'Moses Moody', 'Quinten Post', 'Will Richard')",1.518333333333333,2,4,7,0,0,0,3,0,0,0,1,3.88,3.44,0.0,0.0,0.0,0.0,0.0,0.0,0.0,6.0,7.32,47
22500678,GSW,UTA,77.2,79.0,"('Al Horford', 'Brandin Podziemski', ""De'Anthony Melton"", 'Gui Santos', 'Moses Moody')",0.5666666666666667,2,0,3,0,1,0,1,0,0,0,1,1.0,1.0,0.0,0.0,0.0,0.0,0.0,0.0,0.0,0.0,2.0,47
22500678,GSW,UTA,78.0,80.2,"('Brandin Podziemski', ""De'Anthony Melton"", 'Gui Santos', 'Moses Moody', 'Quinten Post')",4.45,2,19,12,3,4,6,4,1,2,3,2,11.88,11.88,8.0,3.0,0.0,2.0,2.0,3.0,0.0,2.0,23.76,47
22500696,GSW,DET,77.0,79.6,"('Al Horford', 'Brandin Podziemski', 'Draymond Green', 'Moses Moody', 'Stephen Curry')",1.7116666666666664,2,3,6,1,2,1,1,2,2,1,1,6.44,5.88,0.0,2.0,0.0,0.0,2.0,0.0,0.0,4.0,12.32,48
22500696,GSW,DET,76.8,79.6,"('Al Horford', 'Draymond Green', 'Moses Moody', 'Stephen Curry', 'Will Richard')",0.8166666666666667,1,1,5,0,1,0,2,1,0,0,1,2.44,2.0,0.0,0.0,0.0,0.0,3.0,0.0,0.0,0.0,4.44,48
22500696,GSW,DET,77.8,77.6,"('Brandin Podziemski', 'Buddy Hield', ""De'Anthony Melton"", 'Gui Santos', 'Quinten Post')",2.4966666666666675,1,6,8,1,4,1,1,1,1,1,1,7.44,5.88,0.0,0.0,0.0,0.0,2.0,4.0,0.0,4.0,13.32,48
22500696,GSW,DET,75.8,79.6,"('Brandin Podziemski', ""De'Anthony Melton"", 'Draymond Green', 'Moses Moody', 'Stephen Curry')",0.5833333333333333,2,3,0,2,0,1,0,0,0,0,0,1.0,1.0,0.0,3.0,3.0,0.0,0.0,0.0,0.0,0.0,2.0,48
22500696,GSW,DET,76.2,79.6,"('Al Horford', ""De'Anthony Melton"", 'Draymond Green', 'Stephen Curry', 'Will Richard')",0.1333333333333333,1,1,3,0,0,0,1,0,0,0,0,0.44,1.0,0.0,0.0,0.0,0.0,0.0,0.0,0.0,0.0,1.44,48
22500696,GSW,DET,77.0,79.6,"('Al Horford', 'Brandin Podziemski', 'Draymond Green', 'Moses Moody', 'Stephen Curry')",5.033333333333332,1,17,17,3,4,5,7,1,2,1,4,11.76,11.44,3.0,3.0,0.0,4.0,3.0,3.0,0.0,10.0,23.2,48
22500696,GSW,DET,77.2,78.0,"(""De'Anthony Melton"", 'Gui Santos', 'Quinten Post', 'Stephen Curry', 'Will Richard')",1.7666666666666664,1,5,6,1,1,0,2,0,0,0,0,3.44,4.0,0.0,0.0,0.0,4.0,0.0,2.0,0.0,4.0,7.439999999999999,48
22500696,GSW,DET,77.0,79.6,"(""De'Anthony Melton"", 'Draymond Green', 'Quinten Post', 'Stephen Curry', 'Will Richard')",1.6166666666666667,1,7,6,0,2,2,2,0,0,0,1,4.44,4.0,0.0,0.0,0.0,0.0,0.0,2.0,0.0,6.0,8.440000000000001,48
22500696,GSW,DET,77.8,79.6,"('Brandin Podziemski', 'Buddy Hield', ""De'Anthony Melton"", 'Gui Santos', 'Quinten Post')",2.85,2,8,8,3,4,2,1,1,2,2,0,7.0,8.440000000000001,2.0,2.0,0.0,8.0,0.0,0.0,2.0,4.0,15.44,48
22500696,GSW,DET,76.4,78.2,"(""De'Anthony Melton"", 'Draymond Green', 'Gui Santos', 'Moses Moody', 'Stephen Curry')",1.7666666666666668,2,2,2,3,4,0,0,1,0,1,0,4.0,3.0,0.0,0.0,2.0,2.0,0.0,0.0,2.0,2.0,7.0,48
22500696,GSW,DET,76.6,79.6,"('Brandin Podziemski', 'Buddy Hield', ""De'Anthony Melton"", 'Draymond Green', 'Gui Santos')",1.05,2,0,4,1,1,0,1,2,0,1,0,3.0,2.88,0.0,0.0,0.0,0.0,2.0,2.0,0.0,2.0,5.88,48
22500696,GSW,DET,76.6,79.2,"('Al Horford', 'Buddy Hield', ""De'Anthony Melton"", 'Gui Santos', 'Pat Spencer')",1.8166666666666664,4,2,3,0,2,1,0,0,1,2,0,3.0,3.3200000000000003,0.0,2.0,0.0,2.0,0.0,0.0,0.0,0.0,6.32,48
22500696,GSW,DET,76.6,79.0,"('Brandin Podziemski', 'Buddy Hield', ""De'Anthony Melton"", 'Draymond Green', 'Gui Santos')",0.1983333333333333,4,0,0,1,0,0,0,0,0,1,1,1.0,2.0,0.0,0.0,0.0,0.0,0.0,0.0,0.0,0.0,3.0,48
22500696,GSW,DET,76.8,79.2,"('Buddy Hield', 'Draymond Green', 'Gui Santos', 'Moses Moody', 'Pat Spencer')",2.8666666666666667,4,7,7,4,5,2,1,1,1,0,2,8.440000000000001,6.0,0.0,0.0,0.0,0.0,2.0,2.0,5.0,4.0,14.44,48
22500696,GSW,DET,76.6,79.2,"('Al Horford', 'Brandin Podziemski', ""De'Anthony Melton"", 'Gui Santos', 'Pat Spencer')",1.2166666666666668,4,2,2,2,1,1,0,0,1,0,0,2.0,3.0,0.0,2.0,0.0,2.0,0.0,0.0,0.0,2.0,5.0,48
22500696,GSW,DET,76.8,79.6,"('Al Horford', 'Draymond Green', 'Moses Moody', 'Stephen Curry', 'Will Richard')",0.5333333333333333,3,0,0,1,5,0,0,1,0,0,1,1.0,2.0,0.0,0.0,0.0,0.0,0.0,0.0,0.0,0.0,3.0,48
22500696,GSW,DET,76.6,79.2,"('Draymond Green', 'Gui Santos', 'Moses Moody', 'Stephen Curry', 'Will Richard')",0.7833333333333333,3,3,0,1,1,1,0,0,0,0,0,2.0,2.0,0.0,0.0,0.0,0.0,0.0,0.0,0.0,0.0,4.0,48
22500696,GSW,DET,77.6,78.2,"('Brandin Podziemski', ""De'Anthony Melton"", 'Gui Santos', 'Quinten Post', 'Will Richard')",2.8666666666666663,3,9,8,1,2,1,3,1,1,0,3,7.640000000000001,7.0,0.0,0.0,0.0,0.0,3.0,2.0,0.0,2.0,14.64,48
22500696,GSW,DET,78.2,78.2,"('Brandin Podziemski', 'Gui Santos', 'Moses Moody', 'Quinten Post', 'Will Richard')",1.21,3,0,2,2,2,0,0,1,1,1,0,5.0,2.88,0.0,0.0,0.0,0.0,0.0,0.0,0.0,0.0,7.88,48
22500696,GSW,DET,77.2,78.4,"(""De'Anthony Melton"", 'Gui Santos', 'Quinten Post', 'Stephen Curry', 'Will Richard')",0.5666666666666667,3,3,5,0,0,0,0,0,0,2,1,1.44,2.2,0.0,0.0,0.0,2.0,0.0,0.0,0.0,0.0,3.64,48
22500696,GSW,DET,76.0,79.2,"(""De'Anthony Melton"", 'Draymond Green', 'Gui Santos', 'Stephen Curry', 'Will Richard')",0.5666666666666667,3,2,3,0,0,1,1,1,1,0,0,2.0,2.0,0.0,0.0,0.0,2.0,0.0,0.0,3.0,0.0,4.0,48
22500696,GSW,DET,77.0,79.6,"('Al Horford', 'Brandin Podziemski', 'Draymond Green', 'Moses Moody', 'Stephen Curry')",5.183333333333334,3,14,13,7,5,3,4,2,0,2,2,11.76,12.32,0.0,0.0,2.0,4.0,4.0,2.0,0.0,10.0,24.08,48
22500696,GSW,DET,76.8,77.6,"('Al Horford', 'Draymond Green', 'Moses Moody', 'Stephen Curry', 'Will Richard')",3.216666666666667,2,6,9,2,3,2,3,2,1,0,2,6.0,7.0,0.0,0.0,0.0,0.0,4.0,2.0,2.0,4.0,13.0,48
22500696,GSW,DET,76.6,78.2,"('Draymond Green', 'Gui Santos', 'Moses Moody', 'Stephen Curry', 'Will Richard')",0.6833333333333333,2,5,3,0,0,2,1,0,0,0,1,2.0,1.44,0.0,3.0,0.0,2.0,0.0,0.0,0.0,2.0,3.44,48
22500696,GSW,DET,78.0,79.0,"('Brandin Podziemski', ""De'Anthony Melton"", 'Gui Santos', 'Moses Moody', 'Quinten Post')",0.0,4,0,2,0,0,0,0,0,0,0,0,0.0,0.88,0.0,0.0,0.0,0.0,0.0,0.0,0.0,0.0,0.88,48
22500696,GSW,DET,76.4,79.0,"('Brandin Podziemski', 'Buddy Hield', ""De'Anthony Melton"", 'Gui Santos', 'Moses Moody')",0.1166666666666666,4,0,0,0,1,0,0,0,0,0,0,1.0,0.0,0.0,0.0,0.0,0.0,0.0,0.0,0.0,0.0,1.0,48
22500696,GSW,DET,76.8,79.0,"('Al Horford', 'Brandin Podziemski', 'Buddy Hield', ""De'Anthony Melton"", 'Draymond Green')",3.205,4,8,7,3,2,2,0,0,0,4,2,6.76,6.2,2.0,0.0,0.0,4.0,0.0,0.0,0.0,2.0,12.96,48
22500696,GSW,DET,76.2,79.2,"('Buddy Hield', ""De'Anthony Melton"", 'Draymond Green', 'Gui Santos', 'Pat Spencer')",1.9666666666666663,4,10,2,3,1,3,0,0,0,0,0,5.0,4.0,0.0,2.0,0.0,4.0,0.0,0.0,0.0,0.0,9.0,48
22500696,GSW,DET,76.0,79.0,"('Al Horford', 'Brandin Podziemski', 'Buddy Hield', ""De'Anthony Melton"", 'Pat Spencer')",0.0,4,0,0,0,0,0,0,0,0,0,0,0.0,0.0,0.0,0.0,0.0,0.0,0.0,0.0,0.0,0.0,0.0,48
22500696,GSW,DET,76.8,79.0,"('Brandin Podziemski', ""De'Anthony Melton"", 'Draymond Green', 'Gui Santos', 'Moses Moody')",0.0583333333333333,4,0,0,0,0,0,0,0,0,1,0,0.0,0.0,0.0,0.0,0.0,0.0,0.0,0.0,0.0,0.0,0.0,48
22500724,GSW,PHI,76.2,78.8,"('Al Horford', 'Brandin Podziemski', ""De'Anthony Melton"", 'Gary Payton II', 'Moses Moody')",3.133333333333333,4,8,7,3,5,2,1,1,0,3,0,6.0,5.44,0.0,0.0,0.0,2.0,2.0,0.0,4.0,4.0,11.44,49
22500724,GSW,PHI,77.2,78.6,"('Brandin Podziemski', 'Buddy Hield', 'Draymond Green', 'Gui Santos', 'Moses Moody')",0.6833333333333333,4,0,0,1,1,0,0,0,0,1,0,1.0,1.0,0.0,0.0,0.0,0.0,0.0,0.0,0.0,0.0,2.0,49
22500724,GSW,PHI,77.4,78.6,"('Buddy Hield', ""De'Anthony Melton"", 'Gui Santos', 'Pat Spencer', 'Quinten Post')",1.2833333333333332,4,7,5,0,0,1,1,0,0,0,0,3.0,2.0,0.0,0.0,0.0,4.0,0.0,0.0,0.0,0.0,5.0,49
22500724,GSW,PHI,76.4,76.2,"(""De'Anthony Melton"", 'Draymond Green', 'Gary Payton II', 'Gui Santos', 'Moses Moody')",0.075,1,0,2,0,0,0,0,0,0,0,0,0.0,1.0,0.0,0.0,0.0,0.0,2.0,0.0,0.0,2.0,1.0,49
22500724,GSW,PHI,76.8,78.8,"('Al Horford', 'Draymond Green', 'Moses Moody', 'Pat Spencer', 'Will Richard')",0.4333333333333333,1,0,3,0,1,0,0,0,0,0,0,1.0,1.44,0.0,0.0,0.0,0.0,0.0,0.0,0.0,2.0,2.44,49
22500724,GSW,PHI,77.4,77.8,"('Buddy Hield', ""De'Anthony Melton"", 'Gui Santos', 'Pat Spencer', 'Quinten Post')",2.1216666666666666,1,8,6,1,0,3,3,1,0,1,1,4.0,4.0,0.0,0.0,0.0,2.0,0.0,0.0,0.0,6.0,8.0,49
22500724,GSW,PHI,78.0,78.8,"('Al Horford', 'Brandin Podziemski', 'Draymond Green', 'Gui Santos', 'Moses Moody')",4.616666666666666,1,9,12,3,9,3,3,4,2,0,0,10.0,10.0,3.0,3.0,0.0,0.0,0.0,0.0,4.0,6.0,20.0,49
22500724,GSW,PHI,76.2,78.8,"('Al Horford', ""De'Anthony Melton"", 'Draymond Green', 'Pat Spencer', 'Will Richard')",1.3166666666666669,1,6,3,2,0,2,1,1,0,0,0,3.0,2.0,3.0,0.0,3.0,0.0,0.0,0.0,0.0,0.0,5.0,49
22500724,GSW,PHI,77.2,77.8,"('Al Horford', 'Brandin Podziemski', 'Draymond Green', 'Moses Moody', 'Will Richard')",1.8333333333333333,2,0,8,0,4,0,1,1,0,0,0,4.0,4.0,0.0,0.0,0.0,0.0,2.0,4.0,2.0,8.0,8.0,49
22500724,GSW,PHI,77.8,77.8,"('Al Horford', 'Brandin Podziemski', 'Buddy Hield', 'Draymond Green', 'Gui Santos')",2.7166666666666663,2,4,8,1,3,1,3,1,1,1,0,5.0,5.0,2.0,2.0,0.0,2.0,2.0,2.0,0.0,2.0,10.0,49
22500724,GSW,PHI,77.2,78.8,"('Al Horford', 'Brandin Podziemski', 'Draymond Green', 'Moses Moody', 'Will Richard')",0.2166666666666666,1,0,1,0,0,0,0,0,0,1,0,0.0,0.44,0.0,0.0,0.0,0.0,0.0,0.0,0.0,0.0,0.44,49
22500724,GSW,PHI,77.0,78.6,"(""De'Anthony Melton"", 'Draymond Green', 'Pat Spencer', 'Quinten Post', 'Will Richard')",0.3166666666666666,1,0,0,1,0,0,0,0,0,0,0,0.0,1.0,0.0,0.0,0.0,0.0,0.0,0.0,0.0,0.0,1.0,49
22500724,GSW,PHI,76.6,78.6,"('Buddy Hield', ""De'Anthony Melton"", 'Pat Spencer', 'Quinten Post', 'Will Richard')",2.3000000000000003,1,9,4,4,3,2,1,2,1,0,0,7.0,6.0,0.0,2.0,2.0,6.0,0.0,0.0,2.0,4.0,13.0,49
22500724,GSW,PHI,76.8,78.6,"('Brandin Podziemski', 'Draymond Green', 'Gary Payton II', 'Gui Santos', 'Moses Moody')",1.0166666666666666,4,0,2,1,2,0,0,1,0,0,0,2.0,2.0,0.0,0.0,0.0,0.0,0.0,0.0,2.0,2.0,4.0,49
22500724,GSW,PHI,77.4,79.0,"('Buddy Hield', 'Malevy Leons', 'Pat Spencer', 'Trayce Jackson-Davis', 'Will Richard')",2.7416666666666663,4,3,5,2,2,1,1,2,1,0,1,5.0,5.0,3.0,0.0,0.0,0.0,0.0,0.0,0.0,2.0,10.0,49
22500724,GSW,PHI,77.2,78.8,"('Buddy Hield', ""De'Anthony Melton"", 'Draymond Green', 'Pat Spencer', 'Quinten Post')",1.1,4,2,3,0,1,0,1,1,1,0,1,3.0,2.0,0.0,2.0,0.0,2.0,0.0,0.0,0.0,0.0,5.0,49
22500724,GSW,PHI,76.8,78.8,"('Buddy Hield', 'Draymond Green', 'Gui Santos', 'Moses Moody', 'Pat Spencer')",1.1833333333333331,4,3,7,0,0,1,3,1,0,0,0,2.0,3.0,0.0,0.0,0.0,0.0,2.0,0.0,0.0,4.0,5.0,49
22500724,GSW,PHI,76.2,78.8,"('Buddy Hield', ""De'Anthony Melton"", 'Draymond Green', 'Gui Santos', 'Pat Spencer')",2.3666666666666667,3,6,3,1,2,2,0,0,1,1,1,4.0,4.44,0.0,0.0,0.0,0.0,0.0,0.0,0.0,2.0,8.44,49
22500724,GSW,PHI,77.4,77.8,"('Buddy Hield', ""De'Anthony Melton"", 'Gui Santos', 'Pat Spencer', 'Quinten Post')",1.0833333333333337,3,3,4,0,0,1,1,1,0,1,0,2.0,1.44,0.0,0.0,0.0,0.0,0.0,0.0,0.0,0.0,3.44,49
22500724,GSW,PHI,77.6,77.8,"('Brandin Podziemski', 'Gui Santos', 'Pat Spencer', 'Quinten Post', 'Will Richard')",2.683333333333333,3,3,4,3,6,0,1,2,1,0,1,6.0,6.0,0.0,0.0,3.0,0.0,2.0,2.0,0.0,4.0,12.0,49
22500724,GSW,PHI,77.0,78.8,"('Al Horford', 'Brandin Podziemski', ""De'Anthony Melton"", 'Draymond Green', 'Moses Moody')",1.6833333333333331,3,0,7,0,4,0,1,0,0,1,0,2.0,2.88,0.0,0.0,0.0,0.0,0.0,0.0,2.0,2.0,4.88,49
22500724,GSW,PHI,78.0,78.8,"('Al Horford', 'Brandin Podziemski', 'Draymond Green', 'Gui Santos', 'Moses Moody')",2.45,3,0,2,1,5,0,0,0,1,2,0,4.0,2.88,0.0,0.0,0.0,0.0,0.0,0.0,0.0,0.0,6.88,49
22500724,GSW,PHI,76.6,78.4,"('Al Horford', 'Buddy Hield', ""De'Anthony Melton"", 'Gui Santos', 'Pat Spencer')",1.4366666666666668,3,4,6,1,1,1,1,0,0,1,0,3.0,3.44,0.0,0.0,0.0,2.0,0.0,0.0,0.0,2.0,6.44,49
22500724,GSW,PHI,77.8,78.8,"('Brandin Podziemski', 'Buddy Hield', ""De'Anthony Melton"", 'Gui Santos', 'Quinten Post')",0.3166666666666666,2,2,1,0,0,1,0,0,0,0,0,1.0,0.44,0.0,0.0,0.0,2.0,0.0,0.0,0.0,0.0,1.44,49
22500724,GSW,PHI,76.8,78.8,"('Brandin Podziemski', 'Buddy Hield', 'Gary Payton II', 'Pat Spencer', 'Quinten Post')",0.6333333333333333,2,2,1,1,1,1,0,0,0,1,0,1.0,1.44,2.0,0.0,0.0,2.0,0.0,0.0,0.0,0.0,2.44,49
22500724,GSW,PHI,76.2,78.4,"('Brandin Podziemski', 'Buddy Hield', 'Draymond Green', 'Gary Payton II', 'Moses Moody')",2.168333333333333,2,6,3,3,3,2,0,0,1,1,1,5.44,5.32,2.0,2.0,0.0,2.0,0.0,0.0,0.0,0.0,10.760000000000002,49
22500724,GSW,PHI,77.4,78.8,"('Buddy Hield', ""De'Anthony Melton"", 'Gui Santos', 'Pat Spencer', 'Quinten Post')",1.5666666666666669,2,5,5,2,2,1,0,0,0,0,0,3.0,3.0,2.0,0.0,3.0,2.0,0.0,0.0,2.0,2.0,6.0,49
22500724,GSW,PHI,76.4,78.8,"('Buddy Hield', ""De'Anthony Melton"", 'Gary Payton II', 'Pat Spencer', 'Quinten Post')",1.7000000000000002,2,2,0,2,1,1,0,1,2,1,0,3.0,4.0,0.0,0.0,0.0,0.0,0.0,0.0,0.0,0.0,7.0,49
22500724,GSW,PHI,76.2,78.4,"('Brandin Podziemski', 'Buddy Hield', ""De'Anthony Melton"", 'Draymond Green', 'Moses Moody')",0.5283333333333333,2,2,1,0,0,1,0,0,0,0,0,1.0,1.44,0.0,0.0,0.0,2.0,0.0,0.0,0.0,0.0,2.44,49
22500739,GSW,PHX,76.4,77.2,"('Al Horford', ""De'Anthony Melton"", 'Gary Payton II', 'Gui Santos', 'Will Richard')",1.6833333333333331,4,3,0,5,2,1,0,2,1,0,1,5.0,4.0,0.0,0.0,3.0,0.0,0.0,0.0,0.0,0.0,9.0,50
22500739,GSW,PHX,76.6,77.6,"('Al Horford', ""De'Anthony Melton"", 'Draymond Green', 'Gary Payton II', 'Moses Moody')",0.4783333333333333,4,2,0,1,0,1,0,0,0,0,0,1.0,1.0,2.0,0.0,0.0,2.0,0.0,0.0,0.0,0.0,2.0,50
22500739,GSW,PHX,76.0,77.6,"('Al Horford', 'Gary Payton II', 'Moses Moody', 'Pat Spencer', 'Will Richard')",2.2666666666666666,4,4,2,4,0,1,1,1,0,1,1,3.44,4.0,3.0,0.0,0.0,0.0,0.0,0.0,0.0,2.0,7.439999999999999,50
22500739,GSW,PHX,76.8,77.2,"('Al Horford', 'Brandin Podziemski', 'Gary Payton II', 'Gui Santos', 'Will Richard')",3.616666666666667,3,4,10,4,3,1,1,1,0,1,1,6.0,6.0,0.0,0.0,2.0,4.0,2.0,2.0,0.0,4.0,12.0,50
22500739,GSW,PHX,76.8,77.6,"('Al Horford', 'Gary Payton II', 'Gui Santos', 'Moses Moody', 'Pat Spencer')",0.15,4,1,0,0,0,0,0,0,0,1,0,0.44,0.0,0.0,0.0,0.0,0.0,0.0,0.0,0.0,0.0,0.44,50
22500739,GSW,PHX,76.0,77.2,"(""De'Anthony Melton"", 'Draymond Green', 'Gui Santos', 'Pat Spencer', 'Will Richard')",3.1,4,9,5,2,1,2,1,1,1,0,2,6.32,5.0,0.0,0.0,0.0,0.0,0.0,0.0,0.0,2.0,11.32,50
22500739,GSW,PHX,76.8,76.8,"('Brandin Podziemski', 'Draymond Green', 'Gui Santos', 'Moses Moody', 'Pat Spencer')",1.8166666666666669,4,0,8,0,1,0,3,1,0,1,0,2.0,3.0,0.0,0.0,0.0,0.0,3.0,0.0,0.0,0.0,5.0,50
22500739,GSW,PHX,77.0,78.0,"('Al Horford', 'Brandin Podziemski', 'Draymond Green', 'Moses Moody', 'Pat Spencer')",1.5500000000000005,3,0,2,3,1,0,1,2,0,0,1,3.0,4.0,0.0,0.0,0.0,0.0,2.0,2.0,0.0,2.0,7.0,50
22500739,GSW,PHX,76.6,78.4,"('Al Horford', 'Brandin Podziemski', 'Draymond Green', 'Pat Spencer', 'Will Richard')",0.1,3,1,0,0,0,0,0,0,0,0,1,0.44,0.0,0.0,0.0,0.0,0.0,0.0,0.0,0.0,0.0,0.44,50
22500739,GSW,PHX,76.8,78.0,"('Brandin Podziemski', 'Draymond Green', 'Gui Santos', 'Moses Moody', 'Pat Spencer')",0.5666666666666667,3,0,6,0,0,0,2,1,0,0,0,1.0,2.0,0.0,0.0,0.0,0.0,3.0,0.0,3.0,0.0,3.0,50
22500739,GSW,PHX,76.4,76.8,"('Al Horford', ""De'Anthony Melton"", 'Gary Payton II', 'Gui Santos', 'Will Richard')",0.0,3,0,0,0,0,0,0,0,0,0,0,0.0,0.0,0.0,0.0,0.0,0.0,0.0,0.0,0.0,0.0,0.0,50
22500739,GSW,PHX,76.4,76.8,"('Al Horford', ""De'Anthony Melton"", 'Gui Santos', 'Pat Spencer', 'Will Richard')",0.55,3,2,3,0,0,0,1,0,0,0,1,1.88,1.0,0.0,0.0,0.0,0.0,0.0,0.0,0.0,0.0,2.88,50
22500739,GSW,PHX,76.4,75.0,"(""De'Anthony Melton"", 'Draymond Green', 'Gary Payton II', 'Gui Santos', 'Moses Moody')",0.3366666666666667,3,1,2,0,0,0,0,0,0,0,0,0.44,1.0,0.0,0.0,0.0,0.0,0.0,0.0,0.0,2.0,1.44,50
22500739,GSW,PHX,76.4,78.4,"('Al Horford', 'Brandin Podziemski', ""De'Anthony Melton"", 'Draymond Green', 'Gary Payton II')",0.5666666666666667,1,0,5,0,1,0,2,0,0,0,0,1.0,2.0,0.0,0.0,0.0,0.0,2.0,3.0,0.0,2.0,3.0,50
22500739,GSW,PHX,78.8,76.8,"('Al Horford', 'Gui Santos', 'Moses Moody', 'Pat Spencer', 'Quinten Post')",2.138333333333333,1,2,4,2,2,0,2,1,1,0,0,4.0,4.0,0.0,2.0,0.0,0.0,2.0,0.0,0.0,2.0,8.0,50
22500739,GSW,PHX,76.4,78.0,"(""De'Anthony Melton"", 'Draymond Green', 'Gui Santos', 'Moses Moody', 'Pat Spencer')",4.183333333333333,1,12,9,2,8,4,1,0,2,0,0,8.0,8.0,6.0,3.0,0.0,0.0,0.0,0.0,5.0,4.0,16.0,50
22500739,GSW,PHX,76.6,76.8,"('Al Horford', ""De'Anthony Melton"", 'Draymond Green', 'Moses Moody', 'Pat Spencer')",1.3233333333333333,3,2,3,2,1,0,1,1,0,1,1,2.88,3.0,0.0,0.0,0.0,0.0,0.0,0.0,0.0,0.0,5.88,50
22500739,GSW,PHX,76.6,75.0,"('Al Horford', ""De'Anthony Melton"", 'Draymond Green', 'Gary Payton II', 'Moses Moody')",0.0,3,0,0,0,0,0,0,0,0,0,0,0.0,0.0,0.0,0.0,0.0,0.0,0.0,0.0,0.0,0.0,0.0,50
22500739,GSW,PHX,76.4,78.0,"(""De'Anthony Melton"", 'Draymond Green', 'Gui Santos', 'Moses Moody', 'Pat Spencer')",3.899999999999999,3,7,1,4,5,0,0,1,2,1,2,7.76,7.44,0.0,0.0,0.0,0.0,0.0,0.0,0.0,0.0,15.2,50
22500739,GSW,PHX,77.0,78.4,"('Al Horford', 'Gui Santos', 'Moses Moody', 'Pat Spencer', 'Will Richard')",3.4666666666666672,2,10,12,1,1,3,1,1,1,1,0,6.0,7.44,2.0,2.0,3.0,4.0,0.0,0.0,0.0,6.0,13.44,50
22500739,GSW,PHX,75.6,77.4,"(""De'Anthony Melton"", 'Draymond Green', 'Gary Payton II', 'Moses Moody', 'Will Richard')",4.550000000000001,2,12,5,5,4,3,1,0,2,0,2,9.0,9.0,0.0,0.0,0.0,6.0,0.0,0.0,0.0,2.0,18.0,50
22500739,GSW,PHX,76.6,77.6,"(""De'Anthony Melton"", 'Draymond Green', 'Gui Santos', 'Moses Moody', 'Will Richard')",0.35,2,3,0,0,0,1,0,0,0,1,0,1.0,0.0,0.0,3.0,0.0,0.0,0.0,0.0,0.0,0.0,1.0,50
22500739,GSW,PHX,78.4,77.4,"('Al Horford', 'Gui Santos', 'Pat Spencer', 'Quinten Post', 'Will Richard')",3.4133333333333336,2,9,9,2,2,3,2,0,1,2,2,7.0,6.44,0.0,3.0,3.0,0.0,0.0,0.0,2.0,0.0,13.44,50
22500739,GSW,PHX,75.4,78.0,"(""De'Anthony Melton"", 'Draymond Green', 'Gary Payton II', 'Moses Moody', 'Pat Spencer')",1.1166666666666667,1,2,5,0,1,0,2,1,0,1,0,2.0,2.0,0.0,0.0,0.0,0.0,0.0,0.0,3.0,2.0,4.0,50
22500739,GSW,PHX,76.8,77.2,"('Al Horford', 'Brandin Podziemski', 'Gary Payton II', 'Gui Santos', 'Will Richard')",3.583333333333333,1,9,6,4,4,3,0,0,1,1,0,9.0,6.88,0.0,0.0,0.0,0.0,0.0,2.0,0.0,2.0,15.88,50
22500739,GSW,PHX,75.8,78.4,"('Brandin Podziemski', ""De'Anthony Melton"", 'Draymond Green', 'Gary Payton II', 'Moses Moody')",0.0,1,0,0,0,0,0,0,0,0,0,0,0.0,0.0,0.0,0.0,0.0,0.0,0.0,0.0,0.0,0.0,0.0,50
22500739,GSW,PHX,76.8,77.6,"('Al Horford', ""De'Anthony Melton"", 'Gui Santos', 'Moses Moody', 'Pat Spencer')",2.255,4,6,0,4,0,0,0,1,0,0,0,4.0,4.0,2.0,0.0,0.0,6.0,0.0,0.0,0.0,0.0,8.0,50
22500753,GSW,LAL,77.0,79.4,"('Al Horford', 'Brandin Podziemski', 'Draymond Green', 'Gary Payton II', 'Moses Moody')",0.3333333333333333,2,1,0,1,0,0,0,0,0,0,1,0.44,1.0,0.0,0.0,0.0,0.0,0.0,0.0,0.0,0.0,1.44,51
22500753,GSW,LAL,75.4,79.8,"(""De'Anthony Melton"", 'Draymond Green', 'Gary Payton II', 'Moses Moody', 'Pat Spencer')",0.7666666666666666,1,5,0,1,0,2,0,0,0,0,1,2.0,1.0,0.0,2.0,0.0,2.0,0.0,0.0,0.0,0.0,3.0,51
22500753,GSW,LAL,76.8,79.4,"('Brandin Podziemski', 'Draymond Green', 'Gui Santos', 'Moses Moody', 'Pat Spencer')",1.1333333333333333,3,4,4,3,0,1,0,0,0,2,1,2.0,3.88,0.0,0.0,2.0,4.0,0.0,0.0,0.0,2.0,5.88,51
22500753,GSW,LAL,77.4,79.4,"('Al Horford', 'Brandin Podziemski', 'Draymond Green', 'Gui Santos', 'Pat Spencer')",0.8166666666666668,2,2,2,0,1,1,0,0,0,2,0,2.0,1.88,0.0,0.0,0.0,2.0,0.0,0.0,0.0,0.0,3.88,51
22500753,GSW,LAL,75.8,79.4,"('Brandin Podziemski', ""De'Anthony Melton"", 'Draymond Green', 'Gary Payton II', 'Moses Moody')",0.3333333333333333,1,1,0,0,0,0,0,0,0,0,0,0.44,1.0,0.0,0.0,0.0,0.0,0.0,0.0,0.0,0.0,1.44,51
22500753,GSW,LAL,76.8,79.6,"('Brandin Podziemski', 'Draymond Green', 'Gui Santos', 'Moses Moody', 'Pat Spencer')",5.666666666666665,4,15,8,5,5,5,3,0,3,3,2,11.44,12.44,2.0,3.0,0.0,2.0,0.0,2.0,0.0,2.0,23.88,51
22500753,GSW,LAL,76.4,79.8,"(""De'Anthony Melton"", 'Draymond Green', 'Gui Santos', 'Moses Moody', 'Pat Spencer')",3.8666666666666663,3,9,15,0,3,3,3,2,3,3,1,8.0,9.32,0.0,4.0,0.0,6.0,2.0,2.0,3.0,6.0,17.32,51
22500753,GSW,LAL,76.6,78.2,"('Al Horford', 'Brandin Podziemski', ""De'Anthony Melton"", 'Gary Payton II', 'Gui Santos')",1.5666666666666669,4,2,9,0,2,1,2,0,0,1,0,3.0,3.88,0.0,0.0,0.0,2.0,0.0,2.0,0.0,4.0,6.88,51
22500753,GSW,LAL,76.8,78.4,"('Brandin Podziemski', ""De'Anthony Melton"", 'Draymond Green', 'Gui Santos', 'Moses Moody')",3.2516666666666665,4,11,6,4,2,2,0,2,3,3,2,9.44,7.76,2.0,5.0,0.0,4.0,0.0,0.0,0.0,2.0,17.2,51
22500753,GSW,LAL,76.6,78.4,"('Al Horford', ""De'Anthony Melton"", 'Draymond Green', 'Moses Moody', 'Pat Spencer')",1.0333333333333332,4,0,3,0,1,0,1,0,0,1,0,2.0,2.44,0.0,0.0,0.0,0.0,0.0,0.0,2.0,2.0,4.44,51
22500753,GSW,LAL,76.8,79.4,"(""De'Anthony Melton"", 'Gary Payton II', 'Moses Moody', 'Quinten Post', 'Will Richard')",2.25,2,2,6,1,0,1,3,2,1,1,0,3.0,4.0,0.0,0.0,0.0,2.0,4.0,2.0,0.0,4.0,7.0,51
22500753,GSW,LAL,76.8,79.2,"('Al Horford', 'Brandin Podziemski', 'Gary Payton II', 'Gui Santos', 'Will Richard')",2.0500000000000003,1,3,5,1,2,0,2,1,1,1,0,3.0,4.0,0.0,0.0,0.0,0.0,3.0,0.0,2.0,0.0,7.0,51
22500753,GSW,LAL,76.4,79.8,"(""De'Anthony Melton"", 'Draymond Green', 'Gui Santos', 'Moses Moody', 'Pat Spencer')",4.133333333333333,1,4,8,5,5,0,3,0,2,1,1,9.0,8.0,0.0,0.0,2.0,4.0,0.0,0.0,0.0,2.0,17.0,51
22500753,GSW,LAL,76.6,79.0,"('Al Horford', 'Brandin Podziemski', 'Draymond Green', 'Pat Spencer', 'Will Richard')",2.016666666666667,3,2,5,1,3,0,2,0,0,1,0,4.0,4.0,0.0,0.0,0.0,2.0,0.0,0.0,2.0,2.0,8.0,51
22500753,GSW,LAL,76.4,78.2,"('Al Horford', 'Brandin Podziemski', 'Gary Payton II', 'Moses Moody', 'Will Richard')",1.6333333333333333,3,5,6,0,1,0,1,0,0,2,1,2.88,2.76,0.0,0.0,0.0,0.0,0.0,0.0,0.0,2.0,5.64,51
22500753,GSW,LAL,75.4,79.8,"(""De'Anthony Melton"", 'Draymond Green', 'Gary Payton II', 'Moses Moody', 'Pat Spencer')",2.4,2,2,1,3,3,0,0,0,2,0,0,5.0,6.44,0.0,2.0,0.0,0.0,0.0,0.0,0.0,0.0,11.44,51
22500753,GSW,LAL,77.2,79.0,"('Al Horford', 'Brandin Podziemski', 'Gary Payton II', 'Gui Santos', 'Moses Moody')",2.1,3,9,5,3,2,2,2,0,0,0,1,6.0,4.44,0.0,0.0,3.0,6.0,0.0,0.0,0.0,4.0,10.44,51
22500753,GSW,LAL,77.2,79.8,"('Al Horford', 'Brandin Podziemski', ""De'Anthony Melton"", 'Gui Santos', 'Moses Moody')",1.12,3,0,3,1,1,0,1,0,0,0,0,1.0,2.0,0.0,0.0,0.0,0.0,0.0,0.0,0.0,0.0,3.0,51
22500753,GSW,LAL,78.4,79.8,"('Al Horford', 'Brandin Podziemski', 'Moses Moody', 'Quinten Post', 'Will Richard')",2.3350000000000004,1,4,5,2,1,2,1,1,1,1,1,4.0,3.88,0.0,2.0,2.0,4.0,3.0,0.0,0.0,0.0,7.88,51
22500753,GSW,LAL,76.4,79.4,"('Al Horford', 'Brandin Podziemski', ""De'Anthony Melton"", 'Draymond Green', 'Gary Payton II')",2.283333333333333,1,4,2,3,3,1,1,1,2,1,0,6.0,5.0,0.0,2.0,2.0,4.0,0.0,0.0,0.0,2.0,11.0,51
22500753,GSW,LAL,76.2,78.4,"('Al Horford', 'Brandin Podziemski', 'Gary Payton II', 'Moses Moody', 'Pat Spencer')",1.4,2,1,4,0,2,0,2,2,1,0,1,3.44,3.0,0.0,0.0,0.0,0.0,4.0,2.0,0.0,4.0,6.44,51
22500753,GSW,LAL,77.0,78.4,"('Al Horford', 'Brandin Podziemski', 'Draymond Green', 'Moses Moody', 'Pat Spencer')",3.5966666666666667,2,13,7,2,2,4,2,1,3,1,1,10.0,8.0,0.0,5.0,2.0,4.0,0.0,0.0,0.0,4.0,18.0,51
22500753,GSW,LAL,75.8,78.4,"('Brandin Podziemski', 'Draymond Green', 'Gary Payton II', 'Moses Moody', 'Pat Spencer')",1.0566666666666666,2,0,1,1,2,0,0,0,0,1,0,3.0,2.44,0.0,0.0,0.0,0.0,0.0,0.0,0.0,0.0,5.44,51
22500768,GSW,MEM,76.8,77.4,"('Brandin Podziemski', 'Draymond Green', 'Gui Santos', 'Moses Moody', 'Pat Spencer')",0.9233333333333332,2,0,3,0,2,0,1,0,0,1,0,2.0,1.44,0.0,0.0,0.0,0.0,0.0,0.0,0.0,2.0,3.44,52
22500768,GSW,MEM,76.6,77.8,"('Al Horford', 'Brandin Podziemski', 'Gary Payton II', 'Gui Santos', 'Pat Spencer')",2.933333333333333,2,7,6,5,4,3,0,0,1,0,1,6.0,6.0,0.0,2.0,0.0,4.0,2.0,0.0,2.0,4.0,12.0,52
22500768,GSW,MEM,78.2,77.8,"('Brandin Podziemski', 'Draymond Green', 'Gui Santos', 'Pat Spencer', 'Quinten Post')",0.3166666666666666,4,0,2,0,0,0,1,1,0,0,0,1.0,1.0,0.0,0.0,0.0,0.0,2.0,2.0,0.0,2.0,2.0,52
22500768,GSW,MEM,76.8,77.6,"('Brandin Podziemski', 'Draymond Green', 'Gui Santos', 'Moses Moody', 'Pat Spencer')",1.2333333333333334,3,0,3,3,1,0,0,3,0,1,0,4.0,4.44,0.0,0.0,0.0,0.0,2.0,2.0,0.0,2.0,8.440000000000001,52
22500768,GSW,MEM,76.4,78.2,"(""De'Anthony Melton"", 'Draymond Green', 'Gui Santos', 'Moses Moody', 'Pat Spencer')",4.383333333333333,3,10,10,3,2,2,2,3,1,3,1,9.32,10.76,0.0,0.0,0.0,2.0,4.0,2.0,0.0,4.0,20.08,52
22500768,GSW,MEM,75.8,76.4,"('Al Horford', 'Brandin Podziemski', 'Gary Payton II', 'Pat Spencer', 'Will Richard')",1.5833333333333333,3,5,6,0,2,2,1,0,0,2,0,3.0,3.3200000000000003,0.0,0.0,0.0,2.0,0.0,0.0,0.0,0.0,6.32,52
22500768,GSW,MEM,76.6,76.6,"('Al Horford', 'Brandin Podziemski', 'Draymond Green', 'Pat Spencer', 'Will Richard')",1.8333333333333333,1,6,2,4,2,2,1,0,0,1,3,4.44,5.0,0.0,0.0,0.0,2.0,0.0,2.0,0.0,2.0,9.44,52
22500768,GSW,MEM,75.8,76.4,"('Al Horford', 'Brandin Podziemski', ""De'Anthony Melton"", 'Gary Payton II', 'Will Richard')",4.1066666666666665,3,8,11,2,6,2,3,2,3,0,1,9.0,9.44,2.0,2.0,0.0,8.0,0.0,0.0,2.0,2.0,18.44,52
22500768,GSW,MEM,77.2,76.8,"('Al Horford', 'Brandin Podziemski', ""De'Anthony Melton"", 'Gui Santos', 'Moses Moody')",1.375,4,2,0,2,2,1,0,0,1,0,0,2.0,2.0,0.0,2.0,2.0,2.0,0.0,0.0,0.0,0.0,4.0,52
22500768,GSW,MEM,76.6,77.6,"('Al Horford', 'Brandin Podziemski', ""De'Anthony Melton"", 'Gary Payton II', 'Gui Santos')",1.9,4,7,2,1,1,2,0,0,1,0,0,3.0,3.0,2.0,3.0,0.0,4.0,0.0,0.0,0.0,2.0,6.0,52
22500768,GSW,MEM,78.6,77.8,"('Al Horford', 'Brandin Podziemski', 'Gui Santos', 'Pat Spencer', 'Quinten Post')",1.35,4,2,0,2,0,1,0,3,2,1,1,4.0,4.0,0.0,2.0,0.0,2.0,0.0,0.0,0.0,0.0,8.0,52
22500768,GSW,MEM,77.8,77.8,"('Brandin Podziemski', 'Draymond Green', 'Moses Moody', 'Pat Spencer', 'Quinten Post')",3.0166666666666666,4,10,8,1,1,4,2,1,1,0,2,6.0,6.0,0.0,0.0,0.0,4.0,2.0,4.0,0.0,6.0,12.0,52
22500768,GSW,MEM,77.2,76.8,"('Al Horford', 'Brandin Podziemski', 'Gary Payton II', 'Gui Santos', 'Moses Moody')",1.3333333333333337,4,2,0,2,1,0,0,0,1,0,0,3.0,3.0,0.0,0.0,0.0,2.0,0.0,0.0,0.0,0.0,6.0,52
22500768,GSW,MEM,77.2,76.4,"('Al Horford', 'Brandin Podziemski', 'Gary Payton II', 'Gui Santos', 'Moses Moody')",0.435,3,3,3,0,0,1,1,0,0,0,0,1.44,1.0,0.0,0.0,0.0,2.0,0.0,0.0,0.0,0.0,2.44,52
22500768,GSW,MEM,77.2,76.4,"('Al Horford', 'Brandin Podziemski', ""De'Anthony Melton"", 'Gui Santos', 'Moses Moody')",0.0216666666666666,3,2,0,0,0,0,0,0,0,0,1,0.88,0.0,0.0,0.0,0.0,0.0,0.0,0.0,0.0,0.0,0.88,52
22500768,GSW,MEM,76.2,77.6,"('Al Horford', ""De'Anthony Melton"", 'Gary Payton II', 'Gui Santos', 'Pat Spencer')",2.3666666666666667,4,6,3,3,0,2,1,3,2,0,0,7.0,5.0,2.0,4.0,4.0,4.0,3.0,0.0,0.0,0.0,12.0,52
22500768,GSW,MEM,75.6,77.8,"(""De'Anthony Melton"", 'Draymond Green', 'Moses Moody', 'Pat Spencer', 'Will Richard')",1.1,1,0,6,0,1,0,2,1,0,1,0,2.0,3.44,0.0,0.0,0.0,0.0,2.0,0.0,0.0,2.0,5.44,52
22500768,GSW,MEM,76.8,76.6,"('Al Horford', 'Brandin Podziemski', 'Gary Payton II', 'Gui Santos', 'Will Richard')",2.033333333333333,1,7,7,2,2,1,3,0,0,0,2,5.44,4.0,0.0,0.0,2.0,6.0,0.0,2.0,0.0,4.0,9.44,52
22500768,GSW,MEM,77.2,76.8,"('Al Horford', 'Brandin Podziemski', 'Gary Payton II', 'Gui Santos', 'Moses Moody')",2.991666666666667,1,12,6,2,1,3,2,0,1,1,0,6.44,5.88,3.0,3.0,0.0,6.0,0.0,0.0,0.0,4.0,12.32,52
22500768,GSW,MEM,76.4,78.8,"(""De'Anthony Melton"", 'Draymond Green', 'Gui Santos', 'Moses Moody', 'Pat Spencer')",3.966666666666666,1,7,11,0,4,2,2,1,2,3,2,8.88,8.88,2.0,2.0,0.0,2.0,0.0,0.0,2.0,4.0,17.76,52
22500768,GSW,MEM,75.8,77.4,"('Brandin Podziemski', 'Draymond Green', 'Gary Payton II', 'Moses Moody', 'Pat Spencer')",1.883333333333333,2,2,7,2,3,0,2,1,0,0,0,4.0,4.0,0.0,0.0,2.0,2.0,2.0,2.0,2.0,4.0,8.0,52
22500768,GSW,MEM,78.0,78.0,"('Al Horford', 'Brandin Podziemski', 'Draymond Green', 'Gui Santos', 'Moses Moody')",0.0233333333333333,2,2,1,0,0,0,0,0,0,0,2,1.88,0.44,0.0,0.0,0.0,0.0,0.0,0.0,0.0,0.0,2.32,52
22500768,GSW,MEM,76.6,78.4,"('Al Horford', 'Brandin Podziemski', ""De'Anthony Melton"", 'Gary Payton II', 'Gui Santos')",1.7333333333333334,2,4,5,1,1,0,2,1,0,2,1,3.88,3.44,0.0,0.0,0.0,2.0,0.0,0.0,0.0,4.0,7.32,52
22500768,GSW,MEM,75.6,77.6,"(""De'Anthony Melton"", 'Draymond Green', 'Moses Moody', 'Pat Spencer', 'Will Richard')",4.116666666666666,2,10,11,5,1,3,0,3,0,1,1,8.0,8.88,0.0,0.0,3.0,4.0,2.0,0.0,0.0,4.0,16.880000000000003,52
22500788,GSW,SAS,77.0,79.4,"('Al Horford', 'Brandin Podziemski', 'Draymond Green', 'Moses Moody', 'Pat Spencer')",0.0,1,0,0,0,0,0,0,0,0,0,0,0.0,0.0,0.0,0.0,0.0,0.0,0.0,0.0,0.0,0.0,0.0,53
22500788,GSW,SAS,76.4,79.4,"(""De'Anthony Melton"", 'Draymond Green', 'Gui Santos', 'Moses Moody', 'Pat Spencer')",3.783333333333333,1,13,8,4,2,4,4,0,1,0,1,8.0,8.0,3.0,0.0,3.0,2.0,0.0,0.0,0.0,6.0,16.0,53
22500788,GSW,SAS,77.4,79.2,"('Al Horford', 'Brandin Podziemski', ""De'Anthony Melton"", 'Draymond Green', 'Gui Santos')",0.095,2,0,3,0,1,0,0,0,0,1,0,0.0,1.32,0.0,0.0,0.0,0.0,0.0,0.0,0.0,0.0,1.32,53
22500788,GSW,SAS,77.8,79.8,"('Brandin Podziemski', ""De'Anthony Melton"", 'Draymond Green', 'Moses Moody', 'Quinten Post')",0.6666666666666666,3,3,1,1,0,1,0,0,0,1,0,1.44,1.44,0.0,0.0,0.0,2.0,0.0,0.0,0.0,0.0,2.88,53
22500788,GSW,SAS,76.6,79.2,"('Al Horford', 'Brandin Podziemski', 'Gary Payton II', 'Gui Santos', 'Pat Spencer')",1.5666666666666669,3,0,9,0,3,0,3,1,0,1,0,3.0,4.44,0.0,0.0,0.0,0.0,2.0,2.0,2.0,8.0,7.44,53
22500788,GSW,SAS,78.2,78.8,"('Al Horford', 'Brandin Podziemski', ""De'Anthony Melton"", 'Moses Moody', 'Quinten Post')",2.55,3,5,7,2,0,2,3,1,0,1,1,5.0,4.0,0.0,0.0,3.0,2.0,0.0,0.0,0.0,4.0,9.0,53
22500788,GSW,SAS,77.8,79.8,"('Brandin Podziemski', 'Draymond Green', 'Moses Moody', 'Pat Spencer', 'Quinten Post')",0.8016666666666666,3,0,2,1,2,0,0,0,0,1,0,2.0,1.88,0.0,0.0,0.0,0.0,0.0,0.0,0.0,0.0,3.88,53
22500788,GSW,SAS,76.6,78.8,"('Al Horford', 'Brandin Podziemski', 'Gary Payton II', 'Gui Santos', 'Pat Spencer')",4.913333333333334,1,15,17,3,4,4,6,0,0,1,1,9.0,11.0,2.0,0.0,0.0,10.0,0.0,0.0,8.0,6.0,20.0,53
22500788,GSW,SAS,76.8,79.6,"('Brandin Podziemski', ""De'Anthony Melton"", 'Draymond Green', 'Gui Santos', 'Moses Moody')",0.3666666666666667,4,0,2,0,2,0,0,0,0,0,1,0.0,1.0,0.0,0.0,0.0,0.0,0.0,0.0,2.0,2.0,1.0,53
22500788,GSW,SAS,78.0,79.6,"('Brandin Podziemski', ""De'Anthony Melton"", 'Gui Santos', 'Moses Moody', 'Quinten Post')",1.2333333333333336,4,1,0,1,2,0,0,0,0,1,1,2.44,2.0,0.0,0.0,0.0,0.0,0.0,0.0,0.0,0.0,4.44,53
22500788,GSW,SAS,76.2,79.4,"('Al Horford', 'Brandin Podziemski', 'Gary Payton II', 'Moses Moody', 'Pat Spencer')",0.4499999999999999,1,0,0,0,1,0,0,0,1,1,0,2.0,1.0,0.0,0.0,0.0,0.0,0.0,0.0,0.0,0.0,3.0,53
22500788,GSW,SAS,76.8,79.4,"('Brandin Podziemski', ""De'Anthony Melton"", 'Draymond Green', 'Gui Santos', 'Moses Moody')",0.55,1,3,0,2,0,1,0,0,0,0,0,1.44,1.0,0.0,0.0,2.0,2.0,0.0,0.0,0.0,0.0,2.44,53
22500788,GSW,SAS,75.8,79.4,"('Brandin Podziemski', 'Draymond Green', 'Gary Payton II', 'Moses Moody', 'Pat Spencer')",1.7833333333333334,4,2,6,2,1,0,1,0,0,1,0,4.0,3.88,0.0,0.0,2.0,2.0,0.0,2.0,0.0,4.0,7.88,53
22500788,GSW,SAS,76.8,79.8,"('Brandin Podziemski', 'Draymond Green', 'Gui Santos', 'Moses Moody', 'Pat Spencer')",1.35,4,0,3,1,1,0,1,1,0,1,1,2.0,2.44,0.0,0.0,0.0,0.0,0.0,2.0,0.0,2.0,4.44,53
22500788,GSW,SAS,78.2,81.0,"('Al Horford', 'Brandin Podziemski', 'Moses Moody', 'Pat Spencer', 'Quinten Post')",1.4999999999999998,4,3,6,2,2,1,1,0,0,1,0,3.0,3.44,0.0,0.0,0.0,0.0,0.0,3.0,0.0,2.0,6.44,53
22500788,GSW,SAS,78.2,79.0,"('Al Horford', 'Brandin Podziemski', ""De'Anthony Melton"", 'Moses Moody', 'Quinten Post')",1.5833333333333337,4,6,5,0,0,2,2,0,0,0,1,2.44,2.0,0.0,0.0,0.0,2.0,0.0,0.0,0.0,2.0,4.44,53
22500788,GSW,SAS,77.0,79.0,"('Al Horford', 'Brandin Podziemski', 'Draymond Green', 'Moses Moody', 'Pat Spencer')",0.9833333333333336,2,0,1,2,2,0,0,1,1,1,0,4.0,3.44,0.0,0.0,0.0,0.0,0.0,0.0,0.0,0.0,7.439999999999999,53
22500788,GSW,SAS,77.4,79.6,"('Brandin Podziemski', ""De'Anthony Melton"", 'Gary Payton II', 'Gui Santos', 'Quinten Post')",1.2666666666666668,2,5,2,1,1,2,0,1,1,2,1,3.44,2.88,0.0,0.0,0.0,2.0,0.0,0.0,0.0,0.0,6.32,53
22500788,GSW,SAS,75.2,79.8,"('Brandin Podziemski', ""De'Anthony Melton"", 'Draymond Green', 'Gary Payton II', 'Pat Spencer')",0.1033333333333333,3,0,2,0,0,0,0,0,0,0,0,0.0,1.0,0.0,0.0,0.0,0.0,2.0,0.0,0.0,0.0,1.0,53
22500788,GSW,SAS,76.2,79.4,"('Brandin Podziemski', ""De'Anthony Melton"", 'Draymond Green', 'Gui Santos', 'Pat Spencer')",1.1166666666666667,3,0,0,2,2,0,0,0,0,0,1,3.0,2.0,0.0,0.0,0.0,0.0,0.0,0.0,0.0,0.0,5.0,53
22500788,GSW,SAS,76.4,79.4,"(""De'Anthony Melton"", 'Draymond Green', 'Gui Santos', 'Moses Moody', 'Pat Spencer')",3.266666666666667,3,13,7,4,1,4,3,0,0,2,3,6.88,7.44,3.0,0.0,3.0,2.0,0.0,0.0,0.0,6.0,14.32,53
22500788,GSW,SAS,78.0,79.4,"('Al Horford', 'Brandin Podziemski', 'Draymond Green', 'Gui Santos', 'Moses Moody')",3.0716666666666668,4,7,10,0,3,3,3,2,1,1,1,8.0,6.88,0.0,2.0,0.0,4.0,2.0,2.0,0.0,4.0,14.88,53
22500788,GSW,SAS,75.8,79.2,"('Brandin Podziemski', 'Draymond Green', 'Gary Payton II', 'Moses Moody', 'Pat Spencer')",1.2333333333333334,2,4,5,1,1,1,1,0,0,1,2,3.88,3.44,2.0,0.0,0.0,2.0,0.0,0.0,0.0,4.0,7.32,53
22500788,GSW,SAS,77.4,79.2,"('Al Horford', 'Brandin Podziemski', 'Draymond Green', 'Gui Santos', 'Pat Spencer')",0.4833333333333333,2,0,4,0,0,0,2,1,0,0,0,1.0,2.0,0.0,0.0,0.0,0.0,2.0,2.0,0.0,2.0,3.0,53
22500788,GSW,SAS,79.2,78.8,"('Al Horford', 'Brandin Podziemski', 'Gui Santos', 'Moses Moody', 'Quinten Post')",0.01,1,0,0,0,0,0,0,0,0,0,0,1.0,0.0,0.0,0.0,0.0,0.0,0.0,0.0,0.0,0.0,1.0,53
22500788,GSW,SAS,77.2,79.2,"('Al Horford', 'Brandin Podziemski', 'Gary Payton II', 'Gui Santos', 'Moses Moody')",0.6333333333333334,2,3,2,0,2,1,0,0,1,1,0,2.0,1.88,0.0,0.0,0.0,0.0,0.0,0.0,0.0,0.0,3.88,53
22500788,GSW,SAS,77.6,79.0,"('Al Horford', 'Draymond Green', 'Gui Santos', 'Moses Moody', 'Pat Spencer')",1.7833333333333334,2,4,3,3,0,0,1,1,0,0,2,2.76,3.0,0.0,0.0,0.0,0.0,0.0,0.0,0.0,0.0,5.76,53
22500788,GSW,SAS,76.6,79.2,"('Al Horford', 'Brandin Podziemski', ""De'Anthony Melton"", 'Gary Payton II', 'Gui Santos')",1.6366666666666665,2,2,3,1,6,1,0,0,2,0,0,4.0,3.44,0.0,0.0,0.0,2.0,0.0,0.0,2.0,2.0,7.439999999999999,53
22500788,GSW,SAS,77.4,80.4,"(""De'Anthony Melton"", 'Draymond Green', 'Moses Moody', 'Pat Spencer', 'Quinten Post')",3.1333333333333333,2,11,9,2,3,4,1,1,0,5,0,6.0,6.88,0.0,0.0,0.0,2.0,0.0,0.0,5.0,4.0,12.88,53
22500788,GSW,SAS,76.6,79.2,"('Al Horford', 'Brandin Podziemski', 'Gary Payton II', 'Gui Santos', 'Pat Spencer')",0.0,2,0,0,0,0,0,0,0,0,0,0,0.0,0.0,0.0,0.0,0.0,0.0,0.0,0.0,0.0,0.0,0.0,53
22500788,GSW,SAS,77.4,79.2,"('Al Horford', 'Brandin Podziemski', 'Draymond Green', 'Gui Santos', 'Pat Spencer')",1.1333333333333333,3,6,0,2,0,3,0,0,0,0,0,3.0,2.0,0.0,0.0,2.0,6.0,0.0,0.0,0.0,0.0,5.0,53
22500788,GSW,SAS,75.8,79.8,"('Brandin Podziemski', ""De'Anthony Melton"", 'Draymond Green', 'Moses Moody', 'Pat Spencer')",0.6666666666666667,3,0,3,0,0,0,1,1,0,0,0,2.0,1.44,0.0,0.0,0.0,0.0,2.0,2.0,0.0,2.0,3.44,53
22500788,GSW,SAS,77.0,79.6,"('Al Horford', 'Brandin Podziemski', ""De'Anthony Melton"", 'Draymond Green', 'Moses Moody')",2.25,1,7,6,3,2,3,2,0,1,0,1,5.0,6.0,3.0,0.0,0.0,0.0,0.0,0.0,0.0,0.0,11.0,53
22500788,GSW,SAS,78.6,78.8,"('Al Horford', 'Brandin Podziemski', 'Gui Santos', 'Pat Spencer', 'Quinten Post')",0.0,1,0,0,0,0,0,0,0,0,0,0,0.0,0.0,0.0,0.0,0.0,0.0,0.0,0.0,0.0,0.0,0.0,53
22500799,GSW,BOS,79.2,77.4,"('Al Horford', 'Brandin Podziemski', 'Gui Santos', 'Kristaps Porziņģis', 'Will Richard')",3.196666666666667,2,10,15,1,3,4,5,1,1,0,0,7.0,7.44,0.0,3.0,0.0,4.0,3.0,0.0,0.0,2.0,14.44,54
22500799,GSW,BOS,78.8,77.2,"('Al Horford', 'Brandin Podziemski', 'Kristaps Porziņģis', 'Moses Moody', 'Will Richard')",4.243333333333333,3,12,9,6,3,3,3,1,0,1,1,9.0,9.0,2.0,0.0,0.0,4.0,2.0,0.0,0.0,6.0,18.0,54
22500799,GSW,BOS,76.6,78.0,"('Al Horford', 'Brandin Podziemski', ""De'Anthony Melton"", 'Gui Santos', 'Pat Spencer')",1.5016666666666667,4,3,4,1,2,0,2,0,0,0,1,4.44,3.0,0.0,0.0,0.0,2.0,0.0,0.0,0.0,4.0,7.439999999999999,54
22500799,GSW,BOS,76.4,79.0,"('Brandin Podziemski', ""De'Anthony Melton"", 'Draymond Green', 'Gui Santos', 'Will Richard')",1.8666666666666667,3,5,4,0,2,2,1,1,1,0,0,4.0,4.0,3.0,3.0,0.0,2.0,0.0,0.0,2.0,2.0,8.0,54
22500799,GSW,BOS,76.6,77.4,"('Al Horford', 'Brandin Podziemski', ""De'Anthony Melton"", 'Draymond Green', 'Will Richard')",2.2,3,2,4,2,4,0,1,0,0,2,0,5.0,3.88,0.0,0.0,0.0,2.0,0.0,0.0,0.0,2.0,8.879999999999999,54
22500799,GSW,BOS,76.2,77.4,"('Al Horford', ""De'Anthony Melton"", 'Gary Payton II', 'Gui Santos', 'Pat Spencer')",2.183333333333333,4,8,6,1,2,2,2,0,2,1,0,5.0,4.0,2.0,5.0,3.0,2.0,0.0,0.0,0.0,0.0,9.0,54
22500799,GSW,BOS,76.8,77.6,"('Al Horford', 'Brandin Podziemski', 'Gui Santos', 'Pat Spencer', 'Will Richard')",1.3816666666666668,1,6,3,2,1,2,1,0,0,0,0,3.0,3.0,0.0,0.0,0.0,0.0,0.0,3.0,0.0,0.0,6.0,54
22500799,GSW,BOS,77.0,77.4,"('Al Horford', 'Brandin Podziemski', ""De'Anthony Melton"", 'Draymond Green', 'Moses Moody')",0.8,1,3,5,0,0,0,1,1,0,0,0,2.0,2.0,0.0,0.0,0.0,0.0,2.0,2.0,0.0,2.0,4.0,54
22500799,GSW,BOS,76.4,77.4,"('Al Horford', 'Brandin Podziemski', 'Gary Payton II', 'Moses Moody', 'Will Richard')",3.733333333333333,1,8,11,3,7,2,2,0,2,2,0,9.0,9.0,0.0,5.0,0.0,2.0,0.0,2.0,0.0,8.0,18.0,54
22500799,GSW,BOS,76.4,79.0,"(""De'Anthony Melton"", 'Draymond Green', 'Gui Santos', 'Moses Moody', 'Pat Spencer')",5.666666666666665,1,15,17,3,8,4,6,0,1,1,0,11.0,12.44,2.0,2.0,0.0,6.0,0.0,0.0,3.0,8.0,23.44,54
22500799,GSW,BOS,75.6,78.0,"('Al Horford', 'Brandin Podziemski', ""De'Anthony Melton"", 'Gary Payton II', 'Pat Spencer')",0.1666666666666666,4,1,0,0,0,0,0,0,0,0,0,0.44,1.0,0.0,0.0,0.0,0.0,0.0,0.0,0.0,0.0,1.44,54
22500799,GSW,BOS,77.4,77.4,"(""De'Anthony Melton"", 'Gary Payton II', 'Gui Santos', 'Kristaps Porziņģis', 'Pat Spencer')",5.066666666666667,4,21,9,2,5,6,3,0,4,0,1,11.0,10.0,4.0,7.0,0.0,12.0,0.0,0.0,5.0,4.0,21.0,54
22500799,GSW,BOS,76.4,79.0,"(""De'Anthony Melton"", 'Draymond Green', 'Gui Santos', 'Moses Moody', 'Pat Spencer')",3.2833333333333328,3,3,11,4,2,1,3,1,1,0,1,6.0,7.0,0.0,0.0,0.0,0.0,2.0,3.0,0.0,8.0,13.0,54
22500799,GSW,BOS,76.6,77.4,"('Al Horford', 'Brandin Podziemski', 'Gary Payton II', 'Gui Santos', 'Pat Spencer')",2.533333333333333,4,4,0,5,3,1,0,0,0,1,0,4.0,4.0,0.0,0.0,2.0,4.0,0.0,0.0,0.0,0.0,8.0,54
22500799,GSW,BOS,77.8,77.4,"(""De'Anthony Melton"", 'Draymond Green', 'Kristaps Porziņģis', 'Moses Moody', 'Pat Spencer')",1.3666666666666667,2,0,4,2,4,0,1,1,0,0,0,4.0,4.0,0.0,0.0,0.0,0.0,2.0,0.0,2.0,4.0,8.0,54
22500799,GSW,BOS,76.8,77.2,"('Al Horford', 'Brandin Podziemski', 'Gary Payton II', 'Gui Santos', 'Will Richard')",4.549999999999998,2,7,6,8,7,2,1,1,1,3,1,9.88,9.88,0.0,0.0,3.0,2.0,0.0,0.0,0.0,4.0,19.76,54
22500799,GSW,BOS,78.0,77.4,"('Draymond Green', 'Kristaps Porziņģis', 'Moses Moody', 'Pat Spencer', 'Will Richard')",2.6333333333333333,2,2,13,0,1,1,4,1,0,0,1,4.0,5.0,0.0,0.0,0.0,2.0,2.0,0.0,0.0,4.0,9.0,54
22500820,GSW,DEN,77.6,78.0,"('Brandin Podziemski', 'Gui Santos', 'Pat Spencer', 'Quinten Post', 'Will Richard')",0.55,2,0,2,0,0,0,0,0,0,1,0,1.0,1.0,0.0,0.0,0.0,0.0,0.0,0.0,2.0,2.0,2.0,55
22500820,GSW,DEN,76.6,78.0,"('Brandin Podziemski', ""De'Anthony Melton"", 'Gary Payton II', 'Quinten Post', 'Will Richard')",0.9166666666666669,2,2,2,0,1,0,1,0,1,0,0,2.0,3.0,0.0,2.0,0.0,2.0,0.0,0.0,0.0,2.0,5.0,55
22500820,GSW,DEN,76.8,78.2,"('Al Horford', 'Brandin Podziemski', 'Gui Santos', 'Pat Spencer', 'Will Richard')",1.2000000000000002,2,2,6,0,1,1,1,0,0,0,0,2.0,3.0,0.0,0.0,0.0,2.0,0.0,0.0,0.0,4.0,5.0,55
22500820,GSW,DEN,77.6,79.0,"(""De'Anthony Melton"", 'Gary Payton II', 'Gui Santos', 'Moses Moody', 'Quinten Post')",2.45,2,6,9,1,1,2,4,1,0,3,2,4.88,5.0,0.0,0.0,0.0,4.0,2.0,2.0,0.0,6.0,9.88,55
22500820,GSW,DEN,76.0,79.0,"('Brandin Podziemski', ""De'Anthony Melton"", 'Gary Payton II', 'Gui Santos', 'Moses Moody')",0.0599999999999999,2,1,1,0,0,0,0,0,0,1,0,0.44,0.44,0.0,0.0,0.0,0.0,0.0,0.0,0.0,0.0,0.88,55
22500820,GSW,DEN,77.0,79.0,"('Al Horford', 'Gui Santos', 'Moses Moody', 'Pat Spencer', 'Will Richard')",1.1,2,5,6,0,0,2,1,1,0,1,0,3.0,2.44,0.0,0.0,0.0,0.0,0.0,0.0,0.0,2.0,5.44,55
22500820,GSW,DEN,77.0,78.0,"('Brandin Podziemski', ""De'Anthony Melton"", 'Gary Payton II', 'Moses Moody', 'Quinten Post')",2.0666666666666664,2,8,4,1,1,3,1,0,0,1,0,4.0,3.44,0.0,0.0,0.0,2.0,0.0,0.0,3.0,0.0,7.439999999999999,55
22500820,GSW,DEN,77.4,78.2,"('Al Horford', 'Brandin Podziemski', 'Gui Santos', 'Moses Moody', 'Will Richard')",1.0666666666666669,4,5,0,1,0,2,0,0,1,1,0,2.0,2.0,3.0,2.0,0.0,0.0,0.0,0.0,0.0,0.0,4.0,55
22500820,GSW,DEN,77.2,78.6,"('Al Horford', 'Brandin Podziemski', ""De'Anthony Melton"", 'Gui Santos', 'Moses Moody')",1.1116666666666666,4,2,0,2,1,1,0,0,0,0,0,2.0,2.0,0.0,0.0,0.0,2.0,0.0,0.0,0.0,0.0,4.0,55
22500820,GSW,DEN,77.2,79.0,"('Brandin Podziemski', 'Gary Payton II', 'Moses Moody', 'Quinten Post', 'Will Richard')",5.966666666666666,4,14,8,8,3,5,1,4,0,0,1,12.44,12.0,0.0,0.0,0.0,4.0,4.0,4.0,0.0,8.0,24.44,55
22500820,GSW,DEN,77.2,79.0,"('Al Horford', 'Brandin Podziemski', ""De'Anthony Melton"", 'Gui Santos', 'Moses Moody')",0.6166666666666666,2,4,3,0,1,1,0,0,1,0,1,2.44,2.44,0.0,3.0,0.0,0.0,0.0,0.0,0.0,0.0,4.88,55
22500820,GSW,DEN,76.4,78.8,"('Al Horford', 'Brandin Podziemski', 'Moses Moody', 'Pat Spencer', 'Will Richard')",2.501666666666668,3,2,10,1,3,1,1,4,1,3,0,7.0,8.64,0.0,0.0,0.0,2.0,2.0,2.0,2.0,4.0,15.64,55
22500820,GSW,DEN,77.4,79.0,"('Al Horford', 'Brandin Podziemski', 'Gui Santos', 'Moses Moody', 'Will Richard')",2.8200000000000003,2,9,6,5,3,3,1,1,1,1,1,7.44,6.88,2.0,0.0,0.0,2.0,0.0,0.0,0.0,2.0,14.32,55
22500820,GSW,DEN,76.0,78.8,"('Al Horford', ""De'Anthony Melton"", 'Moses Moody', 'Pat Spencer', 'Will Richard')",2.12,3,6,5,3,2,3,0,0,1,2,0,5.0,4.44,0.0,2.0,4.0,6.0,0.0,0.0,2.0,2.0,9.44,55
22500820,GSW,DEN,77.0,79.0,"('Brandin Podziemski', ""De'Anthony Melton"", 'Gary Payton II', 'Moses Moody', 'Quinten Post')",1.2333333333333332,1,3,3,1,6,1,1,0,0,1,0,3.0,2.44,3.0,0.0,0.0,0.0,0.0,0.0,0.0,2.0,5.44,55
22500820,GSW,DEN,76.2,79.0,"('Al Horford', 'Brandin Podziemski', ""De'Anthony Melton"", 'Gary Payton II', 'Moses Moody')",1.2500000000000002,1,5,3,2,1,2,1,0,0,0,0,3.0,3.44,0.0,0.0,0.0,2.0,0.0,0.0,0.0,2.0,6.44,55
22500820,GSW,DEN,77.2,78.8,"('Brandin Podziemski', 'Moses Moody', 'Pat Spencer', 'Quinten Post', 'Will Richard')",1.6666666666666663,3,3,2,3,2,1,0,0,1,1,1,3.44,2.88,0.0,0.0,0.0,2.0,0.0,0.0,0.0,0.0,6.32,55
22500820,GSW,DEN,76.8,79.0,"('Al Horford', ""De'Anthony Melton"", 'Gui Santos', 'Moses Moody', 'Pat Spencer')",1.7000000000000002,3,2,6,0,1,1,1,1,0,2,0,3.0,3.44,0.0,0.0,0.0,2.0,3.0,0.0,0.0,2.0,6.44,55
22500820,GSW,DEN,78.2,78.8,"('Brandin Podziemski', 'Gui Santos', 'Moses Moody', 'Quinten Post', 'Will Richard')",0.5833333333333333,3,0,4,1,1,0,1,0,0,1,0,2.0,1.88,0.0,0.0,0.0,0.0,0.0,2.0,0.0,2.0,3.88,55
22500820,GSW,DEN,78.0,79.0,"('Brandin Podziemski', ""De'Anthony Melton"", 'Gui Santos', 'Moses Moody', 'Quinten Post')",0.0,2,0,1,0,0,0,0,0,0,0,0,0.0,0.44,0.0,0.0,0.0,0.0,0.0,0.0,0.0,0.0,0.44,55
22500820,GSW,DEN,77.2,78.0,"('Brandin Podziemski', 'Gary Payton II', 'Moses Moody', 'Quinten Post', 'Will Richard')",1.8166666666666669,1,2,3,4,4,1,0,1,1,1,1,5.0,5.44,0.0,0.0,2.0,0.0,0.0,0.0,2.0,2.0,10.44,55
22500820,GSW,DEN,76.8,79.0,"('Al Horford', ""De'Anthony Melton"", 'Gui Santos', 'Moses Moody', 'Pat Spencer')",3.95,1,14,12,3,3,4,5,1,2,2,0,9.0,10.44,2.0,0.0,0.0,2.0,0.0,4.0,0.0,8.0,19.44,55
22500820,GSW,DEN,76.8,79.0,"('Al Horford', 'Brandin Podziemski', 'Gui Santos', 'Pat Spencer', 'Will Richard')",3.365,1,15,6,3,2,5,1,1,2,1,1,7.88,7.88,0.0,5.0,0.0,4.0,0.0,0.0,0.0,4.0,15.76,55
22500820,GSW,DEN,76.8,78.6,"('Al Horford', 'Brandin Podziemski', ""De'Anthony Melton"", 'Gui Santos', 'Will Richard')",3.4166666666666665,4,12,8,2,3,2,3,0,3,0,1,6.0,7.0,0.0,5.0,2.0,4.0,0.0,2.0,3.0,2.0,13.0,55
22500820,GSW,DEN,77.4,78.0,"('Brandin Podziemski', ""De'Anthony Melton"", 'Gary Payton II', 'Gui Santos', 'Quinten Post')",3.083333333333333,3,6,7,3,4,1,1,0,2,1,2,7.88,7.0,2.0,4.0,2.0,4.0,0.0,0.0,2.0,4.0,14.88,55
22500838,GSW,NOP,77.8,78.2,"(""De'Anthony Melton"", 'Gui Santos', 'Moses Moody', 'Quinten Post', 'Will Richard')",2.466666666666667,2,5,5,2,2,2,2,1,1,0,1,5.0,4.0,0.0,0.0,3.0,2.0,0.0,2.0,0.0,2.0,9.0,56
22500838,GSW,NOP,76.6,78.2,"(""De'Anthony Melton"", 'Draymond Green', 'Gui Santos', 'Moses Moody', 'Will Richard')",1.0166666666666668,2,0,2,1,2,0,1,1,1,0,0,3.0,4.0,0.0,0.0,0.0,0.0,2.0,0.0,0.0,2.0,7.0,56
22500838,GSW,NOP,77.4,79.2,"(""De'Anthony Melton"", 'Draymond Green', 'Moses Moody', 'Pat Spencer', 'Quinten Post')",1.1166666666666667,1,3,6,0,1,0,1,1,0,1,0,3.0,3.0,0.0,3.0,0.0,0.0,2.0,2.0,0.0,4.0,6.0,56
22500838,GSW,NOP,76.4,79.2,"(""De'Anthony Melton"", 'Draymond Green', 'Gui Santos', 'Moses Moody', 'Pat Spencer')",3.683333333333333,1,5,8,4,2,1,3,3,2,1,0,9.0,9.88,0.0,2.0,3.0,2.0,2.0,0.0,0.0,6.0,18.880000000000003,56
22500838,GSW,NOP,77.6,78.8,"('Brandin Podziemski', 'Gary Payton II', 'Gui Santos', 'Quinten Post', 'Will Richard')",2.3666666666666667,1,0,5,5,4,0,1,1,1,1,0,5.0,6.0,0.0,0.0,0.0,0.0,0.0,2.0,0.0,2.0,11.0,56
22500838,GSW,NOP,78.0,78.4,"('Brandin Podziemski', 'Gary Payton II', 'Gui Santos', 'Moses Moody', 'Quinten Post')",2.6416666666666666,3,7,11,2,4,3,3,1,0,1,1,7.0,7.0,0.0,0.0,0.0,4.0,2.0,2.0,2.0,8.0,14.0,56
22500838,GSW,NOP,78.0,78.8,"('Brandin Podziemski', 'Gary Payton II', 'Gui Santos', 'Moses Moody', 'Quinten Post')",2.158333333333333,1,8,6,2,2,1,2,0,1,0,0,6.0,4.0,4.0,4.0,2.0,8.0,0.0,3.0,0.0,0.0,10.0,56
22500838,GSW,NOP,76.8,78.2,"('Brandin Podziemski', ""De'Anthony Melton"", 'Draymond Green', 'Gui Santos', 'Moses Moody')",7.036666666666664,4,26,21,12,7,3,0,1,1,7,7,18.96,18.52,0.0,2.0,6.0,14.0,2.0,2.0,4.0,10.0,37.48,56
22500838,GSW,NOP,76.4,78.2,"('Brandin Podziemski', ""De'Anthony Melton"", 'Draymond Green', 'Gui Santos', 'Will Richard')",0.2,4,0,0,1,0,0,0,0,0,0,1,0.0,1.0,0.0,0.0,0.0,0.0,0.0,0.0,0.0,0.0,1.0,56
22500838,GSW,NOP,76.4,79.2,"(""De'Anthony Melton"", 'Draymond Green', 'Gui Santos', 'Moses Moody', 'Pat Spencer')",4.95,3,15,11,3,4,3,1,3,3,2,2,10.76,10.88,0.0,2.0,2.0,8.0,0.0,0.0,2.0,6.0,21.64,56
22500838,GSW,NOP,77.4,77.8,"('Brandin Podziemski', ""De'Anthony Melton"", 'Draymond Green', 'Quinten Post', 'Will Richard')",0.9500000000000002,3,2,0,3,3,0,0,0,1,0,0,3.0,2.0,0.0,0.0,2.0,2.0,0.0,0.0,0.0,0.0,5.0,56
22500838,GSW,NOP,77.8,77.8,"('Brandin Podziemski', ""De'Anthony Melton"", 'Draymond Green', 'Moses Moody', 'Quinten Post')",1.35,3,7,2,2,1,1,0,0,2,0,1,3.88,5.0,0.0,0.0,3.0,2.0,0.0,0.0,0.0,2.0,8.879999999999999,56
22500838,GSW,NOP,77.6,78.4,"('Brandin Podziemski', 'Gary Payton II', 'Gui Santos', 'Quinten Post', 'Will Richard')",1.8833333333333333,3,2,7,2,3,1,3,0,0,0,0,3.0,4.0,0.0,0.0,0.0,2.0,0.0,2.0,0.0,4.0,7.0,56
22500838,GSW,NOP,77.4,79.0,"('Brandin Podziemski', ""De'Anthony Melton"", 'Draymond Green', 'Quinten Post', 'Will Richard')",1.8833333333333333,1,3,6,2,4,1,0,1,0,0,1,4.0,3.0,0.0,0.0,0.0,0.0,2.0,0.0,6.0,6.0,7.0,56
22500838,GSW,NOP,76.0,78.2,"(""De'Anthony Melton"", 'Draymond Green', 'Gui Santos', 'Pat Spencer', 'Will Richard')",0.35,4,0,3,0,0,0,0,1,0,1,0,1.0,1.44,0.0,0.0,0.0,0.0,0.0,0.0,0.0,2.0,2.44,56
22500838,GSW,NOP,77.4,78.2,"('Brandin Podziemski', 'Draymond Green', 'Pat Spencer', 'Quinten Post', 'Will Richard')",1.2,4,3,6,0,0,1,2,2,0,0,0,3.0,2.44,0.0,0.0,0.0,0.0,3.0,3.0,0.0,2.0,5.44,56
22500838,GSW,NOP,76.4,78.2,"('Brandin Podziemski', 'Draymond Green', 'Gui Santos', 'Pat Spencer', 'Will Richard')",0.3666666666666666,4,2,0,1,0,1,0,0,0,0,0,1.0,1.0,0.0,0.0,0.0,2.0,0.0,0.0,0.0,0.0,2.0,56
22500838,GSW,NOP,77.6,79.0,"('Brandin Podziemski', 'Gui Santos', 'Pat Spencer', 'Quinten Post', 'Will Richard')",1.0166666666666666,4,2,4,0,1,1,0,0,0,1,1,2.0,2.0,0.0,0.0,0.0,2.0,0.0,0.0,0.0,4.0,4.0,56
22500838,GSW,NOP,76.4,78.2,"(""De'Anthony Melton"", 'Draymond Green', 'Gui Santos', 'Moses Moody', 'Pat Spencer')",1.0166666666666666,4,4,0,2,0,2,0,0,0,1,0,2.0,2.0,0.0,0.0,0.0,4.0,0.0,0.0,0.0,0.0,4.0,56
22500838,GSW,NOP,76.8,79.6,"('Brandin Podziemski', 'Draymond Green', 'Gui Santos', 'Moses Moody', 'Pat Spencer')",0.6,4,0,2,0,2,0,0,0,1,0,0,1.0,2.0,0.0,0.0,0.0,0.0,2.0,0.0,2.0,2.0,3.0,56
22500838,GSW,NOP,78.0,78.8,"('Brandin Podziemski', 'Gui Santos', 'Moses Moody', 'Pat Spencer', 'Quinten Post')",3.1049999999999995,2,5,2,6,3,2,0,3,1,0,2,6.0,7.0,0.0,2.0,0.0,2.0,0.0,0.0,2.0,2.0,13.0,56
22500838,GSW,NOP,76.4,79.0,"('Brandin Podziemski', 'Draymond Green', 'Gui Santos', 'Pat Spencer', 'Will Richard')",1.9,2,4,4,4,2,2,1,1,0,1,0,5.0,5.44,0.0,0.0,0.0,4.0,0.0,0.0,0.0,0.0,10.44,56
22500838,GSW,NOP,75.8,78.4,"('Brandin Podziemski', 'Draymond Green', 'Gary Payton II', 'Moses Moody', 'Pat Spencer')",0.4499999999999999,2,0,0,2,0,0,0,0,1,0,1,0.0,1.0,0.0,0.0,0.0,0.0,0.0,0.0,0.0,0.0,1.0,56
22500838,GSW,NOP,75.8,78.4,"('Brandin Podziemski', ""De'Anthony Melton"", 'Draymond Green', 'Moses Moody', 'Pat Spencer')",0.4666666666666667,2,3,1,0,0,1,0,0,0,1,0,1.0,0.44,0.0,0.0,0.0,0.0,0.0,0.0,0.0,0.0,1.44,56
22500838,GSW,NOP,75.6,78.4,"(""De'Anthony Melton"", 'Draymond Green', 'Moses Moody', 'Pat Spencer', 'Will Richard')",1.2000000000000004,2,2,1,1,2,0,0,0,0,2,1,1.88,1.44,0.0,0.0,0.0,0.0,0.0,0.0,0.0,0.0,3.32,56
22500838,GSW,NOP,76.2,78.4,"('Brandin Podziemski', 'Draymond Green', 'Gary Payton II', 'Gui Santos', 'Pat Spencer')",1.2833333333333334,2,1,0,2,4,0,0,0,1,1,0,3.44,2.0,0.0,0.0,0.0,0.0,0.0,0.0,0.0,0.0,5.44,56
22500844,GSW,MEM,79.0,77.0,"('Brandin Podziemski', 'Gui Santos', 'Malevy Leons', 'Quinten Post', 'Will Richard')",0.75,1,2,1,2,0,0,0,1,0,1,0,2.0,1.44,0.0,0.0,2.0,2.0,0.0,0.0,0.0,0.0,3.44,57
22500844,GSW,MEM,76.2,77.0,"('Al Horford', 'Brandin Podziemski', 'Gary Payton II', 'Moses Moody', 'Pat Spencer')",3.633333333333333,4,17,11,5,0,4,1,0,0,0,1,6.88,6.0,0.0,0.0,5.0,6.0,0.0,0.0,0.0,6.0,12.88,57
22500844,GSW,MEM,78.6,76.8,"('Gui Santos', 'Malevy Leons', 'Pat Spencer', 'Quinten Post', 'Will Richard')",0.0,3,1,0,0,0,0,0,0,1,0,0,0.44,1.0,0.0,0.0,0.0,0.0,0.0,0.0,0.0,0.0,1.44,57
22500844,GSW,MEM,77.0,77.8,"('Brandin Podziemski', 'Gary Payton II', 'Moses Moody', 'Pat Spencer', 'Quinten Post')",0.7000000000000001,3,0,0,1,1,0,0,0,0,1,0,1.0,1.0,0.0,0.0,0.0,0.0,0.0,0.0,0.0,0.0,2.0,57
22500844,GSW,MEM,78.2,77.6,"('Al Horford', 'Brandin Podziemski', 'Gui Santos', 'Malevy Leons', 'Will Richard')",1.35,4,5,1,1,0,0,0,1,1,1,1,3.44,3.44,0.0,0.0,0.0,4.0,0.0,0.0,0.0,0.0,6.88,57
22500844,GSW,MEM,79.0,77.6,"('Brandin Podziemski', 'Gui Santos', 'Malevy Leons', 'Quinten Post', 'Will Richard')",0.4666666666666666,4,2,0,0,1,0,0,0,2,0,0,2.0,2.0,2.0,2.0,0.0,2.0,0.0,0.0,0.0,0.0,4.0,57
22500844,GSW,MEM,77.6,78.6,"('Gary Payton II', 'Malevy Leons', 'Pat Spencer', 'Quinten Post', 'Will Richard')",4.3133333333333335,4,8,18,3,6,3,5,4,3,7,2,12.0,12.32,4.0,6.0,2.0,8.0,5.0,2.0,2.0,6.0,24.32,57
22500844,GSW,MEM,77.4,77.8,"('Al Horford', 'Brandin Podziemski', 'Gui Santos', 'Moses Moody', 'Will Richard')",4.083333333333334,3,8,13,2,5,3,4,0,1,1,0,7.0,8.0,0.0,3.0,0.0,0.0,0.0,0.0,2.0,4.0,15.0,57
22500844,GSW,MEM,77.8,76.8,"('Al Horford', 'Brandin Podziemski', 'Malevy Leons', 'Moses Moody', 'Will Richard')",1.1466666666666665,3,2,1,0,1,0,0,0,1,1,2,3.88,2.44,0.0,0.0,0.0,0.0,0.0,0.0,0.0,0.0,6.32,57
22500844,GSW,MEM,76.2,77.8,"('Al Horford', 'Brandin Podziemski', 'Gary Payton II', 'Moses Moody', 'Pat Spencer')",1.4666666666666666,3,0,2,2,1,0,1,1,0,1,0,2.0,2.0,0.0,0.0,0.0,0.0,0.0,2.0,0.0,2.0,4.0,57
22500844,GSW,MEM,77.2,77.0,"('Al Horford', 'Brandin Podziemski', 'Malevy Leons', 'Pat Spencer', 'Will Richard')",2.1,2,7,4,3,2,2,2,0,0,0,1,4.88,4.0,0.0,0.0,2.0,2.0,0.0,0.0,0.0,4.0,8.879999999999999,57
22500844,GSW,MEM,77.0,78.2,"('Al Horford', 'Gary Payton II', 'Gui Santos', 'Moses Moody', 'Will Richard')",0.49,2,1,3,0,1,0,0,0,0,0,0,1.44,1.0,0.0,0.0,0.0,0.0,0.0,0.0,0.0,0.0,2.44,57
22500844,GSW,MEM,77.0,77.8,"('Brandin Podziemski', 'Gary Payton II', 'Moses Moody', 'Pat Spencer', 'Quinten Post')",0.8666666666666667,1,0,3,1,1,0,1,1,0,1,0,2.0,2.0,0.0,0.0,0.0,0.0,0.0,0.0,3.0,0.0,4.0,57
22500844,GSW,MEM,78.6,77.0,"('Gui Santos', 'Malevy Leons', 'Pat Spencer', 'Quinten Post', 'Will Richard')",2.566666666666667,1,11,7,3,1,3,2,0,0,1,1,5.44,5.44,0.0,0.0,0.0,4.0,0.0,0.0,0.0,6.0,10.88,57
22500844,GSW,MEM,76.2,77.8,"('Al Horford', 'Brandin Podziemski', 'Gary Payton II', 'Moses Moody', 'Pat Spencer')",2.566666666666667,1,10,8,2,1,3,2,1,1,1,1,6.0,5.88,2.0,2.0,3.0,4.0,2.0,2.0,0.0,6.0,11.88,57
22500844,GSW,MEM,77.4,77.8,"('Al Horford', 'Brandin Podziemski', 'Gui Santos', 'Moses Moody', 'Will Richard')",2.9333333333333336,1,7,4,2,3,3,1,0,0,1,0,5.0,4.44,0.0,0.0,0.0,4.0,0.0,0.0,3.0,0.0,9.44,57
22500844,GSW,MEM,76.4,76.8,"('Al Horford', 'Brandin Podziemski', 'Gary Payton II', 'Moses Moody', 'Will Richard')",1.2083333333333337,1,4,3,2,0,1,1,1,0,1,0,3.0,3.0,0.0,0.0,0.0,4.0,0.0,0.0,0.0,0.0,6.0,57
22500844,GSW,MEM,78.0,77.8,"('Brandin Podziemski', 'Gary Payton II', 'Gui Santos', 'Moses Moody', 'Quinten Post')",2.5333333333333337,2,7,6,2,1,1,2,1,0,1,1,5.88,5.44,3.0,0.0,0.0,2.0,0.0,0.0,0.0,2.0,11.32,57
22500844,GSW,MEM,77.2,77.0,"('Gary Payton II', 'Gui Santos', 'Pat Spencer', 'Quinten Post', 'Will Richard')",0.25,1,0,2,0,0,0,0,0,0,0,0,0.0,1.0,0.0,0.0,0.0,0.0,0.0,0.0,0.0,0.0,1.0,57
22500844,GSW,MEM,77.4,76.8,"('Al Horford', 'Gary Payton II', 'Malevy Leons', 'Moses Moody', 'Will Richard')",0.0433333333333333,1,0,3,0,0,0,1,0,0,0,0,0.0,1.0,0.0,0.0,0.0,0.0,0.0,0.0,0.0,0.0,1.0,57
22500844,GSW,MEM,77.2,77.0,"('Gary Payton II', 'Gui Santos', 'Pat Spencer', 'Quinten Post', 'Will Richard')",3.666666666666666,3,11,4,6,3,5,2,1,2,0,1,7.44,8.0,4.0,4.0,4.0,10.0,2.0,2.0,2.0,4.0,15.44,57
22500844,GSW,MEM,77.4,76.8,"('Al Horford', 'Gary Payton II', 'Malevy Leons', 'Moses Moody', 'Will Richard')",0.3966666666666666,3,0,3,0,0,0,1,0,0,0,0,0.0,1.0,0.0,0.0,0.0,0.0,0.0,0.0,0.0,0.0,1.0,57
22500844,GSW,MEM,76.2,77.0,"('Al Horford', 'Brandin Podziemski', 'Gary Payton II', 'Moses Moody', 'Pat Spencer')",2.7666666666666666,2,8,2,3,1,3,0,0,1,1,2,5.0,4.88,0.0,3.0,0.0,2.0,0.0,0.0,0.0,0.0,9.88,57
22500844,GSW,MEM,77.6,77.8,"('Gary Payton II', 'Gui Santos', 'Moses Moody', 'Pat Spencer', 'Quinten Post')",0.15,2,2,0,0,0,0,0,0,1,0,0,1.0,1.0,2.0,2.0,0.0,2.0,0.0,0.0,0.0,0.0,2.0,57
22500844,GSW,MEM,78.6,77.8,"('Gui Santos', 'Malevy Leons', 'Pat Spencer', 'Quinten Post', 'Will Richard')",2.033333333333333,2,10,2,3,2,3,0,1,2,1,1,6.44,4.0,0.0,9.0,6.0,0.0,0.0,0.0,2.0,2.0,10.44,57
22500844,GSW,MEM,77.2,78.0,"('Al Horford', 'Brandin Podziemski', 'Gui Santos', 'Moses Moody', 'Pat Spencer')",1.66,2,5,5,2,2,1,2,1,0,0,1,3.88,4.0,0.0,0.0,0.0,0.0,2.0,2.0,3.0,2.0,7.88,57
22500844,GSW,MEM,78.4,77.8,"('Gary Payton II', 'Gui Santos', 'Malevy Leons', 'Pat Spencer', 'Quinten Post')",1.7666666666666666,4,5,6,2,1,2,2,0,0,0,1,3.0,4.0,0.0,0.0,0.0,2.0,0.0,3.0,0.0,0.0,7.0,57
22500844,GSW,MEM,76.0,76.8,"('Al Horford', 'Gary Payton II', 'Moses Moody', 'Pat Spencer', 'Will Richard')",0.4283333333333333,1,0,0,1,0,0,0,0,0,0,0,1.0,1.0,0.0,0.0,0.0,0.0,0.0,0.0,0.0,0.0,2.0,57
22500844,GSW,MEM,76.6,77.8,"('Brandin Podziemski', 'Gary Payton II', 'Pat Spencer', 'Quinten Post', 'Will Richard')",0.0,1,0,0,0,0,0,0,0,0,0,0,0.0,0.0,0.0,0.0,0.0,0.0,0.0,0.0,0.0,0.0,0.0,57
22501215,GSW,MIN,77.2,79.0,"('Brandin Podziemski', 'Gary Payton II', 'Jimmy Butler III', 'Moses Moody', 'Trayce Jackson-Davis')",3.6950000000000007,1,7,8,6,2,2,3,2,1,0,1,7.44,8.0,0.0,0.0,0.0,4.0,2.0,2.0,0.0,6.0,15.44,58
22501215,GSW,MIN,76.6,79.6,"('Brandin Podziemski', 'Jimmy Butler III', 'Pat Spencer', 'Stephen Curry', 'Trayce Jackson-Davis')",1.7500000000000004,2,3,4,2,1,0,1,2,0,2,1,4.44,4.88,0.0,0.0,0.0,2.0,2.0,2.0,0.0,2.0,9.32,58
22501215,GSW,MIN,77.4,80.2,"('Buddy Hield', 'Gui Santos', 'Pat Spencer', 'Quinten Post', 'Stephen Curry')",4.866666666666666,2,17,13,5,3,5,2,2,2,2,2,11.88,12.32,3.0,3.0,3.0,6.0,0.0,0.0,0.0,6.0,24.200000000000003,58
22501215,GSW,MIN,77.2,79.4,"('Buddy Hield', 'Jimmy Butler III', 'Pat Spencer', 'Quinten Post', 'Stephen Curry')",4.533333333333333,1,12,14,3,3,5,4,1,0,3,2,10.0,9.0,0.0,0.0,4.0,4.0,0.0,2.0,3.0,6.0,19.0,58
22501215,GSW,MIN,77.6,78.6,"('Brandin Podziemski', 'Buddy Hield', ""De'Anthony Melton"", 'Jimmy Butler III', 'Quinten Post')",2.333333333333333,2,7,9,1,3,2,1,0,0,2,1,6.0,5.44,2.0,2.0,3.0,4.0,0.0,0.0,2.0,2.0,11.44,58
22501215,GSW,MIN,77.8,79.0,"('Brandin Podziemski', 'Gary Payton II', 'Jimmy Butler III', 'Moses Moody', 'Quinten Post')",0.0,1,0,0,0,0,0,0,0,0,0,0,0.0,0.0,0.0,0.0,0.0,0.0,0.0,0.0,0.0,0.0,0.0,58
22501215,GSW,MIN,78.2,79.6,"('Brandin Podziemski', 'Buddy Hield', 'Jimmy Butler III', 'Moses Moody', 'Quinten Post')",0.44,1,0,0,0,1,0,0,0,0,0,0,1.0,1.0,0.0,0.0,0.0,0.0,0.0,0.0,0.0,0.0,2.0,58
22501215,GSW,MIN,76.8,80.0,"(""De'Anthony Melton"", 'Jimmy Butler III', 'Pat Spencer', 'Quinten Post', 'Stephen Curry')",1.0166666666666666,1,0,0,2,2,0,0,0,0,1,0,2.0,1.0,0.0,0.0,0.0,0.0,0.0,0.0,0.0,0.0,3.0,58
22501215,GSW,MIN,76.0,78.8,"(""De'Anthony Melton"", 'Moses Moody', 'Pat Spencer', 'Stephen Curry', 'Trayce Jackson-Davis')",1.3500000000000003,1,7,4,3,1,1,0,0,0,1,0,4.0,3.76,3.0,0.0,2.0,2.0,0.0,0.0,0.0,0.0,7.76,58
22501215,GSW,MIN,76.4,79.6,"('Brandin Podziemski', ""De'Anthony Melton"", 'Moses Moody', 'Stephen Curry', 'Trayce Jackson-Davis')",0.75,1,1,2,0,1,0,0,0,0,0,1,1.44,2.0,0.0,0.0,0.0,0.0,0.0,0.0,0.0,2.0,3.44,58
22501215,GSW,MIN,76.2,79.4,"(""De'Anthony Melton"", 'Jimmy Butler III', 'Pat Spencer', 'Stephen Curry', 'Trayce Jackson-Davis')",0.4333333333333333,3,0,2,0,0,0,0,0,0,0,1,0.0,1.0,0.0,0.0,0.0,0.0,0.0,0.0,0.0,2.0,1.0,58
22501215,GSW,MIN,77.0,80.2,"('Brandin Podziemski', 'Buddy Hield', ""De'Anthony Melton"", 'Jimmy Butler III', 'Trayce Jackson-Davis')",0.9333333333333332,2,3,1,1,0,0,0,0,0,1,1,2.44,1.44,0.0,0.0,0.0,2.0,0.0,0.0,0.0,0.0,3.88,58
22501215,GSW,MIN,77.2,79.6,"('Brandin Podziemski', 'Jimmy Butler III', 'Pat Spencer', 'Quinten Post', 'Stephen Curry')",1.6883333333333337,2,6,6,1,1,1,2,0,0,0,0,3.44,4.0,0.0,0.0,0.0,0.0,0.0,2.0,0.0,6.0,7.439999999999999,58
22501215,GSW,MIN,76.8,79.4,"('Brandin Podziemski', ""De'Anthony Melton"", 'Gui Santos', 'Stephen Curry', 'Trayce Jackson-Davis')",0.2666666666666666,4,0,2,0,0,0,1,0,0,0,0,0.0,1.0,0.0,0.0,0.0,0.0,0.0,0.0,0.0,2.0,1.0,58
22501215,GSW,MIN,76.8,79.4,"(""De'Anthony Melton"", 'Jimmy Butler III', 'Moses Moody', 'Stephen Curry', 'Trayce Jackson-Davis')",0.8500000000000001,4,5,0,2,0,1,0,0,0,0,0,2.0,1.0,0.0,0.0,3.0,2.0,0.0,0.0,0.0,0.0,3.0,58
22501215,GSW,MIN,77.4,79.4,"('Brandin Podziemski', ""De'Anthony Melton"", 'Gui Santos', 'Quinten Post', 'Stephen Curry')",0.5666666666666667,4,0,3,0,1,0,0,0,0,0,1,2.0,1.44,0.0,0.0,0.0,0.0,0.0,0.0,0.0,2.0,3.44,58
22501215,GSW,MIN,77.8,78.8,"('Brandin Podziemski', 'Jimmy Butler III', 'Moses Moody', 'Pat Spencer', 'Quinten Post')",3.866666666666666,4,5,12,0,5,2,3,2,1,1,0,8.0,8.440000000000001,0.0,0.0,0.0,2.0,2.0,4.0,2.0,8.0,16.44,58
22501215,GSW,MIN,77.4,80.2,"('Brandin Podziemski', 'Gui Santos', 'Pat Spencer', 'Quinten Post', 'Stephen Curry')",0.6833333333333333,4,0,1,1,1,0,0,0,0,1,0,1.0,0.44,0.0,0.0,0.0,0.0,0.0,0.0,0.0,0.0,1.44,58
22501215,GSW,MIN,77.2,78.8,"('Brandin Podziemski', 'Jimmy Butler III', 'Moses Moody', 'Pat Spencer', 'Trayce Jackson-Davis')",0.6666666666666666,4,0,2,0,1,0,1,0,0,0,1,1.0,1.0,0.0,0.0,0.0,0.0,0.0,0.0,0.0,2.0,2.0,58
22501215,GSW,MIN,77.4,80.8,"(""De'Anthony Melton"", 'Jimmy Butler III', 'Moses Moody', 'Quinten Post', 'Stephen Curry')",4.733333333333333,4,19,17,2,4,3,4,0,3,4,5,13.64,12.32,3.0,8.0,0.0,4.0,0.0,0.0,2.0,8.0,25.96,58
22501215,GSW,MIN,75.8,79.4,"('Brandin Podziemski', ""De'Anthony Melton"", 'Jimmy Butler III', 'Moses Moody', 'Stephen Curry')",0.13,4,0,2,0,1,0,0,0,0,1,0,1.0,0.88,0.0,0.0,0.0,0.0,0.0,0.0,0.0,0.0,1.88,58
22501215,GSW,MIN,76.0,79.4,"(""De'Anthony Melton"", 'Moses Moody', 'Pat Spencer', 'Stephen Curry', 'Trayce Jackson-Davis')",1.416666666666667,3,2,9,1,4,1,3,1,0,0,0,4.0,4.0,0.0,0.0,0.0,2.0,3.0,0.0,3.0,0.0,8.0,58
22501215,GSW,MIN,76.4,80.0,"('Brandin Podziemski', ""De'Anthony Melton"", 'Moses Moody', 'Stephen Curry', 'Trayce Jackson-Davis')",0.7000000000000001,3,2,0,2,2,0,0,0,1,0,0,2.0,2.0,0.0,0.0,2.0,0.0,0.0,0.0,0.0,0.0,4.0,58
22501215,GSW,MIN,76.6,79.6,"('Brandin Podziemski', ""De'Anthony Melton"", 'Jimmy Butler III', 'Stephen Curry', 'Trayce Jackson-Davis')",0.33,3,0,1,0,1,0,0,0,0,0,0,1.0,0.44,0.0,0.0,0.0,0.0,0.0,0.0,0.0,0.0,1.44,58
22501215,GSW,MIN,77.8,78.2,"('Brandin Podziemski', ""De'Anthony Melton"", 'Jimmy Butler III', 'Moses Moody', 'Quinten Post')",2.6083333333333334,3,8,2,4,3,0,1,0,1,1,2,6.76,5.0,0.0,0.0,0.0,4.0,0.0,0.0,0.0,2.0,11.76,58
22501215,GSW,MIN,76.6,79.4,"('Buddy Hield', 'Jimmy Butler III', 'Pat Spencer', 'Stephen Curry', 'Trayce Jackson-Davis')",0.6166666666666667,3,2,2,0,0,1,0,0,0,1,1,1.0,1.0,0.0,0.0,0.0,2.0,0.0,0.0,0.0,2.0,2.0,58
22501215,GSW,MIN,77.2,80.2,"('Buddy Hield', 'Jimmy Butler III', 'Pat Spencer', 'Quinten Post', 'Stephen Curry')",4.716666666666666,3,12,11,6,3,2,4,3,1,1,1,11.0,11.0,0.0,2.0,0.0,4.0,6.0,4.0,0.0,8.0,22.0,58
22501215,GSW,MIN,77.2,78.2,"('Brandin Podziemski', ""De'Anthony Melton"", 'Jimmy Butler III', 'Moses Moody', 'Trayce Jackson-Davis')",0.4083333333333333,3,2,0,0,0,1,0,0,0,1,1,1.0,1.0,0.0,2.0,0.0,0.0,0.0,0.0,0.0,0.0,2.0,58
22501221,GSW,POR,77.6,79.4,"('Brandin Podziemski', 'Buddy Hield', 'Jimmy Butler III', 'Quinten Post', 'Stephen Curry')",0.2566666666666667,1,2,0,0,1,0,0,0,1,0,0,2.0,1.0,0.0,2.0,0.0,2.0,0.0,0.0,0.0,0.0,3.0,59
22501221,GSW,POR,76.2,77.8,"('Buddy Hield', ""De'Anthony Melton"", 'Draymond Green', 'Gui Santos', 'Stephen Curry')",0.95,2,2,0,2,0,1,0,1,0,0,1,3.0,2.0,0.0,0.0,0.0,2.0,0.0,0.0,0.0,0.0,5.0,59
22501221,GSW,POR,76.6,80.4,"('Brandin Podziemski', 'Draymond Green', 'Jimmy Butler III', 'Moses Moody', 'Stephen Curry')",2.6133333333333337,2,8,7,3,4,2,1,0,0,1,1,7.32,6.0,0.0,0.0,0.0,2.0,0.0,0.0,0.0,2.0,13.32,59
22501221,GSW,POR,76.6,77.8,"('Brandin Podziemski', 'Buddy Hield', 'Draymond Green', 'Gui Santos', 'Stephen Curry')",0.5333333333333333,2,1,5,0,0,0,2,1,0,0,0,1.44,2.0,0.0,0.0,0.0,0.0,2.0,2.0,0.0,2.0,3.44,59
22501221,GSW,POR,76.4,78.2,"('Brandin Podziemski', 'Buddy Hield', ""De'Anthony Melton"", 'Draymond Green', 'Jimmy Butler III')",0.1633333333333333,2,1,0,0,0,0,0,0,0,0,0,0.44,1.0,0.0,0.0,0.0,0.0,0.0,0.0,0.0,0.0,1.44,59
22501221,GSW,POR,77.4,80.4,"('Brandin Podziemski', 'Draymond Green', 'Jimmy Butler III', 'Stephen Curry', 'Trayce Jackson-Davis')",0.395,2,1,0,1,0,0,0,0,0,0,1,0.44,1.0,0.0,0.0,0.0,0.0,0.0,0.0,0.0,0.0,1.44,59
22501221,GSW,POR,76.6,79.6,"('Brandin Podziemski', ""De'Anthony Melton"", 'Jimmy Butler III', 'Stephen Curry', 'Trayce Jackson-Davis')",1.9833333333333332,2,3,2,3,3,1,0,1,1,0,1,5.0,5.0,3.0,3.0,0.0,0.0,0.0,0.0,0.0,2.0,10.0,59
22501221,GSW,POR,77.6,78.6,"('Brandin Podziemski', 'Buddy Hield', 'Jimmy Butler III', 'Pat Spencer', 'Quinten Post')",2.2783333333333338,1,6,3,2,3,2,1,0,2,0,0,5.0,5.0,3.0,3.0,0.0,0.0,0.0,0.0,3.0,0.0,10.0,59
22501221,GSW,POR,77.6,79.6,"('Buddy Hield', ""De'Anthony Melton"", 'Gui Santos', 'Jimmy Butler III', 'Trayce Jackson-Davis')",0.8,2,1,0,2,1,0,0,0,0,0,1,1.44,2.0,0.0,0.0,0.0,0.0,0.0,0.0,0.0,0.0,3.44,59
22501221,GSW,POR,76.4,80.0,"('Brandin Podziemski', ""De'Anthony Melton"", 'Moses Moody', 'Stephen Curry', 'Trayce Jackson-Davis')",1.3666666666666667,1,5,2,1,0,2,0,1,1,0,0,3.0,4.0,0.0,2.0,0.0,2.0,0.0,0.0,0.0,2.0,7.0,59
22501221,GSW,POR,77.0,79.6,"('Brandin Podziemski', 'Buddy Hield', 'Jimmy Butler III', 'Pat Spencer', 'Trayce Jackson-Davis')",0.8666666666666666,1,0,5,0,1,0,2,1,0,1,0,2.0,2.0,0.0,0.0,0.0,0.0,0.0,0.0,0.0,2.0,4.0,59
22501221,GSW,POR,78.2,80.0,"('Draymond Green', 'Jimmy Butler III', 'Moses Moody', 'Quinten Post', 'Stephen Curry')",4.949999999999998,1,14,20,2,6,4,5,2,3,3,2,11.88,13.64,0.0,0.0,0.0,0.0,3.0,0.0,3.0,0.0,25.520000000000003,59
22501221,GSW,POR,76.8,80.0,"(""De'Anthony Melton"", 'Draymond Green', 'Moses Moody', 'Stephen Curry', 'Trayce Jackson-Davis')",0.8833333333333333,1,2,2,1,0,0,0,1,0,0,1,1.88,1.0,0.0,0.0,0.0,0.0,0.0,0.0,0.0,2.0,2.88,59
22501221,GSW,POR,77.2,79.6,"('Brandin Podziemski', ""De'Anthony Melton"", 'Jimmy Butler III', 'Moses Moody', 'Trayce Jackson-Davis')",1.2666666666666666,1,2,2,0,2,1,1,0,1,1,0,3.0,3.0,0.0,2.0,0.0,0.0,0.0,0.0,0.0,2.0,6.0,59
22501221,GSW,POR,77.0,78.8,"('Brandin Podziemski', 'Buddy Hield', 'Jimmy Butler III', 'Pat Spencer', 'Trayce Jackson-Davis')",1.0333333333333334,3,4,5,0,1,1,1,1,0,2,0,2.44,3.44,0.0,0.0,0.0,0.0,0.0,0.0,4.0,4.0,5.88,59
22501221,GSW,POR,77.6,79.6,"('Brandin Podziemski', ""De'Anthony Melton"", 'Gui Santos', 'Jimmy Butler III', 'Trayce Jackson-Davis')",1.8000000000000005,2,4,4,2,2,1,2,0,1,1,2,3.88,5.0,2.0,2.0,0.0,2.0,0.0,0.0,2.0,2.0,8.879999999999999,59
22501221,GSW,POR,77.6,79.2,"('Brandin Podziemski', 'Buddy Hield', 'Draymond Green', 'Quinten Post', 'Stephen Curry')",2.6,2,10,9,2,2,0,1,0,0,1,1,5.44,5.44,2.0,0.0,0.0,6.0,0.0,0.0,3.0,2.0,10.88,59
22501221,GSW,POR,79.4,78.6,"('Brandin Podziemski', 'Draymond Green', 'Jimmy Butler III', 'Quinten Post', 'Trayce Jackson-Davis')",0.0,4,0,1,0,0,0,0,0,0,0,0,0.0,0.44,0.0,0.0,0.0,0.0,0.0,0.0,0.0,0.0,0.44,59
22501221,GSW,POR,76.8,80.4,"(""De'Anthony Melton"", 'Jimmy Butler III', 'Moses Moody', 'Stephen Curry', 'Trayce Jackson-Davis')",0.8666666666666668,4,0,2,1,1,0,1,0,0,0,0,1.0,2.0,0.0,0.0,0.0,0.0,0.0,0.0,0.0,2.0,3.0,59
22501221,GSW,POR,76.0,78.6,"('Brandin Podziemski', ""De'Anthony Melton"", 'Draymond Green', 'Jimmy Butler III', 'Stephen Curry')",2.918333333333333,4,8,10,3,2,2,2,1,2,5,0,6.0,6.32,0.0,2.0,3.0,2.0,2.0,0.0,0.0,4.0,12.32,59
22501221,GSW,POR,77.6,78.8,"('Brandin Podziemski', 'Buddy Hield', 'Jimmy Butler III', 'Pat Spencer', 'Quinten Post')",0.2166666666666666,3,0,1,0,0,0,0,0,0,1,0,0.0,0.44,0.0,0.0,0.0,0.0,0.0,0.0,0.0,0.0,0.44,59
22501221,GSW,POR,77.4,78.8,"(""De'Anthony Melton"", 'Draymond Green', 'Moses Moody', 'Quinten Post', 'Stephen Curry')",1.4333333333333331,3,7,7,1,0,1,1,0,0,0,1,3.0,3.44,0.0,0.0,2.0,4.0,0.0,0.0,0.0,0.0,6.44,59
22501221,GSW,POR,76.6,78.4,"('Brandin Podziemski', 'Buddy Hield', 'Gui Santos', 'Jimmy Butler III', 'Pat Spencer')",2.0,3,7,3,2,0,3,1,0,0,0,1,5.44,4.44,0.0,0.0,0.0,6.0,0.0,0.0,0.0,2.0,9.88,59
22501221,GSW,POR,76.6,79.0,"('Brandin Podziemski', ""De'Anthony Melton"", 'Jimmy Butler III', 'Stephen Curry', 'Trayce Jackson-Davis')",1.0833333333333333,3,0,3,0,2,0,0,1,1,1,2,2.0,2.44,0.0,0.0,0.0,0.0,0.0,0.0,2.0,0.0,4.44,59
22501221,GSW,POR,77.0,79.0,"('Brandin Podziemski', 'Buddy Hield', ""De'Anthony Melton"", 'Jimmy Butler III', 'Trayce Jackson-Davis')",0.2666666666666666,3,2,2,0,0,0,0,1,0,2,0,2.0,0.88,0.0,0.0,0.0,2.0,0.0,0.0,0.0,0.0,2.88,59
22501221,GSW,POR,76.8,79.0,"(""De'Anthony Melton"", 'Draymond Green', 'Moses Moody', 'Stephen Curry', 'Trayce Jackson-Davis')",1.4666666666666668,3,3,5,1,2,0,1,1,0,1,1,3.0,4.0,0.0,0.0,0.0,0.0,2.0,2.0,0.0,2.0,7.0,59
22501221,GSW,POR,78.2,80.2,"('Draymond Green', 'Jimmy Butler III', 'Moses Moody', 'Quinten Post', 'Stephen Curry')",3.9,3,14,9,3,2,5,1,3,2,3,1,10.0,7.76,0.0,3.0,5.0,2.0,2.0,2.0,0.0,2.0,17.759999999999998,59
22501221,GSW,POR,77.6,79.0,"('Brandin Podziemski', 'Buddy Hield', 'Draymond Green', 'Quinten Post', 'Stephen Curry')",3.5500000000000003,4,10,11,2,2,3,4,0,2,0,1,5.88,7.0,0.0,5.0,3.0,2.0,0.0,3.0,0.0,2.0,12.88,59
22501221,GSW,POR,77.2,80.6,"('Brandin Podziemski', ""De'Anthony Melton"", 'Jimmy Butler III', 'Moses Moody', 'Trayce Jackson-Davis')",1.3,4,6,3,1,0,2,1,0,0,0,1,3.44,2.0,0.0,0.0,0.0,2.0,0.0,0.0,0.0,0.0,5.44,59
22501221,GSW,POR,76.6,78.6,"('Brandin Podziemski', 'Draymond Green', 'Jimmy Butler III', 'Moses Moody', 'Stephen Curry')",3.0783333333333327,4,8,13,1,6,3,2,2,0,1,2,8.0,6.76,3.0,0.0,0.0,2.0,2.0,2.0,5.0,6.0,14.76,59
