game_id,team,opponent,team_avg_height,opp_avg_height,lineup,minutes_played,period,points,opp_points,rebounds,opp_rebounds,assists,opp_assists,turnovers,opp_turnovers,fouls_committed,fouls_drawn,possessions,opp_possessions,fastbreak,from_turnover,second_chance,points_in_paint,opp_from_turnover,opp_fastbreak,opp_second_chance,opp_points_in_paint,unscaled_pace,game_number
22500028,ORL,BOS,80.0,78.0,"('Anthony Black', 'Franz Wagner')",1.366666666666667,1,1,2,1,1,0,1,0,1,0,1,3.44,3.0,0.0,0.0,0.0,0.0,0.0,0.0,0.0,0.0,6.44,1
22500028,ORL,BOS,80.0,78.0,"('Anthony Black', 'Jalen Suggs')",1.366666666666667,1,1,2,1,1,0,1,0,1,0,1,3.44,3.0,0.0,0.0,0.0,0.0,0.0,0.0,0.0,0.0,6.44,1
22500028,ORL,BOS,80.0,78.0,"('Anthony Black', 'Tristan da Silva')",1.366666666666667,1,1,2,1,1,0,1,0,1,0,1,3.44,3.0,0.0,0.0,0.0,0.0,0.0,0.0,0.0,0.0,6.44,1
22500028,ORL,BOS,80.0,78.0,"('Anthony Black', 'Wendell Carter Jr.')",1.366666666666667,1,1,2,1,1,0,1,0,1,0,1,3.44,3.0,0.0,0.0,0.0,0.0,0.0,0.0,0.0,0.0,6.44,1
22500028,ORL,BOS,80.0,78.0,"('Franz Wagner', 'Jalen Suggs')",1.366666666666667,1,1,2,1,1,0,1,0,1,0,1,3.44,3.0,0.0,0.0,0.0,0.0,0.0,0.0,0.0,0.0,6.44,1
22500028,ORL,BOS,80.0,78.0,"('Franz Wagner', 'Tristan da Silva')",1.366666666666667,1,1,2,1,1,0,1,0,1,0,1,3.44,3.0,0.0,0.0,0.0,0.0,0.0,0.0,0.0,0.0,6.44,1
22500028,ORL,BOS,80.0,78.0,"('Franz Wagner', 'Wendell Carter Jr.')",1.366666666666667,1,1,2,1,1,0,1,0,1,0,1,3.44,3.0,0.0,0.0,0.0,0.0,0.0,0.0,0.0,0.0,6.44,1
22500028,ORL,BOS,80.0,78.0,"('Jalen Suggs', 'Tristan da Silva')",1.366666666666667,1,1,2,1,1,0,1,0,1,0,1,3.44,3.0,0.0,0.0,0.0,0.0,0.0,0.0,0.0,0.0,6.44,1
22500028,ORL,BOS,80.0,78.0,"('Jalen Suggs', 'Wendell Carter Jr.')",1.366666666666667,1,1,2,1,1,0,1,0,1,0,1,3.44,3.0,0.0,0.0,0.0,0.0,0.0,0.0,0.0,0.0,6.44,1
22500028,ORL,BOS,80.0,78.0,"('Tristan da Silva', 'Wendell Carter Jr.')",1.366666666666667,1,1,2,1,1,0,1,0,1,0,1,3.44,3.0,0.0,0.0,0.0,0.0,0.0,0.0,0.0,0.0,6.44,1
22500028,ORL,BOS,80.2,78.6,"('Desmond Bane', 'Franz Wagner')",5.466666666666666,1,19,12,5,3,5,3,2,1,2,4,11.76,12.0,4.0,0.0,0.0,6.0,3.0,2.0,0.0,6.0,23.76,1
22500028,ORL,BOS,80.2,78.6,"('Desmond Bane', 'Jalen Suggs')",5.466666666666666,1,19,12,5,3,5,3,2,1,2,4,11.76,12.0,4.0,0.0,0.0,6.0,3.0,2.0,0.0,6.0,23.76,1
22500028,ORL,BOS,80.2,78.6,"('Desmond Bane', 'Paolo Banchero')",5.466666666666666,1,19,12,5,3,5,3,2,1,2,4,11.76,12.0,4.0,0.0,0.0,6.0,3.0,2.0,0.0,6.0,23.76,1
22500028,ORL,BOS,80.2,78.6,"('Desmond Bane', 'Wendell Carter Jr.')",5.466666666666666,1,19,12,5,3,5,3,2,1,2,4,11.76,12.0,4.0,0.0,0.0,6.0,3.0,2.0,0.0,6.0,23.76,1
22500028,ORL,BOS,80.2,78.6,"('Franz Wagner', 'Jalen Suggs')",5.466666666666666,1,19,12,5,3,5,3,2,1,2,4,11.76,12.0,4.0,0.0,0.0,6.0,3.0,2.0,0.0,6.0,23.76,1
22500028,ORL,BOS,80.2,78.6,"('Franz Wagner', 'Paolo Banchero')",5.466666666666666,1,19,12,5,3,5,3,2,1,2,4,11.76,12.0,4.0,0.0,0.0,6.0,3.0,2.0,0.0,6.0,23.76,1
22500028,ORL,BOS,80.2,78.6,"('Franz Wagner', 'Wendell Carter Jr.')",5.466666666666666,1,19,12,5,3,5,3,2,1,2,4,11.76,12.0,4.0,0.0,0.0,6.0,3.0,2.0,0.0,6.0,23.76,1
22500028,ORL,BOS,80.2,78.6,"('Jalen Suggs', 'Paolo Banchero')",5.466666666666666,1,19,12,5,3,5,3,2,1,2,4,11.76,12.0,4.0,0.0,0.0,6.0,3.0,2.0,0.0,6.0,23.76,1
22500028,ORL,BOS,80.2,78.6,"('Jalen Suggs', 'Wendell Carter Jr.')",5.466666666666666,1,19,12,5,3,5,3,2,1,2,4,11.76,12.0,4.0,0.0,0.0,6.0,3.0,2.0,0.0,6.0,23.76,1
22500028,ORL,BOS,80.2,78.6,"('Paolo Banchero', 'Wendell Carter Jr.')",5.466666666666666,1,19,12,5,3,5,3,2,1,2,4,11.76,12.0,4.0,0.0,0.0,6.0,3.0,2.0,0.0,6.0,23.76,1
22500028,ORL,BOS,80.4,78.0,"('Anthony Black', 'Desmond Bane')",3.3999999999999995,1,14,8,4,4,5,2,0,2,1,2,8.440000000000001,8.0,2.0,5.0,5.0,4.0,0.0,0.0,3.0,2.0,16.44,1
22500028,ORL,BOS,80.4,78.0,"('Anthony Black', 'Goga Bitadze')",3.3999999999999995,1,14,8,4,4,5,2,0,2,1,2,8.440000000000001,8.0,2.0,5.0,5.0,4.0,0.0,0.0,3.0,2.0,16.44,1
22500028,ORL,BOS,80.4,78.0,"('Anthony Black', 'Paolo Banchero')",3.3999999999999995,1,14,8,4,4,5,2,0,2,1,2,8.440000000000001,8.0,2.0,5.0,5.0,4.0,0.0,0.0,3.0,2.0,16.44,1
22500028,ORL,BOS,80.4,78.0,"('Anthony Black', 'Tristan da Silva')",3.3999999999999995,1,14,8,4,4,5,2,0,2,1,2,8.440000000000001,8.0,2.0,5.0,5.0,4.0,0.0,0.0,3.0,2.0,16.44,1
22500028,ORL,BOS,80.4,78.0,"('Desmond Bane', 'Goga Bitadze')",3.3999999999999995,1,14,8,4,4,5,2,0,2,1,2,8.440000000000001,8.0,2.0,5.0,5.0,4.0,0.0,0.0,3.0,2.0,16.44,1
22500028,ORL,BOS,80.4,78.0,"('Desmond Bane', 'Paolo Banchero')",3.3999999999999995,1,14,8,4,4,5,2,0,2,1,2,8.440000000000001,8.0,2.0,5.0,5.0,4.0,0.0,0.0,3.0,2.0,16.44,1
22500028,ORL,BOS,80.4,78.0,"('Desmond Bane', 'Tristan da Silva')",3.3999999999999995,1,14,8,4,4,5,2,0,2,1,2,8.440000000000001,8.0,2.0,5.0,5.0,4.0,0.0,0.0,3.0,2.0,16.44,1
22500028,ORL,BOS,80.4,78.0,"('Goga Bitadze', 'Paolo Banchero')",3.3999999999999995,1,14,8,4,4,5,2,0,2,1,2,8.440000000000001,8.0,2.0,5.0,5.0,4.0,0.0,0.0,3.0,2.0,16.44,1
22500028,ORL,BOS,80.4,78.0,"('Goga Bitadze', 'Tristan da Silva')",3.3999999999999995,1,14,8,4,4,5,2,0,2,1,2,8.440000000000001,8.0,2.0,5.0,5.0,4.0,0.0,0.0,3.0,2.0,16.44,1
22500028,ORL,BOS,80.4,78.0,"('Paolo Banchero', 'Tristan da Silva')",3.3999999999999995,1,14,8,4,4,5,2,0,2,1,2,8.440000000000001,8.0,2.0,5.0,5.0,4.0,0.0,0.0,3.0,2.0,16.44,1
22500028,ORL,BOS,80.4,78.0,"('Anthony Black', 'Franz Wagner')",1.6316666666666666,1,4,3,2,1,1,0,1,0,1,0,3.44,3.44,0.0,0.0,0.0,0.0,2.0,0.0,0.0,2.0,6.88,1
22500028,ORL,BOS,80.4,78.0,"('Anthony Black', 'Jalen Suggs')",1.6316666666666666,1,4,3,2,1,1,0,1,0,1,0,3.44,3.44,0.0,0.0,0.0,0.0,2.0,0.0,0.0,2.0,6.88,1
22500028,ORL,BOS,80.4,78.0,"('Anthony Black', 'Jonathan Isaac')",1.6316666666666666,1,4,3,2,1,1,0,1,0,1,0,3.44,3.44,0.0,0.0,0.0,0.0,2.0,0.0,0.0,2.0,6.88,1
22500028,ORL,BOS,80.4,78.0,"('Anthony Black', 'Wendell Carter Jr.')",1.6316666666666666,1,4,3,2,1,1,0,1,0,1,0,3.44,3.44,0.0,0.0,0.0,0.0,2.0,0.0,0.0,2.0,6.88,1
22500028,ORL,BOS,80.4,78.0,"('Franz Wagner', 'Jalen Suggs')",1.6316666666666666,1,4,3,2,1,1,0,1,0,1,0,3.44,3.44,0.0,0.0,0.0,0.0,2.0,0.0,0.0,2.0,6.88,1
22500028,ORL,BOS,80.4,78.0,"('Franz Wagner', 'Jonathan Isaac')",1.6316666666666666,1,4,3,2,1,1,0,1,0,1,0,3.44,3.44,0.0,0.0,0.0,0.0,2.0,0.0,0.0,2.0,6.88,1
22500028,ORL,BOS,80.4,78.0,"('Franz Wagner', 'Wendell Carter Jr.')",1.6316666666666666,1,4,3,2,1,1,0,1,0,1,0,3.44,3.44,0.0,0.0,0.0,0.0,2.0,0.0,0.0,2.0,6.88,1
22500028,ORL,BOS,80.4,78.0,"('Jalen Suggs', 'Jonathan Isaac')",1.6316666666666666,1,4,3,2,1,1,0,1,0,1,0,3.44,3.44,0.0,0.0,0.0,0.0,2.0,0.0,0.0,2.0,6.88,1
22500028,ORL,BOS,80.4,78.0,"('Jalen Suggs', 'Wendell Carter Jr.')",1.6316666666666666,1,4,3,2,1,1,0,1,0,1,0,3.44,3.44,0.0,0.0,0.0,0.0,2.0,0.0,0.0,2.0,6.88,1
22500028,ORL,BOS,80.4,78.0,"('Jonathan Isaac', 'Wendell Carter Jr.')",1.6316666666666666,1,4,3,2,1,1,0,1,0,1,0,3.44,3.44,0.0,0.0,0.0,0.0,2.0,0.0,0.0,2.0,6.88,1
22500028,ORL,BOS,79.4,79.2,"('Desmond Bane', 'Franz Wagner')",1.4166666666666663,2,0,1,2,1,0,0,2,0,1,0,3.0,2.44,0.0,0.0,0.0,0.0,0.0,0.0,0.0,0.0,5.44,1
22500028,ORL,BOS,79.4,79.2,"('Desmond Bane', 'Goga Bitadze')",1.4166666666666663,2,0,1,2,1,0,0,2,0,1,0,3.0,2.44,0.0,0.0,0.0,0.0,0.0,0.0,0.0,0.0,5.44,1
22500028,ORL,BOS,79.4,79.2,"('Desmond Bane', 'Paolo Banchero')",1.4166666666666663,2,0,1,2,1,0,0,2,0,1,0,3.0,2.44,0.0,0.0,0.0,0.0,0.0,0.0,0.0,0.0,5.44,1
22500028,ORL,BOS,79.4,79.2,"('Desmond Bane', 'Tyus Jones')",1.4166666666666663,2,0,1,2,1,0,0,2,0,1,0,3.0,2.44,0.0,0.0,0.0,0.0,0.0,0.0,0.0,0.0,5.44,1
22500028,ORL,BOS,79.4,79.2,"('Franz Wagner', 'Goga Bitadze')",1.4166666666666663,2,0,1,2,1,0,0,2,0,1,0,3.0,2.44,0.0,0.0,0.0,0.0,0.0,0.0,0.0,0.0,5.44,1
22500028,ORL,BOS,79.4,79.2,"('Franz Wagner', 'Paolo Banchero')",1.4166666666666663,2,0,1,2,1,0,0,2,0,1,0,3.0,2.44,0.0,0.0,0.0,0.0,0.0,0.0,0.0,0.0,5.44,1
22500028,ORL,BOS,79.4,79.2,"('Franz Wagner', 'Tyus Jones')",1.4166666666666663,2,0,1,2,1,0,0,2,0,1,0,3.0,2.44,0.0,0.0,0.0,0.0,0.0,0.0,0.0,0.0,5.44,1
22500028,ORL,BOS,79.4,79.2,"('Goga Bitadze', 'Paolo Banchero')",1.4166666666666663,2,0,1,2,1,0,0,2,0,1,0,3.0,2.44,0.0,0.0,0.0,0.0,0.0,0.0,0.0,0.0,5.44,1
22500028,ORL,BOS,79.4,79.2,"('Goga Bitadze', 'Tyus Jones')",1.4166666666666663,2,0,1,2,1,0,0,2,0,1,0,3.0,2.44,0.0,0.0,0.0,0.0,0.0,0.0,0.0,0.0,5.44,1
22500028,ORL,BOS,79.4,79.2,"('Paolo Banchero', 'Tyus Jones')",1.4166666666666663,2,0,1,2,1,0,0,2,0,1,0,3.0,2.44,0.0,0.0,0.0,0.0,0.0,0.0,0.0,0.0,5.44,1
22500028,ORL,BOS,80.6,78.0,"('Anthony Black', 'Desmond Bane')",4.371666666666666,2,8,10,6,3,2,2,2,1,0,2,7.88,10.0,0.0,0.0,2.0,6.0,0.0,0.0,3.0,4.0,17.88,1
22500028,ORL,BOS,80.6,78.0,"('Anthony Black', 'Franz Wagner')",4.371666666666666,2,8,10,6,3,2,2,2,1,0,2,7.88,10.0,0.0,0.0,2.0,6.0,0.0,0.0,3.0,4.0,17.88,1
22500028,ORL,BOS,80.6,78.0,"('Anthony Black', 'Paolo Banchero')",4.371666666666666,2,8,10,6,3,2,2,2,1,0,2,7.88,10.0,0.0,0.0,2.0,6.0,0.0,0.0,3.0,4.0,17.88,1
22500028,ORL,BOS,80.6,78.0,"('Anthony Black', 'Wendell Carter Jr.')",4.371666666666666,2,8,10,6,3,2,2,2,1,0,2,7.88,10.0,0.0,0.0,2.0,6.0,0.0,0.0,3.0,4.0,17.88,1
22500028,ORL,BOS,80.6,78.0,"('Desmond Bane', 'Franz Wagner')",4.371666666666666,2,8,10,6,3,2,2,2,1,0,2,7.88,10.0,0.0,0.0,2.0,6.0,0.0,0.0,3.0,4.0,17.88,1
22500028,ORL,BOS,80.6,78.0,"('Desmond Bane', 'Paolo Banchero')",4.371666666666666,2,8,10,6,3,2,2,2,1,0,2,7.88,10.0,0.0,0.0,2.0,6.0,0.0,0.0,3.0,4.0,17.88,1
22500028,ORL,BOS,80.6,78.0,"('Desmond Bane', 'Wendell Carter Jr.')",4.371666666666666,2,8,10,6,3,2,2,2,1,0,2,7.88,10.0,0.0,0.0,2.0,6.0,0.0,0.0,3.0,4.0,17.88,1
22500028,ORL,BOS,80.6,78.0,"('Franz Wagner', 'Paolo Banchero')",4.371666666666666,2,8,10,6,3,2,2,2,1,0,2,7.88,10.0,0.0,0.0,2.0,6.0,0.0,0.0,3.0,4.0,17.88,1
22500028,ORL,BOS,80.6,78.0,"('Franz Wagner', 'Wendell Carter Jr.')",4.371666666666666,2,8,10,6,3,2,2,2,1,0,2,7.88,10.0,0.0,0.0,2.0,6.0,0.0,0.0,3.0,4.0,17.88,1
22500028,ORL,BOS,80.6,78.0,"('Paolo Banchero', 'Wendell Carter Jr.')",4.371666666666666,2,8,10,6,3,2,2,2,1,0,2,7.88,10.0,0.0,0.0,2.0,6.0,0.0,0.0,3.0,4.0,17.88,1
22500028,ORL,BOS,79.6,79.2,"('Anthony Black', 'Franz Wagner')",2.833333333333333,2,5,11,1,3,1,4,1,1,2,1,5.0,6.0,0.0,3.0,2.0,0.0,2.0,2.0,0.0,6.0,11.0,1
22500028,ORL,BOS,79.6,79.2,"('Anthony Black', 'Goga Bitadze')",2.833333333333333,2,5,11,1,3,1,4,1,1,2,1,5.0,6.0,0.0,3.0,2.0,0.0,2.0,2.0,0.0,6.0,11.0,1
22500028,ORL,BOS,79.6,79.2,"('Anthony Black', 'Jonathan Isaac')",2.833333333333333,2,5,11,1,3,1,4,1,1,2,1,5.0,6.0,0.0,3.0,2.0,0.0,2.0,2.0,0.0,6.0,11.0,1
22500028,ORL,BOS,79.6,79.2,"('Anthony Black', 'Tyus Jones')",2.833333333333333,2,5,11,1,3,1,4,1,1,2,1,5.0,6.0,0.0,3.0,2.0,0.0,2.0,2.0,0.0,6.0,11.0,1
22500028,ORL,BOS,79.6,79.2,"('Franz Wagner', 'Goga Bitadze')",2.833333333333333,2,5,11,1,3,1,4,1,1,2,1,5.0,6.0,0.0,3.0,2.0,0.0,2.0,2.0,0.0,6.0,11.0,1
22500028,ORL,BOS,79.6,79.2,"('Franz Wagner', 'Jonathan Isaac')",2.833333333333333,2,5,11,1,3,1,4,1,1,2,1,5.0,6.0,0.0,3.0,2.0,0.0,2.0,2.0,0.0,6.0,11.0,1
22500028,ORL,BOS,79.6,79.2,"('Franz Wagner', 'Tyus Jones')",2.833333333333333,2,5,11,1,3,1,4,1,1,2,1,5.0,6.0,0.0,3.0,2.0,0.0,2.0,2.0,0.0,6.0,11.0,1
22500028,ORL,BOS,79.6,79.2,"('Goga Bitadze', 'Jonathan Isaac')",2.833333333333333,2,5,11,1,3,1,4,1,1,2,1,5.0,6.0,0.0,3.0,2.0,0.0,2.0,2.0,0.0,6.0,11.0,1
22500028,ORL,BOS,79.6,79.2,"('Goga Bitadze', 'Tyus Jones')",2.833333333333333,2,5,11,1,3,1,4,1,1,2,1,5.0,6.0,0.0,3.0,2.0,0.0,2.0,2.0,0.0,6.0,11.0,1
22500028,ORL,BOS,79.6,79.2,"('Jonathan Isaac', 'Tyus Jones')",2.833333333333333,2,5,11,1,3,1,4,1,1,2,1,5.0,6.0,0.0,3.0,2.0,0.0,2.0,2.0,0.0,6.0,11.0,1
22500028,ORL,BOS,79.8,78.6,"('Desmond Bane', 'Jalen Suggs')",1.7,2,8,1,3,0,3,0,1,1,0,2,4.44,4.44,0.0,2.0,3.0,4.0,0.0,0.0,0.0,0.0,8.88,1
22500028,ORL,BOS,79.8,78.6,"('Desmond Bane', 'Paolo Banchero')",1.7,2,8,1,3,0,3,0,1,1,0,2,4.44,4.44,0.0,2.0,3.0,4.0,0.0,0.0,0.0,0.0,8.88,1
22500028,ORL,BOS,79.8,78.6,"('Desmond Bane', 'Tristan da Silva')",1.7,2,8,1,3,0,3,0,1,1,0,2,4.44,4.44,0.0,2.0,3.0,4.0,0.0,0.0,0.0,0.0,8.88,1
22500028,ORL,BOS,79.8,78.6,"('Desmond Bane', 'Wendell Carter Jr.')",1.7,2,8,1,3,0,3,0,1,1,0,2,4.44,4.44,0.0,2.0,3.0,4.0,0.0,0.0,0.0,0.0,8.88,1
22500028,ORL,BOS,79.8,78.6,"('Jalen Suggs', 'Paolo Banchero')",1.7,2,8,1,3,0,3,0,1,1,0,2,4.44,4.44,0.0,2.0,3.0,4.0,0.0,0.0,0.0,0.0,8.88,1
22500028,ORL,BOS,79.8,78.6,"('Jalen Suggs', 'Tristan da Silva')",1.7,2,8,1,3,0,3,0,1,1,0,2,4.44,4.44,0.0,2.0,3.0,4.0,0.0,0.0,0.0,0.0,8.88,1
22500028,ORL,BOS,79.8,78.6,"('Jalen Suggs', 'Wendell Carter Jr.')",1.7,2,8,1,3,0,3,0,1,1,0,2,4.44,4.44,0.0,2.0,3.0,4.0,0.0,0.0,0.0,0.0,8.88,1
22500028,ORL,BOS,79.8,78.6,"('Paolo Banchero', 'Tristan da Silva')",1.7,2,8,1,3,0,3,0,1,1,0,2,4.44,4.44,0.0,2.0,3.0,4.0,0.0,0.0,0.0,0.0,8.88,1
22500028,ORL,BOS,79.8,78.6,"('Paolo Banchero', 'Wendell Carter Jr.')",1.7,2,8,1,3,0,3,0,1,1,0,2,4.44,4.44,0.0,2.0,3.0,4.0,0.0,0.0,0.0,0.0,8.88,1
22500028,ORL,BOS,79.8,78.6,"('Tristan da Silva', 'Wendell Carter Jr.')",1.7,2,8,1,3,0,3,0,1,1,0,2,4.44,4.44,0.0,2.0,3.0,4.0,0.0,0.0,0.0,0.0,8.88,1
22500028,ORL,BOS,80.0,79.2,"('Desmond Bane', 'Goga Bitadze')",0.5166666666666666,2,0,1,2,2,0,0,1,0,2,0,1.0,2.44,0.0,0.0,0.0,0.0,0.0,0.0,0.0,0.0,3.44,1
22500028,ORL,BOS,80.0,79.2,"('Desmond Bane', 'Jalen Suggs')",0.5166666666666666,2,0,1,2,2,0,0,1,0,2,0,1.0,2.44,0.0,0.0,0.0,0.0,0.0,0.0,0.0,0.0,3.44,1
22500028,ORL,BOS,80.0,79.2,"('Desmond Bane', 'Paolo Banchero')",0.5166666666666666,2,0,1,2,2,0,0,1,0,2,0,1.0,2.44,0.0,0.0,0.0,0.0,0.0,0.0,0.0,0.0,3.44,1
22500028,ORL,BOS,80.0,79.2,"('Desmond Bane', 'Tristan da Silva')",0.5166666666666666,2,0,1,2,2,0,0,1,0,2,0,1.0,2.44,0.0,0.0,0.0,0.0,0.0,0.0,0.0,0.0,3.44,1
22500028,ORL,BOS,80.0,79.2,"('Goga Bitadze', 'Jalen Suggs')",0.5166666666666666,2,0,1,2,2,0,0,1,0,2,0,1.0,2.44,0.0,0.0,0.0,0.0,0.0,0.0,0.0,0.0,3.44,1
22500028,ORL,BOS,80.0,79.2,"('Goga Bitadze', 'Paolo Banchero')",0.5166666666666666,2,0,1,2,2,0,0,1,0,2,0,1.0,2.44,0.0,0.0,0.0,0.0,0.0,0.0,0.0,0.0,3.44,1
22500028,ORL,BOS,80.0,79.2,"('Goga Bitadze', 'Tristan da Silva')",0.5166666666666666,2,0,1,2,2,0,0,1,0,2,0,1.0,2.44,0.0,0.0,0.0,0.0,0.0,0.0,0.0,0.0,3.44,1
22500028,ORL,BOS,80.0,79.2,"('Jalen Suggs', 'Paolo Banchero')",0.5166666666666666,2,0,1,2,2,0,0,1,0,2,0,1.0,2.44,0.0,0.0,0.0,0.0,0.0,0.0,0.0,0.0,3.44,1
22500028,ORL,BOS,80.0,79.2,"('Jalen Suggs', 'Tristan da Silva')",0.5166666666666666,2,0,1,2,2,0,0,1,0,2,0,1.0,2.44,0.0,0.0,0.0,0.0,0.0,0.0,0.0,0.0,3.44,1
22500028,ORL,BOS,80.0,79.2,"('Paolo Banchero', 'Tristan da Silva')",0.5166666666666666,2,0,1,2,2,0,0,1,0,2,0,1.0,2.44,0.0,0.0,0.0,0.0,0.0,0.0,0.0,0.0,3.44,1
22500028,ORL,BOS,80.2,77.6,"('Desmond Bane', 'Franz Wagner')",0.9166666666666669,2,0,2,0,1,0,0,1,0,0,0,2.0,2.0,0.0,0.0,0.0,0.0,2.0,0.0,2.0,2.0,4.0,1
22500028,ORL,BOS,80.2,77.6,"('Desmond Bane', 'Jalen Suggs')",0.9166666666666669,2,0,2,0,1,0,0,1,0,0,0,2.0,2.0,0.0,0.0,0.0,0.0,2.0,0.0,2.0,2.0,4.0,1
22500028,ORL,BOS,80.2,77.6,"('Desmond Bane', 'Paolo Banchero')",0.9166666666666669,2,0,2,0,1,0,0,1,0,0,0,2.0,2.0,0.0,0.0,0.0,0.0,2.0,0.0,2.0,2.0,4.0,1
22500028,ORL,BOS,80.2,77.6,"('Desmond Bane', 'Wendell Carter Jr.')",0.9166666666666669,2,0,2,0,1,0,0,1,0,0,0,2.0,2.0,0.0,0.0,0.0,0.0,2.0,0.0,2.0,2.0,4.0,1
22500028,ORL,BOS,80.2,77.6,"('Franz Wagner', 'Jalen Suggs')",0.9166666666666669,2,0,2,0,1,0,0,1,0,0,0,2.0,2.0,0.0,0.0,0.0,0.0,2.0,0.0,2.0,2.0,4.0,1
22500028,ORL,BOS,80.2,77.6,"('Franz Wagner', 'Paolo Banchero')",0.9166666666666669,2,0,2,0,1,0,0,1,0,0,0,2.0,2.0,0.0,0.0,0.0,0.0,2.0,0.0,2.0,2.0,4.0,1
22500028,ORL,BOS,80.2,77.6,"('Franz Wagner', 'Wendell Carter Jr.')",0.9166666666666669,2,0,2,0,1,0,0,1,0,0,0,2.0,2.0,0.0,0.0,0.0,0.0,2.0,0.0,2.0,2.0,4.0,1
22500028,ORL,BOS,80.2,77.6,"('Jalen Suggs', 'Paolo Banchero')",0.9166666666666669,2,0,2,0,1,0,0,1,0,0,0,2.0,2.0,0.0,0.0,0.0,0.0,2.0,0.0,2.0,2.0,4.0,1
22500028,ORL,BOS,80.2,77.6,"('Jalen Suggs', 'Wendell Carter Jr.')",0.9166666666666669,2,0,2,0,1,0,0,1,0,0,0,2.0,2.0,0.0,0.0,0.0,0.0,2.0,0.0,2.0,2.0,4.0,1
22500028,ORL,BOS,80.2,77.6,"('Paolo Banchero', 'Wendell Carter Jr.')",0.9166666666666669,2,0,2,0,1,0,0,1,0,0,0,2.0,2.0,0.0,0.0,0.0,0.0,2.0,0.0,2.0,2.0,4.0,1
22500028,ORL,BOS,80.4,77.4,"('Anthony Black', 'Desmond Bane')",4.499999999999999,3,11,10,4,4,1,1,0,0,1,2,8.879999999999999,9.0,0.0,0.0,0.0,4.0,0.0,2.0,0.0,8.0,17.88,1
22500028,ORL,BOS,80.4,77.4,"('Anthony Black', 'Goga Bitadze')",4.499999999999999,3,11,10,4,4,1,1,0,0,1,2,8.879999999999999,9.0,0.0,0.0,0.0,4.0,0.0,2.0,0.0,8.0,17.88,1
22500028,ORL,BOS,80.4,77.4,"('Anthony Black', 'Paolo Banchero')",4.499999999999999,3,11,10,4,4,1,1,0,0,1,2,8.879999999999999,9.0,0.0,0.0,0.0,4.0,0.0,2.0,0.0,8.0,17.88,1
22500028,ORL,BOS,80.4,77.4,"('Anthony Black', 'Tristan da Silva')",4.499999999999999,3,11,10,4,4,1,1,0,0,1,2,8.879999999999999,9.0,0.0,0.0,0.0,4.0,0.0,2.0,0.0,8.0,17.88,1
22500028,ORL,BOS,80.4,77.4,"('Desmond Bane', 'Goga Bitadze')",4.499999999999999,3,11,10,4,4,1,1,0,0,1,2,8.879999999999999,9.0,0.0,0.0,0.0,4.0,0.0,2.0,0.0,8.0,17.88,1
22500028,ORL,BOS,80.4,77.4,"('Desmond Bane', 'Paolo Banchero')",4.499999999999999,3,11,10,4,4,1,1,0,0,1,2,8.879999999999999,9.0,0.0,0.0,0.0,4.0,0.0,2.0,0.0,8.0,17.88,1
22500028,ORL,BOS,80.4,77.4,"('Desmond Bane', 'Tristan da Silva')",4.499999999999999,3,11,10,4,4,1,1,0,0,1,2,8.879999999999999,9.0,0.0,0.0,0.0,4.0,0.0,2.0,0.0,8.0,17.88,1
22500028,ORL,BOS,80.4,77.4,"('Goga Bitadze', 'Paolo Banchero')",4.499999999999999,3,11,10,4,4,1,1,0,0,1,2,8.879999999999999,9.0,0.0,0.0,0.0,4.0,0.0,2.0,0.0,8.0,17.88,1
22500028,ORL,BOS,80.4,77.4,"('Goga Bitadze', 'Tristan da Silva')",4.499999999999999,3,11,10,4,4,1,1,0,0,1,2,8.879999999999999,9.0,0.0,0.0,0.0,4.0,0.0,2.0,0.0,8.0,17.88,1
22500028,ORL,BOS,80.4,77.4,"('Paolo Banchero', 'Tristan da Silva')",4.499999999999999,3,11,10,4,4,1,1,0,0,1,2,8.879999999999999,9.0,0.0,0.0,0.0,4.0,0.0,2.0,0.0,8.0,17.88,1
22500028,ORL,BOS,79.6,77.4,"('Anthony Black', 'Desmond Bane')",1.4833333333333334,4,9,8,2,0,1,2,0,0,2,1,3.88,7.32,0.0,0.0,2.0,4.0,0.0,0.0,3.0,2.0,11.2,1
22500028,ORL,BOS,79.6,77.4,"('Anthony Black', 'Franz Wagner')",1.4833333333333334,4,9,8,2,0,1,2,0,0,2,1,3.88,7.32,0.0,0.0,2.0,4.0,0.0,0.0,3.0,2.0,11.2,1
22500028,ORL,BOS,79.6,77.4,"('Anthony Black', 'Jalen Suggs')",1.4833333333333334,4,9,8,2,0,1,2,0,0,2,1,3.88,7.32,0.0,0.0,2.0,4.0,0.0,0.0,3.0,2.0,11.2,1
22500028,ORL,BOS,79.6,77.4,"('Anthony Black', 'Paolo Banchero')",1.4833333333333334,4,9,8,2,0,1,2,0,0,2,1,3.88,7.32,0.0,0.0,2.0,4.0,0.0,0.0,3.0,2.0,11.2,1
22500028,ORL,BOS,79.6,77.4,"('Desmond Bane', 'Franz Wagner')",1.4833333333333334,4,9,8,2,0,1,2,0,0,2,1,3.88,7.32,0.0,0.0,2.0,4.0,0.0,0.0,3.0,2.0,11.2,1
22500028,ORL,BOS,79.6,77.4,"('Desmond Bane', 'Jalen Suggs')",1.4833333333333334,4,9,8,2,0,1,2,0,0,2,1,3.88,7.32,0.0,0.0,2.0,4.0,0.0,0.0,3.0,2.0,11.2,1
22500028,ORL,BOS,79.6,77.4,"('Desmond Bane', 'Paolo Banchero')",1.4833333333333334,4,9,8,2,0,1,2,0,0,2,1,3.88,7.32,0.0,0.0,2.0,4.0,0.0,0.0,3.0,2.0,11.2,1
22500028,ORL,BOS,79.6,77.4,"('Franz Wagner', 'Jalen Suggs')",1.4833333333333334,4,9,8,2,0,1,2,0,0,2,1,3.88,7.32,0.0,0.0,2.0,4.0,0.0,0.0,3.0,2.0,11.2,1
22500028,ORL,BOS,79.6,77.4,"('Franz Wagner', 'Paolo Banchero')",1.4833333333333334,4,9,8,2,0,1,2,0,0,2,1,3.88,7.32,0.0,0.0,2.0,4.0,0.0,0.0,3.0,2.0,11.2,1
22500028,ORL,BOS,79.6,77.4,"('Jalen Suggs', 'Paolo Banchero')",1.4833333333333334,4,9,8,2,0,1,2,0,0,2,1,3.88,7.32,0.0,0.0,2.0,4.0,0.0,0.0,3.0,2.0,11.2,1
22500028,ORL,BOS,80.0,77.8,"('Anthony Black', 'Franz Wagner')",1.9666666666666663,3,3,4,1,2,1,1,0,0,1,1,4.0,3.88,0.0,0.0,0.0,0.0,0.0,0.0,0.0,2.0,7.88,1
22500028,ORL,BOS,80.0,77.8,"('Anthony Black', 'Jalen Suggs')",1.9666666666666663,3,3,4,1,2,1,1,0,0,1,1,4.0,3.88,0.0,0.0,0.0,0.0,0.0,0.0,0.0,2.0,7.88,1
22500028,ORL,BOS,80.0,77.8,"('Anthony Black', 'Tristan da Silva')",1.9666666666666663,3,3,4,1,2,1,1,0,0,1,1,4.0,3.88,0.0,0.0,0.0,0.0,0.0,0.0,0.0,2.0,7.88,1
22500028,ORL,BOS,80.0,77.8,"('Anthony Black', 'Wendell Carter Jr.')",1.9666666666666663,3,3,4,1,2,1,1,0,0,1,1,4.0,3.88,0.0,0.0,0.0,0.0,0.0,0.0,0.0,2.0,7.88,1
22500028,ORL,BOS,80.0,77.8,"('Franz Wagner', 'Jalen Suggs')",1.9666666666666663,3,3,4,1,2,1,1,0,0,1,1,4.0,3.88,0.0,0.0,0.0,0.0,0.0,0.0,0.0,2.0,7.88,1
22500028,ORL,BOS,80.0,77.8,"('Franz Wagner', 'Tristan da Silva')",1.9666666666666663,3,3,4,1,2,1,1,0,0,1,1,4.0,3.88,0.0,0.0,0.0,0.0,0.0,0.0,0.0,2.0,7.88,1
22500028,ORL,BOS,80.0,77.8,"('Franz Wagner', 'Wendell Carter Jr.')",1.9666666666666663,3,3,4,1,2,1,1,0,0,1,1,4.0,3.88,0.0,0.0,0.0,0.0,0.0,0.0,0.0,2.0,7.88,1
22500028,ORL,BOS,80.0,77.8,"('Jalen Suggs', 'Tristan da Silva')",1.9666666666666663,3,3,4,1,2,1,1,0,0,1,1,4.0,3.88,0.0,0.0,0.0,0.0,0.0,0.0,0.0,2.0,7.88,1
22500028,ORL,BOS,80.0,77.8,"('Jalen Suggs', 'Wendell Carter Jr.')",1.9666666666666663,3,3,4,1,2,1,1,0,0,1,1,4.0,3.88,0.0,0.0,0.0,0.0,0.0,0.0,0.0,2.0,7.88,1
22500028,ORL,BOS,80.0,77.8,"('Tristan da Silva', 'Wendell Carter Jr.')",1.9666666666666663,3,3,4,1,2,1,1,0,0,1,1,4.0,3.88,0.0,0.0,0.0,0.0,0.0,0.0,0.0,2.0,7.88,1
22500028,ORL,BOS,79.0,77.4,"('Anthony Black', 'Franz Wagner')",3.6833333333333327,4,7,11,2,3,1,2,0,0,0,4,6.44,5.0,0.0,0.0,0.0,6.0,0.0,0.0,3.0,0.0,11.44,1
22500028,ORL,BOS,79.0,77.4,"('Anthony Black', 'Tristan da Silva')",3.6833333333333327,4,7,11,2,3,1,2,0,0,0,4,6.44,5.0,0.0,0.0,0.0,6.0,0.0,0.0,3.0,0.0,11.44,1
22500028,ORL,BOS,79.0,77.4,"('Anthony Black', 'Tyus Jones')",3.6833333333333327,4,7,11,2,3,1,2,0,0,0,4,6.44,5.0,0.0,0.0,0.0,6.0,0.0,0.0,3.0,0.0,11.44,1
22500028,ORL,BOS,79.0,77.4,"('Anthony Black', 'Wendell Carter Jr.')",3.6833333333333327,4,7,11,2,3,1,2,0,0,0,4,6.44,5.0,0.0,0.0,0.0,6.0,0.0,0.0,3.0,0.0,11.44,1
22500028,ORL,BOS,79.0,77.4,"('Franz Wagner', 'Tristan da Silva')",3.6833333333333327,4,7,11,2,3,1,2,0,0,0,4,6.44,5.0,0.0,0.0,0.0,6.0,0.0,0.0,3.0,0.0,11.44,1
22500028,ORL,BOS,79.0,77.4,"('Franz Wagner', 'Tyus Jones')",3.6833333333333327,4,7,11,2,3,1,2,0,0,0,4,6.44,5.0,0.0,0.0,0.0,6.0,0.0,0.0,3.0,0.0,11.44,1
22500028,ORL,BOS,79.0,77.4,"('Franz Wagner', 'Wendell Carter Jr.')",3.6833333333333327,4,7,11,2,3,1,2,0,0,0,4,6.44,5.0,0.0,0.0,0.0,6.0,0.0,0.0,3.0,0.0,11.44,1
22500028,ORL,BOS,79.0,77.4,"('Tristan da Silva', 'Tyus Jones')",3.6833333333333327,4,7,11,2,3,1,2,0,0,0,4,6.44,5.0,0.0,0.0,0.0,6.0,0.0,0.0,3.0,0.0,11.44,1
22500028,ORL,BOS,79.0,77.4,"('Tristan da Silva', 'Wendell Carter Jr.')",3.6833333333333327,4,7,11,2,3,1,2,0,0,0,4,6.44,5.0,0.0,0.0,0.0,6.0,0.0,0.0,3.0,0.0,11.44,1
22500028,ORL,BOS,79.0,77.4,"('Tyus Jones', 'Wendell Carter Jr.')",3.6833333333333327,4,7,11,2,3,1,2,0,0,0,4,6.44,5.0,0.0,0.0,0.0,6.0,0.0,0.0,3.0,0.0,11.44,1
22500028,ORL,BOS,80.2,78.2,"('Desmond Bane', 'Franz Wagner')",5.133333333333334,3,11,15,4,6,4,4,3,1,3,1,12.44,11.88,0.0,0.0,0.0,4.0,3.0,3.0,0.0,4.0,24.32,1
22500028,ORL,BOS,80.2,78.2,"('Desmond Bane', 'Jalen Suggs')",5.133333333333334,3,11,15,4,6,4,4,3,1,3,1,12.44,11.88,0.0,0.0,0.0,4.0,3.0,3.0,0.0,4.0,24.32,1
22500028,ORL,BOS,80.2,78.2,"('Desmond Bane', 'Paolo Banchero')",5.133333333333334,3,11,15,4,6,4,4,3,1,3,1,12.44,11.88,0.0,0.0,0.0,4.0,3.0,3.0,0.0,4.0,24.32,1
22500028,ORL,BOS,80.2,78.2,"('Desmond Bane', 'Wendell Carter Jr.')",5.133333333333334,3,11,15,4,6,4,4,3,1,3,1,12.44,11.88,0.0,0.0,0.0,4.0,3.0,3.0,0.0,4.0,24.32,1
22500028,ORL,BOS,80.2,78.2,"('Franz Wagner', 'Jalen Suggs')",5.133333333333334,3,11,15,4,6,4,4,3,1,3,1,12.44,11.88,0.0,0.0,0.0,4.0,3.0,3.0,0.0,4.0,24.32,1
22500028,ORL,BOS,80.2,78.2,"('Franz Wagner', 'Paolo Banchero')",5.133333333333334,3,11,15,4,6,4,4,3,1,3,1,12.44,11.88,0.0,0.0,0.0,4.0,3.0,3.0,0.0,4.0,24.32,1
22500028,ORL,BOS,80.2,78.2,"('Franz Wagner', 'Wendell Carter Jr.')",5.133333333333334,3,11,15,4,6,4,4,3,1,3,1,12.44,11.88,0.0,0.0,0.0,4.0,3.0,3.0,0.0,4.0,24.32,1
22500028,ORL,BOS,80.2,78.2,"('Jalen Suggs', 'Paolo Banchero')",5.133333333333334,3,11,15,4,6,4,4,3,1,3,1,12.44,11.88,0.0,0.0,0.0,4.0,3.0,3.0,0.0,4.0,24.32,1
22500028,ORL,BOS,80.2,78.2,"('Jalen Suggs', 'Wendell Carter Jr.')",5.133333333333334,3,11,15,4,6,4,4,3,1,3,1,12.44,11.88,0.0,0.0,0.0,4.0,3.0,3.0,0.0,4.0,24.32,1
22500028,ORL,BOS,80.2,78.2,"('Paolo Banchero', 'Wendell Carter Jr.')",5.133333333333334,3,11,15,4,6,4,4,3,1,3,1,12.44,11.88,0.0,0.0,0.0,4.0,3.0,3.0,0.0,4.0,24.32,1
22500028,ORL,BOS,80.0,77.8,"('Anthony Black', 'Jalen Suggs')",0.35,3,0,0,0,1,0,0,0,1,0,0,1.0,1.0,0.0,0.0,0.0,0.0,0.0,0.0,0.0,0.0,2.0,1
22500028,ORL,BOS,80.0,77.8,"('Anthony Black', 'Paolo Banchero')",0.35,3,0,0,0,1,0,0,0,1,0,0,1.0,1.0,0.0,0.0,0.0,0.0,0.0,0.0,0.0,0.0,2.0,1
22500028,ORL,BOS,80.0,77.8,"('Anthony Black', 'Tristan da Silva')",0.35,3,0,0,0,1,0,0,0,1,0,0,1.0,1.0,0.0,0.0,0.0,0.0,0.0,0.0,0.0,0.0,2.0,1
22500028,ORL,BOS,80.0,77.8,"('Anthony Black', 'Wendell Carter Jr.')",0.35,3,0,0,0,1,0,0,0,1,0,0,1.0,1.0,0.0,0.0,0.0,0.0,0.0,0.0,0.0,0.0,2.0,1
22500028,ORL,BOS,80.0,77.8,"('Jalen Suggs', 'Paolo Banchero')",0.35,3,0,0,0,1,0,0,0,1,0,0,1.0,1.0,0.0,0.0,0.0,0.0,0.0,0.0,0.0,0.0,2.0,1
22500028,ORL,BOS,80.0,77.8,"('Jalen Suggs', 'Tristan da Silva')",0.35,3,0,0,0,1,0,0,0,1,0,0,1.0,1.0,0.0,0.0,0.0,0.0,0.0,0.0,0.0,0.0,2.0,1
22500028,ORL,BOS,80.0,77.8,"('Jalen Suggs', 'Wendell Carter Jr.')",0.35,3,0,0,0,1,0,0,0,1,0,0,1.0,1.0,0.0,0.0,0.0,0.0,0.0,0.0,0.0,0.0,2.0,1
22500028,ORL,BOS,80.0,77.8,"('Paolo Banchero', 'Tristan da Silva')",0.35,3,0,0,0,1,0,0,0,1,0,0,1.0,1.0,0.0,0.0,0.0,0.0,0.0,0.0,0.0,0.0,2.0,1
22500028,ORL,BOS,80.0,77.8,"('Paolo Banchero', 'Wendell Carter Jr.')",0.35,3,0,0,0,1,0,0,0,1,0,0,1.0,1.0,0.0,0.0,0.0,0.0,0.0,0.0,0.0,0.0,2.0,1
22500028,ORL,BOS,80.0,77.8,"('Tristan da Silva', 'Wendell Carter Jr.')",0.35,3,0,0,0,1,0,0,0,1,0,0,1.0,1.0,0.0,0.0,0.0,0.0,0.0,0.0,0.0,0.0,2.0,1
22500028,ORL,BOS,80.6,76.2,"('Anthony Black', 'Desmond Bane')",4.0,4,16,9,0,6,2,4,1,4,1,5,10.64,9.0,2.0,4.0,0.0,4.0,2.0,0.0,0.0,6.0,19.64,1
22500028,ORL,BOS,80.6,76.2,"('Anthony Black', 'Franz Wagner')",4.0,4,16,9,0,6,2,4,1,4,1,5,10.64,9.0,2.0,4.0,0.0,4.0,2.0,0.0,0.0,6.0,19.64,1
22500028,ORL,BOS,80.6,76.2,"('Anthony Black', 'Paolo Banchero')",4.0,4,16,9,0,6,2,4,1,4,1,5,10.64,9.0,2.0,4.0,0.0,4.0,2.0,0.0,0.0,6.0,19.64,1
22500028,ORL,BOS,80.6,76.2,"('Anthony Black', 'Wendell Carter Jr.')",4.0,4,16,9,0,6,2,4,1,4,1,5,10.64,9.0,2.0,4.0,0.0,4.0,2.0,0.0,0.0,6.0,19.64,1
22500028,ORL,BOS,80.6,76.2,"('Desmond Bane', 'Franz Wagner')",4.0,4,16,9,0,6,2,4,1,4,1,5,10.64,9.0,2.0,4.0,0.0,4.0,2.0,0.0,0.0,6.0,19.64,1
22500028,ORL,BOS,80.6,76.2,"('Desmond Bane', 'Paolo Banchero')",4.0,4,16,9,0,6,2,4,1,4,1,5,10.64,9.0,2.0,4.0,0.0,4.0,2.0,0.0,0.0,6.0,19.64,1
22500028,ORL,BOS,80.6,76.2,"('Desmond Bane', 'Wendell Carter Jr.')",4.0,4,16,9,0,6,2,4,1,4,1,5,10.64,9.0,2.0,4.0,0.0,4.0,2.0,0.0,0.0,6.0,19.64,1
22500028,ORL,BOS,80.6,76.2,"('Franz Wagner', 'Paolo Banchero')",4.0,4,16,9,0,6,2,4,1,4,1,5,10.64,9.0,2.0,4.0,0.0,4.0,2.0,0.0,0.0,6.0,19.64,1
22500028,ORL,BOS,80.6,76.2,"('Franz Wagner', 'Wendell Carter Jr.')",4.0,4,16,9,0,6,2,4,1,4,1,5,10.64,9.0,2.0,4.0,0.0,4.0,2.0,0.0,0.0,6.0,19.64,1
22500028,ORL,BOS,80.6,76.2,"('Paolo Banchero', 'Wendell Carter Jr.')",4.0,4,16,9,0,6,2,4,1,4,1,5,10.64,9.0,2.0,4.0,0.0,4.0,2.0,0.0,0.0,6.0,19.64,1
22500028,ORL,BOS,80.8,78.2,"('Anthony Black', 'Desmond Bane')",2.5833333333333326,4,7,2,5,3,1,0,0,1,1,1,5.88,6.0,0.0,2.0,0.0,2.0,0.0,0.0,0.0,0.0,11.88,1
22500028,ORL,BOS,80.8,78.2,"('Anthony Black', 'Franz Wagner')",2.5833333333333326,4,7,2,5,3,1,0,0,1,1,1,5.88,6.0,0.0,2.0,0.0,2.0,0.0,0.0,0.0,0.0,11.88,1
22500028,ORL,BOS,80.8,78.2,"('Anthony Black', 'Goga Bitadze')",2.5833333333333326,4,7,2,5,3,1,0,0,1,1,1,5.88,6.0,0.0,2.0,0.0,2.0,0.0,0.0,0.0,0.0,11.88,1
22500028,ORL,BOS,80.8,78.2,"('Anthony Black', 'Paolo Banchero')",2.5833333333333326,4,7,2,5,3,1,0,0,1,1,1,5.88,6.0,0.0,2.0,0.0,2.0,0.0,0.0,0.0,0.0,11.88,1
22500028,ORL,BOS,80.8,78.2,"('Desmond Bane', 'Franz Wagner')",2.5833333333333326,4,7,2,5,3,1,0,0,1,1,1,5.88,6.0,0.0,2.0,0.0,2.0,0.0,0.0,0.0,0.0,11.88,1
22500028,ORL,BOS,80.8,78.2,"('Desmond Bane', 'Goga Bitadze')",2.5833333333333326,4,7,2,5,3,1,0,0,1,1,1,5.88,6.0,0.0,2.0,0.0,2.0,0.0,0.0,0.0,0.0,11.88,1
22500028,ORL,BOS,80.8,78.2,"('Desmond Bane', 'Paolo Banchero')",2.5833333333333326,4,7,2,5,3,1,0,0,1,1,1,5.88,6.0,0.0,2.0,0.0,2.0,0.0,0.0,0.0,0.0,11.88,1
22500028,ORL,BOS,80.8,78.2,"('Franz Wagner', 'Goga Bitadze')",2.5833333333333326,4,7,2,5,3,1,0,0,1,1,1,5.88,6.0,0.0,2.0,0.0,2.0,0.0,0.0,0.0,0.0,11.88,1
22500028,ORL,BOS,80.8,78.2,"('Franz Wagner', 'Paolo Banchero')",2.5833333333333326,4,7,2,5,3,1,0,0,1,1,1,5.88,6.0,0.0,2.0,0.0,2.0,0.0,0.0,0.0,0.0,11.88,1
22500028,ORL,BOS,80.8,78.2,"('Goga Bitadze', 'Paolo Banchero')",2.5833333333333326,4,7,2,5,3,1,0,0,1,1,1,5.88,6.0,0.0,2.0,0.0,2.0,0.0,0.0,0.0,0.0,11.88,1
22500040,ORL,BKN,79.8,80.6,"('Desmond Bane', 'Franz Wagner')",5.35,1,17,17,5,2,3,5,3,0,1,1,10.88,12.32,0.0,0.0,0.0,6.0,4.0,5.0,0.0,8.0,23.200000000000003,2
22500040,ORL,BKN,79.8,80.6,"('Desmond Bane', 'Jalen Suggs')",5.35,1,17,17,5,2,3,5,3,0,1,1,10.88,12.32,0.0,0.0,0.0,6.0,4.0,5.0,0.0,8.0,23.200000000000003,2
22500040,ORL,BKN,79.8,80.6,"('Desmond Bane', 'Tristan da Silva')",5.35,1,17,17,5,2,3,5,3,0,1,1,10.88,12.32,0.0,0.0,0.0,6.0,4.0,5.0,0.0,8.0,23.200000000000003,2
22500040,ORL,BKN,79.8,80.6,"('Desmond Bane', 'Wendell Carter Jr.')",5.35,1,17,17,5,2,3,5,3,0,1,1,10.88,12.32,0.0,0.0,0.0,6.0,4.0,5.0,0.0,8.0,23.200000000000003,2
22500040,ORL,BKN,79.8,80.6,"('Franz Wagner', 'Jalen Suggs')",5.35,1,17,17,5,2,3,5,3,0,1,1,10.88,12.32,0.0,0.0,0.0,6.0,4.0,5.0,0.0,8.0,23.200000000000003,2
22500040,ORL,BKN,79.8,80.6,"('Franz Wagner', 'Tristan da Silva')",5.35,1,17,17,5,2,3,5,3,0,1,1,10.88,12.32,0.0,0.0,0.0,6.0,4.0,5.0,0.0,8.0,23.200000000000003,2
22500040,ORL,BKN,79.8,80.6,"('Franz Wagner', 'Wendell Carter Jr.')",5.35,1,17,17,5,2,3,5,3,0,1,1,10.88,12.32,0.0,0.0,0.0,6.0,4.0,5.0,0.0,8.0,23.200000000000003,2
22500040,ORL,BKN,79.8,80.6,"('Jalen Suggs', 'Tristan da Silva')",5.35,1,17,17,5,2,3,5,3,0,1,1,10.88,12.32,0.0,0.0,0.0,6.0,4.0,5.0,0.0,8.0,23.200000000000003,2
22500040,ORL,BKN,79.8,80.6,"('Jalen Suggs', 'Wendell Carter Jr.')",5.35,1,17,17,5,2,3,5,3,0,1,1,10.88,12.32,0.0,0.0,0.0,6.0,4.0,5.0,0.0,8.0,23.200000000000003,2
22500040,ORL,BKN,79.8,80.6,"('Tristan da Silva', 'Wendell Carter Jr.')",5.35,1,17,17,5,2,3,5,3,0,1,1,10.88,12.32,0.0,0.0,0.0,6.0,4.0,5.0,0.0,8.0,23.200000000000003,2
22500040,ORL,BKN,78.6,80.0,"('Anthony Black', 'Desmond Bane')",0.5066666666666666,1,2,2,0,0,0,0,0,0,1,0,1.0,0.88,0.0,0.0,0.0,2.0,0.0,0.0,0.0,0.0,1.88,2
22500040,ORL,BKN,78.6,80.0,"('Anthony Black', 'Jonathan Isaac')",0.5066666666666666,1,2,2,0,0,0,0,0,0,1,0,1.0,0.88,0.0,0.0,0.0,2.0,0.0,0.0,0.0,0.0,1.88,2
22500040,ORL,BKN,78.6,80.0,"('Anthony Black', 'Tyus Jones')",0.5066666666666666,1,2,2,0,0,0,0,0,0,1,0,1.0,0.88,0.0,0.0,0.0,2.0,0.0,0.0,0.0,0.0,1.88,2
22500040,ORL,BKN,78.6,80.0,"('Anthony Black', 'Wendell Carter Jr.')",0.5066666666666666,1,2,2,0,0,0,0,0,0,1,0,1.0,0.88,0.0,0.0,0.0,2.0,0.0,0.0,0.0,0.0,1.88,2
22500040,ORL,BKN,78.6,80.0,"('Desmond Bane', 'Jonathan Isaac')",0.5066666666666666,1,2,2,0,0,0,0,0,0,1,0,1.0,0.88,0.0,0.0,0.0,2.0,0.0,0.0,0.0,0.0,1.88,2
22500040,ORL,BKN,78.6,80.0,"('Desmond Bane', 'Tyus Jones')",0.5066666666666666,1,2,2,0,0,0,0,0,0,1,0,1.0,0.88,0.0,0.0,0.0,2.0,0.0,0.0,0.0,0.0,1.88,2
22500040,ORL,BKN,78.6,80.0,"('Desmond Bane', 'Wendell Carter Jr.')",0.5066666666666666,1,2,2,0,0,0,0,0,0,1,0,1.0,0.88,0.0,0.0,0.0,2.0,0.0,0.0,0.0,0.0,1.88,2
22500040,ORL,BKN,78.6,80.0,"('Jonathan Isaac', 'Tyus Jones')",0.5066666666666666,1,2,2,0,0,0,0,0,0,1,0,1.0,0.88,0.0,0.0,0.0,2.0,0.0,0.0,0.0,0.0,1.88,2
22500040,ORL,BKN,78.6,80.0,"('Jonathan Isaac', 'Wendell Carter Jr.')",0.5066666666666666,1,2,2,0,0,0,0,0,0,1,0,1.0,0.88,0.0,0.0,0.0,2.0,0.0,0.0,0.0,0.0,1.88,2
22500040,ORL,BKN,78.6,80.0,"('Tyus Jones', 'Wendell Carter Jr.')",0.5066666666666666,1,2,2,0,0,0,0,0,0,1,0,1.0,0.88,0.0,0.0,0.0,2.0,0.0,0.0,0.0,0.0,1.88,2
22500040,ORL,BKN,79.8,80.4,"('Desmond Bane', 'Franz Wagner')",3.015,4,11,6,3,2,3,0,1,0,1,1,9.0,6.0,3.0,0.0,3.0,0.0,2.0,2.0,0.0,6.0,15.0,2
22500040,ORL,BKN,79.8,80.4,"('Desmond Bane', 'Jalen Suggs')",3.015,4,11,6,3,2,3,0,1,0,1,1,9.0,6.0,3.0,0.0,3.0,0.0,2.0,2.0,0.0,6.0,15.0,2
22500040,ORL,BKN,79.8,80.4,"('Desmond Bane', 'Tristan da Silva')",3.015,4,11,6,3,2,3,0,1,0,1,1,9.0,6.0,3.0,0.0,3.0,0.0,2.0,2.0,0.0,6.0,15.0,2
22500040,ORL,BKN,79.8,80.4,"('Desmond Bane', 'Wendell Carter Jr.')",3.015,4,11,6,3,2,3,0,1,0,1,1,9.0,6.0,3.0,0.0,3.0,0.0,2.0,2.0,0.0,6.0,15.0,2
22500040,ORL,BKN,79.8,80.4,"('Franz Wagner', 'Jalen Suggs')",3.015,4,11,6,3,2,3,0,1,0,1,1,9.0,6.0,3.0,0.0,3.0,0.0,2.0,2.0,0.0,6.0,15.0,2
22500040,ORL,BKN,79.8,80.4,"('Franz Wagner', 'Tristan da Silva')",3.015,4,11,6,3,2,3,0,1,0,1,1,9.0,6.0,3.0,0.0,3.0,0.0,2.0,2.0,0.0,6.0,15.0,2
22500040,ORL,BKN,79.8,80.4,"('Franz Wagner', 'Wendell Carter Jr.')",3.015,4,11,6,3,2,3,0,1,0,1,1,9.0,6.0,3.0,0.0,3.0,0.0,2.0,2.0,0.0,6.0,15.0,2
22500040,ORL,BKN,79.8,80.4,"('Jalen Suggs', 'Tristan da Silva')",3.015,4,11,6,3,2,3,0,1,0,1,1,9.0,6.0,3.0,0.0,3.0,0.0,2.0,2.0,0.0,6.0,15.0,2
22500040,ORL,BKN,79.8,80.4,"('Jalen Suggs', 'Wendell Carter Jr.')",3.015,4,11,6,3,2,3,0,1,0,1,1,9.0,6.0,3.0,0.0,3.0,0.0,2.0,2.0,0.0,6.0,15.0,2
22500040,ORL,BKN,79.8,80.4,"('Tristan da Silva', 'Wendell Carter Jr.')",3.015,4,11,6,3,2,3,0,1,0,1,1,9.0,6.0,3.0,0.0,3.0,0.0,2.0,2.0,0.0,6.0,15.0,2
22500040,ORL,BKN,79.2,80.0,"('Anthony Black', 'Franz Wagner')",2.728333333333333,3,6,8,1,3,2,1,1,0,0,0,5.0,4.0,0.0,0.0,0.0,0.0,0.0,0.0,2.0,6.0,9.0,2
22500040,ORL,BKN,79.2,80.0,"('Anthony Black', 'Goga Bitadze')",2.728333333333333,3,6,8,1,3,2,1,1,0,0,0,5.0,4.0,0.0,0.0,0.0,0.0,0.0,0.0,2.0,6.0,9.0,2
22500040,ORL,BKN,79.2,80.0,"('Anthony Black', 'Jett Howard')",2.728333333333333,3,6,8,1,3,2,1,1,0,0,0,5.0,4.0,0.0,0.0,0.0,0.0,0.0,0.0,2.0,6.0,9.0,2
22500040,ORL,BKN,79.2,80.0,"('Anthony Black', 'Tyus Jones')",2.728333333333333,3,6,8,1,3,2,1,1,0,0,0,5.0,4.0,0.0,0.0,0.0,0.0,0.0,0.0,2.0,6.0,9.0,2
22500040,ORL,BKN,79.2,80.0,"('Franz Wagner', 'Goga Bitadze')",2.728333333333333,3,6,8,1,3,2,1,1,0,0,0,5.0,4.0,0.0,0.0,0.0,0.0,0.0,0.0,2.0,6.0,9.0,2
22500040,ORL,BKN,79.2,80.0,"('Franz Wagner', 'Jett Howard')",2.728333333333333,3,6,8,1,3,2,1,1,0,0,0,5.0,4.0,0.0,0.0,0.0,0.0,0.0,0.0,2.0,6.0,9.0,2
22500040,ORL,BKN,79.2,80.0,"('Franz Wagner', 'Tyus Jones')",2.728333333333333,3,6,8,1,3,2,1,1,0,0,0,5.0,4.0,0.0,0.0,0.0,0.0,0.0,0.0,2.0,6.0,9.0,2
22500040,ORL,BKN,79.2,80.0,"('Goga Bitadze', 'Jett Howard')",2.728333333333333,3,6,8,1,3,2,1,1,0,0,0,5.0,4.0,0.0,0.0,0.0,0.0,0.0,0.0,2.0,6.0,9.0,2
22500040,ORL,BKN,79.2,80.0,"('Goga Bitadze', 'Tyus Jones')",2.728333333333333,3,6,8,1,3,2,1,1,0,0,0,5.0,4.0,0.0,0.0,0.0,0.0,0.0,0.0,2.0,6.0,9.0,2
22500040,ORL,BKN,79.2,80.0,"('Jett Howard', 'Tyus Jones')",2.728333333333333,3,6,8,1,3,2,1,1,0,0,0,5.0,4.0,0.0,0.0,0.0,0.0,0.0,0.0,2.0,6.0,9.0,2
22500040,ORL,BKN,78.2,80.0,"('Anthony Black', 'Desmond Bane')",0.165,1,0,1,0,0,0,0,1,0,0,1,1.0,0.44,0.0,0.0,0.0,0.0,0.0,0.0,0.0,0.0,1.44,2
22500040,ORL,BKN,78.2,80.0,"('Anthony Black', 'Tristan da Silva')",0.165,1,0,1,0,0,0,0,1,0,0,1,1.0,0.44,0.0,0.0,0.0,0.0,0.0,0.0,0.0,0.0,1.44,2
22500040,ORL,BKN,78.2,80.0,"('Anthony Black', 'Tyus Jones')",0.165,1,0,1,0,0,0,0,1,0,0,1,1.0,0.44,0.0,0.0,0.0,0.0,0.0,0.0,0.0,0.0,1.44,2
22500040,ORL,BKN,78.2,80.0,"('Anthony Black', 'Wendell Carter Jr.')",0.165,1,0,1,0,0,0,0,1,0,0,1,1.0,0.44,0.0,0.0,0.0,0.0,0.0,0.0,0.0,0.0,1.44,2
22500040,ORL,BKN,78.2,80.0,"('Desmond Bane', 'Tristan da Silva')",0.165,1,0,1,0,0,0,0,1,0,0,1,1.0,0.44,0.0,0.0,0.0,0.0,0.0,0.0,0.0,0.0,1.44,2
22500040,ORL,BKN,78.2,80.0,"('Desmond Bane', 'Tyus Jones')",0.165,1,0,1,0,0,0,0,1,0,0,1,1.0,0.44,0.0,0.0,0.0,0.0,0.0,0.0,0.0,0.0,1.44,2
22500040,ORL,BKN,78.2,80.0,"('Desmond Bane', 'Wendell Carter Jr.')",0.165,1,0,1,0,0,0,0,1,0,0,1,1.0,0.44,0.0,0.0,0.0,0.0,0.0,0.0,0.0,0.0,1.44,2
22500040,ORL,BKN,78.2,80.0,"('Tristan da Silva', 'Tyus Jones')",0.165,1,0,1,0,0,0,0,1,0,0,1,1.0,0.44,0.0,0.0,0.0,0.0,0.0,0.0,0.0,0.0,1.44,2
22500040,ORL,BKN,78.2,80.0,"('Tristan da Silva', 'Wendell Carter Jr.')",0.165,1,0,1,0,0,0,0,1,0,0,1,1.0,0.44,0.0,0.0,0.0,0.0,0.0,0.0,0.0,0.0,1.44,2
22500040,ORL,BKN,78.2,80.0,"('Tyus Jones', 'Wendell Carter Jr.')",0.165,1,0,1,0,0,0,0,1,0,0,1,1.0,0.44,0.0,0.0,0.0,0.0,0.0,0.0,0.0,0.0,1.44,2
22500040,ORL,BKN,80.0,80.6,"('Desmond Bane', 'Franz Wagner')",1.6333333333333333,1,4,7,0,0,0,3,1,0,1,1,2.88,4.0,0.0,0.0,0.0,2.0,0.0,0.0,0.0,4.0,6.88,2
22500040,ORL,BKN,80.0,80.6,"('Desmond Bane', 'Goga Bitadze')",1.6333333333333333,1,4,7,0,0,0,3,1,0,1,1,2.88,4.0,0.0,0.0,0.0,2.0,0.0,0.0,0.0,4.0,6.88,2
22500040,ORL,BKN,80.0,80.6,"('Desmond Bane', 'Jalen Suggs')",1.6333333333333333,1,4,7,0,0,0,3,1,0,1,1,2.88,4.0,0.0,0.0,0.0,2.0,0.0,0.0,0.0,4.0,6.88,2
22500040,ORL,BKN,80.0,80.6,"('Desmond Bane', 'Tristan da Silva')",1.6333333333333333,1,4,7,0,0,0,3,1,0,1,1,2.88,4.0,0.0,0.0,0.0,2.0,0.0,0.0,0.0,4.0,6.88,2
22500040,ORL,BKN,80.0,80.6,"('Franz Wagner', 'Goga Bitadze')",1.6333333333333333,1,4,7,0,0,0,3,1,0,1,1,2.88,4.0,0.0,0.0,0.0,2.0,0.0,0.0,0.0,4.0,6.88,2
22500040,ORL,BKN,80.0,80.6,"('Franz Wagner', 'Jalen Suggs')",1.6333333333333333,1,4,7,0,0,0,3,1,0,1,1,2.88,4.0,0.0,0.0,0.0,2.0,0.0,0.0,0.0,4.0,6.88,2
22500040,ORL,BKN,80.0,80.6,"('Franz Wagner', 'Tristan da Silva')",1.6333333333333333,1,4,7,0,0,0,3,1,0,1,1,2.88,4.0,0.0,0.0,0.0,2.0,0.0,0.0,0.0,4.0,6.88,2
22500040,ORL,BKN,80.0,80.6,"('Goga Bitadze', 'Jalen Suggs')",1.6333333333333333,1,4,7,0,0,0,3,1,0,1,1,2.88,4.0,0.0,0.0,0.0,2.0,0.0,0.0,0.0,4.0,6.88,2
22500040,ORL,BKN,80.0,80.6,"('Goga Bitadze', 'Tristan da Silva')",1.6333333333333333,1,4,7,0,0,0,3,1,0,1,1,2.88,4.0,0.0,0.0,0.0,2.0,0.0,0.0,0.0,4.0,6.88,2
22500040,ORL,BKN,80.0,80.6,"('Jalen Suggs', 'Tristan da Silva')",1.6333333333333333,1,4,7,0,0,0,3,1,0,1,1,2.88,4.0,0.0,0.0,0.0,2.0,0.0,0.0,0.0,4.0,6.88,2
22500040,ORL,BKN,79.8,80.8,"('Desmond Bane', 'Jalen Suggs')",2.7333333333333325,4,4,3,3,2,1,1,1,1,0,1,6.0,5.0,0.0,0.0,2.0,2.0,0.0,0.0,0.0,0.0,11.0,2
22500040,ORL,BKN,79.8,80.8,"('Desmond Bane', 'Jonathan Isaac')",2.7333333333333325,4,4,3,3,2,1,1,1,1,0,1,6.0,5.0,0.0,0.0,2.0,2.0,0.0,0.0,0.0,0.0,11.0,2
22500040,ORL,BKN,79.8,80.8,"('Desmond Bane', 'Tristan da Silva')",2.7333333333333325,4,4,3,3,2,1,1,1,1,0,1,6.0,5.0,0.0,0.0,2.0,2.0,0.0,0.0,0.0,0.0,11.0,2
22500040,ORL,BKN,79.8,80.8,"('Desmond Bane', 'Wendell Carter Jr.')",2.7333333333333325,4,4,3,3,2,1,1,1,1,0,1,6.0,5.0,0.0,0.0,2.0,2.0,0.0,0.0,0.0,0.0,11.0,2
22500040,ORL,BKN,79.8,80.8,"('Jalen Suggs', 'Jonathan Isaac')",2.7333333333333325,4,4,3,3,2,1,1,1,1,0,1,6.0,5.0,0.0,0.0,2.0,2.0,0.0,0.0,0.0,0.0,11.0,2
22500040,ORL,BKN,79.8,80.8,"('Jalen Suggs', 'Tristan da Silva')",2.7333333333333325,4,4,3,3,2,1,1,1,1,0,1,6.0,5.0,0.0,0.0,2.0,2.0,0.0,0.0,0.0,0.0,11.0,2
22500040,ORL,BKN,79.8,80.8,"('Jalen Suggs', 'Wendell Carter Jr.')",2.7333333333333325,4,4,3,3,2,1,1,1,1,0,1,6.0,5.0,0.0,0.0,2.0,2.0,0.0,0.0,0.0,0.0,11.0,2
22500040,ORL,BKN,79.8,80.8,"('Jonathan Isaac', 'Tristan da Silva')",2.7333333333333325,4,4,3,3,2,1,1,1,1,0,1,6.0,5.0,0.0,0.0,2.0,2.0,0.0,0.0,0.0,0.0,11.0,2
22500040,ORL,BKN,79.8,80.8,"('Jonathan Isaac', 'Wendell Carter Jr.')",2.7333333333333325,4,4,3,3,2,1,1,1,1,0,1,6.0,5.0,0.0,0.0,2.0,2.0,0.0,0.0,0.0,0.0,11.0,2
22500040,ORL,BKN,79.8,80.8,"('Tristan da Silva', 'Wendell Carter Jr.')",2.7333333333333325,4,4,3,3,2,1,1,1,1,0,1,6.0,5.0,0.0,0.0,2.0,2.0,0.0,0.0,0.0,0.0,11.0,2
22500040,ORL,BKN,79.0,80.0,"('Franz Wagner', 'Jalen Suggs')",0.5666666666666667,4,0,0,1,0,0,0,1,0,1,0,1.0,2.0,0.0,0.0,0.0,0.0,0.0,0.0,0.0,0.0,3.0,2
22500040,ORL,BKN,79.0,80.0,"('Franz Wagner', 'Jonathan Isaac')",0.5666666666666667,4,0,0,1,0,0,0,1,0,1,0,1.0,2.0,0.0,0.0,0.0,0.0,0.0,0.0,0.0,0.0,3.0,2
22500040,ORL,BKN,79.0,80.0,"('Franz Wagner', 'Tyus Jones')",0.5666666666666667,4,0,0,1,0,0,0,1,0,1,0,1.0,2.0,0.0,0.0,0.0,0.0,0.0,0.0,0.0,0.0,3.0,2
22500040,ORL,BKN,79.0,80.0,"('Franz Wagner', 'Wendell Carter Jr.')",0.5666666666666667,4,0,0,1,0,0,0,1,0,1,0,1.0,2.0,0.0,0.0,0.0,0.0,0.0,0.0,0.0,0.0,3.0,2
22500040,ORL,BKN,79.0,80.0,"('Jalen Suggs', 'Jonathan Isaac')",0.5666666666666667,4,0,0,1,0,0,0,1,0,1,0,1.0,2.0,0.0,0.0,0.0,0.0,0.0,0.0,0.0,0.0,3.0,2
22500040,ORL,BKN,79.0,80.0,"('Jalen Suggs', 'Tyus Jones')",0.5666666666666667,4,0,0,1,0,0,0,1,0,1,0,1.0,2.0,0.0,0.0,0.0,0.0,0.0,0.0,0.0,0.0,3.0,2
22500040,ORL,BKN,79.0,80.0,"('Jalen Suggs', 'Wendell Carter Jr.')",0.5666666666666667,4,0,0,1,0,0,0,1,0,1,0,1.0,2.0,0.0,0.0,0.0,0.0,0.0,0.0,0.0,0.0,3.0,2
22500040,ORL,BKN,79.0,80.0,"('Jonathan Isaac', 'Tyus Jones')",0.5666666666666667,4,0,0,1,0,0,0,1,0,1,0,1.0,2.0,0.0,0.0,0.0,0.0,0.0,0.0,0.0,0.0,3.0,2
22500040,ORL,BKN,79.0,80.0,"('Jonathan Isaac', 'Wendell Carter Jr.')",0.5666666666666667,4,0,0,1,0,0,0,1,0,1,0,1.0,2.0,0.0,0.0,0.0,0.0,0.0,0.0,0.0,0.0,3.0,2
22500040,ORL,BKN,79.0,80.0,"('Tyus Jones', 'Wendell Carter Jr.')",0.5666666666666667,4,0,0,1,0,0,0,1,0,1,0,1.0,2.0,0.0,0.0,0.0,0.0,0.0,0.0,0.0,0.0,3.0,2
22500040,ORL,BKN,80.2,80.4,"('Desmond Bane', 'Franz Wagner')",0.6666666666666667,4,2,0,2,2,0,0,0,0,0,1,1.88,2.0,0.0,0.0,0.0,0.0,0.0,0.0,0.0,0.0,3.88,2
22500040,ORL,BKN,80.2,80.4,"('Desmond Bane', 'Jalen Suggs')",0.6666666666666667,4,2,0,2,2,0,0,0,0,0,1,1.88,2.0,0.0,0.0,0.0,0.0,0.0,0.0,0.0,0.0,3.88,2
22500040,ORL,BKN,80.2,80.4,"('Desmond Bane', 'Jonathan Isaac')",0.6666666666666667,4,2,0,2,2,0,0,0,0,0,1,1.88,2.0,0.0,0.0,0.0,0.0,0.0,0.0,0.0,0.0,3.88,2
22500040,ORL,BKN,80.2,80.4,"('Desmond Bane', 'Wendell Carter Jr.')",0.6666666666666667,4,2,0,2,2,0,0,0,0,0,1,1.88,2.0,0.0,0.0,0.0,0.0,0.0,0.0,0.0,0.0,3.88,2
22500040,ORL,BKN,80.2,80.4,"('Franz Wagner', 'Jalen Suggs')",0.6666666666666667,4,2,0,2,2,0,0,0,0,0,1,1.88,2.0,0.0,0.0,0.0,0.0,0.0,0.0,0.0,0.0,3.88,2
22500040,ORL,BKN,80.2,80.4,"('Franz Wagner', 'Jonathan Isaac')",0.6666666666666667,4,2,0,2,2,0,0,0,0,0,1,1.88,2.0,0.0,0.0,0.0,0.0,0.0,0.0,0.0,0.0,3.88,2
22500040,ORL,BKN,80.2,80.4,"('Franz Wagner', 'Wendell Carter Jr.')",0.6666666666666667,4,2,0,2,2,0,0,0,0,0,1,1.88,2.0,0.0,0.0,0.0,0.0,0.0,0.0,0.0,0.0,3.88,2
22500040,ORL,BKN,80.2,80.4,"('Jalen Suggs', 'Jonathan Isaac')",0.6666666666666667,4,2,0,2,2,0,0,0,0,0,1,1.88,2.0,0.0,0.0,0.0,0.0,0.0,0.0,0.0,0.0,3.88,2
22500040,ORL,BKN,80.2,80.4,"('Jalen Suggs', 'Wendell Carter Jr.')",0.6666666666666667,4,2,0,2,2,0,0,0,0,0,1,1.88,2.0,0.0,0.0,0.0,0.0,0.0,0.0,0.0,0.0,3.88,2
22500040,ORL,BKN,80.2,80.4,"('Jonathan Isaac', 'Wendell Carter Jr.')",0.6666666666666667,4,2,0,2,2,0,0,0,0,0,1,1.88,2.0,0.0,0.0,0.0,0.0,0.0,0.0,0.0,0.0,3.88,2
22500040,ORL,BKN,79.2,81.0,"('Desmond Bane', 'Franz Wagner')",4.833333333333331,4,9,7,5,3,2,2,3,2,1,3,10.0,11.0,6.0,2.0,0.0,6.0,0.0,0.0,0.0,4.0,21.0,2
22500040,ORL,BKN,79.2,81.0,"('Desmond Bane', 'Jonathan Isaac')",4.833333333333331,4,9,7,5,3,2,2,3,2,1,3,10.0,11.0,6.0,2.0,0.0,6.0,0.0,0.0,0.0,4.0,21.0,2
22500040,ORL,BKN,79.2,81.0,"('Desmond Bane', 'Tyus Jones')",4.833333333333331,4,9,7,5,3,2,2,3,2,1,3,10.0,11.0,6.0,2.0,0.0,6.0,0.0,0.0,0.0,4.0,21.0,2
22500040,ORL,BKN,79.2,81.0,"('Desmond Bane', 'Wendell Carter Jr.')",4.833333333333331,4,9,7,5,3,2,2,3,2,1,3,10.0,11.0,6.0,2.0,0.0,6.0,0.0,0.0,0.0,4.0,21.0,2
22500040,ORL,BKN,79.2,81.0,"('Franz Wagner', 'Jonathan Isaac')",4.833333333333331,4,9,7,5,3,2,2,3,2,1,3,10.0,11.0,6.0,2.0,0.0,6.0,0.0,0.0,0.0,4.0,21.0,2
22500040,ORL,BKN,79.2,81.0,"('Franz Wagner', 'Tyus Jones')",4.833333333333331,4,9,7,5,3,2,2,3,2,1,3,10.0,11.0,6.0,2.0,0.0,6.0,0.0,0.0,0.0,4.0,21.0,2
22500040,ORL,BKN,79.2,81.0,"('Franz Wagner', 'Wendell Carter Jr.')",4.833333333333331,4,9,7,5,3,2,2,3,2,1,3,10.0,11.0,6.0,2.0,0.0,6.0,0.0,0.0,0.0,4.0,21.0,2
22500040,ORL,BKN,79.2,81.0,"('Jonathan Isaac', 'Tyus Jones')",4.833333333333331,4,9,7,5,3,2,2,3,2,1,3,10.0,11.0,6.0,2.0,0.0,6.0,0.0,0.0,0.0,4.0,21.0,2
22500040,ORL,BKN,79.2,81.0,"('Jonathan Isaac', 'Wendell Carter Jr.')",4.833333333333331,4,9,7,5,3,2,2,3,2,1,3,10.0,11.0,6.0,2.0,0.0,6.0,0.0,0.0,0.0,4.0,21.0,2
22500040,ORL,BKN,79.2,81.0,"('Tyus Jones', 'Wendell Carter Jr.')",4.833333333333331,4,9,7,5,3,2,2,3,2,1,3,10.0,11.0,6.0,2.0,0.0,6.0,0.0,0.0,0.0,4.0,21.0,2
22500040,ORL,BKN,78.8,80.2,"('Franz Wagner', 'Goga Bitadze')",0.1333333333333333,1,0,1,0,0,0,0,1,0,1,0,1.0,0.44,0.0,0.0,0.0,0.0,0.0,0.0,0.0,0.0,1.44,2
22500040,ORL,BKN,78.8,80.2,"('Franz Wagner', 'Jalen Suggs')",0.1333333333333333,1,0,1,0,0,0,0,1,0,1,0,1.0,0.44,0.0,0.0,0.0,0.0,0.0,0.0,0.0,0.0,1.44,2
22500040,ORL,BKN,78.8,80.2,"('Franz Wagner', 'Jett Howard')",0.1333333333333333,1,0,1,0,0,0,0,1,0,1,0,1.0,0.44,0.0,0.0,0.0,0.0,0.0,0.0,0.0,0.0,1.44,2
22500040,ORL,BKN,78.8,80.2,"('Franz Wagner', 'Tyus Jones')",0.1333333333333333,1,0,1,0,0,0,0,1,0,1,0,1.0,0.44,0.0,0.0,0.0,0.0,0.0,0.0,0.0,0.0,1.44,2
22500040,ORL,BKN,78.8,80.2,"('Goga Bitadze', 'Jalen Suggs')",0.1333333333333333,1,0,1,0,0,0,0,1,0,1,0,1.0,0.44,0.0,0.0,0.0,0.0,0.0,0.0,0.0,0.0,1.44,2
22500040,ORL,BKN,78.8,80.2,"('Goga Bitadze', 'Jett Howard')",0.1333333333333333,1,0,1,0,0,0,0,1,0,1,0,1.0,0.44,0.0,0.0,0.0,0.0,0.0,0.0,0.0,0.0,1.44,2
22500040,ORL,BKN,78.8,80.2,"('Goga Bitadze', 'Tyus Jones')",0.1333333333333333,1,0,1,0,0,0,0,1,0,1,0,1.0,0.44,0.0,0.0,0.0,0.0,0.0,0.0,0.0,0.0,1.44,2
22500040,ORL,BKN,78.8,80.2,"('Jalen Suggs', 'Jett Howard')",0.1333333333333333,1,0,1,0,0,0,0,1,0,1,0,1.0,0.44,0.0,0.0,0.0,0.0,0.0,0.0,0.0,0.0,1.44,2
22500040,ORL,BKN,78.8,80.2,"('Jalen Suggs', 'Tyus Jones')",0.1333333333333333,1,0,1,0,0,0,0,1,0,1,0,1.0,0.44,0.0,0.0,0.0,0.0,0.0,0.0,0.0,0.0,1.44,2
22500040,ORL,BKN,78.8,80.2,"('Jett Howard', 'Tyus Jones')",0.1333333333333333,1,0,1,0,0,0,0,1,0,1,0,1.0,0.44,0.0,0.0,0.0,0.0,0.0,0.0,0.0,0.0,1.44,2
22500040,ORL,BKN,79.8,80.8,"('Desmond Bane', 'Franz Wagner')",2.0333333333333337,2,3,5,2,2,1,1,1,0,1,0,4.0,4.0,3.0,0.0,0.0,0.0,2.0,0.0,0.0,2.0,8.0,2
22500040,ORL,BKN,79.8,80.8,"('Desmond Bane', 'Jalen Suggs')",2.0333333333333337,2,3,5,2,2,1,1,1,0,1,0,4.0,4.0,3.0,0.0,0.0,0.0,2.0,0.0,0.0,2.0,8.0,2
22500040,ORL,BKN,79.8,80.8,"('Desmond Bane', 'Tristan da Silva')",2.0333333333333337,2,3,5,2,2,1,1,1,0,1,0,4.0,4.0,3.0,0.0,0.0,0.0,2.0,0.0,0.0,2.0,8.0,2
22500040,ORL,BKN,79.8,80.8,"('Desmond Bane', 'Wendell Carter Jr.')",2.0333333333333337,2,3,5,2,2,1,1,1,0,1,0,4.0,4.0,3.0,0.0,0.0,0.0,2.0,0.0,0.0,2.0,8.0,2
22500040,ORL,BKN,79.8,80.8,"('Franz Wagner', 'Jalen Suggs')",2.0333333333333337,2,3,5,2,2,1,1,1,0,1,0,4.0,4.0,3.0,0.0,0.0,0.0,2.0,0.0,0.0,2.0,8.0,2
22500040,ORL,BKN,79.8,80.8,"('Franz Wagner', 'Tristan da Silva')",2.0333333333333337,2,3,5,2,2,1,1,1,0,1,0,4.0,4.0,3.0,0.0,0.0,0.0,2.0,0.0,0.0,2.0,8.0,2
22500040,ORL,BKN,79.8,80.8,"('Franz Wagner', 'Wendell Carter Jr.')",2.0333333333333337,2,3,5,2,2,1,1,1,0,1,0,4.0,4.0,3.0,0.0,0.0,0.0,2.0,0.0,0.0,2.0,8.0,2
22500040,ORL,BKN,79.8,80.8,"('Jalen Suggs', 'Tristan da Silva')",2.0333333333333337,2,3,5,2,2,1,1,1,0,1,0,4.0,4.0,3.0,0.0,0.0,0.0,2.0,0.0,0.0,2.0,8.0,2
22500040,ORL,BKN,79.8,80.8,"('Jalen Suggs', 'Wendell Carter Jr.')",2.0333333333333337,2,3,5,2,2,1,1,1,0,1,0,4.0,4.0,3.0,0.0,0.0,0.0,2.0,0.0,0.0,2.0,8.0,2
22500040,ORL,BKN,79.8,80.8,"('Tristan da Silva', 'Wendell Carter Jr.')",2.0333333333333337,2,3,5,2,2,1,1,1,0,1,0,4.0,4.0,3.0,0.0,0.0,0.0,2.0,0.0,0.0,2.0,8.0,2
22500040,ORL,BKN,80.0,80.2,"('Anthony Black', 'Desmond Bane')",1.4,3,4,2,2,1,1,1,0,0,1,0,3.0,4.0,0.0,2.0,0.0,4.0,0.0,0.0,0.0,2.0,7.0,2
22500040,ORL,BKN,80.0,80.2,"('Anthony Black', 'Goga Bitadze')",1.4,3,4,2,2,1,1,1,0,0,1,0,3.0,4.0,0.0,2.0,0.0,4.0,0.0,0.0,0.0,2.0,7.0,2
22500040,ORL,BKN,80.0,80.2,"('Anthony Black', 'Jett Howard')",1.4,3,4,2,2,1,1,1,0,0,1,0,3.0,4.0,0.0,2.0,0.0,4.0,0.0,0.0,0.0,2.0,7.0,2
22500040,ORL,BKN,80.0,80.2,"('Anthony Black', 'Tristan da Silva')",1.4,3,4,2,2,1,1,1,0,0,1,0,3.0,4.0,0.0,2.0,0.0,4.0,0.0,0.0,0.0,2.0,7.0,2
22500040,ORL,BKN,80.0,80.2,"('Desmond Bane', 'Goga Bitadze')",1.4,3,4,2,2,1,1,1,0,0,1,0,3.0,4.0,0.0,2.0,0.0,4.0,0.0,0.0,0.0,2.0,7.0,2
22500040,ORL,BKN,80.0,80.2,"('Desmond Bane', 'Jett Howard')",1.4,3,4,2,2,1,1,1,0,0,1,0,3.0,4.0,0.0,2.0,0.0,4.0,0.0,0.0,0.0,2.0,7.0,2
22500040,ORL,BKN,80.0,80.2,"('Desmond Bane', 'Tristan da Silva')",1.4,3,4,2,2,1,1,1,0,0,1,0,3.0,4.0,0.0,2.0,0.0,4.0,0.0,0.0,0.0,2.0,7.0,2
22500040,ORL,BKN,80.0,80.2,"('Goga Bitadze', 'Jett Howard')",1.4,3,4,2,2,1,1,1,0,0,1,0,3.0,4.0,0.0,2.0,0.0,4.0,0.0,0.0,0.0,2.0,7.0,2
22500040,ORL,BKN,80.0,80.2,"('Goga Bitadze', 'Tristan da Silva')",1.4,3,4,2,2,1,1,1,0,0,1,0,3.0,4.0,0.0,2.0,0.0,4.0,0.0,0.0,0.0,2.0,7.0,2
22500040,ORL,BKN,80.0,80.2,"('Jett Howard', 'Tristan da Silva')",1.4,3,4,2,2,1,1,1,0,0,1,0,3.0,4.0,0.0,2.0,0.0,4.0,0.0,0.0,0.0,2.0,7.0,2
22500040,ORL,BKN,81.0,80.0,"('Anthony Black', 'Franz Wagner')",0.415,3,0,2,0,0,0,0,0,0,0,0,0.0,1.0,0.0,0.0,0.0,0.0,2.0,0.0,0.0,2.0,1.0,2
22500040,ORL,BKN,81.0,80.0,"('Anthony Black', 'Goga Bitadze')",0.415,3,0,2,0,0,0,0,0,0,0,0,0.0,1.0,0.0,0.0,0.0,0.0,2.0,0.0,0.0,2.0,1.0,2
22500040,ORL,BKN,81.0,80.0,"('Anthony Black', 'Jamal Cain')",0.415,3,0,2,0,0,0,0,0,0,0,0,0.0,1.0,0.0,0.0,0.0,0.0,2.0,0.0,0.0,2.0,1.0,2
22500040,ORL,BKN,81.0,80.0,"('Anthony Black', 'Jonathan Isaac')",0.415,3,0,2,0,0,0,0,0,0,0,0,0.0,1.0,0.0,0.0,0.0,0.0,2.0,0.0,0.0,2.0,1.0,2
22500040,ORL,BKN,81.0,80.0,"('Franz Wagner', 'Goga Bitadze')",0.415,3,0,2,0,0,0,0,0,0,0,0,0.0,1.0,0.0,0.0,0.0,0.0,2.0,0.0,0.0,2.0,1.0,2
22500040,ORL,BKN,81.0,80.0,"('Franz Wagner', 'Jamal Cain')",0.415,3,0,2,0,0,0,0,0,0,0,0,0.0,1.0,0.0,0.0,0.0,0.0,2.0,0.0,0.0,2.0,1.0,2
22500040,ORL,BKN,81.0,80.0,"('Franz Wagner', 'Jonathan Isaac')",0.415,3,0,2,0,0,0,0,0,0,0,0,0.0,1.0,0.0,0.0,0.0,0.0,2.0,0.0,0.0,2.0,1.0,2
22500040,ORL,BKN,81.0,80.0,"('Goga Bitadze', 'Jamal Cain')",0.415,3,0,2,0,0,0,0,0,0,0,0,0.0,1.0,0.0,0.0,0.0,0.0,2.0,0.0,0.0,2.0,1.0,2
22500040,ORL,BKN,81.0,80.0,"('Goga Bitadze', 'Jonathan Isaac')",0.415,3,0,2,0,0,0,0,0,0,0,0,0.0,1.0,0.0,0.0,0.0,0.0,2.0,0.0,0.0,2.0,1.0,2
22500040,ORL,BKN,81.0,80.0,"('Jamal Cain', 'Jonathan Isaac')",0.415,3,0,2,0,0,0,0,0,0,0,0,0.0,1.0,0.0,0.0,0.0,0.0,2.0,0.0,0.0,2.0,1.0,2
22500040,ORL,BKN,79.0,80.0,"('Anthony Black', 'Jett Howard')",2.545,1,4,3,3,3,0,1,0,1,1,1,4.88,4.44,0.0,2.0,2.0,2.0,0.0,0.0,0.0,2.0,9.32,2
22500040,ORL,BKN,79.0,80.0,"('Anthony Black', 'Jonathan Isaac')",2.545,1,4,3,3,3,0,1,0,1,1,1,4.88,4.44,0.0,2.0,2.0,2.0,0.0,0.0,0.0,2.0,9.32,2
22500040,ORL,BKN,79.0,80.0,"('Anthony Black', 'Tyus Jones')",2.545,1,4,3,3,3,0,1,0,1,1,1,4.88,4.44,0.0,2.0,2.0,2.0,0.0,0.0,0.0,2.0,9.32,2
22500040,ORL,BKN,79.0,80.0,"('Anthony Black', 'Wendell Carter Jr.')",2.545,1,4,3,3,3,0,1,0,1,1,1,4.88,4.44,0.0,2.0,2.0,2.0,0.0,0.0,0.0,2.0,9.32,2
22500040,ORL,BKN,79.0,80.0,"('Jett Howard', 'Jonathan Isaac')",2.545,1,4,3,3,3,0,1,0,1,1,1,4.88,4.44,0.0,2.0,2.0,2.0,0.0,0.0,0.0,2.0,9.32,2
22500040,ORL,BKN,79.0,80.0,"('Jett Howard', 'Tyus Jones')",2.545,1,4,3,3,3,0,1,0,1,1,1,4.88,4.44,0.0,2.0,2.0,2.0,0.0,0.0,0.0,2.0,9.32,2
22500040,ORL,BKN,79.0,80.0,"('Jett Howard', 'Wendell Carter Jr.')",2.545,1,4,3,3,3,0,1,0,1,1,1,4.88,4.44,0.0,2.0,2.0,2.0,0.0,0.0,0.0,2.0,9.32,2
22500040,ORL,BKN,79.0,80.0,"('Jonathan Isaac', 'Tyus Jones')",2.545,1,4,3,3,3,0,1,0,1,1,1,4.88,4.44,0.0,2.0,2.0,2.0,0.0,0.0,0.0,2.0,9.32,2
22500040,ORL,BKN,79.0,80.0,"('Jonathan Isaac', 'Wendell Carter Jr.')",2.545,1,4,3,3,3,0,1,0,1,1,1,4.88,4.44,0.0,2.0,2.0,2.0,0.0,0.0,0.0,2.0,9.32,2
22500040,ORL,BKN,79.0,80.0,"('Tyus Jones', 'Wendell Carter Jr.')",2.545,1,4,3,3,3,0,1,0,1,1,1,4.88,4.44,0.0,2.0,2.0,2.0,0.0,0.0,0.0,2.0,9.32,2
22500040,ORL,BKN,80.2,80.2,"('Anthony Black', 'Desmond Bane')",2.45,2,7,4,1,2,2,0,0,0,0,1,4.88,3.0,0.0,0.0,2.0,2.0,0.0,0.0,0.0,2.0,7.88,2
22500040,ORL,BKN,80.2,80.2,"('Anthony Black', 'Franz Wagner')",2.45,2,7,4,1,2,2,0,0,0,0,1,4.88,3.0,0.0,0.0,2.0,2.0,0.0,0.0,0.0,2.0,7.88,2
22500040,ORL,BKN,80.2,80.2,"('Anthony Black', 'Tristan da Silva')",2.45,2,7,4,1,2,2,0,0,0,0,1,4.88,3.0,0.0,0.0,2.0,2.0,0.0,0.0,0.0,2.0,7.88,2
22500040,ORL,BKN,80.2,80.2,"('Anthony Black', 'Wendell Carter Jr.')",2.45,2,7,4,1,2,2,0,0,0,0,1,4.88,3.0,0.0,0.0,2.0,2.0,0.0,0.0,0.0,2.0,7.88,2
22500040,ORL,BKN,80.2,80.2,"('Desmond Bane', 'Franz Wagner')",2.45,2,7,4,1,2,2,0,0,0,0,1,4.88,3.0,0.0,0.0,2.0,2.0,0.0,0.0,0.0,2.0,7.88,2
22500040,ORL,BKN,80.2,80.2,"('Desmond Bane', 'Tristan da Silva')",2.45,2,7,4,1,2,2,0,0,0,0,1,4.88,3.0,0.0,0.0,2.0,2.0,0.0,0.0,0.0,2.0,7.88,2
22500040,ORL,BKN,80.2,80.2,"('Desmond Bane', 'Wendell Carter Jr.')",2.45,2,7,4,1,2,2,0,0,0,0,1,4.88,3.0,0.0,0.0,2.0,2.0,0.0,0.0,0.0,2.0,7.88,2
22500040,ORL,BKN,80.2,80.2,"('Franz Wagner', 'Tristan da Silva')",2.45,2,7,4,1,2,2,0,0,0,0,1,4.88,3.0,0.0,0.0,2.0,2.0,0.0,0.0,0.0,2.0,7.88,2
22500040,ORL,BKN,80.2,80.2,"('Franz Wagner', 'Wendell Carter Jr.')",2.45,2,7,4,1,2,2,0,0,0,0,1,4.88,3.0,0.0,0.0,2.0,2.0,0.0,0.0,0.0,2.0,7.88,2
22500040,ORL,BKN,80.2,80.2,"('Tristan da Silva', 'Wendell Carter Jr.')",2.45,2,7,4,1,2,2,0,0,0,0,1,4.88,3.0,0.0,0.0,2.0,2.0,0.0,0.0,0.0,2.0,7.88,2
22500040,ORL,BKN,80.0,80.2,"('Desmond Bane', 'Franz Wagner')",5.466666666666667,2,14,5,9,5,3,1,0,1,3,2,13.88,11.44,0.0,0.0,12.0,6.0,0.0,0.0,0.0,2.0,25.32,2
22500040,ORL,BKN,80.0,80.2,"('Desmond Bane', 'Goga Bitadze')",5.466666666666667,2,14,5,9,5,3,1,0,1,3,2,13.88,11.44,0.0,0.0,12.0,6.0,0.0,0.0,0.0,2.0,25.32,2
22500040,ORL,BKN,80.0,80.2,"('Desmond Bane', 'Jalen Suggs')",5.466666666666667,2,14,5,9,5,3,1,0,1,3,2,13.88,11.44,0.0,0.0,12.0,6.0,0.0,0.0,0.0,2.0,25.32,2
22500040,ORL,BKN,80.0,80.2,"('Desmond Bane', 'Tristan da Silva')",5.466666666666667,2,14,5,9,5,3,1,0,1,3,2,13.88,11.44,0.0,0.0,12.0,6.0,0.0,0.0,0.0,2.0,25.32,2
22500040,ORL,BKN,80.0,80.2,"('Franz Wagner', 'Goga Bitadze')",5.466666666666667,2,14,5,9,5,3,1,0,1,3,2,13.88,11.44,0.0,0.0,12.0,6.0,0.0,0.0,0.0,2.0,25.32,2
22500040,ORL,BKN,80.0,80.2,"('Franz Wagner', 'Jalen Suggs')",5.466666666666667,2,14,5,9,5,3,1,0,1,3,2,13.88,11.44,0.0,0.0,12.0,6.0,0.0,0.0,0.0,2.0,25.32,2
22500040,ORL,BKN,80.0,80.2,"('Franz Wagner', 'Tristan da Silva')",5.466666666666667,2,14,5,9,5,3,1,0,1,3,2,13.88,11.44,0.0,0.0,12.0,6.0,0.0,0.0,0.0,2.0,25.32,2
22500040,ORL,BKN,80.0,80.2,"('Goga Bitadze', 'Jalen Suggs')",5.466666666666667,2,14,5,9,5,3,1,0,1,3,2,13.88,11.44,0.0,0.0,12.0,6.0,0.0,0.0,0.0,2.0,25.32,2
22500040,ORL,BKN,80.0,80.2,"('Goga Bitadze', 'Tristan da Silva')",5.466666666666667,2,14,5,9,5,3,1,0,1,3,2,13.88,11.44,0.0,0.0,12.0,6.0,0.0,0.0,0.0,2.0,25.32,2
22500040,ORL,BKN,80.0,80.2,"('Jalen Suggs', 'Tristan da Silva')",5.466666666666667,2,14,5,9,5,3,1,0,1,3,2,13.88,11.44,0.0,0.0,12.0,6.0,0.0,0.0,0.0,2.0,25.32,2
22500040,ORL,BKN,80.2,80.0,"('Anthony Black', 'Desmond Bane')",1.8666666666666665,2,3,8,0,1,1,3,2,0,0,3,4.44,3.0,0.0,0.0,2.0,2.0,5.0,0.0,3.0,2.0,7.44,2
22500040,ORL,BKN,80.2,80.0,"('Anthony Black', 'Jonathan Isaac')",1.8666666666666665,2,3,8,0,1,1,3,2,0,0,3,4.44,3.0,0.0,0.0,2.0,2.0,5.0,0.0,3.0,2.0,7.44,2
22500040,ORL,BKN,80.2,80.0,"('Anthony Black', 'Tristan da Silva')",1.8666666666666665,2,3,8,0,1,1,3,2,0,0,3,4.44,3.0,0.0,0.0,2.0,2.0,5.0,0.0,3.0,2.0,7.44,2
22500040,ORL,BKN,80.2,80.0,"('Anthony Black', 'Wendell Carter Jr.')",1.8666666666666665,2,3,8,0,1,1,3,2,0,0,3,4.44,3.0,0.0,0.0,2.0,2.0,5.0,0.0,3.0,2.0,7.44,2
22500040,ORL,BKN,80.2,80.0,"('Desmond Bane', 'Jonathan Isaac')",1.8666666666666665,2,3,8,0,1,1,3,2,0,0,3,4.44,3.0,0.0,0.0,2.0,2.0,5.0,0.0,3.0,2.0,7.44,2
22500040,ORL,BKN,80.2,80.0,"('Desmond Bane', 'Tristan da Silva')",1.8666666666666665,2,3,8,0,1,1,3,2,0,0,3,4.44,3.0,0.0,0.0,2.0,2.0,5.0,0.0,3.0,2.0,7.44,2
22500040,ORL,BKN,80.2,80.0,"('Desmond Bane', 'Wendell Carter Jr.')",1.8666666666666665,2,3,8,0,1,1,3,2,0,0,3,4.44,3.0,0.0,0.0,2.0,2.0,5.0,0.0,3.0,2.0,7.44,2
22500040,ORL,BKN,80.2,80.0,"('Jonathan Isaac', 'Tristan da Silva')",1.8666666666666665,2,3,8,0,1,1,3,2,0,0,3,4.44,3.0,0.0,0.0,2.0,2.0,5.0,0.0,3.0,2.0,7.44,2
22500040,ORL,BKN,80.2,80.0,"('Jonathan Isaac', 'Wendell Carter Jr.')",1.8666666666666665,2,3,8,0,1,1,3,2,0,0,3,4.44,3.0,0.0,0.0,2.0,2.0,5.0,0.0,3.0,2.0,7.44,2
22500040,ORL,BKN,80.2,80.0,"('Tristan da Silva', 'Wendell Carter Jr.')",1.8666666666666665,2,3,8,0,1,1,3,2,0,0,3,4.44,3.0,0.0,0.0,2.0,2.0,5.0,0.0,3.0,2.0,7.44,2
22500040,ORL,BKN,78.2,80.2,"('Anthony Black', 'Goga Bitadze')",1.6166666666666667,1,0,5,2,1,0,2,1,0,0,0,3.0,4.0,0.0,0.0,0.0,0.0,3.0,2.0,0.0,2.0,7.0,2
22500040,ORL,BKN,78.2,80.2,"('Anthony Black', 'Jalen Suggs')",1.6166666666666667,1,0,5,2,1,0,2,1,0,0,0,3.0,4.0,0.0,0.0,0.0,0.0,3.0,2.0,0.0,2.0,7.0,2
22500040,ORL,BKN,78.2,80.2,"('Anthony Black', 'Jett Howard')",1.6166666666666667,1,0,5,2,1,0,2,1,0,0,0,3.0,4.0,0.0,0.0,0.0,0.0,3.0,2.0,0.0,2.0,7.0,2
22500040,ORL,BKN,78.2,80.2,"('Anthony Black', 'Tyus Jones')",1.6166666666666667,1,0,5,2,1,0,2,1,0,0,0,3.0,4.0,0.0,0.0,0.0,0.0,3.0,2.0,0.0,2.0,7.0,2
22500040,ORL,BKN,78.2,80.2,"('Goga Bitadze', 'Jalen Suggs')",1.6166666666666667,1,0,5,2,1,0,2,1,0,0,0,3.0,4.0,0.0,0.0,0.0,0.0,3.0,2.0,0.0,2.0,7.0,2
22500040,ORL,BKN,78.2,80.2,"('Goga Bitadze', 'Jett Howard')",1.6166666666666667,1,0,5,2,1,0,2,1,0,0,0,3.0,4.0,0.0,0.0,0.0,0.0,3.0,2.0,0.0,2.0,7.0,2
22500040,ORL,BKN,78.2,80.2,"('Goga Bitadze', 'Tyus Jones')",1.6166666666666667,1,0,5,2,1,0,2,1,0,0,0,3.0,4.0,0.0,0.0,0.0,0.0,3.0,2.0,0.0,2.0,7.0,2
22500040,ORL,BKN,78.2,80.2,"('Jalen Suggs', 'Jett Howard')",1.6166666666666667,1,0,5,2,1,0,2,1,0,0,0,3.0,4.0,0.0,0.0,0.0,0.0,3.0,2.0,0.0,2.0,7.0,2
22500040,ORL,BKN,78.2,80.2,"('Jalen Suggs', 'Tyus Jones')",1.6166666666666667,1,0,5,2,1,0,2,1,0,0,0,3.0,4.0,0.0,0.0,0.0,0.0,3.0,2.0,0.0,2.0,7.0,2
22500040,ORL,BKN,78.2,80.2,"('Jett Howard', 'Tyus Jones')",1.6166666666666667,1,0,5,2,1,0,2,1,0,0,0,3.0,4.0,0.0,0.0,0.0,0.0,3.0,2.0,0.0,2.0,7.0,2
22500040,ORL,BKN,80.4,80.4,"('Anthony Black', 'Desmond Bane')",0.9666666666666668,3,4,2,2,0,0,0,0,0,1,1,1.88,1.88,0.0,0.0,2.0,2.0,0.0,0.0,0.0,0.0,3.76,2
22500040,ORL,BKN,80.4,80.4,"('Anthony Black', 'Franz Wagner')",0.9666666666666668,3,4,2,2,0,0,0,0,0,1,1,1.88,1.88,0.0,0.0,2.0,2.0,0.0,0.0,0.0,0.0,3.76,2
22500040,ORL,BKN,80.4,80.4,"('Anthony Black', 'Goga Bitadze')",0.9666666666666668,3,4,2,2,0,0,0,0,0,1,1,1.88,1.88,0.0,0.0,2.0,2.0,0.0,0.0,0.0,0.0,3.76,2
22500040,ORL,BKN,80.4,80.4,"('Anthony Black', 'Tristan da Silva')",0.9666666666666668,3,4,2,2,0,0,0,0,0,1,1,1.88,1.88,0.0,0.0,2.0,2.0,0.0,0.0,0.0,0.0,3.76,2
22500040,ORL,BKN,80.4,80.4,"('Desmond Bane', 'Franz Wagner')",0.9666666666666668,3,4,2,2,0,0,0,0,0,1,1,1.88,1.88,0.0,0.0,2.0,2.0,0.0,0.0,0.0,0.0,3.76,2
22500040,ORL,BKN,80.4,80.4,"('Desmond Bane', 'Goga Bitadze')",0.9666666666666668,3,4,2,2,0,0,0,0,0,1,1,1.88,1.88,0.0,0.0,2.0,2.0,0.0,0.0,0.0,0.0,3.76,2
22500040,ORL,BKN,80.4,80.4,"('Desmond Bane', 'Tristan da Silva')",0.9666666666666668,3,4,2,2,0,0,0,0,0,1,1,1.88,1.88,0.0,0.0,2.0,2.0,0.0,0.0,0.0,0.0,3.76,2
22500040,ORL,BKN,80.4,80.4,"('Franz Wagner', 'Goga Bitadze')",0.9666666666666668,3,4,2,2,0,0,0,0,0,1,1,1.88,1.88,0.0,0.0,2.0,2.0,0.0,0.0,0.0,0.0,3.76,2
22500040,ORL,BKN,80.4,80.4,"('Franz Wagner', 'Tristan da Silva')",0.9666666666666668,3,4,2,2,0,0,0,0,0,1,1,1.88,1.88,0.0,0.0,2.0,2.0,0.0,0.0,0.0,0.0,3.76,2
22500040,ORL,BKN,80.4,80.4,"('Goga Bitadze', 'Tristan da Silva')",0.9666666666666668,3,4,2,2,0,0,0,0,0,1,1,1.88,1.88,0.0,0.0,2.0,2.0,0.0,0.0,0.0,0.0,3.76,2
22500040,ORL,BKN,79.8,80.4,"('Desmond Bane', 'Franz Wagner')",4.666666666666665,3,9,4,5,4,1,0,2,0,2,2,9.32,9.0,3.0,0.0,0.0,0.0,2.0,2.0,0.0,4.0,18.32,2
22500040,ORL,BKN,79.8,80.4,"('Desmond Bane', 'Jalen Suggs')",4.666666666666665,3,9,4,5,4,1,0,2,0,2,2,9.32,9.0,3.0,0.0,0.0,0.0,2.0,2.0,0.0,4.0,18.32,2
22500040,ORL,BKN,79.8,80.4,"('Desmond Bane', 'Tristan da Silva')",4.666666666666665,3,9,4,5,4,1,0,2,0,2,2,9.32,9.0,3.0,0.0,0.0,0.0,2.0,2.0,0.0,4.0,18.32,2
22500040,ORL,BKN,79.8,80.4,"('Desmond Bane', 'Wendell Carter Jr.')",4.666666666666665,3,9,4,5,4,1,0,2,0,2,2,9.32,9.0,3.0,0.0,0.0,0.0,2.0,2.0,0.0,4.0,18.32,2
22500040,ORL,BKN,79.8,80.4,"('Franz Wagner', 'Jalen Suggs')",4.666666666666665,3,9,4,5,4,1,0,2,0,2,2,9.32,9.0,3.0,0.0,0.0,0.0,2.0,2.0,0.0,4.0,18.32,2
22500040,ORL,BKN,79.8,80.4,"('Franz Wagner', 'Tristan da Silva')",4.666666666666665,3,9,4,5,4,1,0,2,0,2,2,9.32,9.0,3.0,0.0,0.0,0.0,2.0,2.0,0.0,4.0,18.32,2
22500040,ORL,BKN,79.8,80.4,"('Franz Wagner', 'Wendell Carter Jr.')",4.666666666666665,3,9,4,5,4,1,0,2,0,2,2,9.32,9.0,3.0,0.0,0.0,0.0,2.0,2.0,0.0,4.0,18.32,2
22500040,ORL,BKN,79.8,80.4,"('Jalen Suggs', 'Tristan da Silva')",4.666666666666665,3,9,4,5,4,1,0,2,0,2,2,9.32,9.0,3.0,0.0,0.0,0.0,2.0,2.0,0.0,4.0,18.32,2
22500040,ORL,BKN,79.8,80.4,"('Jalen Suggs', 'Wendell Carter Jr.')",4.666666666666665,3,9,4,5,4,1,0,2,0,2,2,9.32,9.0,3.0,0.0,0.0,0.0,2.0,2.0,0.0,4.0,18.32,2
22500040,ORL,BKN,79.8,80.4,"('Tristan da Silva', 'Wendell Carter Jr.')",4.666666666666665,3,9,4,5,4,1,0,2,0,2,2,9.32,9.0,3.0,0.0,0.0,0.0,2.0,2.0,0.0,4.0,18.32,2
22500040,ORL,BKN,80.4,80.0,"('Anthony Black', 'Desmond Bane')",1.3666666666666665,3,2,6,0,1,1,2,0,0,0,0,2.0,2.44,0.0,0.0,0.0,2.0,0.0,0.0,0.0,2.0,4.44,2
22500040,ORL,BKN,80.4,80.0,"('Anthony Black', 'Franz Wagner')",1.3666666666666665,3,2,6,0,1,1,2,0,0,0,0,2.0,2.44,0.0,0.0,0.0,2.0,0.0,0.0,0.0,2.0,4.44,2
22500040,ORL,BKN,80.4,80.0,"('Anthony Black', 'Goga Bitadze')",1.3666666666666665,3,2,6,0,1,1,2,0,0,0,0,2.0,2.44,0.0,0.0,0.0,2.0,0.0,0.0,0.0,2.0,4.44,2
22500040,ORL,BKN,80.4,80.0,"('Anthony Black', 'Jett Howard')",1.3666666666666665,3,2,6,0,1,1,2,0,0,0,0,2.0,2.44,0.0,0.0,0.0,2.0,0.0,0.0,0.0,2.0,4.44,2
22500040,ORL,BKN,80.4,80.0,"('Desmond Bane', 'Franz Wagner')",1.3666666666666665,3,2,6,0,1,1,2,0,0,0,0,2.0,2.44,0.0,0.0,0.0,2.0,0.0,0.0,0.0,2.0,4.44,2
22500040,ORL,BKN,80.4,80.0,"('Desmond Bane', 'Goga Bitadze')",1.3666666666666665,3,2,6,0,1,1,2,0,0,0,0,2.0,2.44,0.0,0.0,0.0,2.0,0.0,0.0,0.0,2.0,4.44,2
22500040,ORL,BKN,80.4,80.0,"('Desmond Bane', 'Jett Howard')",1.3666666666666665,3,2,6,0,1,1,2,0,0,0,0,2.0,2.44,0.0,0.0,0.0,2.0,0.0,0.0,0.0,2.0,4.44,2
22500040,ORL,BKN,80.4,80.0,"('Franz Wagner', 'Goga Bitadze')",1.3666666666666665,3,2,6,0,1,1,2,0,0,0,0,2.0,2.44,0.0,0.0,0.0,2.0,0.0,0.0,0.0,2.0,4.44,2
22500040,ORL,BKN,80.4,80.0,"('Franz Wagner', 'Jett Howard')",1.3666666666666665,3,2,6,0,1,1,2,0,0,0,0,2.0,2.44,0.0,0.0,0.0,2.0,0.0,0.0,0.0,2.0,4.44,2
22500040,ORL,BKN,80.4,80.0,"('Goga Bitadze', 'Jett Howard')",1.3666666666666665,3,2,6,0,1,1,2,0,0,0,0,2.0,2.44,0.0,0.0,0.0,2.0,0.0,0.0,0.0,2.0,4.44,2
22500058,ORL,PHI,80.2,78.2,"('Anthony Black', 'Franz Wagner')",0.5,1,2,1,1,0,1,0,0,0,1,0,1.0,1.44,2.0,0.0,0.0,2.0,0.0,0.0,0.0,0.0,2.44,3
22500058,ORL,PHI,80.2,78.2,"('Anthony Black', 'Goga Bitadze')",0.5,1,2,1,1,0,1,0,0,0,1,0,1.0,1.44,2.0,0.0,0.0,2.0,0.0,0.0,0.0,0.0,2.44,3
22500058,ORL,PHI,80.2,78.2,"('Anthony Black', 'Jalen Suggs')",0.5,1,2,1,1,0,1,0,0,0,1,0,1.0,1.44,2.0,0.0,0.0,2.0,0.0,0.0,0.0,0.0,2.44,3
22500058,ORL,PHI,80.2,78.2,"('Anthony Black', 'Tristan da Silva')",0.5,1,2,1,1,0,1,0,0,0,1,0,1.0,1.44,2.0,0.0,0.0,2.0,0.0,0.0,0.0,0.0,2.44,3
22500058,ORL,PHI,80.2,78.2,"('Franz Wagner', 'Goga Bitadze')",0.5,1,2,1,1,0,1,0,0,0,1,0,1.0,1.44,2.0,0.0,0.0,2.0,0.0,0.0,0.0,0.0,2.44,3
22500058,ORL,PHI,80.2,78.2,"('Franz Wagner', 'Jalen Suggs')",0.5,1,2,1,1,0,1,0,0,0,1,0,1.0,1.44,2.0,0.0,0.0,2.0,0.0,0.0,0.0,0.0,2.44,3
22500058,ORL,PHI,80.2,78.2,"('Franz Wagner', 'Tristan da Silva')",0.5,1,2,1,1,0,1,0,0,0,1,0,1.0,1.44,2.0,0.0,0.0,2.0,0.0,0.0,0.0,0.0,2.44,3
22500058,ORL,PHI,80.2,78.2,"('Goga Bitadze', 'Jalen Suggs')",0.5,1,2,1,1,0,1,0,0,0,1,0,1.0,1.44,2.0,0.0,0.0,2.0,0.0,0.0,0.0,0.0,2.44,3
22500058,ORL,PHI,80.2,78.2,"('Goga Bitadze', 'Tristan da Silva')",0.5,1,2,1,1,0,1,0,0,0,1,0,1.0,1.44,2.0,0.0,0.0,2.0,0.0,0.0,0.0,0.0,2.44,3
22500058,ORL,PHI,80.2,78.2,"('Jalen Suggs', 'Tristan da Silva')",0.5,1,2,1,1,0,1,0,0,0,1,0,1.0,1.44,2.0,0.0,0.0,2.0,0.0,0.0,0.0,0.0,2.44,3
22500058,ORL,PHI,79.8,77.6,"('Desmond Bane', 'Franz Wagner')",5.066666666666665,1,11,9,7,7,2,2,0,3,3,0,13.44,13.32,2.0,4.0,2.0,10.0,0.0,0.0,0.0,0.0,26.76,3
22500058,ORL,PHI,79.8,77.6,"('Desmond Bane', 'Jalen Suggs')",5.066666666666665,1,11,9,7,7,2,2,0,3,3,0,13.44,13.32,2.0,4.0,2.0,10.0,0.0,0.0,0.0,0.0,26.76,3
22500058,ORL,PHI,79.8,77.6,"('Desmond Bane', 'Tristan da Silva')",5.066666666666665,1,11,9,7,7,2,2,0,3,3,0,13.44,13.32,2.0,4.0,2.0,10.0,0.0,0.0,0.0,0.0,26.76,3
22500058,ORL,PHI,79.8,77.6,"('Desmond Bane', 'Wendell Carter Jr.')",5.066666666666665,1,11,9,7,7,2,2,0,3,3,0,13.44,13.32,2.0,4.0,2.0,10.0,0.0,0.0,0.0,0.0,26.76,3
22500058,ORL,PHI,79.8,77.6,"('Franz Wagner', 'Jalen Suggs')",5.066666666666665,1,11,9,7,7,2,2,0,3,3,0,13.44,13.32,2.0,4.0,2.0,10.0,0.0,0.0,0.0,0.0,26.76,3
22500058,ORL,PHI,79.8,77.6,"('Franz Wagner', 'Tristan da Silva')",5.066666666666665,1,11,9,7,7,2,2,0,3,3,0,13.44,13.32,2.0,4.0,2.0,10.0,0.0,0.0,0.0,0.0,26.76,3
22500058,ORL,PHI,79.8,77.6,"('Franz Wagner', 'Wendell Carter Jr.')",5.066666666666665,1,11,9,7,7,2,2,0,3,3,0,13.44,13.32,2.0,4.0,2.0,10.0,0.0,0.0,0.0,0.0,26.76,3
22500058,ORL,PHI,79.8,77.6,"('Jalen Suggs', 'Tristan da Silva')",5.066666666666665,1,11,9,7,7,2,2,0,3,3,0,13.44,13.32,2.0,4.0,2.0,10.0,0.0,0.0,0.0,0.0,26.76,3
22500058,ORL,PHI,79.8,77.6,"('Jalen Suggs', 'Wendell Carter Jr.')",5.066666666666665,1,11,9,7,7,2,2,0,3,3,0,13.44,13.32,2.0,4.0,2.0,10.0,0.0,0.0,0.0,0.0,26.76,3
22500058,ORL,PHI,79.8,77.6,"('Tristan da Silva', 'Wendell Carter Jr.')",5.066666666666665,1,11,9,7,7,2,2,0,3,3,0,13.44,13.32,2.0,4.0,2.0,10.0,0.0,0.0,0.0,0.0,26.76,3
22500058,ORL,PHI,80.0,77.6,"('Anthony Black', 'Franz Wagner')",1.2833333333333334,1,2,4,2,2,0,1,0,0,1,1,2.88,3.0,0.0,0.0,0.0,0.0,0.0,0.0,0.0,4.0,5.88,3
22500058,ORL,PHI,80.0,77.6,"('Anthony Black', 'Jalen Suggs')",1.2833333333333334,1,2,4,2,2,0,1,0,0,1,1,2.88,3.0,0.0,0.0,0.0,0.0,0.0,0.0,0.0,4.0,5.88,3
22500058,ORL,PHI,80.0,77.6,"('Anthony Black', 'Tristan da Silva')",1.2833333333333334,1,2,4,2,2,0,1,0,0,1,1,2.88,3.0,0.0,0.0,0.0,0.0,0.0,0.0,0.0,4.0,5.88,3
22500058,ORL,PHI,80.0,77.6,"('Anthony Black', 'Wendell Carter Jr.')",1.2833333333333334,1,2,4,2,2,0,1,0,0,1,1,2.88,3.0,0.0,0.0,0.0,0.0,0.0,0.0,0.0,4.0,5.88,3
22500058,ORL,PHI,80.0,77.6,"('Franz Wagner', 'Jalen Suggs')",1.2833333333333334,1,2,4,2,2,0,1,0,0,1,1,2.88,3.0,0.0,0.0,0.0,0.0,0.0,0.0,0.0,4.0,5.88,3
22500058,ORL,PHI,80.0,77.6,"('Franz Wagner', 'Tristan da Silva')",1.2833333333333334,1,2,4,2,2,0,1,0,0,1,1,2.88,3.0,0.0,0.0,0.0,0.0,0.0,0.0,0.0,4.0,5.88,3
22500058,ORL,PHI,80.0,77.6,"('Franz Wagner', 'Wendell Carter Jr.')",1.2833333333333334,1,2,4,2,2,0,1,0,0,1,1,2.88,3.0,0.0,0.0,0.0,0.0,0.0,0.0,0.0,4.0,5.88,3
22500058,ORL,PHI,80.0,77.6,"('Jalen Suggs', 'Tristan da Silva')",1.2833333333333334,1,2,4,2,2,0,1,0,0,1,1,2.88,3.0,0.0,0.0,0.0,0.0,0.0,0.0,0.0,4.0,5.88,3
22500058,ORL,PHI,80.0,77.6,"('Jalen Suggs', 'Wendell Carter Jr.')",1.2833333333333334,1,2,4,2,2,0,1,0,0,1,1,2.88,3.0,0.0,0.0,0.0,0.0,0.0,0.0,0.0,4.0,5.88,3
22500058,ORL,PHI,80.0,77.6,"('Tristan da Silva', 'Wendell Carter Jr.')",1.2833333333333334,1,2,4,2,2,0,1,0,0,1,1,2.88,3.0,0.0,0.0,0.0,0.0,0.0,0.0,0.0,4.0,5.88,3
22500058,ORL,PHI,78.2,78.2,"('Anthony Black', 'Desmond Bane')",4.008333333333333,1,18,14,3,1,2,2,1,1,2,3,9.2,7.76,0.0,3.0,4.0,4.0,2.0,2.0,0.0,10.0,16.96,3
22500058,ORL,PHI,78.2,78.2,"('Anthony Black', 'Goga Bitadze')",4.008333333333333,1,18,14,3,1,2,2,1,1,2,3,9.2,7.76,0.0,3.0,4.0,4.0,2.0,2.0,0.0,10.0,16.96,3
22500058,ORL,PHI,78.2,78.2,"('Anthony Black', 'Noah Penda')",4.008333333333333,1,18,14,3,1,2,2,1,1,2,3,9.2,7.76,0.0,3.0,4.0,4.0,2.0,2.0,0.0,10.0,16.96,3
22500058,ORL,PHI,78.2,78.2,"('Anthony Black', 'Tyus Jones')",4.008333333333333,1,18,14,3,1,2,2,1,1,2,3,9.2,7.76,0.0,3.0,4.0,4.0,2.0,2.0,0.0,10.0,16.96,3
22500058,ORL,PHI,78.2,78.2,"('Desmond Bane', 'Goga Bitadze')",4.008333333333333,1,18,14,3,1,2,2,1,1,2,3,9.2,7.76,0.0,3.0,4.0,4.0,2.0,2.0,0.0,10.0,16.96,3
22500058,ORL,PHI,78.2,78.2,"('Desmond Bane', 'Noah Penda')",4.008333333333333,1,18,14,3,1,2,2,1,1,2,3,9.2,7.76,0.0,3.0,4.0,4.0,2.0,2.0,0.0,10.0,16.96,3
22500058,ORL,PHI,78.2,78.2,"('Desmond Bane', 'Tyus Jones')",4.008333333333333,1,18,14,3,1,2,2,1,1,2,3,9.2,7.76,0.0,3.0,4.0,4.0,2.0,2.0,0.0,10.0,16.96,3
22500058,ORL,PHI,78.2,78.2,"('Goga Bitadze', 'Noah Penda')",4.008333333333333,1,18,14,3,1,2,2,1,1,2,3,9.2,7.76,0.0,3.0,4.0,4.0,2.0,2.0,0.0,10.0,16.96,3
22500058,ORL,PHI,78.2,78.2,"('Goga Bitadze', 'Tyus Jones')",4.008333333333333,1,18,14,3,1,2,2,1,1,2,3,9.2,7.76,0.0,3.0,4.0,4.0,2.0,2.0,0.0,10.0,16.96,3
22500058,ORL,PHI,78.2,78.2,"('Noah Penda', 'Tyus Jones')",4.008333333333333,1,18,14,3,1,2,2,1,1,2,3,9.2,7.76,0.0,3.0,4.0,4.0,2.0,2.0,0.0,10.0,16.96,3
22500058,ORL,PHI,78.6,78.6,"('Jamal Cain', 'Jase Richardson')",6.439999999999999,4,11,14,7,8,1,4,0,3,1,4,13.08,12.0,0.0,2.0,0.0,4.0,0.0,0.0,4.0,8.0,25.08,3
22500058,ORL,PHI,78.6,78.6,"('Jamal Cain', 'Jett Howard')",6.439999999999999,4,11,14,7,8,1,4,0,3,1,4,13.08,12.0,0.0,2.0,0.0,4.0,0.0,0.0,4.0,8.0,25.08,3
22500058,ORL,PHI,78.6,78.6,"('Jamal Cain', 'Noah Penda')",6.439999999999999,4,11,14,7,8,1,4,0,3,1,4,13.08,12.0,0.0,2.0,0.0,4.0,0.0,0.0,4.0,8.0,25.08,3
22500058,ORL,PHI,78.6,78.6,"('Jamal Cain', 'Orlando Robinson')",6.439999999999999,4,11,14,7,8,1,4,0,3,1,4,13.08,12.0,0.0,2.0,0.0,4.0,0.0,0.0,4.0,8.0,25.08,3
22500058,ORL,PHI,78.6,78.6,"('Jase Richardson', 'Jett Howard')",6.439999999999999,4,11,14,7,8,1,4,0,3,1,4,13.08,12.0,0.0,2.0,0.0,4.0,0.0,0.0,4.0,8.0,25.08,3
22500058,ORL,PHI,78.6,78.6,"('Jase Richardson', 'Noah Penda')",6.439999999999999,4,11,14,7,8,1,4,0,3,1,4,13.08,12.0,0.0,2.0,0.0,4.0,0.0,0.0,4.0,8.0,25.08,3
22500058,ORL,PHI,78.6,78.6,"('Jase Richardson', 'Orlando Robinson')",6.439999999999999,4,11,14,7,8,1,4,0,3,1,4,13.08,12.0,0.0,2.0,0.0,4.0,0.0,0.0,4.0,8.0,25.08,3
22500058,ORL,PHI,78.6,78.6,"('Jett Howard', 'Noah Penda')",6.439999999999999,4,11,14,7,8,1,4,0,3,1,4,13.08,12.0,0.0,2.0,0.0,4.0,0.0,0.0,4.0,8.0,25.08,3
22500058,ORL,PHI,78.6,78.6,"('Jett Howard', 'Orlando Robinson')",6.439999999999999,4,11,14,7,8,1,4,0,3,1,4,13.08,12.0,0.0,2.0,0.0,4.0,0.0,0.0,4.0,8.0,25.08,3
22500058,ORL,PHI,78.6,78.6,"('Noah Penda', 'Orlando Robinson')",6.439999999999999,4,11,14,7,8,1,4,0,3,1,4,13.08,12.0,0.0,2.0,0.0,4.0,0.0,0.0,4.0,8.0,25.08,3
22500058,ORL,PHI,78.4,78.4,"('Desmond Bane', 'Goga Bitadze')",1.933333333333333,4,0,0,2,2,0,0,1,2,3,0,3.0,4.0,0.0,0.0,0.0,0.0,0.0,0.0,0.0,0.0,7.0,3
22500058,ORL,PHI,78.4,78.4,"('Desmond Bane', 'Jett Howard')",1.933333333333333,4,0,0,2,2,0,0,1,2,3,0,3.0,4.0,0.0,0.0,0.0,0.0,0.0,0.0,0.0,0.0,7.0,3
22500058,ORL,PHI,78.4,78.4,"('Desmond Bane', 'Noah Penda')",1.933333333333333,4,0,0,2,2,0,0,1,2,3,0,3.0,4.0,0.0,0.0,0.0,0.0,0.0,0.0,0.0,0.0,7.0,3
22500058,ORL,PHI,78.4,78.4,"('Desmond Bane', 'Tyus Jones')",1.933333333333333,4,0,0,2,2,0,0,1,2,3,0,3.0,4.0,0.0,0.0,0.0,0.0,0.0,0.0,0.0,0.0,7.0,3
22500058,ORL,PHI,78.4,78.4,"('Goga Bitadze', 'Jett Howard')",1.933333333333333,4,0,0,2,2,0,0,1,2,3,0,3.0,4.0,0.0,0.0,0.0,0.0,0.0,0.0,0.0,0.0,7.0,3
22500058,ORL,PHI,78.4,78.4,"('Goga Bitadze', 'Noah Penda')",1.933333333333333,4,0,0,2,2,0,0,1,2,3,0,3.0,4.0,0.0,0.0,0.0,0.0,0.0,0.0,0.0,0.0,7.0,3
22500058,ORL,PHI,78.4,78.4,"('Goga Bitadze', 'Tyus Jones')",1.933333333333333,4,0,0,2,2,0,0,1,2,3,0,3.0,4.0,0.0,0.0,0.0,0.0,0.0,0.0,0.0,0.0,7.0,3
22500058,ORL,PHI,78.4,78.4,"('Jett Howard', 'Noah Penda')",1.933333333333333,4,0,0,2,2,0,0,1,2,3,0,3.0,4.0,0.0,0.0,0.0,0.0,0.0,0.0,0.0,0.0,7.0,3
22500058,ORL,PHI,78.4,78.4,"('Jett Howard', 'Tyus Jones')",1.933333333333333,4,0,0,2,2,0,0,1,2,3,0,3.0,4.0,0.0,0.0,0.0,0.0,0.0,0.0,0.0,0.0,7.0,3
22500058,ORL,PHI,78.4,78.4,"('Noah Penda', 'Tyus Jones')",1.933333333333333,4,0,0,2,2,0,0,1,2,3,0,3.0,4.0,0.0,0.0,0.0,0.0,0.0,0.0,0.0,0.0,7.0,3
22500058,ORL,PHI,78.8,77.8,"('Goga Bitadze', 'Jamal Cain')",2.833333333333334,4,9,4,2,1,4,1,2,2,0,1,8.0,6.0,2.0,2.0,3.0,6.0,2.0,2.0,0.0,4.0,14.0,3
22500058,ORL,PHI,78.8,77.8,"('Goga Bitadze', 'Jase Richardson')",2.833333333333334,4,9,4,2,1,4,1,2,2,0,1,8.0,6.0,2.0,2.0,3.0,6.0,2.0,2.0,0.0,4.0,14.0,3
22500058,ORL,PHI,78.8,77.8,"('Goga Bitadze', 'Jett Howard')",2.833333333333334,4,9,4,2,1,4,1,2,2,0,1,8.0,6.0,2.0,2.0,3.0,6.0,2.0,2.0,0.0,4.0,14.0,3
22500058,ORL,PHI,78.8,77.8,"('Goga Bitadze', 'Noah Penda')",2.833333333333334,4,9,4,2,1,4,1,2,2,0,1,8.0,6.0,2.0,2.0,3.0,6.0,2.0,2.0,0.0,4.0,14.0,3
22500058,ORL,PHI,78.8,77.8,"('Jamal Cain', 'Jase Richardson')",2.833333333333334,4,9,4,2,1,4,1,2,2,0,1,8.0,6.0,2.0,2.0,3.0,6.0,2.0,2.0,0.0,4.0,14.0,3
22500058,ORL,PHI,78.8,77.8,"('Jamal Cain', 'Jett Howard')",2.833333333333334,4,9,4,2,1,4,1,2,2,0,1,8.0,6.0,2.0,2.0,3.0,6.0,2.0,2.0,0.0,4.0,14.0,3
22500058,ORL,PHI,78.8,77.8,"('Jamal Cain', 'Noah Penda')",2.833333333333334,4,9,4,2,1,4,1,2,2,0,1,8.0,6.0,2.0,2.0,3.0,6.0,2.0,2.0,0.0,4.0,14.0,3
22500058,ORL,PHI,78.8,77.8,"('Jase Richardson', 'Jett Howard')",2.833333333333334,4,9,4,2,1,4,1,2,2,0,1,8.0,6.0,2.0,2.0,3.0,6.0,2.0,2.0,0.0,4.0,14.0,3
22500058,ORL,PHI,78.8,77.8,"('Jase Richardson', 'Noah Penda')",2.833333333333334,4,9,4,2,1,4,1,2,2,0,1,8.0,6.0,2.0,2.0,3.0,6.0,2.0,2.0,0.0,4.0,14.0,3
22500058,ORL,PHI,78.8,77.8,"('Jett Howard', 'Noah Penda')",2.833333333333334,4,9,4,2,1,4,1,2,2,0,1,8.0,6.0,2.0,2.0,3.0,6.0,2.0,2.0,0.0,4.0,14.0,3
22500058,ORL,PHI,78.6,77.8,"('Anthony Black', 'Franz Wagner')",0.9666666666666668,1,2,7,2,1,1,1,1,0,1,1,3.0,3.88,0.0,0.0,0.0,2.0,2.0,5.0,0.0,2.0,6.88,3
22500058,ORL,PHI,78.6,77.8,"('Anthony Black', 'Goga Bitadze')",0.9666666666666668,1,2,7,2,1,1,1,1,0,1,1,3.0,3.88,0.0,0.0,0.0,2.0,2.0,5.0,0.0,2.0,6.88,3
22500058,ORL,PHI,78.6,77.8,"('Anthony Black', 'Jalen Suggs')",0.9666666666666668,1,2,7,2,1,1,1,1,0,1,1,3.0,3.88,0.0,0.0,0.0,2.0,2.0,5.0,0.0,2.0,6.88,3
22500058,ORL,PHI,78.6,77.8,"('Anthony Black', 'Tyus Jones')",0.9666666666666668,1,2,7,2,1,1,1,1,0,1,1,3.0,3.88,0.0,0.0,0.0,2.0,2.0,5.0,0.0,2.0,6.88,3
22500058,ORL,PHI,78.6,77.8,"('Franz Wagner', 'Goga Bitadze')",0.9666666666666668,1,2,7,2,1,1,1,1,0,1,1,3.0,3.88,0.0,0.0,0.0,2.0,2.0,5.0,0.0,2.0,6.88,3
22500058,ORL,PHI,78.6,77.8,"('Franz Wagner', 'Jalen Suggs')",0.9666666666666668,1,2,7,2,1,1,1,1,0,1,1,3.0,3.88,0.0,0.0,0.0,2.0,2.0,5.0,0.0,2.0,6.88,3
22500058,ORL,PHI,78.6,77.8,"('Franz Wagner', 'Tyus Jones')",0.9666666666666668,1,2,7,2,1,1,1,1,0,1,1,3.0,3.88,0.0,0.0,0.0,2.0,2.0,5.0,0.0,2.0,6.88,3
22500058,ORL,PHI,78.6,77.8,"('Goga Bitadze', 'Jalen Suggs')",0.9666666666666668,1,2,7,2,1,1,1,1,0,1,1,3.0,3.88,0.0,0.0,0.0,2.0,2.0,5.0,0.0,2.0,6.88,3
22500058,ORL,PHI,78.6,77.8,"('Goga Bitadze', 'Tyus Jones')",0.9666666666666668,1,2,7,2,1,1,1,1,0,1,1,3.0,3.88,0.0,0.0,0.0,2.0,2.0,5.0,0.0,2.0,6.88,3
22500058,ORL,PHI,78.6,77.8,"('Jalen Suggs', 'Tyus Jones')",0.9666666666666668,1,2,7,2,1,1,1,1,0,1,1,3.0,3.88,0.0,0.0,0.0,2.0,2.0,5.0,0.0,2.0,6.88,3
22500058,ORL,PHI,79.6,78.6,"('Anthony Black', 'Desmond Bane')",2.799999999999999,2,15,7,2,2,5,1,0,2,1,0,8.0,7.32,2.0,5.0,2.0,6.0,0.0,0.0,0.0,4.0,15.32,3
22500058,ORL,PHI,79.6,78.6,"('Anthony Black', 'Franz Wagner')",2.799999999999999,2,15,7,2,2,5,1,0,2,1,0,8.0,7.32,2.0,5.0,2.0,6.0,0.0,0.0,0.0,4.0,15.32,3
22500058,ORL,PHI,79.6,78.6,"('Anthony Black', 'Jalen Suggs')",2.799999999999999,2,15,7,2,2,5,1,0,2,1,0,8.0,7.32,2.0,5.0,2.0,6.0,0.0,0.0,0.0,4.0,15.32,3
22500058,ORL,PHI,79.6,78.6,"('Anthony Black', 'Wendell Carter Jr.')",2.799999999999999,2,15,7,2,2,5,1,0,2,1,0,8.0,7.32,2.0,5.0,2.0,6.0,0.0,0.0,0.0,4.0,15.32,3
22500058,ORL,PHI,79.6,78.6,"('Desmond Bane', 'Franz Wagner')",2.799999999999999,2,15,7,2,2,5,1,0,2,1,0,8.0,7.32,2.0,5.0,2.0,6.0,0.0,0.0,0.0,4.0,15.32,3
22500058,ORL,PHI,79.6,78.6,"('Desmond Bane', 'Jalen Suggs')",2.799999999999999,2,15,7,2,2,5,1,0,2,1,0,8.0,7.32,2.0,5.0,2.0,6.0,0.0,0.0,0.0,4.0,15.32,3
22500058,ORL,PHI,79.6,78.6,"('Desmond Bane', 'Wendell Carter Jr.')",2.799999999999999,2,15,7,2,2,5,1,0,2,1,0,8.0,7.32,2.0,5.0,2.0,6.0,0.0,0.0,0.0,4.0,15.32,3
22500058,ORL,PHI,79.6,78.6,"('Franz Wagner', 'Jalen Suggs')",2.799999999999999,2,15,7,2,2,5,1,0,2,1,0,8.0,7.32,2.0,5.0,2.0,6.0,0.0,0.0,0.0,4.0,15.32,3
22500058,ORL,PHI,79.6,78.6,"('Franz Wagner', 'Wendell Carter Jr.')",2.799999999999999,2,15,7,2,2,5,1,0,2,1,0,8.0,7.32,2.0,5.0,2.0,6.0,0.0,0.0,0.0,4.0,15.32,3
22500058,ORL,PHI,79.6,78.6,"('Jalen Suggs', 'Wendell Carter Jr.')",2.799999999999999,2,15,7,2,2,5,1,0,2,1,0,8.0,7.32,2.0,5.0,2.0,6.0,0.0,0.0,0.0,4.0,15.32,3
22500058,ORL,PHI,79.8,77.4,"('Desmond Bane', 'Franz Wagner')",1.3733333333333333,2,5,7,0,2,2,1,0,1,0,2,3.44,4.32,2.0,2.0,0.0,4.0,0.0,0.0,0.0,4.0,7.76,3
22500058,ORL,PHI,79.8,77.4,"('Desmond Bane', 'Jalen Suggs')",1.3733333333333333,2,5,7,0,2,2,1,0,1,0,2,3.44,4.32,2.0,2.0,0.0,4.0,0.0,0.0,0.0,4.0,7.76,3
22500058,ORL,PHI,79.8,77.4,"('Desmond Bane', 'Jett Howard')",1.3733333333333333,2,5,7,0,2,2,1,0,1,0,2,3.44,4.32,2.0,2.0,0.0,4.0,0.0,0.0,0.0,4.0,7.76,3
22500058,ORL,PHI,79.8,77.4,"('Desmond Bane', 'Wendell Carter Jr.')",1.3733333333333333,2,5,7,0,2,2,1,0,1,0,2,3.44,4.32,2.0,2.0,0.0,4.0,0.0,0.0,0.0,4.0,7.76,3
22500058,ORL,PHI,79.8,77.4,"('Franz Wagner', 'Jalen Suggs')",1.3733333333333333,2,5,7,0,2,2,1,0,1,0,2,3.44,4.32,2.0,2.0,0.0,4.0,0.0,0.0,0.0,4.0,7.76,3
22500058,ORL,PHI,79.8,77.4,"('Franz Wagner', 'Jett Howard')",1.3733333333333333,2,5,7,0,2,2,1,0,1,0,2,3.44,4.32,2.0,2.0,0.0,4.0,0.0,0.0,0.0,4.0,7.76,3
22500058,ORL,PHI,79.8,77.4,"('Franz Wagner', 'Wendell Carter Jr.')",1.3733333333333333,2,5,7,0,2,2,1,0,1,0,2,3.44,4.32,2.0,2.0,0.0,4.0,0.0,0.0,0.0,4.0,7.76,3
22500058,ORL,PHI,79.8,77.4,"('Jalen Suggs', 'Jett Howard')",1.3733333333333333,2,5,7,0,2,2,1,0,1,0,2,3.44,4.32,2.0,2.0,0.0,4.0,0.0,0.0,0.0,4.0,7.76,3
22500058,ORL,PHI,79.8,77.4,"('Jalen Suggs', 'Wendell Carter Jr.')",1.3733333333333333,2,5,7,0,2,2,1,0,1,0,2,3.44,4.32,2.0,2.0,0.0,4.0,0.0,0.0,0.0,4.0,7.76,3
22500058,ORL,PHI,79.8,77.4,"('Jett Howard', 'Wendell Carter Jr.')",1.3733333333333333,2,5,7,0,2,2,1,0,1,0,2,3.44,4.32,2.0,2.0,0.0,4.0,0.0,0.0,0.0,4.0,7.76,3
22500058,ORL,PHI,80.0,77.4,"('Desmond Bane', 'Franz Wagner')",0.0,2,0,0,0,0,0,0,0,0,0,0,0.0,0.0,0.0,0.0,0.0,0.0,0.0,0.0,0.0,0.0,0.0,3
22500058,ORL,PHI,80.0,77.4,"('Desmond Bane', 'Goga Bitadze')",0.0,2,0,0,0,0,0,0,0,0,0,0,0.0,0.0,0.0,0.0,0.0,0.0,0.0,0.0,0.0,0.0,0.0,3
22500058,ORL,PHI,80.0,77.4,"('Desmond Bane', 'Jalen Suggs')",0.0,2,0,0,0,0,0,0,0,0,0,0,0.0,0.0,0.0,0.0,0.0,0.0,0.0,0.0,0.0,0.0,0.0,3
22500058,ORL,PHI,80.0,77.4,"('Desmond Bane', 'Jett Howard')",0.0,2,0,0,0,0,0,0,0,0,0,0,0.0,0.0,0.0,0.0,0.0,0.0,0.0,0.0,0.0,0.0,0.0,3
22500058,ORL,PHI,80.0,77.4,"('Franz Wagner', 'Goga Bitadze')",0.0,2,0,0,0,0,0,0,0,0,0,0,0.0,0.0,0.0,0.0,0.0,0.0,0.0,0.0,0.0,0.0,0.0,3
22500058,ORL,PHI,80.0,77.4,"('Franz Wagner', 'Jalen Suggs')",0.0,2,0,0,0,0,0,0,0,0,0,0,0.0,0.0,0.0,0.0,0.0,0.0,0.0,0.0,0.0,0.0,0.0,3
22500058,ORL,PHI,80.0,77.4,"('Franz Wagner', 'Jett Howard')",0.0,2,0,0,0,0,0,0,0,0,0,0,0.0,0.0,0.0,0.0,0.0,0.0,0.0,0.0,0.0,0.0,0.0,3
22500058,ORL,PHI,80.0,77.4,"('Goga Bitadze', 'Jalen Suggs')",0.0,2,0,0,0,0,0,0,0,0,0,0,0.0,0.0,0.0,0.0,0.0,0.0,0.0,0.0,0.0,0.0,0.0,3
22500058,ORL,PHI,80.0,77.4,"('Goga Bitadze', 'Jett Howard')",0.0,2,0,0,0,0,0,0,0,0,0,0,0.0,0.0,0.0,0.0,0.0,0.0,0.0,0.0,0.0,0.0,0.0,3
22500058,ORL,PHI,80.0,77.4,"('Jalen Suggs', 'Jett Howard')",0.0,2,0,0,0,0,0,0,0,0,0,0,0.0,0.0,0.0,0.0,0.0,0.0,0.0,0.0,0.0,0.0,0.0,3
22500058,ORL,PHI,80.2,77.4,"('Anthony Black', 'Desmond Bane')",0.0,2,1,0,0,0,0,0,0,0,0,0,0.44,0.0,0.0,0.0,0.0,0.0,0.0,0.0,0.0,0.0,0.44,3
22500058,ORL,PHI,80.2,77.4,"('Anthony Black', 'Franz Wagner')",0.0,2,1,0,0,0,0,0,0,0,0,0,0.44,0.0,0.0,0.0,0.0,0.0,0.0,0.0,0.0,0.0,0.44,3
22500058,ORL,PHI,80.2,77.4,"('Anthony Black', 'Jett Howard')",0.0,2,1,0,0,0,0,0,0,0,0,0,0.44,0.0,0.0,0.0,0.0,0.0,0.0,0.0,0.0,0.0,0.44,3
22500058,ORL,PHI,80.2,77.4,"('Anthony Black', 'Wendell Carter Jr.')",0.0,2,1,0,0,0,0,0,0,0,0,0,0.44,0.0,0.0,0.0,0.0,0.0,0.0,0.0,0.0,0.0,0.44,3
22500058,ORL,PHI,80.2,77.4,"('Desmond Bane', 'Franz Wagner')",0.0,2,1,0,0,0,0,0,0,0,0,0,0.44,0.0,0.0,0.0,0.0,0.0,0.0,0.0,0.0,0.0,0.44,3
22500058,ORL,PHI,80.2,77.4,"('Desmond Bane', 'Jett Howard')",0.0,2,1,0,0,0,0,0,0,0,0,0,0.44,0.0,0.0,0.0,0.0,0.0,0.0,0.0,0.0,0.0,0.44,3
22500058,ORL,PHI,80.2,77.4,"('Desmond Bane', 'Wendell Carter Jr.')",0.0,2,1,0,0,0,0,0,0,0,0,0,0.44,0.0,0.0,0.0,0.0,0.0,0.0,0.0,0.0,0.0,0.44,3
22500058,ORL,PHI,80.2,77.4,"('Franz Wagner', 'Jett Howard')",0.0,2,1,0,0,0,0,0,0,0,0,0,0.44,0.0,0.0,0.0,0.0,0.0,0.0,0.0,0.0,0.0,0.44,3
22500058,ORL,PHI,80.2,77.4,"('Franz Wagner', 'Wendell Carter Jr.')",0.0,2,1,0,0,0,0,0,0,0,0,0,0.44,0.0,0.0,0.0,0.0,0.0,0.0,0.0,0.0,0.0,0.44,3
22500058,ORL,PHI,80.2,77.4,"('Jett Howard', 'Wendell Carter Jr.')",0.0,2,1,0,0,0,0,0,0,0,0,0,0.44,0.0,0.0,0.0,0.0,0.0,0.0,0.0,0.0,0.0,0.44,3
22500058,ORL,PHI,78.6,77.8,"('Anthony Black', 'Desmond Bane')",0.0,2,0,0,0,0,0,0,0,0,0,0,0.0,0.0,0.0,0.0,0.0,0.0,0.0,0.0,0.0,0.0,0.0,3
22500058,ORL,PHI,78.6,77.8,"('Anthony Black', 'Franz Wagner')",0.0,2,0,0,0,0,0,0,0,0,0,0,0.0,0.0,0.0,0.0,0.0,0.0,0.0,0.0,0.0,0.0,0.0,3
22500058,ORL,PHI,78.6,77.8,"('Anthony Black', 'Tyus Jones')",0.0,2,0,0,0,0,0,0,0,0,0,0,0.0,0.0,0.0,0.0,0.0,0.0,0.0,0.0,0.0,0.0,0.0,3
22500058,ORL,PHI,78.6,77.8,"('Anthony Black', 'Wendell Carter Jr.')",0.0,2,0,0,0,0,0,0,0,0,0,0,0.0,0.0,0.0,0.0,0.0,0.0,0.0,0.0,0.0,0.0,0.0,3
22500058,ORL,PHI,78.6,77.8,"('Desmond Bane', 'Franz Wagner')",0.0,2,0,0,0,0,0,0,0,0,0,0,0.0,0.0,0.0,0.0,0.0,0.0,0.0,0.0,0.0,0.0,0.0,3
22500058,ORL,PHI,78.6,77.8,"('Desmond Bane', 'Tyus Jones')",0.0,2,0,0,0,0,0,0,0,0,0,0,0.0,0.0,0.0,0.0,0.0,0.0,0.0,0.0,0.0,0.0,0.0,3
22500058,ORL,PHI,78.6,77.8,"('Desmond Bane', 'Wendell Carter Jr.')",0.0,2,0,0,0,0,0,0,0,0,0,0,0.0,0.0,0.0,0.0,0.0,0.0,0.0,0.0,0.0,0.0,0.0,3
22500058,ORL,PHI,78.6,77.8,"('Franz Wagner', 'Tyus Jones')",0.0,2,0,0,0,0,0,0,0,0,0,0,0.0,0.0,0.0,0.0,0.0,0.0,0.0,0.0,0.0,0.0,0.0,3
22500058,ORL,PHI,78.6,77.8,"('Franz Wagner', 'Wendell Carter Jr.')",0.0,2,0,0,0,0,0,0,0,0,0,0,0.0,0.0,0.0,0.0,0.0,0.0,0.0,0.0,0.0,0.0,0.0,3
22500058,ORL,PHI,78.6,77.8,"('Tyus Jones', 'Wendell Carter Jr.')",0.0,2,0,0,0,0,0,0,0,0,0,0,0.0,0.0,0.0,0.0,0.0,0.0,0.0,0.0,0.0,0.0,0.0,3
22500058,ORL,PHI,78.0,77.8,"('Anthony Black', 'Desmond Bane')",3.8,2,14,5,5,1,3,1,2,1,1,2,9.44,7.44,2.0,2.0,4.0,10.0,0.0,0.0,0.0,4.0,16.88,3
22500058,ORL,PHI,78.0,77.8,"('Anthony Black', 'Noah Penda')",3.8,2,14,5,5,1,3,1,2,1,1,2,9.44,7.44,2.0,2.0,4.0,10.0,0.0,0.0,0.0,4.0,16.88,3
22500058,ORL,PHI,78.0,77.8,"('Anthony Black', 'Tyus Jones')",3.8,2,14,5,5,1,3,1,2,1,1,2,9.44,7.44,2.0,2.0,4.0,10.0,0.0,0.0,0.0,4.0,16.88,3
22500058,ORL,PHI,78.0,77.8,"('Anthony Black', 'Wendell Carter Jr.')",3.8,2,14,5,5,1,3,1,2,1,1,2,9.44,7.44,2.0,2.0,4.0,10.0,0.0,0.0,0.0,4.0,16.88,3
22500058,ORL,PHI,78.0,77.8,"('Desmond Bane', 'Noah Penda')",3.8,2,14,5,5,1,3,1,2,1,1,2,9.44,7.44,2.0,2.0,4.0,10.0,0.0,0.0,0.0,4.0,16.88,3
22500058,ORL,PHI,78.0,77.8,"('Desmond Bane', 'Tyus Jones')",3.8,2,14,5,5,1,3,1,2,1,1,2,9.44,7.44,2.0,2.0,4.0,10.0,0.0,0.0,0.0,4.0,16.88,3
22500058,ORL,PHI,78.0,77.8,"('Desmond Bane', 'Wendell Carter Jr.')",3.8,2,14,5,5,1,3,1,2,1,1,2,9.44,7.44,2.0,2.0,4.0,10.0,0.0,0.0,0.0,4.0,16.88,3
22500058,ORL,PHI,78.0,77.8,"('Noah Penda', 'Tyus Jones')",3.8,2,14,5,5,1,3,1,2,1,1,2,9.44,7.44,2.0,2.0,4.0,10.0,0.0,0.0,0.0,4.0,16.88,3
22500058,ORL,PHI,78.0,77.8,"('Noah Penda', 'Wendell Carter Jr.')",3.8,2,14,5,5,1,3,1,2,1,1,2,9.44,7.44,2.0,2.0,4.0,10.0,0.0,0.0,0.0,4.0,16.88,3
22500058,ORL,PHI,78.0,77.8,"('Tyus Jones', 'Wendell Carter Jr.')",3.8,2,14,5,5,1,3,1,2,1,1,2,9.44,7.44,2.0,2.0,4.0,10.0,0.0,0.0,0.0,4.0,16.88,3
22500058,ORL,PHI,80.0,77.4,"('Anthony Black', 'Desmond Bane')",0.4233333333333333,2,3,0,0,0,1,0,0,1,0,0,1.44,1.0,2.0,2.0,0.0,2.0,0.0,0.0,0.0,0.0,2.44,3
22500058,ORL,PHI,80.0,77.4,"('Anthony Black', 'Franz Wagner')",0.4233333333333333,2,3,0,0,0,1,0,0,1,0,0,1.44,1.0,2.0,2.0,0.0,2.0,0.0,0.0,0.0,0.0,2.44,3
22500058,ORL,PHI,80.0,77.4,"('Anthony Black', 'Noah Penda')",0.4233333333333333,2,3,0,0,0,1,0,0,1,0,0,1.44,1.0,2.0,2.0,0.0,2.0,0.0,0.0,0.0,0.0,2.44,3
22500058,ORL,PHI,80.0,77.4,"('Anthony Black', 'Wendell Carter Jr.')",0.4233333333333333,2,3,0,0,0,1,0,0,1,0,0,1.44,1.0,2.0,2.0,0.0,2.0,0.0,0.0,0.0,0.0,2.44,3
22500058,ORL,PHI,80.0,77.4,"('Desmond Bane', 'Franz Wagner')",0.4233333333333333,2,3,0,0,0,1,0,0,1,0,0,1.44,1.0,2.0,2.0,0.0,2.0,0.0,0.0,0.0,0.0,2.44,3
22500058,ORL,PHI,80.0,77.4,"('Desmond Bane', 'Noah Penda')",0.4233333333333333,2,3,0,0,0,1,0,0,1,0,0,1.44,1.0,2.0,2.0,0.0,2.0,0.0,0.0,0.0,0.0,2.44,3
22500058,ORL,PHI,80.0,77.4,"('Desmond Bane', 'Wendell Carter Jr.')",0.4233333333333333,2,3,0,0,0,1,0,0,1,0,0,1.44,1.0,2.0,2.0,0.0,2.0,0.0,0.0,0.0,0.0,2.44,3
22500058,ORL,PHI,80.0,77.4,"('Franz Wagner', 'Noah Penda')",0.4233333333333333,2,3,0,0,0,1,0,0,1,0,0,1.44,1.0,2.0,2.0,0.0,2.0,0.0,0.0,0.0,0.0,2.44,3
22500058,ORL,PHI,80.0,77.4,"('Franz Wagner', 'Wendell Carter Jr.')",0.4233333333333333,2,3,0,0,0,1,0,0,1,0,0,1.44,1.0,2.0,2.0,0.0,2.0,0.0,0.0,0.0,0.0,2.44,3
22500058,ORL,PHI,80.0,77.4,"('Noah Penda', 'Wendell Carter Jr.')",0.4233333333333333,2,3,0,0,0,1,0,0,1,0,0,1.44,1.0,2.0,2.0,0.0,2.0,0.0,0.0,0.0,0.0,2.44,3
22500058,ORL,PHI,80.2,77.8,"('Anthony Black', 'Franz Wagner')",3.533333333333333,2,13,6,3,1,4,2,1,3,2,1,7.88,8.44,4.0,4.0,0.0,8.0,0.0,0.0,0.0,2.0,16.32,3
22500058,ORL,PHI,80.2,77.8,"('Anthony Black', 'Goga Bitadze')",3.533333333333333,2,13,6,3,1,4,2,1,3,2,1,7.88,8.44,4.0,4.0,0.0,8.0,0.0,0.0,0.0,2.0,16.32,3
22500058,ORL,PHI,80.2,77.8,"('Anthony Black', 'Jalen Suggs')",3.533333333333333,2,13,6,3,1,4,2,1,3,2,1,7.88,8.44,4.0,4.0,0.0,8.0,0.0,0.0,0.0,2.0,16.32,3
22500058,ORL,PHI,80.2,77.8,"('Anthony Black', 'Jett Howard')",3.533333333333333,2,13,6,3,1,4,2,1,3,2,1,7.88,8.44,4.0,4.0,0.0,8.0,0.0,0.0,0.0,2.0,16.32,3
22500058,ORL,PHI,80.2,77.8,"('Franz Wagner', 'Goga Bitadze')",3.533333333333333,2,13,6,3,1,4,2,1,3,2,1,7.88,8.44,4.0,4.0,0.0,8.0,0.0,0.0,0.0,2.0,16.32,3
22500058,ORL,PHI,80.2,77.8,"('Franz Wagner', 'Jalen Suggs')",3.533333333333333,2,13,6,3,1,4,2,1,3,2,1,7.88,8.44,4.0,4.0,0.0,8.0,0.0,0.0,0.0,2.0,16.32,3
22500058,ORL,PHI,80.2,77.8,"('Franz Wagner', 'Jett Howard')",3.533333333333333,2,13,6,3,1,4,2,1,3,2,1,7.88,8.44,4.0,4.0,0.0,8.0,0.0,0.0,0.0,2.0,16.32,3
22500058,ORL,PHI,80.2,77.8,"('Goga Bitadze', 'Jalen Suggs')",3.533333333333333,2,13,6,3,1,4,2,1,3,2,1,7.88,8.44,4.0,4.0,0.0,8.0,0.0,0.0,0.0,2.0,16.32,3
22500058,ORL,PHI,80.2,77.8,"('Goga Bitadze', 'Jett Howard')",3.533333333333333,2,13,6,3,1,4,2,1,3,2,1,7.88,8.44,4.0,4.0,0.0,8.0,0.0,0.0,0.0,2.0,16.32,3
22500058,ORL,PHI,80.2,77.8,"('Jalen Suggs', 'Jett Howard')",3.533333333333333,2,13,6,3,1,4,2,1,3,2,1,7.88,8.44,4.0,4.0,0.0,8.0,0.0,0.0,0.0,2.0,16.32,3
22500058,ORL,PHI,79.2,77.8,"('Anthony Black', 'Franz Wagner')",3.5666666666666664,3,7,13,0,3,3,2,3,1,2,0,8.0,8.44,0.0,0.0,0.0,4.0,4.0,4.0,2.0,6.0,16.439999999999998,3
22500058,ORL,PHI,79.2,77.8,"('Anthony Black', 'Goga Bitadze')",3.5666666666666664,3,7,13,0,3,3,2,3,1,2,0,8.0,8.44,0.0,0.0,0.0,4.0,4.0,4.0,2.0,6.0,16.439999999999998,3
22500058,ORL,PHI,79.2,77.8,"('Anthony Black', 'Tristan da Silva')",3.5666666666666664,3,7,13,0,3,3,2,3,1,2,0,8.0,8.44,0.0,0.0,0.0,4.0,4.0,4.0,2.0,6.0,16.439999999999998,3
22500058,ORL,PHI,79.2,77.8,"('Anthony Black', 'Tyus Jones')",3.5666666666666664,3,7,13,0,3,3,2,3,1,2,0,8.0,8.44,0.0,0.0,0.0,4.0,4.0,4.0,2.0,6.0,16.439999999999998,3
22500058,ORL,PHI,79.2,77.8,"('Franz Wagner', 'Goga Bitadze')",3.5666666666666664,3,7,13,0,3,3,2,3,1,2,0,8.0,8.44,0.0,0.0,0.0,4.0,4.0,4.0,2.0,6.0,16.439999999999998,3
22500058,ORL,PHI,79.2,77.8,"('Franz Wagner', 'Tristan da Silva')",3.5666666666666664,3,7,13,0,3,3,2,3,1,2,0,8.0,8.44,0.0,0.0,0.0,4.0,4.0,4.0,2.0,6.0,16.439999999999998,3
22500058,ORL,PHI,79.2,77.8,"('Franz Wagner', 'Tyus Jones')",3.5666666666666664,3,7,13,0,3,3,2,3,1,2,0,8.0,8.44,0.0,0.0,0.0,4.0,4.0,4.0,2.0,6.0,16.439999999999998,3
22500058,ORL,PHI,79.2,77.8,"('Goga Bitadze', 'Tristan da Silva')",3.5666666666666664,3,7,13,0,3,3,2,3,1,2,0,8.0,8.44,0.0,0.0,0.0,4.0,4.0,4.0,2.0,6.0,16.439999999999998,3
22500058,ORL,PHI,79.2,77.8,"('Goga Bitadze', 'Tyus Jones')",3.5666666666666664,3,7,13,0,3,3,2,3,1,2,0,8.0,8.44,0.0,0.0,0.0,4.0,4.0,4.0,2.0,6.0,16.439999999999998,3
22500058,ORL,PHI,79.2,77.8,"('Tristan da Silva', 'Tyus Jones')",3.5666666666666664,3,7,13,0,3,3,2,3,1,2,0,8.0,8.44,0.0,0.0,0.0,4.0,4.0,4.0,2.0,6.0,16.439999999999998,3
22500058,ORL,PHI,78.4,78.0,"('Desmond Bane', 'Goga Bitadze')",1.495,3,6,2,2,1,2,0,0,0,0,0,3.0,3.0,0.0,0.0,0.0,6.0,2.0,0.0,0.0,2.0,6.0,3
22500058,ORL,PHI,78.4,78.0,"('Desmond Bane', 'Jett Howard')",1.495,3,6,2,2,1,2,0,0,0,0,0,3.0,3.0,0.0,0.0,0.0,6.0,2.0,0.0,0.0,2.0,6.0,3
22500058,ORL,PHI,78.4,78.0,"('Desmond Bane', 'Noah Penda')",1.495,3,6,2,2,1,2,0,0,0,0,0,3.0,3.0,0.0,0.0,0.0,6.0,2.0,0.0,0.0,2.0,6.0,3
22500058,ORL,PHI,78.4,78.0,"('Desmond Bane', 'Tyus Jones')",1.495,3,6,2,2,1,2,0,0,0,0,0,3.0,3.0,0.0,0.0,0.0,6.0,2.0,0.0,0.0,2.0,6.0,3
22500058,ORL,PHI,78.4,78.0,"('Goga Bitadze', 'Jett Howard')",1.495,3,6,2,2,1,2,0,0,0,0,0,3.0,3.0,0.0,0.0,0.0,6.0,2.0,0.0,0.0,2.0,6.0,3
22500058,ORL,PHI,78.4,78.0,"('Goga Bitadze', 'Noah Penda')",1.495,3,6,2,2,1,2,0,0,0,0,0,3.0,3.0,0.0,0.0,0.0,6.0,2.0,0.0,0.0,2.0,6.0,3
22500058,ORL,PHI,78.4,78.0,"('Goga Bitadze', 'Tyus Jones')",1.495,3,6,2,2,1,2,0,0,0,0,0,3.0,3.0,0.0,0.0,0.0,6.0,2.0,0.0,0.0,2.0,6.0,3
22500058,ORL,PHI,78.4,78.0,"('Jett Howard', 'Noah Penda')",1.495,3,6,2,2,1,2,0,0,0,0,0,3.0,3.0,0.0,0.0,0.0,6.0,2.0,0.0,0.0,2.0,6.0,3
22500058,ORL,PHI,78.4,78.0,"('Jett Howard', 'Tyus Jones')",1.495,3,6,2,2,1,2,0,0,0,0,0,3.0,3.0,0.0,0.0,0.0,6.0,2.0,0.0,0.0,2.0,6.0,3
22500058,ORL,PHI,78.4,78.0,"('Noah Penda', 'Tyus Jones')",1.495,3,6,2,2,1,2,0,0,0,0,0,3.0,3.0,0.0,0.0,0.0,6.0,2.0,0.0,0.0,2.0,6.0,3
22500058,ORL,PHI,79.0,77.2,"('Anthony Black', 'Franz Wagner')",0.0,3,0,0,0,0,0,0,0,0,0,0,0.0,0.0,0.0,0.0,0.0,0.0,0.0,0.0,0.0,0.0,0.0,3
22500058,ORL,PHI,79.0,77.2,"('Anthony Black', 'Tristan da Silva')",0.0,3,0,0,0,0,0,0,0,0,0,0,0.0,0.0,0.0,0.0,0.0,0.0,0.0,0.0,0.0,0.0,0.0,3
22500058,ORL,PHI,79.0,77.2,"('Anthony Black', 'Tyus Jones')",0.0,3,0,0,0,0,0,0,0,0,0,0,0.0,0.0,0.0,0.0,0.0,0.0,0.0,0.0,0.0,0.0,0.0,3
22500058,ORL,PHI,79.0,77.2,"('Anthony Black', 'Wendell Carter Jr.')",0.0,3,0,0,0,0,0,0,0,0,0,0,0.0,0.0,0.0,0.0,0.0,0.0,0.0,0.0,0.0,0.0,0.0,3
22500058,ORL,PHI,79.0,77.2,"('Franz Wagner', 'Tristan da Silva')",0.0,3,0,0,0,0,0,0,0,0,0,0,0.0,0.0,0.0,0.0,0.0,0.0,0.0,0.0,0.0,0.0,0.0,3
22500058,ORL,PHI,79.0,77.2,"('Franz Wagner', 'Tyus Jones')",0.0,3,0,0,0,0,0,0,0,0,0,0,0.0,0.0,0.0,0.0,0.0,0.0,0.0,0.0,0.0,0.0,0.0,3
22500058,ORL,PHI,79.0,77.2,"('Franz Wagner', 'Wendell Carter Jr.')",0.0,3,0,0,0,0,0,0,0,0,0,0,0.0,0.0,0.0,0.0,0.0,0.0,0.0,0.0,0.0,0.0,0.0,3
22500058,ORL,PHI,79.0,77.2,"('Tristan da Silva', 'Tyus Jones')",0.0,3,0,0,0,0,0,0,0,0,0,0,0.0,0.0,0.0,0.0,0.0,0.0,0.0,0.0,0.0,0.0,0.0,3
22500058,ORL,PHI,79.0,77.2,"('Tristan da Silva', 'Wendell Carter Jr.')",0.0,3,0,0,0,0,0,0,0,0,0,0,0.0,0.0,0.0,0.0,0.0,0.0,0.0,0.0,0.0,0.0,0.0,3
22500058,ORL,PHI,79.0,77.2,"('Tyus Jones', 'Wendell Carter Jr.')",0.0,3,0,0,0,0,0,0,0,0,0,0,0.0,0.0,0.0,0.0,0.0,0.0,0.0,0.0,0.0,0.0,0.0,3
22500058,ORL,PHI,80.2,77.4,"('Anthony Black', 'Desmond Bane')",6.866666666666665,3,22,8,9,6,6,3,0,1,2,5,15.88,13.44,2.0,3.0,0.0,12.0,0.0,0.0,0.0,4.0,29.32,3
22500058,ORL,PHI,80.2,77.4,"('Anthony Black', 'Franz Wagner')",6.866666666666665,3,22,8,9,6,6,3,0,1,2,5,15.88,13.44,2.0,3.0,0.0,12.0,0.0,0.0,0.0,4.0,29.32,3
22500058,ORL,PHI,80.2,77.4,"('Anthony Black', 'Tristan da Silva')",6.866666666666665,3,22,8,9,6,6,3,0,1,2,5,15.88,13.44,2.0,3.0,0.0,12.0,0.0,0.0,0.0,4.0,29.32,3
22500058,ORL,PHI,80.2,77.4,"('Anthony Black', 'Wendell Carter Jr.')",6.866666666666665,3,22,8,9,6,6,3,0,1,2,5,15.88,13.44,2.0,3.0,0.0,12.0,0.0,0.0,0.0,4.0,29.32,3
22500058,ORL,PHI,80.2,77.4,"('Desmond Bane', 'Franz Wagner')",6.866666666666665,3,22,8,9,6,6,3,0,1,2,5,15.88,13.44,2.0,3.0,0.0,12.0,0.0,0.0,0.0,4.0,29.32,3
22500058,ORL,PHI,80.2,77.4,"('Desmond Bane', 'Tristan da Silva')",6.866666666666665,3,22,8,9,6,6,3,0,1,2,5,15.88,13.44,2.0,3.0,0.0,12.0,0.0,0.0,0.0,4.0,29.32,3
22500058,ORL,PHI,80.2,77.4,"('Desmond Bane', 'Wendell Carter Jr.')",6.866666666666665,3,22,8,9,6,6,3,0,1,2,5,15.88,13.44,2.0,3.0,0.0,12.0,0.0,0.0,0.0,4.0,29.32,3
22500058,ORL,PHI,80.2,77.4,"('Franz Wagner', 'Tristan da Silva')",6.866666666666665,3,22,8,9,6,6,3,0,1,2,5,15.88,13.44,2.0,3.0,0.0,12.0,0.0,0.0,0.0,4.0,29.32,3
22500058,ORL,PHI,80.2,77.4,"('Franz Wagner', 'Wendell Carter Jr.')",6.866666666666665,3,22,8,9,6,6,3,0,1,2,5,15.88,13.44,2.0,3.0,0.0,12.0,0.0,0.0,0.0,4.0,29.32,3
22500058,ORL,PHI,80.2,77.4,"('Tristan da Silva', 'Wendell Carter Jr.')",6.866666666666665,3,22,8,9,6,6,3,0,1,2,5,15.88,13.44,2.0,3.0,0.0,12.0,0.0,0.0,0.0,4.0,29.32,3
22500058,ORL,PHI,78.6,77.8,"('Desmond Bane', 'Goga Bitadze')",0.5833333333333333,4,3,2,0,0,1,1,0,0,0,0,1.0,1.0,0.0,3.0,0.0,0.0,0.0,0.0,0.0,2.0,2.0,3
22500058,ORL,PHI,78.6,77.8,"('Desmond Bane', 'Jase Richardson')",0.5833333333333333,4,3,2,0,0,1,1,0,0,0,0,1.0,1.0,0.0,3.0,0.0,0.0,0.0,0.0,0.0,2.0,2.0,3
22500058,ORL,PHI,78.6,77.8,"('Desmond Bane', 'Jett Howard')",0.5833333333333333,4,3,2,0,0,1,1,0,0,0,0,1.0,1.0,0.0,3.0,0.0,0.0,0.0,0.0,0.0,2.0,2.0,3
22500058,ORL,PHI,78.6,77.8,"('Desmond Bane', 'Noah Penda')",0.5833333333333333,4,3,2,0,0,1,1,0,0,0,0,1.0,1.0,0.0,3.0,0.0,0.0,0.0,0.0,0.0,2.0,2.0,3
22500058,ORL,PHI,78.6,77.8,"('Goga Bitadze', 'Jase Richardson')",0.5833333333333333,4,3,2,0,0,1,1,0,0,0,0,1.0,1.0,0.0,3.0,0.0,0.0,0.0,0.0,0.0,2.0,2.0,3
22500058,ORL,PHI,78.6,77.8,"('Goga Bitadze', 'Jett Howard')",0.5833333333333333,4,3,2,0,0,1,1,0,0,0,0,1.0,1.0,0.0,3.0,0.0,0.0,0.0,0.0,0.0,2.0,2.0,3
22500058,ORL,PHI,78.6,77.8,"('Goga Bitadze', 'Noah Penda')",0.5833333333333333,4,3,2,0,0,1,1,0,0,0,0,1.0,1.0,0.0,3.0,0.0,0.0,0.0,0.0,0.0,2.0,2.0,3
22500058,ORL,PHI,78.6,77.8,"('Jase Richardson', 'Jett Howard')",0.5833333333333333,4,3,2,0,0,1,1,0,0,0,0,1.0,1.0,0.0,3.0,0.0,0.0,0.0,0.0,0.0,2.0,2.0,3
22500058,ORL,PHI,78.6,77.8,"('Jase Richardson', 'Noah Penda')",0.5833333333333333,4,3,2,0,0,1,1,0,0,0,0,1.0,1.0,0.0,3.0,0.0,0.0,0.0,0.0,0.0,2.0,2.0,3
22500058,ORL,PHI,78.6,77.8,"('Jett Howard', 'Noah Penda')",0.5833333333333333,4,3,2,0,0,1,1,0,0,0,0,1.0,1.0,0.0,3.0,0.0,0.0,0.0,0.0,0.0,2.0,2.0,3
22500081,ORL,MIA,79.2,77.6,"('Desmond Bane', 'Jonathan Isaac')",3.0333333333333323,1,4,6,6,5,1,1,1,1,1,1,7.88,7.44,0.0,0.0,0.0,2.0,2.0,2.0,0.0,2.0,15.32,4
22500081,ORL,MIA,79.2,77.6,"('Desmond Bane', 'Paolo Banchero')",3.0333333333333323,1,4,6,6,5,1,1,1,1,1,1,7.88,7.44,0.0,0.0,0.0,2.0,2.0,2.0,0.0,2.0,15.32,4
22500081,ORL,MIA,79.2,77.6,"('Desmond Bane', 'Tyus Jones')",3.0333333333333323,1,4,6,6,5,1,1,1,1,1,1,7.88,7.44,0.0,0.0,0.0,2.0,2.0,2.0,0.0,2.0,15.32,4
22500081,ORL,MIA,79.2,77.6,"('Desmond Bane', 'Wendell Carter Jr.')",3.0333333333333323,1,4,6,6,5,1,1,1,1,1,1,7.88,7.44,0.0,0.0,0.0,2.0,2.0,2.0,0.0,2.0,15.32,4
22500081,ORL,MIA,79.2,77.6,"('Jonathan Isaac', 'Paolo Banchero')",3.0333333333333323,1,4,6,6,5,1,1,1,1,1,1,7.88,7.44,0.0,0.0,0.0,2.0,2.0,2.0,0.0,2.0,15.32,4
22500081,ORL,MIA,79.2,77.6,"('Jonathan Isaac', 'Tyus Jones')",3.0333333333333323,1,4,6,6,5,1,1,1,1,1,1,7.88,7.44,0.0,0.0,0.0,2.0,2.0,2.0,0.0,2.0,15.32,4
22500081,ORL,MIA,79.2,77.6,"('Jonathan Isaac', 'Wendell Carter Jr.')",3.0333333333333323,1,4,6,6,5,1,1,1,1,1,1,7.88,7.44,0.0,0.0,0.0,2.0,2.0,2.0,0.0,2.0,15.32,4
22500081,ORL,MIA,79.2,77.6,"('Paolo Banchero', 'Tyus Jones')",3.0333333333333323,1,4,6,6,5,1,1,1,1,1,1,7.88,7.44,0.0,0.0,0.0,2.0,2.0,2.0,0.0,2.0,15.32,4
22500081,ORL,MIA,79.2,77.6,"('Paolo Banchero', 'Wendell Carter Jr.')",3.0333333333333323,1,4,6,6,5,1,1,1,1,1,1,7.88,7.44,0.0,0.0,0.0,2.0,2.0,2.0,0.0,2.0,15.32,4
22500081,ORL,MIA,79.2,77.6,"('Tyus Jones', 'Wendell Carter Jr.')",3.0333333333333323,1,4,6,6,5,1,1,1,1,1,1,7.88,7.44,0.0,0.0,0.0,2.0,2.0,2.0,0.0,2.0,15.32,4
22500081,ORL,MIA,78.8,77.6,"('Desmond Bane', 'Paolo Banchero')",1.9666666666666668,2,2,4,2,3,0,1,1,1,0,1,5.0,5.0,2.0,2.0,0.0,2.0,0.0,0.0,0.0,4.0,10.0,4
22500081,ORL,MIA,78.8,77.6,"('Desmond Bane', 'Tristan da Silva')",1.9666666666666668,2,2,4,2,3,0,1,1,1,0,1,5.0,5.0,2.0,2.0,0.0,2.0,0.0,0.0,0.0,4.0,10.0,4
22500081,ORL,MIA,78.8,77.6,"('Desmond Bane', 'Tyus Jones')",1.9666666666666668,2,2,4,2,3,0,1,1,1,0,1,5.0,5.0,2.0,2.0,0.0,2.0,0.0,0.0,0.0,4.0,10.0,4
22500081,ORL,MIA,78.8,77.6,"('Desmond Bane', 'Wendell Carter Jr.')",1.9666666666666668,2,2,4,2,3,0,1,1,1,0,1,5.0,5.0,2.0,2.0,0.0,2.0,0.0,0.0,0.0,4.0,10.0,4
22500081,ORL,MIA,78.8,77.6,"('Paolo Banchero', 'Tristan da Silva')",1.9666666666666668,2,2,4,2,3,0,1,1,1,0,1,5.0,5.0,2.0,2.0,0.0,2.0,0.0,0.0,0.0,4.0,10.0,4
22500081,ORL,MIA,78.8,77.6,"('Paolo Banchero', 'Tyus Jones')",1.9666666666666668,2,2,4,2,3,0,1,1,1,0,1,5.0,5.0,2.0,2.0,0.0,2.0,0.0,0.0,0.0,4.0,10.0,4
22500081,ORL,MIA,78.8,77.6,"('Paolo Banchero', 'Wendell Carter Jr.')",1.9666666666666668,2,2,4,2,3,0,1,1,1,0,1,5.0,5.0,2.0,2.0,0.0,2.0,0.0,0.0,0.0,4.0,10.0,4
22500081,ORL,MIA,78.8,77.6,"('Tristan da Silva', 'Tyus Jones')",1.9666666666666668,2,2,4,2,3,0,1,1,1,0,1,5.0,5.0,2.0,2.0,0.0,2.0,0.0,0.0,0.0,4.0,10.0,4
22500081,ORL,MIA,78.8,77.6,"('Tristan da Silva', 'Wendell Carter Jr.')",1.9666666666666668,2,2,4,2,3,0,1,1,1,0,1,5.0,5.0,2.0,2.0,0.0,2.0,0.0,0.0,0.0,4.0,10.0,4
22500081,ORL,MIA,78.8,77.6,"('Tyus Jones', 'Wendell Carter Jr.')",1.9666666666666668,2,2,4,2,3,0,1,1,1,0,1,5.0,5.0,2.0,2.0,0.0,2.0,0.0,0.0,0.0,4.0,10.0,4
22500081,ORL,MIA,79.6,78.6,"('Anthony Black', 'Franz Wagner')",1.1833333333333336,1,0,5,1,2,0,2,0,0,1,1,3.0,3.44,0.0,0.0,0.0,0.0,0.0,2.0,0.0,2.0,6.44,4
22500081,ORL,MIA,79.6,78.6,"('Anthony Black', 'Goga Bitadze')",1.1833333333333336,1,0,5,1,2,0,2,0,0,1,1,3.0,3.44,0.0,0.0,0.0,0.0,0.0,2.0,0.0,2.0,6.44,4
22500081,ORL,MIA,79.6,78.6,"('Anthony Black', 'Paolo Banchero')",1.1833333333333336,1,0,5,1,2,0,2,0,0,1,1,3.0,3.44,0.0,0.0,0.0,0.0,0.0,2.0,0.0,2.0,6.44,4
22500081,ORL,MIA,79.6,78.6,"('Anthony Black', 'Tyus Jones')",1.1833333333333336,1,0,5,1,2,0,2,0,0,1,1,3.0,3.44,0.0,0.0,0.0,0.0,0.0,2.0,0.0,2.0,6.44,4
22500081,ORL,MIA,79.6,78.6,"('Franz Wagner', 'Goga Bitadze')",1.1833333333333336,1,0,5,1,2,0,2,0,0,1,1,3.0,3.44,0.0,0.0,0.0,0.0,0.0,2.0,0.0,2.0,6.44,4
22500081,ORL,MIA,79.6,78.6,"('Franz Wagner', 'Paolo Banchero')",1.1833333333333336,1,0,5,1,2,0,2,0,0,1,1,3.0,3.44,0.0,0.0,0.0,0.0,0.0,2.0,0.0,2.0,6.44,4
22500081,ORL,MIA,79.6,78.6,"('Franz Wagner', 'Tyus Jones')",1.1833333333333336,1,0,5,1,2,0,2,0,0,1,1,3.0,3.44,0.0,0.0,0.0,0.0,0.0,2.0,0.0,2.0,6.44,4
22500081,ORL,MIA,79.6,78.6,"('Goga Bitadze', 'Paolo Banchero')",1.1833333333333336,1,0,5,1,2,0,2,0,0,1,1,3.0,3.44,0.0,0.0,0.0,0.0,0.0,2.0,0.0,2.0,6.44,4
22500081,ORL,MIA,79.6,78.6,"('Goga Bitadze', 'Tyus Jones')",1.1833333333333336,1,0,5,1,2,0,2,0,0,1,1,3.0,3.44,0.0,0.0,0.0,0.0,0.0,2.0,0.0,2.0,6.44,4
22500081,ORL,MIA,79.6,78.6,"('Paolo Banchero', 'Tyus Jones')",1.1833333333333336,1,0,5,1,2,0,2,0,0,1,1,3.0,3.44,0.0,0.0,0.0,0.0,0.0,2.0,0.0,2.0,6.44,4
22500081,ORL,MIA,79.2,77.6,"('Anthony Black', 'Franz Wagner')",3.966666666666666,4,11,16,2,6,3,4,0,1,1,2,9.88,8.88,0.0,0.0,2.0,6.0,0.0,2.0,3.0,6.0,18.76,4
22500081,ORL,MIA,79.2,77.6,"('Anthony Black', 'Goga Bitadze')",3.966666666666666,4,11,16,2,6,3,4,0,1,1,2,9.88,8.88,0.0,0.0,2.0,6.0,0.0,2.0,3.0,6.0,18.76,4
22500081,ORL,MIA,79.2,77.6,"('Anthony Black', 'Tristan da Silva')",3.966666666666666,4,11,16,2,6,3,4,0,1,1,2,9.88,8.88,0.0,0.0,2.0,6.0,0.0,2.0,3.0,6.0,18.76,4
22500081,ORL,MIA,79.2,77.6,"('Anthony Black', 'Tyus Jones')",3.966666666666666,4,11,16,2,6,3,4,0,1,1,2,9.88,8.88,0.0,0.0,2.0,6.0,0.0,2.0,3.0,6.0,18.76,4
22500081,ORL,MIA,79.2,77.6,"('Franz Wagner', 'Goga Bitadze')",3.966666666666666,4,11,16,2,6,3,4,0,1,1,2,9.88,8.88,0.0,0.0,2.0,6.0,0.0,2.0,3.0,6.0,18.76,4
22500081,ORL,MIA,79.2,77.6,"('Franz Wagner', 'Tristan da Silva')",3.966666666666666,4,11,16,2,6,3,4,0,1,1,2,9.88,8.88,0.0,0.0,2.0,6.0,0.0,2.0,3.0,6.0,18.76,4
22500081,ORL,MIA,79.2,77.6,"('Franz Wagner', 'Tyus Jones')",3.966666666666666,4,11,16,2,6,3,4,0,1,1,2,9.88,8.88,0.0,0.0,2.0,6.0,0.0,2.0,3.0,6.0,18.76,4
22500081,ORL,MIA,79.2,77.6,"('Goga Bitadze', 'Tristan da Silva')",3.966666666666666,4,11,16,2,6,3,4,0,1,1,2,9.88,8.88,0.0,0.0,2.0,6.0,0.0,2.0,3.0,6.0,18.76,4
22500081,ORL,MIA,79.2,77.6,"('Goga Bitadze', 'Tyus Jones')",3.966666666666666,4,11,16,2,6,3,4,0,1,1,2,9.88,8.88,0.0,0.0,2.0,6.0,0.0,2.0,3.0,6.0,18.76,4
22500081,ORL,MIA,79.2,77.6,"('Tristan da Silva', 'Tyus Jones')",3.966666666666666,4,11,16,2,6,3,4,0,1,1,2,9.88,8.88,0.0,0.0,2.0,6.0,0.0,2.0,3.0,6.0,18.76,4
22500081,ORL,MIA,80.2,78.0,"('Anthony Black', 'Desmond Bane')",2.3833333333333333,4,6,4,1,2,1,1,0,2,2,1,5.44,4.0,0.0,5.0,0.0,2.0,0.0,0.0,0.0,2.0,9.44,4
22500081,ORL,MIA,80.2,78.0,"('Anthony Black', 'Paolo Banchero')",2.3833333333333333,4,6,4,1,2,1,1,0,2,2,1,5.44,4.0,0.0,5.0,0.0,2.0,0.0,0.0,0.0,2.0,9.44,4
22500081,ORL,MIA,80.2,78.0,"('Anthony Black', 'Tristan da Silva')",2.3833333333333333,4,6,4,1,2,1,1,0,2,2,1,5.44,4.0,0.0,5.0,0.0,2.0,0.0,0.0,0.0,2.0,9.44,4
22500081,ORL,MIA,80.2,78.0,"('Anthony Black', 'Wendell Carter Jr.')",2.3833333333333333,4,6,4,1,2,1,1,0,2,2,1,5.44,4.0,0.0,5.0,0.0,2.0,0.0,0.0,0.0,2.0,9.44,4
22500081,ORL,MIA,80.2,78.0,"('Desmond Bane', 'Paolo Banchero')",2.3833333333333333,4,6,4,1,2,1,1,0,2,2,1,5.44,4.0,0.0,5.0,0.0,2.0,0.0,0.0,0.0,2.0,9.44,4
22500081,ORL,MIA,80.2,78.0,"('Desmond Bane', 'Tristan da Silva')",2.3833333333333333,4,6,4,1,2,1,1,0,2,2,1,5.44,4.0,0.0,5.0,0.0,2.0,0.0,0.0,0.0,2.0,9.44,4
22500081,ORL,MIA,80.2,78.0,"('Desmond Bane', 'Wendell Carter Jr.')",2.3833333333333333,4,6,4,1,2,1,1,0,2,2,1,5.44,4.0,0.0,5.0,0.0,2.0,0.0,0.0,0.0,2.0,9.44,4
22500081,ORL,MIA,80.2,78.0,"('Paolo Banchero', 'Tristan da Silva')",2.3833333333333333,4,6,4,1,2,1,1,0,2,2,1,5.44,4.0,0.0,5.0,0.0,2.0,0.0,0.0,0.0,2.0,9.44,4
22500081,ORL,MIA,80.2,78.0,"('Paolo Banchero', 'Wendell Carter Jr.')",2.3833333333333333,4,6,4,1,2,1,1,0,2,2,1,5.44,4.0,0.0,5.0,0.0,2.0,0.0,0.0,0.0,2.0,9.44,4
22500081,ORL,MIA,80.2,78.0,"('Tristan da Silva', 'Wendell Carter Jr.')",2.3833333333333333,4,6,4,1,2,1,1,0,2,2,1,5.44,4.0,0.0,5.0,0.0,2.0,0.0,0.0,0.0,2.0,9.44,4
22500081,ORL,MIA,79.2,77.6,"('Desmond Bane', 'Franz Wagner')",1.2,2,1,1,0,1,0,0,2,2,2,1,3.44,2.44,0.0,0.0,0.0,0.0,0.0,0.0,0.0,0.0,5.88,4
22500081,ORL,MIA,79.2,77.6,"('Desmond Bane', 'Paolo Banchero')",1.2,2,1,1,0,1,0,0,2,2,2,1,3.44,2.44,0.0,0.0,0.0,0.0,0.0,0.0,0.0,0.0,5.88,4
22500081,ORL,MIA,79.2,77.6,"('Desmond Bane', 'Tyus Jones')",1.2,2,1,1,0,1,0,0,2,2,2,1,3.44,2.44,0.0,0.0,0.0,0.0,0.0,0.0,0.0,0.0,5.88,4
22500081,ORL,MIA,79.2,77.6,"('Desmond Bane', 'Wendell Carter Jr.')",1.2,2,1,1,0,1,0,0,2,2,2,1,3.44,2.44,0.0,0.0,0.0,0.0,0.0,0.0,0.0,0.0,5.88,4
22500081,ORL,MIA,79.2,77.6,"('Franz Wagner', 'Paolo Banchero')",1.2,2,1,1,0,1,0,0,2,2,2,1,3.44,2.44,0.0,0.0,0.0,0.0,0.0,0.0,0.0,0.0,5.88,4
22500081,ORL,MIA,79.2,77.6,"('Franz Wagner', 'Tyus Jones')",1.2,2,1,1,0,1,0,0,2,2,2,1,3.44,2.44,0.0,0.0,0.0,0.0,0.0,0.0,0.0,0.0,5.88,4
22500081,ORL,MIA,79.2,77.6,"('Franz Wagner', 'Wendell Carter Jr.')",1.2,2,1,1,0,1,0,0,2,2,2,1,3.44,2.44,0.0,0.0,0.0,0.0,0.0,0.0,0.0,0.0,5.88,4
22500081,ORL,MIA,79.2,77.6,"('Paolo Banchero', 'Tyus Jones')",1.2,2,1,1,0,1,0,0,2,2,2,1,3.44,2.44,0.0,0.0,0.0,0.0,0.0,0.0,0.0,0.0,5.88,4
22500081,ORL,MIA,79.2,77.6,"('Paolo Banchero', 'Wendell Carter Jr.')",1.2,2,1,1,0,1,0,0,2,2,2,1,3.44,2.44,0.0,0.0,0.0,0.0,0.0,0.0,0.0,0.0,5.88,4
22500081,ORL,MIA,79.2,77.6,"('Tyus Jones', 'Wendell Carter Jr.')",1.2,2,1,1,0,1,0,0,2,2,2,1,3.44,2.44,0.0,0.0,0.0,0.0,0.0,0.0,0.0,0.0,5.88,4
22500081,ORL,MIA,79.2,76.8,"('Anthony Black', 'Goga Bitadze')",1.0,2,6,0,3,1,1,0,0,0,0,0,2.44,2.0,2.0,0.0,2.0,2.0,0.0,0.0,0.0,0.0,4.44,4
22500081,ORL,MIA,79.2,76.8,"('Anthony Black', 'Paolo Banchero')",1.0,2,6,0,3,1,1,0,0,0,0,0,2.44,2.0,2.0,0.0,2.0,2.0,0.0,0.0,0.0,0.0,4.44,4
22500081,ORL,MIA,79.2,76.8,"('Anthony Black', 'Tristan da Silva')",1.0,2,6,0,3,1,1,0,0,0,0,0,2.44,2.0,2.0,0.0,2.0,2.0,0.0,0.0,0.0,0.0,4.44,4
22500081,ORL,MIA,79.2,76.8,"('Anthony Black', 'Tyus Jones')",1.0,2,6,0,3,1,1,0,0,0,0,0,2.44,2.0,2.0,0.0,2.0,2.0,0.0,0.0,0.0,0.0,4.44,4
22500081,ORL,MIA,79.2,76.8,"('Goga Bitadze', 'Paolo Banchero')",1.0,2,6,0,3,1,1,0,0,0,0,0,2.44,2.0,2.0,0.0,2.0,2.0,0.0,0.0,0.0,0.0,4.44,4
22500081,ORL,MIA,79.2,76.8,"('Goga Bitadze', 'Tristan da Silva')",1.0,2,6,0,3,1,1,0,0,0,0,0,2.44,2.0,2.0,0.0,2.0,2.0,0.0,0.0,0.0,0.0,4.44,4
22500081,ORL,MIA,79.2,76.8,"('Goga Bitadze', 'Tyus Jones')",1.0,2,6,0,3,1,1,0,0,0,0,0,2.44,2.0,2.0,0.0,2.0,2.0,0.0,0.0,0.0,0.0,4.44,4
22500081,ORL,MIA,79.2,76.8,"('Paolo Banchero', 'Tristan da Silva')",1.0,2,6,0,3,1,1,0,0,0,0,0,2.44,2.0,2.0,0.0,2.0,2.0,0.0,0.0,0.0,0.0,4.44,4
22500081,ORL,MIA,79.2,76.8,"('Paolo Banchero', 'Tyus Jones')",1.0,2,6,0,3,1,1,0,0,0,0,0,2.44,2.0,2.0,0.0,2.0,2.0,0.0,0.0,0.0,0.0,4.44,4
22500081,ORL,MIA,79.2,76.8,"('Tristan da Silva', 'Tyus Jones')",1.0,2,6,0,3,1,1,0,0,0,0,0,2.44,2.0,2.0,0.0,2.0,2.0,0.0,0.0,0.0,0.0,4.44,4
22500081,ORL,MIA,80.6,77.6,"('Anthony Black', 'Desmond Bane')",0.8666666666666667,2,2,3,0,0,0,0,0,0,2,0,2.0,1.44,0.0,0.0,0.0,2.0,0.0,0.0,0.0,2.0,3.44,4
22500081,ORL,MIA,80.6,77.6,"('Anthony Black', 'Franz Wagner')",0.8666666666666667,2,2,3,0,0,0,0,0,0,2,0,2.0,1.44,0.0,0.0,0.0,2.0,0.0,0.0,0.0,2.0,3.44,4
22500081,ORL,MIA,80.6,77.6,"('Anthony Black', 'Paolo Banchero')",0.8666666666666667,2,2,3,0,0,0,0,0,0,2,0,2.0,1.44,0.0,0.0,0.0,2.0,0.0,0.0,0.0,2.0,3.44,4
22500081,ORL,MIA,80.6,77.6,"('Anthony Black', 'Wendell Carter Jr.')",0.8666666666666667,2,2,3,0,0,0,0,0,0,2,0,2.0,1.44,0.0,0.0,0.0,2.0,0.0,0.0,0.0,2.0,3.44,4
22500081,ORL,MIA,80.6,77.6,"('Desmond Bane', 'Franz Wagner')",0.8666666666666667,2,2,3,0,0,0,0,0,0,2,0,2.0,1.44,0.0,0.0,0.0,2.0,0.0,0.0,0.0,2.0,3.44,4
22500081,ORL,MIA,80.6,77.6,"('Desmond Bane', 'Paolo Banchero')",0.8666666666666667,2,2,3,0,0,0,0,0,0,2,0,2.0,1.44,0.0,0.0,0.0,2.0,0.0,0.0,0.0,2.0,3.44,4
22500081,ORL,MIA,80.6,77.6,"('Desmond Bane', 'Wendell Carter Jr.')",0.8666666666666667,2,2,3,0,0,0,0,0,0,2,0,2.0,1.44,0.0,0.0,0.0,2.0,0.0,0.0,0.0,2.0,3.44,4
22500081,ORL,MIA,80.6,77.6,"('Franz Wagner', 'Paolo Banchero')",0.8666666666666667,2,2,3,0,0,0,0,0,0,2,0,2.0,1.44,0.0,0.0,0.0,2.0,0.0,0.0,0.0,2.0,3.44,4
22500081,ORL,MIA,80.6,77.6,"('Franz Wagner', 'Wendell Carter Jr.')",0.8666666666666667,2,2,3,0,0,0,0,0,0,2,0,2.0,1.44,0.0,0.0,0.0,2.0,0.0,0.0,0.0,2.0,3.44,4
22500081,ORL,MIA,80.6,77.6,"('Paolo Banchero', 'Wendell Carter Jr.')",0.8666666666666667,2,2,3,0,0,0,0,0,0,2,0,2.0,1.44,0.0,0.0,0.0,2.0,0.0,0.0,0.0,2.0,3.44,4
22500081,ORL,MIA,79.2,78.4,"('Anthony Black', 'Franz Wagner')",3.833333333333333,2,11,11,4,2,3,2,1,1,0,3,8.44,9.0,2.0,0.0,2.0,10.0,2.0,2.0,0.0,6.0,17.439999999999998,4
22500081,ORL,MIA,79.2,78.4,"('Anthony Black', 'Goga Bitadze')",3.833333333333333,2,11,11,4,2,3,2,1,1,0,3,8.44,9.0,2.0,0.0,2.0,10.0,2.0,2.0,0.0,6.0,17.439999999999998,4
22500081,ORL,MIA,79.2,78.4,"('Anthony Black', 'Tristan da Silva')",3.833333333333333,2,11,11,4,2,3,2,1,1,0,3,8.44,9.0,2.0,0.0,2.0,10.0,2.0,2.0,0.0,6.0,17.439999999999998,4
22500081,ORL,MIA,79.2,78.4,"('Anthony Black', 'Tyus Jones')",3.833333333333333,2,11,11,4,2,3,2,1,1,0,3,8.44,9.0,2.0,0.0,2.0,10.0,2.0,2.0,0.0,6.0,17.439999999999998,4
22500081,ORL,MIA,79.2,78.4,"('Franz Wagner', 'Goga Bitadze')",3.833333333333333,2,11,11,4,2,3,2,1,1,0,3,8.44,9.0,2.0,0.0,2.0,10.0,2.0,2.0,0.0,6.0,17.439999999999998,4
22500081,ORL,MIA,79.2,78.4,"('Franz Wagner', 'Tristan da Silva')",3.833333333333333,2,11,11,4,2,3,2,1,1,0,3,8.44,9.0,2.0,0.0,2.0,10.0,2.0,2.0,0.0,6.0,17.439999999999998,4
22500081,ORL,MIA,79.2,78.4,"('Franz Wagner', 'Tyus Jones')",3.833333333333333,2,11,11,4,2,3,2,1,1,0,3,8.44,9.0,2.0,0.0,2.0,10.0,2.0,2.0,0.0,6.0,17.439999999999998,4
22500081,ORL,MIA,79.2,78.4,"('Goga Bitadze', 'Tristan da Silva')",3.833333333333333,2,11,11,4,2,3,2,1,1,0,3,8.44,9.0,2.0,0.0,2.0,10.0,2.0,2.0,0.0,6.0,17.439999999999998,4
22500081,ORL,MIA,79.2,78.4,"('Goga Bitadze', 'Tyus Jones')",3.833333333333333,2,11,11,4,2,3,2,1,1,0,3,8.44,9.0,2.0,0.0,2.0,10.0,2.0,2.0,0.0,6.0,17.439999999999998,4
22500081,ORL,MIA,79.2,78.4,"('Tristan da Silva', 'Tyus Jones')",3.833333333333333,2,11,11,4,2,3,2,1,1,0,3,8.44,9.0,2.0,0.0,2.0,10.0,2.0,2.0,0.0,6.0,17.439999999999998,4
22500081,ORL,MIA,80.6,78.0,"('Anthony Black', 'Desmond Bane')",1.5666666666666669,3,3,2,0,3,1,0,0,0,0,2,2.44,2.0,0.0,0.0,0.0,2.0,0.0,0.0,0.0,2.0,4.44,4
22500081,ORL,MIA,80.6,78.0,"('Anthony Black', 'Jonathan Isaac')",1.5666666666666669,3,3,2,0,3,1,0,0,0,0,2,2.44,2.0,0.0,0.0,0.0,2.0,0.0,0.0,0.0,2.0,4.44,4
22500081,ORL,MIA,80.6,78.0,"('Anthony Black', 'Paolo Banchero')",1.5666666666666669,3,3,2,0,3,1,0,0,0,0,2,2.44,2.0,0.0,0.0,0.0,2.0,0.0,0.0,0.0,2.0,4.44,4
22500081,ORL,MIA,80.6,78.0,"('Anthony Black', 'Wendell Carter Jr.')",1.5666666666666669,3,3,2,0,3,1,0,0,0,0,2,2.44,2.0,0.0,0.0,0.0,2.0,0.0,0.0,0.0,2.0,4.44,4
22500081,ORL,MIA,80.6,78.0,"('Desmond Bane', 'Jonathan Isaac')",1.5666666666666669,3,3,2,0,3,1,0,0,0,0,2,2.44,2.0,0.0,0.0,0.0,2.0,0.0,0.0,0.0,2.0,4.44,4
22500081,ORL,MIA,80.6,78.0,"('Desmond Bane', 'Paolo Banchero')",1.5666666666666669,3,3,2,0,3,1,0,0,0,0,2,2.44,2.0,0.0,0.0,0.0,2.0,0.0,0.0,0.0,2.0,4.44,4
22500081,ORL,MIA,80.6,78.0,"('Desmond Bane', 'Wendell Carter Jr.')",1.5666666666666669,3,3,2,0,3,1,0,0,0,0,2,2.44,2.0,0.0,0.0,0.0,2.0,0.0,0.0,0.0,2.0,4.44,4
22500081,ORL,MIA,80.6,78.0,"('Jonathan Isaac', 'Paolo Banchero')",1.5666666666666669,3,3,2,0,3,1,0,0,0,0,2,2.44,2.0,0.0,0.0,0.0,2.0,0.0,0.0,0.0,2.0,4.44,4
22500081,ORL,MIA,80.6,78.0,"('Jonathan Isaac', 'Wendell Carter Jr.')",1.5666666666666669,3,3,2,0,3,1,0,0,0,0,2,2.44,2.0,0.0,0.0,0.0,2.0,0.0,0.0,0.0,2.0,4.44,4
22500081,ORL,MIA,80.6,78.0,"('Paolo Banchero', 'Wendell Carter Jr.')",1.5666666666666669,3,3,2,0,3,1,0,0,0,0,2,2.44,2.0,0.0,0.0,0.0,2.0,0.0,0.0,0.0,2.0,4.44,4
22500081,ORL,MIA,79.2,77.2,"('Desmond Bane', 'Jonathan Isaac')",2.333333333333333,3,4,9,2,1,1,2,3,0,0,0,5.44,7.0,0.0,0.0,0.0,0.0,2.0,2.0,0.0,6.0,12.44,4
22500081,ORL,MIA,79.2,77.2,"('Desmond Bane', 'Paolo Banchero')",2.333333333333333,3,4,9,2,1,1,2,3,0,0,0,5.44,7.0,0.0,0.0,0.0,0.0,2.0,2.0,0.0,6.0,12.44,4
22500081,ORL,MIA,79.2,77.2,"('Desmond Bane', 'Tyus Jones')",2.333333333333333,3,4,9,2,1,1,2,3,0,0,0,5.44,7.0,0.0,0.0,0.0,0.0,2.0,2.0,0.0,6.0,12.44,4
22500081,ORL,MIA,79.2,77.2,"('Desmond Bane', 'Wendell Carter Jr.')",2.333333333333333,3,4,9,2,1,1,2,3,0,0,0,5.44,7.0,0.0,0.0,0.0,0.0,2.0,2.0,0.0,6.0,12.44,4
22500081,ORL,MIA,79.2,77.2,"('Jonathan Isaac', 'Paolo Banchero')",2.333333333333333,3,4,9,2,1,1,2,3,0,0,0,5.44,7.0,0.0,0.0,0.0,0.0,2.0,2.0,0.0,6.0,12.44,4
22500081,ORL,MIA,79.2,77.2,"('Jonathan Isaac', 'Tyus Jones')",2.333333333333333,3,4,9,2,1,1,2,3,0,0,0,5.44,7.0,0.0,0.0,0.0,0.0,2.0,2.0,0.0,6.0,12.44,4
22500081,ORL,MIA,79.2,77.2,"('Jonathan Isaac', 'Wendell Carter Jr.')",2.333333333333333,3,4,9,2,1,1,2,3,0,0,0,5.44,7.0,0.0,0.0,0.0,0.0,2.0,2.0,0.0,6.0,12.44,4
22500081,ORL,MIA,79.2,77.2,"('Paolo Banchero', 'Tyus Jones')",2.333333333333333,3,4,9,2,1,1,2,3,0,0,0,5.44,7.0,0.0,0.0,0.0,0.0,2.0,2.0,0.0,6.0,12.44,4
22500081,ORL,MIA,79.2,77.2,"('Paolo Banchero', 'Wendell Carter Jr.')",2.333333333333333,3,4,9,2,1,1,2,3,0,0,0,5.44,7.0,0.0,0.0,0.0,0.0,2.0,2.0,0.0,6.0,12.44,4
22500081,ORL,MIA,79.2,77.2,"('Tyus Jones', 'Wendell Carter Jr.')",2.333333333333333,3,4,9,2,1,1,2,3,0,0,0,5.44,7.0,0.0,0.0,0.0,0.0,2.0,2.0,0.0,6.0,12.44,4
22500081,ORL,MIA,79.2,77.6,"('Desmond Bane', 'Franz Wagner')",2.5000000000000004,3,3,7,3,2,1,2,2,0,1,1,5.44,6.44,0.0,0.0,0.0,2.0,2.0,2.0,0.0,6.0,11.88,4
22500081,ORL,MIA,79.2,77.6,"('Desmond Bane', 'Paolo Banchero')",2.5000000000000004,3,3,7,3,2,1,2,2,0,1,1,5.44,6.44,0.0,0.0,0.0,2.0,2.0,2.0,0.0,6.0,11.88,4
22500081,ORL,MIA,79.2,77.6,"('Desmond Bane', 'Tyus Jones')",2.5000000000000004,3,3,7,3,2,1,2,2,0,1,1,5.44,6.44,0.0,0.0,0.0,2.0,2.0,2.0,0.0,6.0,11.88,4
22500081,ORL,MIA,79.2,77.6,"('Desmond Bane', 'Wendell Carter Jr.')",2.5000000000000004,3,3,7,3,2,1,2,2,0,1,1,5.44,6.44,0.0,0.0,0.0,2.0,2.0,2.0,0.0,6.0,11.88,4
22500081,ORL,MIA,79.2,77.6,"('Franz Wagner', 'Paolo Banchero')",2.5000000000000004,3,3,7,3,2,1,2,2,0,1,1,5.44,6.44,0.0,0.0,0.0,2.0,2.0,2.0,0.0,6.0,11.88,4
22500081,ORL,MIA,79.2,77.6,"('Franz Wagner', 'Tyus Jones')",2.5000000000000004,3,3,7,3,2,1,2,2,0,1,1,5.44,6.44,0.0,0.0,0.0,2.0,2.0,2.0,0.0,6.0,11.88,4
22500081,ORL,MIA,79.2,77.6,"('Franz Wagner', 'Wendell Carter Jr.')",2.5000000000000004,3,3,7,3,2,1,2,2,0,1,1,5.44,6.44,0.0,0.0,0.0,2.0,2.0,2.0,0.0,6.0,11.88,4
22500081,ORL,MIA,79.2,77.6,"('Paolo Banchero', 'Tyus Jones')",2.5000000000000004,3,3,7,3,2,1,2,2,0,1,1,5.44,6.44,0.0,0.0,0.0,2.0,2.0,2.0,0.0,6.0,11.88,4
22500081,ORL,MIA,79.2,77.6,"('Paolo Banchero', 'Wendell Carter Jr.')",2.5000000000000004,3,3,7,3,2,1,2,2,0,1,1,5.44,6.44,0.0,0.0,0.0,2.0,2.0,2.0,0.0,6.0,11.88,4
22500081,ORL,MIA,79.2,77.6,"('Tyus Jones', 'Wendell Carter Jr.')",2.5000000000000004,3,3,7,3,2,1,2,2,0,1,1,5.44,6.44,0.0,0.0,0.0,2.0,2.0,2.0,0.0,6.0,11.88,4
22500081,ORL,MIA,80.2,77.6,"('Anthony Black', 'Franz Wagner')",2.245,3,7,6,1,1,2,2,0,1,1,0,4.0,6.0,3.0,2.0,0.0,4.0,2.0,0.0,2.0,6.0,10.0,4
22500081,ORL,MIA,80.2,77.6,"('Anthony Black', 'Goga Bitadze')",2.245,3,7,6,1,1,2,2,0,1,1,0,4.0,6.0,3.0,2.0,0.0,4.0,2.0,0.0,2.0,6.0,10.0,4
22500081,ORL,MIA,80.2,77.6,"('Anthony Black', 'Jalen Suggs')",2.245,3,7,6,1,1,2,2,0,1,1,0,4.0,6.0,3.0,2.0,0.0,4.0,2.0,0.0,2.0,6.0,10.0,4
22500081,ORL,MIA,80.2,77.6,"('Anthony Black', 'Tristan da Silva')",2.245,3,7,6,1,1,2,2,0,1,1,0,4.0,6.0,3.0,2.0,0.0,4.0,2.0,0.0,2.0,6.0,10.0,4
22500081,ORL,MIA,80.2,77.6,"('Franz Wagner', 'Goga Bitadze')",2.245,3,7,6,1,1,2,2,0,1,1,0,4.0,6.0,3.0,2.0,0.0,4.0,2.0,0.0,2.0,6.0,10.0,4
22500081,ORL,MIA,80.2,77.6,"('Franz Wagner', 'Jalen Suggs')",2.245,3,7,6,1,1,2,2,0,1,1,0,4.0,6.0,3.0,2.0,0.0,4.0,2.0,0.0,2.0,6.0,10.0,4
22500081,ORL,MIA,80.2,77.6,"('Franz Wagner', 'Tristan da Silva')",2.245,3,7,6,1,1,2,2,0,1,1,0,4.0,6.0,3.0,2.0,0.0,4.0,2.0,0.0,2.0,6.0,10.0,4
22500081,ORL,MIA,80.2,77.6,"('Goga Bitadze', 'Jalen Suggs')",2.245,3,7,6,1,1,2,2,0,1,1,0,4.0,6.0,3.0,2.0,0.0,4.0,2.0,0.0,2.0,6.0,10.0,4
22500081,ORL,MIA,80.2,77.6,"('Goga Bitadze', 'Tristan da Silva')",2.245,3,7,6,1,1,2,2,0,1,1,0,4.0,6.0,3.0,2.0,0.0,4.0,2.0,0.0,2.0,6.0,10.0,4
22500081,ORL,MIA,80.2,77.6,"('Jalen Suggs', 'Tristan da Silva')",2.245,3,7,6,1,1,2,2,0,1,1,0,4.0,6.0,3.0,2.0,0.0,4.0,2.0,0.0,2.0,6.0,10.0,4
22500081,ORL,MIA,80.8,77.6,"('Desmond Bane', 'Franz Wagner')",0.0,4,0,0,0,0,0,0,0,0,0,0,0.0,0.0,0.0,0.0,0.0,0.0,0.0,0.0,0.0,0.0,0.0,4
22500081,ORL,MIA,80.8,77.6,"('Desmond Bane', 'Paolo Banchero')",0.0,4,0,0,0,0,0,0,0,0,0,0,0.0,0.0,0.0,0.0,0.0,0.0,0.0,0.0,0.0,0.0,0.0,4
22500081,ORL,MIA,80.8,77.6,"('Desmond Bane', 'Tristan da Silva')",0.0,4,0,0,0,0,0,0,0,0,0,0,0.0,0.0,0.0,0.0,0.0,0.0,0.0,0.0,0.0,0.0,0.0,4
22500081,ORL,MIA,80.8,77.6,"('Desmond Bane', 'Wendell Carter Jr.')",0.0,4,0,0,0,0,0,0,0,0,0,0,0.0,0.0,0.0,0.0,0.0,0.0,0.0,0.0,0.0,0.0,0.0,4
22500081,ORL,MIA,80.8,77.6,"('Franz Wagner', 'Paolo Banchero')",0.0,4,0,0,0,0,0,0,0,0,0,0,0.0,0.0,0.0,0.0,0.0,0.0,0.0,0.0,0.0,0.0,0.0,4
22500081,ORL,MIA,80.8,77.6,"('Franz Wagner', 'Tristan da Silva')",0.0,4,0,0,0,0,0,0,0,0,0,0,0.0,0.0,0.0,0.0,0.0,0.0,0.0,0.0,0.0,0.0,0.0,4
22500081,ORL,MIA,80.8,77.6,"('Franz Wagner', 'Wendell Carter Jr.')",0.0,4,0,0,0,0,0,0,0,0,0,0,0.0,0.0,0.0,0.0,0.0,0.0,0.0,0.0,0.0,0.0,0.0,4
22500081,ORL,MIA,80.8,77.6,"('Paolo Banchero', 'Tristan da Silva')",0.0,4,0,0,0,0,0,0,0,0,0,0,0.0,0.0,0.0,0.0,0.0,0.0,0.0,0.0,0.0,0.0,0.0,4
22500081,ORL,MIA,80.8,77.6,"('Paolo Banchero', 'Wendell Carter Jr.')",0.0,4,0,0,0,0,0,0,0,0,0,0,0.0,0.0,0.0,0.0,0.0,0.0,0.0,0.0,0.0,0.0,0.0,4
22500081,ORL,MIA,80.8,77.6,"('Tristan da Silva', 'Wendell Carter Jr.')",0.0,4,0,0,0,0,0,0,0,0,0,0,0.0,0.0,0.0,0.0,0.0,0.0,0.0,0.0,0.0,0.0,0.0,4
22500081,ORL,MIA,80.2,77.6,"('Desmond Bane', 'Franz Wagner')",5.343333333333334,4,18,10,10,6,1,2,1,2,3,7,15.4,14.2,4.0,2.0,2.0,8.0,0.0,0.0,0.0,2.0,29.6,4
22500081,ORL,MIA,80.2,77.6,"('Desmond Bane', 'Jalen Suggs')",5.343333333333334,4,18,10,10,6,1,2,1,2,3,7,15.4,14.2,4.0,2.0,2.0,8.0,0.0,0.0,0.0,2.0,29.6,4
22500081,ORL,MIA,80.2,77.6,"('Desmond Bane', 'Paolo Banchero')",5.343333333333334,4,18,10,10,6,1,2,1,2,3,7,15.4,14.2,4.0,2.0,2.0,8.0,0.0,0.0,0.0,2.0,29.6,4
22500081,ORL,MIA,80.2,77.6,"('Desmond Bane', 'Wendell Carter Jr.')",5.343333333333334,4,18,10,10,6,1,2,1,2,3,7,15.4,14.2,4.0,2.0,2.0,8.0,0.0,0.0,0.0,2.0,29.6,4
22500081,ORL,MIA,80.2,77.6,"('Franz Wagner', 'Jalen Suggs')",5.343333333333334,4,18,10,10,6,1,2,1,2,3,7,15.4,14.2,4.0,2.0,2.0,8.0,0.0,0.0,0.0,2.0,29.6,4
22500081,ORL,MIA,80.2,77.6,"('Franz Wagner', 'Paolo Banchero')",5.343333333333334,4,18,10,10,6,1,2,1,2,3,7,15.4,14.2,4.0,2.0,2.0,8.0,0.0,0.0,0.0,2.0,29.6,4
22500081,ORL,MIA,80.2,77.6,"('Franz Wagner', 'Wendell Carter Jr.')",5.343333333333334,4,18,10,10,6,1,2,1,2,3,7,15.4,14.2,4.0,2.0,2.0,8.0,0.0,0.0,0.0,2.0,29.6,4
22500081,ORL,MIA,80.2,77.6,"('Jalen Suggs', 'Paolo Banchero')",5.343333333333334,4,18,10,10,6,1,2,1,2,3,7,15.4,14.2,4.0,2.0,2.0,8.0,0.0,0.0,0.0,2.0,29.6,4
22500081,ORL,MIA,80.2,77.6,"('Jalen Suggs', 'Wendell Carter Jr.')",5.343333333333334,4,18,10,10,6,1,2,1,2,3,7,15.4,14.2,4.0,2.0,2.0,8.0,0.0,0.0,0.0,2.0,29.6,4
22500081,ORL,MIA,80.2,77.6,"('Paolo Banchero', 'Wendell Carter Jr.')",5.343333333333334,4,18,10,10,6,1,2,1,2,3,7,15.4,14.2,4.0,2.0,2.0,8.0,0.0,0.0,0.0,2.0,29.6,4
22500081,ORL,MIA,80.6,77.4,"('Anthony Black', 'Franz Wagner')",0.5666666666666667,3,1,0,1,0,0,0,1,0,1,0,1.44,1.0,0.0,0.0,0.0,0.0,0.0,0.0,0.0,0.0,2.44,4
22500081,ORL,MIA,80.6,77.4,"('Anthony Black', 'Goga Bitadze')",0.5666666666666667,3,1,0,1,0,0,0,1,0,1,0,1.44,1.0,0.0,0.0,0.0,0.0,0.0,0.0,0.0,0.0,2.44,4
22500081,ORL,MIA,80.6,77.4,"('Anthony Black', 'Jalen Suggs')",0.5666666666666667,3,1,0,1,0,0,0,1,0,1,0,1.44,1.0,0.0,0.0,0.0,0.0,0.0,0.0,0.0,0.0,2.44,4
22500081,ORL,MIA,80.6,77.4,"('Anthony Black', 'Paolo Banchero')",0.5666666666666667,3,1,0,1,0,0,0,1,0,1,0,1.44,1.0,0.0,0.0,0.0,0.0,0.0,0.0,0.0,0.0,2.44,4
22500081,ORL,MIA,80.6,77.4,"('Franz Wagner', 'Goga Bitadze')",0.5666666666666667,3,1,0,1,0,0,0,1,0,1,0,1.44,1.0,0.0,0.0,0.0,0.0,0.0,0.0,0.0,0.0,2.44,4
22500081,ORL,MIA,80.6,77.4,"('Franz Wagner', 'Jalen Suggs')",0.5666666666666667,3,1,0,1,0,0,0,1,0,1,0,1.44,1.0,0.0,0.0,0.0,0.0,0.0,0.0,0.0,0.0,2.44,4
22500081,ORL,MIA,80.6,77.4,"('Franz Wagner', 'Paolo Banchero')",0.5666666666666667,3,1,0,1,0,0,0,1,0,1,0,1.44,1.0,0.0,0.0,0.0,0.0,0.0,0.0,0.0,0.0,2.44,4
22500081,ORL,MIA,80.6,77.4,"('Goga Bitadze', 'Jalen Suggs')",0.5666666666666667,3,1,0,1,0,0,0,1,0,1,0,1.44,1.0,0.0,0.0,0.0,0.0,0.0,0.0,0.0,0.0,2.44,4
22500081,ORL,MIA,80.6,77.4,"('Goga Bitadze', 'Paolo Banchero')",0.5666666666666667,3,1,0,1,0,0,0,1,0,1,0,1.44,1.0,0.0,0.0,0.0,0.0,0.0,0.0,0.0,0.0,2.44,4
22500081,ORL,MIA,80.6,77.4,"('Jalen Suggs', 'Paolo Banchero')",0.5666666666666667,3,1,0,1,0,0,0,1,0,1,0,1.44,1.0,0.0,0.0,0.0,0.0,0.0,0.0,0.0,0.0,2.44,4
22500081,ORL,MIA,80.2,77.6,"('Desmond Bane', 'Franz Wagner')",2.766666666666666,3,3,2,3,2,1,0,2,2,1,3,6.44,7.0,2.0,0.0,0.0,2.0,0.0,0.0,0.0,2.0,13.44,4
22500081,ORL,MIA,80.2,77.6,"('Desmond Bane', 'Jalen Suggs')",2.766666666666666,3,3,2,3,2,1,0,2,2,1,3,6.44,7.0,2.0,0.0,0.0,2.0,0.0,0.0,0.0,2.0,13.44,4
22500081,ORL,MIA,80.2,77.6,"('Desmond Bane', 'Paolo Banchero')",2.766666666666666,3,3,2,3,2,1,0,2,2,1,3,6.44,7.0,2.0,0.0,0.0,2.0,0.0,0.0,0.0,2.0,13.44,4
22500081,ORL,MIA,80.2,77.6,"('Desmond Bane', 'Wendell Carter Jr.')",2.766666666666666,3,3,2,3,2,1,0,2,2,1,3,6.44,7.0,2.0,0.0,0.0,2.0,0.0,0.0,0.0,2.0,13.44,4
22500081,ORL,MIA,80.2,77.6,"('Franz Wagner', 'Jalen Suggs')",2.766666666666666,3,3,2,3,2,1,0,2,2,1,3,6.44,7.0,2.0,0.0,0.0,2.0,0.0,0.0,0.0,2.0,13.44,4
22500081,ORL,MIA,80.2,77.6,"('Franz Wagner', 'Paolo Banchero')",2.766666666666666,3,3,2,3,2,1,0,2,2,1,3,6.44,7.0,2.0,0.0,0.0,2.0,0.0,0.0,0.0,2.0,13.44,4
22500081,ORL,MIA,80.2,77.6,"('Franz Wagner', 'Wendell Carter Jr.')",2.766666666666666,3,3,2,3,2,1,0,2,2,1,3,6.44,7.0,2.0,0.0,0.0,2.0,0.0,0.0,0.0,2.0,13.44,4
22500081,ORL,MIA,80.2,77.6,"('Jalen Suggs', 'Paolo Banchero')",2.766666666666666,3,3,2,3,2,1,0,2,2,1,3,6.44,7.0,2.0,0.0,0.0,2.0,0.0,0.0,0.0,2.0,13.44,4
22500081,ORL,MIA,80.2,77.6,"('Jalen Suggs', 'Wendell Carter Jr.')",2.766666666666666,3,3,2,3,2,1,0,2,2,1,3,6.44,7.0,2.0,0.0,0.0,2.0,0.0,0.0,0.0,2.0,13.44,4
22500081,ORL,MIA,80.2,77.6,"('Paolo Banchero', 'Wendell Carter Jr.')",2.766666666666666,3,3,2,3,2,1,0,2,2,1,3,6.44,7.0,2.0,0.0,0.0,2.0,0.0,0.0,0.0,2.0,13.44,4
22500081,ORL,MIA,80.2,78.6,"('Anthony Black', 'Franz Wagner')",2.455,1,15,5,2,2,4,1,1,2,1,1,8.879999999999999,7.44,4.0,5.0,3.0,4.0,2.0,2.0,0.0,4.0,16.32,4
22500081,ORL,MIA,80.2,78.6,"('Anthony Black', 'Goga Bitadze')",2.455,1,15,5,2,2,4,1,1,2,1,1,8.879999999999999,7.44,4.0,5.0,3.0,4.0,2.0,2.0,0.0,4.0,16.32,4
22500081,ORL,MIA,80.2,78.6,"('Anthony Black', 'Jalen Suggs')",2.455,1,15,5,2,2,4,1,1,2,1,1,8.879999999999999,7.44,4.0,5.0,3.0,4.0,2.0,2.0,0.0,4.0,16.32,4
22500081,ORL,MIA,80.2,78.6,"('Anthony Black', 'Tristan da Silva')",2.455,1,15,5,2,2,4,1,1,2,1,1,8.879999999999999,7.44,4.0,5.0,3.0,4.0,2.0,2.0,0.0,4.0,16.32,4
22500081,ORL,MIA,80.2,78.6,"('Franz Wagner', 'Goga Bitadze')",2.455,1,15,5,2,2,4,1,1,2,1,1,8.879999999999999,7.44,4.0,5.0,3.0,4.0,2.0,2.0,0.0,4.0,16.32,4
22500081,ORL,MIA,80.2,78.6,"('Franz Wagner', 'Jalen Suggs')",2.455,1,15,5,2,2,4,1,1,2,1,1,8.879999999999999,7.44,4.0,5.0,3.0,4.0,2.0,2.0,0.0,4.0,16.32,4
22500081,ORL,MIA,80.2,78.6,"('Franz Wagner', 'Tristan da Silva')",2.455,1,15,5,2,2,4,1,1,2,1,1,8.879999999999999,7.44,4.0,5.0,3.0,4.0,2.0,2.0,0.0,4.0,16.32,4
22500081,ORL,MIA,80.2,78.6,"('Goga Bitadze', 'Jalen Suggs')",2.455,1,15,5,2,2,4,1,1,2,1,1,8.879999999999999,7.44,4.0,5.0,3.0,4.0,2.0,2.0,0.0,4.0,16.32,4
22500081,ORL,MIA,80.2,78.6,"('Goga Bitadze', 'Tristan da Silva')",2.455,1,15,5,2,2,4,1,1,2,1,1,8.879999999999999,7.44,4.0,5.0,3.0,4.0,2.0,2.0,0.0,4.0,16.32,4
22500081,ORL,MIA,80.2,78.6,"('Jalen Suggs', 'Tristan da Silva')",2.455,1,15,5,2,2,4,1,1,2,1,1,8.879999999999999,7.44,4.0,5.0,3.0,4.0,2.0,2.0,0.0,4.0,16.32,4
22500081,ORL,MIA,79.2,77.6,"('Desmond Bane', 'Franz Wagner')",2.266666666666667,1,10,11,1,3,0,2,0,0,1,2,4.88,4.88,0.0,3.0,0.0,0.0,0.0,0.0,3.0,0.0,9.76,4
22500081,ORL,MIA,79.2,77.6,"('Desmond Bane', 'Paolo Banchero')",2.266666666666667,1,10,11,1,3,0,2,0,0,1,2,4.88,4.88,0.0,3.0,0.0,0.0,0.0,0.0,3.0,0.0,9.76,4
22500081,ORL,MIA,79.2,77.6,"('Desmond Bane', 'Tyus Jones')",2.266666666666667,1,10,11,1,3,0,2,0,0,1,2,4.88,4.88,0.0,3.0,0.0,0.0,0.0,0.0,3.0,0.0,9.76,4
22500081,ORL,MIA,79.2,77.6,"('Desmond Bane', 'Wendell Carter Jr.')",2.266666666666667,1,10,11,1,3,0,2,0,0,1,2,4.88,4.88,0.0,3.0,0.0,0.0,0.0,0.0,3.0,0.0,9.76,4
22500081,ORL,MIA,79.2,77.6,"('Franz Wagner', 'Paolo Banchero')",2.266666666666667,1,10,11,1,3,0,2,0,0,1,2,4.88,4.88,0.0,3.0,0.0,0.0,0.0,0.0,3.0,0.0,9.76,4
22500081,ORL,MIA,79.2,77.6,"('Franz Wagner', 'Tyus Jones')",2.266666666666667,1,10,11,1,3,0,2,0,0,1,2,4.88,4.88,0.0,3.0,0.0,0.0,0.0,0.0,3.0,0.0,9.76,4
22500081,ORL,MIA,79.2,77.6,"('Franz Wagner', 'Wendell Carter Jr.')",2.266666666666667,1,10,11,1,3,0,2,0,0,1,2,4.88,4.88,0.0,3.0,0.0,0.0,0.0,0.0,3.0,0.0,9.76,4
22500081,ORL,MIA,79.2,77.6,"('Paolo Banchero', 'Tyus Jones')",2.266666666666667,1,10,11,1,3,0,2,0,0,1,2,4.88,4.88,0.0,3.0,0.0,0.0,0.0,0.0,3.0,0.0,9.76,4
22500081,ORL,MIA,79.2,77.6,"('Paolo Banchero', 'Wendell Carter Jr.')",2.266666666666667,1,10,11,1,3,0,2,0,0,1,2,4.88,4.88,0.0,3.0,0.0,0.0,0.0,0.0,3.0,0.0,9.76,4
22500081,ORL,MIA,79.2,77.6,"('Tyus Jones', 'Wendell Carter Jr.')",2.266666666666667,1,10,11,1,3,0,2,0,0,1,2,4.88,4.88,0.0,3.0,0.0,0.0,0.0,0.0,3.0,0.0,9.76,4
22500081,ORL,MIA,80.2,77.6,"('Desmond Bane', 'Franz Wagner')",2.8666666666666663,1,9,12,1,2,2,3,0,1,2,1,6.0,6.76,2.0,0.0,0.0,6.0,0.0,0.0,0.0,2.0,12.76,4
22500081,ORL,MIA,80.2,77.6,"('Desmond Bane', 'Jalen Suggs')",2.8666666666666663,1,9,12,1,2,2,3,0,1,2,1,6.0,6.76,2.0,0.0,0.0,6.0,0.0,0.0,0.0,2.0,12.76,4
22500081,ORL,MIA,80.2,77.6,"('Desmond Bane', 'Paolo Banchero')",2.8666666666666663,1,9,12,1,2,2,3,0,1,2,1,6.0,6.76,2.0,0.0,0.0,6.0,0.0,0.0,0.0,2.0,12.76,4
22500081,ORL,MIA,80.2,77.6,"('Desmond Bane', 'Wendell Carter Jr.')",2.8666666666666663,1,9,12,1,2,2,3,0,1,2,1,6.0,6.76,2.0,0.0,0.0,6.0,0.0,0.0,0.0,2.0,12.76,4
22500081,ORL,MIA,80.2,77.6,"('Franz Wagner', 'Jalen Suggs')",2.8666666666666663,1,9,12,1,2,2,3,0,1,2,1,6.0,6.76,2.0,0.0,0.0,6.0,0.0,0.0,0.0,2.0,12.76,4
22500081,ORL,MIA,80.2,77.6,"('Franz Wagner', 'Paolo Banchero')",2.8666666666666663,1,9,12,1,2,2,3,0,1,2,1,6.0,6.76,2.0,0.0,0.0,6.0,0.0,0.0,0.0,2.0,12.76,4
22500081,ORL,MIA,80.2,77.6,"('Franz Wagner', 'Wendell Carter Jr.')",2.8666666666666663,1,9,12,1,2,2,3,0,1,2,1,6.0,6.76,2.0,0.0,0.0,6.0,0.0,0.0,0.0,2.0,12.76,4
22500081,ORL,MIA,80.2,77.6,"('Jalen Suggs', 'Paolo Banchero')",2.8666666666666663,1,9,12,1,2,2,3,0,1,2,1,6.0,6.76,2.0,0.0,0.0,6.0,0.0,0.0,0.0,2.0,12.76,4
22500081,ORL,MIA,80.2,77.6,"('Jalen Suggs', 'Wendell Carter Jr.')",2.8666666666666663,1,9,12,1,2,2,3,0,1,2,1,6.0,6.76,2.0,0.0,0.0,6.0,0.0,0.0,0.0,2.0,12.76,4
22500081,ORL,MIA,80.2,77.6,"('Paolo Banchero', 'Wendell Carter Jr.')",2.8666666666666663,1,9,12,1,2,2,3,0,1,2,1,6.0,6.76,2.0,0.0,0.0,6.0,0.0,0.0,0.0,2.0,12.76,4
22500081,ORL,MIA,80.8,77.6,"('Anthony Black', 'Desmond Bane')",2.931666666666667,2,9,7,3,3,1,1,0,1,0,1,6.88,6.88,0.0,3.0,0.0,2.0,0.0,3.0,0.0,0.0,13.76,4
22500081,ORL,MIA,80.8,77.6,"('Anthony Black', 'Franz Wagner')",2.931666666666667,2,9,7,3,3,1,1,0,1,0,1,6.88,6.88,0.0,3.0,0.0,2.0,0.0,3.0,0.0,0.0,13.76,4
22500081,ORL,MIA,80.8,77.6,"('Anthony Black', 'Goga Bitadze')",2.931666666666667,2,9,7,3,3,1,1,0,1,0,1,6.88,6.88,0.0,3.0,0.0,2.0,0.0,3.0,0.0,0.0,13.76,4
22500081,ORL,MIA,80.8,77.6,"('Anthony Black', 'Paolo Banchero')",2.931666666666667,2,9,7,3,3,1,1,0,1,0,1,6.88,6.88,0.0,3.0,0.0,2.0,0.0,3.0,0.0,0.0,13.76,4
22500081,ORL,MIA,80.8,77.6,"('Desmond Bane', 'Franz Wagner')",2.931666666666667,2,9,7,3,3,1,1,0,1,0,1,6.88,6.88,0.0,3.0,0.0,2.0,0.0,3.0,0.0,0.0,13.76,4
22500081,ORL,MIA,80.8,77.6,"('Desmond Bane', 'Goga Bitadze')",2.931666666666667,2,9,7,3,3,1,1,0,1,0,1,6.88,6.88,0.0,3.0,0.0,2.0,0.0,3.0,0.0,0.0,13.76,4
22500081,ORL,MIA,80.8,77.6,"('Desmond Bane', 'Paolo Banchero')",2.931666666666667,2,9,7,3,3,1,1,0,1,0,1,6.88,6.88,0.0,3.0,0.0,2.0,0.0,3.0,0.0,0.0,13.76,4
22500081,ORL,MIA,80.8,77.6,"('Franz Wagner', 'Goga Bitadze')",2.931666666666667,2,9,7,3,3,1,1,0,1,0,1,6.88,6.88,0.0,3.0,0.0,2.0,0.0,3.0,0.0,0.0,13.76,4
22500081,ORL,MIA,80.8,77.6,"('Franz Wagner', 'Paolo Banchero')",2.931666666666667,2,9,7,3,3,1,1,0,1,0,1,6.88,6.88,0.0,3.0,0.0,2.0,0.0,3.0,0.0,0.0,13.76,4
22500081,ORL,MIA,80.8,77.6,"('Goga Bitadze', 'Paolo Banchero')",2.931666666666667,2,9,7,3,3,1,1,0,1,0,1,6.88,6.88,0.0,3.0,0.0,2.0,0.0,3.0,0.0,0.0,13.76,4
22500090,ORL,ATL,81.0,79.2,"('Desmond Bane', 'Franz Wagner')",0.1299999999999999,3,0,0,1,0,0,0,0,0,0,0,0.0,1.0,0.0,0.0,0.0,0.0,0.0,0.0,0.0,0.0,1.0,5
22500090,ORL,ATL,81.0,79.2,"('Desmond Bane', 'Goga Bitadze')",0.1299999999999999,3,0,0,1,0,0,0,0,0,0,0,0.0,1.0,0.0,0.0,0.0,0.0,0.0,0.0,0.0,0.0,1.0,5
22500090,ORL,ATL,81.0,79.2,"('Desmond Bane', 'Jonathan Isaac')",0.1299999999999999,3,0,0,1,0,0,0,0,0,0,0,0.0,1.0,0.0,0.0,0.0,0.0,0.0,0.0,0.0,0.0,1.0,5
22500090,ORL,ATL,81.0,79.2,"('Desmond Bane', 'Tristan da Silva')",0.1299999999999999,3,0,0,1,0,0,0,0,0,0,0,0.0,1.0,0.0,0.0,0.0,0.0,0.0,0.0,0.0,0.0,1.0,5
22500090,ORL,ATL,81.0,79.2,"('Franz Wagner', 'Goga Bitadze')",0.1299999999999999,3,0,0,1,0,0,0,0,0,0,0,0.0,1.0,0.0,0.0,0.0,0.0,0.0,0.0,0.0,0.0,1.0,5
22500090,ORL,ATL,81.0,79.2,"('Franz Wagner', 'Jonathan Isaac')",0.1299999999999999,3,0,0,1,0,0,0,0,0,0,0,0.0,1.0,0.0,0.0,0.0,0.0,0.0,0.0,0.0,0.0,1.0,5
22500090,ORL,ATL,81.0,79.2,"('Franz Wagner', 'Tristan da Silva')",0.1299999999999999,3,0,0,1,0,0,0,0,0,0,0,0.0,1.0,0.0,0.0,0.0,0.0,0.0,0.0,0.0,0.0,1.0,5
22500090,ORL,ATL,81.0,79.2,"('Goga Bitadze', 'Jonathan Isaac')",0.1299999999999999,3,0,0,1,0,0,0,0,0,0,0,0.0,1.0,0.0,0.0,0.0,0.0,0.0,0.0,0.0,0.0,1.0,5
22500090,ORL,ATL,81.0,79.2,"('Goga Bitadze', 'Tristan da Silva')",0.1299999999999999,3,0,0,1,0,0,0,0,0,0,0,0.0,1.0,0.0,0.0,0.0,0.0,0.0,0.0,0.0,0.0,1.0,5
22500090,ORL,ATL,81.0,79.2,"('Jonathan Isaac', 'Tristan da Silva')",0.1299999999999999,3,0,0,1,0,0,0,0,0,0,0,0.0,1.0,0.0,0.0,0.0,0.0,0.0,0.0,0.0,0.0,1.0,5
22500090,ORL,ATL,80.6,79.2,"('Anthony Black', 'Desmond Bane')",3.1333333333333333,3,7,7,4,1,1,2,3,0,3,2,7.32,8.440000000000001,2.0,0.0,0.0,4.0,2.0,2.0,0.0,6.0,15.760000000000002,5
22500090,ORL,ATL,80.6,79.2,"('Anthony Black', 'Franz Wagner')",3.1333333333333333,3,7,7,4,1,1,2,3,0,3,2,7.32,8.440000000000001,2.0,0.0,0.0,4.0,2.0,2.0,0.0,6.0,15.760000000000002,5
22500090,ORL,ATL,80.6,79.2,"('Anthony Black', 'Paolo Banchero')",3.1333333333333333,3,7,7,4,1,1,2,3,0,3,2,7.32,8.440000000000001,2.0,0.0,0.0,4.0,2.0,2.0,0.0,6.0,15.760000000000002,5
22500090,ORL,ATL,80.6,79.2,"('Anthony Black', 'Wendell Carter Jr.')",3.1333333333333333,3,7,7,4,1,1,2,3,0,3,2,7.32,8.440000000000001,2.0,0.0,0.0,4.0,2.0,2.0,0.0,6.0,15.760000000000002,5
22500090,ORL,ATL,80.6,79.2,"('Desmond Bane', 'Franz Wagner')",3.1333333333333333,3,7,7,4,1,1,2,3,0,3,2,7.32,8.440000000000001,2.0,0.0,0.0,4.0,2.0,2.0,0.0,6.0,15.760000000000002,5
22500090,ORL,ATL,80.6,79.2,"('Desmond Bane', 'Paolo Banchero')",3.1333333333333333,3,7,7,4,1,1,2,3,0,3,2,7.32,8.440000000000001,2.0,0.0,0.0,4.0,2.0,2.0,0.0,6.0,15.760000000000002,5
22500090,ORL,ATL,80.6,79.2,"('Desmond Bane', 'Wendell Carter Jr.')",3.1333333333333333,3,7,7,4,1,1,2,3,0,3,2,7.32,8.440000000000001,2.0,0.0,0.0,4.0,2.0,2.0,0.0,6.0,15.760000000000002,5
22500090,ORL,ATL,80.6,79.2,"('Franz Wagner', 'Paolo Banchero')",3.1333333333333333,3,7,7,4,1,1,2,3,0,3,2,7.32,8.440000000000001,2.0,0.0,0.0,4.0,2.0,2.0,0.0,6.0,15.760000000000002,5
22500090,ORL,ATL,80.6,79.2,"('Franz Wagner', 'Wendell Carter Jr.')",3.1333333333333333,3,7,7,4,1,1,2,3,0,3,2,7.32,8.440000000000001,2.0,0.0,0.0,4.0,2.0,2.0,0.0,6.0,15.760000000000002,5
22500090,ORL,ATL,80.6,79.2,"('Paolo Banchero', 'Wendell Carter Jr.')",3.1333333333333333,3,7,7,4,1,1,2,3,0,3,2,7.32,8.440000000000001,2.0,0.0,0.0,4.0,2.0,2.0,0.0,6.0,15.760000000000002,5
22500090,ORL,ATL,80.2,78.4,"('Desmond Bane', 'Franz Wagner')",2.7,3,7,6,1,3,1,2,0,1,0,0,5.0,5.0,0.0,0.0,0.0,0.0,0.0,0.0,2.0,6.0,10.0,5
22500090,ORL,ATL,80.2,78.4,"('Desmond Bane', 'Jalen Suggs')",2.7,3,7,6,1,3,1,2,0,1,0,0,5.0,5.0,0.0,0.0,0.0,0.0,0.0,0.0,2.0,6.0,10.0,5
22500090,ORL,ATL,80.2,78.4,"('Desmond Bane', 'Paolo Banchero')",2.7,3,7,6,1,3,1,2,0,1,0,0,5.0,5.0,0.0,0.0,0.0,0.0,0.0,0.0,2.0,6.0,10.0,5
22500090,ORL,ATL,80.2,78.4,"('Desmond Bane', 'Wendell Carter Jr.')",2.7,3,7,6,1,3,1,2,0,1,0,0,5.0,5.0,0.0,0.0,0.0,0.0,0.0,0.0,2.0,6.0,10.0,5
22500090,ORL,ATL,80.2,78.4,"('Franz Wagner', 'Jalen Suggs')",2.7,3,7,6,1,3,1,2,0,1,0,0,5.0,5.0,0.0,0.0,0.0,0.0,0.0,0.0,2.0,6.0,10.0,5
22500090,ORL,ATL,80.2,78.4,"('Franz Wagner', 'Paolo Banchero')",2.7,3,7,6,1,3,1,2,0,1,0,0,5.0,5.0,0.0,0.0,0.0,0.0,0.0,0.0,2.0,6.0,10.0,5
22500090,ORL,ATL,80.2,78.4,"('Franz Wagner', 'Wendell Carter Jr.')",2.7,3,7,6,1,3,1,2,0,1,0,0,5.0,5.0,0.0,0.0,0.0,0.0,0.0,0.0,2.0,6.0,10.0,5
22500090,ORL,ATL,80.2,78.4,"('Jalen Suggs', 'Paolo Banchero')",2.7,3,7,6,1,3,1,2,0,1,0,0,5.0,5.0,0.0,0.0,0.0,0.0,0.0,0.0,2.0,6.0,10.0,5
22500090,ORL,ATL,80.2,78.4,"('Jalen Suggs', 'Wendell Carter Jr.')",2.7,3,7,6,1,3,1,2,0,1,0,0,5.0,5.0,0.0,0.0,0.0,0.0,0.0,0.0,2.0,6.0,10.0,5
22500090,ORL,ATL,80.2,78.4,"('Paolo Banchero', 'Wendell Carter Jr.')",2.7,3,7,6,1,3,1,2,0,1,0,0,5.0,5.0,0.0,0.0,0.0,0.0,0.0,0.0,2.0,6.0,10.0,5
22500090,ORL,ATL,80.2,78.4,"('Anthony Black', 'Desmond Bane')",2.25,3,4,5,0,1,1,2,1,1,1,1,3.88,3.44,0.0,0.0,0.0,2.0,2.0,0.0,0.0,2.0,7.32,5
22500090,ORL,ATL,80.2,78.4,"('Anthony Black', 'Paolo Banchero')",2.25,3,4,5,0,1,1,2,1,1,1,1,3.88,3.44,0.0,0.0,0.0,2.0,2.0,0.0,0.0,2.0,7.32,5
22500090,ORL,ATL,80.2,78.4,"('Anthony Black', 'Tristan da Silva')",2.25,3,4,5,0,1,1,2,1,1,1,1,3.88,3.44,0.0,0.0,0.0,2.0,2.0,0.0,0.0,2.0,7.32,5
22500090,ORL,ATL,80.2,78.4,"('Anthony Black', 'Wendell Carter Jr.')",2.25,3,4,5,0,1,1,2,1,1,1,1,3.88,3.44,0.0,0.0,0.0,2.0,2.0,0.0,0.0,2.0,7.32,5
22500090,ORL,ATL,80.2,78.4,"('Desmond Bane', 'Paolo Banchero')",2.25,3,4,5,0,1,1,2,1,1,1,1,3.88,3.44,0.0,0.0,0.0,2.0,2.0,0.0,0.0,2.0,7.32,5
22500090,ORL,ATL,80.2,78.4,"('Desmond Bane', 'Tristan da Silva')",2.25,3,4,5,0,1,1,2,1,1,1,1,3.88,3.44,0.0,0.0,0.0,2.0,2.0,0.0,0.0,2.0,7.32,5
22500090,ORL,ATL,80.2,78.4,"('Desmond Bane', 'Wendell Carter Jr.')",2.25,3,4,5,0,1,1,2,1,1,1,1,3.88,3.44,0.0,0.0,0.0,2.0,2.0,0.0,0.0,2.0,7.32,5
22500090,ORL,ATL,80.2,78.4,"('Paolo Banchero', 'Tristan da Silva')",2.25,3,4,5,0,1,1,2,1,1,1,1,3.88,3.44,0.0,0.0,0.0,2.0,2.0,0.0,0.0,2.0,7.32,5
22500090,ORL,ATL,80.2,78.4,"('Paolo Banchero', 'Wendell Carter Jr.')",2.25,3,4,5,0,1,1,2,1,1,1,1,3.88,3.44,0.0,0.0,0.0,2.0,2.0,0.0,0.0,2.0,7.32,5
22500090,ORL,ATL,80.2,78.4,"('Tristan da Silva', 'Wendell Carter Jr.')",2.25,3,4,5,0,1,1,2,1,1,1,1,3.88,3.44,0.0,0.0,0.0,2.0,2.0,0.0,0.0,2.0,7.32,5
22500090,ORL,ATL,79.2,79.2,"('Anthony Black', 'Franz Wagner')",2.58,3,6,7,2,5,1,1,0,0,1,1,5.44,5.0,0.0,0.0,0.0,2.0,0.0,2.0,5.0,4.0,10.44,5
22500090,ORL,ATL,79.2,79.2,"('Anthony Black', 'Goga Bitadze')",2.58,3,6,7,2,5,1,1,0,0,1,1,5.44,5.0,0.0,0.0,0.0,2.0,0.0,2.0,5.0,4.0,10.44,5
22500090,ORL,ATL,79.2,79.2,"('Anthony Black', 'Tristan da Silva')",2.58,3,6,7,2,5,1,1,0,0,1,1,5.44,5.0,0.0,0.0,0.0,2.0,0.0,2.0,5.0,4.0,10.44,5
22500090,ORL,ATL,79.2,79.2,"('Anthony Black', 'Tyus Jones')",2.58,3,6,7,2,5,1,1,0,0,1,1,5.44,5.0,0.0,0.0,0.0,2.0,0.0,2.0,5.0,4.0,10.44,5
22500090,ORL,ATL,79.2,79.2,"('Franz Wagner', 'Goga Bitadze')",2.58,3,6,7,2,5,1,1,0,0,1,1,5.44,5.0,0.0,0.0,0.0,2.0,0.0,2.0,5.0,4.0,10.44,5
22500090,ORL,ATL,79.2,79.2,"('Franz Wagner', 'Tristan da Silva')",2.58,3,6,7,2,5,1,1,0,0,1,1,5.44,5.0,0.0,0.0,0.0,2.0,0.0,2.0,5.0,4.0,10.44,5
22500090,ORL,ATL,79.2,79.2,"('Franz Wagner', 'Tyus Jones')",2.58,3,6,7,2,5,1,1,0,0,1,1,5.44,5.0,0.0,0.0,0.0,2.0,0.0,2.0,5.0,4.0,10.44,5
22500090,ORL,ATL,79.2,79.2,"('Goga Bitadze', 'Tristan da Silva')",2.58,3,6,7,2,5,1,1,0,0,1,1,5.44,5.0,0.0,0.0,0.0,2.0,0.0,2.0,5.0,4.0,10.44,5
22500090,ORL,ATL,79.2,79.2,"('Goga Bitadze', 'Tyus Jones')",2.58,3,6,7,2,5,1,1,0,0,1,1,5.44,5.0,0.0,0.0,0.0,2.0,0.0,2.0,5.0,4.0,10.44,5
22500090,ORL,ATL,79.2,79.2,"('Tristan da Silva', 'Tyus Jones')",2.58,3,6,7,2,5,1,1,0,0,1,1,5.44,5.0,0.0,0.0,0.0,2.0,0.0,2.0,5.0,4.0,10.44,5
22500090,ORL,ATL,80.2,79.0,"('Desmond Bane', 'Franz Wagner')",2.918333333333333,2,8,9,6,2,2,2,1,0,4,1,7.44,9.2,0.0,0.0,5.0,4.0,0.0,2.0,0.0,4.0,16.64,5
22500090,ORL,ATL,80.2,79.0,"('Desmond Bane', 'Jalen Suggs')",2.918333333333333,2,8,9,6,2,2,2,1,0,4,1,7.44,9.2,0.0,0.0,5.0,4.0,0.0,2.0,0.0,4.0,16.64,5
22500090,ORL,ATL,80.2,79.0,"('Desmond Bane', 'Paolo Banchero')",2.918333333333333,2,8,9,6,2,2,2,1,0,4,1,7.44,9.2,0.0,0.0,5.0,4.0,0.0,2.0,0.0,4.0,16.64,5
22500090,ORL,ATL,80.2,79.0,"('Desmond Bane', 'Wendell Carter Jr.')",2.918333333333333,2,8,9,6,2,2,2,1,0,4,1,7.44,9.2,0.0,0.0,5.0,4.0,0.0,2.0,0.0,4.0,16.64,5
22500090,ORL,ATL,80.2,79.0,"('Franz Wagner', 'Jalen Suggs')",2.918333333333333,2,8,9,6,2,2,2,1,0,4,1,7.44,9.2,0.0,0.0,5.0,4.0,0.0,2.0,0.0,4.0,16.64,5
22500090,ORL,ATL,80.2,79.0,"('Franz Wagner', 'Paolo Banchero')",2.918333333333333,2,8,9,6,2,2,2,1,0,4,1,7.44,9.2,0.0,0.0,5.0,4.0,0.0,2.0,0.0,4.0,16.64,5
22500090,ORL,ATL,80.2,79.0,"('Franz Wagner', 'Wendell Carter Jr.')",2.918333333333333,2,8,9,6,2,2,2,1,0,4,1,7.44,9.2,0.0,0.0,5.0,4.0,0.0,2.0,0.0,4.0,16.64,5
22500090,ORL,ATL,80.2,79.0,"('Jalen Suggs', 'Paolo Banchero')",2.918333333333333,2,8,9,6,2,2,2,1,0,4,1,7.44,9.2,0.0,0.0,5.0,4.0,0.0,2.0,0.0,4.0,16.64,5
22500090,ORL,ATL,80.2,79.0,"('Jalen Suggs', 'Wendell Carter Jr.')",2.918333333333333,2,8,9,6,2,2,2,1,0,4,1,7.44,9.2,0.0,0.0,5.0,4.0,0.0,2.0,0.0,4.0,16.64,5
22500090,ORL,ATL,80.2,79.0,"('Paolo Banchero', 'Wendell Carter Jr.')",2.918333333333333,2,8,9,6,2,2,2,1,0,4,1,7.44,9.2,0.0,0.0,5.0,4.0,0.0,2.0,0.0,4.0,16.64,5
22500090,ORL,ATL,79.2,78.4,"('Desmond Bane', 'Franz Wagner')",2.783333333333333,4,3,13,0,2,0,3,1,0,1,0,4.44,5.44,0.0,0.0,0.0,2.0,5.0,2.0,0.0,6.0,9.88,5
22500090,ORL,ATL,79.2,78.4,"('Desmond Bane', 'Paolo Banchero')",2.783333333333333,4,3,13,0,2,0,3,1,0,1,0,4.44,5.44,0.0,0.0,0.0,2.0,5.0,2.0,0.0,6.0,9.88,5
22500090,ORL,ATL,79.2,78.4,"('Desmond Bane', 'Tyus Jones')",2.783333333333333,4,3,13,0,2,0,3,1,0,1,0,4.44,5.44,0.0,0.0,0.0,2.0,5.0,2.0,0.0,6.0,9.88,5
22500090,ORL,ATL,79.2,78.4,"('Desmond Bane', 'Wendell Carter Jr.')",2.783333333333333,4,3,13,0,2,0,3,1,0,1,0,4.44,5.44,0.0,0.0,0.0,2.0,5.0,2.0,0.0,6.0,9.88,5
22500090,ORL,ATL,79.2,78.4,"('Franz Wagner', 'Paolo Banchero')",2.783333333333333,4,3,13,0,2,0,3,1,0,1,0,4.44,5.44,0.0,0.0,0.0,2.0,5.0,2.0,0.0,6.0,9.88,5
22500090,ORL,ATL,79.2,78.4,"('Franz Wagner', 'Tyus Jones')",2.783333333333333,4,3,13,0,2,0,3,1,0,1,0,4.44,5.44,0.0,0.0,0.0,2.0,5.0,2.0,0.0,6.0,9.88,5
22500090,ORL,ATL,79.2,78.4,"('Franz Wagner', 'Wendell Carter Jr.')",2.783333333333333,4,3,13,0,2,0,3,1,0,1,0,4.44,5.44,0.0,0.0,0.0,2.0,5.0,2.0,0.0,6.0,9.88,5
22500090,ORL,ATL,79.2,78.4,"('Paolo Banchero', 'Tyus Jones')",2.783333333333333,4,3,13,0,2,0,3,1,0,1,0,4.44,5.44,0.0,0.0,0.0,2.0,5.0,2.0,0.0,6.0,9.88,5
22500090,ORL,ATL,79.2,78.4,"('Paolo Banchero', 'Wendell Carter Jr.')",2.783333333333333,4,3,13,0,2,0,3,1,0,1,0,4.44,5.44,0.0,0.0,0.0,2.0,5.0,2.0,0.0,6.0,9.88,5
22500090,ORL,ATL,79.2,78.4,"('Tyus Jones', 'Wendell Carter Jr.')",2.783333333333333,4,3,13,0,2,0,3,1,0,1,0,4.44,5.44,0.0,0.0,0.0,2.0,5.0,2.0,0.0,6.0,9.88,5
22500090,ORL,ATL,78.8,78.4,"('Desmond Bane', 'Paolo Banchero')",0.8666666666666667,4,3,0,3,0,0,0,0,0,0,1,1.44,2.0,0.0,0.0,2.0,2.0,0.0,0.0,0.0,0.0,3.44,5
22500090,ORL,ATL,78.8,78.4,"('Desmond Bane', 'Tristan da Silva')",0.8666666666666667,4,3,0,3,0,0,0,0,0,0,1,1.44,2.0,0.0,0.0,2.0,2.0,0.0,0.0,0.0,0.0,3.44,5
22500090,ORL,ATL,78.8,78.4,"('Desmond Bane', 'Tyus Jones')",0.8666666666666667,4,3,0,3,0,0,0,0,0,0,1,1.44,2.0,0.0,0.0,2.0,2.0,0.0,0.0,0.0,0.0,3.44,5
22500090,ORL,ATL,78.8,78.4,"('Desmond Bane', 'Wendell Carter Jr.')",0.8666666666666667,4,3,0,3,0,0,0,0,0,0,1,1.44,2.0,0.0,0.0,2.0,2.0,0.0,0.0,0.0,0.0,3.44,5
22500090,ORL,ATL,78.8,78.4,"('Paolo Banchero', 'Tristan da Silva')",0.8666666666666667,4,3,0,3,0,0,0,0,0,0,1,1.44,2.0,0.0,0.0,2.0,2.0,0.0,0.0,0.0,0.0,3.44,5
22500090,ORL,ATL,78.8,78.4,"('Paolo Banchero', 'Tyus Jones')",0.8666666666666667,4,3,0,3,0,0,0,0,0,0,1,1.44,2.0,0.0,0.0,2.0,2.0,0.0,0.0,0.0,0.0,3.44,5
22500090,ORL,ATL,78.8,78.4,"('Paolo Banchero', 'Wendell Carter Jr.')",0.8666666666666667,4,3,0,3,0,0,0,0,0,0,1,1.44,2.0,0.0,0.0,2.0,2.0,0.0,0.0,0.0,0.0,3.44,5
22500090,ORL,ATL,78.8,78.4,"('Tristan da Silva', 'Tyus Jones')",0.8666666666666667,4,3,0,3,0,0,0,0,0,0,1,1.44,2.0,0.0,0.0,2.0,2.0,0.0,0.0,0.0,0.0,3.44,5
22500090,ORL,ATL,78.8,78.4,"('Tristan da Silva', 'Wendell Carter Jr.')",0.8666666666666667,4,3,0,3,0,0,0,0,0,0,1,1.44,2.0,0.0,0.0,2.0,2.0,0.0,0.0,0.0,0.0,3.44,5
22500090,ORL,ATL,78.8,78.4,"('Tyus Jones', 'Wendell Carter Jr.')",0.8666666666666667,4,3,0,3,0,0,0,0,0,0,1,1.44,2.0,0.0,0.0,2.0,2.0,0.0,0.0,0.0,0.0,3.44,5
22500090,ORL,ATL,78.8,79.4,"('Franz Wagner', 'Goga Bitadze')",4.0666666666666655,4,7,8,5,3,1,3,1,2,0,1,8.440000000000001,7.0,0.0,2.0,2.0,6.0,0.0,0.0,0.0,2.0,15.44,5
22500090,ORL,ATL,78.8,79.4,"('Franz Wagner', 'Jalen Suggs')",4.0666666666666655,4,7,8,5,3,1,3,1,2,0,1,8.440000000000001,7.0,0.0,2.0,2.0,6.0,0.0,0.0,0.0,2.0,15.44,5
22500090,ORL,ATL,78.8,79.4,"('Franz Wagner', 'Tristan da Silva')",4.0666666666666655,4,7,8,5,3,1,3,1,2,0,1,8.440000000000001,7.0,0.0,2.0,2.0,6.0,0.0,0.0,0.0,2.0,15.44,5
22500090,ORL,ATL,78.8,79.4,"('Franz Wagner', 'Tyus Jones')",4.0666666666666655,4,7,8,5,3,1,3,1,2,0,1,8.440000000000001,7.0,0.0,2.0,2.0,6.0,0.0,0.0,0.0,2.0,15.44,5
22500090,ORL,ATL,78.8,79.4,"('Goga Bitadze', 'Jalen Suggs')",4.0666666666666655,4,7,8,5,3,1,3,1,2,0,1,8.440000000000001,7.0,0.0,2.0,2.0,6.0,0.0,0.0,0.0,2.0,15.44,5
22500090,ORL,ATL,78.8,79.4,"('Goga Bitadze', 'Tristan da Silva')",4.0666666666666655,4,7,8,5,3,1,3,1,2,0,1,8.440000000000001,7.0,0.0,2.0,2.0,6.0,0.0,0.0,0.0,2.0,15.44,5
22500090,ORL,ATL,78.8,79.4,"('Goga Bitadze', 'Tyus Jones')",4.0666666666666655,4,7,8,5,3,1,3,1,2,0,1,8.440000000000001,7.0,0.0,2.0,2.0,6.0,0.0,0.0,0.0,2.0,15.44,5
22500090,ORL,ATL,78.8,79.4,"('Jalen Suggs', 'Tristan da Silva')",4.0666666666666655,4,7,8,5,3,1,3,1,2,0,1,8.440000000000001,7.0,0.0,2.0,2.0,6.0,0.0,0.0,0.0,2.0,15.44,5
22500090,ORL,ATL,78.8,79.4,"('Jalen Suggs', 'Tyus Jones')",4.0666666666666655,4,7,8,5,3,1,3,1,2,0,1,8.440000000000001,7.0,0.0,2.0,2.0,6.0,0.0,0.0,0.0,2.0,15.44,5
22500090,ORL,ATL,78.8,79.4,"('Tristan da Silva', 'Tyus Jones')",4.0666666666666655,4,7,8,5,3,1,3,1,2,0,1,8.440000000000001,7.0,0.0,2.0,2.0,6.0,0.0,0.0,0.0,2.0,15.44,5
22500090,ORL,ATL,78.8,78.4,"('Desmond Bane', 'Jett Howard')",1.1333333333333335,4,1,5,1,2,0,0,0,0,1,1,2.44,2.0,0.0,0.0,0.0,0.0,0.0,0.0,0.0,2.0,4.44,5
22500090,ORL,ATL,78.8,78.4,"('Desmond Bane', 'Paolo Banchero')",1.1333333333333335,4,1,5,1,2,0,0,0,0,1,1,2.44,2.0,0.0,0.0,0.0,0.0,0.0,0.0,0.0,2.0,4.44,5
22500090,ORL,ATL,78.8,78.4,"('Desmond Bane', 'Tyus Jones')",1.1333333333333335,4,1,5,1,2,0,0,0,0,1,1,2.44,2.0,0.0,0.0,0.0,0.0,0.0,0.0,0.0,2.0,4.44,5
22500090,ORL,ATL,78.8,78.4,"('Desmond Bane', 'Wendell Carter Jr.')",1.1333333333333335,4,1,5,1,2,0,0,0,0,1,1,2.44,2.0,0.0,0.0,0.0,0.0,0.0,0.0,0.0,2.0,4.44,5
22500090,ORL,ATL,78.8,78.4,"('Jett Howard', 'Paolo Banchero')",1.1333333333333335,4,1,5,1,2,0,0,0,0,1,1,2.44,2.0,0.0,0.0,0.0,0.0,0.0,0.0,0.0,2.0,4.44,5
22500090,ORL,ATL,78.8,78.4,"('Jett Howard', 'Tyus Jones')",1.1333333333333335,4,1,5,1,2,0,0,0,0,1,1,2.44,2.0,0.0,0.0,0.0,0.0,0.0,0.0,0.0,2.0,4.44,5
22500090,ORL,ATL,78.8,78.4,"('Jett Howard', 'Wendell Carter Jr.')",1.1333333333333335,4,1,5,1,2,0,0,0,0,1,1,2.44,2.0,0.0,0.0,0.0,0.0,0.0,0.0,0.0,2.0,4.44,5
22500090,ORL,ATL,78.8,78.4,"('Paolo Banchero', 'Tyus Jones')",1.1333333333333335,4,1,5,1,2,0,0,0,0,1,1,2.44,2.0,0.0,0.0,0.0,0.0,0.0,0.0,0.0,2.0,4.44,5
22500090,ORL,ATL,78.8,78.4,"('Paolo Banchero', 'Wendell Carter Jr.')",1.1333333333333335,4,1,5,1,2,0,0,0,0,1,1,2.44,2.0,0.0,0.0,0.0,0.0,0.0,0.0,0.0,2.0,4.44,5
22500090,ORL,ATL,78.8,78.4,"('Tyus Jones', 'Wendell Carter Jr.')",1.1333333333333335,4,1,5,1,2,0,0,0,0,1,1,2.44,2.0,0.0,0.0,0.0,0.0,0.0,0.0,0.0,2.0,4.44,5
22500090,ORL,ATL,80.6,78.0,"('Anthony Black', 'Desmond Bane')",0.0683333333333333,4,0,1,0,0,0,0,0,0,1,0,0.0,0.44,0.0,0.0,0.0,0.0,0.0,0.0,0.0,0.0,0.44,5
22500090,ORL,ATL,80.6,78.0,"('Anthony Black', 'Franz Wagner')",0.0683333333333333,4,0,1,0,0,0,0,0,0,1,0,0.0,0.44,0.0,0.0,0.0,0.0,0.0,0.0,0.0,0.0,0.44,5
22500090,ORL,ATL,80.6,78.0,"('Anthony Black', 'Paolo Banchero')",0.0683333333333333,4,0,1,0,0,0,0,0,0,1,0,0.0,0.44,0.0,0.0,0.0,0.0,0.0,0.0,0.0,0.0,0.44,5
22500090,ORL,ATL,80.6,78.0,"('Anthony Black', 'Wendell Carter Jr.')",0.0683333333333333,4,0,1,0,0,0,0,0,0,1,0,0.0,0.44,0.0,0.0,0.0,0.0,0.0,0.0,0.0,0.0,0.44,5
22500090,ORL,ATL,80.6,78.0,"('Desmond Bane', 'Franz Wagner')",0.0683333333333333,4,0,1,0,0,0,0,0,0,1,0,0.0,0.44,0.0,0.0,0.0,0.0,0.0,0.0,0.0,0.0,0.44,5
22500090,ORL,ATL,80.6,78.0,"('Desmond Bane', 'Paolo Banchero')",0.0683333333333333,4,0,1,0,0,0,0,0,0,1,0,0.0,0.44,0.0,0.0,0.0,0.0,0.0,0.0,0.0,0.0,0.44,5
22500090,ORL,ATL,80.6,78.0,"('Desmond Bane', 'Wendell Carter Jr.')",0.0683333333333333,4,0,1,0,0,0,0,0,0,1,0,0.0,0.44,0.0,0.0,0.0,0.0,0.0,0.0,0.0,0.0,0.44,5
22500090,ORL,ATL,80.6,78.0,"('Franz Wagner', 'Paolo Banchero')",0.0683333333333333,4,0,1,0,0,0,0,0,0,1,0,0.0,0.44,0.0,0.0,0.0,0.0,0.0,0.0,0.0,0.0,0.44,5
22500090,ORL,ATL,80.6,78.0,"('Franz Wagner', 'Wendell Carter Jr.')",0.0683333333333333,4,0,1,0,0,0,0,0,0,1,0,0.0,0.44,0.0,0.0,0.0,0.0,0.0,0.0,0.0,0.0,0.44,5
22500090,ORL,ATL,80.6,78.0,"('Paolo Banchero', 'Wendell Carter Jr.')",0.0683333333333333,4,0,1,0,0,0,0,0,0,1,0,0.0,0.44,0.0,0.0,0.0,0.0,0.0,0.0,0.0,0.0,0.44,5
22500090,ORL,ATL,80.2,78.4,"('Desmond Bane', 'Franz Wagner')",2.8483333333333336,4,7,5,4,2,2,1,2,1,2,2,9.32,6.32,2.0,0.0,0.0,4.0,0.0,0.0,0.0,0.0,15.64,5
22500090,ORL,ATL,80.2,78.4,"('Desmond Bane', 'Jalen Suggs')",2.8483333333333336,4,7,5,4,2,2,1,2,1,2,2,9.32,6.32,2.0,0.0,0.0,4.0,0.0,0.0,0.0,0.0,15.64,5
22500090,ORL,ATL,80.2,78.4,"('Desmond Bane', 'Paolo Banchero')",2.8483333333333336,4,7,5,4,2,2,1,2,1,2,2,9.32,6.32,2.0,0.0,0.0,4.0,0.0,0.0,0.0,0.0,15.64,5
22500090,ORL,ATL,80.2,78.4,"('Desmond Bane', 'Wendell Carter Jr.')",2.8483333333333336,4,7,5,4,2,2,1,2,1,2,2,9.32,6.32,2.0,0.0,0.0,4.0,0.0,0.0,0.0,0.0,15.64,5
22500090,ORL,ATL,80.2,78.4,"('Franz Wagner', 'Jalen Suggs')",2.8483333333333336,4,7,5,4,2,2,1,2,1,2,2,9.32,6.32,2.0,0.0,0.0,4.0,0.0,0.0,0.0,0.0,15.64,5
22500090,ORL,ATL,80.2,78.4,"('Franz Wagner', 'Paolo Banchero')",2.8483333333333336,4,7,5,4,2,2,1,2,1,2,2,9.32,6.32,2.0,0.0,0.0,4.0,0.0,0.0,0.0,0.0,15.64,5
22500090,ORL,ATL,80.2,78.4,"('Franz Wagner', 'Wendell Carter Jr.')",2.8483333333333336,4,7,5,4,2,2,1,2,1,2,2,9.32,6.32,2.0,0.0,0.0,4.0,0.0,0.0,0.0,0.0,15.64,5
22500090,ORL,ATL,80.2,78.4,"('Jalen Suggs', 'Paolo Banchero')",2.8483333333333336,4,7,5,4,2,2,1,2,1,2,2,9.32,6.32,2.0,0.0,0.0,4.0,0.0,0.0,0.0,0.0,15.64,5
22500090,ORL,ATL,80.2,78.4,"('Jalen Suggs', 'Wendell Carter Jr.')",2.8483333333333336,4,7,5,4,2,2,1,2,1,2,2,9.32,6.32,2.0,0.0,0.0,4.0,0.0,0.0,0.0,0.0,15.64,5
22500090,ORL,ATL,80.2,78.4,"('Paolo Banchero', 'Wendell Carter Jr.')",2.8483333333333336,4,7,5,4,2,2,1,2,1,2,2,9.32,6.32,2.0,0.0,0.0,4.0,0.0,0.0,0.0,0.0,15.64,5
22500090,ORL,ATL,81.2,78.4,"('Franz Wagner', 'Goga Bitadze')",0.0,4,0,1,0,0,0,0,0,0,0,0,0.0,0.44,0.0,0.0,0.0,0.0,0.0,0.0,0.0,0.0,0.44,5
22500090,ORL,ATL,81.2,78.4,"('Franz Wagner', 'Jalen Suggs')",0.0,4,0,1,0,0,0,0,0,0,0,0,0.0,0.44,0.0,0.0,0.0,0.0,0.0,0.0,0.0,0.0,0.44,5
22500090,ORL,ATL,81.2,78.4,"('Franz Wagner', 'Paolo Banchero')",0.0,4,0,1,0,0,0,0,0,0,0,0,0.0,0.44,0.0,0.0,0.0,0.0,0.0,0.0,0.0,0.0,0.44,5
22500090,ORL,ATL,81.2,78.4,"('Franz Wagner', 'Wendell Carter Jr.')",0.0,4,0,1,0,0,0,0,0,0,0,0,0.0,0.44,0.0,0.0,0.0,0.0,0.0,0.0,0.0,0.0,0.44,5
22500090,ORL,ATL,81.2,78.4,"('Goga Bitadze', 'Jalen Suggs')",0.0,4,0,1,0,0,0,0,0,0,0,0,0.0,0.44,0.0,0.0,0.0,0.0,0.0,0.0,0.0,0.0,0.44,5
22500090,ORL,ATL,81.2,78.4,"('Goga Bitadze', 'Paolo Banchero')",0.0,4,0,1,0,0,0,0,0,0,0,0,0.0,0.44,0.0,0.0,0.0,0.0,0.0,0.0,0.0,0.0,0.44,5
22500090,ORL,ATL,81.2,78.4,"('Goga Bitadze', 'Wendell Carter Jr.')",0.0,4,0,1,0,0,0,0,0,0,0,0,0.0,0.44,0.0,0.0,0.0,0.0,0.0,0.0,0.0,0.0,0.44,5
22500090,ORL,ATL,81.2,78.4,"('Jalen Suggs', 'Paolo Banchero')",0.0,4,0,1,0,0,0,0,0,0,0,0,0.0,0.44,0.0,0.0,0.0,0.0,0.0,0.0,0.0,0.0,0.44,5
22500090,ORL,ATL,81.2,78.4,"('Jalen Suggs', 'Wendell Carter Jr.')",0.0,4,0,1,0,0,0,0,0,0,0,0,0.0,0.44,0.0,0.0,0.0,0.0,0.0,0.0,0.0,0.0,0.44,5
22500090,ORL,ATL,81.2,78.4,"('Paolo Banchero', 'Wendell Carter Jr.')",0.0,4,0,1,0,0,0,0,0,0,0,0,0.0,0.44,0.0,0.0,0.0,0.0,0.0,0.0,0.0,0.0,0.44,5
22500090,ORL,ATL,79.2,78.8,"('Anthony Black', 'Goga Bitadze')",1.0833333333333337,3,1,2,2,2,0,1,0,0,0,0,2.44,3.0,0.0,0.0,0.0,0.0,0.0,0.0,0.0,2.0,5.44,5
22500090,ORL,ATL,79.2,78.8,"('Anthony Black', 'Paolo Banchero')",1.0833333333333337,3,1,2,2,2,0,1,0,0,0,0,2.44,3.0,0.0,0.0,0.0,0.0,0.0,0.0,0.0,2.0,5.44,5
22500090,ORL,ATL,79.2,78.8,"('Anthony Black', 'Tristan da Silva')",1.0833333333333337,3,1,2,2,2,0,1,0,0,0,0,2.44,3.0,0.0,0.0,0.0,0.0,0.0,0.0,0.0,2.0,5.44,5
22500090,ORL,ATL,79.2,78.8,"('Anthony Black', 'Tyus Jones')",1.0833333333333337,3,1,2,2,2,0,1,0,0,0,0,2.44,3.0,0.0,0.0,0.0,0.0,0.0,0.0,0.0,2.0,5.44,5
22500090,ORL,ATL,79.2,78.8,"('Goga Bitadze', 'Paolo Banchero')",1.0833333333333337,3,1,2,2,2,0,1,0,0,0,0,2.44,3.0,0.0,0.0,0.0,0.0,0.0,0.0,0.0,2.0,5.44,5
22500090,ORL,ATL,79.2,78.8,"('Goga Bitadze', 'Tristan da Silva')",1.0833333333333337,3,1,2,2,2,0,1,0,0,0,0,2.44,3.0,0.0,0.0,0.0,0.0,0.0,0.0,0.0,2.0,5.44,5
22500090,ORL,ATL,79.2,78.8,"('Goga Bitadze', 'Tyus Jones')",1.0833333333333337,3,1,2,2,2,0,1,0,0,0,0,2.44,3.0,0.0,0.0,0.0,0.0,0.0,0.0,0.0,2.0,5.44,5
22500090,ORL,ATL,79.2,78.8,"('Paolo Banchero', 'Tristan da Silva')",1.0833333333333337,3,1,2,2,2,0,1,0,0,0,0,2.44,3.0,0.0,0.0,0.0,0.0,0.0,0.0,0.0,2.0,5.44,5
22500090,ORL,ATL,79.2,78.8,"('Paolo Banchero', 'Tyus Jones')",1.0833333333333337,3,1,2,2,2,0,1,0,0,0,0,2.44,3.0,0.0,0.0,0.0,0.0,0.0,0.0,0.0,2.0,5.44,5
22500090,ORL,ATL,79.2,78.8,"('Tristan da Silva', 'Tyus Jones')",1.0833333333333337,3,1,2,2,2,0,1,0,0,0,0,2.44,3.0,0.0,0.0,0.0,0.0,0.0,0.0,0.0,2.0,5.44,5
22500090,ORL,ATL,80.2,79.2,"('Anthony Black', 'Desmond Bane')",2.916666666666666,1,3,6,1,7,1,1,1,3,2,2,7.44,9.0,0.0,0.0,0.0,2.0,0.0,2.0,2.0,6.0,16.44,5
22500090,ORL,ATL,80.2,79.2,"('Anthony Black', 'Paolo Banchero')",2.916666666666666,1,3,6,1,7,1,1,1,3,2,2,7.44,9.0,0.0,0.0,0.0,2.0,0.0,2.0,2.0,6.0,16.44,5
22500090,ORL,ATL,80.2,79.2,"('Anthony Black', 'Tristan da Silva')",2.916666666666666,1,3,6,1,7,1,1,1,3,2,2,7.44,9.0,0.0,0.0,0.0,2.0,0.0,2.0,2.0,6.0,16.44,5
22500090,ORL,ATL,80.2,79.2,"('Anthony Black', 'Wendell Carter Jr.')",2.916666666666666,1,3,6,1,7,1,1,1,3,2,2,7.44,9.0,0.0,0.0,0.0,2.0,0.0,2.0,2.0,6.0,16.44,5
22500090,ORL,ATL,80.2,79.2,"('Desmond Bane', 'Paolo Banchero')",2.916666666666666,1,3,6,1,7,1,1,1,3,2,2,7.44,9.0,0.0,0.0,0.0,2.0,0.0,2.0,2.0,6.0,16.44,5
22500090,ORL,ATL,80.2,79.2,"('Desmond Bane', 'Tristan da Silva')",2.916666666666666,1,3,6,1,7,1,1,1,3,2,2,7.44,9.0,0.0,0.0,0.0,2.0,0.0,2.0,2.0,6.0,16.44,5
22500090,ORL,ATL,80.2,79.2,"('Desmond Bane', 'Wendell Carter Jr.')",2.916666666666666,1,3,6,1,7,1,1,1,3,2,2,7.44,9.0,0.0,0.0,0.0,2.0,0.0,2.0,2.0,6.0,16.44,5
22500090,ORL,ATL,80.2,79.2,"('Paolo Banchero', 'Tristan da Silva')",2.916666666666666,1,3,6,1,7,1,1,1,3,2,2,7.44,9.0,0.0,0.0,0.0,2.0,0.0,2.0,2.0,6.0,16.44,5
22500090,ORL,ATL,80.2,79.2,"('Paolo Banchero', 'Wendell Carter Jr.')",2.916666666666666,1,3,6,1,7,1,1,1,3,2,2,7.44,9.0,0.0,0.0,0.0,2.0,0.0,2.0,2.0,6.0,16.44,5
22500090,ORL,ATL,80.2,79.2,"('Tristan da Silva', 'Wendell Carter Jr.')",2.916666666666666,1,3,6,1,7,1,1,1,3,2,2,7.44,9.0,0.0,0.0,0.0,2.0,0.0,2.0,2.0,6.0,16.44,5
22500090,ORL,ATL,80.2,78.6,"('Desmond Bane', 'Franz Wagner')",4.716666666666667,1,13,10,4,1,3,3,5,2,2,3,13.44,11.0,2.0,2.0,0.0,6.0,6.0,2.0,0.0,10.0,24.44,5
22500090,ORL,ATL,80.2,78.6,"('Desmond Bane', 'Jalen Suggs')",4.716666666666667,1,13,10,4,1,3,3,5,2,2,3,13.44,11.0,2.0,2.0,0.0,6.0,6.0,2.0,0.0,10.0,24.44,5
22500090,ORL,ATL,80.2,78.6,"('Desmond Bane', 'Paolo Banchero')",4.716666666666667,1,13,10,4,1,3,3,5,2,2,3,13.44,11.0,2.0,2.0,0.0,6.0,6.0,2.0,0.0,10.0,24.44,5
22500090,ORL,ATL,80.2,78.6,"('Desmond Bane', 'Wendell Carter Jr.')",4.716666666666667,1,13,10,4,1,3,3,5,2,2,3,13.44,11.0,2.0,2.0,0.0,6.0,6.0,2.0,0.0,10.0,24.44,5
22500090,ORL,ATL,80.2,78.6,"('Franz Wagner', 'Jalen Suggs')",4.716666666666667,1,13,10,4,1,3,3,5,2,2,3,13.44,11.0,2.0,2.0,0.0,6.0,6.0,2.0,0.0,10.0,24.44,5
22500090,ORL,ATL,80.2,78.6,"('Franz Wagner', 'Paolo Banchero')",4.716666666666667,1,13,10,4,1,3,3,5,2,2,3,13.44,11.0,2.0,2.0,0.0,6.0,6.0,2.0,0.0,10.0,24.44,5
22500090,ORL,ATL,80.2,78.6,"('Franz Wagner', 'Wendell Carter Jr.')",4.716666666666667,1,13,10,4,1,3,3,5,2,2,3,13.44,11.0,2.0,2.0,0.0,6.0,6.0,2.0,0.0,10.0,24.44,5
22500090,ORL,ATL,80.2,78.6,"('Jalen Suggs', 'Paolo Banchero')",4.716666666666667,1,13,10,4,1,3,3,5,2,2,3,13.44,11.0,2.0,2.0,0.0,6.0,6.0,2.0,0.0,10.0,24.44,5
22500090,ORL,ATL,80.2,78.6,"('Jalen Suggs', 'Wendell Carter Jr.')",4.716666666666667,1,13,10,4,1,3,3,5,2,2,3,13.44,11.0,2.0,2.0,0.0,6.0,6.0,2.0,0.0,10.0,24.44,5
22500090,ORL,ATL,80.2,78.6,"('Paolo Banchero', 'Wendell Carter Jr.')",4.716666666666667,1,13,10,4,1,3,3,5,2,2,3,13.44,11.0,2.0,2.0,0.0,6.0,6.0,2.0,0.0,10.0,24.44,5
22500090,ORL,ATL,80.6,78.6,"('Anthony Black', 'Desmond Bane')",0.4499999999999999,1,0,0,1,0,0,0,1,0,1,0,1.0,1.0,0.0,0.0,0.0,0.0,0.0,0.0,0.0,0.0,2.0,5
22500090,ORL,ATL,80.6,78.6,"('Anthony Black', 'Franz Wagner')",0.4499999999999999,1,0,0,1,0,0,0,1,0,1,0,1.0,1.0,0.0,0.0,0.0,0.0,0.0,0.0,0.0,0.0,2.0,5
22500090,ORL,ATL,80.6,78.6,"('Anthony Black', 'Paolo Banchero')",0.4499999999999999,1,0,0,1,0,0,0,1,0,1,0,1.0,1.0,0.0,0.0,0.0,0.0,0.0,0.0,0.0,0.0,2.0,5
22500090,ORL,ATL,80.6,78.6,"('Anthony Black', 'Wendell Carter Jr.')",0.4499999999999999,1,0,0,1,0,0,0,1,0,1,0,1.0,1.0,0.0,0.0,0.0,0.0,0.0,0.0,0.0,0.0,2.0,5
22500090,ORL,ATL,80.6,78.6,"('Desmond Bane', 'Franz Wagner')",0.4499999999999999,1,0,0,1,0,0,0,1,0,1,0,1.0,1.0,0.0,0.0,0.0,0.0,0.0,0.0,0.0,0.0,2.0,5
22500090,ORL,ATL,80.6,78.6,"('Desmond Bane', 'Paolo Banchero')",0.4499999999999999,1,0,0,1,0,0,0,1,0,1,0,1.0,1.0,0.0,0.0,0.0,0.0,0.0,0.0,0.0,0.0,2.0,5
22500090,ORL,ATL,80.6,78.6,"('Desmond Bane', 'Wendell Carter Jr.')",0.4499999999999999,1,0,0,1,0,0,0,1,0,1,0,1.0,1.0,0.0,0.0,0.0,0.0,0.0,0.0,0.0,0.0,2.0,5
22500090,ORL,ATL,80.6,78.6,"('Franz Wagner', 'Paolo Banchero')",0.4499999999999999,1,0,0,1,0,0,0,1,0,1,0,1.0,1.0,0.0,0.0,0.0,0.0,0.0,0.0,0.0,0.0,2.0,5
22500090,ORL,ATL,80.6,78.6,"('Franz Wagner', 'Wendell Carter Jr.')",0.4499999999999999,1,0,0,1,0,0,0,1,0,1,0,1.0,1.0,0.0,0.0,0.0,0.0,0.0,0.0,0.0,0.0,2.0,5
22500090,ORL,ATL,80.6,78.6,"('Paolo Banchero', 'Wendell Carter Jr.')",0.4499999999999999,1,0,0,1,0,0,0,1,0,1,0,1.0,1.0,0.0,0.0,0.0,0.0,0.0,0.0,0.0,0.0,2.0,5
22500090,ORL,ATL,78.8,79.4,"('Franz Wagner', 'Goga Bitadze')",1.645,1,5,6,1,3,1,1,0,2,1,1,4.44,4.88,0.0,2.0,2.0,4.0,0.0,0.0,2.0,4.0,9.32,5
22500090,ORL,ATL,78.8,79.4,"('Franz Wagner', 'Jalen Suggs')",1.645,1,5,6,1,3,1,1,0,2,1,1,4.44,4.88,0.0,2.0,2.0,4.0,0.0,0.0,2.0,4.0,9.32,5
22500090,ORL,ATL,78.8,79.4,"('Franz Wagner', 'Tristan da Silva')",1.645,1,5,6,1,3,1,1,0,2,1,1,4.44,4.88,0.0,2.0,2.0,4.0,0.0,0.0,2.0,4.0,9.32,5
22500090,ORL,ATL,78.8,79.4,"('Franz Wagner', 'Tyus Jones')",1.645,1,5,6,1,3,1,1,0,2,1,1,4.44,4.88,0.0,2.0,2.0,4.0,0.0,0.0,2.0,4.0,9.32,5
22500090,ORL,ATL,78.8,79.4,"('Goga Bitadze', 'Jalen Suggs')",1.645,1,5,6,1,3,1,1,0,2,1,1,4.44,4.88,0.0,2.0,2.0,4.0,0.0,0.0,2.0,4.0,9.32,5
22500090,ORL,ATL,78.8,79.4,"('Goga Bitadze', 'Tristan da Silva')",1.645,1,5,6,1,3,1,1,0,2,1,1,4.44,4.88,0.0,2.0,2.0,4.0,0.0,0.0,2.0,4.0,9.32,5
22500090,ORL,ATL,78.8,79.4,"('Goga Bitadze', 'Tyus Jones')",1.645,1,5,6,1,3,1,1,0,2,1,1,4.44,4.88,0.0,2.0,2.0,4.0,0.0,0.0,2.0,4.0,9.32,5
22500090,ORL,ATL,78.8,79.4,"('Jalen Suggs', 'Tristan da Silva')",1.645,1,5,6,1,3,1,1,0,2,1,1,4.44,4.88,0.0,2.0,2.0,4.0,0.0,0.0,2.0,4.0,9.32,5
22500090,ORL,ATL,78.8,79.4,"('Jalen Suggs', 'Tyus Jones')",1.645,1,5,6,1,3,1,1,0,2,1,1,4.44,4.88,0.0,2.0,2.0,4.0,0.0,0.0,2.0,4.0,9.32,5
22500090,ORL,ATL,78.8,79.4,"('Tristan da Silva', 'Tyus Jones')",1.645,1,5,6,1,3,1,1,0,2,1,1,4.44,4.88,0.0,2.0,2.0,4.0,0.0,0.0,2.0,4.0,9.32,5
22500090,ORL,ATL,79.2,78.8,"('Anthony Black', 'Franz Wagner')",2.8833333333333337,2,12,4,1,1,4,0,0,2,0,1,7.0,6.0,0.0,4.0,2.0,12.0,0.0,0.0,2.0,2.0,13.0,5
22500090,ORL,ATL,79.2,78.8,"('Anthony Black', 'Goga Bitadze')",2.8833333333333337,2,12,4,1,1,4,0,0,2,0,1,7.0,6.0,0.0,4.0,2.0,12.0,0.0,0.0,2.0,2.0,13.0,5
22500090,ORL,ATL,79.2,78.8,"('Anthony Black', 'Tristan da Silva')",2.8833333333333337,2,12,4,1,1,4,0,0,2,0,1,7.0,6.0,0.0,4.0,2.0,12.0,0.0,0.0,2.0,2.0,13.0,5
22500090,ORL,ATL,79.2,78.8,"('Anthony Black', 'Tyus Jones')",2.8833333333333337,2,12,4,1,1,4,0,0,2,0,1,7.0,6.0,0.0,4.0,2.0,12.0,0.0,0.0,2.0,2.0,13.0,5
22500090,ORL,ATL,79.2,78.8,"('Franz Wagner', 'Goga Bitadze')",2.8833333333333337,2,12,4,1,1,4,0,0,2,0,1,7.0,6.0,0.0,4.0,2.0,12.0,0.0,0.0,2.0,2.0,13.0,5
22500090,ORL,ATL,79.2,78.8,"('Franz Wagner', 'Tristan da Silva')",2.8833333333333337,2,12,4,1,1,4,0,0,2,0,1,7.0,6.0,0.0,4.0,2.0,12.0,0.0,0.0,2.0,2.0,13.0,5
22500090,ORL,ATL,79.2,78.8,"('Franz Wagner', 'Tyus Jones')",2.8833333333333337,2,12,4,1,1,4,0,0,2,0,1,7.0,6.0,0.0,4.0,2.0,12.0,0.0,0.0,2.0,2.0,13.0,5
22500090,ORL,ATL,79.2,78.8,"('Goga Bitadze', 'Tristan da Silva')",2.8833333333333337,2,12,4,1,1,4,0,0,2,0,1,7.0,6.0,0.0,4.0,2.0,12.0,0.0,0.0,2.0,2.0,13.0,5
22500090,ORL,ATL,79.2,78.8,"('Goga Bitadze', 'Tyus Jones')",2.8833333333333337,2,12,4,1,1,4,0,0,2,0,1,7.0,6.0,0.0,4.0,2.0,12.0,0.0,0.0,2.0,2.0,13.0,5
22500090,ORL,ATL,79.2,78.8,"('Tristan da Silva', 'Tyus Jones')",2.8833333333333337,2,12,4,1,1,4,0,0,2,0,1,7.0,6.0,0.0,4.0,2.0,12.0,0.0,0.0,2.0,2.0,13.0,5
22500090,ORL,ATL,80.4,78.8,"('Anthony Black', 'Desmond Bane')",0.75,2,3,2,0,0,1,0,0,0,2,0,1.0,0.88,0.0,0.0,0.0,0.0,0.0,0.0,0.0,0.0,1.88,5
22500090,ORL,ATL,80.4,78.8,"('Anthony Black', 'Franz Wagner')",0.75,2,3,2,0,0,1,0,0,0,2,0,1.0,0.88,0.0,0.0,0.0,0.0,0.0,0.0,0.0,0.0,1.88,5
22500090,ORL,ATL,80.4,78.8,"('Anthony Black', 'Goga Bitadze')",0.75,2,3,2,0,0,1,0,0,0,2,0,1.0,0.88,0.0,0.0,0.0,0.0,0.0,0.0,0.0,0.0,1.88,5
22500090,ORL,ATL,80.4,78.8,"('Anthony Black', 'Tristan da Silva')",0.75,2,3,2,0,0,1,0,0,0,2,0,1.0,0.88,0.0,0.0,0.0,0.0,0.0,0.0,0.0,0.0,1.88,5
22500090,ORL,ATL,80.4,78.8,"('Desmond Bane', 'Franz Wagner')",0.75,2,3,2,0,0,1,0,0,0,2,0,1.0,0.88,0.0,0.0,0.0,0.0,0.0,0.0,0.0,0.0,1.88,5
22500090,ORL,ATL,80.4,78.8,"('Desmond Bane', 'Goga Bitadze')",0.75,2,3,2,0,0,1,0,0,0,2,0,1.0,0.88,0.0,0.0,0.0,0.0,0.0,0.0,0.0,0.0,1.88,5
22500090,ORL,ATL,80.4,78.8,"('Desmond Bane', 'Tristan da Silva')",0.75,2,3,2,0,0,1,0,0,0,2,0,1.0,0.88,0.0,0.0,0.0,0.0,0.0,0.0,0.0,0.0,1.88,5
22500090,ORL,ATL,80.4,78.8,"('Franz Wagner', 'Goga Bitadze')",0.75,2,3,2,0,0,1,0,0,0,2,0,1.0,0.88,0.0,0.0,0.0,0.0,0.0,0.0,0.0,0.0,1.88,5
22500090,ORL,ATL,80.4,78.8,"('Franz Wagner', 'Tristan da Silva')",0.75,2,3,2,0,0,1,0,0,0,2,0,1.0,0.88,0.0,0.0,0.0,0.0,0.0,0.0,0.0,0.0,1.88,5
22500090,ORL,ATL,80.4,78.8,"('Goga Bitadze', 'Tristan da Silva')",0.75,2,3,2,0,0,1,0,0,0,2,0,1.0,0.88,0.0,0.0,0.0,0.0,0.0,0.0,0.0,0.0,1.88,5
22500090,ORL,ATL,80.2,79.0,"('Anthony Black', 'Desmond Bane')",1.0,2,4,4,1,0,0,1,1,0,1,2,3.88,1.88,0.0,0.0,2.0,2.0,2.0,2.0,0.0,2.0,5.76,5
22500090,ORL,ATL,80.2,79.0,"('Anthony Black', 'Jett Howard')",1.0,2,4,4,1,0,0,1,1,0,1,2,3.88,1.88,0.0,0.0,2.0,2.0,2.0,2.0,0.0,2.0,5.76,5
22500090,ORL,ATL,80.2,79.0,"('Anthony Black', 'Paolo Banchero')",1.0,2,4,4,1,0,0,1,1,0,1,2,3.88,1.88,0.0,0.0,2.0,2.0,2.0,2.0,0.0,2.0,5.76,5
22500090,ORL,ATL,80.2,79.0,"('Anthony Black', 'Wendell Carter Jr.')",1.0,2,4,4,1,0,0,1,1,0,1,2,3.88,1.88,0.0,0.0,2.0,2.0,2.0,2.0,0.0,2.0,5.76,5
22500090,ORL,ATL,80.2,79.0,"('Desmond Bane', 'Jett Howard')",1.0,2,4,4,1,0,0,1,1,0,1,2,3.88,1.88,0.0,0.0,2.0,2.0,2.0,2.0,0.0,2.0,5.76,5
22500090,ORL,ATL,80.2,79.0,"('Desmond Bane', 'Paolo Banchero')",1.0,2,4,4,1,0,0,1,1,0,1,2,3.88,1.88,0.0,0.0,2.0,2.0,2.0,2.0,0.0,2.0,5.76,5
22500090,ORL,ATL,80.2,79.0,"('Desmond Bane', 'Wendell Carter Jr.')",1.0,2,4,4,1,0,0,1,1,0,1,2,3.88,1.88,0.0,0.0,2.0,2.0,2.0,2.0,0.0,2.0,5.76,5
22500090,ORL,ATL,80.2,79.0,"('Jett Howard', 'Paolo Banchero')",1.0,2,4,4,1,0,0,1,1,0,1,2,3.88,1.88,0.0,0.0,2.0,2.0,2.0,2.0,0.0,2.0,5.76,5
22500090,ORL,ATL,80.2,79.0,"('Jett Howard', 'Wendell Carter Jr.')",1.0,2,4,4,1,0,0,1,1,0,1,2,3.88,1.88,0.0,0.0,2.0,2.0,2.0,2.0,0.0,2.0,5.76,5
22500090,ORL,ATL,80.2,79.0,"('Paolo Banchero', 'Wendell Carter Jr.')",1.0,2,4,4,1,0,0,1,1,0,1,2,3.88,1.88,0.0,0.0,2.0,2.0,2.0,2.0,0.0,2.0,5.76,5
22500090,ORL,ATL,79.2,79.4,"('Anthony Black', 'Goga Bitadze')",2.2,1,3,3,1,2,1,1,1,1,1,0,4.0,4.0,3.0,0.0,0.0,0.0,0.0,0.0,0.0,0.0,8.0,5
22500090,ORL,ATL,79.2,79.4,"('Anthony Black', 'Paolo Banchero')",2.2,1,3,3,1,2,1,1,1,1,1,0,4.0,4.0,3.0,0.0,0.0,0.0,0.0,0.0,0.0,0.0,8.0,5
22500090,ORL,ATL,79.2,79.4,"('Anthony Black', 'Tristan da Silva')",2.2,1,3,3,1,2,1,1,1,1,1,0,4.0,4.0,3.0,0.0,0.0,0.0,0.0,0.0,0.0,0.0,8.0,5
22500090,ORL,ATL,79.2,79.4,"('Anthony Black', 'Tyus Jones')",2.2,1,3,3,1,2,1,1,1,1,1,0,4.0,4.0,3.0,0.0,0.0,0.0,0.0,0.0,0.0,0.0,8.0,5
22500090,ORL,ATL,79.2,79.4,"('Goga Bitadze', 'Paolo Banchero')",2.2,1,3,3,1,2,1,1,1,1,1,0,4.0,4.0,3.0,0.0,0.0,0.0,0.0,0.0,0.0,0.0,8.0,5
22500090,ORL,ATL,79.2,79.4,"('Goga Bitadze', 'Tristan da Silva')",2.2,1,3,3,1,2,1,1,1,1,1,0,4.0,4.0,3.0,0.0,0.0,0.0,0.0,0.0,0.0,0.0,8.0,5
22500090,ORL,ATL,79.2,79.4,"('Goga Bitadze', 'Tyus Jones')",2.2,1,3,3,1,2,1,1,1,1,1,0,4.0,4.0,3.0,0.0,0.0,0.0,0.0,0.0,0.0,0.0,8.0,5
22500090,ORL,ATL,79.2,79.4,"('Paolo Banchero', 'Tristan da Silva')",2.2,1,3,3,1,2,1,1,1,1,1,0,4.0,4.0,3.0,0.0,0.0,0.0,0.0,0.0,0.0,0.0,8.0,5
22500090,ORL,ATL,79.2,79.4,"('Paolo Banchero', 'Tyus Jones')",2.2,1,3,3,1,2,1,1,1,1,1,0,4.0,4.0,3.0,0.0,0.0,0.0,0.0,0.0,0.0,0.0,8.0,5
22500090,ORL,ATL,79.2,79.4,"('Tristan da Silva', 'Tyus Jones')",2.2,1,3,3,1,2,1,1,1,1,1,0,4.0,4.0,3.0,0.0,0.0,0.0,0.0,0.0,0.0,0.0,8.0,5
22500090,ORL,ATL,80.6,78.4,"('Anthony Black', 'Desmond Bane')",0.25,2,0,0,0,1,0,0,0,0,1,0,1.0,1.0,0.0,0.0,0.0,0.0,0.0,0.0,0.0,0.0,2.0,5
22500090,ORL,ATL,80.6,78.4,"('Anthony Black', 'Franz Wagner')",0.25,2,0,0,0,1,0,0,0,0,1,0,1.0,1.0,0.0,0.0,0.0,0.0,0.0,0.0,0.0,0.0,2.0,5
22500090,ORL,ATL,80.6,78.4,"('Anthony Black', 'Paolo Banchero')",0.25,2,0,0,0,1,0,0,0,0,1,0,1.0,1.0,0.0,0.0,0.0,0.0,0.0,0.0,0.0,0.0,2.0,5
22500090,ORL,ATL,80.6,78.4,"('Anthony Black', 'Wendell Carter Jr.')",0.25,2,0,0,0,1,0,0,0,0,1,0,1.0,1.0,0.0,0.0,0.0,0.0,0.0,0.0,0.0,0.0,2.0,5
22500090,ORL,ATL,80.6,78.4,"('Desmond Bane', 'Franz Wagner')",0.25,2,0,0,0,1,0,0,0,0,1,0,1.0,1.0,0.0,0.0,0.0,0.0,0.0,0.0,0.0,0.0,2.0,5
22500090,ORL,ATL,80.6,78.4,"('Desmond Bane', 'Paolo Banchero')",0.25,2,0,0,0,1,0,0,0,0,1,0,1.0,1.0,0.0,0.0,0.0,0.0,0.0,0.0,0.0,0.0,2.0,5
22500090,ORL,ATL,80.6,78.4,"('Desmond Bane', 'Wendell Carter Jr.')",0.25,2,0,0,0,1,0,0,0,0,1,0,1.0,1.0,0.0,0.0,0.0,0.0,0.0,0.0,0.0,0.0,2.0,5
22500090,ORL,ATL,80.6,78.4,"('Franz Wagner', 'Paolo Banchero')",0.25,2,0,0,0,1,0,0,0,0,1,0,1.0,1.0,0.0,0.0,0.0,0.0,0.0,0.0,0.0,0.0,2.0,5
22500090,ORL,ATL,80.6,78.4,"('Franz Wagner', 'Wendell Carter Jr.')",0.25,2,0,0,0,1,0,0,0,0,1,0,1.0,1.0,0.0,0.0,0.0,0.0,0.0,0.0,0.0,0.0,2.0,5
22500090,ORL,ATL,80.6,78.4,"('Paolo Banchero', 'Wendell Carter Jr.')",0.25,2,0,0,0,1,0,0,0,0,1,0,1.0,1.0,0.0,0.0,0.0,0.0,0.0,0.0,0.0,0.0,2.0,5
22500090,ORL,ATL,80.8,78.4,"('Desmond Bane', 'Franz Wagner')",2.6499999999999995,2,7,6,4,2,0,2,2,1,1,2,7.76,7.44,3.0,0.0,0.0,0.0,0.0,0.0,0.0,0.0,15.2,5
22500090,ORL,ATL,80.8,78.4,"('Desmond Bane', 'Paolo Banchero')",2.6499999999999995,2,7,6,4,2,0,2,2,1,1,2,7.76,7.44,3.0,0.0,0.0,0.0,0.0,0.0,0.0,0.0,15.2,5
22500090,ORL,ATL,80.8,78.4,"('Desmond Bane', 'Tristan da Silva')",2.6499999999999995,2,7,6,4,2,0,2,2,1,1,2,7.76,7.44,3.0,0.0,0.0,0.0,0.0,0.0,0.0,0.0,15.2,5
22500090,ORL,ATL,80.8,78.4,"('Desmond Bane', 'Wendell Carter Jr.')",2.6499999999999995,2,7,6,4,2,0,2,2,1,1,2,7.76,7.44,3.0,0.0,0.0,0.0,0.0,0.0,0.0,0.0,15.2,5
22500090,ORL,ATL,80.8,78.4,"('Franz Wagner', 'Paolo Banchero')",2.6499999999999995,2,7,6,4,2,0,2,2,1,1,2,7.76,7.44,3.0,0.0,0.0,0.0,0.0,0.0,0.0,0.0,15.2,5
22500090,ORL,ATL,80.8,78.4,"('Franz Wagner', 'Tristan da Silva')",2.6499999999999995,2,7,6,4,2,0,2,2,1,1,2,7.76,7.44,3.0,0.0,0.0,0.0,0.0,0.0,0.0,0.0,15.2,5
22500090,ORL,ATL,80.8,78.4,"('Franz Wagner', 'Wendell Carter Jr.')",2.6499999999999995,2,7,6,4,2,0,2,2,1,1,2,7.76,7.44,3.0,0.0,0.0,0.0,0.0,0.0,0.0,0.0,15.2,5
22500090,ORL,ATL,80.8,78.4,"('Paolo Banchero', 'Tristan da Silva')",2.6499999999999995,2,7,6,4,2,0,2,2,1,1,2,7.76,7.44,3.0,0.0,0.0,0.0,0.0,0.0,0.0,0.0,15.2,5
22500090,ORL,ATL,80.8,78.4,"('Paolo Banchero', 'Wendell Carter Jr.')",2.6499999999999995,2,7,6,4,2,0,2,2,1,1,2,7.76,7.44,3.0,0.0,0.0,0.0,0.0,0.0,0.0,0.0,15.2,5
22500090,ORL,ATL,80.8,78.4,"('Tristan da Silva', 'Wendell Carter Jr.')",2.6499999999999995,2,7,6,4,2,0,2,2,1,1,2,7.76,7.44,3.0,0.0,0.0,0.0,0.0,0.0,0.0,0.0,15.2,5
22500090,ORL,ATL,80.4,79.0,"('Anthony Black', 'Desmond Bane')",1.1666666666666667,2,3,1,2,1,1,0,0,0,0,0,2.0,2.44,0.0,0.0,0.0,0.0,0.0,0.0,0.0,0.0,4.44,5
22500090,ORL,ATL,80.4,79.0,"('Anthony Black', 'Goga Bitadze')",1.1666666666666667,2,3,1,2,1,1,0,0,0,0,0,2.0,2.44,0.0,0.0,0.0,0.0,0.0,0.0,0.0,0.0,4.44,5
22500090,ORL,ATL,80.4,79.0,"('Anthony Black', 'Jett Howard')",1.1666666666666667,2,3,1,2,1,1,0,0,0,0,0,2.0,2.44,0.0,0.0,0.0,0.0,0.0,0.0,0.0,0.0,4.44,5
22500090,ORL,ATL,80.4,79.0,"('Anthony Black', 'Paolo Banchero')",1.1666666666666667,2,3,1,2,1,1,0,0,0,0,0,2.0,2.44,0.0,0.0,0.0,0.0,0.0,0.0,0.0,0.0,4.44,5
22500090,ORL,ATL,80.4,79.0,"('Desmond Bane', 'Goga Bitadze')",1.1666666666666667,2,3,1,2,1,1,0,0,0,0,0,2.0,2.44,0.0,0.0,0.0,0.0,0.0,0.0,0.0,0.0,4.44,5
22500090,ORL,ATL,80.4,79.0,"('Desmond Bane', 'Jett Howard')",1.1666666666666667,2,3,1,2,1,1,0,0,0,0,0,2.0,2.44,0.0,0.0,0.0,0.0,0.0,0.0,0.0,0.0,4.44,5
22500090,ORL,ATL,80.4,79.0,"('Desmond Bane', 'Paolo Banchero')",1.1666666666666667,2,3,1,2,1,1,0,0,0,0,0,2.0,2.44,0.0,0.0,0.0,0.0,0.0,0.0,0.0,0.0,4.44,5
22500090,ORL,ATL,80.4,79.0,"('Goga Bitadze', 'Jett Howard')",1.1666666666666667,2,3,1,2,1,1,0,0,0,0,0,2.0,2.44,0.0,0.0,0.0,0.0,0.0,0.0,0.0,0.0,4.44,5
22500090,ORL,ATL,80.4,79.0,"('Goga Bitadze', 'Paolo Banchero')",1.1666666666666667,2,3,1,2,1,1,0,0,0,0,0,2.0,2.44,0.0,0.0,0.0,0.0,0.0,0.0,0.0,0.0,4.44,5
22500090,ORL,ATL,80.4,79.0,"('Jett Howard', 'Paolo Banchero')",1.1666666666666667,2,3,1,2,1,1,0,0,0,0,0,2.0,2.44,0.0,0.0,0.0,0.0,0.0,0.0,0.0,0.0,4.44,5
22500090,ORL,ATL,81.2,79.2,"('Anthony Black', 'Franz Wagner')",0.0,3,0,0,0,0,0,0,0,0,0,0,0.0,0.0,0.0,0.0,0.0,0.0,0.0,0.0,0.0,0.0,0.0,5
22500090,ORL,ATL,81.2,79.2,"('Anthony Black', 'Goga Bitadze')",0.0,3,0,0,0,0,0,0,0,0,0,0,0.0,0.0,0.0,0.0,0.0,0.0,0.0,0.0,0.0,0.0,0.0,5
22500090,ORL,ATL,81.2,79.2,"('Anthony Black', 'Jonathan Isaac')",0.0,3,0,0,0,0,0,0,0,0,0,0,0.0,0.0,0.0,0.0,0.0,0.0,0.0,0.0,0.0,0.0,0.0,5
22500090,ORL,ATL,81.2,79.2,"('Anthony Black', 'Tristan da Silva')",0.0,3,0,0,0,0,0,0,0,0,0,0,0.0,0.0,0.0,0.0,0.0,0.0,0.0,0.0,0.0,0.0,0.0,5
22500090,ORL,ATL,81.2,79.2,"('Franz Wagner', 'Goga Bitadze')",0.0,3,0,0,0,0,0,0,0,0,0,0,0.0,0.0,0.0,0.0,0.0,0.0,0.0,0.0,0.0,0.0,0.0,5
22500090,ORL,ATL,81.2,79.2,"('Franz Wagner', 'Jonathan Isaac')",0.0,3,0,0,0,0,0,0,0,0,0,0,0.0,0.0,0.0,0.0,0.0,0.0,0.0,0.0,0.0,0.0,0.0,5
22500090,ORL,ATL,81.2,79.2,"('Franz Wagner', 'Tristan da Silva')",0.0,3,0,0,0,0,0,0,0,0,0,0,0.0,0.0,0.0,0.0,0.0,0.0,0.0,0.0,0.0,0.0,0.0,5
22500090,ORL,ATL,81.2,79.2,"('Goga Bitadze', 'Jonathan Isaac')",0.0,3,0,0,0,0,0,0,0,0,0,0,0.0,0.0,0.0,0.0,0.0,0.0,0.0,0.0,0.0,0.0,0.0,5
22500090,ORL,ATL,81.2,79.2,"('Goga Bitadze', 'Tristan da Silva')",0.0,3,0,0,0,0,0,0,0,0,0,0,0.0,0.0,0.0,0.0,0.0,0.0,0.0,0.0,0.0,0.0,0.0,5
22500090,ORL,ATL,81.2,79.2,"('Jonathan Isaac', 'Tristan da Silva')",0.0,3,0,0,0,0,0,0,0,0,0,0,0.0,0.0,0.0,0.0,0.0,0.0,0.0,0.0,0.0,0.0,0.0,5
22500090,ORL,ATL,78.8,79.0,"('Desmond Bane', 'Franz Wagner')",0.2166666666666666,4,0,0,0,0,0,0,1,0,0,0,1.0,0.0,0.0,0.0,0.0,0.0,0.0,0.0,0.0,0.0,1.0,5
22500090,ORL,ATL,78.8,79.0,"('Desmond Bane', 'Tristan da Silva')",0.2166666666666666,4,0,0,0,0,0,0,1,0,0,0,1.0,0.0,0.0,0.0,0.0,0.0,0.0,0.0,0.0,0.0,1.0,5
22500090,ORL,ATL,78.8,79.0,"('Desmond Bane', 'Tyus Jones')",0.2166666666666666,4,0,0,0,0,0,0,1,0,0,0,1.0,0.0,0.0,0.0,0.0,0.0,0.0,0.0,0.0,0.0,1.0,5
22500090,ORL,ATL,78.8,79.0,"('Desmond Bane', 'Wendell Carter Jr.')",0.2166666666666666,4,0,0,0,0,0,0,1,0,0,0,1.0,0.0,0.0,0.0,0.0,0.0,0.0,0.0,0.0,0.0,1.0,5
22500090,ORL,ATL,78.8,79.0,"('Franz Wagner', 'Tristan da Silva')",0.2166666666666666,4,0,0,0,0,0,0,1,0,0,0,1.0,0.0,0.0,0.0,0.0,0.0,0.0,0.0,0.0,0.0,1.0,5
22500090,ORL,ATL,78.8,79.0,"('Franz Wagner', 'Tyus Jones')",0.2166666666666666,4,0,0,0,0,0,0,1,0,0,0,1.0,0.0,0.0,0.0,0.0,0.0,0.0,0.0,0.0,0.0,1.0,5
22500090,ORL,ATL,78.8,79.0,"('Franz Wagner', 'Wendell Carter Jr.')",0.2166666666666666,4,0,0,0,0,0,0,1,0,0,0,1.0,0.0,0.0,0.0,0.0,0.0,0.0,0.0,0.0,0.0,1.0,5
22500090,ORL,ATL,78.8,79.0,"('Tristan da Silva', 'Tyus Jones')",0.2166666666666666,4,0,0,0,0,0,0,1,0,0,0,1.0,0.0,0.0,0.0,0.0,0.0,0.0,0.0,0.0,0.0,1.0,5
22500090,ORL,ATL,78.8,79.0,"('Tristan da Silva', 'Wendell Carter Jr.')",0.2166666666666666,4,0,0,0,0,0,0,1,0,0,0,1.0,0.0,0.0,0.0,0.0,0.0,0.0,0.0,0.0,0.0,1.0,5
22500090,ORL,ATL,78.8,79.0,"('Tyus Jones', 'Wendell Carter Jr.')",0.2166666666666666,4,0,0,0,0,0,0,1,0,0,0,1.0,0.0,0.0,0.0,0.0,0.0,0.0,0.0,0.0,0.0,1.0,5
22500100,ORL,CHI,79.4,77.2,"('Anthony Black', 'Goga Bitadze')",2.833333333333333,3,6,6,2,2,0,1,1,1,2,3,6.76,5.76,0.0,0.0,0.0,2.0,0.0,0.0,0.0,2.0,12.52,6
22500100,ORL,CHI,79.4,77.2,"('Anthony Black', 'Jase Richardson')",2.833333333333333,3,6,6,2,2,0,1,1,1,2,3,6.76,5.76,0.0,0.0,0.0,2.0,0.0,0.0,0.0,2.0,12.52,6
22500100,ORL,CHI,79.4,77.2,"('Anthony Black', 'Paolo Banchero')",2.833333333333333,3,6,6,2,2,0,1,1,1,2,3,6.76,5.76,0.0,0.0,0.0,2.0,0.0,0.0,0.0,2.0,12.52,6
22500100,ORL,CHI,79.4,77.2,"('Anthony Black', 'Tristan da Silva')",2.833333333333333,3,6,6,2,2,0,1,1,1,2,3,6.76,5.76,0.0,0.0,0.0,2.0,0.0,0.0,0.0,2.0,12.52,6
22500100,ORL,CHI,79.4,77.2,"('Goga Bitadze', 'Jase Richardson')",2.833333333333333,3,6,6,2,2,0,1,1,1,2,3,6.76,5.76,0.0,0.0,0.0,2.0,0.0,0.0,0.0,2.0,12.52,6
22500100,ORL,CHI,79.4,77.2,"('Goga Bitadze', 'Paolo Banchero')",2.833333333333333,3,6,6,2,2,0,1,1,1,2,3,6.76,5.76,0.0,0.0,0.0,2.0,0.0,0.0,0.0,2.0,12.52,6
22500100,ORL,CHI,79.4,77.2,"('Goga Bitadze', 'Tristan da Silva')",2.833333333333333,3,6,6,2,2,0,1,1,1,2,3,6.76,5.76,0.0,0.0,0.0,2.0,0.0,0.0,0.0,2.0,12.52,6
22500100,ORL,CHI,79.4,77.2,"('Jase Richardson', 'Paolo Banchero')",2.833333333333333,3,6,6,2,2,0,1,1,1,2,3,6.76,5.76,0.0,0.0,0.0,2.0,0.0,0.0,0.0,2.0,12.52,6
22500100,ORL,CHI,79.4,77.2,"('Jase Richardson', 'Tristan da Silva')",2.833333333333333,3,6,6,2,2,0,1,1,1,2,3,6.76,5.76,0.0,0.0,0.0,2.0,0.0,0.0,0.0,2.0,12.52,6
22500100,ORL,CHI,79.4,77.2,"('Paolo Banchero', 'Tristan da Silva')",2.833333333333333,3,6,6,2,2,0,1,1,1,2,3,6.76,5.76,0.0,0.0,0.0,2.0,0.0,0.0,0.0,2.0,12.52,6
22500100,ORL,CHI,80.6,77.2,"('Anthony Black', 'Desmond Bane')",6.764999999999999,4,10,15,5,4,1,2,4,3,6,1,12.88,13.2,0.0,2.0,2.0,8.0,0.0,0.0,0.0,4.0,26.08,6
22500100,ORL,CHI,80.6,77.2,"('Anthony Black', 'Franz Wagner')",6.764999999999999,4,10,15,5,4,1,2,4,3,6,1,12.88,13.2,0.0,2.0,2.0,8.0,0.0,0.0,0.0,4.0,26.08,6
22500100,ORL,CHI,80.6,77.2,"('Anthony Black', 'Paolo Banchero')",6.764999999999999,4,10,15,5,4,1,2,4,3,6,1,12.88,13.2,0.0,2.0,2.0,8.0,0.0,0.0,0.0,4.0,26.08,6
22500100,ORL,CHI,80.6,77.2,"('Anthony Black', 'Wendell Carter Jr.')",6.764999999999999,4,10,15,5,4,1,2,4,3,6,1,12.88,13.2,0.0,2.0,2.0,8.0,0.0,0.0,0.0,4.0,26.08,6
22500100,ORL,CHI,80.6,77.2,"('Desmond Bane', 'Franz Wagner')",6.764999999999999,4,10,15,5,4,1,2,4,3,6,1,12.88,13.2,0.0,2.0,2.0,8.0,0.0,0.0,0.0,4.0,26.08,6
22500100,ORL,CHI,80.6,77.2,"('Desmond Bane', 'Paolo Banchero')",6.764999999999999,4,10,15,5,4,1,2,4,3,6,1,12.88,13.2,0.0,2.0,2.0,8.0,0.0,0.0,0.0,4.0,26.08,6
22500100,ORL,CHI,80.6,77.2,"('Desmond Bane', 'Wendell Carter Jr.')",6.764999999999999,4,10,15,5,4,1,2,4,3,6,1,12.88,13.2,0.0,2.0,2.0,8.0,0.0,0.0,0.0,4.0,26.08,6
22500100,ORL,CHI,80.6,77.2,"('Franz Wagner', 'Paolo Banchero')",6.764999999999999,4,10,15,5,4,1,2,4,3,6,1,12.88,13.2,0.0,2.0,2.0,8.0,0.0,0.0,0.0,4.0,26.08,6
22500100,ORL,CHI,80.6,77.2,"('Franz Wagner', 'Wendell Carter Jr.')",6.764999999999999,4,10,15,5,4,1,2,4,3,6,1,12.88,13.2,0.0,2.0,2.0,8.0,0.0,0.0,0.0,4.0,26.08,6
22500100,ORL,CHI,80.6,77.2,"('Paolo Banchero', 'Wendell Carter Jr.')",6.764999999999999,4,10,15,5,4,1,2,4,3,6,1,12.88,13.2,0.0,2.0,2.0,8.0,0.0,0.0,0.0,4.0,26.08,6
22500100,ORL,CHI,79.2,77.0,"('Desmond Bane', 'Franz Wagner')",3.8166666666666673,4,5,11,6,5,0,3,3,1,2,3,9.44,8.440000000000001,0.0,2.0,4.0,4.0,2.0,2.0,2.0,4.0,17.880000000000003,6
22500100,ORL,CHI,79.2,77.0,"('Desmond Bane', 'Goga Bitadze')",3.8166666666666673,4,5,11,6,5,0,3,3,1,2,3,9.44,8.440000000000001,0.0,2.0,4.0,4.0,2.0,2.0,2.0,4.0,17.880000000000003,6
22500100,ORL,CHI,79.2,77.0,"('Desmond Bane', 'Jase Richardson')",3.8166666666666673,4,5,11,6,5,0,3,3,1,2,3,9.44,8.440000000000001,0.0,2.0,4.0,4.0,2.0,2.0,2.0,4.0,17.880000000000003,6
22500100,ORL,CHI,79.2,77.0,"('Desmond Bane', 'Tristan da Silva')",3.8166666666666673,4,5,11,6,5,0,3,3,1,2,3,9.44,8.440000000000001,0.0,2.0,4.0,4.0,2.0,2.0,2.0,4.0,17.880000000000003,6
22500100,ORL,CHI,79.2,77.0,"('Franz Wagner', 'Goga Bitadze')",3.8166666666666673,4,5,11,6,5,0,3,3,1,2,3,9.44,8.440000000000001,0.0,2.0,4.0,4.0,2.0,2.0,2.0,4.0,17.880000000000003,6
22500100,ORL,CHI,79.2,77.0,"('Franz Wagner', 'Jase Richardson')",3.8166666666666673,4,5,11,6,5,0,3,3,1,2,3,9.44,8.440000000000001,0.0,2.0,4.0,4.0,2.0,2.0,2.0,4.0,17.880000000000003,6
22500100,ORL,CHI,79.2,77.0,"('Franz Wagner', 'Tristan da Silva')",3.8166666666666673,4,5,11,6,5,0,3,3,1,2,3,9.44,8.440000000000001,0.0,2.0,4.0,4.0,2.0,2.0,2.0,4.0,17.880000000000003,6
22500100,ORL,CHI,79.2,77.0,"('Goga Bitadze', 'Jase Richardson')",3.8166666666666673,4,5,11,6,5,0,3,3,1,2,3,9.44,8.440000000000001,0.0,2.0,4.0,4.0,2.0,2.0,2.0,4.0,17.880000000000003,6
22500100,ORL,CHI,79.2,77.0,"('Goga Bitadze', 'Tristan da Silva')",3.8166666666666673,4,5,11,6,5,0,3,3,1,2,3,9.44,8.440000000000001,0.0,2.0,4.0,4.0,2.0,2.0,2.0,4.0,17.880000000000003,6
22500100,ORL,CHI,79.2,77.0,"('Jase Richardson', 'Tristan da Silva')",3.8166666666666673,4,5,11,6,5,0,3,3,1,2,3,9.44,8.440000000000001,0.0,2.0,4.0,4.0,2.0,2.0,2.0,4.0,17.880000000000003,6
22500100,ORL,CHI,80.8,77.0,"('Anthony Black', 'Goga Bitadze')",1.4999999999999998,1,0,9,0,3,0,3,0,0,0,1,3.0,4.0,0.0,0.0,0.0,0.0,0.0,5.0,0.0,6.0,7.0,6
22500100,ORL,CHI,80.8,77.0,"('Anthony Black', 'Jett Howard')",1.4999999999999998,1,0,9,0,3,0,3,0,0,0,1,3.0,4.0,0.0,0.0,0.0,0.0,0.0,5.0,0.0,6.0,7.0,6
22500100,ORL,CHI,80.8,77.0,"('Anthony Black', 'Paolo Banchero')",1.4999999999999998,1,0,9,0,3,0,3,0,0,0,1,3.0,4.0,0.0,0.0,0.0,0.0,0.0,5.0,0.0,6.0,7.0,6
22500100,ORL,CHI,80.8,77.0,"('Anthony Black', 'Tristan da Silva')",1.4999999999999998,1,0,9,0,3,0,3,0,0,0,1,3.0,4.0,0.0,0.0,0.0,0.0,0.0,5.0,0.0,6.0,7.0,6
22500100,ORL,CHI,80.8,77.0,"('Goga Bitadze', 'Jett Howard')",1.4999999999999998,1,0,9,0,3,0,3,0,0,0,1,3.0,4.0,0.0,0.0,0.0,0.0,0.0,5.0,0.0,6.0,7.0,6
22500100,ORL,CHI,80.8,77.0,"('Goga Bitadze', 'Paolo Banchero')",1.4999999999999998,1,0,9,0,3,0,3,0,0,0,1,3.0,4.0,0.0,0.0,0.0,0.0,0.0,5.0,0.0,6.0,7.0,6
22500100,ORL,CHI,80.8,77.0,"('Goga Bitadze', 'Tristan da Silva')",1.4999999999999998,1,0,9,0,3,0,3,0,0,0,1,3.0,4.0,0.0,0.0,0.0,0.0,0.0,5.0,0.0,6.0,7.0,6
22500100,ORL,CHI,80.8,77.0,"('Jett Howard', 'Paolo Banchero')",1.4999999999999998,1,0,9,0,3,0,3,0,0,0,1,3.0,4.0,0.0,0.0,0.0,0.0,0.0,5.0,0.0,6.0,7.0,6
22500100,ORL,CHI,80.8,77.0,"('Jett Howard', 'Tristan da Silva')",1.4999999999999998,1,0,9,0,3,0,3,0,0,0,1,3.0,4.0,0.0,0.0,0.0,0.0,0.0,5.0,0.0,6.0,7.0,6
22500100,ORL,CHI,80.8,77.0,"('Paolo Banchero', 'Tristan da Silva')",1.4999999999999998,1,0,9,0,3,0,3,0,0,0,1,3.0,4.0,0.0,0.0,0.0,0.0,0.0,5.0,0.0,6.0,7.0,6
22500100,ORL,CHI,80.6,79.2,"('Anthony Black', 'Desmond Bane')",2.85,1,6,5,6,4,1,1,1,0,1,1,7.0,7.88,2.0,0.0,2.0,6.0,3.0,0.0,3.0,0.0,14.88,6
22500100,ORL,CHI,80.6,79.2,"('Anthony Black', 'Franz Wagner')",2.85,1,6,5,6,4,1,1,1,0,1,1,7.0,7.88,2.0,0.0,2.0,6.0,3.0,0.0,3.0,0.0,14.88,6
22500100,ORL,CHI,80.6,79.2,"('Anthony Black', 'Paolo Banchero')",2.85,1,6,5,6,4,1,1,1,0,1,1,7.0,7.88,2.0,0.0,2.0,6.0,3.0,0.0,3.0,0.0,14.88,6
22500100,ORL,CHI,80.6,79.2,"('Anthony Black', 'Wendell Carter Jr.')",2.85,1,6,5,6,4,1,1,1,0,1,1,7.0,7.88,2.0,0.0,2.0,6.0,3.0,0.0,3.0,0.0,14.88,6
22500100,ORL,CHI,80.6,79.2,"('Desmond Bane', 'Franz Wagner')",2.85,1,6,5,6,4,1,1,1,0,1,1,7.0,7.88,2.0,0.0,2.0,6.0,3.0,0.0,3.0,0.0,14.88,6
22500100,ORL,CHI,80.6,79.2,"('Desmond Bane', 'Paolo Banchero')",2.85,1,6,5,6,4,1,1,1,0,1,1,7.0,7.88,2.0,0.0,2.0,6.0,3.0,0.0,3.0,0.0,14.88,6
22500100,ORL,CHI,80.6,79.2,"('Desmond Bane', 'Wendell Carter Jr.')",2.85,1,6,5,6,4,1,1,1,0,1,1,7.0,7.88,2.0,0.0,2.0,6.0,3.0,0.0,3.0,0.0,14.88,6
22500100,ORL,CHI,80.6,79.2,"('Franz Wagner', 'Paolo Banchero')",2.85,1,6,5,6,4,1,1,1,0,1,1,7.0,7.88,2.0,0.0,2.0,6.0,3.0,0.0,3.0,0.0,14.88,6
22500100,ORL,CHI,80.6,79.2,"('Franz Wagner', 'Wendell Carter Jr.')",2.85,1,6,5,6,4,1,1,1,0,1,1,7.0,7.88,2.0,0.0,2.0,6.0,3.0,0.0,3.0,0.0,14.88,6
22500100,ORL,CHI,80.6,79.2,"('Paolo Banchero', 'Wendell Carter Jr.')",2.85,1,6,5,6,4,1,1,1,0,1,1,7.0,7.88,2.0,0.0,2.0,6.0,3.0,0.0,3.0,0.0,14.88,6
22500100,ORL,CHI,80.6,78.4,"('Anthony Black', 'Jett Howard')",1.5333333333333332,1,7,2,1,0,1,1,0,0,1,0,3.0,2.0,2.0,0.0,0.0,2.0,0.0,0.0,0.0,0.0,5.0,6
22500100,ORL,CHI,80.6,78.4,"('Anthony Black', 'Paolo Banchero')",1.5333333333333332,1,7,2,1,0,1,1,0,0,1,0,3.0,2.0,2.0,0.0,0.0,2.0,0.0,0.0,0.0,0.0,5.0,6
22500100,ORL,CHI,80.6,78.4,"('Anthony Black', 'Tristan da Silva')",1.5333333333333332,1,7,2,1,0,1,1,0,0,1,0,3.0,2.0,2.0,0.0,0.0,2.0,0.0,0.0,0.0,0.0,5.0,6
22500100,ORL,CHI,80.6,78.4,"('Anthony Black', 'Wendell Carter Jr.')",1.5333333333333332,1,7,2,1,0,1,1,0,0,1,0,3.0,2.0,2.0,0.0,0.0,2.0,0.0,0.0,0.0,0.0,5.0,6
22500100,ORL,CHI,80.6,78.4,"('Jett Howard', 'Paolo Banchero')",1.5333333333333332,1,7,2,1,0,1,1,0,0,1,0,3.0,2.0,2.0,0.0,0.0,2.0,0.0,0.0,0.0,0.0,5.0,6
22500100,ORL,CHI,80.6,78.4,"('Jett Howard', 'Tristan da Silva')",1.5333333333333332,1,7,2,1,0,1,1,0,0,1,0,3.0,2.0,2.0,0.0,0.0,2.0,0.0,0.0,0.0,0.0,5.0,6
22500100,ORL,CHI,80.6,78.4,"('Jett Howard', 'Wendell Carter Jr.')",1.5333333333333332,1,7,2,1,0,1,1,0,0,1,0,3.0,2.0,2.0,0.0,0.0,2.0,0.0,0.0,0.0,0.0,5.0,6
22500100,ORL,CHI,80.6,78.4,"('Paolo Banchero', 'Tristan da Silva')",1.5333333333333332,1,7,2,1,0,1,1,0,0,1,0,3.0,2.0,2.0,0.0,0.0,2.0,0.0,0.0,0.0,0.0,5.0,6
22500100,ORL,CHI,80.6,78.4,"('Paolo Banchero', 'Wendell Carter Jr.')",1.5333333333333332,1,7,2,1,0,1,1,0,0,1,0,3.0,2.0,2.0,0.0,0.0,2.0,0.0,0.0,0.0,0.0,5.0,6
22500100,ORL,CHI,80.6,78.4,"('Tristan da Silva', 'Wendell Carter Jr.')",1.5333333333333332,1,7,2,1,0,1,1,0,0,1,0,3.0,2.0,2.0,0.0,0.0,2.0,0.0,0.0,0.0,0.0,5.0,6
22500100,ORL,CHI,79.2,77.8,"('Desmond Bane', 'Franz Wagner')",3.533333333333333,1,7,6,7,4,2,2,1,0,1,2,8.44,7.44,2.0,0.0,2.0,6.0,0.0,2.0,0.0,2.0,15.88,6
22500100,ORL,CHI,79.2,77.8,"('Desmond Bane', 'Paolo Banchero')",3.533333333333333,1,7,6,7,4,2,2,1,0,1,2,8.44,7.44,2.0,0.0,2.0,6.0,0.0,2.0,0.0,2.0,15.88,6
22500100,ORL,CHI,79.2,77.8,"('Desmond Bane', 'Tyus Jones')",3.533333333333333,1,7,6,7,4,2,2,1,0,1,2,8.44,7.44,2.0,0.0,2.0,6.0,0.0,2.0,0.0,2.0,15.88,6
22500100,ORL,CHI,79.2,77.8,"('Desmond Bane', 'Wendell Carter Jr.')",3.533333333333333,1,7,6,7,4,2,2,1,0,1,2,8.44,7.44,2.0,0.0,2.0,6.0,0.0,2.0,0.0,2.0,15.88,6
22500100,ORL,CHI,79.2,77.8,"('Franz Wagner', 'Paolo Banchero')",3.533333333333333,1,7,6,7,4,2,2,1,0,1,2,8.44,7.44,2.0,0.0,2.0,6.0,0.0,2.0,0.0,2.0,15.88,6
22500100,ORL,CHI,79.2,77.8,"('Franz Wagner', 'Tyus Jones')",3.533333333333333,1,7,6,7,4,2,2,1,0,1,2,8.44,7.44,2.0,0.0,2.0,6.0,0.0,2.0,0.0,2.0,15.88,6
22500100,ORL,CHI,79.2,77.8,"('Franz Wagner', 'Wendell Carter Jr.')",3.533333333333333,1,7,6,7,4,2,2,1,0,1,2,8.44,7.44,2.0,0.0,2.0,6.0,0.0,2.0,0.0,2.0,15.88,6
22500100,ORL,CHI,79.2,77.8,"('Paolo Banchero', 'Tyus Jones')",3.533333333333333,1,7,6,7,4,2,2,1,0,1,2,8.44,7.44,2.0,0.0,2.0,6.0,0.0,2.0,0.0,2.0,15.88,6
22500100,ORL,CHI,79.2,77.8,"('Paolo Banchero', 'Wendell Carter Jr.')",3.533333333333333,1,7,6,7,4,2,2,1,0,1,2,8.44,7.44,2.0,0.0,2.0,6.0,0.0,2.0,0.0,2.0,15.88,6
22500100,ORL,CHI,79.2,77.8,"('Tyus Jones', 'Wendell Carter Jr.')",3.533333333333333,1,7,6,7,4,2,2,1,0,1,2,8.44,7.44,2.0,0.0,2.0,6.0,0.0,2.0,0.0,2.0,15.88,6
22500100,ORL,CHI,80.8,76.6,"('Anthony Black', 'Franz Wagner')",2.561666666666667,1,10,7,4,3,2,0,1,0,2,0,7.0,7.44,0.0,0.0,0.0,10.0,0.0,0.0,2.0,6.0,14.44,6
22500100,ORL,CHI,80.8,76.6,"('Anthony Black', 'Goga Bitadze')",2.561666666666667,1,10,7,4,3,2,0,1,0,2,0,7.0,7.44,0.0,0.0,0.0,10.0,0.0,0.0,2.0,6.0,14.44,6
22500100,ORL,CHI,80.8,76.6,"('Anthony Black', 'Jett Howard')",2.561666666666667,1,10,7,4,3,2,0,1,0,2,0,7.0,7.44,0.0,0.0,0.0,10.0,0.0,0.0,2.0,6.0,14.44,6
22500100,ORL,CHI,80.8,76.6,"('Anthony Black', 'Tristan da Silva')",2.561666666666667,1,10,7,4,3,2,0,1,0,2,0,7.0,7.44,0.0,0.0,0.0,10.0,0.0,0.0,2.0,6.0,14.44,6
22500100,ORL,CHI,80.8,76.6,"('Franz Wagner', 'Goga Bitadze')",2.561666666666667,1,10,7,4,3,2,0,1,0,2,0,7.0,7.44,0.0,0.0,0.0,10.0,0.0,0.0,2.0,6.0,14.44,6
22500100,ORL,CHI,80.8,76.6,"('Franz Wagner', 'Jett Howard')",2.561666666666667,1,10,7,4,3,2,0,1,0,2,0,7.0,7.44,0.0,0.0,0.0,10.0,0.0,0.0,2.0,6.0,14.44,6
22500100,ORL,CHI,80.8,76.6,"('Franz Wagner', 'Tristan da Silva')",2.561666666666667,1,10,7,4,3,2,0,1,0,2,0,7.0,7.44,0.0,0.0,0.0,10.0,0.0,0.0,2.0,6.0,14.44,6
22500100,ORL,CHI,80.8,76.6,"('Goga Bitadze', 'Jett Howard')",2.561666666666667,1,10,7,4,3,2,0,1,0,2,0,7.0,7.44,0.0,0.0,0.0,10.0,0.0,0.0,2.0,6.0,14.44,6
22500100,ORL,CHI,80.8,76.6,"('Goga Bitadze', 'Tristan da Silva')",2.561666666666667,1,10,7,4,3,2,0,1,0,2,0,7.0,7.44,0.0,0.0,0.0,10.0,0.0,0.0,2.0,6.0,14.44,6
22500100,ORL,CHI,80.8,76.6,"('Jett Howard', 'Tristan da Silva')",2.561666666666667,1,10,7,4,3,2,0,1,0,2,0,7.0,7.44,0.0,0.0,0.0,10.0,0.0,0.0,2.0,6.0,14.44,6
22500100,ORL,CHI,81.0,77.8,"('Anthony Black', 'Franz Wagner')",3.53,2,9,4,3,4,0,1,1,2,0,1,6.88,7.0,0.0,3.0,0.0,4.0,0.0,0.0,2.0,2.0,13.88,6
22500100,ORL,CHI,81.0,77.8,"('Anthony Black', 'Paolo Banchero')",3.53,2,9,4,3,4,0,1,1,2,0,1,6.88,7.0,0.0,3.0,0.0,4.0,0.0,0.0,2.0,2.0,13.88,6
22500100,ORL,CHI,81.0,77.8,"('Anthony Black', 'Tristan da Silva')",3.53,2,9,4,3,4,0,1,1,2,0,1,6.88,7.0,0.0,3.0,0.0,4.0,0.0,0.0,2.0,2.0,13.88,6
22500100,ORL,CHI,81.0,77.8,"('Anthony Black', 'Wendell Carter Jr.')",3.53,2,9,4,3,4,0,1,1,2,0,1,6.88,7.0,0.0,3.0,0.0,4.0,0.0,0.0,2.0,2.0,13.88,6
22500100,ORL,CHI,81.0,77.8,"('Franz Wagner', 'Paolo Banchero')",3.53,2,9,4,3,4,0,1,1,2,0,1,6.88,7.0,0.0,3.0,0.0,4.0,0.0,0.0,2.0,2.0,13.88,6
22500100,ORL,CHI,81.0,77.8,"('Franz Wagner', 'Tristan da Silva')",3.53,2,9,4,3,4,0,1,1,2,0,1,6.88,7.0,0.0,3.0,0.0,4.0,0.0,0.0,2.0,2.0,13.88,6
22500100,ORL,CHI,81.0,77.8,"('Franz Wagner', 'Wendell Carter Jr.')",3.53,2,9,4,3,4,0,1,1,2,0,1,6.88,7.0,0.0,3.0,0.0,4.0,0.0,0.0,2.0,2.0,13.88,6
22500100,ORL,CHI,81.0,77.8,"('Paolo Banchero', 'Tristan da Silva')",3.53,2,9,4,3,4,0,1,1,2,0,1,6.88,7.0,0.0,3.0,0.0,4.0,0.0,0.0,2.0,2.0,13.88,6
22500100,ORL,CHI,81.0,77.8,"('Paolo Banchero', 'Wendell Carter Jr.')",3.53,2,9,4,3,4,0,1,1,2,0,1,6.88,7.0,0.0,3.0,0.0,4.0,0.0,0.0,2.0,2.0,13.88,6
22500100,ORL,CHI,81.0,77.8,"('Tristan da Silva', 'Wendell Carter Jr.')",3.53,2,9,4,3,4,0,1,1,2,0,1,6.88,7.0,0.0,3.0,0.0,4.0,0.0,0.0,2.0,2.0,13.88,6
22500100,ORL,CHI,79.4,78.8,"('Desmond Bane', 'Goga Bitadze')",0.5833333333333334,2,0,0,1,1,0,0,0,0,1,0,1.0,1.0,0.0,0.0,0.0,0.0,0.0,0.0,0.0,0.0,2.0,6
22500100,ORL,CHI,79.4,78.8,"('Desmond Bane', 'Jonathan Isaac')",0.5833333333333334,2,0,0,1,1,0,0,0,0,1,0,1.0,1.0,0.0,0.0,0.0,0.0,0.0,0.0,0.0,0.0,2.0,6
22500100,ORL,CHI,79.4,78.8,"('Desmond Bane', 'Paolo Banchero')",0.5833333333333334,2,0,0,1,1,0,0,0,0,1,0,1.0,1.0,0.0,0.0,0.0,0.0,0.0,0.0,0.0,0.0,2.0,6
22500100,ORL,CHI,79.4,78.8,"('Desmond Bane', 'Tyus Jones')",0.5833333333333334,2,0,0,1,1,0,0,0,0,1,0,1.0,1.0,0.0,0.0,0.0,0.0,0.0,0.0,0.0,0.0,2.0,6
22500100,ORL,CHI,79.4,78.8,"('Goga Bitadze', 'Jonathan Isaac')",0.5833333333333334,2,0,0,1,1,0,0,0,0,1,0,1.0,1.0,0.0,0.0,0.0,0.0,0.0,0.0,0.0,0.0,2.0,6
22500100,ORL,CHI,79.4,78.8,"('Goga Bitadze', 'Paolo Banchero')",0.5833333333333334,2,0,0,1,1,0,0,0,0,1,0,1.0,1.0,0.0,0.0,0.0,0.0,0.0,0.0,0.0,0.0,2.0,6
22500100,ORL,CHI,79.4,78.8,"('Goga Bitadze', 'Tyus Jones')",0.5833333333333334,2,0,0,1,1,0,0,0,0,1,0,1.0,1.0,0.0,0.0,0.0,0.0,0.0,0.0,0.0,0.0,2.0,6
22500100,ORL,CHI,79.4,78.8,"('Jonathan Isaac', 'Paolo Banchero')",0.5833333333333334,2,0,0,1,1,0,0,0,0,1,0,1.0,1.0,0.0,0.0,0.0,0.0,0.0,0.0,0.0,0.0,2.0,6
22500100,ORL,CHI,79.4,78.8,"('Jonathan Isaac', 'Tyus Jones')",0.5833333333333334,2,0,0,1,1,0,0,0,0,1,0,1.0,1.0,0.0,0.0,0.0,0.0,0.0,0.0,0.0,0.0,2.0,6
22500100,ORL,CHI,79.4,78.8,"('Paolo Banchero', 'Tyus Jones')",0.5833333333333334,2,0,0,1,1,0,0,0,0,1,0,1.0,1.0,0.0,0.0,0.0,0.0,0.0,0.0,0.0,0.0,2.0,6
22500100,ORL,CHI,79.4,78.8,"('Desmond Bane', 'Franz Wagner')",1.5,2,2,4,2,1,0,2,2,1,1,1,4.0,4.0,0.0,0.0,2.0,2.0,4.0,2.0,0.0,4.0,8.0,6
22500100,ORL,CHI,79.4,78.8,"('Desmond Bane', 'Goga Bitadze')",1.5,2,2,4,2,1,0,2,2,1,1,1,4.0,4.0,0.0,0.0,2.0,2.0,4.0,2.0,0.0,4.0,8.0,6
22500100,ORL,CHI,79.4,78.8,"('Desmond Bane', 'Jonathan Isaac')",1.5,2,2,4,2,1,0,2,2,1,1,1,4.0,4.0,0.0,0.0,2.0,2.0,4.0,2.0,0.0,4.0,8.0,6
22500100,ORL,CHI,79.4,78.8,"('Desmond Bane', 'Tyus Jones')",1.5,2,2,4,2,1,0,2,2,1,1,1,4.0,4.0,0.0,0.0,2.0,2.0,4.0,2.0,0.0,4.0,8.0,6
22500100,ORL,CHI,79.4,78.8,"('Franz Wagner', 'Goga Bitadze')",1.5,2,2,4,2,1,0,2,2,1,1,1,4.0,4.0,0.0,0.0,2.0,2.0,4.0,2.0,0.0,4.0,8.0,6
22500100,ORL,CHI,79.4,78.8,"('Franz Wagner', 'Jonathan Isaac')",1.5,2,2,4,2,1,0,2,2,1,1,1,4.0,4.0,0.0,0.0,2.0,2.0,4.0,2.0,0.0,4.0,8.0,6
22500100,ORL,CHI,79.4,78.8,"('Franz Wagner', 'Tyus Jones')",1.5,2,2,4,2,1,0,2,2,1,1,1,4.0,4.0,0.0,0.0,2.0,2.0,4.0,2.0,0.0,4.0,8.0,6
22500100,ORL,CHI,79.4,78.8,"('Goga Bitadze', 'Jonathan Isaac')",1.5,2,2,4,2,1,0,2,2,1,1,1,4.0,4.0,0.0,0.0,2.0,2.0,4.0,2.0,0.0,4.0,8.0,6
22500100,ORL,CHI,79.4,78.8,"('Goga Bitadze', 'Tyus Jones')",1.5,2,2,4,2,1,0,2,2,1,1,1,4.0,4.0,0.0,0.0,2.0,2.0,4.0,2.0,0.0,4.0,8.0,6
22500100,ORL,CHI,79.4,78.8,"('Jonathan Isaac', 'Tyus Jones')",1.5,2,2,4,2,1,0,2,2,1,1,1,4.0,4.0,0.0,0.0,2.0,2.0,4.0,2.0,0.0,4.0,8.0,6
22500100,ORL,CHI,81.0,77.8,"('Anthony Black', 'Jett Howard')",1.0666666666666669,2,0,4,0,1,0,1,1,0,0,0,2.0,2.0,0.0,0.0,0.0,0.0,2.0,0.0,0.0,4.0,4.0,6
22500100,ORL,CHI,81.0,77.8,"('Anthony Black', 'Jonathan Isaac')",1.0666666666666669,2,0,4,0,1,0,1,1,0,0,0,2.0,2.0,0.0,0.0,0.0,0.0,2.0,0.0,0.0,4.0,4.0,6
22500100,ORL,CHI,81.0,77.8,"('Anthony Black', 'Paolo Banchero')",1.0666666666666669,2,0,4,0,1,0,1,1,0,0,0,2.0,2.0,0.0,0.0,0.0,0.0,2.0,0.0,0.0,4.0,4.0,6
22500100,ORL,CHI,81.0,77.8,"('Anthony Black', 'Wendell Carter Jr.')",1.0666666666666669,2,0,4,0,1,0,1,1,0,0,0,2.0,2.0,0.0,0.0,0.0,0.0,2.0,0.0,0.0,4.0,4.0,6
22500100,ORL,CHI,81.0,77.8,"('Jett Howard', 'Jonathan Isaac')",1.0666666666666669,2,0,4,0,1,0,1,1,0,0,0,2.0,2.0,0.0,0.0,0.0,0.0,2.0,0.0,0.0,4.0,4.0,6
22500100,ORL,CHI,81.0,77.8,"('Jett Howard', 'Paolo Banchero')",1.0666666666666669,2,0,4,0,1,0,1,1,0,0,0,2.0,2.0,0.0,0.0,0.0,0.0,2.0,0.0,0.0,4.0,4.0,6
22500100,ORL,CHI,81.0,77.8,"('Jett Howard', 'Wendell Carter Jr.')",1.0666666666666669,2,0,4,0,1,0,1,1,0,0,0,2.0,2.0,0.0,0.0,0.0,0.0,2.0,0.0,0.0,4.0,4.0,6
22500100,ORL,CHI,81.0,77.8,"('Jonathan Isaac', 'Paolo Banchero')",1.0666666666666669,2,0,4,0,1,0,1,1,0,0,0,2.0,2.0,0.0,0.0,0.0,0.0,2.0,0.0,0.0,4.0,4.0,6
22500100,ORL,CHI,81.0,77.8,"('Jonathan Isaac', 'Wendell Carter Jr.')",1.0666666666666669,2,0,4,0,1,0,1,1,0,0,0,2.0,2.0,0.0,0.0,0.0,0.0,2.0,0.0,0.0,4.0,4.0,6
22500100,ORL,CHI,81.0,77.8,"('Paolo Banchero', 'Wendell Carter Jr.')",1.0666666666666669,2,0,4,0,1,0,1,1,0,0,0,2.0,2.0,0.0,0.0,0.0,0.0,2.0,0.0,0.0,4.0,4.0,6
22500100,ORL,CHI,79.6,77.8,"('Jett Howard', 'Jonathan Isaac')",2.45,2,4,4,2,3,0,1,0,2,0,2,4.88,6.0,0.0,0.0,0.0,0.0,0.0,0.0,0.0,4.0,10.88,6
22500100,ORL,CHI,79.6,77.8,"('Jett Howard', 'Paolo Banchero')",2.45,2,4,4,2,3,0,1,0,2,0,2,4.88,6.0,0.0,0.0,0.0,0.0,0.0,0.0,0.0,4.0,10.88,6
22500100,ORL,CHI,79.6,77.8,"('Jett Howard', 'Tyus Jones')",2.45,2,4,4,2,3,0,1,0,2,0,2,4.88,6.0,0.0,0.0,0.0,0.0,0.0,0.0,0.0,4.0,10.88,6
22500100,ORL,CHI,79.6,77.8,"('Jett Howard', 'Wendell Carter Jr.')",2.45,2,4,4,2,3,0,1,0,2,0,2,4.88,6.0,0.0,0.0,0.0,0.0,0.0,0.0,0.0,4.0,10.88,6
22500100,ORL,CHI,79.6,77.8,"('Jonathan Isaac', 'Paolo Banchero')",2.45,2,4,4,2,3,0,1,0,2,0,2,4.88,6.0,0.0,0.0,0.0,0.0,0.0,0.0,0.0,4.0,10.88,6
22500100,ORL,CHI,79.6,77.8,"('Jonathan Isaac', 'Tyus Jones')",2.45,2,4,4,2,3,0,1,0,2,0,2,4.88,6.0,0.0,0.0,0.0,0.0,0.0,0.0,0.0,4.0,10.88,6
22500100,ORL,CHI,79.6,77.8,"('Jonathan Isaac', 'Wendell Carter Jr.')",2.45,2,4,4,2,3,0,1,0,2,0,2,4.88,6.0,0.0,0.0,0.0,0.0,0.0,0.0,0.0,4.0,10.88,6
22500100,ORL,CHI,79.6,77.8,"('Paolo Banchero', 'Tyus Jones')",2.45,2,4,4,2,3,0,1,0,2,0,2,4.88,6.0,0.0,0.0,0.0,0.0,0.0,0.0,0.0,4.0,10.88,6
22500100,ORL,CHI,79.6,77.8,"('Paolo Banchero', 'Wendell Carter Jr.')",2.45,2,4,4,2,3,0,1,0,2,0,2,4.88,6.0,0.0,0.0,0.0,0.0,0.0,0.0,0.0,4.0,10.88,6
22500100,ORL,CHI,79.6,77.8,"('Tyus Jones', 'Wendell Carter Jr.')",2.45,2,4,4,2,3,0,1,0,2,0,2,4.88,6.0,0.0,0.0,0.0,0.0,0.0,0.0,0.0,4.0,10.88,6
22500100,ORL,CHI,79.0,78.2,"('Desmond Bane', 'Franz Wagner')",2.833333333333333,2,4,7,3,4,1,3,1,2,2,0,6.0,7.0,0.0,0.0,2.0,4.0,0.0,2.0,0.0,4.0,13.0,6
22500100,ORL,CHI,79.0,78.2,"('Desmond Bane', 'Goga Bitadze')",2.833333333333333,2,4,7,3,4,1,3,1,2,2,0,6.0,7.0,0.0,0.0,2.0,4.0,0.0,2.0,0.0,4.0,13.0,6
22500100,ORL,CHI,79.0,78.2,"('Desmond Bane', 'Tristan da Silva')",2.833333333333333,2,4,7,3,4,1,3,1,2,2,0,6.0,7.0,0.0,0.0,2.0,4.0,0.0,2.0,0.0,4.0,13.0,6
22500100,ORL,CHI,79.0,78.2,"('Desmond Bane', 'Tyus Jones')",2.833333333333333,2,4,7,3,4,1,3,1,2,2,0,6.0,7.0,0.0,0.0,2.0,4.0,0.0,2.0,0.0,4.0,13.0,6
22500100,ORL,CHI,79.0,78.2,"('Franz Wagner', 'Goga Bitadze')",2.833333333333333,2,4,7,3,4,1,3,1,2,2,0,6.0,7.0,0.0,0.0,2.0,4.0,0.0,2.0,0.0,4.0,13.0,6
22500100,ORL,CHI,79.0,78.2,"('Franz Wagner', 'Tristan da Silva')",2.833333333333333,2,4,7,3,4,1,3,1,2,2,0,6.0,7.0,0.0,0.0,2.0,4.0,0.0,2.0,0.0,4.0,13.0,6
22500100,ORL,CHI,79.0,78.2,"('Franz Wagner', 'Tyus Jones')",2.833333333333333,2,4,7,3,4,1,3,1,2,2,0,6.0,7.0,0.0,0.0,2.0,4.0,0.0,2.0,0.0,4.0,13.0,6
22500100,ORL,CHI,79.0,78.2,"('Goga Bitadze', 'Tristan da Silva')",2.833333333333333,2,4,7,3,4,1,3,1,2,2,0,6.0,7.0,0.0,0.0,2.0,4.0,0.0,2.0,0.0,4.0,13.0,6
22500100,ORL,CHI,79.0,78.2,"('Goga Bitadze', 'Tyus Jones')",2.833333333333333,2,4,7,3,4,1,3,1,2,2,0,6.0,7.0,0.0,0.0,2.0,4.0,0.0,2.0,0.0,4.0,13.0,6
22500100,ORL,CHI,79.0,78.2,"('Tristan da Silva', 'Tyus Jones')",2.833333333333333,2,4,7,3,4,1,3,1,2,2,0,6.0,7.0,0.0,0.0,2.0,4.0,0.0,2.0,0.0,4.0,13.0,6
22500100,ORL,CHI,80.6,78.4,"('Anthony Black', 'Desmond Bane')",1.6,3,4,6,2,0,1,1,2,0,2,1,3.88,3.88,0.0,0.0,0.0,2.0,2.0,2.0,0.0,4.0,7.76,6
22500100,ORL,CHI,80.6,78.4,"('Anthony Black', 'Franz Wagner')",1.6,3,4,6,2,0,1,1,2,0,2,1,3.88,3.88,0.0,0.0,0.0,2.0,2.0,2.0,0.0,4.0,7.76,6
22500100,ORL,CHI,80.6,78.4,"('Anthony Black', 'Paolo Banchero')",1.6,3,4,6,2,0,1,1,2,0,2,1,3.88,3.88,0.0,0.0,0.0,2.0,2.0,2.0,0.0,4.0,7.76,6
22500100,ORL,CHI,80.6,78.4,"('Anthony Black', 'Wendell Carter Jr.')",1.6,3,4,6,2,0,1,1,2,0,2,1,3.88,3.88,0.0,0.0,0.0,2.0,2.0,2.0,0.0,4.0,7.76,6
22500100,ORL,CHI,80.6,78.4,"('Desmond Bane', 'Franz Wagner')",1.6,3,4,6,2,0,1,1,2,0,2,1,3.88,3.88,0.0,0.0,0.0,2.0,2.0,2.0,0.0,4.0,7.76,6
22500100,ORL,CHI,80.6,78.4,"('Desmond Bane', 'Paolo Banchero')",1.6,3,4,6,2,0,1,1,2,0,2,1,3.88,3.88,0.0,0.0,0.0,2.0,2.0,2.0,0.0,4.0,7.76,6
22500100,ORL,CHI,80.6,78.4,"('Desmond Bane', 'Wendell Carter Jr.')",1.6,3,4,6,2,0,1,1,2,0,2,1,3.88,3.88,0.0,0.0,0.0,2.0,2.0,2.0,0.0,4.0,7.76,6
22500100,ORL,CHI,80.6,78.4,"('Franz Wagner', 'Paolo Banchero')",1.6,3,4,6,2,0,1,1,2,0,2,1,3.88,3.88,0.0,0.0,0.0,2.0,2.0,2.0,0.0,4.0,7.76,6
22500100,ORL,CHI,80.6,78.4,"('Franz Wagner', 'Wendell Carter Jr.')",1.6,3,4,6,2,0,1,1,2,0,2,1,3.88,3.88,0.0,0.0,0.0,2.0,2.0,2.0,0.0,4.0,7.76,6
22500100,ORL,CHI,80.6,78.4,"('Paolo Banchero', 'Wendell Carter Jr.')",1.6,3,4,6,2,0,1,1,2,0,2,1,3.88,3.88,0.0,0.0,0.0,2.0,2.0,2.0,0.0,4.0,7.76,6
22500100,ORL,CHI,79.2,78.0,"('Anthony Black', 'Jase Richardson')",0.2,3,1,0,0,0,0,0,0,0,0,1,0.44,0.0,0.0,0.0,0.0,0.0,0.0,0.0,0.0,0.0,0.44,6
22500100,ORL,CHI,79.2,78.0,"('Anthony Black', 'Paolo Banchero')",0.2,3,1,0,0,0,0,0,0,0,0,1,0.44,0.0,0.0,0.0,0.0,0.0,0.0,0.0,0.0,0.0,0.44,6
22500100,ORL,CHI,79.2,78.0,"('Anthony Black', 'Tristan da Silva')",0.2,3,1,0,0,0,0,0,0,0,0,1,0.44,0.0,0.0,0.0,0.0,0.0,0.0,0.0,0.0,0.0,0.44,6
22500100,ORL,CHI,79.2,78.0,"('Anthony Black', 'Wendell Carter Jr.')",0.2,3,1,0,0,0,0,0,0,0,0,1,0.44,0.0,0.0,0.0,0.0,0.0,0.0,0.0,0.0,0.0,0.44,6
22500100,ORL,CHI,79.2,78.0,"('Jase Richardson', 'Paolo Banchero')",0.2,3,1,0,0,0,0,0,0,0,0,1,0.44,0.0,0.0,0.0,0.0,0.0,0.0,0.0,0.0,0.0,0.44,6
22500100,ORL,CHI,79.2,78.0,"('Jase Richardson', 'Tristan da Silva')",0.2,3,1,0,0,0,0,0,0,0,0,1,0.44,0.0,0.0,0.0,0.0,0.0,0.0,0.0,0.0,0.0,0.44,6
22500100,ORL,CHI,79.2,78.0,"('Jase Richardson', 'Wendell Carter Jr.')",0.2,3,1,0,0,0,0,0,0,0,0,1,0.44,0.0,0.0,0.0,0.0,0.0,0.0,0.0,0.0,0.0,0.44,6
22500100,ORL,CHI,79.2,78.0,"('Paolo Banchero', 'Tristan da Silva')",0.2,3,1,0,0,0,0,0,0,0,0,1,0.44,0.0,0.0,0.0,0.0,0.0,0.0,0.0,0.0,0.0,0.44,6
22500100,ORL,CHI,79.2,78.0,"('Paolo Banchero', 'Wendell Carter Jr.')",0.2,3,1,0,0,0,0,0,0,0,0,1,0.44,0.0,0.0,0.0,0.0,0.0,0.0,0.0,0.0,0.0,0.44,6
22500100,ORL,CHI,79.2,78.0,"('Tristan da Silva', 'Wendell Carter Jr.')",0.2,3,1,0,0,0,0,0,0,0,0,1,0.44,0.0,0.0,0.0,0.0,0.0,0.0,0.0,0.0,0.0,0.44,6
22500100,ORL,CHI,80.2,78.0,"('Anthony Black', 'Desmond Bane')",2.5,3,9,4,3,2,2,1,0,2,2,1,4.88,5.88,0.0,0.0,5.0,4.0,0.0,2.0,0.0,2.0,10.76,6
22500100,ORL,CHI,80.2,78.0,"('Anthony Black', 'Paolo Banchero')",2.5,3,9,4,3,2,2,1,0,2,2,1,4.88,5.88,0.0,0.0,5.0,4.0,0.0,2.0,0.0,2.0,10.76,6
22500100,ORL,CHI,80.2,78.0,"('Anthony Black', 'Tristan da Silva')",2.5,3,9,4,3,2,2,1,0,2,2,1,4.88,5.88,0.0,0.0,5.0,4.0,0.0,2.0,0.0,2.0,10.76,6
22500100,ORL,CHI,80.2,78.0,"('Anthony Black', 'Wendell Carter Jr.')",2.5,3,9,4,3,2,2,1,0,2,2,1,4.88,5.88,0.0,0.0,5.0,4.0,0.0,2.0,0.0,2.0,10.76,6
22500100,ORL,CHI,80.2,78.0,"('Desmond Bane', 'Paolo Banchero')",2.5,3,9,4,3,2,2,1,0,2,2,1,4.88,5.88,0.0,0.0,5.0,4.0,0.0,2.0,0.0,2.0,10.76,6
22500100,ORL,CHI,80.2,78.0,"('Desmond Bane', 'Tristan da Silva')",2.5,3,9,4,3,2,2,1,0,2,2,1,4.88,5.88,0.0,0.0,5.0,4.0,0.0,2.0,0.0,2.0,10.76,6
22500100,ORL,CHI,80.2,78.0,"('Desmond Bane', 'Wendell Carter Jr.')",2.5,3,9,4,3,2,2,1,0,2,2,1,4.88,5.88,0.0,0.0,5.0,4.0,0.0,2.0,0.0,2.0,10.76,6
22500100,ORL,CHI,80.2,78.0,"('Paolo Banchero', 'Tristan da Silva')",2.5,3,9,4,3,2,2,1,0,2,2,1,4.88,5.88,0.0,0.0,5.0,4.0,0.0,2.0,0.0,2.0,10.76,6
22500100,ORL,CHI,80.2,78.0,"('Paolo Banchero', 'Wendell Carter Jr.')",2.5,3,9,4,3,2,2,1,0,2,2,1,4.88,5.88,0.0,0.0,5.0,4.0,0.0,2.0,0.0,2.0,10.76,6
22500100,ORL,CHI,80.2,78.0,"('Tristan da Silva', 'Wendell Carter Jr.')",2.5,3,9,4,3,2,2,1,0,2,2,1,4.88,5.88,0.0,0.0,5.0,4.0,0.0,2.0,0.0,2.0,10.76,6
22500100,ORL,CHI,79.2,77.2,"('Desmond Bane', 'Franz Wagner')",3.5333333333333328,3,7,11,5,3,0,2,1,2,1,5,11.2,9.44,0.0,0.0,2.0,2.0,0.0,3.0,0.0,4.0,20.64,6
22500100,ORL,CHI,79.2,77.2,"('Desmond Bane', 'Paolo Banchero')",3.5333333333333328,3,7,11,5,3,0,2,1,2,1,5,11.2,9.44,0.0,0.0,2.0,2.0,0.0,3.0,0.0,4.0,20.64,6
22500100,ORL,CHI,79.2,77.2,"('Desmond Bane', 'Tyus Jones')",3.5333333333333328,3,7,11,5,3,0,2,1,2,1,5,11.2,9.44,0.0,0.0,2.0,2.0,0.0,3.0,0.0,4.0,20.64,6
22500100,ORL,CHI,79.2,77.2,"('Desmond Bane', 'Wendell Carter Jr.')",3.5333333333333328,3,7,11,5,3,0,2,1,2,1,5,11.2,9.44,0.0,0.0,2.0,2.0,0.0,3.0,0.0,4.0,20.64,6
22500100,ORL,CHI,79.2,77.2,"('Franz Wagner', 'Paolo Banchero')",3.5333333333333328,3,7,11,5,3,0,2,1,2,1,5,11.2,9.44,0.0,0.0,2.0,2.0,0.0,3.0,0.0,4.0,20.64,6
22500100,ORL,CHI,79.2,77.2,"('Franz Wagner', 'Tyus Jones')",3.5333333333333328,3,7,11,5,3,0,2,1,2,1,5,11.2,9.44,0.0,0.0,2.0,2.0,0.0,3.0,0.0,4.0,20.64,6
22500100,ORL,CHI,79.2,77.2,"('Franz Wagner', 'Wendell Carter Jr.')",3.5333333333333328,3,7,11,5,3,0,2,1,2,1,5,11.2,9.44,0.0,0.0,2.0,2.0,0.0,3.0,0.0,4.0,20.64,6
22500100,ORL,CHI,79.2,77.2,"('Paolo Banchero', 'Tyus Jones')",3.5333333333333328,3,7,11,5,3,0,2,1,2,1,5,11.2,9.44,0.0,0.0,2.0,2.0,0.0,3.0,0.0,4.0,20.64,6
22500100,ORL,CHI,79.2,77.2,"('Paolo Banchero', 'Wendell Carter Jr.')",3.5333333333333328,3,7,11,5,3,0,2,1,2,1,5,11.2,9.44,0.0,0.0,2.0,2.0,0.0,3.0,0.0,4.0,20.64,6
22500100,ORL,CHI,79.2,77.2,"('Tyus Jones', 'Wendell Carter Jr.')",3.5333333333333328,3,7,11,5,3,0,2,1,2,1,5,11.2,9.44,0.0,0.0,2.0,2.0,0.0,3.0,0.0,4.0,20.64,6
22500100,ORL,CHI,80.2,77.4,"('Anthony Black', 'Desmond Bane')",0.95,4,3,1,1,2,0,0,0,1,0,2,3.3200000000000003,2.44,0.0,0.0,0.0,0.0,0.0,0.0,0.0,0.0,5.76,6
22500100,ORL,CHI,80.2,77.4,"('Anthony Black', 'Paolo Banchero')",0.95,4,3,1,1,2,0,0,0,1,0,2,3.3200000000000003,2.44,0.0,0.0,0.0,0.0,0.0,0.0,0.0,0.0,5.76,6
22500100,ORL,CHI,80.2,77.4,"('Anthony Black', 'Tristan da Silva')",0.95,4,3,1,1,2,0,0,0,1,0,2,3.3200000000000003,2.44,0.0,0.0,0.0,0.0,0.0,0.0,0.0,0.0,5.76,6
22500100,ORL,CHI,80.2,77.4,"('Anthony Black', 'Wendell Carter Jr.')",0.95,4,3,1,1,2,0,0,0,1,0,2,3.3200000000000003,2.44,0.0,0.0,0.0,0.0,0.0,0.0,0.0,0.0,5.76,6
22500100,ORL,CHI,80.2,77.4,"('Desmond Bane', 'Paolo Banchero')",0.95,4,3,1,1,2,0,0,0,1,0,2,3.3200000000000003,2.44,0.0,0.0,0.0,0.0,0.0,0.0,0.0,0.0,5.76,6
22500100,ORL,CHI,80.2,77.4,"('Desmond Bane', 'Tristan da Silva')",0.95,4,3,1,1,2,0,0,0,1,0,2,3.3200000000000003,2.44,0.0,0.0,0.0,0.0,0.0,0.0,0.0,0.0,5.76,6
22500100,ORL,CHI,80.2,77.4,"('Desmond Bane', 'Wendell Carter Jr.')",0.95,4,3,1,1,2,0,0,0,1,0,2,3.3200000000000003,2.44,0.0,0.0,0.0,0.0,0.0,0.0,0.0,0.0,5.76,6
22500100,ORL,CHI,80.2,77.4,"('Paolo Banchero', 'Tristan da Silva')",0.95,4,3,1,1,2,0,0,0,1,0,2,3.3200000000000003,2.44,0.0,0.0,0.0,0.0,0.0,0.0,0.0,0.0,5.76,6
22500100,ORL,CHI,80.2,77.4,"('Paolo Banchero', 'Wendell Carter Jr.')",0.95,4,3,1,1,2,0,0,0,1,0,2,3.3200000000000003,2.44,0.0,0.0,0.0,0.0,0.0,0.0,0.0,0.0,5.76,6
22500100,ORL,CHI,80.2,77.4,"('Tristan da Silva', 'Wendell Carter Jr.')",0.95,4,3,1,1,2,0,0,0,1,0,2,3.3200000000000003,2.44,0.0,0.0,0.0,0.0,0.0,0.0,0.0,0.0,5.76,6
22500100,ORL,CHI,79.4,78.0,"('Anthony Black', 'Franz Wagner')",1.2933333333333334,3,4,4,0,0,1,1,1,1,1,1,3.88,3.88,0.0,0.0,0.0,2.0,0.0,0.0,0.0,2.0,7.76,6
22500100,ORL,CHI,79.4,78.0,"('Anthony Black', 'Goga Bitadze')",1.2933333333333334,3,4,4,0,0,1,1,1,1,1,1,3.88,3.88,0.0,0.0,0.0,2.0,0.0,0.0,0.0,2.0,7.76,6
22500100,ORL,CHI,79.4,78.0,"('Anthony Black', 'Jase Richardson')",1.2933333333333334,3,4,4,0,0,1,1,1,1,1,1,3.88,3.88,0.0,0.0,0.0,2.0,0.0,0.0,0.0,2.0,7.76,6
22500100,ORL,CHI,79.4,78.0,"('Anthony Black', 'Tristan da Silva')",1.2933333333333334,3,4,4,0,0,1,1,1,1,1,1,3.88,3.88,0.0,0.0,0.0,2.0,0.0,0.0,0.0,2.0,7.76,6
22500100,ORL,CHI,79.4,78.0,"('Franz Wagner', 'Goga Bitadze')",1.2933333333333334,3,4,4,0,0,1,1,1,1,1,1,3.88,3.88,0.0,0.0,0.0,2.0,0.0,0.0,0.0,2.0,7.76,6
22500100,ORL,CHI,79.4,78.0,"('Franz Wagner', 'Jase Richardson')",1.2933333333333334,3,4,4,0,0,1,1,1,1,1,1,3.88,3.88,0.0,0.0,0.0,2.0,0.0,0.0,0.0,2.0,7.76,6
22500100,ORL,CHI,79.4,78.0,"('Franz Wagner', 'Tristan da Silva')",1.2933333333333334,3,4,4,0,0,1,1,1,1,1,1,3.88,3.88,0.0,0.0,0.0,2.0,0.0,0.0,0.0,2.0,7.76,6
22500100,ORL,CHI,79.4,78.0,"('Goga Bitadze', 'Jase Richardson')",1.2933333333333334,3,4,4,0,0,1,1,1,1,1,1,3.88,3.88,0.0,0.0,0.0,2.0,0.0,0.0,0.0,2.0,7.76,6
22500100,ORL,CHI,79.4,78.0,"('Goga Bitadze', 'Tristan da Silva')",1.2933333333333334,3,4,4,0,0,1,1,1,1,1,1,3.88,3.88,0.0,0.0,0.0,2.0,0.0,0.0,0.0,2.0,7.76,6
22500100,ORL,CHI,79.4,78.0,"('Jase Richardson', 'Tristan da Silva')",1.2933333333333334,3,4,4,0,0,1,1,1,1,1,1,3.88,3.88,0.0,0.0,0.0,2.0,0.0,0.0,0.0,2.0,7.76,6
22500114,ORL,PHI,80.8,78.2,"('Anthony Black', 'Desmond Bane')",0.2,2,1,0,0,0,0,0,0,0,1,0,0.44,0.0,0.0,0.0,0.0,0.0,0.0,0.0,0.0,0.0,0.44,7
22500114,ORL,PHI,80.8,78.2,"('Anthony Black', 'Franz Wagner')",0.2,2,1,0,0,0,0,0,0,0,1,0,0.44,0.0,0.0,0.0,0.0,0.0,0.0,0.0,0.0,0.0,0.44,7
22500114,ORL,PHI,80.8,78.2,"('Anthony Black', 'Goga Bitadze')",0.2,2,1,0,0,0,0,0,0,0,1,0,0.44,0.0,0.0,0.0,0.0,0.0,0.0,0.0,0.0,0.0,0.44,7
22500114,ORL,PHI,80.8,78.2,"('Anthony Black', 'Paolo Banchero')",0.2,2,1,0,0,0,0,0,0,0,1,0,0.44,0.0,0.0,0.0,0.0,0.0,0.0,0.0,0.0,0.0,0.44,7
22500114,ORL,PHI,80.8,78.2,"('Desmond Bane', 'Franz Wagner')",0.2,2,1,0,0,0,0,0,0,0,1,0,0.44,0.0,0.0,0.0,0.0,0.0,0.0,0.0,0.0,0.0,0.44,7
22500114,ORL,PHI,80.8,78.2,"('Desmond Bane', 'Goga Bitadze')",0.2,2,1,0,0,0,0,0,0,0,1,0,0.44,0.0,0.0,0.0,0.0,0.0,0.0,0.0,0.0,0.0,0.44,7
22500114,ORL,PHI,80.8,78.2,"('Desmond Bane', 'Paolo Banchero')",0.2,2,1,0,0,0,0,0,0,0,1,0,0.44,0.0,0.0,0.0,0.0,0.0,0.0,0.0,0.0,0.0,0.44,7
22500114,ORL,PHI,80.8,78.2,"('Franz Wagner', 'Goga Bitadze')",0.2,2,1,0,0,0,0,0,0,0,1,0,0.44,0.0,0.0,0.0,0.0,0.0,0.0,0.0,0.0,0.0,0.44,7
22500114,ORL,PHI,80.8,78.2,"('Franz Wagner', 'Paolo Banchero')",0.2,2,1,0,0,0,0,0,0,0,1,0,0.44,0.0,0.0,0.0,0.0,0.0,0.0,0.0,0.0,0.0,0.44,7
22500114,ORL,PHI,80.8,78.2,"('Goga Bitadze', 'Paolo Banchero')",0.2,2,1,0,0,0,0,0,0,0,1,0,0.44,0.0,0.0,0.0,0.0,0.0,0.0,0.0,0.0,0.0,0.44,7
22500114,ORL,PHI,80.2,77.8,"('Desmond Bane', 'Franz Wagner')",3.4416666666666664,2,11,14,2,3,4,2,1,0,2,1,8.440000000000001,9.32,4.0,0.0,0.0,8.0,2.0,0.0,2.0,8.0,17.76,7
22500114,ORL,PHI,80.2,77.8,"('Desmond Bane', 'Jalen Suggs')",3.4416666666666664,2,11,14,2,3,4,2,1,0,2,1,8.440000000000001,9.32,4.0,0.0,0.0,8.0,2.0,0.0,2.0,8.0,17.76,7
22500114,ORL,PHI,80.2,77.8,"('Desmond Bane', 'Paolo Banchero')",3.4416666666666664,2,11,14,2,3,4,2,1,0,2,1,8.440000000000001,9.32,4.0,0.0,0.0,8.0,2.0,0.0,2.0,8.0,17.76,7
22500114,ORL,PHI,80.2,77.8,"('Desmond Bane', 'Wendell Carter Jr.')",3.4416666666666664,2,11,14,2,3,4,2,1,0,2,1,8.440000000000001,9.32,4.0,0.0,0.0,8.0,2.0,0.0,2.0,8.0,17.76,7
22500114,ORL,PHI,80.2,77.8,"('Franz Wagner', 'Jalen Suggs')",3.4416666666666664,2,11,14,2,3,4,2,1,0,2,1,8.440000000000001,9.32,4.0,0.0,0.0,8.0,2.0,0.0,2.0,8.0,17.76,7
22500114,ORL,PHI,80.2,77.8,"('Franz Wagner', 'Paolo Banchero')",3.4416666666666664,2,11,14,2,3,4,2,1,0,2,1,8.440000000000001,9.32,4.0,0.0,0.0,8.0,2.0,0.0,2.0,8.0,17.76,7
22500114,ORL,PHI,80.2,77.8,"('Franz Wagner', 'Wendell Carter Jr.')",3.4416666666666664,2,11,14,2,3,4,2,1,0,2,1,8.440000000000001,9.32,4.0,0.0,0.0,8.0,2.0,0.0,2.0,8.0,17.76,7
22500114,ORL,PHI,80.2,77.8,"('Jalen Suggs', 'Paolo Banchero')",3.4416666666666664,2,11,14,2,3,4,2,1,0,2,1,8.440000000000001,9.32,4.0,0.0,0.0,8.0,2.0,0.0,2.0,8.0,17.76,7
22500114,ORL,PHI,80.2,77.8,"('Jalen Suggs', 'Wendell Carter Jr.')",3.4416666666666664,2,11,14,2,3,4,2,1,0,2,1,8.440000000000001,9.32,4.0,0.0,0.0,8.0,2.0,0.0,2.0,8.0,17.76,7
22500114,ORL,PHI,80.2,77.8,"('Paolo Banchero', 'Wendell Carter Jr.')",3.4416666666666664,2,11,14,2,3,4,2,1,0,2,1,8.440000000000001,9.32,4.0,0.0,0.0,8.0,2.0,0.0,2.0,8.0,17.76,7
22500114,ORL,PHI,78.2,78.4,"('Goga Bitadze', 'Jalen Suggs')",1.3166666666666669,1,5,2,1,1,1,1,0,0,1,0,3.0,2.0,3.0,0.0,0.0,0.0,0.0,0.0,0.0,0.0,5.0,7
22500114,ORL,PHI,78.2,78.4,"('Goga Bitadze', 'Noah Penda')",1.3166666666666669,1,5,2,1,1,1,1,0,0,1,0,3.0,2.0,3.0,0.0,0.0,0.0,0.0,0.0,0.0,0.0,5.0,7
22500114,ORL,PHI,78.2,78.4,"('Goga Bitadze', 'Tristan da Silva')",1.3166666666666669,1,5,2,1,1,1,1,0,0,1,0,3.0,2.0,3.0,0.0,0.0,0.0,0.0,0.0,0.0,0.0,5.0,7
22500114,ORL,PHI,78.2,78.4,"('Goga Bitadze', 'Tyus Jones')",1.3166666666666669,1,5,2,1,1,1,1,0,0,1,0,3.0,2.0,3.0,0.0,0.0,0.0,0.0,0.0,0.0,0.0,5.0,7
22500114,ORL,PHI,78.2,78.4,"('Jalen Suggs', 'Noah Penda')",1.3166666666666669,1,5,2,1,1,1,1,0,0,1,0,3.0,2.0,3.0,0.0,0.0,0.0,0.0,0.0,0.0,0.0,5.0,7
22500114,ORL,PHI,78.2,78.4,"('Jalen Suggs', 'Tristan da Silva')",1.3166666666666669,1,5,2,1,1,1,1,0,0,1,0,3.0,2.0,3.0,0.0,0.0,0.0,0.0,0.0,0.0,0.0,5.0,7
22500114,ORL,PHI,78.2,78.4,"('Jalen Suggs', 'Tyus Jones')",1.3166666666666669,1,5,2,1,1,1,1,0,0,1,0,3.0,2.0,3.0,0.0,0.0,0.0,0.0,0.0,0.0,0.0,5.0,7
22500114,ORL,PHI,78.2,78.4,"('Noah Penda', 'Tristan da Silva')",1.3166666666666669,1,5,2,1,1,1,1,0,0,1,0,3.0,2.0,3.0,0.0,0.0,0.0,0.0,0.0,0.0,0.0,5.0,7
22500114,ORL,PHI,78.2,78.4,"('Noah Penda', 'Tyus Jones')",1.3166666666666669,1,5,2,1,1,1,1,0,0,1,0,3.0,2.0,3.0,0.0,0.0,0.0,0.0,0.0,0.0,0.0,5.0,7
22500114,ORL,PHI,78.2,78.4,"('Tristan da Silva', 'Tyus Jones')",1.3166666666666669,1,5,2,1,1,1,1,0,0,1,0,3.0,2.0,3.0,0.0,0.0,0.0,0.0,0.0,0.0,0.0,5.0,7
22500114,ORL,PHI,78.8,78.4,"('Anthony Black', 'Noah Penda')",1.5666666666666669,1,2,6,1,1,1,0,1,0,1,0,3.0,3.88,0.0,0.0,2.0,2.0,2.0,0.0,0.0,2.0,6.88,7
22500114,ORL,PHI,78.8,78.4,"('Anthony Black', 'Paolo Banchero')",1.5666666666666669,1,2,6,1,1,1,0,1,0,1,0,3.0,3.88,0.0,0.0,2.0,2.0,2.0,0.0,0.0,2.0,6.88,7
22500114,ORL,PHI,78.8,78.4,"('Anthony Black', 'Tyus Jones')",1.5666666666666669,1,2,6,1,1,1,0,1,0,1,0,3.0,3.88,0.0,0.0,2.0,2.0,2.0,0.0,0.0,2.0,6.88,7
22500114,ORL,PHI,78.8,78.4,"('Anthony Black', 'Wendell Carter Jr.')",1.5666666666666669,1,2,6,1,1,1,0,1,0,1,0,3.0,3.88,0.0,0.0,2.0,2.0,2.0,0.0,0.0,2.0,6.88,7
22500114,ORL,PHI,78.8,78.4,"('Noah Penda', 'Paolo Banchero')",1.5666666666666669,1,2,6,1,1,1,0,1,0,1,0,3.0,3.88,0.0,0.0,2.0,2.0,2.0,0.0,0.0,2.0,6.88,7
22500114,ORL,PHI,78.8,78.4,"('Noah Penda', 'Tyus Jones')",1.5666666666666669,1,2,6,1,1,1,0,1,0,1,0,3.0,3.88,0.0,0.0,2.0,2.0,2.0,0.0,0.0,2.0,6.88,7
22500114,ORL,PHI,78.8,78.4,"('Noah Penda', 'Wendell Carter Jr.')",1.5666666666666669,1,2,6,1,1,1,0,1,0,1,0,3.0,3.88,0.0,0.0,2.0,2.0,2.0,0.0,0.0,2.0,6.88,7
22500114,ORL,PHI,78.8,78.4,"('Paolo Banchero', 'Tyus Jones')",1.5666666666666669,1,2,6,1,1,1,0,1,0,1,0,3.0,3.88,0.0,0.0,2.0,2.0,2.0,0.0,0.0,2.0,6.88,7
22500114,ORL,PHI,78.8,78.4,"('Paolo Banchero', 'Wendell Carter Jr.')",1.5666666666666669,1,2,6,1,1,1,0,1,0,1,0,3.0,3.88,0.0,0.0,2.0,2.0,2.0,0.0,0.0,2.0,6.88,7
22500114,ORL,PHI,78.8,78.4,"('Tyus Jones', 'Wendell Carter Jr.')",1.5666666666666669,1,2,6,1,1,1,0,1,0,1,0,3.0,3.88,0.0,0.0,2.0,2.0,2.0,0.0,0.0,2.0,6.88,7
22500114,ORL,PHI,80.6,77.8,"('Anthony Black', 'Desmond Bane')",3.2666666666666666,1,8,8,4,4,2,3,1,0,1,2,5.32,7.0,0.0,0.0,0.0,2.0,3.0,0.0,3.0,2.0,12.32,7
22500114,ORL,PHI,80.6,77.8,"('Anthony Black', 'Franz Wagner')",3.2666666666666666,1,8,8,4,4,2,3,1,0,1,2,5.32,7.0,0.0,0.0,0.0,2.0,3.0,0.0,3.0,2.0,12.32,7
22500114,ORL,PHI,80.6,77.8,"('Anthony Black', 'Paolo Banchero')",3.2666666666666666,1,8,8,4,4,2,3,1,0,1,2,5.32,7.0,0.0,0.0,0.0,2.0,3.0,0.0,3.0,2.0,12.32,7
22500114,ORL,PHI,80.6,77.8,"('Anthony Black', 'Wendell Carter Jr.')",3.2666666666666666,1,8,8,4,4,2,3,1,0,1,2,5.32,7.0,0.0,0.0,0.0,2.0,3.0,0.0,3.0,2.0,12.32,7
22500114,ORL,PHI,80.6,77.8,"('Desmond Bane', 'Franz Wagner')",3.2666666666666666,1,8,8,4,4,2,3,1,0,1,2,5.32,7.0,0.0,0.0,0.0,2.0,3.0,0.0,3.0,2.0,12.32,7
22500114,ORL,PHI,80.6,77.8,"('Desmond Bane', 'Paolo Banchero')",3.2666666666666666,1,8,8,4,4,2,3,1,0,1,2,5.32,7.0,0.0,0.0,0.0,2.0,3.0,0.0,3.0,2.0,12.32,7
22500114,ORL,PHI,80.6,77.8,"('Desmond Bane', 'Wendell Carter Jr.')",3.2666666666666666,1,8,8,4,4,2,3,1,0,1,2,5.32,7.0,0.0,0.0,0.0,2.0,3.0,0.0,3.0,2.0,12.32,7
22500114,ORL,PHI,80.6,77.8,"('Franz Wagner', 'Paolo Banchero')",3.2666666666666666,1,8,8,4,4,2,3,1,0,1,2,5.32,7.0,0.0,0.0,0.0,2.0,3.0,0.0,3.0,2.0,12.32,7
22500114,ORL,PHI,80.6,77.8,"('Franz Wagner', 'Wendell Carter Jr.')",3.2666666666666666,1,8,8,4,4,2,3,1,0,1,2,5.32,7.0,0.0,0.0,0.0,2.0,3.0,0.0,3.0,2.0,12.32,7
22500114,ORL,PHI,80.6,77.8,"('Paolo Banchero', 'Wendell Carter Jr.')",3.2666666666666666,1,8,8,4,4,2,3,1,0,1,2,5.32,7.0,0.0,0.0,0.0,2.0,3.0,0.0,3.0,2.0,12.32,7
22500114,ORL,PHI,80.2,78.4,"('Anthony Black', 'Franz Wagner')",0.8516666666666667,1,3,0,2,1,1,0,0,0,0,0,1.44,2.0,2.0,0.0,0.0,2.0,0.0,0.0,0.0,0.0,3.44,7
22500114,ORL,PHI,80.2,78.4,"('Anthony Black', 'Goga Bitadze')",0.8516666666666667,1,3,0,2,1,1,0,0,0,0,0,1.44,2.0,2.0,0.0,0.0,2.0,0.0,0.0,0.0,0.0,3.44,7
22500114,ORL,PHI,80.2,78.4,"('Anthony Black', 'Jalen Suggs')",0.8516666666666667,1,3,0,2,1,1,0,0,0,0,0,1.44,2.0,2.0,0.0,0.0,2.0,0.0,0.0,0.0,0.0,3.44,7
22500114,ORL,PHI,80.2,78.4,"('Anthony Black', 'Tristan da Silva')",0.8516666666666667,1,3,0,2,1,1,0,0,0,0,0,1.44,2.0,2.0,0.0,0.0,2.0,0.0,0.0,0.0,0.0,3.44,7
22500114,ORL,PHI,80.2,78.4,"('Franz Wagner', 'Goga Bitadze')",0.8516666666666667,1,3,0,2,1,1,0,0,0,0,0,1.44,2.0,2.0,0.0,0.0,2.0,0.0,0.0,0.0,0.0,3.44,7
22500114,ORL,PHI,80.2,78.4,"('Franz Wagner', 'Jalen Suggs')",0.8516666666666667,1,3,0,2,1,1,0,0,0,0,0,1.44,2.0,2.0,0.0,0.0,2.0,0.0,0.0,0.0,0.0,3.44,7
22500114,ORL,PHI,80.2,78.4,"('Franz Wagner', 'Tristan da Silva')",0.8516666666666667,1,3,0,2,1,1,0,0,0,0,0,1.44,2.0,2.0,0.0,0.0,2.0,0.0,0.0,0.0,0.0,3.44,7
22500114,ORL,PHI,80.2,78.4,"('Goga Bitadze', 'Jalen Suggs')",0.8516666666666667,1,3,0,2,1,1,0,0,0,0,0,1.44,2.0,2.0,0.0,0.0,2.0,0.0,0.0,0.0,0.0,3.44,7
22500114,ORL,PHI,80.2,78.4,"('Goga Bitadze', 'Tristan da Silva')",0.8516666666666667,1,3,0,2,1,1,0,0,0,0,0,1.44,2.0,2.0,0.0,0.0,2.0,0.0,0.0,0.0,0.0,3.44,7
22500114,ORL,PHI,80.2,78.4,"('Jalen Suggs', 'Tristan da Silva')",0.8516666666666667,1,3,0,2,1,1,0,0,0,0,0,1.44,2.0,2.0,0.0,0.0,2.0,0.0,0.0,0.0,0.0,3.44,7
22500114,ORL,PHI,79.2,78.4,"('Goga Bitadze', 'Noah Penda')",0.0,1,0,0,0,0,0,0,0,0,0,0,0.0,0.0,0.0,0.0,0.0,0.0,0.0,0.0,0.0,0.0,0.0,7
22500114,ORL,PHI,79.2,78.4,"('Goga Bitadze', 'Tristan da Silva')",0.0,1,0,0,0,0,0,0,0,0,0,0,0.0,0.0,0.0,0.0,0.0,0.0,0.0,0.0,0.0,0.0,0.0,7
22500114,ORL,PHI,79.2,78.4,"('Goga Bitadze', 'Tyus Jones')",0.0,1,0,0,0,0,0,0,0,0,0,0,0.0,0.0,0.0,0.0,0.0,0.0,0.0,0.0,0.0,0.0,0.0,7
22500114,ORL,PHI,79.2,78.4,"('Goga Bitadze', 'Wendell Carter Jr.')",0.0,1,0,0,0,0,0,0,0,0,0,0,0.0,0.0,0.0,0.0,0.0,0.0,0.0,0.0,0.0,0.0,0.0,7
22500114,ORL,PHI,79.2,78.4,"('Noah Penda', 'Tristan da Silva')",0.0,1,0,0,0,0,0,0,0,0,0,0,0.0,0.0,0.0,0.0,0.0,0.0,0.0,0.0,0.0,0.0,0.0,7
22500114,ORL,PHI,79.2,78.4,"('Noah Penda', 'Tyus Jones')",0.0,1,0,0,0,0,0,0,0,0,0,0,0.0,0.0,0.0,0.0,0.0,0.0,0.0,0.0,0.0,0.0,0.0,7
22500114,ORL,PHI,79.2,78.4,"('Noah Penda', 'Wendell Carter Jr.')",0.0,1,0,0,0,0,0,0,0,0,0,0,0.0,0.0,0.0,0.0,0.0,0.0,0.0,0.0,0.0,0.0,0.0,7
22500114,ORL,PHI,79.2,78.4,"('Tristan da Silva', 'Tyus Jones')",0.0,1,0,0,0,0,0,0,0,0,0,0,0.0,0.0,0.0,0.0,0.0,0.0,0.0,0.0,0.0,0.0,0.0,7
22500114,ORL,PHI,79.2,78.4,"('Tristan da Silva', 'Wendell Carter Jr.')",0.0,1,0,0,0,0,0,0,0,0,0,0,0.0,0.0,0.0,0.0,0.0,0.0,0.0,0.0,0.0,0.0,0.0,7
22500114,ORL,PHI,79.2,78.4,"('Tyus Jones', 'Wendell Carter Jr.')",0.0,1,0,0,0,0,0,0,0,0,0,0,0.0,0.0,0.0,0.0,0.0,0.0,0.0,0.0,0.0,0.0,0.0,7
22500114,ORL,PHI,80.6,78.2,"('Anthony Black', 'Desmond Bane')",4.300000000000001,4,11,7,4,4,2,1,0,1,3,4,9.76,9.32,0.0,0.0,2.0,2.0,0.0,0.0,4.0,4.0,19.08,7
22500114,ORL,PHI,80.6,78.2,"('Anthony Black', 'Franz Wagner')",4.300000000000001,4,11,7,4,4,2,1,0,1,3,4,9.76,9.32,0.0,0.0,2.0,2.0,0.0,0.0,4.0,4.0,19.08,7
22500114,ORL,PHI,80.6,78.2,"('Anthony Black', 'Paolo Banchero')",4.300000000000001,4,11,7,4,4,2,1,0,1,3,4,9.76,9.32,0.0,0.0,2.0,2.0,0.0,0.0,4.0,4.0,19.08,7
22500114,ORL,PHI,80.6,78.2,"('Anthony Black', 'Wendell Carter Jr.')",4.300000000000001,4,11,7,4,4,2,1,0,1,3,4,9.76,9.32,0.0,0.0,2.0,2.0,0.0,0.0,4.0,4.0,19.08,7
22500114,ORL,PHI,80.6,78.2,"('Desmond Bane', 'Franz Wagner')",4.300000000000001,4,11,7,4,4,2,1,0,1,3,4,9.76,9.32,0.0,0.0,2.0,2.0,0.0,0.0,4.0,4.0,19.08,7
22500114,ORL,PHI,80.6,78.2,"('Desmond Bane', 'Paolo Banchero')",4.300000000000001,4,11,7,4,4,2,1,0,1,3,4,9.76,9.32,0.0,0.0,2.0,2.0,0.0,0.0,4.0,4.0,19.08,7
22500114,ORL,PHI,80.6,78.2,"('Desmond Bane', 'Wendell Carter Jr.')",4.300000000000001,4,11,7,4,4,2,1,0,1,3,4,9.76,9.32,0.0,0.0,2.0,2.0,0.0,0.0,4.0,4.0,19.08,7
22500114,ORL,PHI,80.6,78.2,"('Franz Wagner', 'Paolo Banchero')",4.300000000000001,4,11,7,4,4,2,1,0,1,3,4,9.76,9.32,0.0,0.0,2.0,2.0,0.0,0.0,4.0,4.0,19.08,7
22500114,ORL,PHI,80.6,78.2,"('Franz Wagner', 'Wendell Carter Jr.')",4.300000000000001,4,11,7,4,4,2,1,0,1,3,4,9.76,9.32,0.0,0.0,2.0,2.0,0.0,0.0,4.0,4.0,19.08,7
22500114,ORL,PHI,80.6,78.2,"('Paolo Banchero', 'Wendell Carter Jr.')",4.300000000000001,4,11,7,4,4,2,1,0,1,3,4,9.76,9.32,0.0,0.0,2.0,2.0,0.0,0.0,4.0,4.0,19.08,7
22500114,ORL,PHI,80.2,77.8,"('Anthony Black', 'Desmond Bane')",2.1333333333333333,3,5,4,1,1,1,1,0,0,1,0,3.0,5.0,2.0,3.0,0.0,2.0,0.0,0.0,2.0,4.0,8.0,7
22500114,ORL,PHI,80.2,77.8,"('Anthony Black', 'Paolo Banchero')",2.1333333333333333,3,5,4,1,1,1,1,0,0,1,0,3.0,5.0,2.0,3.0,0.0,2.0,0.0,0.0,2.0,4.0,8.0,7
22500114,ORL,PHI,80.2,77.8,"('Anthony Black', 'Tristan da Silva')",2.1333333333333333,3,5,4,1,1,1,1,0,0,1,0,3.0,5.0,2.0,3.0,0.0,2.0,0.0,0.0,2.0,4.0,8.0,7
22500114,ORL,PHI,80.2,77.8,"('Anthony Black', 'Wendell Carter Jr.')",2.1333333333333333,3,5,4,1,1,1,1,0,0,1,0,3.0,5.0,2.0,3.0,0.0,2.0,0.0,0.0,2.0,4.0,8.0,7
22500114,ORL,PHI,80.2,77.8,"('Desmond Bane', 'Paolo Banchero')",2.1333333333333333,3,5,4,1,1,1,1,0,0,1,0,3.0,5.0,2.0,3.0,0.0,2.0,0.0,0.0,2.0,4.0,8.0,7
22500114,ORL,PHI,80.2,77.8,"('Desmond Bane', 'Tristan da Silva')",2.1333333333333333,3,5,4,1,1,1,1,0,0,1,0,3.0,5.0,2.0,3.0,0.0,2.0,0.0,0.0,2.0,4.0,8.0,7
22500114,ORL,PHI,80.2,77.8,"('Desmond Bane', 'Wendell Carter Jr.')",2.1333333333333333,3,5,4,1,1,1,1,0,0,1,0,3.0,5.0,2.0,3.0,0.0,2.0,0.0,0.0,2.0,4.0,8.0,7
22500114,ORL,PHI,80.2,77.8,"('Paolo Banchero', 'Tristan da Silva')",2.1333333333333333,3,5,4,1,1,1,1,0,0,1,0,3.0,5.0,2.0,3.0,0.0,2.0,0.0,0.0,2.0,4.0,8.0,7
22500114,ORL,PHI,80.2,77.8,"('Paolo Banchero', 'Wendell Carter Jr.')",2.1333333333333333,3,5,4,1,1,1,1,0,0,1,0,3.0,5.0,2.0,3.0,0.0,2.0,0.0,0.0,2.0,4.0,8.0,7
22500114,ORL,PHI,80.2,77.8,"('Tristan da Silva', 'Wendell Carter Jr.')",2.1333333333333333,3,5,4,1,1,1,1,0,0,1,0,3.0,5.0,2.0,3.0,0.0,2.0,0.0,0.0,2.0,4.0,8.0,7
22500114,ORL,PHI,79.2,77.4,"('Anthony Black', 'Franz Wagner')",1.765,3,7,9,0,1,1,2,1,0,0,1,3.88,3.88,0.0,0.0,0.0,2.0,2.0,2.0,2.0,4.0,7.76,7
22500114,ORL,PHI,79.2,77.4,"('Anthony Black', 'Goga Bitadze')",1.765,3,7,9,0,1,1,2,1,0,0,1,3.88,3.88,0.0,0.0,0.0,2.0,2.0,2.0,2.0,4.0,7.76,7
22500114,ORL,PHI,79.2,77.4,"('Anthony Black', 'Tristan da Silva')",1.765,3,7,9,0,1,1,2,1,0,0,1,3.88,3.88,0.0,0.0,0.0,2.0,2.0,2.0,2.0,4.0,7.76,7
22500114,ORL,PHI,79.2,77.4,"('Anthony Black', 'Tyus Jones')",1.765,3,7,9,0,1,1,2,1,0,0,1,3.88,3.88,0.0,0.0,0.0,2.0,2.0,2.0,2.0,4.0,7.76,7
22500114,ORL,PHI,79.2,77.4,"('Franz Wagner', 'Goga Bitadze')",1.765,3,7,9,0,1,1,2,1,0,0,1,3.88,3.88,0.0,0.0,0.0,2.0,2.0,2.0,2.0,4.0,7.76,7
22500114,ORL,PHI,79.2,77.4,"('Franz Wagner', 'Tristan da Silva')",1.765,3,7,9,0,1,1,2,1,0,0,1,3.88,3.88,0.0,0.0,0.0,2.0,2.0,2.0,2.0,4.0,7.76,7
22500114,ORL,PHI,79.2,77.4,"('Franz Wagner', 'Tyus Jones')",1.765,3,7,9,0,1,1,2,1,0,0,1,3.88,3.88,0.0,0.0,0.0,2.0,2.0,2.0,2.0,4.0,7.76,7
22500114,ORL,PHI,79.2,77.4,"('Goga Bitadze', 'Tristan da Silva')",1.765,3,7,9,0,1,1,2,1,0,0,1,3.88,3.88,0.0,0.0,0.0,2.0,2.0,2.0,2.0,4.0,7.76,7
22500114,ORL,PHI,79.2,77.4,"('Goga Bitadze', 'Tyus Jones')",1.765,3,7,9,0,1,1,2,1,0,0,1,3.88,3.88,0.0,0.0,0.0,2.0,2.0,2.0,2.0,4.0,7.76,7
22500114,ORL,PHI,79.2,77.4,"('Tristan da Silva', 'Tyus Jones')",1.765,3,7,9,0,1,1,2,1,0,0,1,3.88,3.88,0.0,0.0,0.0,2.0,2.0,2.0,2.0,4.0,7.76,7
22500114,ORL,PHI,79.2,78.4,"('Anthony Black', 'Goga Bitadze')",2.05,3,7,0,4,1,2,0,0,1,1,0,4.44,4.0,4.0,2.0,2.0,6.0,0.0,0.0,0.0,0.0,8.440000000000001,7
22500114,ORL,PHI,79.2,78.4,"('Anthony Black', 'Paolo Banchero')",2.05,3,7,0,4,1,2,0,0,1,1,0,4.44,4.0,4.0,2.0,2.0,6.0,0.0,0.0,0.0,0.0,8.440000000000001,7
22500114,ORL,PHI,79.2,78.4,"('Anthony Black', 'Tristan da Silva')",2.05,3,7,0,4,1,2,0,0,1,1,0,4.44,4.0,4.0,2.0,2.0,6.0,0.0,0.0,0.0,0.0,8.440000000000001,7
22500114,ORL,PHI,79.2,78.4,"('Anthony Black', 'Tyus Jones')",2.05,3,7,0,4,1,2,0,0,1,1,0,4.44,4.0,4.0,2.0,2.0,6.0,0.0,0.0,0.0,0.0,8.440000000000001,7
22500114,ORL,PHI,79.2,78.4,"('Goga Bitadze', 'Paolo Banchero')",2.05,3,7,0,4,1,2,0,0,1,1,0,4.44,4.0,4.0,2.0,2.0,6.0,0.0,0.0,0.0,0.0,8.440000000000001,7
22500114,ORL,PHI,79.2,78.4,"('Goga Bitadze', 'Tristan da Silva')",2.05,3,7,0,4,1,2,0,0,1,1,0,4.44,4.0,4.0,2.0,2.0,6.0,0.0,0.0,0.0,0.0,8.440000000000001,7
22500114,ORL,PHI,79.2,78.4,"('Goga Bitadze', 'Tyus Jones')",2.05,3,7,0,4,1,2,0,0,1,1,0,4.44,4.0,4.0,2.0,2.0,6.0,0.0,0.0,0.0,0.0,8.440000000000001,7
22500114,ORL,PHI,79.2,78.4,"('Paolo Banchero', 'Tristan da Silva')",2.05,3,7,0,4,1,2,0,0,1,1,0,4.44,4.0,4.0,2.0,2.0,6.0,0.0,0.0,0.0,0.0,8.440000000000001,7
22500114,ORL,PHI,79.2,78.4,"('Paolo Banchero', 'Tyus Jones')",2.05,3,7,0,4,1,2,0,0,1,1,0,4.44,4.0,4.0,2.0,2.0,6.0,0.0,0.0,0.0,0.0,8.440000000000001,7
22500114,ORL,PHI,79.2,78.4,"('Tristan da Silva', 'Tyus Jones')",2.05,3,7,0,4,1,2,0,0,1,1,0,4.44,4.0,4.0,2.0,2.0,6.0,0.0,0.0,0.0,0.0,8.440000000000001,7
22500114,ORL,PHI,80.6,77.6,"('Anthony Black', 'Desmond Bane')",1.6833333333333336,3,4,4,1,3,0,1,1,0,1,0,4.0,2.88,0.0,0.0,0.0,4.0,0.0,0.0,0.0,2.0,6.88,7
22500114,ORL,PHI,80.6,77.6,"('Anthony Black', 'Franz Wagner')",1.6833333333333336,3,4,4,1,3,0,1,1,0,1,0,4.0,2.88,0.0,0.0,0.0,4.0,0.0,0.0,0.0,2.0,6.88,7
22500114,ORL,PHI,80.6,77.6,"('Anthony Black', 'Paolo Banchero')",1.6833333333333336,3,4,4,1,3,0,1,1,0,1,0,4.0,2.88,0.0,0.0,0.0,4.0,0.0,0.0,0.0,2.0,6.88,7
22500114,ORL,PHI,80.6,77.6,"('Anthony Black', 'Wendell Carter Jr.')",1.6833333333333336,3,4,4,1,3,0,1,1,0,1,0,4.0,2.88,0.0,0.0,0.0,4.0,0.0,0.0,0.0,2.0,6.88,7
22500114,ORL,PHI,80.6,77.6,"('Desmond Bane', 'Franz Wagner')",1.6833333333333336,3,4,4,1,3,0,1,1,0,1,0,4.0,2.88,0.0,0.0,0.0,4.0,0.0,0.0,0.0,2.0,6.88,7
22500114,ORL,PHI,80.6,77.6,"('Desmond Bane', 'Paolo Banchero')",1.6833333333333336,3,4,4,1,3,0,1,1,0,1,0,4.0,2.88,0.0,0.0,0.0,4.0,0.0,0.0,0.0,2.0,6.88,7
22500114,ORL,PHI,80.6,77.6,"('Desmond Bane', 'Wendell Carter Jr.')",1.6833333333333336,3,4,4,1,3,0,1,1,0,1,0,4.0,2.88,0.0,0.0,0.0,4.0,0.0,0.0,0.0,2.0,6.88,7
22500114,ORL,PHI,80.6,77.6,"('Franz Wagner', 'Paolo Banchero')",1.6833333333333336,3,4,4,1,3,0,1,1,0,1,0,4.0,2.88,0.0,0.0,0.0,4.0,0.0,0.0,0.0,2.0,6.88,7
22500114,ORL,PHI,80.6,77.6,"('Franz Wagner', 'Wendell Carter Jr.')",1.6833333333333336,3,4,4,1,3,0,1,1,0,1,0,4.0,2.88,0.0,0.0,0.0,4.0,0.0,0.0,0.0,2.0,6.88,7
22500114,ORL,PHI,80.6,77.6,"('Paolo Banchero', 'Wendell Carter Jr.')",1.6833333333333336,3,4,4,1,3,0,1,1,0,1,0,4.0,2.88,0.0,0.0,0.0,4.0,0.0,0.0,0.0,2.0,6.88,7
22500114,ORL,PHI,80.2,78.2,"('Desmond Bane', 'Franz Wagner')",2.3000000000000003,4,7,8,0,1,1,2,1,1,1,0,5.0,4.88,0.0,0.0,0.0,4.0,2.0,2.0,0.0,2.0,9.88,7
22500114,ORL,PHI,80.2,78.2,"('Desmond Bane', 'Jalen Suggs')",2.3000000000000003,4,7,8,0,1,1,2,1,1,1,0,5.0,4.88,0.0,0.0,0.0,4.0,2.0,2.0,0.0,2.0,9.88,7
22500114,ORL,PHI,80.2,78.2,"('Desmond Bane', 'Paolo Banchero')",2.3000000000000003,4,7,8,0,1,1,2,1,1,1,0,5.0,4.88,0.0,0.0,0.0,4.0,2.0,2.0,0.0,2.0,9.88,7
22500114,ORL,PHI,80.2,78.2,"('Desmond Bane', 'Wendell Carter Jr.')",2.3000000000000003,4,7,8,0,1,1,2,1,1,1,0,5.0,4.88,0.0,0.0,0.0,4.0,2.0,2.0,0.0,2.0,9.88,7
22500114,ORL,PHI,80.2,78.2,"('Franz Wagner', 'Jalen Suggs')",2.3000000000000003,4,7,8,0,1,1,2,1,1,1,0,5.0,4.88,0.0,0.0,0.0,4.0,2.0,2.0,0.0,2.0,9.88,7
22500114,ORL,PHI,80.2,78.2,"('Franz Wagner', 'Paolo Banchero')",2.3000000000000003,4,7,8,0,1,1,2,1,1,1,0,5.0,4.88,0.0,0.0,0.0,4.0,2.0,2.0,0.0,2.0,9.88,7
22500114,ORL,PHI,80.2,78.2,"('Franz Wagner', 'Wendell Carter Jr.')",2.3000000000000003,4,7,8,0,1,1,2,1,1,1,0,5.0,4.88,0.0,0.0,0.0,4.0,2.0,2.0,0.0,2.0,9.88,7
22500114,ORL,PHI,80.2,78.2,"('Jalen Suggs', 'Paolo Banchero')",2.3000000000000003,4,7,8,0,1,1,2,1,1,1,0,5.0,4.88,0.0,0.0,0.0,4.0,2.0,2.0,0.0,2.0,9.88,7
22500114,ORL,PHI,80.2,78.2,"('Jalen Suggs', 'Wendell Carter Jr.')",2.3000000000000003,4,7,8,0,1,1,2,1,1,1,0,5.0,4.88,0.0,0.0,0.0,4.0,2.0,2.0,0.0,2.0,9.88,7
22500114,ORL,PHI,80.2,78.2,"('Paolo Banchero', 'Wendell Carter Jr.')",2.3000000000000003,4,7,8,0,1,1,2,1,1,1,0,5.0,4.88,0.0,0.0,0.0,4.0,2.0,2.0,0.0,2.0,9.88,7
22500114,ORL,PHI,80.0,77.8,"('Desmond Bane', 'Franz Wagner')",2.25,4,6,8,1,2,3,2,0,1,0,0,5.0,6.0,2.0,0.0,0.0,4.0,0.0,0.0,0.0,2.0,11.0,7
22500114,ORL,PHI,80.0,77.8,"('Desmond Bane', 'Goga Bitadze')",2.25,4,6,8,1,2,3,2,0,1,0,0,5.0,6.0,2.0,0.0,0.0,4.0,0.0,0.0,0.0,2.0,11.0,7
22500114,ORL,PHI,80.0,77.8,"('Desmond Bane', 'Jalen Suggs')",2.25,4,6,8,1,2,3,2,0,1,0,0,5.0,6.0,2.0,0.0,0.0,4.0,0.0,0.0,0.0,2.0,11.0,7
22500114,ORL,PHI,80.0,77.8,"('Desmond Bane', 'Tristan da Silva')",2.25,4,6,8,1,2,3,2,0,1,0,0,5.0,6.0,2.0,0.0,0.0,4.0,0.0,0.0,0.0,2.0,11.0,7
22500114,ORL,PHI,80.0,77.8,"('Franz Wagner', 'Goga Bitadze')",2.25,4,6,8,1,2,3,2,0,1,0,0,5.0,6.0,2.0,0.0,0.0,4.0,0.0,0.0,0.0,2.0,11.0,7
22500114,ORL,PHI,80.0,77.8,"('Franz Wagner', 'Jalen Suggs')",2.25,4,6,8,1,2,3,2,0,1,0,0,5.0,6.0,2.0,0.0,0.0,4.0,0.0,0.0,0.0,2.0,11.0,7
22500114,ORL,PHI,80.0,77.8,"('Franz Wagner', 'Tristan da Silva')",2.25,4,6,8,1,2,3,2,0,1,0,0,5.0,6.0,2.0,0.0,0.0,4.0,0.0,0.0,0.0,2.0,11.0,7
22500114,ORL,PHI,80.0,77.8,"('Goga Bitadze', 'Jalen Suggs')",2.25,4,6,8,1,2,3,2,0,1,0,0,5.0,6.0,2.0,0.0,0.0,4.0,0.0,0.0,0.0,2.0,11.0,7
22500114,ORL,PHI,80.0,77.8,"('Goga Bitadze', 'Tristan da Silva')",2.25,4,6,8,1,2,3,2,0,1,0,0,5.0,6.0,2.0,0.0,0.0,4.0,0.0,0.0,0.0,2.0,11.0,7
22500114,ORL,PHI,80.0,77.8,"('Jalen Suggs', 'Tristan da Silva')",2.25,4,6,8,1,2,3,2,0,1,0,0,5.0,6.0,2.0,0.0,0.0,4.0,0.0,0.0,0.0,2.0,11.0,7
22500114,ORL,PHI,79.6,78.2,"('Anthony Black', 'Franz Wagner')",0.5816666666666668,4,2,4,1,1,1,0,0,0,3,0,2.0,2.76,0.0,0.0,0.0,2.0,0.0,0.0,0.0,0.0,4.76,7
22500114,ORL,PHI,79.6,78.2,"('Anthony Black', 'Jase Richardson')",0.5816666666666668,4,2,4,1,1,1,0,0,0,3,0,2.0,2.76,0.0,0.0,0.0,2.0,0.0,0.0,0.0,0.0,4.76,7
22500114,ORL,PHI,79.6,78.2,"('Anthony Black', 'Paolo Banchero')",0.5816666666666668,4,2,4,1,1,1,0,0,0,3,0,2.0,2.76,0.0,0.0,0.0,2.0,0.0,0.0,0.0,0.0,4.76,7
22500114,ORL,PHI,79.6,78.2,"('Anthony Black', 'Wendell Carter Jr.')",0.5816666666666668,4,2,4,1,1,1,0,0,0,3,0,2.0,2.76,0.0,0.0,0.0,2.0,0.0,0.0,0.0,0.0,4.76,7
22500114,ORL,PHI,79.6,78.2,"('Franz Wagner', 'Jase Richardson')",0.5816666666666668,4,2,4,1,1,1,0,0,0,3,0,2.0,2.76,0.0,0.0,0.0,2.0,0.0,0.0,0.0,0.0,4.76,7
22500114,ORL,PHI,79.6,78.2,"('Franz Wagner', 'Paolo Banchero')",0.5816666666666668,4,2,4,1,1,1,0,0,0,3,0,2.0,2.76,0.0,0.0,0.0,2.0,0.0,0.0,0.0,0.0,4.76,7
22500114,ORL,PHI,79.6,78.2,"('Franz Wagner', 'Wendell Carter Jr.')",0.5816666666666668,4,2,4,1,1,1,0,0,0,3,0,2.0,2.76,0.0,0.0,0.0,2.0,0.0,0.0,0.0,0.0,4.76,7
22500114,ORL,PHI,79.6,78.2,"('Jase Richardson', 'Paolo Banchero')",0.5816666666666668,4,2,4,1,1,1,0,0,0,3,0,2.0,2.76,0.0,0.0,0.0,2.0,0.0,0.0,0.0,0.0,4.76,7
22500114,ORL,PHI,79.6,78.2,"('Jase Richardson', 'Wendell Carter Jr.')",0.5816666666666668,4,2,4,1,1,1,0,0,0,3,0,2.0,2.76,0.0,0.0,0.0,2.0,0.0,0.0,0.0,0.0,4.76,7
22500114,ORL,PHI,79.6,78.2,"('Paolo Banchero', 'Wendell Carter Jr.')",0.5816666666666668,4,2,4,1,1,1,0,0,0,3,0,2.0,2.76,0.0,0.0,0.0,2.0,0.0,0.0,0.0,0.0,4.76,7
22500114,ORL,PHI,80.4,78.2,"('Anthony Black', 'Franz Wagner')",1.455,4,4,8,1,1,1,2,1,1,0,1,6.0,5.44,4.0,2.0,0.0,4.0,3.0,0.0,0.0,4.0,11.44,7
22500114,ORL,PHI,80.4,78.2,"('Anthony Black', 'Jalen Suggs')",1.455,4,4,8,1,1,1,2,1,1,0,1,6.0,5.44,4.0,2.0,0.0,4.0,3.0,0.0,0.0,4.0,11.44,7
22500114,ORL,PHI,80.4,78.2,"('Anthony Black', 'Paolo Banchero')",1.455,4,4,8,1,1,1,2,1,1,0,1,6.0,5.44,4.0,2.0,0.0,4.0,3.0,0.0,0.0,4.0,11.44,7
22500114,ORL,PHI,80.4,78.2,"('Anthony Black', 'Wendell Carter Jr.')",1.455,4,4,8,1,1,1,2,1,1,0,1,6.0,5.44,4.0,2.0,0.0,4.0,3.0,0.0,0.0,4.0,11.44,7
22500114,ORL,PHI,80.4,78.2,"('Franz Wagner', 'Jalen Suggs')",1.455,4,4,8,1,1,1,2,1,1,0,1,6.0,5.44,4.0,2.0,0.0,4.0,3.0,0.0,0.0,4.0,11.44,7
22500114,ORL,PHI,80.4,78.2,"('Franz Wagner', 'Paolo Banchero')",1.455,4,4,8,1,1,1,2,1,1,0,1,6.0,5.44,4.0,2.0,0.0,4.0,3.0,0.0,0.0,4.0,11.44,7
22500114,ORL,PHI,80.4,78.2,"('Franz Wagner', 'Wendell Carter Jr.')",1.455,4,4,8,1,1,1,2,1,1,0,1,6.0,5.44,4.0,2.0,0.0,4.0,3.0,0.0,0.0,4.0,11.44,7
22500114,ORL,PHI,80.4,78.2,"('Jalen Suggs', 'Paolo Banchero')",1.455,4,4,8,1,1,1,2,1,1,0,1,6.0,5.44,4.0,2.0,0.0,4.0,3.0,0.0,0.0,4.0,11.44,7
22500114,ORL,PHI,80.4,78.2,"('Jalen Suggs', 'Wendell Carter Jr.')",1.455,4,4,8,1,1,1,2,1,1,0,1,6.0,5.44,4.0,2.0,0.0,4.0,3.0,0.0,0.0,4.0,11.44,7
22500114,ORL,PHI,80.4,78.2,"('Paolo Banchero', 'Wendell Carter Jr.')",1.455,4,4,8,1,1,1,2,1,1,0,1,6.0,5.44,4.0,2.0,0.0,4.0,3.0,0.0,0.0,4.0,11.44,7
22500114,ORL,PHI,80.2,78.2,"('Desmond Bane', 'Franz Wagner')",3.699999999999999,1,8,14,5,4,2,3,2,0,1,2,9.44,7.88,0.0,0.0,3.0,4.0,0.0,8.0,0.0,4.0,17.32,7
22500114,ORL,PHI,80.2,78.2,"('Desmond Bane', 'Jalen Suggs')",3.699999999999999,1,8,14,5,4,2,3,2,0,1,2,9.44,7.88,0.0,0.0,3.0,4.0,0.0,8.0,0.0,4.0,17.32,7
22500114,ORL,PHI,80.2,78.2,"('Desmond Bane', 'Paolo Banchero')",3.699999999999999,1,8,14,5,4,2,3,2,0,1,2,9.44,7.88,0.0,0.0,3.0,4.0,0.0,8.0,0.0,4.0,17.32,7
22500114,ORL,PHI,80.2,78.2,"('Desmond Bane', 'Wendell Carter Jr.')",3.699999999999999,1,8,14,5,4,2,3,2,0,1,2,9.44,7.88,0.0,0.0,3.0,4.0,0.0,8.0,0.0,4.0,17.32,7
22500114,ORL,PHI,80.2,78.2,"('Franz Wagner', 'Jalen Suggs')",3.699999999999999,1,8,14,5,4,2,3,2,0,1,2,9.44,7.88,0.0,0.0,3.0,4.0,0.0,8.0,0.0,4.0,17.32,7
22500114,ORL,PHI,80.2,78.2,"('Franz Wagner', 'Paolo Banchero')",3.699999999999999,1,8,14,5,4,2,3,2,0,1,2,9.44,7.88,0.0,0.0,3.0,4.0,0.0,8.0,0.0,4.0,17.32,7
22500114,ORL,PHI,80.2,78.2,"('Franz Wagner', 'Wendell Carter Jr.')",3.699999999999999,1,8,14,5,4,2,3,2,0,1,2,9.44,7.88,0.0,0.0,3.0,4.0,0.0,8.0,0.0,4.0,17.32,7
22500114,ORL,PHI,80.2,78.2,"('Jalen Suggs', 'Paolo Banchero')",3.699999999999999,1,8,14,5,4,2,3,2,0,1,2,9.44,7.88,0.0,0.0,3.0,4.0,0.0,8.0,0.0,4.0,17.32,7
22500114,ORL,PHI,80.2,78.2,"('Jalen Suggs', 'Wendell Carter Jr.')",3.699999999999999,1,8,14,5,4,2,3,2,0,1,2,9.44,7.88,0.0,0.0,3.0,4.0,0.0,8.0,0.0,4.0,17.32,7
22500114,ORL,PHI,80.2,78.2,"('Paolo Banchero', 'Wendell Carter Jr.')",3.699999999999999,1,8,14,5,4,2,3,2,0,1,2,9.44,7.88,0.0,0.0,3.0,4.0,0.0,8.0,0.0,4.0,17.32,7
22500114,ORL,PHI,80.4,77.4,"('Anthony Black', 'Desmond Bane')",2.6666666666666674,2,5,6,3,1,0,1,1,0,1,6,7.2,6.44,0.0,0.0,0.0,0.0,0.0,0.0,0.0,2.0,13.64,7
22500114,ORL,PHI,80.4,77.4,"('Anthony Black', 'Franz Wagner')",2.6666666666666674,2,5,6,3,1,0,1,1,0,1,6,7.2,6.44,0.0,0.0,0.0,0.0,0.0,0.0,0.0,2.0,13.64,7
22500114,ORL,PHI,80.4,77.4,"('Anthony Black', 'Goga Bitadze')",2.6666666666666674,2,5,6,3,1,0,1,1,0,1,6,7.2,6.44,0.0,0.0,0.0,0.0,0.0,0.0,0.0,2.0,13.64,7
22500114,ORL,PHI,80.4,77.4,"('Anthony Black', 'Tristan da Silva')",2.6666666666666674,2,5,6,3,1,0,1,1,0,1,6,7.2,6.44,0.0,0.0,0.0,0.0,0.0,0.0,0.0,2.0,13.64,7
22500114,ORL,PHI,80.4,77.4,"('Desmond Bane', 'Franz Wagner')",2.6666666666666674,2,5,6,3,1,0,1,1,0,1,6,7.2,6.44,0.0,0.0,0.0,0.0,0.0,0.0,0.0,2.0,13.64,7
22500114,ORL,PHI,80.4,77.4,"('Desmond Bane', 'Goga Bitadze')",2.6666666666666674,2,5,6,3,1,0,1,1,0,1,6,7.2,6.44,0.0,0.0,0.0,0.0,0.0,0.0,0.0,2.0,13.64,7
22500114,ORL,PHI,80.4,77.4,"('Desmond Bane', 'Tristan da Silva')",2.6666666666666674,2,5,6,3,1,0,1,1,0,1,6,7.2,6.44,0.0,0.0,0.0,0.0,0.0,0.0,0.0,2.0,13.64,7
22500114,ORL,PHI,80.4,77.4,"('Franz Wagner', 'Goga Bitadze')",2.6666666666666674,2,5,6,3,1,0,1,1,0,1,6,7.2,6.44,0.0,0.0,0.0,0.0,0.0,0.0,0.0,2.0,13.64,7
22500114,ORL,PHI,80.4,77.4,"('Franz Wagner', 'Tristan da Silva')",2.6666666666666674,2,5,6,3,1,0,1,1,0,1,6,7.2,6.44,0.0,0.0,0.0,0.0,0.0,0.0,0.0,2.0,13.64,7
22500114,ORL,PHI,80.4,77.4,"('Goga Bitadze', 'Tristan da Silva')",2.6666666666666674,2,5,6,3,1,0,1,1,0,1,6,7.2,6.44,0.0,0.0,0.0,0.0,0.0,0.0,0.0,2.0,13.64,7
22500114,ORL,PHI,80.6,78.2,"('Anthony Black', 'Desmond Bane')",1.3833333333333333,2,5,5,2,0,0,0,1,0,0,0,3.44,3.0,0.0,0.0,2.0,4.0,0.0,0.0,0.0,2.0,6.44,7
22500114,ORL,PHI,80.6,78.2,"('Anthony Black', 'Franz Wagner')",1.3833333333333333,2,5,5,2,0,0,0,1,0,0,0,3.44,3.0,0.0,0.0,2.0,4.0,0.0,0.0,0.0,2.0,6.44,7
22500114,ORL,PHI,80.6,78.2,"('Anthony Black', 'Paolo Banchero')",1.3833333333333333,2,5,5,2,0,0,0,1,0,0,0,3.44,3.0,0.0,0.0,2.0,4.0,0.0,0.0,0.0,2.0,6.44,7
22500114,ORL,PHI,80.6,78.2,"('Anthony Black', 'Wendell Carter Jr.')",1.3833333333333333,2,5,5,2,0,0,0,1,0,0,0,3.44,3.0,0.0,0.0,2.0,4.0,0.0,0.0,0.0,2.0,6.44,7
22500114,ORL,PHI,80.6,78.2,"('Desmond Bane', 'Franz Wagner')",1.3833333333333333,2,5,5,2,0,0,0,1,0,0,0,3.44,3.0,0.0,0.0,2.0,4.0,0.0,0.0,0.0,2.0,6.44,7
22500114,ORL,PHI,80.6,78.2,"('Desmond Bane', 'Paolo Banchero')",1.3833333333333333,2,5,5,2,0,0,0,1,0,0,0,3.44,3.0,0.0,0.0,2.0,4.0,0.0,0.0,0.0,2.0,6.44,7
22500114,ORL,PHI,80.6,78.2,"('Desmond Bane', 'Wendell Carter Jr.')",1.3833333333333333,2,5,5,2,0,0,0,1,0,0,0,3.44,3.0,0.0,0.0,2.0,4.0,0.0,0.0,0.0,2.0,6.44,7
22500114,ORL,PHI,80.6,78.2,"('Franz Wagner', 'Paolo Banchero')",1.3833333333333333,2,5,5,2,0,0,0,1,0,0,0,3.44,3.0,0.0,0.0,2.0,4.0,0.0,0.0,0.0,2.0,6.44,7
22500114,ORL,PHI,80.6,78.2,"('Franz Wagner', 'Wendell Carter Jr.')",1.3833333333333333,2,5,5,2,0,0,0,1,0,0,0,3.44,3.0,0.0,0.0,2.0,4.0,0.0,0.0,0.0,2.0,6.44,7
22500114,ORL,PHI,80.6,78.2,"('Paolo Banchero', 'Wendell Carter Jr.')",1.3833333333333333,2,5,5,2,0,0,0,1,0,0,0,3.44,3.0,0.0,0.0,2.0,4.0,0.0,0.0,0.0,2.0,6.44,7
22500114,ORL,PHI,80.2,78.2,"('Anthony Black', 'Desmond Bane')",1.9,2,6,7,2,1,1,2,0,0,0,1,3.44,4.0,0.0,0.0,3.0,0.0,0.0,2.0,0.0,4.0,7.439999999999999,7
22500114,ORL,PHI,80.2,78.2,"('Anthony Black', 'Goga Bitadze')",1.9,2,6,7,2,1,1,2,0,0,0,1,3.44,4.0,0.0,0.0,3.0,0.0,0.0,2.0,0.0,4.0,7.439999999999999,7
22500114,ORL,PHI,80.2,78.2,"('Anthony Black', 'Noah Penda')",1.9,2,6,7,2,1,1,2,0,0,0,1,3.44,4.0,0.0,0.0,3.0,0.0,0.0,2.0,0.0,4.0,7.439999999999999,7
22500114,ORL,PHI,80.2,78.2,"('Anthony Black', 'Paolo Banchero')",1.9,2,6,7,2,1,1,2,0,0,0,1,3.44,4.0,0.0,0.0,3.0,0.0,0.0,2.0,0.0,4.0,7.439999999999999,7
22500114,ORL,PHI,80.2,78.2,"('Desmond Bane', 'Goga Bitadze')",1.9,2,6,7,2,1,1,2,0,0,0,1,3.44,4.0,0.0,0.0,3.0,0.0,0.0,2.0,0.0,4.0,7.439999999999999,7
22500114,ORL,PHI,80.2,78.2,"('Desmond Bane', 'Noah Penda')",1.9,2,6,7,2,1,1,2,0,0,0,1,3.44,4.0,0.0,0.0,3.0,0.0,0.0,2.0,0.0,4.0,7.439999999999999,7
22500114,ORL,PHI,80.2,78.2,"('Desmond Bane', 'Paolo Banchero')",1.9,2,6,7,2,1,1,2,0,0,0,1,3.44,4.0,0.0,0.0,3.0,0.0,0.0,2.0,0.0,4.0,7.439999999999999,7
22500114,ORL,PHI,80.2,78.2,"('Goga Bitadze', 'Noah Penda')",1.9,2,6,7,2,1,1,2,0,0,0,1,3.44,4.0,0.0,0.0,3.0,0.0,0.0,2.0,0.0,4.0,7.439999999999999,7
22500114,ORL,PHI,80.2,78.2,"('Goga Bitadze', 'Paolo Banchero')",1.9,2,6,7,2,1,1,2,0,0,0,1,3.44,4.0,0.0,0.0,3.0,0.0,0.0,2.0,0.0,4.0,7.439999999999999,7
22500114,ORL,PHI,80.2,78.2,"('Noah Penda', 'Paolo Banchero')",1.9,2,6,7,2,1,1,2,0,0,0,1,3.44,4.0,0.0,0.0,3.0,0.0,0.0,2.0,0.0,4.0,7.439999999999999,7
22500114,ORL,PHI,78.8,78.2,"('Anthony Black', 'Noah Penda')",1.5166666666666666,2,2,4,1,0,0,1,1,0,1,1,3.0,1.88,0.0,0.0,2.0,2.0,0.0,0.0,0.0,2.0,4.88,7
22500114,ORL,PHI,78.8,78.2,"('Anthony Black', 'Paolo Banchero')",1.5166666666666666,2,2,4,1,0,0,1,1,0,1,1,3.0,1.88,0.0,0.0,2.0,2.0,0.0,0.0,0.0,2.0,4.88,7
22500114,ORL,PHI,78.8,78.2,"('Anthony Black', 'Tyus Jones')",1.5166666666666666,2,2,4,1,0,0,1,1,0,1,1,3.0,1.88,0.0,0.0,2.0,2.0,0.0,0.0,0.0,2.0,4.88,7
22500114,ORL,PHI,78.8,78.2,"('Anthony Black', 'Wendell Carter Jr.')",1.5166666666666666,2,2,4,1,0,0,1,1,0,1,1,3.0,1.88,0.0,0.0,2.0,2.0,0.0,0.0,0.0,2.0,4.88,7
22500114,ORL,PHI,78.8,78.2,"('Noah Penda', 'Paolo Banchero')",1.5166666666666666,2,2,4,1,0,0,1,1,0,1,1,3.0,1.88,0.0,0.0,2.0,2.0,0.0,0.0,0.0,2.0,4.88,7
22500114,ORL,PHI,78.8,78.2,"('Noah Penda', 'Tyus Jones')",1.5166666666666666,2,2,4,1,0,0,1,1,0,1,1,3.0,1.88,0.0,0.0,2.0,2.0,0.0,0.0,0.0,2.0,4.88,7
22500114,ORL,PHI,78.8,78.2,"('Noah Penda', 'Wendell Carter Jr.')",1.5166666666666666,2,2,4,1,0,0,1,1,0,1,1,3.0,1.88,0.0,0.0,2.0,2.0,0.0,0.0,0.0,2.0,4.88,7
22500114,ORL,PHI,78.8,78.2,"('Paolo Banchero', 'Tyus Jones')",1.5166666666666666,2,2,4,1,0,0,1,1,0,1,1,3.0,1.88,0.0,0.0,2.0,2.0,0.0,0.0,0.0,2.0,4.88,7
22500114,ORL,PHI,78.8,78.2,"('Paolo Banchero', 'Wendell Carter Jr.')",1.5166666666666666,2,2,4,1,0,0,1,1,0,1,1,3.0,1.88,0.0,0.0,2.0,2.0,0.0,0.0,0.0,2.0,4.88,7
22500114,ORL,PHI,78.8,78.2,"('Tyus Jones', 'Wendell Carter Jr.')",1.5166666666666666,2,2,4,1,0,0,1,1,0,1,1,3.0,1.88,0.0,0.0,2.0,2.0,0.0,0.0,0.0,2.0,4.88,7
22500114,ORL,PHI,80.0,78.2,"('Anthony Black', 'Desmond Bane')",0.3833333333333333,2,1,3,0,0,0,1,1,0,0,0,1.44,1.0,0.0,0.0,0.0,0.0,0.0,0.0,0.0,0.0,2.44,7
22500114,ORL,PHI,80.0,78.2,"('Anthony Black', 'Noah Penda')",0.3833333333333333,2,1,3,0,0,0,1,1,0,0,0,1.44,1.0,0.0,0.0,0.0,0.0,0.0,0.0,0.0,0.0,2.44,7
22500114,ORL,PHI,80.0,78.2,"('Anthony Black', 'Paolo Banchero')",0.3833333333333333,2,1,3,0,0,0,1,1,0,0,0,1.44,1.0,0.0,0.0,0.0,0.0,0.0,0.0,0.0,0.0,2.44,7
22500114,ORL,PHI,80.0,78.2,"('Anthony Black', 'Wendell Carter Jr.')",0.3833333333333333,2,1,3,0,0,0,1,1,0,0,0,1.44,1.0,0.0,0.0,0.0,0.0,0.0,0.0,0.0,0.0,2.44,7
22500114,ORL,PHI,80.0,78.2,"('Desmond Bane', 'Noah Penda')",0.3833333333333333,2,1,3,0,0,0,1,1,0,0,0,1.44,1.0,0.0,0.0,0.0,0.0,0.0,0.0,0.0,0.0,2.44,7
22500114,ORL,PHI,80.0,78.2,"('Desmond Bane', 'Paolo Banchero')",0.3833333333333333,2,1,3,0,0,0,1,1,0,0,0,1.44,1.0,0.0,0.0,0.0,0.0,0.0,0.0,0.0,0.0,2.44,7
22500114,ORL,PHI,80.0,78.2,"('Desmond Bane', 'Wendell Carter Jr.')",0.3833333333333333,2,1,3,0,0,0,1,1,0,0,0,1.44,1.0,0.0,0.0,0.0,0.0,0.0,0.0,0.0,0.0,2.44,7
22500114,ORL,PHI,80.0,78.2,"('Noah Penda', 'Paolo Banchero')",0.3833333333333333,2,1,3,0,0,0,1,1,0,0,0,1.44,1.0,0.0,0.0,0.0,0.0,0.0,0.0,0.0,0.0,2.44,7
22500114,ORL,PHI,80.0,78.2,"('Noah Penda', 'Wendell Carter Jr.')",0.3833333333333333,2,1,3,0,0,0,1,1,0,0,0,1.44,1.0,0.0,0.0,0.0,0.0,0.0,0.0,0.0,0.0,2.44,7
22500114,ORL,PHI,80.0,78.2,"('Paolo Banchero', 'Wendell Carter Jr.')",0.3833333333333333,2,1,3,0,0,0,1,1,0,0,0,1.44,1.0,0.0,0.0,0.0,0.0,0.0,0.0,0.0,0.0,2.44,7
22500114,ORL,PHI,80.2,78.2,"('Desmond Bane', 'Franz Wagner')",3.5500000000000007,3,8,9,4,6,2,0,0,0,3,3,7.0,8.44,2.0,0.0,2.0,6.0,0.0,2.0,4.0,8.0,15.44,7
22500114,ORL,PHI,80.2,78.2,"('Desmond Bane', 'Jalen Suggs')",3.5500000000000007,3,8,9,4,6,2,0,0,0,3,3,7.0,8.44,2.0,0.0,2.0,6.0,0.0,2.0,4.0,8.0,15.44,7
22500114,ORL,PHI,80.2,78.2,"('Desmond Bane', 'Paolo Banchero')",3.5500000000000007,3,8,9,4,6,2,0,0,0,3,3,7.0,8.44,2.0,0.0,2.0,6.0,0.0,2.0,4.0,8.0,15.44,7
22500114,ORL,PHI,80.2,78.2,"('Desmond Bane', 'Wendell Carter Jr.')",3.5500000000000007,3,8,9,4,6,2,0,0,0,3,3,7.0,8.44,2.0,0.0,2.0,6.0,0.0,2.0,4.0,8.0,15.44,7
22500114,ORL,PHI,80.2,78.2,"('Franz Wagner', 'Jalen Suggs')",3.5500000000000007,3,8,9,4,6,2,0,0,0,3,3,7.0,8.44,2.0,0.0,2.0,6.0,0.0,2.0,4.0,8.0,15.44,7
22500114,ORL,PHI,80.2,78.2,"('Franz Wagner', 'Paolo Banchero')",3.5500000000000007,3,8,9,4,6,2,0,0,0,3,3,7.0,8.44,2.0,0.0,2.0,6.0,0.0,2.0,4.0,8.0,15.44,7
22500114,ORL,PHI,80.2,78.2,"('Franz Wagner', 'Wendell Carter Jr.')",3.5500000000000007,3,8,9,4,6,2,0,0,0,3,3,7.0,8.44,2.0,0.0,2.0,6.0,0.0,2.0,4.0,8.0,15.44,7
22500114,ORL,PHI,80.2,78.2,"('Jalen Suggs', 'Paolo Banchero')",3.5500000000000007,3,8,9,4,6,2,0,0,0,3,3,7.0,8.44,2.0,0.0,2.0,6.0,0.0,2.0,4.0,8.0,15.44,7
22500114,ORL,PHI,80.2,78.2,"('Jalen Suggs', 'Wendell Carter Jr.')",3.5500000000000007,3,8,9,4,6,2,0,0,0,3,3,7.0,8.44,2.0,0.0,2.0,6.0,0.0,2.0,4.0,8.0,15.44,7
22500114,ORL,PHI,80.2,78.2,"('Paolo Banchero', 'Wendell Carter Jr.')",3.5500000000000007,3,8,9,4,6,2,0,0,0,3,3,7.0,8.44,2.0,0.0,2.0,6.0,0.0,2.0,4.0,8.0,15.44,7
22500114,ORL,PHI,79.4,78.2,"('Anthony Black', 'Franz Wagner')",0.25,2,1,0,0,0,0,0,0,0,0,1,0.44,1.0,0.0,0.0,0.0,0.0,0.0,0.0,0.0,0.0,1.44,7
22500114,ORL,PHI,79.4,78.2,"('Anthony Black', 'Paolo Banchero')",0.25,2,1,0,0,0,0,0,0,0,0,1,0.44,1.0,0.0,0.0,0.0,0.0,0.0,0.0,0.0,0.0,1.44,7
22500114,ORL,PHI,79.4,78.2,"('Anthony Black', 'Tyus Jones')",0.25,2,1,0,0,0,0,0,0,0,0,1,0.44,1.0,0.0,0.0,0.0,0.0,0.0,0.0,0.0,0.0,1.44,7
22500114,ORL,PHI,79.4,78.2,"('Anthony Black', 'Wendell Carter Jr.')",0.25,2,1,0,0,0,0,0,0,0,0,1,0.44,1.0,0.0,0.0,0.0,0.0,0.0,0.0,0.0,0.0,1.44,7
22500114,ORL,PHI,79.4,78.2,"('Franz Wagner', 'Paolo Banchero')",0.25,2,1,0,0,0,0,0,0,0,0,1,0.44,1.0,0.0,0.0,0.0,0.0,0.0,0.0,0.0,0.0,1.44,7
22500114,ORL,PHI,79.4,78.2,"('Franz Wagner', 'Tyus Jones')",0.25,2,1,0,0,0,0,0,0,0,0,1,0.44,1.0,0.0,0.0,0.0,0.0,0.0,0.0,0.0,0.0,1.44,7
22500114,ORL,PHI,79.4,78.2,"('Franz Wagner', 'Wendell Carter Jr.')",0.25,2,1,0,0,0,0,0,0,0,0,1,0.44,1.0,0.0,0.0,0.0,0.0,0.0,0.0,0.0,0.0,1.44,7
22500114,ORL,PHI,79.4,78.2,"('Paolo Banchero', 'Tyus Jones')",0.25,2,1,0,0,0,0,0,0,0,0,1,0.44,1.0,0.0,0.0,0.0,0.0,0.0,0.0,0.0,0.0,1.44,7
22500114,ORL,PHI,79.4,78.2,"('Paolo Banchero', 'Wendell Carter Jr.')",0.25,2,1,0,0,0,0,0,0,0,0,1,0.44,1.0,0.0,0.0,0.0,0.0,0.0,0.0,0.0,0.0,1.44,7
22500114,ORL,PHI,79.4,78.2,"('Tyus Jones', 'Wendell Carter Jr.')",0.25,2,1,0,0,0,0,0,0,0,0,1,0.44,1.0,0.0,0.0,0.0,0.0,0.0,0.0,0.0,0.0,1.44,7
22500114,ORL,PHI,79.0,78.4,"('Anthony Black', 'Paolo Banchero')",0.7833333333333332,3,3,3,2,0,1,0,0,0,0,2,2.44,1.44,0.0,0.0,0.0,2.0,0.0,0.0,0.0,2.0,3.88,7
22500114,ORL,PHI,79.0,78.4,"('Anthony Black', 'Tristan da Silva')",0.7833333333333332,3,3,3,2,0,1,0,0,0,0,2,2.44,1.44,0.0,0.0,0.0,2.0,0.0,0.0,0.0,2.0,3.88,7
22500114,ORL,PHI,79.0,78.4,"('Anthony Black', 'Tyus Jones')",0.7833333333333332,3,3,3,2,0,1,0,0,0,0,2,2.44,1.44,0.0,0.0,0.0,2.0,0.0,0.0,0.0,2.0,3.88,7
22500114,ORL,PHI,79.0,78.4,"('Anthony Black', 'Wendell Carter Jr.')",0.7833333333333332,3,3,3,2,0,1,0,0,0,0,2,2.44,1.44,0.0,0.0,0.0,2.0,0.0,0.0,0.0,2.0,3.88,7
22500114,ORL,PHI,79.0,78.4,"('Paolo Banchero', 'Tristan da Silva')",0.7833333333333332,3,3,3,2,0,1,0,0,0,0,2,2.44,1.44,0.0,0.0,0.0,2.0,0.0,0.0,0.0,2.0,3.88,7
22500114,ORL,PHI,79.0,78.4,"('Paolo Banchero', 'Tyus Jones')",0.7833333333333332,3,3,3,2,0,1,0,0,0,0,2,2.44,1.44,0.0,0.0,0.0,2.0,0.0,0.0,0.0,2.0,3.88,7
22500114,ORL,PHI,79.0,78.4,"('Paolo Banchero', 'Wendell Carter Jr.')",0.7833333333333332,3,3,3,2,0,1,0,0,0,0,2,2.44,1.44,0.0,0.0,0.0,2.0,0.0,0.0,0.0,2.0,3.88,7
22500114,ORL,PHI,79.0,78.4,"('Tristan da Silva', 'Tyus Jones')",0.7833333333333332,3,3,3,2,0,1,0,0,0,0,2,2.44,1.44,0.0,0.0,0.0,2.0,0.0,0.0,0.0,2.0,3.88,7
22500114,ORL,PHI,79.0,78.4,"('Tristan da Silva', 'Wendell Carter Jr.')",0.7833333333333332,3,3,3,2,0,1,0,0,0,0,2,2.44,1.44,0.0,0.0,0.0,2.0,0.0,0.0,0.0,2.0,3.88,7
22500114,ORL,PHI,79.0,78.4,"('Tyus Jones', 'Wendell Carter Jr.')",0.7833333333333332,3,3,3,2,0,1,0,0,0,0,2,2.44,1.44,0.0,0.0,0.0,2.0,0.0,0.0,0.0,2.0,3.88,7
22500114,ORL,PHI,78.8,78.4,"('Franz Wagner', 'Goga Bitadze')",0.9416666666666668,1,2,3,1,2,0,0,0,1,0,2,2.88,3.0,0.0,0.0,0.0,0.0,0.0,0.0,0.0,0.0,5.88,7
22500114,ORL,PHI,78.8,78.4,"('Franz Wagner', 'Jalen Suggs')",0.9416666666666668,1,2,3,1,2,0,0,0,1,0,2,2.88,3.0,0.0,0.0,0.0,0.0,0.0,0.0,0.0,0.0,5.88,7
22500114,ORL,PHI,78.8,78.4,"('Franz Wagner', 'Tristan da Silva')",0.9416666666666668,1,2,3,1,2,0,0,0,1,0,2,2.88,3.0,0.0,0.0,0.0,0.0,0.0,0.0,0.0,0.0,5.88,7
22500114,ORL,PHI,78.8,78.4,"('Franz Wagner', 'Tyus Jones')",0.9416666666666668,1,2,3,1,2,0,0,0,1,0,2,2.88,3.0,0.0,0.0,0.0,0.0,0.0,0.0,0.0,0.0,5.88,7
22500114,ORL,PHI,78.8,78.4,"('Goga Bitadze', 'Jalen Suggs')",0.9416666666666668,1,2,3,1,2,0,0,0,1,0,2,2.88,3.0,0.0,0.0,0.0,0.0,0.0,0.0,0.0,0.0,5.88,7
22500114,ORL,PHI,78.8,78.4,"('Goga Bitadze', 'Tristan da Silva')",0.9416666666666668,1,2,3,1,2,0,0,0,1,0,2,2.88,3.0,0.0,0.0,0.0,0.0,0.0,0.0,0.0,0.0,5.88,7
22500114,ORL,PHI,78.8,78.4,"('Goga Bitadze', 'Tyus Jones')",0.9416666666666668,1,2,3,1,2,0,0,0,1,0,2,2.88,3.0,0.0,0.0,0.0,0.0,0.0,0.0,0.0,0.0,5.88,7
22500114,ORL,PHI,78.8,78.4,"('Jalen Suggs', 'Tristan da Silva')",0.9416666666666668,1,2,3,1,2,0,0,0,1,0,2,2.88,3.0,0.0,0.0,0.0,0.0,0.0,0.0,0.0,0.0,5.88,7
22500114,ORL,PHI,78.8,78.4,"('Jalen Suggs', 'Tyus Jones')",0.9416666666666668,1,2,3,1,2,0,0,0,1,0,2,2.88,3.0,0.0,0.0,0.0,0.0,0.0,0.0,0.0,0.0,5.88,7
22500114,ORL,PHI,78.8,78.4,"('Tristan da Silva', 'Tyus Jones')",0.9416666666666668,1,2,3,1,2,0,0,0,1,0,2,2.88,3.0,0.0,0.0,0.0,0.0,0.0,0.0,0.0,0.0,5.88,7
22500129,ORL,DET,79.0,78.8,"('Anthony Black', 'Franz Wagner')",0.55,4,0,5,0,1,0,0,0,0,2,0,1.0,2.44,0.0,0.0,0.0,0.0,0.0,2.0,0.0,4.0,3.44,8
22500129,ORL,DET,79.0,78.8,"('Anthony Black', 'Jonathan Isaac')",0.55,4,0,5,0,1,0,0,0,0,2,0,1.0,2.44,0.0,0.0,0.0,0.0,0.0,2.0,0.0,4.0,3.44,8
22500129,ORL,DET,79.0,78.8,"('Anthony Black', 'Tristan da Silva')",0.55,4,0,5,0,1,0,0,0,0,2,0,1.0,2.44,0.0,0.0,0.0,0.0,0.0,2.0,0.0,4.0,3.44,8
22500129,ORL,DET,79.0,78.8,"('Anthony Black', 'Tyus Jones')",0.55,4,0,5,0,1,0,0,0,0,2,0,1.0,2.44,0.0,0.0,0.0,0.0,0.0,2.0,0.0,4.0,3.44,8
22500129,ORL,DET,79.0,78.8,"('Franz Wagner', 'Jonathan Isaac')",0.55,4,0,5,0,1,0,0,0,0,2,0,1.0,2.44,0.0,0.0,0.0,0.0,0.0,2.0,0.0,4.0,3.44,8
22500129,ORL,DET,79.0,78.8,"('Franz Wagner', 'Tristan da Silva')",0.55,4,0,5,0,1,0,0,0,0,2,0,1.0,2.44,0.0,0.0,0.0,0.0,0.0,2.0,0.0,4.0,3.44,8
22500129,ORL,DET,79.0,78.8,"('Franz Wagner', 'Tyus Jones')",0.55,4,0,5,0,1,0,0,0,0,2,0,1.0,2.44,0.0,0.0,0.0,0.0,0.0,2.0,0.0,4.0,3.44,8
22500129,ORL,DET,79.0,78.8,"('Jonathan Isaac', 'Tristan da Silva')",0.55,4,0,5,0,1,0,0,0,0,2,0,1.0,2.44,0.0,0.0,0.0,0.0,0.0,2.0,0.0,4.0,3.44,8
22500129,ORL,DET,79.0,78.8,"('Jonathan Isaac', 'Tyus Jones')",0.55,4,0,5,0,1,0,0,0,0,2,0,1.0,2.44,0.0,0.0,0.0,0.0,0.0,2.0,0.0,4.0,3.44,8
22500129,ORL,DET,79.0,78.8,"('Tristan da Silva', 'Tyus Jones')",0.55,4,0,5,0,1,0,0,0,0,2,0,1.0,2.44,0.0,0.0,0.0,0.0,0.0,2.0,0.0,4.0,3.44,8
22500129,ORL,DET,80.8,79.2,"('Anthony Black', 'Desmond Bane')",2.1666666666666665,4,8,5,1,0,0,1,0,2,0,3,3.88,5.0,0.0,2.0,0.0,6.0,0.0,0.0,0.0,2.0,8.879999999999999,8
22500129,ORL,DET,80.8,79.2,"('Anthony Black', 'Franz Wagner')",2.1666666666666665,4,8,5,1,0,0,1,0,2,0,3,3.88,5.0,0.0,2.0,0.0,6.0,0.0,0.0,0.0,2.0,8.879999999999999,8
22500129,ORL,DET,80.8,79.2,"('Anthony Black', 'Goga Bitadze')",2.1666666666666665,4,8,5,1,0,0,1,0,2,0,3,3.88,5.0,0.0,2.0,0.0,6.0,0.0,0.0,0.0,2.0,8.879999999999999,8
22500129,ORL,DET,80.8,79.2,"('Anthony Black', 'Paolo Banchero')",2.1666666666666665,4,8,5,1,0,0,1,0,2,0,3,3.88,5.0,0.0,2.0,0.0,6.0,0.0,0.0,0.0,2.0,8.879999999999999,8
22500129,ORL,DET,80.8,79.2,"('Desmond Bane', 'Franz Wagner')",2.1666666666666665,4,8,5,1,0,0,1,0,2,0,3,3.88,5.0,0.0,2.0,0.0,6.0,0.0,0.0,0.0,2.0,8.879999999999999,8
22500129,ORL,DET,80.8,79.2,"('Desmond Bane', 'Goga Bitadze')",2.1666666666666665,4,8,5,1,0,0,1,0,2,0,3,3.88,5.0,0.0,2.0,0.0,6.0,0.0,0.0,0.0,2.0,8.879999999999999,8
22500129,ORL,DET,80.8,79.2,"('Desmond Bane', 'Paolo Banchero')",2.1666666666666665,4,8,5,1,0,0,1,0,2,0,3,3.88,5.0,0.0,2.0,0.0,6.0,0.0,0.0,0.0,2.0,8.879999999999999,8
22500129,ORL,DET,80.8,79.2,"('Franz Wagner', 'Goga Bitadze')",2.1666666666666665,4,8,5,1,0,0,1,0,2,0,3,3.88,5.0,0.0,2.0,0.0,6.0,0.0,0.0,0.0,2.0,8.879999999999999,8
22500129,ORL,DET,80.8,79.2,"('Franz Wagner', 'Paolo Banchero')",2.1666666666666665,4,8,5,1,0,0,1,0,2,0,3,3.88,5.0,0.0,2.0,0.0,6.0,0.0,0.0,0.0,2.0,8.879999999999999,8
22500129,ORL,DET,80.8,79.2,"('Goga Bitadze', 'Paolo Banchero')",2.1666666666666665,4,8,5,1,0,0,1,0,2,0,3,3.88,5.0,0.0,2.0,0.0,6.0,0.0,0.0,0.0,2.0,8.879999999999999,8
22500129,ORL,DET,78.8,77.8,"('Jase Richardson', 'Jett Howard')",3.495,4,7,8,5,4,1,1,3,1,1,0,8.0,8.88,0.0,0.0,2.0,2.0,4.0,2.0,2.0,6.0,16.880000000000003,8
22500129,ORL,DET,78.8,77.8,"('Jase Richardson', 'Jonathan Isaac')",3.495,4,7,8,5,4,1,1,3,1,1,0,8.0,8.88,0.0,0.0,2.0,2.0,4.0,2.0,2.0,6.0,16.880000000000003,8
22500129,ORL,DET,78.8,77.8,"('Jase Richardson', 'Noah Penda')",3.495,4,7,8,5,4,1,1,3,1,1,0,8.0,8.88,0.0,0.0,2.0,2.0,4.0,2.0,2.0,6.0,16.880000000000003,8
22500129,ORL,DET,78.8,77.8,"('Jase Richardson', 'Tristan da Silva')",3.495,4,7,8,5,4,1,1,3,1,1,0,8.0,8.88,0.0,0.0,2.0,2.0,4.0,2.0,2.0,6.0,16.880000000000003,8
22500129,ORL,DET,78.8,77.8,"('Jett Howard', 'Jonathan Isaac')",3.495,4,7,8,5,4,1,1,3,1,1,0,8.0,8.88,0.0,0.0,2.0,2.0,4.0,2.0,2.0,6.0,16.880000000000003,8
22500129,ORL,DET,78.8,77.8,"('Jett Howard', 'Noah Penda')",3.495,4,7,8,5,4,1,1,3,1,1,0,8.0,8.88,0.0,0.0,2.0,2.0,4.0,2.0,2.0,6.0,16.880000000000003,8
22500129,ORL,DET,78.8,77.8,"('Jett Howard', 'Tristan da Silva')",3.495,4,7,8,5,4,1,1,3,1,1,0,8.0,8.88,0.0,0.0,2.0,2.0,4.0,2.0,2.0,6.0,16.880000000000003,8
22500129,ORL,DET,78.8,77.8,"('Jonathan Isaac', 'Noah Penda')",3.495,4,7,8,5,4,1,1,3,1,1,0,8.0,8.88,0.0,0.0,2.0,2.0,4.0,2.0,2.0,6.0,16.880000000000003,8
22500129,ORL,DET,78.8,77.8,"('Jonathan Isaac', 'Tristan da Silva')",3.495,4,7,8,5,4,1,1,3,1,1,0,8.0,8.88,0.0,0.0,2.0,2.0,4.0,2.0,2.0,6.0,16.880000000000003,8
22500129,ORL,DET,78.8,77.8,"('Noah Penda', 'Tristan da Silva')",3.495,4,7,8,5,4,1,1,3,1,1,0,8.0,8.88,0.0,0.0,2.0,2.0,4.0,2.0,2.0,6.0,16.880000000000003,8
22500129,ORL,DET,78.6,79.4,"('Franz Wagner', 'Jalen Suggs')",1.5833333333333333,4,5,5,0,1,0,2,0,0,0,1,3.3200000000000003,2.0,0.0,0.0,0.0,0.0,0.0,0.0,0.0,2.0,5.32,8
22500129,ORL,DET,78.6,79.4,"('Franz Wagner', 'Jonathan Isaac')",1.5833333333333333,4,5,5,0,1,0,2,0,0,0,1,3.3200000000000003,2.0,0.0,0.0,0.0,0.0,0.0,0.0,0.0,2.0,5.32,8
22500129,ORL,DET,78.6,79.4,"('Franz Wagner', 'Tristan da Silva')",1.5833333333333333,4,5,5,0,1,0,2,0,0,0,1,3.3200000000000003,2.0,0.0,0.0,0.0,0.0,0.0,0.0,0.0,2.0,5.32,8
22500129,ORL,DET,78.6,79.4,"('Franz Wagner', 'Tyus Jones')",1.5833333333333333,4,5,5,0,1,0,2,0,0,0,1,3.3200000000000003,2.0,0.0,0.0,0.0,0.0,0.0,0.0,0.0,2.0,5.32,8
22500129,ORL,DET,78.6,79.4,"('Jalen Suggs', 'Jonathan Isaac')",1.5833333333333333,4,5,5,0,1,0,2,0,0,0,1,3.3200000000000003,2.0,0.0,0.0,0.0,0.0,0.0,0.0,0.0,2.0,5.32,8
22500129,ORL,DET,78.6,79.4,"('Jalen Suggs', 'Tristan da Silva')",1.5833333333333333,4,5,5,0,1,0,2,0,0,0,1,3.3200000000000003,2.0,0.0,0.0,0.0,0.0,0.0,0.0,0.0,2.0,5.32,8
22500129,ORL,DET,78.6,79.4,"('Jalen Suggs', 'Tyus Jones')",1.5833333333333333,4,5,5,0,1,0,2,0,0,0,1,3.3200000000000003,2.0,0.0,0.0,0.0,0.0,0.0,0.0,0.0,2.0,5.32,8
22500129,ORL,DET,78.6,79.4,"('Jonathan Isaac', 'Tristan da Silva')",1.5833333333333333,4,5,5,0,1,0,2,0,0,0,1,3.3200000000000003,2.0,0.0,0.0,0.0,0.0,0.0,0.0,0.0,2.0,5.32,8
22500129,ORL,DET,78.6,79.4,"('Jonathan Isaac', 'Tyus Jones')",1.5833333333333333,4,5,5,0,1,0,2,0,0,0,1,3.3200000000000003,2.0,0.0,0.0,0.0,0.0,0.0,0.0,0.0,2.0,5.32,8
22500129,ORL,DET,78.6,79.4,"('Tristan da Silva', 'Tyus Jones')",1.5833333333333333,4,5,5,0,1,0,2,0,0,0,1,3.3200000000000003,2.0,0.0,0.0,0.0,0.0,0.0,0.0,0.0,2.0,5.32,8
22500129,ORL,DET,78.6,78.8,"('Anthony Black', 'Desmond Bane')",0.4,4,0,3,0,1,0,0,0,0,0,0,1.0,1.44,0.0,0.0,0.0,0.0,0.0,0.0,0.0,2.0,2.44,8
22500129,ORL,DET,78.6,78.8,"('Anthony Black', 'Franz Wagner')",0.4,4,0,3,0,1,0,0,0,0,0,0,1.0,1.44,0.0,0.0,0.0,0.0,0.0,0.0,0.0,2.0,2.44,8
22500129,ORL,DET,78.6,78.8,"('Anthony Black', 'Jonathan Isaac')",0.4,4,0,3,0,1,0,0,0,0,0,0,1.0,1.44,0.0,0.0,0.0,0.0,0.0,0.0,0.0,2.0,2.44,8
22500129,ORL,DET,78.6,78.8,"('Anthony Black', 'Tyus Jones')",0.4,4,0,3,0,1,0,0,0,0,0,0,1.0,1.44,0.0,0.0,0.0,0.0,0.0,0.0,0.0,2.0,2.44,8
22500129,ORL,DET,78.6,78.8,"('Desmond Bane', 'Franz Wagner')",0.4,4,0,3,0,1,0,0,0,0,0,0,1.0,1.44,0.0,0.0,0.0,0.0,0.0,0.0,0.0,2.0,2.44,8
22500129,ORL,DET,78.6,78.8,"('Desmond Bane', 'Jonathan Isaac')",0.4,4,0,3,0,1,0,0,0,0,0,0,1.0,1.44,0.0,0.0,0.0,0.0,0.0,0.0,0.0,2.0,2.44,8
22500129,ORL,DET,78.6,78.8,"('Desmond Bane', 'Tyus Jones')",0.4,4,0,3,0,1,0,0,0,0,0,0,1.0,1.44,0.0,0.0,0.0,0.0,0.0,0.0,0.0,2.0,2.44,8
22500129,ORL,DET,78.6,78.8,"('Franz Wagner', 'Jonathan Isaac')",0.4,4,0,3,0,1,0,0,0,0,0,0,1.0,1.44,0.0,0.0,0.0,0.0,0.0,0.0,0.0,2.0,2.44,8
22500129,ORL,DET,78.6,78.8,"('Franz Wagner', 'Tyus Jones')",0.4,4,0,3,0,1,0,0,0,0,0,0,1.0,1.44,0.0,0.0,0.0,0.0,0.0,0.0,0.0,2.0,2.44,8
22500129,ORL,DET,78.6,78.8,"('Jonathan Isaac', 'Tyus Jones')",0.4,4,0,3,0,1,0,0,0,0,0,0,1.0,1.44,0.0,0.0,0.0,0.0,0.0,0.0,0.0,2.0,2.44,8
22500129,ORL,DET,80.4,79.2,"('Desmond Bane', 'Franz Wagner')",2.5833333333333326,4,4,5,0,4,1,1,1,2,3,0,6.0,6.44,0.0,0.0,0.0,4.0,0.0,0.0,2.0,4.0,12.44,8
22500129,ORL,DET,80.4,79.2,"('Desmond Bane', 'Goga Bitadze')",2.5833333333333326,4,4,5,0,4,1,1,1,2,3,0,6.0,6.44,0.0,0.0,0.0,4.0,0.0,0.0,2.0,4.0,12.44,8
22500129,ORL,DET,80.4,79.2,"('Desmond Bane', 'Jalen Suggs')",2.5833333333333326,4,4,5,0,4,1,1,1,2,3,0,6.0,6.44,0.0,0.0,0.0,4.0,0.0,0.0,2.0,4.0,12.44,8
22500129,ORL,DET,80.4,79.2,"('Desmond Bane', 'Paolo Banchero')",2.5833333333333326,4,4,5,0,4,1,1,1,2,3,0,6.0,6.44,0.0,0.0,0.0,4.0,0.0,0.0,2.0,4.0,12.44,8
22500129,ORL,DET,80.4,79.2,"('Franz Wagner', 'Goga Bitadze')",2.5833333333333326,4,4,5,0,4,1,1,1,2,3,0,6.0,6.44,0.0,0.0,0.0,4.0,0.0,0.0,2.0,4.0,12.44,8
22500129,ORL,DET,80.4,79.2,"('Franz Wagner', 'Jalen Suggs')",2.5833333333333326,4,4,5,0,4,1,1,1,2,3,0,6.0,6.44,0.0,0.0,0.0,4.0,0.0,0.0,2.0,4.0,12.44,8
22500129,ORL,DET,80.4,79.2,"('Franz Wagner', 'Paolo Banchero')",2.5833333333333326,4,4,5,0,4,1,1,1,2,3,0,6.0,6.44,0.0,0.0,0.0,4.0,0.0,0.0,2.0,4.0,12.44,8
22500129,ORL,DET,80.4,79.2,"('Goga Bitadze', 'Jalen Suggs')",2.5833333333333326,4,4,5,0,4,1,1,1,2,3,0,6.0,6.44,0.0,0.0,0.0,4.0,0.0,0.0,2.0,4.0,12.44,8
22500129,ORL,DET,80.4,79.2,"('Goga Bitadze', 'Paolo Banchero')",2.5833333333333326,4,4,5,0,4,1,1,1,2,3,0,6.0,6.44,0.0,0.0,0.0,4.0,0.0,0.0,2.0,4.0,12.44,8
22500129,ORL,DET,80.4,79.2,"('Jalen Suggs', 'Paolo Banchero')",2.5833333333333326,4,4,5,0,4,1,1,1,2,3,0,6.0,6.44,0.0,0.0,0.0,4.0,0.0,0.0,2.0,4.0,12.44,8
22500129,ORL,DET,80.8,79.6,"('Anthony Black', 'Desmond Bane')",1.1333333333333333,2,3,2,2,0,0,1,1,0,0,1,3.0,3.0,0.0,0.0,0.0,0.0,2.0,2.0,0.0,2.0,6.0,8
22500129,ORL,DET,80.8,79.6,"('Anthony Black', 'Franz Wagner')",1.1333333333333333,2,3,2,2,0,0,1,1,0,0,1,3.0,3.0,0.0,0.0,0.0,0.0,2.0,2.0,0.0,2.0,6.0,8
22500129,ORL,DET,80.8,79.6,"('Anthony Black', 'Goga Bitadze')",1.1333333333333333,2,3,2,2,0,0,1,1,0,0,1,3.0,3.0,0.0,0.0,0.0,0.0,2.0,2.0,0.0,2.0,6.0,8
22500129,ORL,DET,80.8,79.6,"('Anthony Black', 'Paolo Banchero')",1.1333333333333333,2,3,2,2,0,0,1,1,0,0,1,3.0,3.0,0.0,0.0,0.0,0.0,2.0,2.0,0.0,2.0,6.0,8
22500129,ORL,DET,80.8,79.6,"('Desmond Bane', 'Franz Wagner')",1.1333333333333333,2,3,2,2,0,0,1,1,0,0,1,3.0,3.0,0.0,0.0,0.0,0.0,2.0,2.0,0.0,2.0,6.0,8
22500129,ORL,DET,80.8,79.6,"('Desmond Bane', 'Goga Bitadze')",1.1333333333333333,2,3,2,2,0,0,1,1,0,0,1,3.0,3.0,0.0,0.0,0.0,0.0,2.0,2.0,0.0,2.0,6.0,8
22500129,ORL,DET,80.8,79.6,"('Desmond Bane', 'Paolo Banchero')",1.1333333333333333,2,3,2,2,0,0,1,1,0,0,1,3.0,3.0,0.0,0.0,0.0,0.0,2.0,2.0,0.0,2.0,6.0,8
22500129,ORL,DET,80.8,79.6,"('Franz Wagner', 'Goga Bitadze')",1.1333333333333333,2,3,2,2,0,0,1,1,0,0,1,3.0,3.0,0.0,0.0,0.0,0.0,2.0,2.0,0.0,2.0,6.0,8
22500129,ORL,DET,80.8,79.6,"('Franz Wagner', 'Paolo Banchero')",1.1333333333333333,2,3,2,2,0,0,1,1,0,0,1,3.0,3.0,0.0,0.0,0.0,0.0,2.0,2.0,0.0,2.0,6.0,8
22500129,ORL,DET,80.8,79.6,"('Goga Bitadze', 'Paolo Banchero')",1.1333333333333333,2,3,2,2,0,0,1,1,0,0,1,3.0,3.0,0.0,0.0,0.0,0.0,2.0,2.0,0.0,2.0,6.0,8
22500129,ORL,DET,80.4,79.6,"('Desmond Bane', 'Franz Wagner')",2.221666666666667,2,2,7,0,4,0,2,1,0,1,1,3.88,3.44,0.0,0.0,0.0,0.0,0.0,0.0,3.0,0.0,7.32,8
22500129,ORL,DET,80.4,79.6,"('Desmond Bane', 'Goga Bitadze')",2.221666666666667,2,2,7,0,4,0,2,1,0,1,1,3.88,3.44,0.0,0.0,0.0,0.0,0.0,0.0,3.0,0.0,7.32,8
22500129,ORL,DET,80.4,79.6,"('Desmond Bane', 'Jalen Suggs')",2.221666666666667,2,2,7,0,4,0,2,1,0,1,1,3.88,3.44,0.0,0.0,0.0,0.0,0.0,0.0,3.0,0.0,7.32,8
22500129,ORL,DET,80.4,79.6,"('Desmond Bane', 'Paolo Banchero')",2.221666666666667,2,2,7,0,4,0,2,1,0,1,1,3.88,3.44,0.0,0.0,0.0,0.0,0.0,0.0,3.0,0.0,7.32,8
22500129,ORL,DET,80.4,79.6,"('Franz Wagner', 'Goga Bitadze')",2.221666666666667,2,2,7,0,4,0,2,1,0,1,1,3.88,3.44,0.0,0.0,0.0,0.0,0.0,0.0,3.0,0.0,7.32,8
22500129,ORL,DET,80.4,79.6,"('Franz Wagner', 'Jalen Suggs')",2.221666666666667,2,2,7,0,4,0,2,1,0,1,1,3.88,3.44,0.0,0.0,0.0,0.0,0.0,0.0,3.0,0.0,7.32,8
22500129,ORL,DET,80.4,79.6,"('Franz Wagner', 'Paolo Banchero')",2.221666666666667,2,2,7,0,4,0,2,1,0,1,1,3.88,3.44,0.0,0.0,0.0,0.0,0.0,0.0,3.0,0.0,7.32,8
22500129,ORL,DET,80.4,79.6,"('Goga Bitadze', 'Jalen Suggs')",2.221666666666667,2,2,7,0,4,0,2,1,0,1,1,3.88,3.44,0.0,0.0,0.0,0.0,0.0,0.0,3.0,0.0,7.32,8
22500129,ORL,DET,80.4,79.6,"('Goga Bitadze', 'Paolo Banchero')",2.221666666666667,2,2,7,0,4,0,2,1,0,1,1,3.88,3.44,0.0,0.0,0.0,0.0,0.0,0.0,3.0,0.0,7.32,8
22500129,ORL,DET,80.4,79.6,"('Jalen Suggs', 'Paolo Banchero')",2.221666666666667,2,2,7,0,4,0,2,1,0,1,1,3.88,3.44,0.0,0.0,0.0,0.0,0.0,0.0,3.0,0.0,7.32,8
22500129,ORL,DET,80.6,79.4,"('Anthony Black', 'Desmond Bane')",1.6333333333333333,2,5,6,0,2,2,2,1,1,1,0,4.0,4.88,0.0,0.0,0.0,2.0,2.0,2.0,0.0,4.0,8.879999999999999,8
22500129,ORL,DET,80.6,79.4,"('Anthony Black', 'Franz Wagner')",1.6333333333333333,2,5,6,0,2,2,2,1,1,1,0,4.0,4.88,0.0,0.0,0.0,2.0,2.0,2.0,0.0,4.0,8.879999999999999,8
22500129,ORL,DET,80.6,79.4,"('Anthony Black', 'Paolo Banchero')",1.6333333333333333,2,5,6,0,2,2,2,1,1,1,0,4.0,4.88,0.0,0.0,0.0,2.0,2.0,2.0,0.0,4.0,8.879999999999999,8
22500129,ORL,DET,80.6,79.4,"('Anthony Black', 'Wendell Carter Jr.')",1.6333333333333333,2,5,6,0,2,2,2,1,1,1,0,4.0,4.88,0.0,0.0,0.0,2.0,2.0,2.0,0.0,4.0,8.879999999999999,8
22500129,ORL,DET,80.6,79.4,"('Desmond Bane', 'Franz Wagner')",1.6333333333333333,2,5,6,0,2,2,2,1,1,1,0,4.0,4.88,0.0,0.0,0.0,2.0,2.0,2.0,0.0,4.0,8.879999999999999,8
22500129,ORL,DET,80.6,79.4,"('Desmond Bane', 'Paolo Banchero')",1.6333333333333333,2,5,6,0,2,2,2,1,1,1,0,4.0,4.88,0.0,0.0,0.0,2.0,2.0,2.0,0.0,4.0,8.879999999999999,8
22500129,ORL,DET,80.6,79.4,"('Desmond Bane', 'Wendell Carter Jr.')",1.6333333333333333,2,5,6,0,2,2,2,1,1,1,0,4.0,4.88,0.0,0.0,0.0,2.0,2.0,2.0,0.0,4.0,8.879999999999999,8
22500129,ORL,DET,80.6,79.4,"('Franz Wagner', 'Paolo Banchero')",1.6333333333333333,2,5,6,0,2,2,2,1,1,1,0,4.0,4.88,0.0,0.0,0.0,2.0,2.0,2.0,0.0,4.0,8.879999999999999,8
22500129,ORL,DET,80.6,79.4,"('Franz Wagner', 'Wendell Carter Jr.')",1.6333333333333333,2,5,6,0,2,2,2,1,1,1,0,4.0,4.88,0.0,0.0,0.0,2.0,2.0,2.0,0.0,4.0,8.879999999999999,8
22500129,ORL,DET,80.6,79.4,"('Paolo Banchero', 'Wendell Carter Jr.')",1.6333333333333333,2,5,6,0,2,2,2,1,1,1,0,4.0,4.88,0.0,0.0,0.0,2.0,2.0,2.0,0.0,4.0,8.879999999999999,8
22500129,ORL,DET,79.2,78.8,"('Anthony Black', 'Franz Wagner')",1.5333333333333332,2,2,2,2,3,0,1,0,0,0,3,4.88,3.0,0.0,0.0,0.0,0.0,0.0,0.0,0.0,2.0,7.88,8
22500129,ORL,DET,79.2,78.8,"('Anthony Black', 'Goga Bitadze')",1.5333333333333332,2,2,2,2,3,0,1,0,0,0,3,4.88,3.0,0.0,0.0,0.0,0.0,0.0,0.0,0.0,2.0,7.88,8
22500129,ORL,DET,79.2,78.8,"('Anthony Black', 'Tristan da Silva')",1.5333333333333332,2,2,2,2,3,0,1,0,0,0,3,4.88,3.0,0.0,0.0,0.0,0.0,0.0,0.0,0.0,2.0,7.88,8
22500129,ORL,DET,79.2,78.8,"('Anthony Black', 'Tyus Jones')",1.5333333333333332,2,2,2,2,3,0,1,0,0,0,3,4.88,3.0,0.0,0.0,0.0,0.0,0.0,0.0,0.0,2.0,7.88,8
22500129,ORL,DET,79.2,78.8,"('Franz Wagner', 'Goga Bitadze')",1.5333333333333332,2,2,2,2,3,0,1,0,0,0,3,4.88,3.0,0.0,0.0,0.0,0.0,0.0,0.0,0.0,2.0,7.88,8
22500129,ORL,DET,79.2,78.8,"('Franz Wagner', 'Tristan da Silva')",1.5333333333333332,2,2,2,2,3,0,1,0,0,0,3,4.88,3.0,0.0,0.0,0.0,0.0,0.0,0.0,0.0,2.0,7.88,8
22500129,ORL,DET,79.2,78.8,"('Franz Wagner', 'Tyus Jones')",1.5333333333333332,2,2,2,2,3,0,1,0,0,0,3,4.88,3.0,0.0,0.0,0.0,0.0,0.0,0.0,0.0,2.0,7.88,8
22500129,ORL,DET,79.2,78.8,"('Goga Bitadze', 'Tristan da Silva')",1.5333333333333332,2,2,2,2,3,0,1,0,0,0,3,4.88,3.0,0.0,0.0,0.0,0.0,0.0,0.0,0.0,2.0,7.88,8
22500129,ORL,DET,79.2,78.8,"('Goga Bitadze', 'Tyus Jones')",1.5333333333333332,2,2,2,2,3,0,1,0,0,0,3,4.88,3.0,0.0,0.0,0.0,0.0,0.0,0.0,0.0,2.0,7.88,8
22500129,ORL,DET,79.2,78.8,"('Tristan da Silva', 'Tyus Jones')",1.5333333333333332,2,2,2,2,3,0,1,0,0,0,3,4.88,3.0,0.0,0.0,0.0,0.0,0.0,0.0,0.0,2.0,7.88,8
22500129,ORL,DET,79.8,79.0,"('Desmond Bane', 'Franz Wagner')",0.045,2,0,0,0,0,0,0,0,0,0,0,1.0,0.0,0.0,0.0,0.0,0.0,0.0,0.0,0.0,0.0,1.0,8
22500129,ORL,DET,79.8,79.0,"('Desmond Bane', 'Jalen Suggs')",0.045,2,0,0,0,0,0,0,0,0,0,0,1.0,0.0,0.0,0.0,0.0,0.0,0.0,0.0,0.0,0.0,1.0,8
22500129,ORL,DET,79.8,79.0,"('Desmond Bane', 'Paolo Banchero')",0.045,2,0,0,0,0,0,0,0,0,0,0,1.0,0.0,0.0,0.0,0.0,0.0,0.0,0.0,0.0,0.0,1.0,8
22500129,ORL,DET,79.8,79.0,"('Desmond Bane', 'Tristan da Silva')",0.045,2,0,0,0,0,0,0,0,0,0,0,1.0,0.0,0.0,0.0,0.0,0.0,0.0,0.0,0.0,0.0,1.0,8
22500129,ORL,DET,79.8,79.0,"('Franz Wagner', 'Jalen Suggs')",0.045,2,0,0,0,0,0,0,0,0,0,0,1.0,0.0,0.0,0.0,0.0,0.0,0.0,0.0,0.0,0.0,1.0,8
22500129,ORL,DET,79.8,79.0,"('Franz Wagner', 'Paolo Banchero')",0.045,2,0,0,0,0,0,0,0,0,0,0,1.0,0.0,0.0,0.0,0.0,0.0,0.0,0.0,0.0,0.0,1.0,8
22500129,ORL,DET,79.8,79.0,"('Franz Wagner', 'Tristan da Silva')",0.045,2,0,0,0,0,0,0,0,0,0,0,1.0,0.0,0.0,0.0,0.0,0.0,0.0,0.0,0.0,0.0,1.0,8
22500129,ORL,DET,79.8,79.0,"('Jalen Suggs', 'Paolo Banchero')",0.045,2,0,0,0,0,0,0,0,0,0,0,1.0,0.0,0.0,0.0,0.0,0.0,0.0,0.0,0.0,0.0,1.0,8
22500129,ORL,DET,79.8,79.0,"('Jalen Suggs', 'Tristan da Silva')",0.045,2,0,0,0,0,0,0,0,0,0,0,1.0,0.0,0.0,0.0,0.0,0.0,0.0,0.0,0.0,0.0,1.0,8
22500129,ORL,DET,79.8,79.0,"('Paolo Banchero', 'Tristan da Silva')",0.045,2,0,0,0,0,0,0,0,0,0,0,1.0,0.0,0.0,0.0,0.0,0.0,0.0,0.0,0.0,0.0,1.0,8
22500129,ORL,DET,80.2,79.2,"('Anthony Black', 'Desmond Bane')",1.8333333333333333,2,4,6,1,2,1,1,1,0,1,0,4.44,4.0,0.0,0.0,0.0,0.0,0.0,0.0,2.0,6.0,8.440000000000001,8
22500129,ORL,DET,80.2,79.2,"('Anthony Black', 'Paolo Banchero')",1.8333333333333333,2,4,6,1,2,1,1,1,0,1,0,4.44,4.0,0.0,0.0,0.0,0.0,0.0,0.0,2.0,6.0,8.440000000000001,8
22500129,ORL,DET,80.2,79.2,"('Anthony Black', 'Tristan da Silva')",1.8333333333333333,2,4,6,1,2,1,1,1,0,1,0,4.44,4.0,0.0,0.0,0.0,0.0,0.0,0.0,2.0,6.0,8.440000000000001,8
22500129,ORL,DET,80.2,79.2,"('Anthony Black', 'Wendell Carter Jr.')",1.8333333333333333,2,4,6,1,2,1,1,1,0,1,0,4.44,4.0,0.0,0.0,0.0,0.0,0.0,0.0,2.0,6.0,8.440000000000001,8
22500129,ORL,DET,80.2,79.2,"('Desmond Bane', 'Paolo Banchero')",1.8333333333333333,2,4,6,1,2,1,1,1,0,1,0,4.44,4.0,0.0,0.0,0.0,0.0,0.0,0.0,2.0,6.0,8.440000000000001,8
22500129,ORL,DET,80.2,79.2,"('Desmond Bane', 'Tristan da Silva')",1.8333333333333333,2,4,6,1,2,1,1,1,0,1,0,4.44,4.0,0.0,0.0,0.0,0.0,0.0,0.0,2.0,6.0,8.440000000000001,8
22500129,ORL,DET,80.2,79.2,"('Desmond Bane', 'Wendell Carter Jr.')",1.8333333333333333,2,4,6,1,2,1,1,1,0,1,0,4.44,4.0,0.0,0.0,0.0,0.0,0.0,0.0,2.0,6.0,8.440000000000001,8
22500129,ORL,DET,80.2,79.2,"('Paolo Banchero', 'Tristan da Silva')",1.8333333333333333,2,4,6,1,2,1,1,1,0,1,0,4.44,4.0,0.0,0.0,0.0,0.0,0.0,0.0,2.0,6.0,8.440000000000001,8
22500129,ORL,DET,80.2,79.2,"('Paolo Banchero', 'Wendell Carter Jr.')",1.8333333333333333,2,4,6,1,2,1,1,1,0,1,0,4.44,4.0,0.0,0.0,0.0,0.0,0.0,0.0,2.0,6.0,8.440000000000001,8
22500129,ORL,DET,80.2,79.2,"('Tristan da Silva', 'Wendell Carter Jr.')",1.8333333333333333,2,4,6,1,2,1,1,1,0,1,0,4.44,4.0,0.0,0.0,0.0,0.0,0.0,0.0,2.0,6.0,8.440000000000001,8
22500129,ORL,DET,78.8,78.8,"('Franz Wagner', 'Goga Bitadze')",1.6666666666666663,2,6,5,2,1,2,2,0,0,0,1,3.0,4.0,3.0,0.0,0.0,0.0,0.0,0.0,0.0,2.0,7.0,8
22500129,ORL,DET,78.8,78.8,"('Franz Wagner', 'Jalen Suggs')",1.6666666666666663,2,6,5,2,1,2,2,0,0,0,1,3.0,4.0,3.0,0.0,0.0,0.0,0.0,0.0,0.0,2.0,7.0,8
22500129,ORL,DET,78.8,78.8,"('Franz Wagner', 'Tristan da Silva')",1.6666666666666663,2,6,5,2,1,2,2,0,0,0,1,3.0,4.0,3.0,0.0,0.0,0.0,0.0,0.0,0.0,2.0,7.0,8
22500129,ORL,DET,78.8,78.8,"('Franz Wagner', 'Tyus Jones')",1.6666666666666663,2,6,5,2,1,2,2,0,0,0,1,3.0,4.0,3.0,0.0,0.0,0.0,0.0,0.0,0.0,2.0,7.0,8
22500129,ORL,DET,78.8,78.8,"('Goga Bitadze', 'Jalen Suggs')",1.6666666666666663,2,6,5,2,1,2,2,0,0,0,1,3.0,4.0,3.0,0.0,0.0,0.0,0.0,0.0,0.0,2.0,7.0,8
22500129,ORL,DET,78.8,78.8,"('Goga Bitadze', 'Tristan da Silva')",1.6666666666666663,2,6,5,2,1,2,2,0,0,0,1,3.0,4.0,3.0,0.0,0.0,0.0,0.0,0.0,0.0,2.0,7.0,8
22500129,ORL,DET,78.8,78.8,"('Goga Bitadze', 'Tyus Jones')",1.6666666666666663,2,6,5,2,1,2,2,0,0,0,1,3.0,4.0,3.0,0.0,0.0,0.0,0.0,0.0,0.0,2.0,7.0,8
22500129,ORL,DET,78.8,78.8,"('Jalen Suggs', 'Tristan da Silva')",1.6666666666666663,2,6,5,2,1,2,2,0,0,0,1,3.0,4.0,3.0,0.0,0.0,0.0,0.0,0.0,0.0,2.0,7.0,8
22500129,ORL,DET,78.8,78.8,"('Jalen Suggs', 'Tyus Jones')",1.6666666666666663,2,6,5,2,1,2,2,0,0,0,1,3.0,4.0,3.0,0.0,0.0,0.0,0.0,0.0,0.0,2.0,7.0,8
22500129,ORL,DET,78.8,78.8,"('Tristan da Silva', 'Tyus Jones')",1.6666666666666663,2,6,5,2,1,2,2,0,0,0,1,3.0,4.0,3.0,0.0,0.0,0.0,0.0,0.0,0.0,2.0,7.0,8
22500129,ORL,DET,80.4,79.2,"('Anthony Black', 'Desmond Bane')",1.8833333333333333,2,6,8,2,1,2,1,0,0,1,1,4.0,2.88,0.0,0.0,6.0,6.0,0.0,0.0,0.0,0.0,6.88,8
22500129,ORL,DET,80.4,79.2,"('Anthony Black', 'Goga Bitadze')",1.8833333333333333,2,6,8,2,1,2,1,0,0,1,1,4.0,2.88,0.0,0.0,6.0,6.0,0.0,0.0,0.0,0.0,6.88,8
22500129,ORL,DET,80.4,79.2,"('Anthony Black', 'Paolo Banchero')",1.8833333333333333,2,6,8,2,1,2,1,0,0,1,1,4.0,2.88,0.0,0.0,6.0,6.0,0.0,0.0,0.0,0.0,6.88,8
22500129,ORL,DET,80.4,79.2,"('Anthony Black', 'Tristan da Silva')",1.8833333333333333,2,6,8,2,1,2,1,0,0,1,1,4.0,2.88,0.0,0.0,6.0,6.0,0.0,0.0,0.0,0.0,6.88,8
22500129,ORL,DET,80.4,79.2,"('Desmond Bane', 'Goga Bitadze')",1.8833333333333333,2,6,8,2,1,2,1,0,0,1,1,4.0,2.88,0.0,0.0,6.0,6.0,0.0,0.0,0.0,0.0,6.88,8
22500129,ORL,DET,80.4,79.2,"('Desmond Bane', 'Paolo Banchero')",1.8833333333333333,2,6,8,2,1,2,1,0,0,1,1,4.0,2.88,0.0,0.0,6.0,6.0,0.0,0.0,0.0,0.0,6.88,8
22500129,ORL,DET,80.4,79.2,"('Desmond Bane', 'Tristan da Silva')",1.8833333333333333,2,6,8,2,1,2,1,0,0,1,1,4.0,2.88,0.0,0.0,6.0,6.0,0.0,0.0,0.0,0.0,6.88,8
22500129,ORL,DET,80.4,79.2,"('Goga Bitadze', 'Paolo Banchero')",1.8833333333333333,2,6,8,2,1,2,1,0,0,1,1,4.0,2.88,0.0,0.0,6.0,6.0,0.0,0.0,0.0,0.0,6.88,8
22500129,ORL,DET,80.4,79.2,"('Goga Bitadze', 'Tristan da Silva')",1.8833333333333333,2,6,8,2,1,2,1,0,0,1,1,4.0,2.88,0.0,0.0,6.0,6.0,0.0,0.0,0.0,0.0,6.88,8
22500129,ORL,DET,80.4,79.2,"('Paolo Banchero', 'Tristan da Silva')",1.8833333333333333,2,6,8,2,1,2,1,0,0,1,1,4.0,2.88,0.0,0.0,6.0,6.0,0.0,0.0,0.0,0.0,6.88,8
22500129,ORL,DET,78.8,79.6,"('Franz Wagner', 'Goga Bitadze')",0.4316666666666667,3,2,1,1,1,0,0,0,0,0,2,1.88,1.44,0.0,0.0,0.0,0.0,0.0,0.0,0.0,0.0,3.32,8
22500129,ORL,DET,78.8,79.6,"('Franz Wagner', 'Jalen Suggs')",0.4316666666666667,3,2,1,1,1,0,0,0,0,0,2,1.88,1.44,0.0,0.0,0.0,0.0,0.0,0.0,0.0,0.0,3.32,8
22500129,ORL,DET,78.8,79.6,"('Franz Wagner', 'Tristan da Silva')",0.4316666666666667,3,2,1,1,1,0,0,0,0,0,2,1.88,1.44,0.0,0.0,0.0,0.0,0.0,0.0,0.0,0.0,3.32,8
22500129,ORL,DET,78.8,79.6,"('Franz Wagner', 'Tyus Jones')",0.4316666666666667,3,2,1,1,1,0,0,0,0,0,2,1.88,1.44,0.0,0.0,0.0,0.0,0.0,0.0,0.0,0.0,3.32,8
22500129,ORL,DET,78.8,79.6,"('Goga Bitadze', 'Jalen Suggs')",0.4316666666666667,3,2,1,1,1,0,0,0,0,0,2,1.88,1.44,0.0,0.0,0.0,0.0,0.0,0.0,0.0,0.0,3.32,8
22500129,ORL,DET,78.8,79.6,"('Goga Bitadze', 'Tristan da Silva')",0.4316666666666667,3,2,1,1,1,0,0,0,0,0,2,1.88,1.44,0.0,0.0,0.0,0.0,0.0,0.0,0.0,0.0,3.32,8
22500129,ORL,DET,78.8,79.6,"('Goga Bitadze', 'Tyus Jones')",0.4316666666666667,3,2,1,1,1,0,0,0,0,0,2,1.88,1.44,0.0,0.0,0.0,0.0,0.0,0.0,0.0,0.0,3.32,8
22500129,ORL,DET,78.8,79.6,"('Jalen Suggs', 'Tristan da Silva')",0.4316666666666667,3,2,1,1,1,0,0,0,0,0,2,1.88,1.44,0.0,0.0,0.0,0.0,0.0,0.0,0.0,0.0,3.32,8
22500129,ORL,DET,78.8,79.6,"('Jalen Suggs', 'Tyus Jones')",0.4316666666666667,3,2,1,1,1,0,0,0,0,0,2,1.88,1.44,0.0,0.0,0.0,0.0,0.0,0.0,0.0,0.0,3.32,8
22500129,ORL,DET,78.8,79.6,"('Tristan da Silva', 'Tyus Jones')",0.4316666666666667,3,2,1,1,1,0,0,0,0,0,2,1.88,1.44,0.0,0.0,0.0,0.0,0.0,0.0,0.0,0.0,3.32,8
22500129,ORL,DET,80.6,79.6,"('Anthony Black', 'Desmond Bane')",2.1333333333333337,1,3,7,2,1,1,2,3,0,2,1,4.0,5.32,0.0,0.0,0.0,0.0,2.0,2.0,0.0,4.0,9.32,8
22500129,ORL,DET,80.6,79.6,"('Anthony Black', 'Franz Wagner')",2.1333333333333337,1,3,7,2,1,1,2,3,0,2,1,4.0,5.32,0.0,0.0,0.0,0.0,2.0,2.0,0.0,4.0,9.32,8
22500129,ORL,DET,80.6,79.6,"('Anthony Black', 'Paolo Banchero')",2.1333333333333337,1,3,7,2,1,1,2,3,0,2,1,4.0,5.32,0.0,0.0,0.0,0.0,2.0,2.0,0.0,4.0,9.32,8
22500129,ORL,DET,80.6,79.6,"('Anthony Black', 'Wendell Carter Jr.')",2.1333333333333337,1,3,7,2,1,1,2,3,0,2,1,4.0,5.32,0.0,0.0,0.0,0.0,2.0,2.0,0.0,4.0,9.32,8
22500129,ORL,DET,80.6,79.6,"('Desmond Bane', 'Franz Wagner')",2.1333333333333337,1,3,7,2,1,1,2,3,0,2,1,4.0,5.32,0.0,0.0,0.0,0.0,2.0,2.0,0.0,4.0,9.32,8
22500129,ORL,DET,80.6,79.6,"('Desmond Bane', 'Paolo Banchero')",2.1333333333333337,1,3,7,2,1,1,2,3,0,2,1,4.0,5.32,0.0,0.0,0.0,0.0,2.0,2.0,0.0,4.0,9.32,8
22500129,ORL,DET,80.6,79.6,"('Desmond Bane', 'Wendell Carter Jr.')",2.1333333333333337,1,3,7,2,1,1,2,3,0,2,1,4.0,5.32,0.0,0.0,0.0,0.0,2.0,2.0,0.0,4.0,9.32,8
22500129,ORL,DET,80.6,79.6,"('Franz Wagner', 'Paolo Banchero')",2.1333333333333337,1,3,7,2,1,1,2,3,0,2,1,4.0,5.32,0.0,0.0,0.0,0.0,2.0,2.0,0.0,4.0,9.32,8
22500129,ORL,DET,80.6,79.6,"('Franz Wagner', 'Wendell Carter Jr.')",2.1333333333333337,1,3,7,2,1,1,2,3,0,2,1,4.0,5.32,0.0,0.0,0.0,0.0,2.0,2.0,0.0,4.0,9.32,8
22500129,ORL,DET,80.6,79.6,"('Paolo Banchero', 'Wendell Carter Jr.')",2.1333333333333337,1,3,7,2,1,1,2,3,0,2,1,4.0,5.32,0.0,0.0,0.0,0.0,2.0,2.0,0.0,4.0,9.32,8
22500129,ORL,DET,80.6,79.6,"('Anthony Black', 'Goga Bitadze')",1.6,1,5,5,0,1,2,1,0,1,0,2,3.0,3.0,0.0,2.0,0.0,2.0,0.0,0.0,0.0,2.0,6.0,8
22500129,ORL,DET,80.6,79.6,"('Anthony Black', 'Noah Penda')",1.6,1,5,5,0,1,2,1,0,1,0,2,3.0,3.0,0.0,2.0,0.0,2.0,0.0,0.0,0.0,2.0,6.0,8
22500129,ORL,DET,80.6,79.6,"('Anthony Black', 'Paolo Banchero')",1.6,1,5,5,0,1,2,1,0,1,0,2,3.0,3.0,0.0,2.0,0.0,2.0,0.0,0.0,0.0,2.0,6.0,8
22500129,ORL,DET,80.6,79.6,"('Anthony Black', 'Tristan da Silva')",1.6,1,5,5,0,1,2,1,0,1,0,2,3.0,3.0,0.0,2.0,0.0,2.0,0.0,0.0,0.0,2.0,6.0,8
22500129,ORL,DET,80.6,79.6,"('Goga Bitadze', 'Noah Penda')",1.6,1,5,5,0,1,2,1,0,1,0,2,3.0,3.0,0.0,2.0,0.0,2.0,0.0,0.0,0.0,2.0,6.0,8
22500129,ORL,DET,80.6,79.6,"('Goga Bitadze', 'Paolo Banchero')",1.6,1,5,5,0,1,2,1,0,1,0,2,3.0,3.0,0.0,2.0,0.0,2.0,0.0,0.0,0.0,2.0,6.0,8
22500129,ORL,DET,80.6,79.6,"('Goga Bitadze', 'Tristan da Silva')",1.6,1,5,5,0,1,2,1,0,1,0,2,3.0,3.0,0.0,2.0,0.0,2.0,0.0,0.0,0.0,2.0,6.0,8
22500129,ORL,DET,80.6,79.6,"('Noah Penda', 'Paolo Banchero')",1.6,1,5,5,0,1,2,1,0,1,0,2,3.0,3.0,0.0,2.0,0.0,2.0,0.0,0.0,0.0,2.0,6.0,8
22500129,ORL,DET,80.6,79.6,"('Noah Penda', 'Tristan da Silva')",1.6,1,5,5,0,1,2,1,0,1,0,2,3.0,3.0,0.0,2.0,0.0,2.0,0.0,0.0,0.0,2.0,6.0,8
22500129,ORL,DET,80.6,79.6,"('Paolo Banchero', 'Tristan da Silva')",1.6,1,5,5,0,1,2,1,0,1,0,2,3.0,3.0,0.0,2.0,0.0,2.0,0.0,0.0,0.0,2.0,6.0,8
22500129,ORL,DET,78.8,79.6,"('Franz Wagner', 'Goga Bitadze')",2.353333333333333,1,7,8,3,2,1,1,0,0,1,0,4.0,4.32,0.0,0.0,4.0,4.0,0.0,0.0,2.0,2.0,8.32,8
22500129,ORL,DET,78.8,79.6,"('Franz Wagner', 'Jalen Suggs')",2.353333333333333,1,7,8,3,2,1,1,0,0,1,0,4.0,4.32,0.0,0.0,4.0,4.0,0.0,0.0,2.0,2.0,8.32,8
22500129,ORL,DET,78.8,79.6,"('Franz Wagner', 'Tristan da Silva')",2.353333333333333,1,7,8,3,2,1,1,0,0,1,0,4.0,4.32,0.0,0.0,4.0,4.0,0.0,0.0,2.0,2.0,8.32,8
22500129,ORL,DET,78.8,79.6,"('Franz Wagner', 'Tyus Jones')",2.353333333333333,1,7,8,3,2,1,1,0,0,1,0,4.0,4.32,0.0,0.0,4.0,4.0,0.0,0.0,2.0,2.0,8.32,8
22500129,ORL,DET,78.8,79.6,"('Goga Bitadze', 'Jalen Suggs')",2.353333333333333,1,7,8,3,2,1,1,0,0,1,0,4.0,4.32,0.0,0.0,4.0,4.0,0.0,0.0,2.0,2.0,8.32,8
22500129,ORL,DET,78.8,79.6,"('Goga Bitadze', 'Tristan da Silva')",2.353333333333333,1,7,8,3,2,1,1,0,0,1,0,4.0,4.32,0.0,0.0,4.0,4.0,0.0,0.0,2.0,2.0,8.32,8
22500129,ORL,DET,78.8,79.6,"('Goga Bitadze', 'Tyus Jones')",2.353333333333333,1,7,8,3,2,1,1,0,0,1,0,4.0,4.32,0.0,0.0,4.0,4.0,0.0,0.0,2.0,2.0,8.32,8
22500129,ORL,DET,78.8,79.6,"('Jalen Suggs', 'Tristan da Silva')",2.353333333333333,1,7,8,3,2,1,1,0,0,1,0,4.0,4.32,0.0,0.0,4.0,4.0,0.0,0.0,2.0,2.0,8.32,8
22500129,ORL,DET,78.8,79.6,"('Jalen Suggs', 'Tyus Jones')",2.353333333333333,1,7,8,3,2,1,1,0,0,1,0,4.0,4.32,0.0,0.0,4.0,4.0,0.0,0.0,2.0,2.0,8.32,8
22500129,ORL,DET,78.8,79.6,"('Tristan da Silva', 'Tyus Jones')",2.353333333333333,1,7,8,3,2,1,1,0,0,1,0,4.0,4.32,0.0,0.0,4.0,4.0,0.0,0.0,2.0,2.0,8.32,8
22500129,ORL,DET,80.0,79.8,"('Anthony Black', 'Desmond Bane')",0.75,1,0,2,1,0,0,0,0,0,0,0,1.0,2.0,0.0,0.0,0.0,0.0,0.0,0.0,0.0,2.0,3.0,8
22500129,ORL,DET,80.0,79.8,"('Anthony Black', 'Noah Penda')",0.75,1,0,2,1,0,0,0,0,0,0,0,1.0,2.0,0.0,0.0,0.0,0.0,0.0,0.0,0.0,2.0,3.0,8
22500129,ORL,DET,80.0,79.8,"('Anthony Black', 'Paolo Banchero')",0.75,1,0,2,1,0,0,0,0,0,0,0,1.0,2.0,0.0,0.0,0.0,0.0,0.0,0.0,0.0,2.0,3.0,8
22500129,ORL,DET,80.0,79.8,"('Anthony Black', 'Wendell Carter Jr.')",0.75,1,0,2,1,0,0,0,0,0,0,0,1.0,2.0,0.0,0.0,0.0,0.0,0.0,0.0,0.0,2.0,3.0,8
22500129,ORL,DET,80.0,79.8,"('Desmond Bane', 'Noah Penda')",0.75,1,0,2,1,0,0,0,0,0,0,0,1.0,2.0,0.0,0.0,0.0,0.0,0.0,0.0,0.0,2.0,3.0,8
22500129,ORL,DET,80.0,79.8,"('Desmond Bane', 'Paolo Banchero')",0.75,1,0,2,1,0,0,0,0,0,0,0,1.0,2.0,0.0,0.0,0.0,0.0,0.0,0.0,0.0,2.0,3.0,8
22500129,ORL,DET,80.0,79.8,"('Desmond Bane', 'Wendell Carter Jr.')",0.75,1,0,2,1,0,0,0,0,0,0,0,1.0,2.0,0.0,0.0,0.0,0.0,0.0,0.0,0.0,2.0,3.0,8
22500129,ORL,DET,80.0,79.8,"('Noah Penda', 'Paolo Banchero')",0.75,1,0,2,1,0,0,0,0,0,0,0,1.0,2.0,0.0,0.0,0.0,0.0,0.0,0.0,0.0,2.0,3.0,8
22500129,ORL,DET,80.0,79.8,"('Noah Penda', 'Wendell Carter Jr.')",0.75,1,0,2,1,0,0,0,0,0,0,0,1.0,2.0,0.0,0.0,0.0,0.0,0.0,0.0,0.0,2.0,3.0,8
22500129,ORL,DET,80.0,79.8,"('Paolo Banchero', 'Wendell Carter Jr.')",0.75,1,0,2,1,0,0,0,0,0,0,0,1.0,2.0,0.0,0.0,0.0,0.0,0.0,0.0,0.0,2.0,3.0,8
22500129,ORL,DET,79.2,79.6,"('Anthony Black', 'Franz Wagner')",0.2833333333333333,1,2,1,0,0,0,0,0,0,1,0,0.88,1.44,0.0,0.0,0.0,0.0,0.0,0.0,0.0,0.0,2.32,8
22500129,ORL,DET,79.2,79.6,"('Anthony Black', 'Goga Bitadze')",0.2833333333333333,1,2,1,0,0,0,0,0,0,1,0,0.88,1.44,0.0,0.0,0.0,0.0,0.0,0.0,0.0,0.0,2.32,8
22500129,ORL,DET,79.2,79.6,"('Anthony Black', 'Tristan da Silva')",0.2833333333333333,1,2,1,0,0,0,0,0,0,1,0,0.88,1.44,0.0,0.0,0.0,0.0,0.0,0.0,0.0,0.0,2.32,8
22500129,ORL,DET,79.2,79.6,"('Anthony Black', 'Tyus Jones')",0.2833333333333333,1,2,1,0,0,0,0,0,0,1,0,0.88,1.44,0.0,0.0,0.0,0.0,0.0,0.0,0.0,0.0,2.32,8
22500129,ORL,DET,79.2,79.6,"('Franz Wagner', 'Goga Bitadze')",0.2833333333333333,1,2,1,0,0,0,0,0,0,1,0,0.88,1.44,0.0,0.0,0.0,0.0,0.0,0.0,0.0,0.0,2.32,8
22500129,ORL,DET,79.2,79.6,"('Franz Wagner', 'Tristan da Silva')",0.2833333333333333,1,2,1,0,0,0,0,0,0,1,0,0.88,1.44,0.0,0.0,0.0,0.0,0.0,0.0,0.0,0.0,2.32,8
22500129,ORL,DET,79.2,79.6,"('Franz Wagner', 'Tyus Jones')",0.2833333333333333,1,2,1,0,0,0,0,0,0,1,0,0.88,1.44,0.0,0.0,0.0,0.0,0.0,0.0,0.0,0.0,2.32,8
22500129,ORL,DET,79.2,79.6,"('Goga Bitadze', 'Tristan da Silva')",0.2833333333333333,1,2,1,0,0,0,0,0,0,1,0,0.88,1.44,0.0,0.0,0.0,0.0,0.0,0.0,0.0,0.0,2.32,8
22500129,ORL,DET,79.2,79.6,"('Goga Bitadze', 'Tyus Jones')",0.2833333333333333,1,2,1,0,0,0,0,0,0,1,0,0.88,1.44,0.0,0.0,0.0,0.0,0.0,0.0,0.0,0.0,2.32,8
22500129,ORL,DET,79.2,79.6,"('Tristan da Silva', 'Tyus Jones')",0.2833333333333333,1,2,1,0,0,0,0,0,0,1,0,0.88,1.44,0.0,0.0,0.0,0.0,0.0,0.0,0.0,0.0,2.32,8
22500129,ORL,DET,80.4,79.8,"('Anthony Black', 'Noah Penda')",0.5666666666666667,1,4,0,2,0,1,0,0,0,0,2,1.88,1.0,0.0,0.0,0.0,2.0,0.0,0.0,0.0,0.0,2.88,8
22500129,ORL,DET,80.4,79.8,"('Anthony Black', 'Paolo Banchero')",0.5666666666666667,1,4,0,2,0,1,0,0,0,0,2,1.88,1.0,0.0,0.0,0.0,2.0,0.0,0.0,0.0,0.0,2.88,8
22500129,ORL,DET,80.4,79.8,"('Anthony Black', 'Tristan da Silva')",0.5666666666666667,1,4,0,2,0,1,0,0,0,0,2,1.88,1.0,0.0,0.0,0.0,2.0,0.0,0.0,0.0,0.0,2.88,8
22500129,ORL,DET,80.4,79.8,"('Anthony Black', 'Wendell Carter Jr.')",0.5666666666666667,1,4,0,2,0,1,0,0,0,0,2,1.88,1.0,0.0,0.0,0.0,2.0,0.0,0.0,0.0,0.0,2.88,8
22500129,ORL,DET,80.4,79.8,"('Noah Penda', 'Paolo Banchero')",0.5666666666666667,1,4,0,2,0,1,0,0,0,0,2,1.88,1.0,0.0,0.0,0.0,2.0,0.0,0.0,0.0,0.0,2.88,8
22500129,ORL,DET,80.4,79.8,"('Noah Penda', 'Tristan da Silva')",0.5666666666666667,1,4,0,2,0,1,0,0,0,0,2,1.88,1.0,0.0,0.0,0.0,2.0,0.0,0.0,0.0,0.0,2.88,8
22500129,ORL,DET,80.4,79.8,"('Noah Penda', 'Wendell Carter Jr.')",0.5666666666666667,1,4,0,2,0,1,0,0,0,0,2,1.88,1.0,0.0,0.0,0.0,2.0,0.0,0.0,0.0,0.0,2.88,8
22500129,ORL,DET,80.4,79.8,"('Paolo Banchero', 'Tristan da Silva')",0.5666666666666667,1,4,0,2,0,1,0,0,0,0,2,1.88,1.0,0.0,0.0,0.0,2.0,0.0,0.0,0.0,0.0,2.88,8
22500129,ORL,DET,80.4,79.8,"('Paolo Banchero', 'Wendell Carter Jr.')",0.5666666666666667,1,4,0,2,0,1,0,0,0,0,2,1.88,1.0,0.0,0.0,0.0,2.0,0.0,0.0,0.0,0.0,2.88,8
22500129,ORL,DET,80.4,79.8,"('Tristan da Silva', 'Wendell Carter Jr.')",0.5666666666666667,1,4,0,2,0,1,0,0,0,0,2,1.88,1.0,0.0,0.0,0.0,2.0,0.0,0.0,0.0,0.0,2.88,8
22500129,ORL,DET,80.2,79.6,"('Desmond Bane', 'Franz Wagner')",3.833333333333333,1,15,6,4,6,4,0,1,2,2,2,10.32,10.76,2.0,3.0,0.0,6.0,0.0,0.0,0.0,2.0,21.08,8
22500129,ORL,DET,80.2,79.6,"('Desmond Bane', 'Jalen Suggs')",3.833333333333333,1,15,6,4,6,4,0,1,2,2,2,10.32,10.76,2.0,3.0,0.0,6.0,0.0,0.0,0.0,2.0,21.08,8
22500129,ORL,DET,80.2,79.6,"('Desmond Bane', 'Paolo Banchero')",3.833333333333333,1,15,6,4,6,4,0,1,2,2,2,10.32,10.76,2.0,3.0,0.0,6.0,0.0,0.0,0.0,2.0,21.08,8
22500129,ORL,DET,80.2,79.6,"('Desmond Bane', 'Wendell Carter Jr.')",3.833333333333333,1,15,6,4,6,4,0,1,2,2,2,10.32,10.76,2.0,3.0,0.0,6.0,0.0,0.0,0.0,2.0,21.08,8
22500129,ORL,DET,80.2,79.6,"('Franz Wagner', 'Jalen Suggs')",3.833333333333333,1,15,6,4,6,4,0,1,2,2,2,10.32,10.76,2.0,3.0,0.0,6.0,0.0,0.0,0.0,2.0,21.08,8
22500129,ORL,DET,80.2,79.6,"('Franz Wagner', 'Paolo Banchero')",3.833333333333333,1,15,6,4,6,4,0,1,2,2,2,10.32,10.76,2.0,3.0,0.0,6.0,0.0,0.0,0.0,2.0,21.08,8
22500129,ORL,DET,80.2,79.6,"('Franz Wagner', 'Wendell Carter Jr.')",3.833333333333333,1,15,6,4,6,4,0,1,2,2,2,10.32,10.76,2.0,3.0,0.0,6.0,0.0,0.0,0.0,2.0,21.08,8
22500129,ORL,DET,80.2,79.6,"('Jalen Suggs', 'Paolo Banchero')",3.833333333333333,1,15,6,4,6,4,0,1,2,2,2,10.32,10.76,2.0,3.0,0.0,6.0,0.0,0.0,0.0,2.0,21.08,8
22500129,ORL,DET,80.2,79.6,"('Jalen Suggs', 'Wendell Carter Jr.')",3.833333333333333,1,15,6,4,6,4,0,1,2,2,2,10.32,10.76,2.0,3.0,0.0,6.0,0.0,0.0,0.0,2.0,21.08,8
22500129,ORL,DET,80.2,79.6,"('Paolo Banchero', 'Wendell Carter Jr.')",3.833333333333333,1,15,6,4,6,4,0,1,2,2,2,10.32,10.76,2.0,3.0,0.0,6.0,0.0,0.0,0.0,2.0,21.08,8
22500129,ORL,DET,80.2,79.6,"('Goga Bitadze', 'Jalen Suggs')",2.0000000000000004,3,8,7,3,0,2,1,1,2,2,1,5.0,7.32,4.0,2.0,2.0,8.0,2.0,2.0,0.0,4.0,12.32,8
22500129,ORL,DET,80.2,79.6,"('Goga Bitadze', 'Noah Penda')",2.0000000000000004,3,8,7,3,0,2,1,1,2,2,1,5.0,7.32,4.0,2.0,2.0,8.0,2.0,2.0,0.0,4.0,12.32,8
22500129,ORL,DET,80.2,79.6,"('Goga Bitadze', 'Paolo Banchero')",2.0000000000000004,3,8,7,3,0,2,1,1,2,2,1,5.0,7.32,4.0,2.0,2.0,8.0,2.0,2.0,0.0,4.0,12.32,8
22500129,ORL,DET,80.2,79.6,"('Goga Bitadze', 'Tristan da Silva')",2.0000000000000004,3,8,7,3,0,2,1,1,2,2,1,5.0,7.32,4.0,2.0,2.0,8.0,2.0,2.0,0.0,4.0,12.32,8
22500129,ORL,DET,80.2,79.6,"('Jalen Suggs', 'Noah Penda')",2.0000000000000004,3,8,7,3,0,2,1,1,2,2,1,5.0,7.32,4.0,2.0,2.0,8.0,2.0,2.0,0.0,4.0,12.32,8
22500129,ORL,DET,80.2,79.6,"('Jalen Suggs', 'Paolo Banchero')",2.0000000000000004,3,8,7,3,0,2,1,1,2,2,1,5.0,7.32,4.0,2.0,2.0,8.0,2.0,2.0,0.0,4.0,12.32,8
22500129,ORL,DET,80.2,79.6,"('Jalen Suggs', 'Tristan da Silva')",2.0000000000000004,3,8,7,3,0,2,1,1,2,2,1,5.0,7.32,4.0,2.0,2.0,8.0,2.0,2.0,0.0,4.0,12.32,8
22500129,ORL,DET,80.2,79.6,"('Noah Penda', 'Paolo Banchero')",2.0000000000000004,3,8,7,3,0,2,1,1,2,2,1,5.0,7.32,4.0,2.0,2.0,8.0,2.0,2.0,0.0,4.0,12.32,8
22500129,ORL,DET,80.2,79.6,"('Noah Penda', 'Tristan da Silva')",2.0000000000000004,3,8,7,3,0,2,1,1,2,2,1,5.0,7.32,4.0,2.0,2.0,8.0,2.0,2.0,0.0,4.0,12.32,8
22500129,ORL,DET,80.2,79.6,"('Paolo Banchero', 'Tristan da Silva')",2.0000000000000004,3,8,7,3,0,2,1,1,2,2,1,5.0,7.32,4.0,2.0,2.0,8.0,2.0,2.0,0.0,4.0,12.32,8
22500129,ORL,DET,80.2,79.6,"('Franz Wagner', 'Goga Bitadze')",0.5066666666666666,3,2,2,0,1,0,0,0,0,1,1,1.88,1.0,0.0,0.0,0.0,0.0,0.0,0.0,0.0,0.0,2.88,8
22500129,ORL,DET,80.2,79.6,"('Franz Wagner', 'Jalen Suggs')",0.5066666666666666,3,2,2,0,1,0,0,0,0,1,1,1.88,1.0,0.0,0.0,0.0,0.0,0.0,0.0,0.0,0.0,2.88,8
22500129,ORL,DET,80.2,79.6,"('Franz Wagner', 'Noah Penda')",0.5066666666666666,3,2,2,0,1,0,0,0,0,1,1,1.88,1.0,0.0,0.0,0.0,0.0,0.0,0.0,0.0,0.0,2.88,8
22500129,ORL,DET,80.2,79.6,"('Franz Wagner', 'Tristan da Silva')",0.5066666666666666,3,2,2,0,1,0,0,0,0,1,1,1.88,1.0,0.0,0.0,0.0,0.0,0.0,0.0,0.0,0.0,2.88,8
22500129,ORL,DET,80.2,79.6,"('Goga Bitadze', 'Jalen Suggs')",0.5066666666666666,3,2,2,0,1,0,0,0,0,1,1,1.88,1.0,0.0,0.0,0.0,0.0,0.0,0.0,0.0,0.0,2.88,8
22500129,ORL,DET,80.2,79.6,"('Goga Bitadze', 'Noah Penda')",0.5066666666666666,3,2,2,0,1,0,0,0,0,1,1,1.88,1.0,0.0,0.0,0.0,0.0,0.0,0.0,0.0,0.0,2.88,8
22500129,ORL,DET,80.2,79.6,"('Goga Bitadze', 'Tristan da Silva')",0.5066666666666666,3,2,2,0,1,0,0,0,0,1,1,1.88,1.0,0.0,0.0,0.0,0.0,0.0,0.0,0.0,0.0,2.88,8
22500129,ORL,DET,80.2,79.6,"('Jalen Suggs', 'Noah Penda')",0.5066666666666666,3,2,2,0,1,0,0,0,0,1,1,1.88,1.0,0.0,0.0,0.0,0.0,0.0,0.0,0.0,0.0,2.88,8
22500129,ORL,DET,80.2,79.6,"('Jalen Suggs', 'Tristan da Silva')",0.5066666666666666,3,2,2,0,1,0,0,0,0,1,1,1.88,1.0,0.0,0.0,0.0,0.0,0.0,0.0,0.0,0.0,2.88,8
22500129,ORL,DET,80.2,79.6,"('Noah Penda', 'Tristan da Silva')",0.5066666666666666,3,2,2,0,1,0,0,0,0,1,1,1.88,1.0,0.0,0.0,0.0,0.0,0.0,0.0,0.0,0.0,2.88,8
22500129,ORL,DET,80.2,79.6,"('Desmond Bane', 'Franz Wagner')",2.833333333333333,3,9,6,4,2,1,2,0,1,1,2,7.76,6.44,0.0,0.0,2.0,2.0,0.0,5.0,0.0,2.0,14.2,8
22500129,ORL,DET,80.2,79.6,"('Desmond Bane', 'Jalen Suggs')",2.833333333333333,3,9,6,4,2,1,2,0,1,1,2,7.76,6.44,0.0,0.0,2.0,2.0,0.0,5.0,0.0,2.0,14.2,8
22500129,ORL,DET,80.2,79.6,"('Desmond Bane', 'Paolo Banchero')",2.833333333333333,3,9,6,4,2,1,2,0,1,1,2,7.76,6.44,0.0,0.0,2.0,2.0,0.0,5.0,0.0,2.0,14.2,8
22500129,ORL,DET,80.2,79.6,"('Desmond Bane', 'Wendell Carter Jr.')",2.833333333333333,3,9,6,4,2,1,2,0,1,1,2,7.76,6.44,0.0,0.0,2.0,2.0,0.0,5.0,0.0,2.0,14.2,8
22500129,ORL,DET,80.2,79.6,"('Franz Wagner', 'Jalen Suggs')",2.833333333333333,3,9,6,4,2,1,2,0,1,1,2,7.76,6.44,0.0,0.0,2.0,2.0,0.0,5.0,0.0,2.0,14.2,8
22500129,ORL,DET,80.2,79.6,"('Franz Wagner', 'Paolo Banchero')",2.833333333333333,3,9,6,4,2,1,2,0,1,1,2,7.76,6.44,0.0,0.0,2.0,2.0,0.0,5.0,0.0,2.0,14.2,8
22500129,ORL,DET,80.2,79.6,"('Franz Wagner', 'Wendell Carter Jr.')",2.833333333333333,3,9,6,4,2,1,2,0,1,1,2,7.76,6.44,0.0,0.0,2.0,2.0,0.0,5.0,0.0,2.0,14.2,8
22500129,ORL,DET,80.2,79.6,"('Jalen Suggs', 'Paolo Banchero')",2.833333333333333,3,9,6,4,2,1,2,0,1,1,2,7.76,6.44,0.0,0.0,2.0,2.0,0.0,5.0,0.0,2.0,14.2,8
22500129,ORL,DET,80.2,79.6,"('Jalen Suggs', 'Wendell Carter Jr.')",2.833333333333333,3,9,6,4,2,1,2,0,1,1,2,7.76,6.44,0.0,0.0,2.0,2.0,0.0,5.0,0.0,2.0,14.2,8
22500129,ORL,DET,80.2,79.6,"('Paolo Banchero', 'Wendell Carter Jr.')",2.833333333333333,3,9,6,4,2,1,2,0,1,1,2,7.76,6.44,0.0,0.0,2.0,2.0,0.0,5.0,0.0,2.0,14.2,8
22500129,ORL,DET,80.8,79.6,"('Anthony Black', 'Desmond Bane')",3.6833333333333336,3,5,14,4,3,0,5,0,0,3,2,6.32,7.44,0.0,0.0,2.0,2.0,5.0,2.0,0.0,10.0,13.760000000000002,8
22500129,ORL,DET,80.8,79.6,"('Anthony Black', 'Franz Wagner')",3.6833333333333336,3,5,14,4,3,0,5,0,0,3,2,6.32,7.44,0.0,0.0,2.0,2.0,5.0,2.0,0.0,10.0,13.760000000000002,8
22500129,ORL,DET,80.8,79.6,"('Anthony Black', 'Goga Bitadze')",3.6833333333333336,3,5,14,4,3,0,5,0,0,3,2,6.32,7.44,0.0,0.0,2.0,2.0,5.0,2.0,0.0,10.0,13.760000000000002,8
22500129,ORL,DET,80.8,79.6,"('Anthony Black', 'Paolo Banchero')",3.6833333333333336,3,5,14,4,3,0,5,0,0,3,2,6.32,7.44,0.0,0.0,2.0,2.0,5.0,2.0,0.0,10.0,13.760000000000002,8
22500129,ORL,DET,80.8,79.6,"('Desmond Bane', 'Franz Wagner')",3.6833333333333336,3,5,14,4,3,0,5,0,0,3,2,6.32,7.44,0.0,0.0,2.0,2.0,5.0,2.0,0.0,10.0,13.760000000000002,8
22500129,ORL,DET,80.8,79.6,"('Desmond Bane', 'Goga Bitadze')",3.6833333333333336,3,5,14,4,3,0,5,0,0,3,2,6.32,7.44,0.0,0.0,2.0,2.0,5.0,2.0,0.0,10.0,13.760000000000002,8
22500129,ORL,DET,80.8,79.6,"('Desmond Bane', 'Paolo Banchero')",3.6833333333333336,3,5,14,4,3,0,5,0,0,3,2,6.32,7.44,0.0,0.0,2.0,2.0,5.0,2.0,0.0,10.0,13.760000000000002,8
22500129,ORL,DET,80.8,79.6,"('Franz Wagner', 'Goga Bitadze')",3.6833333333333336,3,5,14,4,3,0,5,0,0,3,2,6.32,7.44,0.0,0.0,2.0,2.0,5.0,2.0,0.0,10.0,13.760000000000002,8
22500129,ORL,DET,80.8,79.6,"('Franz Wagner', 'Paolo Banchero')",3.6833333333333336,3,5,14,4,3,0,5,0,0,3,2,6.32,7.44,0.0,0.0,2.0,2.0,5.0,2.0,0.0,10.0,13.760000000000002,8
22500129,ORL,DET,80.8,79.6,"('Goga Bitadze', 'Paolo Banchero')",3.6833333333333336,3,5,14,4,3,0,5,0,0,3,2,6.32,7.44,0.0,0.0,2.0,2.0,5.0,2.0,0.0,10.0,13.760000000000002,8
22500129,ORL,DET,80.6,79.6,"('Anthony Black', 'Desmond Bane')",0.1666666666666666,3,0,1,0,0,0,0,1,0,1,0,1.0,0.44,0.0,0.0,0.0,0.0,0.0,0.0,0.0,0.0,1.44,8
22500129,ORL,DET,80.6,79.6,"('Anthony Black', 'Franz Wagner')",0.1666666666666666,3,0,1,0,0,0,0,1,0,1,0,1.0,0.44,0.0,0.0,0.0,0.0,0.0,0.0,0.0,0.0,1.44,8
22500129,ORL,DET,80.6,79.6,"('Anthony Black', 'Paolo Banchero')",0.1666666666666666,3,0,1,0,0,0,0,1,0,1,0,1.0,0.44,0.0,0.0,0.0,0.0,0.0,0.0,0.0,0.0,1.44,8
22500129,ORL,DET,80.6,79.6,"('Anthony Black', 'Wendell Carter Jr.')",0.1666666666666666,3,0,1,0,0,0,0,1,0,1,0,1.0,0.44,0.0,0.0,0.0,0.0,0.0,0.0,0.0,0.0,1.44,8
22500129,ORL,DET,80.6,79.6,"('Desmond Bane', 'Franz Wagner')",0.1666666666666666,3,0,1,0,0,0,0,1,0,1,0,1.0,0.44,0.0,0.0,0.0,0.0,0.0,0.0,0.0,0.0,1.44,8
22500129,ORL,DET,80.6,79.6,"('Desmond Bane', 'Paolo Banchero')",0.1666666666666666,3,0,1,0,0,0,0,1,0,1,0,1.0,0.44,0.0,0.0,0.0,0.0,0.0,0.0,0.0,0.0,1.44,8
22500129,ORL,DET,80.6,79.6,"('Desmond Bane', 'Wendell Carter Jr.')",0.1666666666666666,3,0,1,0,0,0,0,1,0,1,0,1.0,0.44,0.0,0.0,0.0,0.0,0.0,0.0,0.0,0.0,1.44,8
22500129,ORL,DET,80.6,79.6,"('Franz Wagner', 'Paolo Banchero')",0.1666666666666666,3,0,1,0,0,0,0,1,0,1,0,1.0,0.44,0.0,0.0,0.0,0.0,0.0,0.0,0.0,0.0,1.44,8
22500129,ORL,DET,80.6,79.6,"('Franz Wagner', 'Wendell Carter Jr.')",0.1666666666666666,3,0,1,0,0,0,0,1,0,1,0,1.0,0.44,0.0,0.0,0.0,0.0,0.0,0.0,0.0,0.0,1.44,8
22500129,ORL,DET,80.6,79.6,"('Paolo Banchero', 'Wendell Carter Jr.')",0.1666666666666666,3,0,1,0,0,0,0,1,0,1,0,1.0,0.44,0.0,0.0,0.0,0.0,0.0,0.0,0.0,0.0,1.44,8
22500129,ORL,DET,80.0,79.2,"('Anthony Black', 'Franz Wagner')",0.3533333333333333,3,0,0,1,2,0,0,0,0,0,0,1.0,1.0,0.0,0.0,0.0,0.0,0.0,0.0,0.0,0.0,2.0,8
22500129,ORL,DET,80.0,79.2,"('Anthony Black', 'Goga Bitadze')",0.3533333333333333,3,0,0,1,2,0,0,0,0,0,0,1.0,1.0,0.0,0.0,0.0,0.0,0.0,0.0,0.0,0.0,2.0,8
22500129,ORL,DET,80.0,79.2,"('Anthony Black', 'Jalen Suggs')",0.3533333333333333,3,0,0,1,2,0,0,0,0,0,0,1.0,1.0,0.0,0.0,0.0,0.0,0.0,0.0,0.0,0.0,2.0,8
22500129,ORL,DET,80.0,79.2,"('Anthony Black', 'Noah Penda')",0.3533333333333333,3,0,0,1,2,0,0,0,0,0,0,1.0,1.0,0.0,0.0,0.0,0.0,0.0,0.0,0.0,0.0,2.0,8
22500129,ORL,DET,80.0,79.2,"('Franz Wagner', 'Goga Bitadze')",0.3533333333333333,3,0,0,1,2,0,0,0,0,0,0,1.0,1.0,0.0,0.0,0.0,0.0,0.0,0.0,0.0,0.0,2.0,8
22500129,ORL,DET,80.0,79.2,"('Franz Wagner', 'Jalen Suggs')",0.3533333333333333,3,0,0,1,2,0,0,0,0,0,0,1.0,1.0,0.0,0.0,0.0,0.0,0.0,0.0,0.0,0.0,2.0,8
22500129,ORL,DET,80.0,79.2,"('Franz Wagner', 'Noah Penda')",0.3533333333333333,3,0,0,1,2,0,0,0,0,0,0,1.0,1.0,0.0,0.0,0.0,0.0,0.0,0.0,0.0,0.0,2.0,8
22500129,ORL,DET,80.0,79.2,"('Goga Bitadze', 'Jalen Suggs')",0.3533333333333333,3,0,0,1,2,0,0,0,0,0,0,1.0,1.0,0.0,0.0,0.0,0.0,0.0,0.0,0.0,0.0,2.0,8
22500129,ORL,DET,80.0,79.2,"('Goga Bitadze', 'Noah Penda')",0.3533333333333333,3,0,0,1,2,0,0,0,0,0,0,1.0,1.0,0.0,0.0,0.0,0.0,0.0,0.0,0.0,0.0,2.0,8
22500129,ORL,DET,80.0,79.2,"('Jalen Suggs', 'Noah Penda')",0.3533333333333333,3,0,0,1,2,0,0,0,0,0,0,1.0,1.0,0.0,0.0,0.0,0.0,0.0,0.0,0.0,0.0,2.0,8
22500129,ORL,DET,80.2,79.6,"('Anthony Black', 'Desmond Bane')",1.9333333333333336,3,2,5,2,2,1,1,1,1,2,0,4.0,3.88,0.0,0.0,0.0,2.0,0.0,0.0,0.0,0.0,7.88,8
22500129,ORL,DET,80.2,79.6,"('Anthony Black', 'Goga Bitadze')",1.9333333333333336,3,2,5,2,2,1,1,1,1,2,0,4.0,3.88,0.0,0.0,0.0,2.0,0.0,0.0,0.0,0.0,7.88,8
22500129,ORL,DET,80.2,79.6,"('Anthony Black', 'Noah Penda')",1.9333333333333336,3,2,5,2,2,1,1,1,1,2,0,4.0,3.88,0.0,0.0,0.0,2.0,0.0,0.0,0.0,0.0,7.88,8
22500129,ORL,DET,80.2,79.6,"('Anthony Black', 'Paolo Banchero')",1.9333333333333336,3,2,5,2,2,1,1,1,1,2,0,4.0,3.88,0.0,0.0,0.0,2.0,0.0,0.0,0.0,0.0,7.88,8
22500129,ORL,DET,80.2,79.6,"('Desmond Bane', 'Goga Bitadze')",1.9333333333333336,3,2,5,2,2,1,1,1,1,2,0,4.0,3.88,0.0,0.0,0.0,2.0,0.0,0.0,0.0,0.0,7.88,8
22500129,ORL,DET,80.2,79.6,"('Desmond Bane', 'Noah Penda')",1.9333333333333336,3,2,5,2,2,1,1,1,1,2,0,4.0,3.88,0.0,0.0,0.0,2.0,0.0,0.0,0.0,0.0,7.88,8
22500129,ORL,DET,80.2,79.6,"('Desmond Bane', 'Paolo Banchero')",1.9333333333333336,3,2,5,2,2,1,1,1,1,2,0,4.0,3.88,0.0,0.0,0.0,2.0,0.0,0.0,0.0,0.0,7.88,8
22500129,ORL,DET,80.2,79.6,"('Goga Bitadze', 'Noah Penda')",1.9333333333333336,3,2,5,2,2,1,1,1,1,2,0,4.0,3.88,0.0,0.0,0.0,2.0,0.0,0.0,0.0,0.0,7.88,8
22500129,ORL,DET,80.2,79.6,"('Goga Bitadze', 'Paolo Banchero')",1.9333333333333336,3,2,5,2,2,1,1,1,1,2,0,4.0,3.88,0.0,0.0,0.0,2.0,0.0,0.0,0.0,0.0,7.88,8
22500129,ORL,DET,80.2,79.6,"('Noah Penda', 'Paolo Banchero')",1.9333333333333336,3,2,5,2,2,1,1,1,1,2,0,4.0,3.88,0.0,0.0,0.0,2.0,0.0,0.0,0.0,0.0,7.88,8
22500129,ORL,DET,80.6,79.0,"('Anthony Black', 'Desmond Bane')",0.9666666666666668,4,0,3,1,1,0,1,1,0,1,2,3.0,1.0,0.0,0.0,0.0,0.0,3.0,0.0,0.0,0.0,4.0,8
22500129,ORL,DET,80.6,79.0,"('Anthony Black', 'Franz Wagner')",0.9666666666666668,4,0,3,1,1,0,1,1,0,1,2,3.0,1.0,0.0,0.0,0.0,0.0,3.0,0.0,0.0,0.0,4.0,8
22500129,ORL,DET,80.6,79.0,"('Anthony Black', 'Paolo Banchero')",0.9666666666666668,4,0,3,1,1,0,1,1,0,1,2,3.0,1.0,0.0,0.0,0.0,0.0,3.0,0.0,0.0,0.0,4.0,8
22500129,ORL,DET,80.6,79.0,"('Anthony Black', 'Wendell Carter Jr.')",0.9666666666666668,4,0,3,1,1,0,1,1,0,1,2,3.0,1.0,0.0,0.0,0.0,0.0,3.0,0.0,0.0,0.0,4.0,8
22500129,ORL,DET,80.6,79.0,"('Desmond Bane', 'Franz Wagner')",0.9666666666666668,4,0,3,1,1,0,1,1,0,1,2,3.0,1.0,0.0,0.0,0.0,0.0,3.0,0.0,0.0,0.0,4.0,8
22500129,ORL,DET,80.6,79.0,"('Desmond Bane', 'Paolo Banchero')",0.9666666666666668,4,0,3,1,1,0,1,1,0,1,2,3.0,1.0,0.0,0.0,0.0,0.0,3.0,0.0,0.0,0.0,4.0,8
22500129,ORL,DET,80.6,79.0,"('Desmond Bane', 'Wendell Carter Jr.')",0.9666666666666668,4,0,3,1,1,0,1,1,0,1,2,3.0,1.0,0.0,0.0,0.0,0.0,3.0,0.0,0.0,0.0,4.0,8
22500129,ORL,DET,80.6,79.0,"('Franz Wagner', 'Paolo Banchero')",0.9666666666666668,4,0,3,1,1,0,1,1,0,1,2,3.0,1.0,0.0,0.0,0.0,0.0,3.0,0.0,0.0,0.0,4.0,8
22500129,ORL,DET,80.6,79.0,"('Franz Wagner', 'Wendell Carter Jr.')",0.9666666666666668,4,0,3,1,1,0,1,1,0,1,2,3.0,1.0,0.0,0.0,0.0,0.0,3.0,0.0,0.0,0.0,4.0,8
22500129,ORL,DET,80.6,79.0,"('Paolo Banchero', 'Wendell Carter Jr.')",0.9666666666666668,4,0,3,1,1,0,1,1,0,1,2,3.0,1.0,0.0,0.0,0.0,0.0,3.0,0.0,0.0,0.0,4.0,8
22500138,ORL,CHA,80.6,79.0,"('Anthony Black', 'Desmond Bane')",5.8500000000000005,3,12,15,5,5,3,2,2,4,3,2,13.0,13.32,2.0,4.0,2.0,10.0,3.0,0.0,2.0,6.0,26.32,9
22500138,ORL,CHA,80.6,79.0,"('Anthony Black', 'Franz Wagner')",5.8500000000000005,3,12,15,5,5,3,2,2,4,3,2,13.0,13.32,2.0,4.0,2.0,10.0,3.0,0.0,2.0,6.0,26.32,9
22500138,ORL,CHA,80.6,79.0,"('Anthony Black', 'Paolo Banchero')",5.8500000000000005,3,12,15,5,5,3,2,2,4,3,2,13.0,13.32,2.0,4.0,2.0,10.0,3.0,0.0,2.0,6.0,26.32,9
22500138,ORL,CHA,80.6,79.0,"('Anthony Black', 'Wendell Carter Jr.')",5.8500000000000005,3,12,15,5,5,3,2,2,4,3,2,13.0,13.32,2.0,4.0,2.0,10.0,3.0,0.0,2.0,6.0,26.32,9
22500138,ORL,CHA,80.6,79.0,"('Desmond Bane', 'Franz Wagner')",5.8500000000000005,3,12,15,5,5,3,2,2,4,3,2,13.0,13.32,2.0,4.0,2.0,10.0,3.0,0.0,2.0,6.0,26.32,9
22500138,ORL,CHA,80.6,79.0,"('Desmond Bane', 'Paolo Banchero')",5.8500000000000005,3,12,15,5,5,3,2,2,4,3,2,13.0,13.32,2.0,4.0,2.0,10.0,3.0,0.0,2.0,6.0,26.32,9
22500138,ORL,CHA,80.6,79.0,"('Desmond Bane', 'Wendell Carter Jr.')",5.8500000000000005,3,12,15,5,5,3,2,2,4,3,2,13.0,13.32,2.0,4.0,2.0,10.0,3.0,0.0,2.0,6.0,26.32,9
22500138,ORL,CHA,80.6,79.0,"('Franz Wagner', 'Paolo Banchero')",5.8500000000000005,3,12,15,5,5,3,2,2,4,3,2,13.0,13.32,2.0,4.0,2.0,10.0,3.0,0.0,2.0,6.0,26.32,9
22500138,ORL,CHA,80.6,79.0,"('Franz Wagner', 'Wendell Carter Jr.')",5.8500000000000005,3,12,15,5,5,3,2,2,4,3,2,13.0,13.32,2.0,4.0,2.0,10.0,3.0,0.0,2.0,6.0,26.32,9
22500138,ORL,CHA,80.6,79.0,"('Paolo Banchero', 'Wendell Carter Jr.')",5.8500000000000005,3,12,15,5,5,3,2,2,4,3,2,13.0,13.32,2.0,4.0,2.0,10.0,3.0,0.0,2.0,6.0,26.32,9
22500138,ORL,CHA,80.0,79.2,"('Anthony Black', 'Desmond Bane')",1.9666666666666663,4,2,10,0,1,0,4,1,0,1,1,4.0,4.0,0.0,0.0,0.0,2.0,3.0,0.0,2.0,4.0,8.0,9
22500138,ORL,CHA,80.0,79.2,"('Anthony Black', 'Noah Penda')",1.9666666666666663,4,2,10,0,1,0,4,1,0,1,1,4.0,4.0,0.0,0.0,0.0,2.0,3.0,0.0,2.0,4.0,8.0,9
22500138,ORL,CHA,80.0,79.2,"('Anthony Black', 'Paolo Banchero')",1.9666666666666663,4,2,10,0,1,0,4,1,0,1,1,4.0,4.0,0.0,0.0,0.0,2.0,3.0,0.0,2.0,4.0,8.0,9
22500138,ORL,CHA,80.0,79.2,"('Anthony Black', 'Wendell Carter Jr.')",1.9666666666666663,4,2,10,0,1,0,4,1,0,1,1,4.0,4.0,0.0,0.0,0.0,2.0,3.0,0.0,2.0,4.0,8.0,9
22500138,ORL,CHA,80.0,79.2,"('Desmond Bane', 'Noah Penda')",1.9666666666666663,4,2,10,0,1,0,4,1,0,1,1,4.0,4.0,0.0,0.0,0.0,2.0,3.0,0.0,2.0,4.0,8.0,9
22500138,ORL,CHA,80.0,79.2,"('Desmond Bane', 'Paolo Banchero')",1.9666666666666663,4,2,10,0,1,0,4,1,0,1,1,4.0,4.0,0.0,0.0,0.0,2.0,3.0,0.0,2.0,4.0,8.0,9
22500138,ORL,CHA,80.0,79.2,"('Desmond Bane', 'Wendell Carter Jr.')",1.9666666666666663,4,2,10,0,1,0,4,1,0,1,1,4.0,4.0,0.0,0.0,0.0,2.0,3.0,0.0,2.0,4.0,8.0,9
22500138,ORL,CHA,80.0,79.2,"('Noah Penda', 'Paolo Banchero')",1.9666666666666663,4,2,10,0,1,0,4,1,0,1,1,4.0,4.0,0.0,0.0,0.0,2.0,3.0,0.0,2.0,4.0,8.0,9
22500138,ORL,CHA,80.0,79.2,"('Noah Penda', 'Wendell Carter Jr.')",1.9666666666666663,4,2,10,0,1,0,4,1,0,1,1,4.0,4.0,0.0,0.0,0.0,2.0,3.0,0.0,2.0,4.0,8.0,9
22500138,ORL,CHA,80.0,79.2,"('Paolo Banchero', 'Wendell Carter Jr.')",1.9666666666666663,4,2,10,0,1,0,4,1,0,1,1,4.0,4.0,0.0,0.0,0.0,2.0,3.0,0.0,2.0,4.0,8.0,9
22500138,ORL,CHA,81.0,79.2,"('Anthony Black', 'Franz Wagner')",2.1166666666666667,4,5,2,2,2,1,0,0,3,0,1,4.0,5.0,2.0,2.0,3.0,2.0,0.0,0.0,0.0,2.0,9.0,9
22500138,ORL,CHA,81.0,79.2,"('Anthony Black', 'Jonathan Isaac')",2.1166666666666667,4,5,2,2,2,1,0,0,3,0,1,4.0,5.0,2.0,2.0,3.0,2.0,0.0,0.0,0.0,2.0,9.0,9
22500138,ORL,CHA,81.0,79.2,"('Anthony Black', 'Tristan da Silva')",2.1166666666666667,4,5,2,2,2,1,0,0,3,0,1,4.0,5.0,2.0,2.0,3.0,2.0,0.0,0.0,0.0,2.0,9.0,9
22500138,ORL,CHA,81.0,79.2,"('Anthony Black', 'Wendell Carter Jr.')",2.1166666666666667,4,5,2,2,2,1,0,0,3,0,1,4.0,5.0,2.0,2.0,3.0,2.0,0.0,0.0,0.0,2.0,9.0,9
22500138,ORL,CHA,81.0,79.2,"('Franz Wagner', 'Jonathan Isaac')",2.1166666666666667,4,5,2,2,2,1,0,0,3,0,1,4.0,5.0,2.0,2.0,3.0,2.0,0.0,0.0,0.0,2.0,9.0,9
22500138,ORL,CHA,81.0,79.2,"('Franz Wagner', 'Tristan da Silva')",2.1166666666666667,4,5,2,2,2,1,0,0,3,0,1,4.0,5.0,2.0,2.0,3.0,2.0,0.0,0.0,0.0,2.0,9.0,9
22500138,ORL,CHA,81.0,79.2,"('Franz Wagner', 'Wendell Carter Jr.')",2.1166666666666667,4,5,2,2,2,1,0,0,3,0,1,4.0,5.0,2.0,2.0,3.0,2.0,0.0,0.0,0.0,2.0,9.0,9
22500138,ORL,CHA,81.0,79.2,"('Jonathan Isaac', 'Tristan da Silva')",2.1166666666666667,4,5,2,2,2,1,0,0,3,0,1,4.0,5.0,2.0,2.0,3.0,2.0,0.0,0.0,0.0,2.0,9.0,9
22500138,ORL,CHA,81.0,79.2,"('Jonathan Isaac', 'Wendell Carter Jr.')",2.1166666666666667,4,5,2,2,2,1,0,0,3,0,1,4.0,5.0,2.0,2.0,3.0,2.0,0.0,0.0,0.0,2.0,9.0,9
22500138,ORL,CHA,81.0,79.2,"('Tristan da Silva', 'Wendell Carter Jr.')",2.1166666666666667,4,5,2,2,2,1,0,0,3,0,1,4.0,5.0,2.0,2.0,3.0,2.0,0.0,0.0,0.0,2.0,9.0,9
22500138,ORL,CHA,80.6,79.2,"('Anthony Black', 'Desmond Bane')",3.5833333333333326,4,12,3,3,2,3,1,0,1,1,0,7.0,7.0,2.0,5.0,0.0,4.0,0.0,0.0,0.0,0.0,14.0,9
22500138,ORL,CHA,80.6,79.2,"('Anthony Black', 'Franz Wagner')",3.5833333333333326,4,12,3,3,2,3,1,0,1,1,0,7.0,7.0,2.0,5.0,0.0,4.0,0.0,0.0,0.0,0.0,14.0,9
22500138,ORL,CHA,80.6,79.2,"('Anthony Black', 'Paolo Banchero')",3.5833333333333326,4,12,3,3,2,3,1,0,1,1,0,7.0,7.0,2.0,5.0,0.0,4.0,0.0,0.0,0.0,0.0,14.0,9
22500138,ORL,CHA,80.6,79.2,"('Anthony Black', 'Wendell Carter Jr.')",3.5833333333333326,4,12,3,3,2,3,1,0,1,1,0,7.0,7.0,2.0,5.0,0.0,4.0,0.0,0.0,0.0,0.0,14.0,9
22500138,ORL,CHA,80.6,79.2,"('Desmond Bane', 'Franz Wagner')",3.5833333333333326,4,12,3,3,2,3,1,0,1,1,0,7.0,7.0,2.0,5.0,0.0,4.0,0.0,0.0,0.0,0.0,14.0,9
22500138,ORL,CHA,80.6,79.2,"('Desmond Bane', 'Paolo Banchero')",3.5833333333333326,4,12,3,3,2,3,1,0,1,1,0,7.0,7.0,2.0,5.0,0.0,4.0,0.0,0.0,0.0,0.0,14.0,9
22500138,ORL,CHA,80.6,79.2,"('Desmond Bane', 'Wendell Carter Jr.')",3.5833333333333326,4,12,3,3,2,3,1,0,1,1,0,7.0,7.0,2.0,5.0,0.0,4.0,0.0,0.0,0.0,0.0,14.0,9
22500138,ORL,CHA,80.6,79.2,"('Franz Wagner', 'Paolo Banchero')",3.5833333333333326,4,12,3,3,2,3,1,0,1,1,0,7.0,7.0,2.0,5.0,0.0,4.0,0.0,0.0,0.0,0.0,14.0,9
22500138,ORL,CHA,80.6,79.2,"('Franz Wagner', 'Wendell Carter Jr.')",3.5833333333333326,4,12,3,3,2,3,1,0,1,1,0,7.0,7.0,2.0,5.0,0.0,4.0,0.0,0.0,0.0,0.0,14.0,9
22500138,ORL,CHA,80.6,79.2,"('Paolo Banchero', 'Wendell Carter Jr.')",3.5833333333333326,4,12,3,3,2,3,1,0,1,1,0,7.0,7.0,2.0,5.0,0.0,4.0,0.0,0.0,0.0,0.0,14.0,9
22500138,ORL,CHA,79.6,79.4,"('Franz Wagner', 'Jonathan Isaac')",2.2,4,7,0,2,2,2,0,0,2,1,2,4.44,4.0,0.0,3.0,3.0,0.0,0.0,0.0,0.0,0.0,8.44,9
22500138,ORL,CHA,79.6,79.4,"('Franz Wagner', 'Tristan da Silva')",2.2,4,7,0,2,2,2,0,0,2,1,2,4.44,4.0,0.0,3.0,3.0,0.0,0.0,0.0,0.0,0.0,8.44,9
22500138,ORL,CHA,79.6,79.4,"('Franz Wagner', 'Tyus Jones')",2.2,4,7,0,2,2,2,0,0,2,1,2,4.44,4.0,0.0,3.0,3.0,0.0,0.0,0.0,0.0,0.0,8.44,9
22500138,ORL,CHA,79.6,79.4,"('Franz Wagner', 'Wendell Carter Jr.')",2.2,4,7,0,2,2,2,0,0,2,1,2,4.44,4.0,0.0,3.0,3.0,0.0,0.0,0.0,0.0,0.0,8.44,9
22500138,ORL,CHA,79.6,79.4,"('Jonathan Isaac', 'Tristan da Silva')",2.2,4,7,0,2,2,2,0,0,2,1,2,4.44,4.0,0.0,3.0,3.0,0.0,0.0,0.0,0.0,0.0,8.44,9
22500138,ORL,CHA,79.6,79.4,"('Jonathan Isaac', 'Tyus Jones')",2.2,4,7,0,2,2,2,0,0,2,1,2,4.44,4.0,0.0,3.0,3.0,0.0,0.0,0.0,0.0,0.0,8.44,9
22500138,ORL,CHA,79.6,79.4,"('Jonathan Isaac', 'Wendell Carter Jr.')",2.2,4,7,0,2,2,2,0,0,2,1,2,4.44,4.0,0.0,3.0,3.0,0.0,0.0,0.0,0.0,0.0,8.44,9
22500138,ORL,CHA,79.6,79.4,"('Tristan da Silva', 'Tyus Jones')",2.2,4,7,0,2,2,2,0,0,2,1,2,4.44,4.0,0.0,3.0,3.0,0.0,0.0,0.0,0.0,0.0,8.44,9
22500138,ORL,CHA,79.6,79.4,"('Tristan da Silva', 'Wendell Carter Jr.')",2.2,4,7,0,2,2,2,0,0,2,1,2,4.44,4.0,0.0,3.0,3.0,0.0,0.0,0.0,0.0,0.0,8.44,9
22500138,ORL,CHA,79.6,79.4,"('Tyus Jones', 'Wendell Carter Jr.')",2.2,4,7,0,2,2,2,0,0,2,1,2,4.44,4.0,0.0,3.0,3.0,0.0,0.0,0.0,0.0,0.0,8.44,9
22500138,ORL,CHA,79.0,78.2,"('Desmond Bane', 'Franz Wagner')",0.0,3,0,0,0,0,0,0,0,0,0,0,0.0,0.0,0.0,0.0,0.0,0.0,0.0,0.0,0.0,0.0,0.0,9
22500138,ORL,CHA,79.0,78.2,"('Desmond Bane', 'Goga Bitadze')",0.0,3,0,0,0,0,0,0,0,0,0,0,0.0,0.0,0.0,0.0,0.0,0.0,0.0,0.0,0.0,0.0,0.0,9
22500138,ORL,CHA,79.0,78.2,"('Desmond Bane', 'Tristan da Silva')",0.0,3,0,0,0,0,0,0,0,0,0,0,0.0,0.0,0.0,0.0,0.0,0.0,0.0,0.0,0.0,0.0,0.0,9
22500138,ORL,CHA,79.0,78.2,"('Desmond Bane', 'Tyus Jones')",0.0,3,0,0,0,0,0,0,0,0,0,0,0.0,0.0,0.0,0.0,0.0,0.0,0.0,0.0,0.0,0.0,0.0,9
22500138,ORL,CHA,79.0,78.2,"('Franz Wagner', 'Goga Bitadze')",0.0,3,0,0,0,0,0,0,0,0,0,0,0.0,0.0,0.0,0.0,0.0,0.0,0.0,0.0,0.0,0.0,0.0,9
22500138,ORL,CHA,79.0,78.2,"('Franz Wagner', 'Tristan da Silva')",0.0,3,0,0,0,0,0,0,0,0,0,0,0.0,0.0,0.0,0.0,0.0,0.0,0.0,0.0,0.0,0.0,0.0,9
22500138,ORL,CHA,79.0,78.2,"('Franz Wagner', 'Tyus Jones')",0.0,3,0,0,0,0,0,0,0,0,0,0,0.0,0.0,0.0,0.0,0.0,0.0,0.0,0.0,0.0,0.0,0.0,9
22500138,ORL,CHA,79.0,78.2,"('Goga Bitadze', 'Tristan da Silva')",0.0,3,0,0,0,0,0,0,0,0,0,0,0.0,0.0,0.0,0.0,0.0,0.0,0.0,0.0,0.0,0.0,0.0,9
22500138,ORL,CHA,79.0,78.2,"('Goga Bitadze', 'Tyus Jones')",0.0,3,0,0,0,0,0,0,0,0,0,0,0.0,0.0,0.0,0.0,0.0,0.0,0.0,0.0,0.0,0.0,0.0,9
22500138,ORL,CHA,79.0,78.2,"('Tristan da Silva', 'Tyus Jones')",0.0,3,0,0,0,0,0,0,0,0,0,0,0.0,0.0,0.0,0.0,0.0,0.0,0.0,0.0,0.0,0.0,0.0,9
22500138,ORL,CHA,79.2,78.2,"('Goga Bitadze', 'Noah Penda')",1.1666666666666667,3,0,0,3,3,0,0,1,0,0,0,3.0,2.0,0.0,0.0,0.0,0.0,0.0,0.0,0.0,0.0,5.0,9
22500138,ORL,CHA,79.2,78.2,"('Goga Bitadze', 'Paolo Banchero')",1.1666666666666667,3,0,0,3,3,0,0,1,0,0,0,3.0,2.0,0.0,0.0,0.0,0.0,0.0,0.0,0.0,0.0,5.0,9
22500138,ORL,CHA,79.2,78.2,"('Goga Bitadze', 'Tristan da Silva')",1.1666666666666667,3,0,0,3,3,0,0,1,0,0,0,3.0,2.0,0.0,0.0,0.0,0.0,0.0,0.0,0.0,0.0,5.0,9
22500138,ORL,CHA,79.2,78.2,"('Goga Bitadze', 'Tyus Jones')",1.1666666666666667,3,0,0,3,3,0,0,1,0,0,0,3.0,2.0,0.0,0.0,0.0,0.0,0.0,0.0,0.0,0.0,5.0,9
22500138,ORL,CHA,79.2,78.2,"('Noah Penda', 'Paolo Banchero')",1.1666666666666667,3,0,0,3,3,0,0,1,0,0,0,3.0,2.0,0.0,0.0,0.0,0.0,0.0,0.0,0.0,0.0,5.0,9
22500138,ORL,CHA,79.2,78.2,"('Noah Penda', 'Tristan da Silva')",1.1666666666666667,3,0,0,3,3,0,0,1,0,0,0,3.0,2.0,0.0,0.0,0.0,0.0,0.0,0.0,0.0,0.0,5.0,9
22500138,ORL,CHA,79.2,78.2,"('Noah Penda', 'Tyus Jones')",1.1666666666666667,3,0,0,3,3,0,0,1,0,0,0,3.0,2.0,0.0,0.0,0.0,0.0,0.0,0.0,0.0,0.0,5.0,9
22500138,ORL,CHA,79.2,78.2,"('Paolo Banchero', 'Tristan da Silva')",1.1666666666666667,3,0,0,3,3,0,0,1,0,0,0,3.0,2.0,0.0,0.0,0.0,0.0,0.0,0.0,0.0,0.0,5.0,9
22500138,ORL,CHA,79.2,78.2,"('Paolo Banchero', 'Tyus Jones')",1.1666666666666667,3,0,0,3,3,0,0,1,0,0,0,3.0,2.0,0.0,0.0,0.0,0.0,0.0,0.0,0.0,0.0,5.0,9
22500138,ORL,CHA,79.2,78.2,"('Tristan da Silva', 'Tyus Jones')",1.1666666666666667,3,0,0,3,3,0,0,1,0,0,0,3.0,2.0,0.0,0.0,0.0,0.0,0.0,0.0,0.0,0.0,5.0,9
22500138,ORL,CHA,78.8,79.0,"('Jase Richardson', 'Jett Howard')",1.68,4,5,7,0,1,2,2,1,0,1,1,4.0,2.88,0.0,0.0,0.0,2.0,3.0,3.0,0.0,2.0,6.88,9
22500138,ORL,CHA,78.8,79.0,"('Jase Richardson', 'Noah Penda')",1.68,4,5,7,0,1,2,2,1,0,1,1,4.0,2.88,0.0,0.0,0.0,2.0,3.0,3.0,0.0,2.0,6.88,9
22500138,ORL,CHA,78.8,79.0,"('Jase Richardson', 'Orlando Robinson')",1.68,4,5,7,0,1,2,2,1,0,1,1,4.0,2.88,0.0,0.0,0.0,2.0,3.0,3.0,0.0,2.0,6.88,9
22500138,ORL,CHA,78.8,79.0,"('Jase Richardson', 'Tristan da Silva')",1.68,4,5,7,0,1,2,2,1,0,1,1,4.0,2.88,0.0,0.0,0.0,2.0,3.0,3.0,0.0,2.0,6.88,9
22500138,ORL,CHA,78.8,79.0,"('Jett Howard', 'Noah Penda')",1.68,4,5,7,0,1,2,2,1,0,1,1,4.0,2.88,0.0,0.0,0.0,2.0,3.0,3.0,0.0,2.0,6.88,9
22500138,ORL,CHA,78.8,79.0,"('Jett Howard', 'Orlando Robinson')",1.68,4,5,7,0,1,2,2,1,0,1,1,4.0,2.88,0.0,0.0,0.0,2.0,3.0,3.0,0.0,2.0,6.88,9
22500138,ORL,CHA,78.8,79.0,"('Jett Howard', 'Tristan da Silva')",1.68,4,5,7,0,1,2,2,1,0,1,1,4.0,2.88,0.0,0.0,0.0,2.0,3.0,3.0,0.0,2.0,6.88,9
22500138,ORL,CHA,78.8,79.0,"('Noah Penda', 'Orlando Robinson')",1.68,4,5,7,0,1,2,2,1,0,1,1,4.0,2.88,0.0,0.0,0.0,2.0,3.0,3.0,0.0,2.0,6.88,9
22500138,ORL,CHA,78.8,79.0,"('Noah Penda', 'Tristan da Silva')",1.68,4,5,7,0,1,2,2,1,0,1,1,4.0,2.88,0.0,0.0,0.0,2.0,3.0,3.0,0.0,2.0,6.88,9
22500138,ORL,CHA,78.8,79.0,"('Orlando Robinson', 'Tristan da Silva')",1.68,4,5,7,0,1,2,2,1,0,1,1,4.0,2.88,0.0,0.0,0.0,2.0,3.0,3.0,0.0,2.0,6.88,9
22500138,ORL,CHA,80.6,77.8,"('Anthony Black', 'Desmond Bane')",1.9833333333333336,2,3,3,2,2,1,0,0,1,1,1,2.0,3.44,0.0,0.0,0.0,0.0,0.0,0.0,2.0,2.0,5.44,9
22500138,ORL,CHA,80.6,77.8,"('Anthony Black', 'Franz Wagner')",1.9833333333333336,2,3,3,2,2,1,0,0,1,1,1,2.0,3.44,0.0,0.0,0.0,0.0,0.0,0.0,2.0,2.0,5.44,9
22500138,ORL,CHA,80.6,77.8,"('Anthony Black', 'Jonathan Isaac')",1.9833333333333336,2,3,3,2,2,1,0,0,1,1,1,2.0,3.44,0.0,0.0,0.0,0.0,0.0,0.0,2.0,2.0,5.44,9
22500138,ORL,CHA,80.6,77.8,"('Anthony Black', 'Paolo Banchero')",1.9833333333333336,2,3,3,2,2,1,0,0,1,1,1,2.0,3.44,0.0,0.0,0.0,0.0,0.0,0.0,2.0,2.0,5.44,9
22500138,ORL,CHA,80.6,77.8,"('Desmond Bane', 'Franz Wagner')",1.9833333333333336,2,3,3,2,2,1,0,0,1,1,1,2.0,3.44,0.0,0.0,0.0,0.0,0.0,0.0,2.0,2.0,5.44,9
22500138,ORL,CHA,80.6,77.8,"('Desmond Bane', 'Jonathan Isaac')",1.9833333333333336,2,3,3,2,2,1,0,0,1,1,1,2.0,3.44,0.0,0.0,0.0,0.0,0.0,0.0,2.0,2.0,5.44,9
22500138,ORL,CHA,80.6,77.8,"('Desmond Bane', 'Paolo Banchero')",1.9833333333333336,2,3,3,2,2,1,0,0,1,1,1,2.0,3.44,0.0,0.0,0.0,0.0,0.0,0.0,2.0,2.0,5.44,9
22500138,ORL,CHA,80.6,77.8,"('Franz Wagner', 'Jonathan Isaac')",1.9833333333333336,2,3,3,2,2,1,0,0,1,1,1,2.0,3.44,0.0,0.0,0.0,0.0,0.0,0.0,2.0,2.0,5.44,9
22500138,ORL,CHA,80.6,77.8,"('Franz Wagner', 'Paolo Banchero')",1.9833333333333336,2,3,3,2,2,1,0,0,1,1,1,2.0,3.44,0.0,0.0,0.0,0.0,0.0,0.0,2.0,2.0,5.44,9
22500138,ORL,CHA,80.6,77.8,"('Jonathan Isaac', 'Paolo Banchero')",1.9833333333333336,2,3,3,2,2,1,0,0,1,1,1,2.0,3.44,0.0,0.0,0.0,0.0,0.0,0.0,2.0,2.0,5.44,9
22500138,ORL,CHA,80.2,78.4,"('Anthony Black', 'Desmond Bane')",4.116666666666666,2,15,10,4,3,3,3,2,1,2,4,10.76,10.0,0.0,3.0,0.0,2.0,0.0,2.0,0.0,10.0,20.76,9
22500138,ORL,CHA,80.2,78.4,"('Anthony Black', 'Goga Bitadze')",4.116666666666666,2,15,10,4,3,3,3,2,1,2,4,10.76,10.0,0.0,3.0,0.0,2.0,0.0,2.0,0.0,10.0,20.76,9
22500138,ORL,CHA,80.2,78.4,"('Anthony Black', 'Noah Penda')",4.116666666666666,2,15,10,4,3,3,3,2,1,2,4,10.76,10.0,0.0,3.0,0.0,2.0,0.0,2.0,0.0,10.0,20.76,9
22500138,ORL,CHA,80.2,78.4,"('Anthony Black', 'Paolo Banchero')",4.116666666666666,2,15,10,4,3,3,3,2,1,2,4,10.76,10.0,0.0,3.0,0.0,2.0,0.0,2.0,0.0,10.0,20.76,9
22500138,ORL,CHA,80.2,78.4,"('Desmond Bane', 'Goga Bitadze')",4.116666666666666,2,15,10,4,3,3,3,2,1,2,4,10.76,10.0,0.0,3.0,0.0,2.0,0.0,2.0,0.0,10.0,20.76,9
22500138,ORL,CHA,80.2,78.4,"('Desmond Bane', 'Noah Penda')",4.116666666666666,2,15,10,4,3,3,3,2,1,2,4,10.76,10.0,0.0,3.0,0.0,2.0,0.0,2.0,0.0,10.0,20.76,9
22500138,ORL,CHA,80.2,78.4,"('Desmond Bane', 'Paolo Banchero')",4.116666666666666,2,15,10,4,3,3,3,2,1,2,4,10.76,10.0,0.0,3.0,0.0,2.0,0.0,2.0,0.0,10.0,20.76,9
22500138,ORL,CHA,80.2,78.4,"('Goga Bitadze', 'Noah Penda')",4.116666666666666,2,15,10,4,3,3,3,2,1,2,4,10.76,10.0,0.0,3.0,0.0,2.0,0.0,2.0,0.0,10.0,20.76,9
22500138,ORL,CHA,80.2,78.4,"('Goga Bitadze', 'Paolo Banchero')",4.116666666666666,2,15,10,4,3,3,3,2,1,2,4,10.76,10.0,0.0,3.0,0.0,2.0,0.0,2.0,0.0,10.0,20.76,9
22500138,ORL,CHA,80.2,78.4,"('Noah Penda', 'Paolo Banchero')",4.116666666666666,2,15,10,4,3,3,3,2,1,2,4,10.76,10.0,0.0,3.0,0.0,2.0,0.0,2.0,0.0,10.0,20.76,9
22500138,ORL,CHA,81.0,80.0,"('Desmond Bane', 'Franz Wagner')",1.5166666666666666,2,6,5,2,0,1,2,0,0,1,1,3.0,3.0,2.0,0.0,2.0,6.0,0.0,0.0,0.0,2.0,6.0,9
22500138,ORL,CHA,81.0,80.0,"('Desmond Bane', 'Goga Bitadze')",1.5166666666666666,2,6,5,2,0,1,2,0,0,1,1,3.0,3.0,2.0,0.0,2.0,6.0,0.0,0.0,0.0,2.0,6.0,9
22500138,ORL,CHA,81.0,80.0,"('Desmond Bane', 'Paolo Banchero')",1.5166666666666666,2,6,5,2,0,1,2,0,0,1,1,3.0,3.0,2.0,0.0,2.0,6.0,0.0,0.0,0.0,2.0,6.0,9
22500138,ORL,CHA,81.0,80.0,"('Desmond Bane', 'Tristan da Silva')",1.5166666666666666,2,6,5,2,0,1,2,0,0,1,1,3.0,3.0,2.0,0.0,2.0,6.0,0.0,0.0,0.0,2.0,6.0,9
22500138,ORL,CHA,81.0,80.0,"('Franz Wagner', 'Goga Bitadze')",1.5166666666666666,2,6,5,2,0,1,2,0,0,1,1,3.0,3.0,2.0,0.0,2.0,6.0,0.0,0.0,0.0,2.0,6.0,9
22500138,ORL,CHA,81.0,80.0,"('Franz Wagner', 'Paolo Banchero')",1.5166666666666666,2,6,5,2,0,1,2,0,0,1,1,3.0,3.0,2.0,0.0,2.0,6.0,0.0,0.0,0.0,2.0,6.0,9
22500138,ORL,CHA,81.0,80.0,"('Franz Wagner', 'Tristan da Silva')",1.5166666666666666,2,6,5,2,0,1,2,0,0,1,1,3.0,3.0,2.0,0.0,2.0,6.0,0.0,0.0,0.0,2.0,6.0,9
22500138,ORL,CHA,81.0,80.0,"('Goga Bitadze', 'Paolo Banchero')",1.5166666666666666,2,6,5,2,0,1,2,0,0,1,1,3.0,3.0,2.0,0.0,2.0,6.0,0.0,0.0,0.0,2.0,6.0,9
22500138,ORL,CHA,81.0,80.0,"('Goga Bitadze', 'Tristan da Silva')",1.5166666666666666,2,6,5,2,0,1,2,0,0,1,1,3.0,3.0,2.0,0.0,2.0,6.0,0.0,0.0,0.0,2.0,6.0,9
22500138,ORL,CHA,81.0,80.0,"('Paolo Banchero', 'Tristan da Silva')",1.5166666666666666,2,6,5,2,0,1,2,0,0,1,1,3.0,3.0,2.0,0.0,2.0,6.0,0.0,0.0,0.0,2.0,6.0,9
22500138,ORL,CHA,80.4,79.6,"('Anthony Black', 'Desmond Bane')",0.6166666666666667,2,0,3,0,1,0,0,1,0,1,0,2.0,1.44,0.0,0.0,0.0,0.0,0.0,0.0,0.0,2.0,3.44,9
22500138,ORL,CHA,80.4,79.6,"('Anthony Black', 'Goga Bitadze')",0.6166666666666667,2,0,3,0,1,0,0,1,0,1,0,2.0,1.44,0.0,0.0,0.0,0.0,0.0,0.0,0.0,2.0,3.44,9
22500138,ORL,CHA,80.4,79.6,"('Anthony Black', 'Paolo Banchero')",0.6166666666666667,2,0,3,0,1,0,0,1,0,1,0,2.0,1.44,0.0,0.0,0.0,0.0,0.0,0.0,0.0,2.0,3.44,9
22500138,ORL,CHA,80.4,79.6,"('Anthony Black', 'Tristan da Silva')",0.6166666666666667,2,0,3,0,1,0,0,1,0,1,0,2.0,1.44,0.0,0.0,0.0,0.0,0.0,0.0,0.0,2.0,3.44,9
22500138,ORL,CHA,80.4,79.6,"('Desmond Bane', 'Goga Bitadze')",0.6166666666666667,2,0,3,0,1,0,0,1,0,1,0,2.0,1.44,0.0,0.0,0.0,0.0,0.0,0.0,0.0,2.0,3.44,9
22500138,ORL,CHA,80.4,79.6,"('Desmond Bane', 'Paolo Banchero')",0.6166666666666667,2,0,3,0,1,0,0,1,0,1,0,2.0,1.44,0.0,0.0,0.0,0.0,0.0,0.0,0.0,2.0,3.44,9
22500138,ORL,CHA,80.4,79.6,"('Desmond Bane', 'Tristan da Silva')",0.6166666666666667,2,0,3,0,1,0,0,1,0,1,0,2.0,1.44,0.0,0.0,0.0,0.0,0.0,0.0,0.0,2.0,3.44,9
22500138,ORL,CHA,80.4,79.6,"('Goga Bitadze', 'Paolo Banchero')",0.6166666666666667,2,0,3,0,1,0,0,1,0,1,0,2.0,1.44,0.0,0.0,0.0,0.0,0.0,0.0,0.0,2.0,3.44,9
22500138,ORL,CHA,80.4,79.6,"('Goga Bitadze', 'Tristan da Silva')",0.6166666666666667,2,0,3,0,1,0,0,1,0,1,0,2.0,1.44,0.0,0.0,0.0,0.0,0.0,0.0,0.0,2.0,3.44,9
22500138,ORL,CHA,80.4,79.6,"('Paolo Banchero', 'Tristan da Silva')",0.6166666666666667,2,0,3,0,1,0,0,1,0,1,0,2.0,1.44,0.0,0.0,0.0,0.0,0.0,0.0,0.0,2.0,3.44,9
22500138,ORL,CHA,81.0,79.0,"('Anthony Black', 'Franz Wagner')",0.5,3,0,3,0,0,0,1,2,0,0,0,2.0,1.44,0.0,0.0,0.0,0.0,2.0,2.0,0.0,2.0,3.44,9
22500138,ORL,CHA,81.0,79.0,"('Anthony Black', 'Paolo Banchero')",0.5,3,0,3,0,0,0,1,2,0,0,0,2.0,1.44,0.0,0.0,0.0,0.0,2.0,2.0,0.0,2.0,3.44,9
22500138,ORL,CHA,81.0,79.0,"('Anthony Black', 'Tristan da Silva')",0.5,3,0,3,0,0,0,1,2,0,0,0,2.0,1.44,0.0,0.0,0.0,0.0,2.0,2.0,0.0,2.0,3.44,9
22500138,ORL,CHA,81.0,79.0,"('Anthony Black', 'Wendell Carter Jr.')",0.5,3,0,3,0,0,0,1,2,0,0,0,2.0,1.44,0.0,0.0,0.0,0.0,2.0,2.0,0.0,2.0,3.44,9
22500138,ORL,CHA,81.0,79.0,"('Franz Wagner', 'Paolo Banchero')",0.5,3,0,3,0,0,0,1,2,0,0,0,2.0,1.44,0.0,0.0,0.0,0.0,2.0,2.0,0.0,2.0,3.44,9
22500138,ORL,CHA,81.0,79.0,"('Franz Wagner', 'Tristan da Silva')",0.5,3,0,3,0,0,0,1,2,0,0,0,2.0,1.44,0.0,0.0,0.0,0.0,2.0,2.0,0.0,2.0,3.44,9
22500138,ORL,CHA,81.0,79.0,"('Franz Wagner', 'Wendell Carter Jr.')",0.5,3,0,3,0,0,0,1,2,0,0,0,2.0,1.44,0.0,0.0,0.0,0.0,2.0,2.0,0.0,2.0,3.44,9
22500138,ORL,CHA,81.0,79.0,"('Paolo Banchero', 'Tristan da Silva')",0.5,3,0,3,0,0,0,1,2,0,0,0,2.0,1.44,0.0,0.0,0.0,0.0,2.0,2.0,0.0,2.0,3.44,9
22500138,ORL,CHA,81.0,79.0,"('Paolo Banchero', 'Wendell Carter Jr.')",0.5,3,0,3,0,0,0,1,2,0,0,0,2.0,1.44,0.0,0.0,0.0,0.0,2.0,2.0,0.0,2.0,3.44,9
22500138,ORL,CHA,81.0,79.0,"('Tristan da Silva', 'Wendell Carter Jr.')",0.5,3,0,3,0,0,0,1,2,0,0,0,2.0,1.44,0.0,0.0,0.0,0.0,2.0,2.0,0.0,2.0,3.44,9
22500138,ORL,CHA,80.4,79.0,"('Anthony Black', 'Noah Penda')",1.6666666666666663,3,5,5,1,2,2,1,0,1,1,0,3.0,4.0,2.0,2.0,0.0,2.0,2.0,3.0,2.0,2.0,7.0,9
22500138,ORL,CHA,80.4,79.0,"('Anthony Black', 'Paolo Banchero')",1.6666666666666663,3,5,5,1,2,2,1,0,1,1,0,3.0,4.0,2.0,2.0,0.0,2.0,2.0,3.0,2.0,2.0,7.0,9
22500138,ORL,CHA,80.4,79.0,"('Anthony Black', 'Tristan da Silva')",1.6666666666666663,3,5,5,1,2,2,1,0,1,1,0,3.0,4.0,2.0,2.0,0.0,2.0,2.0,3.0,2.0,2.0,7.0,9
22500138,ORL,CHA,80.4,79.0,"('Anthony Black', 'Wendell Carter Jr.')",1.6666666666666663,3,5,5,1,2,2,1,0,1,1,0,3.0,4.0,2.0,2.0,0.0,2.0,2.0,3.0,2.0,2.0,7.0,9
22500138,ORL,CHA,80.4,79.0,"('Noah Penda', 'Paolo Banchero')",1.6666666666666663,3,5,5,1,2,2,1,0,1,1,0,3.0,4.0,2.0,2.0,0.0,2.0,2.0,3.0,2.0,2.0,7.0,9
22500138,ORL,CHA,80.4,79.0,"('Noah Penda', 'Tristan da Silva')",1.6666666666666663,3,5,5,1,2,2,1,0,1,1,0,3.0,4.0,2.0,2.0,0.0,2.0,2.0,3.0,2.0,2.0,7.0,9
22500138,ORL,CHA,80.4,79.0,"('Noah Penda', 'Wendell Carter Jr.')",1.6666666666666663,3,5,5,1,2,2,1,0,1,1,0,3.0,4.0,2.0,2.0,0.0,2.0,2.0,3.0,2.0,2.0,7.0,9
22500138,ORL,CHA,80.4,79.0,"('Paolo Banchero', 'Tristan da Silva')",1.6666666666666663,3,5,5,1,2,2,1,0,1,1,0,3.0,4.0,2.0,2.0,0.0,2.0,2.0,3.0,2.0,2.0,7.0,9
22500138,ORL,CHA,80.4,79.0,"('Paolo Banchero', 'Wendell Carter Jr.')",1.6666666666666663,3,5,5,1,2,2,1,0,1,1,0,3.0,4.0,2.0,2.0,0.0,2.0,2.0,3.0,2.0,2.0,7.0,9
22500138,ORL,CHA,80.4,79.0,"('Tristan da Silva', 'Wendell Carter Jr.')",1.6666666666666663,3,5,5,1,2,2,1,0,1,1,0,3.0,4.0,2.0,2.0,0.0,2.0,2.0,3.0,2.0,2.0,7.0,9
22500138,ORL,CHA,79.8,78.2,"('Franz Wagner', 'Goga Bitadze')",1.8166666666666669,3,4,2,0,1,0,0,1,3,0,3,4.76,4.0,0.0,0.0,0.0,0.0,0.0,0.0,0.0,2.0,8.76,9
22500138,ORL,CHA,79.8,78.2,"('Franz Wagner', 'Jonathan Isaac')",1.8166666666666669,3,4,2,0,1,0,0,1,3,0,3,4.76,4.0,0.0,0.0,0.0,0.0,0.0,0.0,0.0,2.0,8.76,9
22500138,ORL,CHA,79.8,78.2,"('Franz Wagner', 'Tristan da Silva')",1.8166666666666669,3,4,2,0,1,0,0,1,3,0,3,4.76,4.0,0.0,0.0,0.0,0.0,0.0,0.0,0.0,2.0,8.76,9
22500138,ORL,CHA,79.8,78.2,"('Franz Wagner', 'Tyus Jones')",1.8166666666666669,3,4,2,0,1,0,0,1,3,0,3,4.76,4.0,0.0,0.0,0.0,0.0,0.0,0.0,0.0,2.0,8.76,9
22500138,ORL,CHA,79.8,78.2,"('Goga Bitadze', 'Jonathan Isaac')",1.8166666666666669,3,4,2,0,1,0,0,1,3,0,3,4.76,4.0,0.0,0.0,0.0,0.0,0.0,0.0,0.0,2.0,8.76,9
22500138,ORL,CHA,79.8,78.2,"('Goga Bitadze', 'Tristan da Silva')",1.8166666666666669,3,4,2,0,1,0,0,1,3,0,3,4.76,4.0,0.0,0.0,0.0,0.0,0.0,0.0,0.0,2.0,8.76,9
22500138,ORL,CHA,79.8,78.2,"('Goga Bitadze', 'Tyus Jones')",1.8166666666666669,3,4,2,0,1,0,0,1,3,0,3,4.76,4.0,0.0,0.0,0.0,0.0,0.0,0.0,0.0,2.0,8.76,9
22500138,ORL,CHA,79.8,78.2,"('Jonathan Isaac', 'Tristan da Silva')",1.8166666666666669,3,4,2,0,1,0,0,1,3,0,3,4.76,4.0,0.0,0.0,0.0,0.0,0.0,0.0,0.0,2.0,8.76,9
22500138,ORL,CHA,79.8,78.2,"('Jonathan Isaac', 'Tyus Jones')",1.8166666666666669,3,4,2,0,1,0,0,1,3,0,3,4.76,4.0,0.0,0.0,0.0,0.0,0.0,0.0,0.0,2.0,8.76,9
22500138,ORL,CHA,79.8,78.2,"('Tristan da Silva', 'Tyus Jones')",1.8166666666666669,3,4,2,0,1,0,0,1,3,0,3,4.76,4.0,0.0,0.0,0.0,0.0,0.0,0.0,0.0,2.0,8.76,9
22500138,ORL,CHA,79.0,79.4,"('Franz Wagner', 'Jonathan Isaac')",3.75,2,9,6,3,6,1,1,0,2,0,1,8.0,9.0,4.0,2.0,0.0,6.0,0.0,0.0,2.0,6.0,17.0,9
22500138,ORL,CHA,79.0,79.4,"('Franz Wagner', 'Noah Penda')",3.75,2,9,6,3,6,1,1,0,2,0,1,8.0,9.0,4.0,2.0,0.0,6.0,0.0,0.0,2.0,6.0,17.0,9
22500138,ORL,CHA,79.0,79.4,"('Franz Wagner', 'Tristan da Silva')",3.75,2,9,6,3,6,1,1,0,2,0,1,8.0,9.0,4.0,2.0,0.0,6.0,0.0,0.0,2.0,6.0,17.0,9
22500138,ORL,CHA,79.0,79.4,"('Franz Wagner', 'Tyus Jones')",3.75,2,9,6,3,6,1,1,0,2,0,1,8.0,9.0,4.0,2.0,0.0,6.0,0.0,0.0,2.0,6.0,17.0,9
22500138,ORL,CHA,79.0,79.4,"('Jonathan Isaac', 'Noah Penda')",3.75,2,9,6,3,6,1,1,0,2,0,1,8.0,9.0,4.0,2.0,0.0,6.0,0.0,0.0,2.0,6.0,17.0,9
22500138,ORL,CHA,79.0,79.4,"('Jonathan Isaac', 'Tristan da Silva')",3.75,2,9,6,3,6,1,1,0,2,0,1,8.0,9.0,4.0,2.0,0.0,6.0,0.0,0.0,2.0,6.0,17.0,9
22500138,ORL,CHA,79.0,79.4,"('Jonathan Isaac', 'Tyus Jones')",3.75,2,9,6,3,6,1,1,0,2,0,1,8.0,9.0,4.0,2.0,0.0,6.0,0.0,0.0,2.0,6.0,17.0,9
22500138,ORL,CHA,79.0,79.4,"('Noah Penda', 'Tristan da Silva')",3.75,2,9,6,3,6,1,1,0,2,0,1,8.0,9.0,4.0,2.0,0.0,6.0,0.0,0.0,2.0,6.0,17.0,9
22500138,ORL,CHA,79.0,79.4,"('Noah Penda', 'Tyus Jones')",3.75,2,9,6,3,6,1,1,0,2,0,1,8.0,9.0,4.0,2.0,0.0,6.0,0.0,0.0,2.0,6.0,17.0,9
22500138,ORL,CHA,79.0,79.4,"('Tristan da Silva', 'Tyus Jones')",3.75,2,9,6,3,6,1,1,0,2,0,1,8.0,9.0,4.0,2.0,0.0,6.0,0.0,0.0,2.0,6.0,17.0,9
22500138,ORL,CHA,79.6,78.8,"('Franz Wagner', 'Jonathan Isaac')",2.963333333333333,1,7,11,2,4,1,2,0,0,1,2,4.76,4.88,0.0,0.0,0.0,0.0,0.0,0.0,5.0,4.0,9.64,9
22500138,ORL,CHA,79.6,78.8,"('Franz Wagner', 'Tristan da Silva')",2.963333333333333,1,7,11,2,4,1,2,0,0,1,2,4.76,4.88,0.0,0.0,0.0,0.0,0.0,0.0,5.0,4.0,9.64,9
22500138,ORL,CHA,79.6,78.8,"('Franz Wagner', 'Tyus Jones')",2.963333333333333,1,7,11,2,4,1,2,0,0,1,2,4.76,4.88,0.0,0.0,0.0,0.0,0.0,0.0,5.0,4.0,9.64,9
22500138,ORL,CHA,79.6,78.8,"('Franz Wagner', 'Wendell Carter Jr.')",2.963333333333333,1,7,11,2,4,1,2,0,0,1,2,4.76,4.88,0.0,0.0,0.0,0.0,0.0,0.0,5.0,4.0,9.64,9
22500138,ORL,CHA,79.6,78.8,"('Jonathan Isaac', 'Tristan da Silva')",2.963333333333333,1,7,11,2,4,1,2,0,0,1,2,4.76,4.88,0.0,0.0,0.0,0.0,0.0,0.0,5.0,4.0,9.64,9
22500138,ORL,CHA,79.6,78.8,"('Jonathan Isaac', 'Tyus Jones')",2.963333333333333,1,7,11,2,4,1,2,0,0,1,2,4.76,4.88,0.0,0.0,0.0,0.0,0.0,0.0,5.0,4.0,9.64,9
22500138,ORL,CHA,79.6,78.8,"('Jonathan Isaac', 'Wendell Carter Jr.')",2.963333333333333,1,7,11,2,4,1,2,0,0,1,2,4.76,4.88,0.0,0.0,0.0,0.0,0.0,0.0,5.0,4.0,9.64,9
22500138,ORL,CHA,79.6,78.8,"('Tristan da Silva', 'Tyus Jones')",2.963333333333333,1,7,11,2,4,1,2,0,0,1,2,4.76,4.88,0.0,0.0,0.0,0.0,0.0,0.0,5.0,4.0,9.64,9
22500138,ORL,CHA,79.6,78.8,"('Tristan da Silva', 'Wendell Carter Jr.')",2.963333333333333,1,7,11,2,4,1,2,0,0,1,2,4.76,4.88,0.0,0.0,0.0,0.0,0.0,0.0,5.0,4.0,9.64,9
22500138,ORL,CHA,79.6,78.8,"('Tyus Jones', 'Wendell Carter Jr.')",2.963333333333333,1,7,11,2,4,1,2,0,0,1,2,4.76,4.88,0.0,0.0,0.0,0.0,0.0,0.0,5.0,4.0,9.64,9
22500138,ORL,CHA,79.8,78.8,"('Franz Wagner', 'Goga Bitadze')",0.8333333333333333,1,4,0,0,1,1,0,0,1,2,1,1.88,2.0,0.0,2.0,0.0,2.0,0.0,0.0,0.0,0.0,3.88,9
22500138,ORL,CHA,79.8,78.8,"('Franz Wagner', 'Paolo Banchero')",0.8333333333333333,1,4,0,0,1,1,0,0,1,2,1,1.88,2.0,0.0,2.0,0.0,2.0,0.0,0.0,0.0,0.0,3.88,9
22500138,ORL,CHA,79.8,78.8,"('Franz Wagner', 'Tristan da Silva')",0.8333333333333333,1,4,0,0,1,1,0,0,1,2,1,1.88,2.0,0.0,2.0,0.0,2.0,0.0,0.0,0.0,0.0,3.88,9
22500138,ORL,CHA,79.8,78.8,"('Franz Wagner', 'Tyus Jones')",0.8333333333333333,1,4,0,0,1,1,0,0,1,2,1,1.88,2.0,0.0,2.0,0.0,2.0,0.0,0.0,0.0,0.0,3.88,9
22500138,ORL,CHA,79.8,78.8,"('Goga Bitadze', 'Paolo Banchero')",0.8333333333333333,1,4,0,0,1,1,0,0,1,2,1,1.88,2.0,0.0,2.0,0.0,2.0,0.0,0.0,0.0,0.0,3.88,9
22500138,ORL,CHA,79.8,78.8,"('Goga Bitadze', 'Tristan da Silva')",0.8333333333333333,1,4,0,0,1,1,0,0,1,2,1,1.88,2.0,0.0,2.0,0.0,2.0,0.0,0.0,0.0,0.0,3.88,9
22500138,ORL,CHA,79.8,78.8,"('Goga Bitadze', 'Tyus Jones')",0.8333333333333333,1,4,0,0,1,1,0,0,1,2,1,1.88,2.0,0.0,2.0,0.0,2.0,0.0,0.0,0.0,0.0,3.88,9
22500138,ORL,CHA,79.8,78.8,"('Paolo Banchero', 'Tristan da Silva')",0.8333333333333333,1,4,0,0,1,1,0,0,1,2,1,1.88,2.0,0.0,2.0,0.0,2.0,0.0,0.0,0.0,0.0,3.88,9
22500138,ORL,CHA,79.8,78.8,"('Paolo Banchero', 'Tyus Jones')",0.8333333333333333,1,4,0,0,1,1,0,0,1,2,1,1.88,2.0,0.0,2.0,0.0,2.0,0.0,0.0,0.0,0.0,3.88,9
22500138,ORL,CHA,79.8,78.8,"('Tristan da Silva', 'Tyus Jones')",0.8333333333333333,1,4,0,0,1,1,0,0,1,2,1,1.88,2.0,0.0,2.0,0.0,2.0,0.0,0.0,0.0,0.0,3.88,9
22500138,ORL,CHA,80.6,79.6,"('Anthony Black', 'Desmond Bane')",5.766666666666667,1,20,11,6,2,6,4,1,2,1,2,11.88,11.0,7.0,2.0,2.0,12.0,0.0,0.0,2.0,8.0,22.880000000000003,9
22500138,ORL,CHA,80.6,79.6,"('Anthony Black', 'Franz Wagner')",5.766666666666667,1,20,11,6,2,6,4,1,2,1,2,11.88,11.0,7.0,2.0,2.0,12.0,0.0,0.0,2.0,8.0,22.880000000000003,9
22500138,ORL,CHA,80.6,79.6,"('Anthony Black', 'Paolo Banchero')",5.766666666666667,1,20,11,6,2,6,4,1,2,1,2,11.88,11.0,7.0,2.0,2.0,12.0,0.0,0.0,2.0,8.0,22.880000000000003,9
22500138,ORL,CHA,80.6,79.6,"('Anthony Black', 'Wendell Carter Jr.')",5.766666666666667,1,20,11,6,2,6,4,1,2,1,2,11.88,11.0,7.0,2.0,2.0,12.0,0.0,0.0,2.0,8.0,22.880000000000003,9
22500138,ORL,CHA,80.6,79.6,"('Desmond Bane', 'Franz Wagner')",5.766666666666667,1,20,11,6,2,6,4,1,2,1,2,11.88,11.0,7.0,2.0,2.0,12.0,0.0,0.0,2.0,8.0,22.880000000000003,9
22500138,ORL,CHA,80.6,79.6,"('Desmond Bane', 'Paolo Banchero')",5.766666666666667,1,20,11,6,2,6,4,1,2,1,2,11.88,11.0,7.0,2.0,2.0,12.0,0.0,0.0,2.0,8.0,22.880000000000003,9
22500138,ORL,CHA,80.6,79.6,"('Desmond Bane', 'Wendell Carter Jr.')",5.766666666666667,1,20,11,6,2,6,4,1,2,1,2,11.88,11.0,7.0,2.0,2.0,12.0,0.0,0.0,2.0,8.0,22.880000000000003,9
22500138,ORL,CHA,80.6,79.6,"('Franz Wagner', 'Paolo Banchero')",5.766666666666667,1,20,11,6,2,6,4,1,2,1,2,11.88,11.0,7.0,2.0,2.0,12.0,0.0,0.0,2.0,8.0,22.880000000000003,9
22500138,ORL,CHA,80.6,79.6,"('Franz Wagner', 'Wendell Carter Jr.')",5.766666666666667,1,20,11,6,2,6,4,1,2,1,2,11.88,11.0,7.0,2.0,2.0,12.0,0.0,0.0,2.0,8.0,22.880000000000003,9
22500138,ORL,CHA,80.6,79.6,"('Paolo Banchero', 'Wendell Carter Jr.')",5.766666666666667,1,20,11,6,2,6,4,1,2,1,2,11.88,11.0,7.0,2.0,2.0,12.0,0.0,0.0,2.0,8.0,22.880000000000003,9
22500138,ORL,CHA,80.2,78.4,"('Anthony Black', 'Desmond Bane')",2.3000000000000003,1,7,7,3,3,2,1,0,0,1,0,5.0,6.0,0.0,0.0,2.0,4.0,0.0,2.0,2.0,4.0,11.0,9
22500138,ORL,CHA,80.2,78.4,"('Anthony Black', 'Goga Bitadze')",2.3000000000000003,1,7,7,3,3,2,1,0,0,1,0,5.0,6.0,0.0,0.0,2.0,4.0,0.0,2.0,2.0,4.0,11.0,9
22500138,ORL,CHA,80.2,78.4,"('Anthony Black', 'Noah Penda')",2.3000000000000003,1,7,7,3,3,2,1,0,0,1,0,5.0,6.0,0.0,0.0,2.0,4.0,0.0,2.0,2.0,4.0,11.0,9
22500138,ORL,CHA,80.2,78.4,"('Anthony Black', 'Paolo Banchero')",2.3000000000000003,1,7,7,3,3,2,1,0,0,1,0,5.0,6.0,0.0,0.0,2.0,4.0,0.0,2.0,2.0,4.0,11.0,9
22500138,ORL,CHA,80.2,78.4,"('Desmond Bane', 'Goga Bitadze')",2.3000000000000003,1,7,7,3,3,2,1,0,0,1,0,5.0,6.0,0.0,0.0,2.0,4.0,0.0,2.0,2.0,4.0,11.0,9
22500138,ORL,CHA,80.2,78.4,"('Desmond Bane', 'Noah Penda')",2.3000000000000003,1,7,7,3,3,2,1,0,0,1,0,5.0,6.0,0.0,0.0,2.0,4.0,0.0,2.0,2.0,4.0,11.0,9
22500138,ORL,CHA,80.2,78.4,"('Desmond Bane', 'Paolo Banchero')",2.3000000000000003,1,7,7,3,3,2,1,0,0,1,0,5.0,6.0,0.0,0.0,2.0,4.0,0.0,2.0,2.0,4.0,11.0,9
22500138,ORL,CHA,80.2,78.4,"('Goga Bitadze', 'Noah Penda')",2.3000000000000003,1,7,7,3,3,2,1,0,0,1,0,5.0,6.0,0.0,0.0,2.0,4.0,0.0,2.0,2.0,4.0,11.0,9
22500138,ORL,CHA,80.2,78.4,"('Goga Bitadze', 'Paolo Banchero')",2.3000000000000003,1,7,7,3,3,2,1,0,0,1,0,5.0,6.0,0.0,0.0,2.0,4.0,0.0,2.0,2.0,4.0,11.0,9
22500138,ORL,CHA,80.2,78.4,"('Noah Penda', 'Paolo Banchero')",2.3000000000000003,1,7,7,3,3,2,1,0,0,1,0,5.0,6.0,0.0,0.0,2.0,4.0,0.0,2.0,2.0,4.0,11.0,9
22500138,ORL,CHA,80.4,78.8,"('Anthony Black', 'Franz Wagner')",0.0916666666666666,1,0,2,0,0,0,0,1,0,1,0,1.0,0.88,0.0,0.0,0.0,0.0,0.0,0.0,0.0,0.0,1.88,9
22500138,ORL,CHA,80.4,78.8,"('Anthony Black', 'Jonathan Isaac')",0.0916666666666666,1,0,2,0,0,0,0,1,0,1,0,1.0,0.88,0.0,0.0,0.0,0.0,0.0,0.0,0.0,0.0,1.88,9
22500138,ORL,CHA,80.4,78.8,"('Anthony Black', 'Noah Penda')",0.0916666666666666,1,0,2,0,0,0,0,1,0,1,0,1.0,0.88,0.0,0.0,0.0,0.0,0.0,0.0,0.0,0.0,1.88,9
22500138,ORL,CHA,80.4,78.8,"('Anthony Black', 'Tristan da Silva')",0.0916666666666666,1,0,2,0,0,0,0,1,0,1,0,1.0,0.88,0.0,0.0,0.0,0.0,0.0,0.0,0.0,0.0,1.88,9
22500138,ORL,CHA,80.4,78.8,"('Franz Wagner', 'Jonathan Isaac')",0.0916666666666666,1,0,2,0,0,0,0,1,0,1,0,1.0,0.88,0.0,0.0,0.0,0.0,0.0,0.0,0.0,0.0,1.88,9
22500138,ORL,CHA,80.4,78.8,"('Franz Wagner', 'Noah Penda')",0.0916666666666666,1,0,2,0,0,0,0,1,0,1,0,1.0,0.88,0.0,0.0,0.0,0.0,0.0,0.0,0.0,0.0,1.88,9
22500138,ORL,CHA,80.4,78.8,"('Franz Wagner', 'Tristan da Silva')",0.0916666666666666,1,0,2,0,0,0,0,1,0,1,0,1.0,0.88,0.0,0.0,0.0,0.0,0.0,0.0,0.0,0.0,1.88,9
22500138,ORL,CHA,80.4,78.8,"('Jonathan Isaac', 'Noah Penda')",0.0916666666666666,1,0,2,0,0,0,0,1,0,1,0,1.0,0.88,0.0,0.0,0.0,0.0,0.0,0.0,0.0,0.0,1.88,9
22500138,ORL,CHA,80.4,78.8,"('Jonathan Isaac', 'Tristan da Silva')",0.0916666666666666,1,0,2,0,0,0,0,1,0,1,0,1.0,0.88,0.0,0.0,0.0,0.0,0.0,0.0,0.0,0.0,1.88,9
22500138,ORL,CHA,80.4,78.8,"('Noah Penda', 'Tristan da Silva')",0.0916666666666666,1,0,2,0,0,0,0,1,0,1,0,1.0,0.88,0.0,0.0,0.0,0.0,0.0,0.0,0.0,0.0,1.88,9
22500138,ORL,CHA,79.8,78.2,"('Franz Wagner', 'Goga Bitadze')",0.4333333333333333,3,0,2,0,0,0,0,0,0,0,0,0.0,1.0,0.0,0.0,0.0,0.0,2.0,0.0,0.0,2.0,1.0,9
22500138,ORL,CHA,79.8,78.2,"('Franz Wagner', 'Paolo Banchero')",0.4333333333333333,3,0,2,0,0,0,0,0,0,0,0,0.0,1.0,0.0,0.0,0.0,0.0,2.0,0.0,0.0,2.0,1.0,9
22500138,ORL,CHA,79.8,78.2,"('Franz Wagner', 'Tristan da Silva')",0.4333333333333333,3,0,2,0,0,0,0,0,0,0,0,0.0,1.0,0.0,0.0,0.0,0.0,2.0,0.0,0.0,2.0,1.0,9
22500138,ORL,CHA,79.8,78.2,"('Franz Wagner', 'Tyus Jones')",0.4333333333333333,3,0,2,0,0,0,0,0,0,0,0,0.0,1.0,0.0,0.0,0.0,0.0,2.0,0.0,0.0,2.0,1.0,9
22500138,ORL,CHA,79.8,78.2,"('Goga Bitadze', 'Paolo Banchero')",0.4333333333333333,3,0,2,0,0,0,0,0,0,0,0,0.0,1.0,0.0,0.0,0.0,0.0,2.0,0.0,0.0,2.0,1.0,9
22500138,ORL,CHA,79.8,78.2,"('Goga Bitadze', 'Tristan da Silva')",0.4333333333333333,3,0,2,0,0,0,0,0,0,0,0,0.0,1.0,0.0,0.0,0.0,0.0,2.0,0.0,0.0,2.0,1.0,9
22500138,ORL,CHA,79.8,78.2,"('Goga Bitadze', 'Tyus Jones')",0.4333333333333333,3,0,2,0,0,0,0,0,0,0,0,0.0,1.0,0.0,0.0,0.0,0.0,2.0,0.0,0.0,2.0,1.0,9
22500138,ORL,CHA,79.8,78.2,"('Paolo Banchero', 'Tristan da Silva')",0.4333333333333333,3,0,2,0,0,0,0,0,0,0,0,0.0,1.0,0.0,0.0,0.0,0.0,2.0,0.0,0.0,2.0,1.0,9
22500138,ORL,CHA,79.8,78.2,"('Paolo Banchero', 'Tyus Jones')",0.4333333333333333,3,0,2,0,0,0,0,0,0,0,0,0.0,1.0,0.0,0.0,0.0,0.0,2.0,0.0,0.0,2.0,1.0,9
22500138,ORL,CHA,79.8,78.2,"('Tristan da Silva', 'Tyus Jones')",0.4333333333333333,3,0,2,0,0,0,0,0,0,0,0,0.0,1.0,0.0,0.0,0.0,0.0,2.0,0.0,0.0,2.0,1.0,9
22500145,ORL,WAS,80.2,79.4,"('Desmond Bane', 'Franz Wagner')",4.849999999999999,3,10,5,9,5,2,1,2,1,4,3,9.0,11.88,0.0,0.0,2.0,4.0,0.0,0.0,0.0,0.0,20.88,10
22500145,ORL,WAS,80.2,79.4,"('Desmond Bane', 'Jalen Suggs')",4.849999999999999,3,10,5,9,5,2,1,2,1,4,3,9.0,11.88,0.0,0.0,2.0,4.0,0.0,0.0,0.0,0.0,20.88,10
22500145,ORL,WAS,80.2,79.4,"('Desmond Bane', 'Paolo Banchero')",4.849999999999999,3,10,5,9,5,2,1,2,1,4,3,9.0,11.88,0.0,0.0,2.0,4.0,0.0,0.0,0.0,0.0,20.88,10
22500145,ORL,WAS,80.2,79.4,"('Desmond Bane', 'Wendell Carter Jr.')",4.849999999999999,3,10,5,9,5,2,1,2,1,4,3,9.0,11.88,0.0,0.0,2.0,4.0,0.0,0.0,0.0,0.0,20.88,10
22500145,ORL,WAS,80.2,79.4,"('Franz Wagner', 'Jalen Suggs')",4.849999999999999,3,10,5,9,5,2,1,2,1,4,3,9.0,11.88,0.0,0.0,2.0,4.0,0.0,0.0,0.0,0.0,20.88,10
22500145,ORL,WAS,80.2,79.4,"('Franz Wagner', 'Paolo Banchero')",4.849999999999999,3,10,5,9,5,2,1,2,1,4,3,9.0,11.88,0.0,0.0,2.0,4.0,0.0,0.0,0.0,0.0,20.88,10
22500145,ORL,WAS,80.2,79.4,"('Franz Wagner', 'Wendell Carter Jr.')",4.849999999999999,3,10,5,9,5,2,1,2,1,4,3,9.0,11.88,0.0,0.0,2.0,4.0,0.0,0.0,0.0,0.0,20.88,10
22500145,ORL,WAS,80.2,79.4,"('Jalen Suggs', 'Paolo Banchero')",4.849999999999999,3,10,5,9,5,2,1,2,1,4,3,9.0,11.88,0.0,0.0,2.0,4.0,0.0,0.0,0.0,0.0,20.88,10
22500145,ORL,WAS,80.2,79.4,"('Jalen Suggs', 'Wendell Carter Jr.')",4.849999999999999,3,10,5,9,5,2,1,2,1,4,3,9.0,11.88,0.0,0.0,2.0,4.0,0.0,0.0,0.0,0.0,20.88,10
22500145,ORL,WAS,80.2,79.4,"('Paolo Banchero', 'Wendell Carter Jr.')",4.849999999999999,3,10,5,9,5,2,1,2,1,4,3,9.0,11.88,0.0,0.0,2.0,4.0,0.0,0.0,0.0,0.0,20.88,10
22500145,ORL,WAS,80.6,79.4,"('Anthony Black', 'Desmond Bane')",0.4499999999999999,3,2,0,0,1,1,0,0,1,0,0,2.0,1.0,2.0,2.0,0.0,2.0,0.0,0.0,0.0,0.0,3.0,10
22500145,ORL,WAS,80.6,79.4,"('Anthony Black', 'Franz Wagner')",0.4499999999999999,3,2,0,0,1,1,0,0,1,0,0,2.0,1.0,2.0,2.0,0.0,2.0,0.0,0.0,0.0,0.0,3.0,10
22500145,ORL,WAS,80.6,79.4,"('Anthony Black', 'Paolo Banchero')",0.4499999999999999,3,2,0,0,1,1,0,0,1,0,0,2.0,1.0,2.0,2.0,0.0,2.0,0.0,0.0,0.0,0.0,3.0,10
22500145,ORL,WAS,80.6,79.4,"('Anthony Black', 'Wendell Carter Jr.')",0.4499999999999999,3,2,0,0,1,1,0,0,1,0,0,2.0,1.0,2.0,2.0,0.0,2.0,0.0,0.0,0.0,0.0,3.0,10
22500145,ORL,WAS,80.6,79.4,"('Desmond Bane', 'Franz Wagner')",0.4499999999999999,3,2,0,0,1,1,0,0,1,0,0,2.0,1.0,2.0,2.0,0.0,2.0,0.0,0.0,0.0,0.0,3.0,10
22500145,ORL,WAS,80.6,79.4,"('Desmond Bane', 'Paolo Banchero')",0.4499999999999999,3,2,0,0,1,1,0,0,1,0,0,2.0,1.0,2.0,2.0,0.0,2.0,0.0,0.0,0.0,0.0,3.0,10
22500145,ORL,WAS,80.6,79.4,"('Desmond Bane', 'Wendell Carter Jr.')",0.4499999999999999,3,2,0,0,1,1,0,0,1,0,0,2.0,1.0,2.0,2.0,0.0,2.0,0.0,0.0,0.0,0.0,3.0,10
22500145,ORL,WAS,80.6,79.4,"('Franz Wagner', 'Paolo Banchero')",0.4499999999999999,3,2,0,0,1,1,0,0,1,0,0,2.0,1.0,2.0,2.0,0.0,2.0,0.0,0.0,0.0,0.0,3.0,10
22500145,ORL,WAS,80.6,79.4,"('Franz Wagner', 'Wendell Carter Jr.')",0.4499999999999999,3,2,0,0,1,1,0,0,1,0,0,2.0,1.0,2.0,2.0,0.0,2.0,0.0,0.0,0.0,0.0,3.0,10
22500145,ORL,WAS,80.6,79.4,"('Paolo Banchero', 'Wendell Carter Jr.')",0.4499999999999999,3,2,0,0,1,1,0,0,1,0,0,2.0,1.0,2.0,2.0,0.0,2.0,0.0,0.0,0.0,0.0,3.0,10
22500145,ORL,WAS,80.4,78.2,"('Anthony Black', 'Franz Wagner')",0.0516666666666666,1,0,0,0,0,0,0,0,0,0,0,0.0,1.0,0.0,0.0,0.0,0.0,0.0,0.0,0.0,0.0,1.0,10
22500145,ORL,WAS,80.4,78.2,"('Anthony Black', 'Jalen Suggs')",0.0516666666666666,1,0,0,0,0,0,0,0,0,0,0,0.0,1.0,0.0,0.0,0.0,0.0,0.0,0.0,0.0,0.0,1.0,10
22500145,ORL,WAS,80.4,78.2,"('Anthony Black', 'Jonathan Isaac')",0.0516666666666666,1,0,0,0,0,0,0,0,0,0,0,0.0,1.0,0.0,0.0,0.0,0.0,0.0,0.0,0.0,0.0,1.0,10
22500145,ORL,WAS,80.4,78.2,"('Anthony Black', 'Wendell Carter Jr.')",0.0516666666666666,1,0,0,0,0,0,0,0,0,0,0,0.0,1.0,0.0,0.0,0.0,0.0,0.0,0.0,0.0,0.0,1.0,10
22500145,ORL,WAS,80.4,78.2,"('Franz Wagner', 'Jalen Suggs')",0.0516666666666666,1,0,0,0,0,0,0,0,0,0,0,0.0,1.0,0.0,0.0,0.0,0.0,0.0,0.0,0.0,0.0,1.0,10
22500145,ORL,WAS,80.4,78.2,"('Franz Wagner', 'Jonathan Isaac')",0.0516666666666666,1,0,0,0,0,0,0,0,0,0,0,0.0,1.0,0.0,0.0,0.0,0.0,0.0,0.0,0.0,0.0,1.0,10
22500145,ORL,WAS,80.4,78.2,"('Franz Wagner', 'Wendell Carter Jr.')",0.0516666666666666,1,0,0,0,0,0,0,0,0,0,0,0.0,1.0,0.0,0.0,0.0,0.0,0.0,0.0,0.0,0.0,1.0,10
22500145,ORL,WAS,80.4,78.2,"('Jalen Suggs', 'Jonathan Isaac')",0.0516666666666666,1,0,0,0,0,0,0,0,0,0,0,0.0,1.0,0.0,0.0,0.0,0.0,0.0,0.0,0.0,0.0,1.0,10
22500145,ORL,WAS,80.4,78.2,"('Jalen Suggs', 'Wendell Carter Jr.')",0.0516666666666666,1,0,0,0,0,0,0,0,0,0,0,0.0,1.0,0.0,0.0,0.0,0.0,0.0,0.0,0.0,0.0,1.0,10
22500145,ORL,WAS,80.4,78.2,"('Jonathan Isaac', 'Wendell Carter Jr.')",0.0516666666666666,1,0,0,0,0,0,0,0,0,0,0,0.0,1.0,0.0,0.0,0.0,0.0,0.0,0.0,0.0,0.0,1.0,10
22500145,ORL,WAS,80.6,79.4,"('Anthony Black', 'Desmond Bane')",1.5166666666666666,1,6,5,2,2,1,2,0,0,0,0,4.44,4.0,2.0,0.0,0.0,2.0,0.0,2.0,0.0,2.0,8.440000000000001,10
22500145,ORL,WAS,80.6,79.4,"('Anthony Black', 'Franz Wagner')",1.5166666666666666,1,6,5,2,2,1,2,0,0,0,0,4.44,4.0,2.0,0.0,0.0,2.0,0.0,2.0,0.0,2.0,8.440000000000001,10
22500145,ORL,WAS,80.6,79.4,"('Anthony Black', 'Paolo Banchero')",1.5166666666666666,1,6,5,2,2,1,2,0,0,0,0,4.44,4.0,2.0,0.0,0.0,2.0,0.0,2.0,0.0,2.0,8.440000000000001,10
22500145,ORL,WAS,80.6,79.4,"('Anthony Black', 'Wendell Carter Jr.')",1.5166666666666666,1,6,5,2,2,1,2,0,0,0,0,4.44,4.0,2.0,0.0,0.0,2.0,0.0,2.0,0.0,2.0,8.440000000000001,10
22500145,ORL,WAS,80.6,79.4,"('Desmond Bane', 'Franz Wagner')",1.5166666666666666,1,6,5,2,2,1,2,0,0,0,0,4.44,4.0,2.0,0.0,0.0,2.0,0.0,2.0,0.0,2.0,8.440000000000001,10
22500145,ORL,WAS,80.6,79.4,"('Desmond Bane', 'Paolo Banchero')",1.5166666666666666,1,6,5,2,2,1,2,0,0,0,0,4.44,4.0,2.0,0.0,0.0,2.0,0.0,2.0,0.0,2.0,8.440000000000001,10
22500145,ORL,WAS,80.6,79.4,"('Desmond Bane', 'Wendell Carter Jr.')",1.5166666666666666,1,6,5,2,2,1,2,0,0,0,0,4.44,4.0,2.0,0.0,0.0,2.0,0.0,2.0,0.0,2.0,8.440000000000001,10
22500145,ORL,WAS,80.6,79.4,"('Franz Wagner', 'Paolo Banchero')",1.5166666666666666,1,6,5,2,2,1,2,0,0,0,0,4.44,4.0,2.0,0.0,0.0,2.0,0.0,2.0,0.0,2.0,8.440000000000001,10
22500145,ORL,WAS,80.6,79.4,"('Franz Wagner', 'Wendell Carter Jr.')",1.5166666666666666,1,6,5,2,2,1,2,0,0,0,0,4.44,4.0,2.0,0.0,0.0,2.0,0.0,2.0,0.0,2.0,8.440000000000001,10
22500145,ORL,WAS,80.6,79.4,"('Paolo Banchero', 'Wendell Carter Jr.')",1.5166666666666666,1,6,5,2,2,1,2,0,0,0,0,4.44,4.0,2.0,0.0,0.0,2.0,0.0,2.0,0.0,2.0,8.440000000000001,10
22500145,ORL,WAS,80.2,79.4,"('Desmond Bane', 'Franz Wagner')",3.8833333333333337,1,11,9,3,2,3,1,0,1,2,2,8.44,9.0,0.0,0.0,0.0,6.0,0.0,0.0,0.0,4.0,17.439999999999998,10
22500145,ORL,WAS,80.2,79.4,"('Desmond Bane', 'Jalen Suggs')",3.8833333333333337,1,11,9,3,2,3,1,0,1,2,2,8.44,9.0,0.0,0.0,0.0,6.0,0.0,0.0,0.0,4.0,17.439999999999998,10
22500145,ORL,WAS,80.2,79.4,"('Desmond Bane', 'Paolo Banchero')",3.8833333333333337,1,11,9,3,2,3,1,0,1,2,2,8.44,9.0,0.0,0.0,0.0,6.0,0.0,0.0,0.0,4.0,17.439999999999998,10
22500145,ORL,WAS,80.2,79.4,"('Desmond Bane', 'Wendell Carter Jr.')",3.8833333333333337,1,11,9,3,2,3,1,0,1,2,2,8.44,9.0,0.0,0.0,0.0,6.0,0.0,0.0,0.0,4.0,17.439999999999998,10
22500145,ORL,WAS,80.2,79.4,"('Franz Wagner', 'Jalen Suggs')",3.8833333333333337,1,11,9,3,2,3,1,0,1,2,2,8.44,9.0,0.0,0.0,0.0,6.0,0.0,0.0,0.0,4.0,17.439999999999998,10
22500145,ORL,WAS,80.2,79.4,"('Franz Wagner', 'Paolo Banchero')",3.8833333333333337,1,11,9,3,2,3,1,0,1,2,2,8.44,9.0,0.0,0.0,0.0,6.0,0.0,0.0,0.0,4.0,17.439999999999998,10
22500145,ORL,WAS,80.2,79.4,"('Franz Wagner', 'Wendell Carter Jr.')",3.8833333333333337,1,11,9,3,2,3,1,0,1,2,2,8.44,9.0,0.0,0.0,0.0,6.0,0.0,0.0,0.0,4.0,17.439999999999998,10
22500145,ORL,WAS,80.2,79.4,"('Jalen Suggs', 'Paolo Banchero')",3.8833333333333337,1,11,9,3,2,3,1,0,1,2,2,8.44,9.0,0.0,0.0,0.0,6.0,0.0,0.0,0.0,4.0,17.439999999999998,10
22500145,ORL,WAS,80.2,79.4,"('Jalen Suggs', 'Wendell Carter Jr.')",3.8833333333333337,1,11,9,3,2,3,1,0,1,2,2,8.44,9.0,0.0,0.0,0.0,6.0,0.0,0.0,0.0,4.0,17.439999999999998,10
22500145,ORL,WAS,80.2,79.4,"('Paolo Banchero', 'Wendell Carter Jr.')",3.8833333333333337,1,11,9,3,2,3,1,0,1,2,2,8.44,9.0,0.0,0.0,0.0,6.0,0.0,0.0,0.0,4.0,17.439999999999998,10
22500145,ORL,WAS,79.4,78.2,"('Anthony Black', 'Franz Wagner')",3.5650000000000004,1,9,12,3,1,1,3,2,0,1,1,7.88,7.0,2.0,0.0,0.0,2.0,5.0,5.0,0.0,6.0,14.88,10
22500145,ORL,WAS,79.4,78.2,"('Anthony Black', 'Jonathan Isaac')",3.5650000000000004,1,9,12,3,1,1,3,2,0,1,1,7.88,7.0,2.0,0.0,0.0,2.0,5.0,5.0,0.0,6.0,14.88,10
22500145,ORL,WAS,79.4,78.2,"('Anthony Black', 'Tyus Jones')",3.5650000000000004,1,9,12,3,1,1,3,2,0,1,1,7.88,7.0,2.0,0.0,0.0,2.0,5.0,5.0,0.0,6.0,14.88,10
22500145,ORL,WAS,79.4,78.2,"('Anthony Black', 'Wendell Carter Jr.')",3.5650000000000004,1,9,12,3,1,1,3,2,0,1,1,7.88,7.0,2.0,0.0,0.0,2.0,5.0,5.0,0.0,6.0,14.88,10
22500145,ORL,WAS,79.4,78.2,"('Franz Wagner', 'Jonathan Isaac')",3.5650000000000004,1,9,12,3,1,1,3,2,0,1,1,7.88,7.0,2.0,0.0,0.0,2.0,5.0,5.0,0.0,6.0,14.88,10
22500145,ORL,WAS,79.4,78.2,"('Franz Wagner', 'Tyus Jones')",3.5650000000000004,1,9,12,3,1,1,3,2,0,1,1,7.88,7.0,2.0,0.0,0.0,2.0,5.0,5.0,0.0,6.0,14.88,10
22500145,ORL,WAS,79.4,78.2,"('Franz Wagner', 'Wendell Carter Jr.')",3.5650000000000004,1,9,12,3,1,1,3,2,0,1,1,7.88,7.0,2.0,0.0,0.0,2.0,5.0,5.0,0.0,6.0,14.88,10
22500145,ORL,WAS,79.4,78.2,"('Jonathan Isaac', 'Tyus Jones')",3.5650000000000004,1,9,12,3,1,1,3,2,0,1,1,7.88,7.0,2.0,0.0,0.0,2.0,5.0,5.0,0.0,6.0,14.88,10
22500145,ORL,WAS,79.4,78.2,"('Jonathan Isaac', 'Wendell Carter Jr.')",3.5650000000000004,1,9,12,3,1,1,3,2,0,1,1,7.88,7.0,2.0,0.0,0.0,2.0,5.0,5.0,0.0,6.0,14.88,10
22500145,ORL,WAS,79.4,78.2,"('Tyus Jones', 'Wendell Carter Jr.')",3.5650000000000004,1,9,12,3,1,1,3,2,0,1,1,7.88,7.0,2.0,0.0,0.0,2.0,5.0,5.0,0.0,6.0,14.88,10
22500145,ORL,WAS,79.2,78.2,"('Anthony Black', 'Goga Bitadze')",0.8999999999999999,1,2,5,0,1,1,1,1,2,0,0,3.0,4.0,0.0,0.0,0.0,2.0,2.0,5.0,0.0,2.0,7.0,10
22500145,ORL,WAS,79.2,78.2,"('Anthony Black', 'Paolo Banchero')",0.8999999999999999,1,2,5,0,1,1,1,1,2,0,0,3.0,4.0,0.0,0.0,0.0,2.0,2.0,5.0,0.0,2.0,7.0,10
22500145,ORL,WAS,79.2,78.2,"('Anthony Black', 'Tristan da Silva')",0.8999999999999999,1,2,5,0,1,1,1,1,2,0,0,3.0,4.0,0.0,0.0,0.0,2.0,2.0,5.0,0.0,2.0,7.0,10
22500145,ORL,WAS,79.2,78.2,"('Anthony Black', 'Tyus Jones')",0.8999999999999999,1,2,5,0,1,1,1,1,2,0,0,3.0,4.0,0.0,0.0,0.0,2.0,2.0,5.0,0.0,2.0,7.0,10
22500145,ORL,WAS,79.2,78.2,"('Goga Bitadze', 'Paolo Banchero')",0.8999999999999999,1,2,5,0,1,1,1,1,2,0,0,3.0,4.0,0.0,0.0,0.0,2.0,2.0,5.0,0.0,2.0,7.0,10
22500145,ORL,WAS,79.2,78.2,"('Goga Bitadze', 'Tristan da Silva')",0.8999999999999999,1,2,5,0,1,1,1,1,2,0,0,3.0,4.0,0.0,0.0,0.0,2.0,2.0,5.0,0.0,2.0,7.0,10
22500145,ORL,WAS,79.2,78.2,"('Goga Bitadze', 'Tyus Jones')",0.8999999999999999,1,2,5,0,1,1,1,1,2,0,0,3.0,4.0,0.0,0.0,0.0,2.0,2.0,5.0,0.0,2.0,7.0,10
22500145,ORL,WAS,79.2,78.2,"('Paolo Banchero', 'Tristan da Silva')",0.8999999999999999,1,2,5,0,1,1,1,1,2,0,0,3.0,4.0,0.0,0.0,0.0,2.0,2.0,5.0,0.0,2.0,7.0,10
22500145,ORL,WAS,79.2,78.2,"('Paolo Banchero', 'Tyus Jones')",0.8999999999999999,1,2,5,0,1,1,1,1,2,0,0,3.0,4.0,0.0,0.0,0.0,2.0,2.0,5.0,0.0,2.0,7.0,10
22500145,ORL,WAS,79.2,78.2,"('Tristan da Silva', 'Tyus Jones')",0.8999999999999999,1,2,5,0,1,1,1,1,2,0,0,3.0,4.0,0.0,0.0,0.0,2.0,2.0,5.0,0.0,2.0,7.0,10
22500145,ORL,WAS,80.4,78.8,"('Anthony Black', 'Desmond Bane')",1.85,1,4,4,2,2,0,0,1,1,1,1,4.88,5.0,2.0,0.0,0.0,2.0,0.0,0.0,0.0,0.0,9.88,10
22500145,ORL,WAS,80.4,78.8,"('Anthony Black', 'Goga Bitadze')",1.85,1,4,4,2,2,0,0,1,1,1,1,4.88,5.0,2.0,0.0,0.0,2.0,0.0,0.0,0.0,0.0,9.88,10
22500145,ORL,WAS,80.4,78.8,"('Anthony Black', 'Paolo Banchero')",1.85,1,4,4,2,2,0,0,1,1,1,1,4.88,5.0,2.0,0.0,0.0,2.0,0.0,0.0,0.0,0.0,9.88,10
22500145,ORL,WAS,80.4,78.8,"('Anthony Black', 'Tristan da Silva')",1.85,1,4,4,2,2,0,0,1,1,1,1,4.88,5.0,2.0,0.0,0.0,2.0,0.0,0.0,0.0,0.0,9.88,10
22500145,ORL,WAS,80.4,78.8,"('Desmond Bane', 'Goga Bitadze')",1.85,1,4,4,2,2,0,0,1,1,1,1,4.88,5.0,2.0,0.0,0.0,2.0,0.0,0.0,0.0,0.0,9.88,10
22500145,ORL,WAS,80.4,78.8,"('Desmond Bane', 'Paolo Banchero')",1.85,1,4,4,2,2,0,0,1,1,1,1,4.88,5.0,2.0,0.0,0.0,2.0,0.0,0.0,0.0,0.0,9.88,10
22500145,ORL,WAS,80.4,78.8,"('Desmond Bane', 'Tristan da Silva')",1.85,1,4,4,2,2,0,0,1,1,1,1,4.88,5.0,2.0,0.0,0.0,2.0,0.0,0.0,0.0,0.0,9.88,10
22500145,ORL,WAS,80.4,78.8,"('Goga Bitadze', 'Paolo Banchero')",1.85,1,4,4,2,2,0,0,1,1,1,1,4.88,5.0,2.0,0.0,0.0,2.0,0.0,0.0,0.0,0.0,9.88,10
22500145,ORL,WAS,80.4,78.8,"('Goga Bitadze', 'Tristan da Silva')",1.85,1,4,4,2,2,0,0,1,1,1,1,4.88,5.0,2.0,0.0,0.0,2.0,0.0,0.0,0.0,0.0,9.88,10
22500145,ORL,WAS,80.4,78.8,"('Paolo Banchero', 'Tristan da Silva')",1.85,1,4,4,2,2,0,0,1,1,1,1,4.88,5.0,2.0,0.0,0.0,2.0,0.0,0.0,0.0,0.0,9.88,10
22500145,ORL,WAS,81.2,78.4,"('Anthony Black', 'Franz Wagner')",0.1333333333333333,2,0,0,0,0,0,0,0,0,0,0,0.0,1.0,0.0,0.0,0.0,0.0,0.0,0.0,0.0,0.0,1.0,10
22500145,ORL,WAS,81.2,78.4,"('Anthony Black', 'Goga Bitadze')",0.1333333333333333,2,0,0,0,0,0,0,0,0,0,0,0.0,1.0,0.0,0.0,0.0,0.0,0.0,0.0,0.0,0.0,1.0,10
22500145,ORL,WAS,81.2,78.4,"('Anthony Black', 'Paolo Banchero')",0.1333333333333333,2,0,0,0,0,0,0,0,0,0,0,0.0,1.0,0.0,0.0,0.0,0.0,0.0,0.0,0.0,0.0,1.0,10
22500145,ORL,WAS,81.2,78.4,"('Anthony Black', 'Tristan da Silva')",0.1333333333333333,2,0,0,0,0,0,0,0,0,0,0,0.0,1.0,0.0,0.0,0.0,0.0,0.0,0.0,0.0,0.0,1.0,10
22500145,ORL,WAS,81.2,78.4,"('Franz Wagner', 'Goga Bitadze')",0.1333333333333333,2,0,0,0,0,0,0,0,0,0,0,0.0,1.0,0.0,0.0,0.0,0.0,0.0,0.0,0.0,0.0,1.0,10
22500145,ORL,WAS,81.2,78.4,"('Franz Wagner', 'Paolo Banchero')",0.1333333333333333,2,0,0,0,0,0,0,0,0,0,0,0.0,1.0,0.0,0.0,0.0,0.0,0.0,0.0,0.0,0.0,1.0,10
22500145,ORL,WAS,81.2,78.4,"('Franz Wagner', 'Tristan da Silva')",0.1333333333333333,2,0,0,0,0,0,0,0,0,0,0,0.0,1.0,0.0,0.0,0.0,0.0,0.0,0.0,0.0,0.0,1.0,10
22500145,ORL,WAS,81.2,78.4,"('Goga Bitadze', 'Paolo Banchero')",0.1333333333333333,2,0,0,0,0,0,0,0,0,0,0,0.0,1.0,0.0,0.0,0.0,0.0,0.0,0.0,0.0,0.0,1.0,10
22500145,ORL,WAS,81.2,78.4,"('Goga Bitadze', 'Tristan da Silva')",0.1333333333333333,2,0,0,0,0,0,0,0,0,0,0,0.0,1.0,0.0,0.0,0.0,0.0,0.0,0.0,0.0,0.0,1.0,10
22500145,ORL,WAS,81.2,78.4,"('Paolo Banchero', 'Tristan da Silva')",0.1333333333333333,2,0,0,0,0,0,0,0,0,0,0,0.0,1.0,0.0,0.0,0.0,0.0,0.0,0.0,0.0,0.0,1.0,10
22500145,ORL,WAS,80.6,78.4,"('Anthony Black', 'Desmond Bane')",1.0,2,4,2,1,1,1,0,0,0,0,0,1.44,2.0,0.0,0.0,0.0,0.0,0.0,0.0,2.0,2.0,3.44,10
22500145,ORL,WAS,80.6,78.4,"('Anthony Black', 'Franz Wagner')",1.0,2,4,2,1,1,1,0,0,0,0,0,1.44,2.0,0.0,0.0,0.0,0.0,0.0,0.0,2.0,2.0,3.44,10
22500145,ORL,WAS,80.6,78.4,"('Anthony Black', 'Paolo Banchero')",1.0,2,4,2,1,1,1,0,0,0,0,0,1.44,2.0,0.0,0.0,0.0,0.0,0.0,0.0,2.0,2.0,3.44,10
22500145,ORL,WAS,80.6,78.4,"('Anthony Black', 'Wendell Carter Jr.')",1.0,2,4,2,1,1,1,0,0,0,0,0,1.44,2.0,0.0,0.0,0.0,0.0,0.0,0.0,2.0,2.0,3.44,10
22500145,ORL,WAS,80.6,78.4,"('Desmond Bane', 'Franz Wagner')",1.0,2,4,2,1,1,1,0,0,0,0,0,1.44,2.0,0.0,0.0,0.0,0.0,0.0,0.0,2.0,2.0,3.44,10
22500145,ORL,WAS,80.6,78.4,"('Desmond Bane', 'Paolo Banchero')",1.0,2,4,2,1,1,1,0,0,0,0,0,1.44,2.0,0.0,0.0,0.0,0.0,0.0,0.0,2.0,2.0,3.44,10
22500145,ORL,WAS,80.6,78.4,"('Desmond Bane', 'Wendell Carter Jr.')",1.0,2,4,2,1,1,1,0,0,0,0,0,1.44,2.0,0.0,0.0,0.0,0.0,0.0,0.0,2.0,2.0,3.44,10
22500145,ORL,WAS,80.6,78.4,"('Franz Wagner', 'Paolo Banchero')",1.0,2,4,2,1,1,1,0,0,0,0,0,1.44,2.0,0.0,0.0,0.0,0.0,0.0,0.0,2.0,2.0,3.44,10
22500145,ORL,WAS,80.6,78.4,"('Franz Wagner', 'Wendell Carter Jr.')",1.0,2,4,2,1,1,1,0,0,0,0,0,1.44,2.0,0.0,0.0,0.0,0.0,0.0,0.0,2.0,2.0,3.44,10
22500145,ORL,WAS,80.6,78.4,"('Paolo Banchero', 'Wendell Carter Jr.')",1.0,2,4,2,1,1,1,0,0,0,0,0,1.44,2.0,0.0,0.0,0.0,0.0,0.0,0.0,2.0,2.0,3.44,10
22500145,ORL,WAS,80.2,78.8,"('Desmond Bane', 'Franz Wagner')",2.64,2,14,6,0,2,4,2,1,3,1,3,7.88,6.0,4.0,4.0,0.0,6.0,0.0,0.0,2.0,4.0,13.88,10
22500145,ORL,WAS,80.2,78.8,"('Desmond Bane', 'Jalen Suggs')",2.64,2,14,6,0,2,4,2,1,3,1,3,7.88,6.0,4.0,4.0,0.0,6.0,0.0,0.0,2.0,4.0,13.88,10
22500145,ORL,WAS,80.2,78.8,"('Desmond Bane', 'Paolo Banchero')",2.64,2,14,6,0,2,4,2,1,3,1,3,7.88,6.0,4.0,4.0,0.0,6.0,0.0,0.0,2.0,4.0,13.88,10
22500145,ORL,WAS,80.2,78.8,"('Desmond Bane', 'Wendell Carter Jr.')",2.64,2,14,6,0,2,4,2,1,3,1,3,7.88,6.0,4.0,4.0,0.0,6.0,0.0,0.0,2.0,4.0,13.88,10
22500145,ORL,WAS,80.2,78.8,"('Franz Wagner', 'Jalen Suggs')",2.64,2,14,6,0,2,4,2,1,3,1,3,7.88,6.0,4.0,4.0,0.0,6.0,0.0,0.0,2.0,4.0,13.88,10
22500145,ORL,WAS,80.2,78.8,"('Franz Wagner', 'Paolo Banchero')",2.64,2,14,6,0,2,4,2,1,3,1,3,7.88,6.0,4.0,4.0,0.0,6.0,0.0,0.0,2.0,4.0,13.88,10
22500145,ORL,WAS,80.2,78.8,"('Franz Wagner', 'Wendell Carter Jr.')",2.64,2,14,6,0,2,4,2,1,3,1,3,7.88,6.0,4.0,4.0,0.0,6.0,0.0,0.0,2.0,4.0,13.88,10
22500145,ORL,WAS,80.2,78.8,"('Jalen Suggs', 'Paolo Banchero')",2.64,2,14,6,0,2,4,2,1,3,1,3,7.88,6.0,4.0,4.0,0.0,6.0,0.0,0.0,2.0,4.0,13.88,10
22500145,ORL,WAS,80.2,78.8,"('Jalen Suggs', 'Wendell Carter Jr.')",2.64,2,14,6,0,2,4,2,1,3,1,3,7.88,6.0,4.0,4.0,0.0,6.0,0.0,0.0,2.0,4.0,13.88,10
22500145,ORL,WAS,80.2,78.8,"('Paolo Banchero', 'Wendell Carter Jr.')",2.64,2,14,6,0,2,4,2,1,3,1,3,7.88,6.0,4.0,4.0,0.0,6.0,0.0,0.0,2.0,4.0,13.88,10
22500145,ORL,WAS,79.0,79.2,"('Franz Wagner', 'Jalen Suggs')",1.1166666666666667,2,4,0,2,0,1,0,0,1,1,1,2.0,3.0,0.0,0.0,0.0,4.0,0.0,0.0,0.0,0.0,5.0,10
22500145,ORL,WAS,79.0,79.2,"('Franz Wagner', 'Jonathan Isaac')",1.1166666666666667,2,4,0,2,0,1,0,0,1,1,1,2.0,3.0,0.0,0.0,0.0,4.0,0.0,0.0,0.0,0.0,5.0,10
22500145,ORL,WAS,79.0,79.2,"('Franz Wagner', 'Tyus Jones')",1.1166666666666667,2,4,0,2,0,1,0,0,1,1,1,2.0,3.0,0.0,0.0,0.0,4.0,0.0,0.0,0.0,0.0,5.0,10
22500145,ORL,WAS,79.0,79.2,"('Franz Wagner', 'Wendell Carter Jr.')",1.1166666666666667,2,4,0,2,0,1,0,0,1,1,1,2.0,3.0,0.0,0.0,0.0,4.0,0.0,0.0,0.0,0.0,5.0,10
22500145,ORL,WAS,79.0,79.2,"('Jalen Suggs', 'Jonathan Isaac')",1.1166666666666667,2,4,0,2,0,1,0,0,1,1,1,2.0,3.0,0.0,0.0,0.0,4.0,0.0,0.0,0.0,0.0,5.0,10
22500145,ORL,WAS,79.0,79.2,"('Jalen Suggs', 'Tyus Jones')",1.1166666666666667,2,4,0,2,0,1,0,0,1,1,1,2.0,3.0,0.0,0.0,0.0,4.0,0.0,0.0,0.0,0.0,5.0,10
22500145,ORL,WAS,79.0,79.2,"('Jalen Suggs', 'Wendell Carter Jr.')",1.1166666666666667,2,4,0,2,0,1,0,0,1,1,1,2.0,3.0,0.0,0.0,0.0,4.0,0.0,0.0,0.0,0.0,5.0,10
22500145,ORL,WAS,79.0,79.2,"('Jonathan Isaac', 'Tyus Jones')",1.1166666666666667,2,4,0,2,0,1,0,0,1,1,1,2.0,3.0,0.0,0.0,0.0,4.0,0.0,0.0,0.0,0.0,5.0,10
22500145,ORL,WAS,79.0,79.2,"('Jonathan Isaac', 'Wendell Carter Jr.')",1.1166666666666667,2,4,0,2,0,1,0,0,1,1,1,2.0,3.0,0.0,0.0,0.0,4.0,0.0,0.0,0.0,0.0,5.0,10
22500145,ORL,WAS,79.0,79.2,"('Tyus Jones', 'Wendell Carter Jr.')",1.1166666666666667,2,4,0,2,0,1,0,0,1,1,1,2.0,3.0,0.0,0.0,0.0,4.0,0.0,0.0,0.0,0.0,5.0,10
22500145,ORL,WAS,80.8,78.8,"('Franz Wagner', 'Goga Bitadze')",1.1,2,3,2,1,1,0,0,0,1,1,0,2.44,2.88,0.0,0.0,0.0,2.0,0.0,0.0,0.0,0.0,5.32,10
22500145,ORL,WAS,80.8,78.8,"('Franz Wagner', 'Jalen Suggs')",1.1,2,3,2,1,1,0,0,0,1,1,0,2.44,2.88,0.0,0.0,0.0,2.0,0.0,0.0,0.0,0.0,5.32,10
22500145,ORL,WAS,80.8,78.8,"('Franz Wagner', 'Paolo Banchero')",1.1,2,3,2,1,1,0,0,0,1,1,0,2.44,2.88,0.0,0.0,0.0,2.0,0.0,0.0,0.0,0.0,5.32,10
22500145,ORL,WAS,80.8,78.8,"('Franz Wagner', 'Tristan da Silva')",1.1,2,3,2,1,1,0,0,0,1,1,0,2.44,2.88,0.0,0.0,0.0,2.0,0.0,0.0,0.0,0.0,5.32,10
22500145,ORL,WAS,80.8,78.8,"('Goga Bitadze', 'Jalen Suggs')",1.1,2,3,2,1,1,0,0,0,1,1,0,2.44,2.88,0.0,0.0,0.0,2.0,0.0,0.0,0.0,0.0,5.32,10
22500145,ORL,WAS,80.8,78.8,"('Goga Bitadze', 'Paolo Banchero')",1.1,2,3,2,1,1,0,0,0,1,1,0,2.44,2.88,0.0,0.0,0.0,2.0,0.0,0.0,0.0,0.0,5.32,10
22500145,ORL,WAS,80.8,78.8,"('Goga Bitadze', 'Tristan da Silva')",1.1,2,3,2,1,1,0,0,0,1,1,0,2.44,2.88,0.0,0.0,0.0,2.0,0.0,0.0,0.0,0.0,5.32,10
22500145,ORL,WAS,80.8,78.8,"('Jalen Suggs', 'Paolo Banchero')",1.1,2,3,2,1,1,0,0,0,1,1,0,2.44,2.88,0.0,0.0,0.0,2.0,0.0,0.0,0.0,0.0,5.32,10
22500145,ORL,WAS,80.8,78.8,"('Jalen Suggs', 'Tristan da Silva')",1.1,2,3,2,1,1,0,0,0,1,1,0,2.44,2.88,0.0,0.0,0.0,2.0,0.0,0.0,0.0,0.0,5.32,10
22500145,ORL,WAS,80.8,78.8,"('Paolo Banchero', 'Tristan da Silva')",1.1,2,3,2,1,1,0,0,0,1,1,0,2.44,2.88,0.0,0.0,0.0,2.0,0.0,0.0,0.0,0.0,5.32,10
22500145,ORL,WAS,80.6,78.8,"('Franz Wagner', 'Jalen Suggs')",1.9,2,5,2,2,0,2,0,0,0,1,1,3.44,2.88,0.0,2.0,0.0,4.0,0.0,0.0,0.0,0.0,6.32,10
22500145,ORL,WAS,80.6,78.8,"('Franz Wagner', 'Jonathan Isaac')",1.9,2,5,2,2,0,2,0,0,0,1,1,3.44,2.88,0.0,2.0,0.0,4.0,0.0,0.0,0.0,0.0,6.32,10
22500145,ORL,WAS,80.6,78.8,"('Franz Wagner', 'Tristan da Silva')",1.9,2,5,2,2,0,2,0,0,0,1,1,3.44,2.88,0.0,2.0,0.0,4.0,0.0,0.0,0.0,0.0,6.32,10
22500145,ORL,WAS,80.6,78.8,"('Franz Wagner', 'Wendell Carter Jr.')",1.9,2,5,2,2,0,2,0,0,0,1,1,3.44,2.88,0.0,2.0,0.0,4.0,0.0,0.0,0.0,0.0,6.32,10
22500145,ORL,WAS,80.6,78.8,"('Jalen Suggs', 'Jonathan Isaac')",1.9,2,5,2,2,0,2,0,0,0,1,1,3.44,2.88,0.0,2.0,0.0,4.0,0.0,0.0,0.0,0.0,6.32,10
22500145,ORL,WAS,80.6,78.8,"('Jalen Suggs', 'Tristan da Silva')",1.9,2,5,2,2,0,2,0,0,0,1,1,3.44,2.88,0.0,2.0,0.0,4.0,0.0,0.0,0.0,0.0,6.32,10
22500145,ORL,WAS,80.6,78.8,"('Jalen Suggs', 'Wendell Carter Jr.')",1.9,2,5,2,2,0,2,0,0,0,1,1,3.44,2.88,0.0,2.0,0.0,4.0,0.0,0.0,0.0,0.0,6.32,10
22500145,ORL,WAS,80.6,78.8,"('Jonathan Isaac', 'Tristan da Silva')",1.9,2,5,2,2,0,2,0,0,0,1,1,3.44,2.88,0.0,2.0,0.0,4.0,0.0,0.0,0.0,0.0,6.32,10
22500145,ORL,WAS,80.6,78.8,"('Jonathan Isaac', 'Wendell Carter Jr.')",1.9,2,5,2,2,0,2,0,0,0,1,1,3.44,2.88,0.0,2.0,0.0,4.0,0.0,0.0,0.0,0.0,6.32,10
22500145,ORL,WAS,80.6,78.8,"('Tristan da Silva', 'Wendell Carter Jr.')",1.9,2,5,2,2,0,2,0,0,0,1,1,3.44,2.88,0.0,2.0,0.0,4.0,0.0,0.0,0.0,0.0,6.32,10
22500145,ORL,WAS,79.2,78.4,"('Anthony Black', 'Goga Bitadze')",4.0,2,13,9,7,4,3,1,1,0,0,2,9.32,12.0,4.0,0.0,2.0,10.0,2.0,2.0,4.0,6.0,21.32,10
22500145,ORL,WAS,79.2,78.4,"('Anthony Black', 'Paolo Banchero')",4.0,2,13,9,7,4,3,1,1,0,0,2,9.32,12.0,4.0,0.0,2.0,10.0,2.0,2.0,4.0,6.0,21.32,10
22500145,ORL,WAS,79.2,78.4,"('Anthony Black', 'Tristan da Silva')",4.0,2,13,9,7,4,3,1,1,0,0,2,9.32,12.0,4.0,0.0,2.0,10.0,2.0,2.0,4.0,6.0,21.32,10
22500145,ORL,WAS,79.2,78.4,"('Anthony Black', 'Tyus Jones')",4.0,2,13,9,7,4,3,1,1,0,0,2,9.32,12.0,4.0,0.0,2.0,10.0,2.0,2.0,4.0,6.0,21.32,10
22500145,ORL,WAS,79.2,78.4,"('Goga Bitadze', 'Paolo Banchero')",4.0,2,13,9,7,4,3,1,1,0,0,2,9.32,12.0,4.0,0.0,2.0,10.0,2.0,2.0,4.0,6.0,21.32,10
22500145,ORL,WAS,79.2,78.4,"('Goga Bitadze', 'Tristan da Silva')",4.0,2,13,9,7,4,3,1,1,0,0,2,9.32,12.0,4.0,0.0,2.0,10.0,2.0,2.0,4.0,6.0,21.32,10
22500145,ORL,WAS,79.2,78.4,"('Goga Bitadze', 'Tyus Jones')",4.0,2,13,9,7,4,3,1,1,0,0,2,9.32,12.0,4.0,0.0,2.0,10.0,2.0,2.0,4.0,6.0,21.32,10
22500145,ORL,WAS,79.2,78.4,"('Paolo Banchero', 'Tristan da Silva')",4.0,2,13,9,7,4,3,1,1,0,0,2,9.32,12.0,4.0,0.0,2.0,10.0,2.0,2.0,4.0,6.0,21.32,10
22500145,ORL,WAS,79.2,78.4,"('Paolo Banchero', 'Tyus Jones')",4.0,2,13,9,7,4,3,1,1,0,0,2,9.32,12.0,4.0,0.0,2.0,10.0,2.0,2.0,4.0,6.0,21.32,10
22500145,ORL,WAS,79.2,78.4,"('Tristan da Silva', 'Tyus Jones')",4.0,2,13,9,7,4,3,1,1,0,0,2,9.32,12.0,4.0,0.0,2.0,10.0,2.0,2.0,4.0,6.0,21.32,10
22500145,ORL,WAS,81.2,79.2,"('Anthony Black', 'Franz Wagner')",1.5666666666666669,4,2,4,0,1,1,2,1,2,0,1,5.0,4.0,0.0,2.0,0.0,2.0,2.0,2.0,0.0,4.0,9.0,10
22500145,ORL,WAS,81.2,79.2,"('Anthony Black', 'Goga Bitadze')",1.5666666666666669,4,2,4,0,1,1,2,1,2,0,1,5.0,4.0,0.0,2.0,0.0,2.0,2.0,2.0,0.0,4.0,9.0,10
22500145,ORL,WAS,81.2,79.2,"('Anthony Black', 'Jonathan Isaac')",1.5666666666666669,4,2,4,0,1,1,2,1,2,0,1,5.0,4.0,0.0,2.0,0.0,2.0,2.0,2.0,0.0,4.0,9.0,10
22500145,ORL,WAS,81.2,79.2,"('Anthony Black', 'Tristan da Silva')",1.5666666666666669,4,2,4,0,1,1,2,1,2,0,1,5.0,4.0,0.0,2.0,0.0,2.0,2.0,2.0,0.0,4.0,9.0,10
22500145,ORL,WAS,81.2,79.2,"('Franz Wagner', 'Goga Bitadze')",1.5666666666666669,4,2,4,0,1,1,2,1,2,0,1,5.0,4.0,0.0,2.0,0.0,2.0,2.0,2.0,0.0,4.0,9.0,10
22500145,ORL,WAS,81.2,79.2,"('Franz Wagner', 'Jonathan Isaac')",1.5666666666666669,4,2,4,0,1,1,2,1,2,0,1,5.0,4.0,0.0,2.0,0.0,2.0,2.0,2.0,0.0,4.0,9.0,10
22500145,ORL,WAS,81.2,79.2,"('Franz Wagner', 'Tristan da Silva')",1.5666666666666669,4,2,4,0,1,1,2,1,2,0,1,5.0,4.0,0.0,2.0,0.0,2.0,2.0,2.0,0.0,4.0,9.0,10
22500145,ORL,WAS,81.2,79.2,"('Goga Bitadze', 'Jonathan Isaac')",1.5666666666666669,4,2,4,0,1,1,2,1,2,0,1,5.0,4.0,0.0,2.0,0.0,2.0,2.0,2.0,0.0,4.0,9.0,10
22500145,ORL,WAS,81.2,79.2,"('Goga Bitadze', 'Tristan da Silva')",1.5666666666666669,4,2,4,0,1,1,2,1,2,0,1,5.0,4.0,0.0,2.0,0.0,2.0,2.0,2.0,0.0,4.0,9.0,10
22500145,ORL,WAS,81.2,79.2,"('Jonathan Isaac', 'Tristan da Silva')",1.5666666666666669,4,2,4,0,1,1,2,1,2,0,1,5.0,4.0,0.0,2.0,0.0,2.0,2.0,2.0,0.0,4.0,9.0,10
22500145,ORL,WAS,80.4,78.6,"('Anthony Black', 'Desmond Bane')",3.5500000000000003,3,10,12,4,3,2,4,1,0,0,2,9.88,9.0,2.0,0.0,2.0,6.0,2.0,4.0,0.0,6.0,18.880000000000003,10
22500145,ORL,WAS,80.4,78.6,"('Anthony Black', 'Goga Bitadze')",3.5500000000000003,3,10,12,4,3,2,4,1,0,0,2,9.88,9.0,2.0,0.0,2.0,6.0,2.0,4.0,0.0,6.0,18.880000000000003,10
22500145,ORL,WAS,80.4,78.6,"('Anthony Black', 'Paolo Banchero')",3.5500000000000003,3,10,12,4,3,2,4,1,0,0,2,9.88,9.0,2.0,0.0,2.0,6.0,2.0,4.0,0.0,6.0,18.880000000000003,10
22500145,ORL,WAS,80.4,78.6,"('Anthony Black', 'Tristan da Silva')",3.5500000000000003,3,10,12,4,3,2,4,1,0,0,2,9.88,9.0,2.0,0.0,2.0,6.0,2.0,4.0,0.0,6.0,18.880000000000003,10
22500145,ORL,WAS,80.4,78.6,"('Desmond Bane', 'Goga Bitadze')",3.5500000000000003,3,10,12,4,3,2,4,1,0,0,2,9.88,9.0,2.0,0.0,2.0,6.0,2.0,4.0,0.0,6.0,18.880000000000003,10
22500145,ORL,WAS,80.4,78.6,"('Desmond Bane', 'Paolo Banchero')",3.5500000000000003,3,10,12,4,3,2,4,1,0,0,2,9.88,9.0,2.0,0.0,2.0,6.0,2.0,4.0,0.0,6.0,18.880000000000003,10
22500145,ORL,WAS,80.4,78.6,"('Desmond Bane', 'Tristan da Silva')",3.5500000000000003,3,10,12,4,3,2,4,1,0,0,2,9.88,9.0,2.0,0.0,2.0,6.0,2.0,4.0,0.0,6.0,18.880000000000003,10
22500145,ORL,WAS,80.4,78.6,"('Goga Bitadze', 'Paolo Banchero')",3.5500000000000003,3,10,12,4,3,2,4,1,0,0,2,9.88,9.0,2.0,0.0,2.0,6.0,2.0,4.0,0.0,6.0,18.880000000000003,10
22500145,ORL,WAS,80.4,78.6,"('Goga Bitadze', 'Tristan da Silva')",3.5500000000000003,3,10,12,4,3,2,4,1,0,0,2,9.88,9.0,2.0,0.0,2.0,6.0,2.0,4.0,0.0,6.0,18.880000000000003,10
22500145,ORL,WAS,80.4,78.6,"('Paolo Banchero', 'Tristan da Silva')",3.5500000000000003,3,10,12,4,3,2,4,1,0,0,2,9.88,9.0,2.0,0.0,2.0,6.0,2.0,4.0,0.0,6.0,18.880000000000003,10
22500145,ORL,WAS,79.4,78.2,"('Anthony Black', 'Franz Wagner')",3.123333333333333,3,6,2,6,3,1,0,1,0,1,3,9.32,8.0,0.0,0.0,0.0,0.0,0.0,0.0,0.0,2.0,17.32,10
22500145,ORL,WAS,79.4,78.2,"('Anthony Black', 'Jonathan Isaac')",3.123333333333333,3,6,2,6,3,1,0,1,0,1,3,9.32,8.0,0.0,0.0,0.0,0.0,0.0,0.0,0.0,2.0,17.32,10
22500145,ORL,WAS,79.4,78.2,"('Anthony Black', 'Tyus Jones')",3.123333333333333,3,6,2,6,3,1,0,1,0,1,3,9.32,8.0,0.0,0.0,0.0,0.0,0.0,0.0,0.0,2.0,17.32,10
22500145,ORL,WAS,79.4,78.2,"('Anthony Black', 'Wendell Carter Jr.')",3.123333333333333,3,6,2,6,3,1,0,1,0,1,3,9.32,8.0,0.0,0.0,0.0,0.0,0.0,0.0,0.0,2.0,17.32,10
22500145,ORL,WAS,79.4,78.2,"('Franz Wagner', 'Jonathan Isaac')",3.123333333333333,3,6,2,6,3,1,0,1,0,1,3,9.32,8.0,0.0,0.0,0.0,0.0,0.0,0.0,0.0,2.0,17.32,10
22500145,ORL,WAS,79.4,78.2,"('Franz Wagner', 'Tyus Jones')",3.123333333333333,3,6,2,6,3,1,0,1,0,1,3,9.32,8.0,0.0,0.0,0.0,0.0,0.0,0.0,0.0,2.0,17.32,10
22500145,ORL,WAS,79.4,78.2,"('Franz Wagner', 'Wendell Carter Jr.')",3.123333333333333,3,6,2,6,3,1,0,1,0,1,3,9.32,8.0,0.0,0.0,0.0,0.0,0.0,0.0,0.0,2.0,17.32,10
22500145,ORL,WAS,79.4,78.2,"('Jonathan Isaac', 'Tyus Jones')",3.123333333333333,3,6,2,6,3,1,0,1,0,1,3,9.32,8.0,0.0,0.0,0.0,0.0,0.0,0.0,0.0,2.0,17.32,10
22500145,ORL,WAS,79.4,78.2,"('Jonathan Isaac', 'Wendell Carter Jr.')",3.123333333333333,3,6,2,6,3,1,0,1,0,1,3,9.32,8.0,0.0,0.0,0.0,0.0,0.0,0.0,0.0,2.0,17.32,10
22500145,ORL,WAS,79.4,78.2,"('Tyus Jones', 'Wendell Carter Jr.')",3.123333333333333,3,6,2,6,3,1,0,1,0,1,3,9.32,8.0,0.0,0.0,0.0,0.0,0.0,0.0,0.0,2.0,17.32,10
22500145,ORL,WAS,80.4,79.2,"('Anthony Black', 'Franz Wagner')",1.7333333333333334,4,5,4,0,0,2,1,2,2,1,0,4.0,4.0,2.0,2.0,0.0,2.0,2.0,0.0,2.0,4.0,8.0,10
22500145,ORL,WAS,80.4,79.2,"('Anthony Black', 'Jalen Suggs')",1.7333333333333334,4,5,4,0,0,2,1,2,2,1,0,4.0,4.0,2.0,2.0,0.0,2.0,2.0,0.0,2.0,4.0,8.0,10
22500145,ORL,WAS,80.4,79.2,"('Anthony Black', 'Jonathan Isaac')",1.7333333333333334,4,5,4,0,0,2,1,2,2,1,0,4.0,4.0,2.0,2.0,0.0,2.0,2.0,0.0,2.0,4.0,8.0,10
22500145,ORL,WAS,80.4,79.2,"('Anthony Black', 'Wendell Carter Jr.')",1.7333333333333334,4,5,4,0,0,2,1,2,2,1,0,4.0,4.0,2.0,2.0,0.0,2.0,2.0,0.0,2.0,4.0,8.0,10
22500145,ORL,WAS,80.4,79.2,"('Franz Wagner', 'Jalen Suggs')",1.7333333333333334,4,5,4,0,0,2,1,2,2,1,0,4.0,4.0,2.0,2.0,0.0,2.0,2.0,0.0,2.0,4.0,8.0,10
22500145,ORL,WAS,80.4,79.2,"('Franz Wagner', 'Jonathan Isaac')",1.7333333333333334,4,5,4,0,0,2,1,2,2,1,0,4.0,4.0,2.0,2.0,0.0,2.0,2.0,0.0,2.0,4.0,8.0,10
22500145,ORL,WAS,80.4,79.2,"('Franz Wagner', 'Wendell Carter Jr.')",1.7333333333333334,4,5,4,0,0,2,1,2,2,1,0,4.0,4.0,2.0,2.0,0.0,2.0,2.0,0.0,2.0,4.0,8.0,10
22500145,ORL,WAS,80.4,79.2,"('Jalen Suggs', 'Jonathan Isaac')",1.7333333333333334,4,5,4,0,0,2,1,2,2,1,0,4.0,4.0,2.0,2.0,0.0,2.0,2.0,0.0,2.0,4.0,8.0,10
22500145,ORL,WAS,80.4,79.2,"('Jalen Suggs', 'Wendell Carter Jr.')",1.7333333333333334,4,5,4,0,0,2,1,2,2,1,0,4.0,4.0,2.0,2.0,0.0,2.0,2.0,0.0,2.0,4.0,8.0,10
22500145,ORL,WAS,80.4,79.2,"('Jonathan Isaac', 'Wendell Carter Jr.')",1.7333333333333334,4,5,4,0,0,2,1,2,2,1,0,4.0,4.0,2.0,2.0,0.0,2.0,2.0,0.0,2.0,4.0,8.0,10
22500145,ORL,WAS,80.6,79.2,"('Anthony Black', 'Goga Bitadze')",0.7166666666666667,4,0,2,1,2,0,0,0,0,0,0,1.0,2.0,0.0,0.0,0.0,0.0,2.0,0.0,2.0,2.0,3.0,10
22500145,ORL,WAS,80.6,79.2,"('Anthony Black', 'Jonathan Isaac')",0.7166666666666667,4,0,2,1,2,0,0,0,0,0,0,1.0,2.0,0.0,0.0,0.0,0.0,2.0,0.0,2.0,2.0,3.0,10
22500145,ORL,WAS,80.6,79.2,"('Anthony Black', 'Noah Penda')",0.7166666666666667,4,0,2,1,2,0,0,0,0,0,0,1.0,2.0,0.0,0.0,0.0,0.0,2.0,0.0,2.0,2.0,3.0,10
22500145,ORL,WAS,80.6,79.2,"('Anthony Black', 'Tristan da Silva')",0.7166666666666667,4,0,2,1,2,0,0,0,0,0,0,1.0,2.0,0.0,0.0,0.0,0.0,2.0,0.0,2.0,2.0,3.0,10
22500145,ORL,WAS,80.6,79.2,"('Goga Bitadze', 'Jonathan Isaac')",0.7166666666666667,4,0,2,1,2,0,0,0,0,0,0,1.0,2.0,0.0,0.0,0.0,0.0,2.0,0.0,2.0,2.0,3.0,10
22500145,ORL,WAS,80.6,79.2,"('Goga Bitadze', 'Noah Penda')",0.7166666666666667,4,0,2,1,2,0,0,0,0,0,0,1.0,2.0,0.0,0.0,0.0,0.0,2.0,0.0,2.0,2.0,3.0,10
22500145,ORL,WAS,80.6,79.2,"('Goga Bitadze', 'Tristan da Silva')",0.7166666666666667,4,0,2,1,2,0,0,0,0,0,0,1.0,2.0,0.0,0.0,0.0,0.0,2.0,0.0,2.0,2.0,3.0,10
22500145,ORL,WAS,80.6,79.2,"('Jonathan Isaac', 'Noah Penda')",0.7166666666666667,4,0,2,1,2,0,0,0,0,0,0,1.0,2.0,0.0,0.0,0.0,0.0,2.0,0.0,2.0,2.0,3.0,10
22500145,ORL,WAS,80.6,79.2,"('Jonathan Isaac', 'Tristan da Silva')",0.7166666666666667,4,0,2,1,2,0,0,0,0,0,0,1.0,2.0,0.0,0.0,0.0,0.0,2.0,0.0,2.0,2.0,3.0,10
22500145,ORL,WAS,80.6,79.2,"('Noah Penda', 'Tristan da Silva')",0.7166666666666667,4,0,2,1,2,0,0,0,0,0,0,1.0,2.0,0.0,0.0,0.0,0.0,2.0,0.0,2.0,2.0,3.0,10
22500145,ORL,WAS,79.0,79.2,"('Franz Wagner', 'Jalen Suggs')",1.8500000000000003,4,0,3,4,2,0,0,1,0,2,0,4.0,4.44,0.0,0.0,0.0,0.0,0.0,2.0,0.0,2.0,8.440000000000001,10
22500145,ORL,WAS,79.0,79.2,"('Franz Wagner', 'Jonathan Isaac')",1.8500000000000003,4,0,3,4,2,0,0,1,0,2,0,4.0,4.44,0.0,0.0,0.0,0.0,0.0,2.0,0.0,2.0,8.440000000000001,10
22500145,ORL,WAS,79.0,79.2,"('Franz Wagner', 'Tyus Jones')",1.8500000000000003,4,0,3,4,2,0,0,1,0,2,0,4.0,4.44,0.0,0.0,0.0,0.0,0.0,2.0,0.0,2.0,8.440000000000001,10
22500145,ORL,WAS,79.0,79.2,"('Franz Wagner', 'Wendell Carter Jr.')",1.8500000000000003,4,0,3,4,2,0,0,1,0,2,0,4.0,4.44,0.0,0.0,0.0,0.0,0.0,2.0,0.0,2.0,8.440000000000001,10
22500145,ORL,WAS,79.0,79.2,"('Jalen Suggs', 'Jonathan Isaac')",1.8500000000000003,4,0,3,4,2,0,0,1,0,2,0,4.0,4.44,0.0,0.0,0.0,0.0,0.0,2.0,0.0,2.0,8.440000000000001,10
22500145,ORL,WAS,79.0,79.2,"('Jalen Suggs', 'Tyus Jones')",1.8500000000000003,4,0,3,4,2,0,0,1,0,2,0,4.0,4.44,0.0,0.0,0.0,0.0,0.0,2.0,0.0,2.0,8.440000000000001,10
22500145,ORL,WAS,79.0,79.2,"('Jalen Suggs', 'Wendell Carter Jr.')",1.8500000000000003,4,0,3,4,2,0,0,1,0,2,0,4.0,4.44,0.0,0.0,0.0,0.0,0.0,2.0,0.0,2.0,8.440000000000001,10
22500145,ORL,WAS,79.0,79.2,"('Jonathan Isaac', 'Tyus Jones')",1.8500000000000003,4,0,3,4,2,0,0,1,0,2,0,4.0,4.44,0.0,0.0,0.0,0.0,0.0,2.0,0.0,2.0,8.440000000000001,10
22500145,ORL,WAS,79.0,79.2,"('Jonathan Isaac', 'Wendell Carter Jr.')",1.8500000000000003,4,0,3,4,2,0,0,1,0,2,0,4.0,4.44,0.0,0.0,0.0,0.0,0.0,2.0,0.0,2.0,8.440000000000001,10
22500145,ORL,WAS,79.0,79.2,"('Tyus Jones', 'Wendell Carter Jr.')",1.8500000000000003,4,0,3,4,2,0,0,1,0,2,0,4.0,4.44,0.0,0.0,0.0,0.0,0.0,2.0,0.0,2.0,8.440000000000001,10
22500145,ORL,WAS,81.0,79.2,"('Anthony Black', 'Franz Wagner')",0.0,4,0,0,0,0,0,0,0,0,0,0,0.0,0.0,0.0,0.0,0.0,0.0,0.0,0.0,0.0,0.0,0.0,10
22500145,ORL,WAS,81.0,79.2,"('Anthony Black', 'Jonathan Isaac')",0.0,4,0,0,0,0,0,0,0,0,0,0,0.0,0.0,0.0,0.0,0.0,0.0,0.0,0.0,0.0,0.0,0.0,10
22500145,ORL,WAS,81.0,79.2,"('Anthony Black', 'Tristan da Silva')",0.0,4,0,0,0,0,0,0,0,0,0,0,0.0,0.0,0.0,0.0,0.0,0.0,0.0,0.0,0.0,0.0,0.0,10
22500145,ORL,WAS,81.0,79.2,"('Anthony Black', 'Wendell Carter Jr.')",0.0,4,0,0,0,0,0,0,0,0,0,0,0.0,0.0,0.0,0.0,0.0,0.0,0.0,0.0,0.0,0.0,0.0,10
22500145,ORL,WAS,81.0,79.2,"('Franz Wagner', 'Jonathan Isaac')",0.0,4,0,0,0,0,0,0,0,0,0,0,0.0,0.0,0.0,0.0,0.0,0.0,0.0,0.0,0.0,0.0,0.0,10
22500145,ORL,WAS,81.0,79.2,"('Franz Wagner', 'Tristan da Silva')",0.0,4,0,0,0,0,0,0,0,0,0,0,0.0,0.0,0.0,0.0,0.0,0.0,0.0,0.0,0.0,0.0,0.0,10
22500145,ORL,WAS,81.0,79.2,"('Franz Wagner', 'Wendell Carter Jr.')",0.0,4,0,0,0,0,0,0,0,0,0,0,0.0,0.0,0.0,0.0,0.0,0.0,0.0,0.0,0.0,0.0,0.0,10
22500145,ORL,WAS,81.0,79.2,"('Jonathan Isaac', 'Tristan da Silva')",0.0,4,0,0,0,0,0,0,0,0,0,0,0.0,0.0,0.0,0.0,0.0,0.0,0.0,0.0,0.0,0.0,0.0,10
22500145,ORL,WAS,81.0,79.2,"('Jonathan Isaac', 'Wendell Carter Jr.')",0.0,4,0,0,0,0,0,0,0,0,0,0,0.0,0.0,0.0,0.0,0.0,0.0,0.0,0.0,0.0,0.0,0.0,10
22500145,ORL,WAS,81.0,79.2,"('Tristan da Silva', 'Wendell Carter Jr.')",0.0,4,0,0,0,0,0,0,0,0,0,0,0.0,0.0,0.0,0.0,0.0,0.0,0.0,0.0,0.0,0.0,0.0,10
22500145,ORL,WAS,79.0,79.8,"('Goga Bitadze', 'Jase Richardson')",5.574999999999999,4,15,6,6,7,6,1,1,2,0,3,11.0,11.0,0.0,2.0,3.0,6.0,0.0,2.0,2.0,6.0,22.0,10
22500145,ORL,WAS,79.0,79.8,"('Goga Bitadze', 'Jett Howard')",5.574999999999999,4,15,6,6,7,6,1,1,2,0,3,11.0,11.0,0.0,2.0,3.0,6.0,0.0,2.0,2.0,6.0,22.0,10
22500145,ORL,WAS,79.0,79.8,"('Goga Bitadze', 'Noah Penda')",5.574999999999999,4,15,6,6,7,6,1,1,2,0,3,11.0,11.0,0.0,2.0,3.0,6.0,0.0,2.0,2.0,6.0,22.0,10
22500145,ORL,WAS,79.0,79.8,"('Goga Bitadze', 'Tristan da Silva')",5.574999999999999,4,15,6,6,7,6,1,1,2,0,3,11.0,11.0,0.0,2.0,3.0,6.0,0.0,2.0,2.0,6.0,22.0,10
22500145,ORL,WAS,79.0,79.8,"('Jase Richardson', 'Jett Howard')",5.574999999999999,4,15,6,6,7,6,1,1,2,0,3,11.0,11.0,0.0,2.0,3.0,6.0,0.0,2.0,2.0,6.0,22.0,10
22500145,ORL,WAS,79.0,79.8,"('Jase Richardson', 'Noah Penda')",5.574999999999999,4,15,6,6,7,6,1,1,2,0,3,11.0,11.0,0.0,2.0,3.0,6.0,0.0,2.0,2.0,6.0,22.0,10
22500145,ORL,WAS,79.0,79.8,"('Jase Richardson', 'Tristan da Silva')",5.574999999999999,4,15,6,6,7,6,1,1,2,0,3,11.0,11.0,0.0,2.0,3.0,6.0,0.0,2.0,2.0,6.0,22.0,10
22500145,ORL,WAS,79.0,79.8,"('Jett Howard', 'Noah Penda')",5.574999999999999,4,15,6,6,7,6,1,1,2,0,3,11.0,11.0,0.0,2.0,3.0,6.0,0.0,2.0,2.0,6.0,22.0,10
22500145,ORL,WAS,79.0,79.8,"('Jett Howard', 'Tristan da Silva')",5.574999999999999,4,15,6,6,7,6,1,1,2,0,3,11.0,11.0,0.0,2.0,3.0,6.0,0.0,2.0,2.0,6.0,22.0,10
22500145,ORL,WAS,79.0,79.8,"('Noah Penda', 'Tristan da Silva')",5.574999999999999,4,15,6,6,7,6,1,1,2,0,3,11.0,11.0,0.0,2.0,3.0,6.0,0.0,2.0,2.0,6.0,22.0,10
22500166,ORL,ATL,79.8,80.4,"('Desmond Bane', 'Franz Wagner')",0.6499999999999999,2,0,4,0,1,0,0,0,0,1,0,1.0,1.88,0.0,0.0,0.0,0.0,0.0,0.0,0.0,2.0,2.88,11
22500166,ORL,ATL,79.8,80.4,"('Desmond Bane', 'Jalen Suggs')",0.6499999999999999,2,0,4,0,1,0,0,0,0,1,0,1.0,1.88,0.0,0.0,0.0,0.0,0.0,0.0,0.0,2.0,2.88,11
22500166,ORL,ATL,79.8,80.4,"('Desmond Bane', 'Tristan da Silva')",0.6499999999999999,2,0,4,0,1,0,0,0,0,1,0,1.0,1.88,0.0,0.0,0.0,0.0,0.0,0.0,0.0,2.0,2.88,11
22500166,ORL,ATL,79.8,80.4,"('Desmond Bane', 'Wendell Carter Jr.')",0.6499999999999999,2,0,4,0,1,0,0,0,0,1,0,1.0,1.88,0.0,0.0,0.0,0.0,0.0,0.0,0.0,2.0,2.88,11
22500166,ORL,ATL,79.8,80.4,"('Franz Wagner', 'Jalen Suggs')",0.6499999999999999,2,0,4,0,1,0,0,0,0,1,0,1.0,1.88,0.0,0.0,0.0,0.0,0.0,0.0,0.0,2.0,2.88,11
22500166,ORL,ATL,79.8,80.4,"('Franz Wagner', 'Tristan da Silva')",0.6499999999999999,2,0,4,0,1,0,0,0,0,1,0,1.0,1.88,0.0,0.0,0.0,0.0,0.0,0.0,0.0,2.0,2.88,11
22500166,ORL,ATL,79.8,80.4,"('Franz Wagner', 'Wendell Carter Jr.')",0.6499999999999999,2,0,4,0,1,0,0,0,0,1,0,1.0,1.88,0.0,0.0,0.0,0.0,0.0,0.0,0.0,2.0,2.88,11
22500166,ORL,ATL,79.8,80.4,"('Jalen Suggs', 'Tristan da Silva')",0.6499999999999999,2,0,4,0,1,0,0,0,0,1,0,1.0,1.88,0.0,0.0,0.0,0.0,0.0,0.0,0.0,2.0,2.88,11
22500166,ORL,ATL,79.8,80.4,"('Jalen Suggs', 'Wendell Carter Jr.')",0.6499999999999999,2,0,4,0,1,0,0,0,0,1,0,1.0,1.88,0.0,0.0,0.0,0.0,0.0,0.0,0.0,2.0,2.88,11
22500166,ORL,ATL,79.8,80.4,"('Tristan da Silva', 'Wendell Carter Jr.')",0.6499999999999999,2,0,4,0,1,0,0,0,0,1,0,1.0,1.88,0.0,0.0,0.0,0.0,0.0,0.0,0.0,2.0,2.88,11
22500166,ORL,ATL,80.2,80.4,"('Desmond Bane', 'Franz Wagner')",0.3999999999999999,2,0,3,1,1,0,0,0,0,1,0,1.0,3.44,0.0,0.0,0.0,0.0,0.0,2.0,0.0,2.0,4.44,11
22500166,ORL,ATL,80.2,80.4,"('Desmond Bane', 'Jalen Suggs')",0.3999999999999999,2,0,3,1,1,0,0,0,0,1,0,1.0,3.44,0.0,0.0,0.0,0.0,0.0,2.0,0.0,2.0,4.44,11
22500166,ORL,ATL,80.2,80.4,"('Desmond Bane', 'Jonathan Isaac')",0.3999999999999999,2,0,3,1,1,0,0,0,0,1,0,1.0,3.44,0.0,0.0,0.0,0.0,0.0,2.0,0.0,2.0,4.44,11
22500166,ORL,ATL,80.2,80.4,"('Desmond Bane', 'Paolo Banchero')",0.3999999999999999,2,0,3,1,1,0,0,0,0,1,0,1.0,3.44,0.0,0.0,0.0,0.0,0.0,2.0,0.0,2.0,4.44,11
22500166,ORL,ATL,80.2,80.4,"('Franz Wagner', 'Jalen Suggs')",0.3999999999999999,2,0,3,1,1,0,0,0,0,1,0,1.0,3.44,0.0,0.0,0.0,0.0,0.0,2.0,0.0,2.0,4.44,11
22500166,ORL,ATL,80.2,80.4,"('Franz Wagner', 'Jonathan Isaac')",0.3999999999999999,2,0,3,1,1,0,0,0,0,1,0,1.0,3.44,0.0,0.0,0.0,0.0,0.0,2.0,0.0,2.0,4.44,11
22500166,ORL,ATL,80.2,80.4,"('Franz Wagner', 'Paolo Banchero')",0.3999999999999999,2,0,3,1,1,0,0,0,0,1,0,1.0,3.44,0.0,0.0,0.0,0.0,0.0,2.0,0.0,2.0,4.44,11
22500166,ORL,ATL,80.2,80.4,"('Jalen Suggs', 'Jonathan Isaac')",0.3999999999999999,2,0,3,1,1,0,0,0,0,1,0,1.0,3.44,0.0,0.0,0.0,0.0,0.0,2.0,0.0,2.0,4.44,11
22500166,ORL,ATL,80.2,80.4,"('Jalen Suggs', 'Paolo Banchero')",0.3999999999999999,2,0,3,1,1,0,0,0,0,1,0,1.0,3.44,0.0,0.0,0.0,0.0,0.0,2.0,0.0,2.0,4.44,11
22500166,ORL,ATL,80.2,80.4,"('Jonathan Isaac', 'Paolo Banchero')",0.3999999999999999,2,0,3,1,1,0,0,0,0,1,0,1.0,3.44,0.0,0.0,0.0,0.0,0.0,2.0,0.0,2.0,4.44,11
22500166,ORL,ATL,78.2,79.4,"('Desmond Bane', 'Franz Wagner')",1.7833333333333332,2,0,3,1,5,0,1,0,1,2,0,3.0,3.44,0.0,0.0,0.0,0.0,0.0,0.0,0.0,0.0,6.44,11
22500166,ORL,ATL,78.2,79.4,"('Desmond Bane', 'Jalen Suggs')",1.7833333333333332,2,0,3,1,5,0,1,0,1,2,0,3.0,3.44,0.0,0.0,0.0,0.0,0.0,0.0,0.0,0.0,6.44,11
22500166,ORL,ATL,78.2,79.4,"('Desmond Bane', 'Tyus Jones')",1.7833333333333332,2,0,3,1,5,0,1,0,1,2,0,3.0,3.44,0.0,0.0,0.0,0.0,0.0,0.0,0.0,0.0,6.44,11
22500166,ORL,ATL,78.2,79.4,"('Desmond Bane', 'Wendell Carter Jr.')",1.7833333333333332,2,0,3,1,5,0,1,0,1,2,0,3.0,3.44,0.0,0.0,0.0,0.0,0.0,0.0,0.0,0.0,6.44,11
22500166,ORL,ATL,78.2,79.4,"('Franz Wagner', 'Jalen Suggs')",1.7833333333333332,2,0,3,1,5,0,1,0,1,2,0,3.0,3.44,0.0,0.0,0.0,0.0,0.0,0.0,0.0,0.0,6.44,11
22500166,ORL,ATL,78.2,79.4,"('Franz Wagner', 'Tyus Jones')",1.7833333333333332,2,0,3,1,5,0,1,0,1,2,0,3.0,3.44,0.0,0.0,0.0,0.0,0.0,0.0,0.0,0.0,6.44,11
22500166,ORL,ATL,78.2,79.4,"('Franz Wagner', 'Wendell Carter Jr.')",1.7833333333333332,2,0,3,1,5,0,1,0,1,2,0,3.0,3.44,0.0,0.0,0.0,0.0,0.0,0.0,0.0,0.0,6.44,11
22500166,ORL,ATL,78.2,79.4,"('Jalen Suggs', 'Tyus Jones')",1.7833333333333332,2,0,3,1,5,0,1,0,1,2,0,3.0,3.44,0.0,0.0,0.0,0.0,0.0,0.0,0.0,0.0,6.44,11
22500166,ORL,ATL,78.2,79.4,"('Jalen Suggs', 'Wendell Carter Jr.')",1.7833333333333332,2,0,3,1,5,0,1,0,1,2,0,3.0,3.44,0.0,0.0,0.0,0.0,0.0,0.0,0.0,0.0,6.44,11
22500166,ORL,ATL,78.2,79.4,"('Tyus Jones', 'Wendell Carter Jr.')",1.7833333333333332,2,0,3,1,5,0,1,0,1,2,0,3.0,3.44,0.0,0.0,0.0,0.0,0.0,0.0,0.0,0.0,6.44,11
22500166,ORL,ATL,79.4,80.2,"('Anthony Black', 'Goga Bitadze')",3.983333333333333,3,11,13,2,3,4,3,0,2,2,1,6.44,9.32,0.0,0.0,0.0,4.0,0.0,2.0,2.0,4.0,15.760000000000002,11
22500166,ORL,ATL,79.4,80.2,"('Anthony Black', 'Jase Richardson')",3.983333333333333,3,11,13,2,3,4,3,0,2,2,1,6.44,9.32,0.0,0.0,0.0,4.0,0.0,2.0,2.0,4.0,15.760000000000002,11
22500166,ORL,ATL,79.4,80.2,"('Anthony Black', 'Paolo Banchero')",3.983333333333333,3,11,13,2,3,4,3,0,2,2,1,6.44,9.32,0.0,0.0,0.0,4.0,0.0,2.0,2.0,4.0,15.760000000000002,11
22500166,ORL,ATL,79.4,80.2,"('Anthony Black', 'Tristan da Silva')",3.983333333333333,3,11,13,2,3,4,3,0,2,2,1,6.44,9.32,0.0,0.0,0.0,4.0,0.0,2.0,2.0,4.0,15.760000000000002,11
22500166,ORL,ATL,79.4,80.2,"('Goga Bitadze', 'Jase Richardson')",3.983333333333333,3,11,13,2,3,4,3,0,2,2,1,6.44,9.32,0.0,0.0,0.0,4.0,0.0,2.0,2.0,4.0,15.760000000000002,11
22500166,ORL,ATL,79.4,80.2,"('Goga Bitadze', 'Paolo Banchero')",3.983333333333333,3,11,13,2,3,4,3,0,2,2,1,6.44,9.32,0.0,0.0,0.0,4.0,0.0,2.0,2.0,4.0,15.760000000000002,11
22500166,ORL,ATL,79.4,80.2,"('Goga Bitadze', 'Tristan da Silva')",3.983333333333333,3,11,13,2,3,4,3,0,2,2,1,6.44,9.32,0.0,0.0,0.0,4.0,0.0,2.0,2.0,4.0,15.760000000000002,11
22500166,ORL,ATL,79.4,80.2,"('Jase Richardson', 'Paolo Banchero')",3.983333333333333,3,11,13,2,3,4,3,0,2,2,1,6.44,9.32,0.0,0.0,0.0,4.0,0.0,2.0,2.0,4.0,15.760000000000002,11
22500166,ORL,ATL,79.4,80.2,"('Jase Richardson', 'Tristan da Silva')",3.983333333333333,3,11,13,2,3,4,3,0,2,2,1,6.44,9.32,0.0,0.0,0.0,4.0,0.0,2.0,2.0,4.0,15.760000000000002,11
22500166,ORL,ATL,79.4,80.2,"('Paolo Banchero', 'Tristan da Silva')",3.983333333333333,3,11,13,2,3,4,3,0,2,2,1,6.44,9.32,0.0,0.0,0.0,4.0,0.0,2.0,2.0,4.0,15.760000000000002,11
22500166,ORL,ATL,80.4,79.8,"('Anthony Black', 'Desmond Bane')",1.6333333333333335,2,7,1,2,1,1,0,0,1,2,1,4.44,3.44,0.0,3.0,0.0,0.0,0.0,0.0,0.0,0.0,7.880000000000001,11
22500166,ORL,ATL,80.4,79.8,"('Anthony Black', 'Goga Bitadze')",1.6333333333333335,2,7,1,2,1,1,0,0,1,2,1,4.44,3.44,0.0,3.0,0.0,0.0,0.0,0.0,0.0,0.0,7.880000000000001,11
22500166,ORL,ATL,80.4,79.8,"('Anthony Black', 'Paolo Banchero')",1.6333333333333335,2,7,1,2,1,1,0,0,1,2,1,4.44,3.44,0.0,3.0,0.0,0.0,0.0,0.0,0.0,0.0,7.880000000000001,11
22500166,ORL,ATL,80.4,79.8,"('Anthony Black', 'Tristan da Silva')",1.6333333333333335,2,7,1,2,1,1,0,0,1,2,1,4.44,3.44,0.0,3.0,0.0,0.0,0.0,0.0,0.0,0.0,7.880000000000001,11
22500166,ORL,ATL,80.4,79.8,"('Desmond Bane', 'Goga Bitadze')",1.6333333333333335,2,7,1,2,1,1,0,0,1,2,1,4.44,3.44,0.0,3.0,0.0,0.0,0.0,0.0,0.0,0.0,7.880000000000001,11
22500166,ORL,ATL,80.4,79.8,"('Desmond Bane', 'Paolo Banchero')",1.6333333333333335,2,7,1,2,1,1,0,0,1,2,1,4.44,3.44,0.0,3.0,0.0,0.0,0.0,0.0,0.0,0.0,7.880000000000001,11
22500166,ORL,ATL,80.4,79.8,"('Desmond Bane', 'Tristan da Silva')",1.6333333333333335,2,7,1,2,1,1,0,0,1,2,1,4.44,3.44,0.0,3.0,0.0,0.0,0.0,0.0,0.0,0.0,7.880000000000001,11
22500166,ORL,ATL,80.4,79.8,"('Goga Bitadze', 'Paolo Banchero')",1.6333333333333335,2,7,1,2,1,1,0,0,1,2,1,4.44,3.44,0.0,3.0,0.0,0.0,0.0,0.0,0.0,0.0,7.880000000000001,11
22500166,ORL,ATL,80.4,79.8,"('Goga Bitadze', 'Tristan da Silva')",1.6333333333333335,2,7,1,2,1,1,0,0,1,2,1,4.44,3.44,0.0,3.0,0.0,0.0,0.0,0.0,0.0,0.0,7.880000000000001,11
22500166,ORL,ATL,80.4,79.8,"('Paolo Banchero', 'Tristan da Silva')",1.6333333333333335,2,7,1,2,1,1,0,0,1,2,1,4.44,3.44,0.0,3.0,0.0,0.0,0.0,0.0,0.0,0.0,7.880000000000001,11
22500166,ORL,ATL,80.6,79.8,"('Anthony Black', 'Desmond Bane')",1.3,2,3,3,2,0,0,1,1,1,1,2,3.3200000000000003,3.44,0.0,0.0,0.0,0.0,0.0,0.0,0.0,2.0,6.76,11
22500166,ORL,ATL,80.6,79.8,"('Anthony Black', 'Franz Wagner')",1.3,2,3,3,2,0,0,1,1,1,1,2,3.3200000000000003,3.44,0.0,0.0,0.0,0.0,0.0,0.0,0.0,2.0,6.76,11
22500166,ORL,ATL,80.6,79.8,"('Anthony Black', 'Paolo Banchero')",1.3,2,3,3,2,0,0,1,1,1,1,2,3.3200000000000003,3.44,0.0,0.0,0.0,0.0,0.0,0.0,0.0,2.0,6.76,11
22500166,ORL,ATL,80.6,79.8,"('Anthony Black', 'Wendell Carter Jr.')",1.3,2,3,3,2,0,0,1,1,1,1,2,3.3200000000000003,3.44,0.0,0.0,0.0,0.0,0.0,0.0,0.0,2.0,6.76,11
22500166,ORL,ATL,80.6,79.8,"('Desmond Bane', 'Franz Wagner')",1.3,2,3,3,2,0,0,1,1,1,1,2,3.3200000000000003,3.44,0.0,0.0,0.0,0.0,0.0,0.0,0.0,2.0,6.76,11
22500166,ORL,ATL,80.6,79.8,"('Desmond Bane', 'Paolo Banchero')",1.3,2,3,3,2,0,0,1,1,1,1,2,3.3200000000000003,3.44,0.0,0.0,0.0,0.0,0.0,0.0,0.0,2.0,6.76,11
22500166,ORL,ATL,80.6,79.8,"('Desmond Bane', 'Wendell Carter Jr.')",1.3,2,3,3,2,0,0,1,1,1,1,2,3.3200000000000003,3.44,0.0,0.0,0.0,0.0,0.0,0.0,0.0,2.0,6.76,11
22500166,ORL,ATL,80.6,79.8,"('Franz Wagner', 'Paolo Banchero')",1.3,2,3,3,2,0,0,1,1,1,1,2,3.3200000000000003,3.44,0.0,0.0,0.0,0.0,0.0,0.0,0.0,2.0,6.76,11
22500166,ORL,ATL,80.6,79.8,"('Franz Wagner', 'Wendell Carter Jr.')",1.3,2,3,3,2,0,0,1,1,1,1,2,3.3200000000000003,3.44,0.0,0.0,0.0,0.0,0.0,0.0,0.0,2.0,6.76,11
22500166,ORL,ATL,80.6,79.8,"('Paolo Banchero', 'Wendell Carter Jr.')",1.3,2,3,3,2,0,0,1,1,1,1,2,3.3200000000000003,3.44,0.0,0.0,0.0,0.0,0.0,0.0,0.0,2.0,6.76,11
22500166,ORL,ATL,80.8,79.0,"('Anthony Black', 'Desmond Bane')",2.016666666666667,2,10,8,2,1,2,2,0,1,1,1,5.0,3.88,0.0,2.0,2.0,4.0,0.0,0.0,0.0,0.0,8.879999999999999,11
22500166,ORL,ATL,80.8,79.0,"('Anthony Black', 'Franz Wagner')",2.016666666666667,2,10,8,2,1,2,2,0,1,1,1,5.0,3.88,0.0,2.0,2.0,4.0,0.0,0.0,0.0,0.0,8.879999999999999,11
22500166,ORL,ATL,80.8,79.0,"('Anthony Black', 'Goga Bitadze')",2.016666666666667,2,10,8,2,1,2,2,0,1,1,1,5.0,3.88,0.0,2.0,2.0,4.0,0.0,0.0,0.0,0.0,8.879999999999999,11
22500166,ORL,ATL,80.8,79.0,"('Anthony Black', 'Paolo Banchero')",2.016666666666667,2,10,8,2,1,2,2,0,1,1,1,5.0,3.88,0.0,2.0,2.0,4.0,0.0,0.0,0.0,0.0,8.879999999999999,11
22500166,ORL,ATL,80.8,79.0,"('Desmond Bane', 'Franz Wagner')",2.016666666666667,2,10,8,2,1,2,2,0,1,1,1,5.0,3.88,0.0,2.0,2.0,4.0,0.0,0.0,0.0,0.0,8.879999999999999,11
22500166,ORL,ATL,80.8,79.0,"('Desmond Bane', 'Goga Bitadze')",2.016666666666667,2,10,8,2,1,2,2,0,1,1,1,5.0,3.88,0.0,2.0,2.0,4.0,0.0,0.0,0.0,0.0,8.879999999999999,11
22500166,ORL,ATL,80.8,79.0,"('Desmond Bane', 'Paolo Banchero')",2.016666666666667,2,10,8,2,1,2,2,0,1,1,1,5.0,3.88,0.0,2.0,2.0,4.0,0.0,0.0,0.0,0.0,8.879999999999999,11
22500166,ORL,ATL,80.8,79.0,"('Franz Wagner', 'Goga Bitadze')",2.016666666666667,2,10,8,2,1,2,2,0,1,1,1,5.0,3.88,0.0,2.0,2.0,4.0,0.0,0.0,0.0,0.0,8.879999999999999,11
22500166,ORL,ATL,80.8,79.0,"('Franz Wagner', 'Paolo Banchero')",2.016666666666667,2,10,8,2,1,2,2,0,1,1,1,5.0,3.88,0.0,2.0,2.0,4.0,0.0,0.0,0.0,0.0,8.879999999999999,11
22500166,ORL,ATL,80.8,79.0,"('Goga Bitadze', 'Paolo Banchero')",2.016666666666667,2,10,8,2,1,2,2,0,1,1,1,5.0,3.88,0.0,2.0,2.0,4.0,0.0,0.0,0.0,0.0,8.879999999999999,11
22500166,ORL,ATL,79.8,80.4,"('Desmond Bane', 'Jalen Suggs')",1.2166666666666668,2,3,2,1,0,1,0,1,0,0,1,2.44,2.0,0.0,0.0,0.0,2.0,2.0,2.0,0.0,2.0,4.44,11
22500166,ORL,ATL,79.8,80.4,"('Desmond Bane', 'Paolo Banchero')",1.2166666666666668,2,3,2,1,0,1,0,1,0,0,1,2.44,2.0,0.0,0.0,0.0,2.0,2.0,2.0,0.0,2.0,4.44,11
22500166,ORL,ATL,79.8,80.4,"('Desmond Bane', 'Tristan da Silva')",1.2166666666666668,2,3,2,1,0,1,0,1,0,0,1,2.44,2.0,0.0,0.0,0.0,2.0,2.0,2.0,0.0,2.0,4.44,11
22500166,ORL,ATL,79.8,80.4,"('Desmond Bane', 'Wendell Carter Jr.')",1.2166666666666668,2,3,2,1,0,1,0,1,0,0,1,2.44,2.0,0.0,0.0,0.0,2.0,2.0,2.0,0.0,2.0,4.44,11
22500166,ORL,ATL,79.8,80.4,"('Jalen Suggs', 'Paolo Banchero')",1.2166666666666668,2,3,2,1,0,1,0,1,0,0,1,2.44,2.0,0.0,0.0,0.0,2.0,2.0,2.0,0.0,2.0,4.44,11
22500166,ORL,ATL,79.8,80.4,"('Jalen Suggs', 'Tristan da Silva')",1.2166666666666668,2,3,2,1,0,1,0,1,0,0,1,2.44,2.0,0.0,0.0,0.0,2.0,2.0,2.0,0.0,2.0,4.44,11
22500166,ORL,ATL,79.8,80.4,"('Jalen Suggs', 'Wendell Carter Jr.')",1.2166666666666668,2,3,2,1,0,1,0,1,0,0,1,2.44,2.0,0.0,0.0,0.0,2.0,2.0,2.0,0.0,2.0,4.44,11
22500166,ORL,ATL,79.8,80.4,"('Paolo Banchero', 'Tristan da Silva')",1.2166666666666668,2,3,2,1,0,1,0,1,0,0,1,2.44,2.0,0.0,0.0,0.0,2.0,2.0,2.0,0.0,2.0,4.44,11
22500166,ORL,ATL,79.8,80.4,"('Paolo Banchero', 'Wendell Carter Jr.')",1.2166666666666668,2,3,2,1,0,1,0,1,0,0,1,2.44,2.0,0.0,0.0,0.0,2.0,2.0,2.0,0.0,2.0,4.44,11
22500166,ORL,ATL,79.8,80.4,"('Tristan da Silva', 'Wendell Carter Jr.')",1.2166666666666668,2,3,2,1,0,1,0,1,0,0,1,2.44,2.0,0.0,0.0,0.0,2.0,2.0,2.0,0.0,2.0,4.44,11
22500166,ORL,ATL,80.0,80.2,"('Anthony Black', 'Franz Wagner')",0.4983333333333333,3,0,2,0,0,0,1,1,0,0,0,1.0,2.0,0.0,0.0,0.0,0.0,2.0,0.0,0.0,2.0,3.0,11
22500166,ORL,ATL,80.0,80.2,"('Anthony Black', 'Jalen Suggs')",0.4983333333333333,3,0,2,0,0,0,1,1,0,0,0,1.0,2.0,0.0,0.0,0.0,0.0,2.0,0.0,0.0,2.0,3.0,11
22500166,ORL,ATL,80.0,80.2,"('Anthony Black', 'Tristan da Silva')",0.4983333333333333,3,0,2,0,0,0,1,1,0,0,0,1.0,2.0,0.0,0.0,0.0,0.0,2.0,0.0,0.0,2.0,3.0,11
22500166,ORL,ATL,80.0,80.2,"('Anthony Black', 'Wendell Carter Jr.')",0.4983333333333333,3,0,2,0,0,0,1,1,0,0,0,1.0,2.0,0.0,0.0,0.0,0.0,2.0,0.0,0.0,2.0,3.0,11
22500166,ORL,ATL,80.0,80.2,"('Franz Wagner', 'Jalen Suggs')",0.4983333333333333,3,0,2,0,0,0,1,1,0,0,0,1.0,2.0,0.0,0.0,0.0,0.0,2.0,0.0,0.0,2.0,3.0,11
22500166,ORL,ATL,80.0,80.2,"('Franz Wagner', 'Tristan da Silva')",0.4983333333333333,3,0,2,0,0,0,1,1,0,0,0,1.0,2.0,0.0,0.0,0.0,0.0,2.0,0.0,0.0,2.0,3.0,11
22500166,ORL,ATL,80.0,80.2,"('Franz Wagner', 'Wendell Carter Jr.')",0.4983333333333333,3,0,2,0,0,0,1,1,0,0,0,1.0,2.0,0.0,0.0,0.0,0.0,2.0,0.0,0.0,2.0,3.0,11
22500166,ORL,ATL,80.0,80.2,"('Jalen Suggs', 'Tristan da Silva')",0.4983333333333333,3,0,2,0,0,0,1,1,0,0,0,1.0,2.0,0.0,0.0,0.0,0.0,2.0,0.0,0.0,2.0,3.0,11
22500166,ORL,ATL,80.0,80.2,"('Jalen Suggs', 'Wendell Carter Jr.')",0.4983333333333333,3,0,2,0,0,0,1,1,0,0,0,1.0,2.0,0.0,0.0,0.0,0.0,2.0,0.0,0.0,2.0,3.0,11
22500166,ORL,ATL,80.0,80.2,"('Tristan da Silva', 'Wendell Carter Jr.')",0.4983333333333333,3,0,2,0,0,0,1,1,0,0,0,1.0,2.0,0.0,0.0,0.0,0.0,2.0,0.0,0.0,2.0,3.0,11
22500166,ORL,ATL,78.8,80.0,"('Jase Richardson', 'Jett Howard')",1.7833333333333332,4,7,6,2,2,1,1,0,0,1,1,3.88,2.88,0.0,0.0,0.0,2.0,0.0,0.0,2.0,4.0,6.76,11
22500166,ORL,ATL,78.8,80.0,"('Jase Richardson', 'Jonathan Isaac')",1.7833333333333332,4,7,6,2,2,1,1,0,0,1,1,3.88,2.88,0.0,0.0,0.0,2.0,0.0,0.0,2.0,4.0,6.76,11
22500166,ORL,ATL,78.8,80.0,"('Jase Richardson', 'Noah Penda')",1.7833333333333332,4,7,6,2,2,1,1,0,0,1,1,3.88,2.88,0.0,0.0,0.0,2.0,0.0,0.0,2.0,4.0,6.76,11
22500166,ORL,ATL,78.8,80.0,"('Jase Richardson', 'Tristan da Silva')",1.7833333333333332,4,7,6,2,2,1,1,0,0,1,1,3.88,2.88,0.0,0.0,0.0,2.0,0.0,0.0,2.0,4.0,6.76,11
22500166,ORL,ATL,78.8,80.0,"('Jett Howard', 'Jonathan Isaac')",1.7833333333333332,4,7,6,2,2,1,1,0,0,1,1,3.88,2.88,0.0,0.0,0.0,2.0,0.0,0.0,2.0,4.0,6.76,11
22500166,ORL,ATL,78.8,80.0,"('Jett Howard', 'Noah Penda')",1.7833333333333332,4,7,6,2,2,1,1,0,0,1,1,3.88,2.88,0.0,0.0,0.0,2.0,0.0,0.0,2.0,4.0,6.76,11
22500166,ORL,ATL,78.8,80.0,"('Jett Howard', 'Tristan da Silva')",1.7833333333333332,4,7,6,2,2,1,1,0,0,1,1,3.88,2.88,0.0,0.0,0.0,2.0,0.0,0.0,2.0,4.0,6.76,11
22500166,ORL,ATL,78.8,80.0,"('Jonathan Isaac', 'Noah Penda')",1.7833333333333332,4,7,6,2,2,1,1,0,0,1,1,3.88,2.88,0.0,0.0,0.0,2.0,0.0,0.0,2.0,4.0,6.76,11
22500166,ORL,ATL,78.8,80.0,"('Jonathan Isaac', 'Tristan da Silva')",1.7833333333333332,4,7,6,2,2,1,1,0,0,1,1,3.88,2.88,0.0,0.0,0.0,2.0,0.0,0.0,2.0,4.0,6.76,11
22500166,ORL,ATL,78.8,80.0,"('Noah Penda', 'Tristan da Silva')",1.7833333333333332,4,7,6,2,2,1,1,0,0,1,1,3.88,2.88,0.0,0.0,0.0,2.0,0.0,0.0,2.0,4.0,6.76,11
22500166,ORL,ATL,79.4,80.2,"('Anthony Black', 'Franz Wagner')",0.3333333333333333,3,1,2,0,0,0,1,0,0,0,0,0.44,1.0,0.0,0.0,0.0,0.0,0.0,0.0,0.0,2.0,1.44,11
22500166,ORL,ATL,79.4,80.2,"('Anthony Black', 'Goga Bitadze')",0.3333333333333333,3,1,2,0,0,0,1,0,0,0,0,0.44,1.0,0.0,0.0,0.0,0.0,0.0,0.0,0.0,2.0,1.44,11
22500166,ORL,ATL,79.4,80.2,"('Anthony Black', 'Jase Richardson')",0.3333333333333333,3,1,2,0,0,0,1,0,0,0,0,0.44,1.0,0.0,0.0,0.0,0.0,0.0,0.0,0.0,2.0,1.44,11
22500166,ORL,ATL,79.4,80.2,"('Anthony Black', 'Tristan da Silva')",0.3333333333333333,3,1,2,0,0,0,1,0,0,0,0,0.44,1.0,0.0,0.0,0.0,0.0,0.0,0.0,0.0,2.0,1.44,11
22500166,ORL,ATL,79.4,80.2,"('Franz Wagner', 'Goga Bitadze')",0.3333333333333333,3,1,2,0,0,0,1,0,0,0,0,0.44,1.0,0.0,0.0,0.0,0.0,0.0,0.0,0.0,2.0,1.44,11
22500166,ORL,ATL,79.4,80.2,"('Franz Wagner', 'Jase Richardson')",0.3333333333333333,3,1,2,0,0,0,1,0,0,0,0,0.44,1.0,0.0,0.0,0.0,0.0,0.0,0.0,0.0,2.0,1.44,11
22500166,ORL,ATL,79.4,80.2,"('Franz Wagner', 'Tristan da Silva')",0.3333333333333333,3,1,2,0,0,0,1,0,0,0,0,0.44,1.0,0.0,0.0,0.0,0.0,0.0,0.0,0.0,2.0,1.44,11
22500166,ORL,ATL,79.4,80.2,"('Goga Bitadze', 'Jase Richardson')",0.3333333333333333,3,1,2,0,0,0,1,0,0,0,0,0.44,1.0,0.0,0.0,0.0,0.0,0.0,0.0,0.0,2.0,1.44,11
22500166,ORL,ATL,79.4,80.2,"('Goga Bitadze', 'Tristan da Silva')",0.3333333333333333,3,1,2,0,0,0,1,0,0,0,0,0.44,1.0,0.0,0.0,0.0,0.0,0.0,0.0,0.0,2.0,1.44,11
22500166,ORL,ATL,79.4,80.2,"('Jase Richardson', 'Tristan da Silva')",0.3333333333333333,3,1,2,0,0,0,1,0,0,0,0,0.44,1.0,0.0,0.0,0.0,0.0,0.0,0.0,0.0,2.0,1.44,11
22500166,ORL,ATL,81.2,79.8,"('Anthony Black', 'Franz Wagner')",0.05,1,0,1,0,0,0,0,0,0,1,0,0.0,0.44,0.0,0.0,0.0,0.0,0.0,0.0,0.0,0.0,0.44,11
22500166,ORL,ATL,81.2,79.8,"('Anthony Black', 'Goga Bitadze')",0.05,1,0,1,0,0,0,0,0,0,1,0,0.0,0.44,0.0,0.0,0.0,0.0,0.0,0.0,0.0,0.0,0.44,11
22500166,ORL,ATL,81.2,79.8,"('Anthony Black', 'Paolo Banchero')",0.05,1,0,1,0,0,0,0,0,0,1,0,0.0,0.44,0.0,0.0,0.0,0.0,0.0,0.0,0.0,0.0,0.44,11
22500166,ORL,ATL,81.2,79.8,"('Anthony Black', 'Tristan da Silva')",0.05,1,0,1,0,0,0,0,0,0,1,0,0.0,0.44,0.0,0.0,0.0,0.0,0.0,0.0,0.0,0.0,0.44,11
22500166,ORL,ATL,81.2,79.8,"('Franz Wagner', 'Goga Bitadze')",0.05,1,0,1,0,0,0,0,0,0,1,0,0.0,0.44,0.0,0.0,0.0,0.0,0.0,0.0,0.0,0.0,0.44,11
22500166,ORL,ATL,81.2,79.8,"('Franz Wagner', 'Paolo Banchero')",0.05,1,0,1,0,0,0,0,0,0,1,0,0.0,0.44,0.0,0.0,0.0,0.0,0.0,0.0,0.0,0.0,0.44,11
22500166,ORL,ATL,81.2,79.8,"('Franz Wagner', 'Tristan da Silva')",0.05,1,0,1,0,0,0,0,0,0,1,0,0.0,0.44,0.0,0.0,0.0,0.0,0.0,0.0,0.0,0.0,0.44,11
22500166,ORL,ATL,81.2,79.8,"('Goga Bitadze', 'Paolo Banchero')",0.05,1,0,1,0,0,0,0,0,0,1,0,0.0,0.44,0.0,0.0,0.0,0.0,0.0,0.0,0.0,0.0,0.44,11
22500166,ORL,ATL,81.2,79.8,"('Goga Bitadze', 'Tristan da Silva')",0.05,1,0,1,0,0,0,0,0,0,1,0,0.0,0.44,0.0,0.0,0.0,0.0,0.0,0.0,0.0,0.0,0.44,11
22500166,ORL,ATL,81.2,79.8,"('Paolo Banchero', 'Tristan da Silva')",0.05,1,0,1,0,0,0,0,0,0,1,0,0.0,0.44,0.0,0.0,0.0,0.0,0.0,0.0,0.0,0.0,0.44,11
22500166,ORL,ATL,80.6,80.4,"('Anthony Black', 'Desmond Bane')",2.3666666666666667,2,0,6,1,3,0,1,2,1,0,0,5.0,5.0,0.0,0.0,0.0,0.0,6.0,3.0,0.0,0.0,10.0,11
22500166,ORL,ATL,80.6,80.4,"('Anthony Black', 'Franz Wagner')",2.3666666666666667,2,0,6,1,3,0,1,2,1,0,0,5.0,5.0,0.0,0.0,0.0,0.0,6.0,3.0,0.0,0.0,10.0,11
22500166,ORL,ATL,80.6,80.4,"('Anthony Black', 'Jonathan Isaac')",2.3666666666666667,2,0,6,1,3,0,1,2,1,0,0,5.0,5.0,0.0,0.0,0.0,0.0,6.0,3.0,0.0,0.0,10.0,11
22500166,ORL,ATL,80.6,80.4,"('Anthony Black', 'Paolo Banchero')",2.3666666666666667,2,0,6,1,3,0,1,2,1,0,0,5.0,5.0,0.0,0.0,0.0,0.0,6.0,3.0,0.0,0.0,10.0,11
22500166,ORL,ATL,80.6,80.4,"('Desmond Bane', 'Franz Wagner')",2.3666666666666667,2,0,6,1,3,0,1,2,1,0,0,5.0,5.0,0.0,0.0,0.0,0.0,6.0,3.0,0.0,0.0,10.0,11
22500166,ORL,ATL,80.6,80.4,"('Desmond Bane', 'Jonathan Isaac')",2.3666666666666667,2,0,6,1,3,0,1,2,1,0,0,5.0,5.0,0.0,0.0,0.0,0.0,6.0,3.0,0.0,0.0,10.0,11
22500166,ORL,ATL,80.6,80.4,"('Desmond Bane', 'Paolo Banchero')",2.3666666666666667,2,0,6,1,3,0,1,2,1,0,0,5.0,5.0,0.0,0.0,0.0,0.0,6.0,3.0,0.0,0.0,10.0,11
22500166,ORL,ATL,80.6,80.4,"('Franz Wagner', 'Jonathan Isaac')",2.3666666666666667,2,0,6,1,3,0,1,2,1,0,0,5.0,5.0,0.0,0.0,0.0,0.0,6.0,3.0,0.0,0.0,10.0,11
22500166,ORL,ATL,80.6,80.4,"('Franz Wagner', 'Paolo Banchero')",2.3666666666666667,2,0,6,1,3,0,1,2,1,0,0,5.0,5.0,0.0,0.0,0.0,0.0,6.0,3.0,0.0,0.0,10.0,11
22500166,ORL,ATL,80.6,80.4,"('Jonathan Isaac', 'Paolo Banchero')",2.3666666666666667,2,0,6,1,3,0,1,2,1,0,0,5.0,5.0,0.0,0.0,0.0,0.0,6.0,3.0,0.0,0.0,10.0,11
22500166,ORL,ATL,79.2,79.8,"('Anthony Black', 'Goga Bitadze')",1.1333333333333333,1,2,3,2,1,1,1,0,0,1,0,3.0,2.0,0.0,2.0,0.0,2.0,0.0,0.0,0.0,0.0,5.0,11
22500166,ORL,ATL,79.2,79.8,"('Anthony Black', 'Jonathan Isaac')",1.1333333333333333,1,2,3,2,1,1,1,0,0,1,0,3.0,2.0,0.0,2.0,0.0,2.0,0.0,0.0,0.0,0.0,5.0,11
22500166,ORL,ATL,79.2,79.8,"('Anthony Black', 'Tristan da Silva')",1.1333333333333333,1,2,3,2,1,1,1,0,0,1,0,3.0,2.0,0.0,2.0,0.0,2.0,0.0,0.0,0.0,0.0,5.0,11
22500166,ORL,ATL,79.2,79.8,"('Anthony Black', 'Tyus Jones')",1.1333333333333333,1,2,3,2,1,1,1,0,0,1,0,3.0,2.0,0.0,2.0,0.0,2.0,0.0,0.0,0.0,0.0,5.0,11
22500166,ORL,ATL,79.2,79.8,"('Goga Bitadze', 'Jonathan Isaac')",1.1333333333333333,1,2,3,2,1,1,1,0,0,1,0,3.0,2.0,0.0,2.0,0.0,2.0,0.0,0.0,0.0,0.0,5.0,11
22500166,ORL,ATL,79.2,79.8,"('Goga Bitadze', 'Tristan da Silva')",1.1333333333333333,1,2,3,2,1,1,1,0,0,1,0,3.0,2.0,0.0,2.0,0.0,2.0,0.0,0.0,0.0,0.0,5.0,11
22500166,ORL,ATL,79.2,79.8,"('Goga Bitadze', 'Tyus Jones')",1.1333333333333333,1,2,3,2,1,1,1,0,0,1,0,3.0,2.0,0.0,2.0,0.0,2.0,0.0,0.0,0.0,0.0,5.0,11
22500166,ORL,ATL,79.2,79.8,"('Jonathan Isaac', 'Tristan da Silva')",1.1333333333333333,1,2,3,2,1,1,1,0,0,1,0,3.0,2.0,0.0,2.0,0.0,2.0,0.0,0.0,0.0,0.0,5.0,11
22500166,ORL,ATL,79.2,79.8,"('Jonathan Isaac', 'Tyus Jones')",1.1333333333333333,1,2,3,2,1,1,1,0,0,1,0,3.0,2.0,0.0,2.0,0.0,2.0,0.0,0.0,0.0,0.0,5.0,11
22500166,ORL,ATL,79.2,79.8,"('Tristan da Silva', 'Tyus Jones')",1.1333333333333333,1,2,3,2,1,1,1,0,0,1,0,3.0,2.0,0.0,2.0,0.0,2.0,0.0,0.0,0.0,0.0,5.0,11
22500166,ORL,ATL,80.4,80.2,"('Anthony Black', 'Franz Wagner')",0.26,1,0,0,0,0,0,0,0,0,0,0,0.0,1.0,0.0,0.0,0.0,0.0,0.0,0.0,0.0,0.0,1.0,11
22500166,ORL,ATL,80.4,80.2,"('Anthony Black', 'Jalen Suggs')",0.26,1,0,0,0,0,0,0,0,0,0,0,0.0,1.0,0.0,0.0,0.0,0.0,0.0,0.0,0.0,0.0,1.0,11
22500166,ORL,ATL,80.4,80.2,"('Anthony Black', 'Jonathan Isaac')",0.26,1,0,0,0,0,0,0,0,0,0,0,0.0,1.0,0.0,0.0,0.0,0.0,0.0,0.0,0.0,0.0,1.0,11
22500166,ORL,ATL,80.4,80.2,"('Anthony Black', 'Wendell Carter Jr.')",0.26,1,0,0,0,0,0,0,0,0,0,0,0.0,1.0,0.0,0.0,0.0,0.0,0.0,0.0,0.0,0.0,1.0,11
22500166,ORL,ATL,80.4,80.2,"('Franz Wagner', 'Jalen Suggs')",0.26,1,0,0,0,0,0,0,0,0,0,0,0.0,1.0,0.0,0.0,0.0,0.0,0.0,0.0,0.0,0.0,1.0,11
22500166,ORL,ATL,80.4,80.2,"('Franz Wagner', 'Jonathan Isaac')",0.26,1,0,0,0,0,0,0,0,0,0,0,0.0,1.0,0.0,0.0,0.0,0.0,0.0,0.0,0.0,0.0,1.0,11
22500166,ORL,ATL,80.4,80.2,"('Franz Wagner', 'Wendell Carter Jr.')",0.26,1,0,0,0,0,0,0,0,0,0,0,0.0,1.0,0.0,0.0,0.0,0.0,0.0,0.0,0.0,0.0,1.0,11
22500166,ORL,ATL,80.4,80.2,"('Jalen Suggs', 'Jonathan Isaac')",0.26,1,0,0,0,0,0,0,0,0,0,0,0.0,1.0,0.0,0.0,0.0,0.0,0.0,0.0,0.0,0.0,1.0,11
22500166,ORL,ATL,80.4,80.2,"('Jalen Suggs', 'Wendell Carter Jr.')",0.26,1,0,0,0,0,0,0,0,0,0,0,0.0,1.0,0.0,0.0,0.0,0.0,0.0,0.0,0.0,0.0,1.0,11
22500166,ORL,ATL,80.4,80.2,"('Jonathan Isaac', 'Wendell Carter Jr.')",0.26,1,0,0,0,0,0,0,0,0,0,0,0.0,1.0,0.0,0.0,0.0,0.0,0.0,0.0,0.0,0.0,1.0,11
22500166,ORL,ATL,81.0,80.4,"('Anthony Black', 'Franz Wagner')",1.9833333333333327,1,4,3,4,1,1,1,1,0,2,0,4.0,3.0,2.0,0.0,0.0,4.0,0.0,0.0,0.0,0.0,7.0,11
22500166,ORL,ATL,81.0,80.4,"('Anthony Black', 'Paolo Banchero')",1.9833333333333327,1,4,3,4,1,1,1,1,0,2,0,4.0,3.0,2.0,0.0,0.0,4.0,0.0,0.0,0.0,0.0,7.0,11
22500166,ORL,ATL,81.0,80.4,"('Anthony Black', 'Tristan da Silva')",1.9833333333333327,1,4,3,4,1,1,1,1,0,2,0,4.0,3.0,2.0,0.0,0.0,4.0,0.0,0.0,0.0,0.0,7.0,11
22500166,ORL,ATL,81.0,80.4,"('Anthony Black', 'Wendell Carter Jr.')",1.9833333333333327,1,4,3,4,1,1,1,1,0,2,0,4.0,3.0,2.0,0.0,0.0,4.0,0.0,0.0,0.0,0.0,7.0,11
22500166,ORL,ATL,81.0,80.4,"('Franz Wagner', 'Paolo Banchero')",1.9833333333333327,1,4,3,4,1,1,1,1,0,2,0,4.0,3.0,2.0,0.0,0.0,4.0,0.0,0.0,0.0,0.0,7.0,11
22500166,ORL,ATL,81.0,80.4,"('Franz Wagner', 'Tristan da Silva')",1.9833333333333327,1,4,3,4,1,1,1,1,0,2,0,4.0,3.0,2.0,0.0,0.0,4.0,0.0,0.0,0.0,0.0,7.0,11
22500166,ORL,ATL,81.0,80.4,"('Franz Wagner', 'Wendell Carter Jr.')",1.9833333333333327,1,4,3,4,1,1,1,1,0,2,0,4.0,3.0,2.0,0.0,0.0,4.0,0.0,0.0,0.0,0.0,7.0,11
22500166,ORL,ATL,81.0,80.4,"('Paolo Banchero', 'Tristan da Silva')",1.9833333333333327,1,4,3,4,1,1,1,1,0,2,0,4.0,3.0,2.0,0.0,0.0,4.0,0.0,0.0,0.0,0.0,7.0,11
22500166,ORL,ATL,81.0,80.4,"('Paolo Banchero', 'Wendell Carter Jr.')",1.9833333333333327,1,4,3,4,1,1,1,1,0,2,0,4.0,3.0,2.0,0.0,0.0,4.0,0.0,0.0,0.0,0.0,7.0,11
22500166,ORL,ATL,81.0,80.4,"('Tristan da Silva', 'Wendell Carter Jr.')",1.9833333333333327,1,4,3,4,1,1,1,1,0,2,0,4.0,3.0,2.0,0.0,0.0,4.0,0.0,0.0,0.0,0.0,7.0,11
22500166,ORL,ATL,80.2,80.4,"('Desmond Bane', 'Franz Wagner')",3.95,1,8,13,3,3,1,3,2,1,3,2,7.88,8.76,0.0,0.0,0.0,6.0,0.0,2.0,2.0,6.0,16.64,11
22500166,ORL,ATL,80.2,80.4,"('Desmond Bane', 'Jalen Suggs')",3.95,1,8,13,3,3,1,3,2,1,3,2,7.88,8.76,0.0,0.0,0.0,6.0,0.0,2.0,2.0,6.0,16.64,11
22500166,ORL,ATL,80.2,80.4,"('Desmond Bane', 'Paolo Banchero')",3.95,1,8,13,3,3,1,3,2,1,3,2,7.88,8.76,0.0,0.0,0.0,6.0,0.0,2.0,2.0,6.0,16.64,11
22500166,ORL,ATL,80.2,80.4,"('Desmond Bane', 'Wendell Carter Jr.')",3.95,1,8,13,3,3,1,3,2,1,3,2,7.88,8.76,0.0,0.0,0.0,6.0,0.0,2.0,2.0,6.0,16.64,11
22500166,ORL,ATL,80.2,80.4,"('Franz Wagner', 'Jalen Suggs')",3.95,1,8,13,3,3,1,3,2,1,3,2,7.88,8.76,0.0,0.0,0.0,6.0,0.0,2.0,2.0,6.0,16.64,11
22500166,ORL,ATL,80.2,80.4,"('Franz Wagner', 'Paolo Banchero')",3.95,1,8,13,3,3,1,3,2,1,3,2,7.88,8.76,0.0,0.0,0.0,6.0,0.0,2.0,2.0,6.0,16.64,11
22500166,ORL,ATL,80.2,80.4,"('Franz Wagner', 'Wendell Carter Jr.')",3.95,1,8,13,3,3,1,3,2,1,3,2,7.88,8.76,0.0,0.0,0.0,6.0,0.0,2.0,2.0,6.0,16.64,11
22500166,ORL,ATL,80.2,80.4,"('Jalen Suggs', 'Paolo Banchero')",3.95,1,8,13,3,3,1,3,2,1,3,2,7.88,8.76,0.0,0.0,0.0,6.0,0.0,2.0,2.0,6.0,16.64,11
22500166,ORL,ATL,80.2,80.4,"('Jalen Suggs', 'Wendell Carter Jr.')",3.95,1,8,13,3,3,1,3,2,1,3,2,7.88,8.76,0.0,0.0,0.0,6.0,0.0,2.0,2.0,6.0,16.64,11
22500166,ORL,ATL,80.2,80.4,"('Paolo Banchero', 'Wendell Carter Jr.')",3.95,1,8,13,3,3,1,3,2,1,3,2,7.88,8.76,0.0,0.0,0.0,6.0,0.0,2.0,2.0,6.0,16.64,11
22500166,ORL,ATL,79.4,80.2,"('Anthony Black', 'Franz Wagner')",2.356666666666668,1,4,7,4,2,1,0,0,0,0,1,3.88,5.44,0.0,0.0,0.0,2.0,0.0,2.0,0.0,6.0,9.32,11
22500166,ORL,ATL,79.4,80.2,"('Anthony Black', 'Jonathan Isaac')",2.356666666666668,1,4,7,4,2,1,0,0,0,0,1,3.88,5.44,0.0,0.0,0.0,2.0,0.0,2.0,0.0,6.0,9.32,11
22500166,ORL,ATL,79.4,80.2,"('Anthony Black', 'Tyus Jones')",2.356666666666668,1,4,7,4,2,1,0,0,0,0,1,3.88,5.44,0.0,0.0,0.0,2.0,0.0,2.0,0.0,6.0,9.32,11
22500166,ORL,ATL,79.4,80.2,"('Anthony Black', 'Wendell Carter Jr.')",2.356666666666668,1,4,7,4,2,1,0,0,0,0,1,3.88,5.44,0.0,0.0,0.0,2.0,0.0,2.0,0.0,6.0,9.32,11
22500166,ORL,ATL,79.4,80.2,"('Franz Wagner', 'Jonathan Isaac')",2.356666666666668,1,4,7,4,2,1,0,0,0,0,1,3.88,5.44,0.0,0.0,0.0,2.0,0.0,2.0,0.0,6.0,9.32,11
22500166,ORL,ATL,79.4,80.2,"('Franz Wagner', 'Tyus Jones')",2.356666666666668,1,4,7,4,2,1,0,0,0,0,1,3.88,5.44,0.0,0.0,0.0,2.0,0.0,2.0,0.0,6.0,9.32,11
22500166,ORL,ATL,79.4,80.2,"('Franz Wagner', 'Wendell Carter Jr.')",2.356666666666668,1,4,7,4,2,1,0,0,0,0,1,3.88,5.44,0.0,0.0,0.0,2.0,0.0,2.0,0.0,6.0,9.32,11
22500166,ORL,ATL,79.4,80.2,"('Jonathan Isaac', 'Tyus Jones')",2.356666666666668,1,4,7,4,2,1,0,0,0,0,1,3.88,5.44,0.0,0.0,0.0,2.0,0.0,2.0,0.0,6.0,9.32,11
22500166,ORL,ATL,79.4,80.2,"('Jonathan Isaac', 'Wendell Carter Jr.')",2.356666666666668,1,4,7,4,2,1,0,0,0,0,1,3.88,5.44,0.0,0.0,0.0,2.0,0.0,2.0,0.0,6.0,9.32,11
22500166,ORL,ATL,79.4,80.2,"('Tyus Jones', 'Wendell Carter Jr.')",2.356666666666668,1,4,7,4,2,1,0,0,0,0,1,3.88,5.44,0.0,0.0,0.0,2.0,0.0,2.0,0.0,6.0,9.32,11
22500166,ORL,ATL,79.2,79.8,"('Anthony Black', 'Goga Bitadze')",2.233333333333334,1,5,5,2,2,2,0,2,2,0,1,6.0,6.44,0.0,2.0,0.0,2.0,2.0,4.0,0.0,4.0,12.44,11
22500166,ORL,ATL,79.2,79.8,"('Anthony Black', 'Paolo Banchero')",2.233333333333334,1,5,5,2,2,2,0,2,2,0,1,6.0,6.44,0.0,2.0,0.0,2.0,2.0,4.0,0.0,4.0,12.44,11
22500166,ORL,ATL,79.2,79.8,"('Anthony Black', 'Tristan da Silva')",2.233333333333334,1,5,5,2,2,2,0,2,2,0,1,6.0,6.44,0.0,2.0,0.0,2.0,2.0,4.0,0.0,4.0,12.44,11
22500166,ORL,ATL,79.2,79.8,"('Anthony Black', 'Tyus Jones')",2.233333333333334,1,5,5,2,2,2,0,2,2,0,1,6.0,6.44,0.0,2.0,0.0,2.0,2.0,4.0,0.0,4.0,12.44,11
22500166,ORL,ATL,79.2,79.8,"('Goga Bitadze', 'Paolo Banchero')",2.233333333333334,1,5,5,2,2,2,0,2,2,0,1,6.0,6.44,0.0,2.0,0.0,2.0,2.0,4.0,0.0,4.0,12.44,11
22500166,ORL,ATL,79.2,79.8,"('Goga Bitadze', 'Tristan da Silva')",2.233333333333334,1,5,5,2,2,2,0,2,2,0,1,6.0,6.44,0.0,2.0,0.0,2.0,2.0,4.0,0.0,4.0,12.44,11
22500166,ORL,ATL,79.2,79.8,"('Goga Bitadze', 'Tyus Jones')",2.233333333333334,1,5,5,2,2,2,0,2,2,0,1,6.0,6.44,0.0,2.0,0.0,2.0,2.0,4.0,0.0,4.0,12.44,11
22500166,ORL,ATL,79.2,79.8,"('Paolo Banchero', 'Tristan da Silva')",2.233333333333334,1,5,5,2,2,2,0,2,2,0,1,6.0,6.44,0.0,2.0,0.0,2.0,2.0,4.0,0.0,4.0,12.44,11
22500166,ORL,ATL,79.2,79.8,"('Paolo Banchero', 'Tyus Jones')",2.233333333333334,1,5,5,2,2,2,0,2,2,0,1,6.0,6.44,0.0,2.0,0.0,2.0,2.0,4.0,0.0,4.0,12.44,11
22500166,ORL,ATL,79.2,79.8,"('Tristan da Silva', 'Tyus Jones')",2.233333333333334,1,5,5,2,2,2,0,2,2,0,1,6.0,6.44,0.0,2.0,0.0,2.0,2.0,4.0,0.0,4.0,12.44,11
22500166,ORL,ATL,80.2,80.4,"('Desmond Bane', 'Franz Wagner')",0.3833333333333333,2,1,2,0,0,0,0,0,0,1,1,1.44,0.88,0.0,0.0,0.0,0.0,0.0,0.0,0.0,0.0,2.32,11
22500166,ORL,ATL,80.2,80.4,"('Desmond Bane', 'Jalen Suggs')",0.3833333333333333,2,1,2,0,0,0,0,0,0,1,1,1.44,0.88,0.0,0.0,0.0,0.0,0.0,0.0,0.0,0.0,2.32,11
22500166,ORL,ATL,80.2,80.4,"('Desmond Bane', 'Paolo Banchero')",0.3833333333333333,2,1,2,0,0,0,0,0,0,1,1,1.44,0.88,0.0,0.0,0.0,0.0,0.0,0.0,0.0,0.0,2.32,11
22500166,ORL,ATL,80.2,80.4,"('Desmond Bane', 'Wendell Carter Jr.')",0.3833333333333333,2,1,2,0,0,0,0,0,0,1,1,1.44,0.88,0.0,0.0,0.0,0.0,0.0,0.0,0.0,0.0,2.32,11
22500166,ORL,ATL,80.2,80.4,"('Franz Wagner', 'Jalen Suggs')",0.3833333333333333,2,1,2,0,0,0,0,0,0,1,1,1.44,0.88,0.0,0.0,0.0,0.0,0.0,0.0,0.0,0.0,2.32,11
22500166,ORL,ATL,80.2,80.4,"('Franz Wagner', 'Paolo Banchero')",0.3833333333333333,2,1,2,0,0,0,0,0,0,1,1,1.44,0.88,0.0,0.0,0.0,0.0,0.0,0.0,0.0,0.0,2.32,11
22500166,ORL,ATL,80.2,80.4,"('Franz Wagner', 'Wendell Carter Jr.')",0.3833333333333333,2,1,2,0,0,0,0,0,0,1,1,1.44,0.88,0.0,0.0,0.0,0.0,0.0,0.0,0.0,0.0,2.32,11
22500166,ORL,ATL,80.2,80.4,"('Jalen Suggs', 'Paolo Banchero')",0.3833333333333333,2,1,2,0,0,0,0,0,0,1,1,1.44,0.88,0.0,0.0,0.0,0.0,0.0,0.0,0.0,0.0,2.32,11
22500166,ORL,ATL,80.2,80.4,"('Jalen Suggs', 'Wendell Carter Jr.')",0.3833333333333333,2,1,2,0,0,0,0,0,0,1,1,1.44,0.88,0.0,0.0,0.0,0.0,0.0,0.0,0.0,0.0,2.32,11
22500166,ORL,ATL,80.2,80.4,"('Paolo Banchero', 'Wendell Carter Jr.')",0.3833333333333333,2,1,2,0,0,0,0,0,0,1,1,1.44,0.88,0.0,0.0,0.0,0.0,0.0,0.0,0.0,0.0,2.32,11
22500166,ORL,ATL,80.2,80.4,"('Desmond Bane', 'Franz Wagner')",4.033333333333333,3,8,8,3,2,1,1,2,2,2,3,8.879999999999999,8.0,2.0,2.0,2.0,4.0,2.0,2.0,0.0,4.0,16.88,11
22500166,ORL,ATL,80.2,80.4,"('Desmond Bane', 'Jalen Suggs')",4.033333333333333,3,8,8,3,2,1,1,2,2,2,3,8.879999999999999,8.0,2.0,2.0,2.0,4.0,2.0,2.0,0.0,4.0,16.88,11
22500166,ORL,ATL,80.2,80.4,"('Desmond Bane', 'Paolo Banchero')",4.033333333333333,3,8,8,3,2,1,1,2,2,2,3,8.879999999999999,8.0,2.0,2.0,2.0,4.0,2.0,2.0,0.0,4.0,16.88,11
22500166,ORL,ATL,80.2,80.4,"('Desmond Bane', 'Wendell Carter Jr.')",4.033333333333333,3,8,8,3,2,1,1,2,2,2,3,8.879999999999999,8.0,2.0,2.0,2.0,4.0,2.0,2.0,0.0,4.0,16.88,11
22500166,ORL,ATL,80.2,80.4,"('Franz Wagner', 'Jalen Suggs')",4.033333333333333,3,8,8,3,2,1,1,2,2,2,3,8.879999999999999,8.0,2.0,2.0,2.0,4.0,2.0,2.0,0.0,4.0,16.88,11
22500166,ORL,ATL,80.2,80.4,"('Franz Wagner', 'Paolo Banchero')",4.033333333333333,3,8,8,3,2,1,1,2,2,2,3,8.879999999999999,8.0,2.0,2.0,2.0,4.0,2.0,2.0,0.0,4.0,16.88,11
22500166,ORL,ATL,80.2,80.4,"('Franz Wagner', 'Wendell Carter Jr.')",4.033333333333333,3,8,8,3,2,1,1,2,2,2,3,8.879999999999999,8.0,2.0,2.0,2.0,4.0,2.0,2.0,0.0,4.0,16.88,11
22500166,ORL,ATL,80.2,80.4,"('Jalen Suggs', 'Paolo Banchero')",4.033333333333333,3,8,8,3,2,1,1,2,2,2,3,8.879999999999999,8.0,2.0,2.0,2.0,4.0,2.0,2.0,0.0,4.0,16.88,11
22500166,ORL,ATL,80.2,80.4,"('Jalen Suggs', 'Wendell Carter Jr.')",4.033333333333333,3,8,8,3,2,1,1,2,2,2,3,8.879999999999999,8.0,2.0,2.0,2.0,4.0,2.0,2.0,0.0,4.0,16.88,11
22500166,ORL,ATL,80.2,80.4,"('Paolo Banchero', 'Wendell Carter Jr.')",4.033333333333333,3,8,8,3,2,1,1,2,2,2,3,8.879999999999999,8.0,2.0,2.0,2.0,4.0,2.0,2.0,0.0,4.0,16.88,11
22500166,ORL,ATL,79.2,80.2,"('Anthony Black', 'Franz Wagner')",0.4583333333333333,3,0,2,0,0,0,1,2,0,0,0,2.0,1.0,0.0,0.0,0.0,0.0,2.0,0.0,0.0,2.0,3.0,11
22500166,ORL,ATL,79.2,80.2,"('Anthony Black', 'Jase Richardson')",0.4583333333333333,3,0,2,0,0,0,1,2,0,0,0,2.0,1.0,0.0,0.0,0.0,0.0,2.0,0.0,0.0,2.0,3.0,11
22500166,ORL,ATL,79.2,80.2,"('Anthony Black', 'Tristan da Silva')",0.4583333333333333,3,0,2,0,0,0,1,2,0,0,0,2.0,1.0,0.0,0.0,0.0,0.0,2.0,0.0,0.0,2.0,3.0,11
22500166,ORL,ATL,79.2,80.2,"('Anthony Black', 'Wendell Carter Jr.')",0.4583333333333333,3,0,2,0,0,0,1,2,0,0,0,2.0,1.0,0.0,0.0,0.0,0.0,2.0,0.0,0.0,2.0,3.0,11
22500166,ORL,ATL,79.2,80.2,"('Franz Wagner', 'Jase Richardson')",0.4583333333333333,3,0,2,0,0,0,1,2,0,0,0,2.0,1.0,0.0,0.0,0.0,0.0,2.0,0.0,0.0,2.0,3.0,11
22500166,ORL,ATL,79.2,80.2,"('Franz Wagner', 'Tristan da Silva')",0.4583333333333333,3,0,2,0,0,0,1,2,0,0,0,2.0,1.0,0.0,0.0,0.0,0.0,2.0,0.0,0.0,2.0,3.0,11
22500166,ORL,ATL,79.2,80.2,"('Franz Wagner', 'Wendell Carter Jr.')",0.4583333333333333,3,0,2,0,0,0,1,2,0,0,0,2.0,1.0,0.0,0.0,0.0,0.0,2.0,0.0,0.0,2.0,3.0,11
22500166,ORL,ATL,79.2,80.2,"('Jase Richardson', 'Tristan da Silva')",0.4583333333333333,3,0,2,0,0,0,1,2,0,0,0,2.0,1.0,0.0,0.0,0.0,0.0,2.0,0.0,0.0,2.0,3.0,11
22500166,ORL,ATL,79.2,80.2,"('Jase Richardson', 'Wendell Carter Jr.')",0.4583333333333333,3,0,2,0,0,0,1,2,0,0,0,2.0,1.0,0.0,0.0,0.0,0.0,2.0,0.0,0.0,2.0,3.0,11
22500166,ORL,ATL,79.2,80.2,"('Tristan da Silva', 'Wendell Carter Jr.')",0.4583333333333333,3,0,2,0,0,0,1,2,0,0,0,2.0,1.0,0.0,0.0,0.0,0.0,2.0,0.0,0.0,2.0,3.0,11
22500166,ORL,ATL,80.4,80.4,"('Anthony Black', 'Desmond Bane')",1.2666666666666666,3,3,3,2,2,1,1,0,0,1,0,3.44,3.0,2.0,0.0,0.0,2.0,0.0,0.0,0.0,0.0,6.44,11
22500166,ORL,ATL,80.4,80.4,"('Anthony Black', 'Goga Bitadze')",1.2666666666666666,3,3,3,2,2,1,1,0,0,1,0,3.44,3.0,2.0,0.0,0.0,2.0,0.0,0.0,0.0,0.0,6.44,11
22500166,ORL,ATL,80.4,80.4,"('Anthony Black', 'Paolo Banchero')",1.2666666666666666,3,3,3,2,2,1,1,0,0,1,0,3.44,3.0,2.0,0.0,0.0,2.0,0.0,0.0,0.0,0.0,6.44,11
22500166,ORL,ATL,80.4,80.4,"('Anthony Black', 'Tristan da Silva')",1.2666666666666666,3,3,3,2,2,1,1,0,0,1,0,3.44,3.0,2.0,0.0,0.0,2.0,0.0,0.0,0.0,0.0,6.44,11
22500166,ORL,ATL,80.4,80.4,"('Desmond Bane', 'Goga Bitadze')",1.2666666666666666,3,3,3,2,2,1,1,0,0,1,0,3.44,3.0,2.0,0.0,0.0,2.0,0.0,0.0,0.0,0.0,6.44,11
22500166,ORL,ATL,80.4,80.4,"('Desmond Bane', 'Paolo Banchero')",1.2666666666666666,3,3,3,2,2,1,1,0,0,1,0,3.44,3.0,2.0,0.0,0.0,2.0,0.0,0.0,0.0,0.0,6.44,11
22500166,ORL,ATL,80.4,80.4,"('Desmond Bane', 'Tristan da Silva')",1.2666666666666666,3,3,3,2,2,1,1,0,0,1,0,3.44,3.0,2.0,0.0,0.0,2.0,0.0,0.0,0.0,0.0,6.44,11
22500166,ORL,ATL,80.4,80.4,"('Goga Bitadze', 'Paolo Banchero')",1.2666666666666666,3,3,3,2,2,1,1,0,0,1,0,3.44,3.0,2.0,0.0,0.0,2.0,0.0,0.0,0.0,0.0,6.44,11
22500166,ORL,ATL,80.4,80.4,"('Goga Bitadze', 'Tristan da Silva')",1.2666666666666666,3,3,3,2,2,1,1,0,0,1,0,3.44,3.0,2.0,0.0,0.0,2.0,0.0,0.0,0.0,0.0,6.44,11
22500166,ORL,ATL,80.4,80.4,"('Paolo Banchero', 'Tristan da Silva')",1.2666666666666666,3,3,3,2,2,1,1,0,0,1,0,3.44,3.0,2.0,0.0,0.0,2.0,0.0,0.0,0.0,0.0,6.44,11
22500166,ORL,ATL,80.6,80.4,"('Anthony Black', 'Desmond Bane')",1.2833333333333332,3,7,4,1,0,1,1,0,0,0,3,3.2,3.0,0.0,0.0,0.0,2.0,0.0,0.0,0.0,2.0,6.2,11
22500166,ORL,ATL,80.6,80.4,"('Anthony Black', 'Franz Wagner')",1.2833333333333332,3,7,4,1,0,1,1,0,0,0,3,3.2,3.0,0.0,0.0,0.0,2.0,0.0,0.0,0.0,2.0,6.2,11
22500166,ORL,ATL,80.6,80.4,"('Anthony Black', 'Paolo Banchero')",1.2833333333333332,3,7,4,1,0,1,1,0,0,0,3,3.2,3.0,0.0,0.0,0.0,2.0,0.0,0.0,0.0,2.0,6.2,11
22500166,ORL,ATL,80.6,80.4,"('Anthony Black', 'Wendell Carter Jr.')",1.2833333333333332,3,7,4,1,0,1,1,0,0,0,3,3.2,3.0,0.0,0.0,0.0,2.0,0.0,0.0,0.0,2.0,6.2,11
22500166,ORL,ATL,80.6,80.4,"('Desmond Bane', 'Franz Wagner')",1.2833333333333332,3,7,4,1,0,1,1,0,0,0,3,3.2,3.0,0.0,0.0,0.0,2.0,0.0,0.0,0.0,2.0,6.2,11
22500166,ORL,ATL,80.6,80.4,"('Desmond Bane', 'Paolo Banchero')",1.2833333333333332,3,7,4,1,0,1,1,0,0,0,3,3.2,3.0,0.0,0.0,0.0,2.0,0.0,0.0,0.0,2.0,6.2,11
22500166,ORL,ATL,80.6,80.4,"('Desmond Bane', 'Wendell Carter Jr.')",1.2833333333333332,3,7,4,1,0,1,1,0,0,0,3,3.2,3.0,0.0,0.0,0.0,2.0,0.0,0.0,0.0,2.0,6.2,11
22500166,ORL,ATL,80.6,80.4,"('Franz Wagner', 'Paolo Banchero')",1.2833333333333332,3,7,4,1,0,1,1,0,0,0,3,3.2,3.0,0.0,0.0,0.0,2.0,0.0,0.0,0.0,2.0,6.2,11
22500166,ORL,ATL,80.6,80.4,"('Franz Wagner', 'Wendell Carter Jr.')",1.2833333333333332,3,7,4,1,0,1,1,0,0,0,3,3.2,3.0,0.0,0.0,0.0,2.0,0.0,0.0,0.0,2.0,6.2,11
22500166,ORL,ATL,80.6,80.4,"('Paolo Banchero', 'Wendell Carter Jr.')",1.2833333333333332,3,7,4,1,0,1,1,0,0,0,3,3.2,3.0,0.0,0.0,0.0,2.0,0.0,0.0,0.0,2.0,6.2,11
22500166,ORL,ATL,80.2,80.4,"('Franz Wagner', 'Jalen Suggs')",1.2666666666666666,4,2,3,1,0,0,0,0,0,3,0,3.0,2.3200000000000003,0.0,0.0,2.0,2.0,0.0,0.0,0.0,0.0,5.32,11
22500166,ORL,ATL,80.2,80.4,"('Franz Wagner', 'Jett Howard')",1.2666666666666666,4,2,3,1,0,0,0,0,0,3,0,3.0,2.3200000000000003,0.0,0.0,2.0,2.0,0.0,0.0,0.0,0.0,5.32,11
22500166,ORL,ATL,80.2,80.4,"('Franz Wagner', 'Tristan da Silva')",1.2666666666666666,4,2,3,1,0,0,0,0,0,3,0,3.0,2.3200000000000003,0.0,0.0,2.0,2.0,0.0,0.0,0.0,0.0,5.32,11
22500166,ORL,ATL,80.2,80.4,"('Franz Wagner', 'Wendell Carter Jr.')",1.2666666666666666,4,2,3,1,0,0,0,0,0,3,0,3.0,2.3200000000000003,0.0,0.0,2.0,2.0,0.0,0.0,0.0,0.0,5.32,11
22500166,ORL,ATL,80.2,80.4,"('Jalen Suggs', 'Jett Howard')",1.2666666666666666,4,2,3,1,0,0,0,0,0,3,0,3.0,2.3200000000000003,0.0,0.0,2.0,2.0,0.0,0.0,0.0,0.0,5.32,11
22500166,ORL,ATL,80.2,80.4,"('Jalen Suggs', 'Tristan da Silva')",1.2666666666666666,4,2,3,1,0,0,0,0,0,3,0,3.0,2.3200000000000003,0.0,0.0,2.0,2.0,0.0,0.0,0.0,0.0,5.32,11
22500166,ORL,ATL,80.2,80.4,"('Jalen Suggs', 'Wendell Carter Jr.')",1.2666666666666666,4,2,3,1,0,0,0,0,0,3,0,3.0,2.3200000000000003,0.0,0.0,2.0,2.0,0.0,0.0,0.0,0.0,5.32,11
22500166,ORL,ATL,80.2,80.4,"('Jett Howard', 'Tristan da Silva')",1.2666666666666666,4,2,3,1,0,0,0,0,0,3,0,3.0,2.3200000000000003,0.0,0.0,2.0,2.0,0.0,0.0,0.0,0.0,5.32,11
22500166,ORL,ATL,80.2,80.4,"('Jett Howard', 'Wendell Carter Jr.')",1.2666666666666666,4,2,3,1,0,0,0,0,0,3,0,3.0,2.3200000000000003,0.0,0.0,2.0,2.0,0.0,0.0,0.0,0.0,5.32,11
22500166,ORL,ATL,80.2,80.4,"('Tristan da Silva', 'Wendell Carter Jr.')",1.2666666666666666,4,2,3,1,0,0,0,0,0,3,0,3.0,2.3200000000000003,0.0,0.0,2.0,2.0,0.0,0.0,0.0,0.0,5.32,11
22500166,ORL,ATL,81.0,80.4,"('Anthony Black', 'Franz Wagner')",2.6,4,4,7,3,2,1,1,0,0,1,1,3.88,4.88,0.0,0.0,0.0,0.0,0.0,0.0,0.0,2.0,8.76,11
22500166,ORL,ATL,81.0,80.4,"('Anthony Black', 'Paolo Banchero')",2.6,4,4,7,3,2,1,1,0,0,1,1,3.88,4.88,0.0,0.0,0.0,0.0,0.0,0.0,0.0,2.0,8.76,11
22500166,ORL,ATL,81.0,80.4,"('Anthony Black', 'Tristan da Silva')",2.6,4,4,7,3,2,1,1,0,0,1,1,3.88,4.88,0.0,0.0,0.0,0.0,0.0,0.0,0.0,2.0,8.76,11
22500166,ORL,ATL,81.0,80.4,"('Anthony Black', 'Wendell Carter Jr.')",2.6,4,4,7,3,2,1,1,0,0,1,1,3.88,4.88,0.0,0.0,0.0,0.0,0.0,0.0,0.0,2.0,8.76,11
22500166,ORL,ATL,81.0,80.4,"('Franz Wagner', 'Paolo Banchero')",2.6,4,4,7,3,2,1,1,0,0,1,1,3.88,4.88,0.0,0.0,0.0,0.0,0.0,0.0,0.0,2.0,8.76,11
22500166,ORL,ATL,81.0,80.4,"('Franz Wagner', 'Tristan da Silva')",2.6,4,4,7,3,2,1,1,0,0,1,1,3.88,4.88,0.0,0.0,0.0,0.0,0.0,0.0,0.0,2.0,8.76,11
22500166,ORL,ATL,81.0,80.4,"('Franz Wagner', 'Wendell Carter Jr.')",2.6,4,4,7,3,2,1,1,0,0,1,1,3.88,4.88,0.0,0.0,0.0,0.0,0.0,0.0,0.0,2.0,8.76,11
22500166,ORL,ATL,81.0,80.4,"('Paolo Banchero', 'Tristan da Silva')",2.6,4,4,7,3,2,1,1,0,0,1,1,3.88,4.88,0.0,0.0,0.0,0.0,0.0,0.0,0.0,2.0,8.76,11
22500166,ORL,ATL,81.0,80.4,"('Paolo Banchero', 'Wendell Carter Jr.')",2.6,4,4,7,3,2,1,1,0,0,1,1,3.88,4.88,0.0,0.0,0.0,0.0,0.0,0.0,0.0,2.0,8.76,11
22500166,ORL,ATL,81.0,80.4,"('Tristan da Silva', 'Wendell Carter Jr.')",2.6,4,4,7,3,2,1,1,0,0,1,1,3.88,4.88,0.0,0.0,0.0,0.0,0.0,0.0,0.0,2.0,8.76,11
22500166,ORL,ATL,80.6,80.6,"('Franz Wagner', 'Jalen Suggs')",2.4166666666666665,4,8,9,1,2,3,1,1,2,3,0,6.0,7.640000000000001,2.0,2.0,0.0,2.0,0.0,0.0,0.0,0.0,13.64,11
22500166,ORL,ATL,80.6,80.6,"('Franz Wagner', 'Jett Howard')",2.4166666666666665,4,8,9,1,2,3,1,1,2,3,0,6.0,7.640000000000001,2.0,2.0,0.0,2.0,0.0,0.0,0.0,0.0,13.64,11
22500166,ORL,ATL,80.6,80.6,"('Franz Wagner', 'Paolo Banchero')",2.4166666666666665,4,8,9,1,2,3,1,1,2,3,0,6.0,7.640000000000001,2.0,2.0,0.0,2.0,0.0,0.0,0.0,0.0,13.64,11
22500166,ORL,ATL,80.6,80.6,"('Franz Wagner', 'Wendell Carter Jr.')",2.4166666666666665,4,8,9,1,2,3,1,1,2,3,0,6.0,7.640000000000001,2.0,2.0,0.0,2.0,0.0,0.0,0.0,0.0,13.64,11
22500166,ORL,ATL,80.6,80.6,"('Jalen Suggs', 'Jett Howard')",2.4166666666666665,4,8,9,1,2,3,1,1,2,3,0,6.0,7.640000000000001,2.0,2.0,0.0,2.0,0.0,0.0,0.0,0.0,13.64,11
22500166,ORL,ATL,80.6,80.6,"('Jalen Suggs', 'Paolo Banchero')",2.4166666666666665,4,8,9,1,2,3,1,1,2,3,0,6.0,7.640000000000001,2.0,2.0,0.0,2.0,0.0,0.0,0.0,0.0,13.64,11
22500166,ORL,ATL,80.6,80.6,"('Jalen Suggs', 'Wendell Carter Jr.')",2.4166666666666665,4,8,9,1,2,3,1,1,2,3,0,6.0,7.640000000000001,2.0,2.0,0.0,2.0,0.0,0.0,0.0,0.0,13.64,11
22500166,ORL,ATL,80.6,80.6,"('Jett Howard', 'Paolo Banchero')",2.4166666666666665,4,8,9,1,2,3,1,1,2,3,0,6.0,7.640000000000001,2.0,2.0,0.0,2.0,0.0,0.0,0.0,0.0,13.64,11
22500166,ORL,ATL,80.6,80.6,"('Jett Howard', 'Wendell Carter Jr.')",2.4166666666666665,4,8,9,1,2,3,1,1,2,3,0,6.0,7.640000000000001,2.0,2.0,0.0,2.0,0.0,0.0,0.0,0.0,13.64,11
22500166,ORL,ATL,80.6,80.6,"('Paolo Banchero', 'Wendell Carter Jr.')",2.4166666666666665,4,8,9,1,2,3,1,1,2,3,0,6.0,7.640000000000001,2.0,2.0,0.0,2.0,0.0,0.0,0.0,0.0,13.64,11
22500166,ORL,ATL,80.6,79.8,"('Franz Wagner', 'Jalen Suggs')",3.3999999999999995,4,14,4,1,0,4,1,2,4,1,5,9.2,7.44,0.0,4.0,2.0,6.0,0.0,0.0,0.0,0.0,16.64,11
22500166,ORL,ATL,80.6,79.8,"('Franz Wagner', 'Paolo Banchero')",3.3999999999999995,4,14,4,1,0,4,1,2,4,1,5,9.2,7.44,0.0,4.0,2.0,6.0,0.0,0.0,0.0,0.0,16.64,11
22500166,ORL,ATL,80.6,79.8,"('Franz Wagner', 'Tristan da Silva')",3.3999999999999995,4,14,4,1,0,4,1,2,4,1,5,9.2,7.44,0.0,4.0,2.0,6.0,0.0,0.0,0.0,0.0,16.64,11
22500166,ORL,ATL,80.6,79.8,"('Franz Wagner', 'Wendell Carter Jr.')",3.3999999999999995,4,14,4,1,0,4,1,2,4,1,5,9.2,7.44,0.0,4.0,2.0,6.0,0.0,0.0,0.0,0.0,16.64,11
22500166,ORL,ATL,80.6,79.8,"('Jalen Suggs', 'Paolo Banchero')",3.3999999999999995,4,14,4,1,0,4,1,2,4,1,5,9.2,7.44,0.0,4.0,2.0,6.0,0.0,0.0,0.0,0.0,16.64,11
22500166,ORL,ATL,80.6,79.8,"('Jalen Suggs', 'Tristan da Silva')",3.3999999999999995,4,14,4,1,0,4,1,2,4,1,5,9.2,7.44,0.0,4.0,2.0,6.0,0.0,0.0,0.0,0.0,16.64,11
22500166,ORL,ATL,80.6,79.8,"('Jalen Suggs', 'Wendell Carter Jr.')",3.3999999999999995,4,14,4,1,0,4,1,2,4,1,5,9.2,7.44,0.0,4.0,2.0,6.0,0.0,0.0,0.0,0.0,16.64,11
22500166,ORL,ATL,80.6,79.8,"('Paolo Banchero', 'Tristan da Silva')",3.3999999999999995,4,14,4,1,0,4,1,2,4,1,5,9.2,7.44,0.0,4.0,2.0,6.0,0.0,0.0,0.0,0.0,16.64,11
22500166,ORL,ATL,80.6,79.8,"('Paolo Banchero', 'Wendell Carter Jr.')",3.3999999999999995,4,14,4,1,0,4,1,2,4,1,5,9.2,7.44,0.0,4.0,2.0,6.0,0.0,0.0,0.0,0.0,16.64,11
22500166,ORL,ATL,80.6,79.8,"('Tristan da Silva', 'Wendell Carter Jr.')",3.3999999999999995,4,14,4,1,0,4,1,2,4,1,5,9.2,7.44,0.0,4.0,2.0,6.0,0.0,0.0,0.0,0.0,16.64,11
22500193,ORL,BOS,78.8,77.8,"('Franz Wagner', 'Goga Bitadze')",2.783333333333333,4,5,5,1,1,2,2,2,2,1,0,5.0,4.0,0.0,2.0,0.0,2.0,5.0,0.0,0.0,2.0,9.0,12
22500193,ORL,BOS,78.8,77.8,"('Franz Wagner', 'Jalen Suggs')",2.783333333333333,4,5,5,1,1,2,2,2,2,1,0,5.0,4.0,0.0,2.0,0.0,2.0,5.0,0.0,0.0,2.0,9.0,12
22500193,ORL,BOS,78.8,77.8,"('Franz Wagner', 'Tristan da Silva')",2.783333333333333,4,5,5,1,1,2,2,2,2,1,0,5.0,4.0,0.0,2.0,0.0,2.0,5.0,0.0,0.0,2.0,9.0,12
22500193,ORL,BOS,78.8,77.8,"('Franz Wagner', 'Tyus Jones')",2.783333333333333,4,5,5,1,1,2,2,2,2,1,0,5.0,4.0,0.0,2.0,0.0,2.0,5.0,0.0,0.0,2.0,9.0,12
22500193,ORL,BOS,78.8,77.8,"('Goga Bitadze', 'Jalen Suggs')",2.783333333333333,4,5,5,1,1,2,2,2,2,1,0,5.0,4.0,0.0,2.0,0.0,2.0,5.0,0.0,0.0,2.0,9.0,12
22500193,ORL,BOS,78.8,77.8,"('Goga Bitadze', 'Tristan da Silva')",2.783333333333333,4,5,5,1,1,2,2,2,2,1,0,5.0,4.0,0.0,2.0,0.0,2.0,5.0,0.0,0.0,2.0,9.0,12
22500193,ORL,BOS,78.8,77.8,"('Goga Bitadze', 'Tyus Jones')",2.783333333333333,4,5,5,1,1,2,2,2,2,1,0,5.0,4.0,0.0,2.0,0.0,2.0,5.0,0.0,0.0,2.0,9.0,12
22500193,ORL,BOS,78.8,77.8,"('Jalen Suggs', 'Tristan da Silva')",2.783333333333333,4,5,5,1,1,2,2,2,2,1,0,5.0,4.0,0.0,2.0,0.0,2.0,5.0,0.0,0.0,2.0,9.0,12
22500193,ORL,BOS,78.8,77.8,"('Jalen Suggs', 'Tyus Jones')",2.783333333333333,4,5,5,1,1,2,2,2,2,1,0,5.0,4.0,0.0,2.0,0.0,2.0,5.0,0.0,0.0,2.0,9.0,12
22500193,ORL,BOS,78.8,77.8,"('Tristan da Silva', 'Tyus Jones')",2.783333333333333,4,5,5,1,1,2,2,2,2,1,0,5.0,4.0,0.0,2.0,0.0,2.0,5.0,0.0,0.0,2.0,9.0,12
22500193,ORL,BOS,79.2,77.8,"('Anthony Black', 'Franz Wagner')",0.7666666666666667,4,0,5,0,1,0,2,0,0,0,0,1.0,2.0,0.0,0.0,0.0,0.0,0.0,0.0,0.0,2.0,3.0,12
22500193,ORL,BOS,79.2,77.8,"('Anthony Black', 'Goga Bitadze')",0.7666666666666667,4,0,5,0,1,0,2,0,0,0,0,1.0,2.0,0.0,0.0,0.0,0.0,0.0,0.0,0.0,2.0,3.0,12
22500193,ORL,BOS,79.2,77.8,"('Anthony Black', 'Tristan da Silva')",0.7666666666666667,4,0,5,0,1,0,2,0,0,0,0,1.0,2.0,0.0,0.0,0.0,0.0,0.0,0.0,0.0,2.0,3.0,12
22500193,ORL,BOS,79.2,77.8,"('Anthony Black', 'Tyus Jones')",0.7666666666666667,4,0,5,0,1,0,2,0,0,0,0,1.0,2.0,0.0,0.0,0.0,0.0,0.0,0.0,0.0,2.0,3.0,12
22500193,ORL,BOS,79.2,77.8,"('Franz Wagner', 'Goga Bitadze')",0.7666666666666667,4,0,5,0,1,0,2,0,0,0,0,1.0,2.0,0.0,0.0,0.0,0.0,0.0,0.0,0.0,2.0,3.0,12
22500193,ORL,BOS,79.2,77.8,"('Franz Wagner', 'Tristan da Silva')",0.7666666666666667,4,0,5,0,1,0,2,0,0,0,0,1.0,2.0,0.0,0.0,0.0,0.0,0.0,0.0,0.0,2.0,3.0,12
22500193,ORL,BOS,79.2,77.8,"('Franz Wagner', 'Tyus Jones')",0.7666666666666667,4,0,5,0,1,0,2,0,0,0,0,1.0,2.0,0.0,0.0,0.0,0.0,0.0,0.0,0.0,2.0,3.0,12
22500193,ORL,BOS,79.2,77.8,"('Goga Bitadze', 'Tristan da Silva')",0.7666666666666667,4,0,5,0,1,0,2,0,0,0,0,1.0,2.0,0.0,0.0,0.0,0.0,0.0,0.0,0.0,2.0,3.0,12
22500193,ORL,BOS,79.2,77.8,"('Goga Bitadze', 'Tyus Jones')",0.7666666666666667,4,0,5,0,1,0,2,0,0,0,0,1.0,2.0,0.0,0.0,0.0,0.0,0.0,0.0,0.0,2.0,3.0,12
22500193,ORL,BOS,79.2,77.8,"('Tristan da Silva', 'Tyus Jones')",0.7666666666666667,4,0,5,0,1,0,2,0,0,0,0,1.0,2.0,0.0,0.0,0.0,0.0,0.0,0.0,0.0,2.0,3.0,12
22500193,ORL,BOS,80.6,77.4,"('Anthony Black', 'Desmond Bane')",1.666666666666667,4,0,6,1,3,0,2,1,0,2,0,3.0,4.0,0.0,0.0,0.0,0.0,2.0,0.0,2.0,4.0,7.0,12
22500193,ORL,BOS,80.6,77.4,"('Anthony Black', 'Franz Wagner')",1.666666666666667,4,0,6,1,3,0,2,1,0,2,0,3.0,4.0,0.0,0.0,0.0,0.0,2.0,0.0,2.0,4.0,7.0,12
22500193,ORL,BOS,80.6,77.4,"('Anthony Black', 'Paolo Banchero')",1.666666666666667,4,0,6,1,3,0,2,1,0,2,0,3.0,4.0,0.0,0.0,0.0,0.0,2.0,0.0,2.0,4.0,7.0,12
22500193,ORL,BOS,80.6,77.4,"('Anthony Black', 'Wendell Carter Jr.')",1.666666666666667,4,0,6,1,3,0,2,1,0,2,0,3.0,4.0,0.0,0.0,0.0,0.0,2.0,0.0,2.0,4.0,7.0,12
22500193,ORL,BOS,80.6,77.4,"('Desmond Bane', 'Franz Wagner')",1.666666666666667,4,0,6,1,3,0,2,1,0,2,0,3.0,4.0,0.0,0.0,0.0,0.0,2.0,0.0,2.0,4.0,7.0,12
22500193,ORL,BOS,80.6,77.4,"('Desmond Bane', 'Paolo Banchero')",1.666666666666667,4,0,6,1,3,0,2,1,0,2,0,3.0,4.0,0.0,0.0,0.0,0.0,2.0,0.0,2.0,4.0,7.0,12
22500193,ORL,BOS,80.6,77.4,"('Desmond Bane', 'Wendell Carter Jr.')",1.666666666666667,4,0,6,1,3,0,2,1,0,2,0,3.0,4.0,0.0,0.0,0.0,0.0,2.0,0.0,2.0,4.0,7.0,12
22500193,ORL,BOS,80.6,77.4,"('Franz Wagner', 'Paolo Banchero')",1.666666666666667,4,0,6,1,3,0,2,1,0,2,0,3.0,4.0,0.0,0.0,0.0,0.0,2.0,0.0,2.0,4.0,7.0,12
22500193,ORL,BOS,80.6,77.4,"('Franz Wagner', 'Wendell Carter Jr.')",1.666666666666667,4,0,6,1,3,0,2,1,0,2,0,3.0,4.0,0.0,0.0,0.0,0.0,2.0,0.0,2.0,4.0,7.0,12
22500193,ORL,BOS,80.6,77.4,"('Paolo Banchero', 'Wendell Carter Jr.')",1.666666666666667,4,0,6,1,3,0,2,1,0,2,0,3.0,4.0,0.0,0.0,0.0,0.0,2.0,0.0,2.0,4.0,7.0,12
22500193,ORL,BOS,80.6,77.8,"('Anthony Black', 'Franz Wagner')",0.17,3,0,0,1,1,0,0,0,1,0,0,2.0,1.0,0.0,0.0,0.0,0.0,0.0,0.0,0.0,0.0,3.0,12
22500193,ORL,BOS,80.6,77.8,"('Anthony Black', 'Goga Bitadze')",0.17,3,0,0,1,1,0,0,0,1,0,0,2.0,1.0,0.0,0.0,0.0,0.0,0.0,0.0,0.0,0.0,3.0,12
22500193,ORL,BOS,80.6,77.8,"('Anthony Black', 'Noah Penda')",0.17,3,0,0,1,1,0,0,0,1,0,0,2.0,1.0,0.0,0.0,0.0,0.0,0.0,0.0,0.0,0.0,3.0,12
22500193,ORL,BOS,80.6,77.8,"('Anthony Black', 'Tristan da Silva')",0.17,3,0,0,1,1,0,0,0,1,0,0,2.0,1.0,0.0,0.0,0.0,0.0,0.0,0.0,0.0,0.0,3.0,12
22500193,ORL,BOS,80.6,77.8,"('Franz Wagner', 'Goga Bitadze')",0.17,3,0,0,1,1,0,0,0,1,0,0,2.0,1.0,0.0,0.0,0.0,0.0,0.0,0.0,0.0,0.0,3.0,12
22500193,ORL,BOS,80.6,77.8,"('Franz Wagner', 'Noah Penda')",0.17,3,0,0,1,1,0,0,0,1,0,0,2.0,1.0,0.0,0.0,0.0,0.0,0.0,0.0,0.0,0.0,3.0,12
22500193,ORL,BOS,80.6,77.8,"('Franz Wagner', 'Tristan da Silva')",0.17,3,0,0,1,1,0,0,0,1,0,0,2.0,1.0,0.0,0.0,0.0,0.0,0.0,0.0,0.0,0.0,3.0,12
22500193,ORL,BOS,80.6,77.8,"('Goga Bitadze', 'Noah Penda')",0.17,3,0,0,1,1,0,0,0,1,0,0,2.0,1.0,0.0,0.0,0.0,0.0,0.0,0.0,0.0,0.0,3.0,12
22500193,ORL,BOS,80.6,77.8,"('Goga Bitadze', 'Tristan da Silva')",0.17,3,0,0,1,1,0,0,0,1,0,0,2.0,1.0,0.0,0.0,0.0,0.0,0.0,0.0,0.0,0.0,3.0,12
22500193,ORL,BOS,80.6,77.8,"('Noah Penda', 'Tristan da Silva')",0.17,3,0,0,1,1,0,0,0,1,0,0,2.0,1.0,0.0,0.0,0.0,0.0,0.0,0.0,0.0,0.0,3.0,12
22500193,ORL,BOS,80.2,78.2,"('Desmond Bane', 'Franz Wagner')",5.066666666666664,3,10,11,9,5,2,1,2,0,3,3,10.0,10.76,0.0,0.0,4.0,4.0,5.0,2.0,0.0,4.0,20.76,12
22500193,ORL,BOS,80.2,78.2,"('Desmond Bane', 'Jalen Suggs')",5.066666666666664,3,10,11,9,5,2,1,2,0,3,3,10.0,10.76,0.0,0.0,4.0,4.0,5.0,2.0,0.0,4.0,20.76,12
22500193,ORL,BOS,80.2,78.2,"('Desmond Bane', 'Paolo Banchero')",5.066666666666664,3,10,11,9,5,2,1,2,0,3,3,10.0,10.76,0.0,0.0,4.0,4.0,5.0,2.0,0.0,4.0,20.76,12
22500193,ORL,BOS,80.2,78.2,"('Desmond Bane', 'Wendell Carter Jr.')",5.066666666666664,3,10,11,9,5,2,1,2,0,3,3,10.0,10.76,0.0,0.0,4.0,4.0,5.0,2.0,0.0,4.0,20.76,12
22500193,ORL,BOS,80.2,78.2,"('Franz Wagner', 'Jalen Suggs')",5.066666666666664,3,10,11,9,5,2,1,2,0,3,3,10.0,10.76,0.0,0.0,4.0,4.0,5.0,2.0,0.0,4.0,20.76,12
22500193,ORL,BOS,80.2,78.2,"('Franz Wagner', 'Paolo Banchero')",5.066666666666664,3,10,11,9,5,2,1,2,0,3,3,10.0,10.76,0.0,0.0,4.0,4.0,5.0,2.0,0.0,4.0,20.76,12
22500193,ORL,BOS,80.2,78.2,"('Franz Wagner', 'Wendell Carter Jr.')",5.066666666666664,3,10,11,9,5,2,1,2,0,3,3,10.0,10.76,0.0,0.0,4.0,4.0,5.0,2.0,0.0,4.0,20.76,12
22500193,ORL,BOS,80.2,78.2,"('Jalen Suggs', 'Paolo Banchero')",5.066666666666664,3,10,11,9,5,2,1,2,0,3,3,10.0,10.76,0.0,0.0,4.0,4.0,5.0,2.0,0.0,4.0,20.76,12
22500193,ORL,BOS,80.2,78.2,"('Jalen Suggs', 'Wendell Carter Jr.')",5.066666666666664,3,10,11,9,5,2,1,2,0,3,3,10.0,10.76,0.0,0.0,4.0,4.0,5.0,2.0,0.0,4.0,20.76,12
22500193,ORL,BOS,80.2,78.2,"('Paolo Banchero', 'Wendell Carter Jr.')",5.066666666666664,3,10,11,9,5,2,1,2,0,3,3,10.0,10.76,0.0,0.0,4.0,4.0,5.0,2.0,0.0,4.0,20.76,12
22500193,ORL,BOS,79.2,78.8,"('Anthony Black', 'Franz Wagner')",2.4400000000000004,3,5,3,2,4,0,1,0,1,0,2,4.44,4.44,0.0,2.0,2.0,4.0,0.0,0.0,2.0,2.0,8.88,12
22500193,ORL,BOS,79.2,78.8,"('Anthony Black', 'Goga Bitadze')",2.4400000000000004,3,5,3,2,4,0,1,0,1,0,2,4.44,4.44,0.0,2.0,2.0,4.0,0.0,0.0,2.0,2.0,8.88,12
22500193,ORL,BOS,79.2,78.8,"('Anthony Black', 'Tristan da Silva')",2.4400000000000004,3,5,3,2,4,0,1,0,1,0,2,4.44,4.44,0.0,2.0,2.0,4.0,0.0,0.0,2.0,2.0,8.88,12
22500193,ORL,BOS,79.2,78.8,"('Anthony Black', 'Tyus Jones')",2.4400000000000004,3,5,3,2,4,0,1,0,1,0,2,4.44,4.44,0.0,2.0,2.0,4.0,0.0,0.0,2.0,2.0,8.88,12
22500193,ORL,BOS,79.2,78.8,"('Franz Wagner', 'Goga Bitadze')",2.4400000000000004,3,5,3,2,4,0,1,0,1,0,2,4.44,4.44,0.0,2.0,2.0,4.0,0.0,0.0,2.0,2.0,8.88,12
22500193,ORL,BOS,79.2,78.8,"('Franz Wagner', 'Tristan da Silva')",2.4400000000000004,3,5,3,2,4,0,1,0,1,0,2,4.44,4.44,0.0,2.0,2.0,4.0,0.0,0.0,2.0,2.0,8.88,12
22500193,ORL,BOS,79.2,78.8,"('Franz Wagner', 'Tyus Jones')",2.4400000000000004,3,5,3,2,4,0,1,0,1,0,2,4.44,4.44,0.0,2.0,2.0,4.0,0.0,0.0,2.0,2.0,8.88,12
22500193,ORL,BOS,79.2,78.8,"('Goga Bitadze', 'Tristan da Silva')",2.4400000000000004,3,5,3,2,4,0,1,0,1,0,2,4.44,4.44,0.0,2.0,2.0,4.0,0.0,0.0,2.0,2.0,8.88,12
22500193,ORL,BOS,79.2,78.8,"('Goga Bitadze', 'Tyus Jones')",2.4400000000000004,3,5,3,2,4,0,1,0,1,0,2,4.44,4.44,0.0,2.0,2.0,4.0,0.0,0.0,2.0,2.0,8.88,12
22500193,ORL,BOS,79.2,78.8,"('Tristan da Silva', 'Tyus Jones')",2.4400000000000004,3,5,3,2,4,0,1,0,1,0,2,4.44,4.44,0.0,2.0,2.0,4.0,0.0,0.0,2.0,2.0,8.88,12
22500193,ORL,BOS,80.2,78.0,"('Anthony Black', 'Desmond Bane')",1.4666666666666666,3,3,4,1,2,1,0,0,0,2,0,2.44,2.88,0.0,0.0,0.0,0.0,0.0,0.0,2.0,2.0,5.32,12
22500193,ORL,BOS,80.2,78.0,"('Anthony Black', 'Paolo Banchero')",1.4666666666666666,3,3,4,1,2,1,0,0,0,2,0,2.44,2.88,0.0,0.0,0.0,0.0,0.0,0.0,2.0,2.0,5.32,12
22500193,ORL,BOS,80.2,78.0,"('Anthony Black', 'Tristan da Silva')",1.4666666666666666,3,3,4,1,2,1,0,0,0,2,0,2.44,2.88,0.0,0.0,0.0,0.0,0.0,0.0,2.0,2.0,5.32,12
22500193,ORL,BOS,80.2,78.0,"('Anthony Black', 'Wendell Carter Jr.')",1.4666666666666666,3,3,4,1,2,1,0,0,0,2,0,2.44,2.88,0.0,0.0,0.0,0.0,0.0,0.0,2.0,2.0,5.32,12
22500193,ORL,BOS,80.2,78.0,"('Desmond Bane', 'Paolo Banchero')",1.4666666666666666,3,3,4,1,2,1,0,0,0,2,0,2.44,2.88,0.0,0.0,0.0,0.0,0.0,0.0,2.0,2.0,5.32,12
22500193,ORL,BOS,80.2,78.0,"('Desmond Bane', 'Tristan da Silva')",1.4666666666666666,3,3,4,1,2,1,0,0,0,2,0,2.44,2.88,0.0,0.0,0.0,0.0,0.0,0.0,2.0,2.0,5.32,12
22500193,ORL,BOS,80.2,78.0,"('Desmond Bane', 'Wendell Carter Jr.')",1.4666666666666666,3,3,4,1,2,1,0,0,0,2,0,2.44,2.88,0.0,0.0,0.0,0.0,0.0,0.0,2.0,2.0,5.32,12
22500193,ORL,BOS,80.2,78.0,"('Paolo Banchero', 'Tristan da Silva')",1.4666666666666666,3,3,4,1,2,1,0,0,0,2,0,2.44,2.88,0.0,0.0,0.0,0.0,0.0,0.0,2.0,2.0,5.32,12
22500193,ORL,BOS,80.2,78.0,"('Paolo Banchero', 'Wendell Carter Jr.')",1.4666666666666666,3,3,4,1,2,1,0,0,0,2,0,2.44,2.88,0.0,0.0,0.0,0.0,0.0,0.0,2.0,2.0,5.32,12
22500193,ORL,BOS,80.2,78.0,"('Tristan da Silva', 'Wendell Carter Jr.')",1.4666666666666666,3,3,4,1,2,1,0,0,0,2,0,2.44,2.88,0.0,0.0,0.0,0.0,0.0,0.0,2.0,2.0,5.32,12
22500193,ORL,BOS,80.4,78.4,"('Anthony Black', 'Desmond Bane')",2.55,3,8,6,1,1,0,0,1,0,2,2,4.76,5.88,0.0,0.0,0.0,4.0,2.0,2.0,2.0,4.0,10.64,12
22500193,ORL,BOS,80.4,78.4,"('Anthony Black', 'Goga Bitadze')",2.55,3,8,6,1,1,0,0,1,0,2,2,4.76,5.88,0.0,0.0,0.0,4.0,2.0,2.0,2.0,4.0,10.64,12
22500193,ORL,BOS,80.4,78.4,"('Anthony Black', 'Paolo Banchero')",2.55,3,8,6,1,1,0,0,1,0,2,2,4.76,5.88,0.0,0.0,0.0,4.0,2.0,2.0,2.0,4.0,10.64,12
22500193,ORL,BOS,80.4,78.4,"('Anthony Black', 'Tristan da Silva')",2.55,3,8,6,1,1,0,0,1,0,2,2,4.76,5.88,0.0,0.0,0.0,4.0,2.0,2.0,2.0,4.0,10.64,12
22500193,ORL,BOS,80.4,78.4,"('Desmond Bane', 'Goga Bitadze')",2.55,3,8,6,1,1,0,0,1,0,2,2,4.76,5.88,0.0,0.0,0.0,4.0,2.0,2.0,2.0,4.0,10.64,12
22500193,ORL,BOS,80.4,78.4,"('Desmond Bane', 'Paolo Banchero')",2.55,3,8,6,1,1,0,0,1,0,2,2,4.76,5.88,0.0,0.0,0.0,4.0,2.0,2.0,2.0,4.0,10.64,12
22500193,ORL,BOS,80.4,78.4,"('Desmond Bane', 'Tristan da Silva')",2.55,3,8,6,1,1,0,0,1,0,2,2,4.76,5.88,0.0,0.0,0.0,4.0,2.0,2.0,2.0,4.0,10.64,12
22500193,ORL,BOS,80.4,78.4,"('Goga Bitadze', 'Paolo Banchero')",2.55,3,8,6,1,1,0,0,1,0,2,2,4.76,5.88,0.0,0.0,0.0,4.0,2.0,2.0,2.0,4.0,10.64,12
22500193,ORL,BOS,80.4,78.4,"('Goga Bitadze', 'Tristan da Silva')",2.55,3,8,6,1,1,0,0,1,0,2,2,4.76,5.88,0.0,0.0,0.0,4.0,2.0,2.0,2.0,4.0,10.64,12
22500193,ORL,BOS,80.4,78.4,"('Paolo Banchero', 'Tristan da Silva')",2.55,3,8,6,1,1,0,0,1,0,2,2,4.76,5.88,0.0,0.0,0.0,4.0,2.0,2.0,2.0,4.0,10.64,12
22500193,ORL,BOS,80.2,77.4,"('Desmond Bane', 'Franz Wagner')",6.58,4,22,17,7,4,3,3,1,3,2,8,16.28,16.880000000000003,2.0,2.0,2.0,6.0,2.0,0.0,2.0,4.0,33.160000000000004,12
22500193,ORL,BOS,80.2,77.4,"('Desmond Bane', 'Jalen Suggs')",6.58,4,22,17,7,4,3,3,1,3,2,8,16.28,16.880000000000003,2.0,2.0,2.0,6.0,2.0,0.0,2.0,4.0,33.160000000000004,12
22500193,ORL,BOS,80.2,77.4,"('Desmond Bane', 'Paolo Banchero')",6.58,4,22,17,7,4,3,3,1,3,2,8,16.28,16.880000000000003,2.0,2.0,2.0,6.0,2.0,0.0,2.0,4.0,33.160000000000004,12
22500193,ORL,BOS,80.2,77.4,"('Desmond Bane', 'Wendell Carter Jr.')",6.58,4,22,17,7,4,3,3,1,3,2,8,16.28,16.880000000000003,2.0,2.0,2.0,6.0,2.0,0.0,2.0,4.0,33.160000000000004,12
22500193,ORL,BOS,80.2,77.4,"('Franz Wagner', 'Jalen Suggs')",6.58,4,22,17,7,4,3,3,1,3,2,8,16.28,16.880000000000003,2.0,2.0,2.0,6.0,2.0,0.0,2.0,4.0,33.160000000000004,12
22500193,ORL,BOS,80.2,77.4,"('Franz Wagner', 'Paolo Banchero')",6.58,4,22,17,7,4,3,3,1,3,2,8,16.28,16.880000000000003,2.0,2.0,2.0,6.0,2.0,0.0,2.0,4.0,33.160000000000004,12
22500193,ORL,BOS,80.2,77.4,"('Franz Wagner', 'Wendell Carter Jr.')",6.58,4,22,17,7,4,3,3,1,3,2,8,16.28,16.880000000000003,2.0,2.0,2.0,6.0,2.0,0.0,2.0,4.0,33.160000000000004,12
22500193,ORL,BOS,80.2,77.4,"('Jalen Suggs', 'Paolo Banchero')",6.58,4,22,17,7,4,3,3,1,3,2,8,16.28,16.880000000000003,2.0,2.0,2.0,6.0,2.0,0.0,2.0,4.0,33.160000000000004,12
22500193,ORL,BOS,80.2,77.4,"('Jalen Suggs', 'Wendell Carter Jr.')",6.58,4,22,17,7,4,3,3,1,3,2,8,16.28,16.880000000000003,2.0,2.0,2.0,6.0,2.0,0.0,2.0,4.0,33.160000000000004,12
22500193,ORL,BOS,80.2,77.4,"('Paolo Banchero', 'Wendell Carter Jr.')",6.58,4,22,17,7,4,3,3,1,3,2,8,16.28,16.880000000000003,2.0,2.0,2.0,6.0,2.0,0.0,2.0,4.0,33.160000000000004,12
22500193,ORL,BOS,80.0,78.0,"('Anthony Black', 'Jalen Suggs')",0.9333333333333332,1,1,3,1,2,0,0,0,0,0,1,2.44,2.0,0.0,0.0,0.0,0.0,0.0,3.0,0.0,0.0,4.44,12
22500193,ORL,BOS,80.0,78.0,"('Anthony Black', 'Jonathan Isaac')",0.9333333333333332,1,1,3,1,2,0,0,0,0,0,1,2.44,2.0,0.0,0.0,0.0,0.0,0.0,3.0,0.0,0.0,4.44,12
22500193,ORL,BOS,80.0,78.0,"('Anthony Black', 'Tristan da Silva')",0.9333333333333332,1,1,3,1,2,0,0,0,0,0,1,2.44,2.0,0.0,0.0,0.0,0.0,0.0,3.0,0.0,0.0,4.44,12
22500193,ORL,BOS,80.0,78.0,"('Anthony Black', 'Wendell Carter Jr.')",0.9333333333333332,1,1,3,1,2,0,0,0,0,0,1,2.44,2.0,0.0,0.0,0.0,0.0,0.0,3.0,0.0,0.0,4.44,12
22500193,ORL,BOS,80.0,78.0,"('Jalen Suggs', 'Jonathan Isaac')",0.9333333333333332,1,1,3,1,2,0,0,0,0,0,1,2.44,2.0,0.0,0.0,0.0,0.0,0.0,3.0,0.0,0.0,4.44,12
22500193,ORL,BOS,80.0,78.0,"('Jalen Suggs', 'Tristan da Silva')",0.9333333333333332,1,1,3,1,2,0,0,0,0,0,1,2.44,2.0,0.0,0.0,0.0,0.0,0.0,3.0,0.0,0.0,4.44,12
22500193,ORL,BOS,80.0,78.0,"('Jalen Suggs', 'Wendell Carter Jr.')",0.9333333333333332,1,1,3,1,2,0,0,0,0,0,1,2.44,2.0,0.0,0.0,0.0,0.0,0.0,3.0,0.0,0.0,4.44,12
22500193,ORL,BOS,80.0,78.0,"('Jonathan Isaac', 'Tristan da Silva')",0.9333333333333332,1,1,3,1,2,0,0,0,0,0,1,2.44,2.0,0.0,0.0,0.0,0.0,0.0,3.0,0.0,0.0,4.44,12
22500193,ORL,BOS,80.0,78.0,"('Jonathan Isaac', 'Wendell Carter Jr.')",0.9333333333333332,1,1,3,1,2,0,0,0,0,0,1,2.44,2.0,0.0,0.0,0.0,0.0,0.0,3.0,0.0,0.0,4.44,12
22500193,ORL,BOS,80.0,78.0,"('Tristan da Silva', 'Wendell Carter Jr.')",0.9333333333333332,1,1,3,1,2,0,0,0,0,0,1,2.44,2.0,0.0,0.0,0.0,0.0,0.0,3.0,0.0,0.0,4.44,12
22500193,ORL,BOS,80.4,78.0,"('Anthony Black', 'Desmond Bane')",3.4833333333333343,1,5,12,2,2,2,4,1,0,1,1,6.0,7.0,0.0,0.0,0.0,2.0,3.0,3.0,0.0,6.0,13.0,12
22500193,ORL,BOS,80.4,78.0,"('Anthony Black', 'Goga Bitadze')",3.4833333333333343,1,5,12,2,2,2,4,1,0,1,1,6.0,7.0,0.0,0.0,0.0,2.0,3.0,3.0,0.0,6.0,13.0,12
22500193,ORL,BOS,80.4,78.0,"('Anthony Black', 'Paolo Banchero')",3.4833333333333343,1,5,12,2,2,2,4,1,0,1,1,6.0,7.0,0.0,0.0,0.0,2.0,3.0,3.0,0.0,6.0,13.0,12
22500193,ORL,BOS,80.4,78.0,"('Anthony Black', 'Tristan da Silva')",3.4833333333333343,1,5,12,2,2,2,4,1,0,1,1,6.0,7.0,0.0,0.0,0.0,2.0,3.0,3.0,0.0,6.0,13.0,12
22500193,ORL,BOS,80.4,78.0,"('Desmond Bane', 'Goga Bitadze')",3.4833333333333343,1,5,12,2,2,2,4,1,0,1,1,6.0,7.0,0.0,0.0,0.0,2.0,3.0,3.0,0.0,6.0,13.0,12
22500193,ORL,BOS,80.4,78.0,"('Desmond Bane', 'Paolo Banchero')",3.4833333333333343,1,5,12,2,2,2,4,1,0,1,1,6.0,7.0,0.0,0.0,0.0,2.0,3.0,3.0,0.0,6.0,13.0,12
22500193,ORL,BOS,80.4,78.0,"('Desmond Bane', 'Tristan da Silva')",3.4833333333333343,1,5,12,2,2,2,4,1,0,1,1,6.0,7.0,0.0,0.0,0.0,2.0,3.0,3.0,0.0,6.0,13.0,12
22500193,ORL,BOS,80.4,78.0,"('Goga Bitadze', 'Paolo Banchero')",3.4833333333333343,1,5,12,2,2,2,4,1,0,1,1,6.0,7.0,0.0,0.0,0.0,2.0,3.0,3.0,0.0,6.0,13.0,12
22500193,ORL,BOS,80.4,78.0,"('Goga Bitadze', 'Tristan da Silva')",3.4833333333333343,1,5,12,2,2,2,4,1,0,1,1,6.0,7.0,0.0,0.0,0.0,2.0,3.0,3.0,0.0,6.0,13.0,12
22500193,ORL,BOS,80.4,78.0,"('Paolo Banchero', 'Tristan da Silva')",3.4833333333333343,1,5,12,2,2,2,4,1,0,1,1,6.0,7.0,0.0,0.0,0.0,2.0,3.0,3.0,0.0,6.0,13.0,12
22500193,ORL,BOS,80.4,77.6,"('Anthony Black', 'Franz Wagner')",1.3283333333333334,1,4,2,3,2,1,0,0,0,2,1,2.88,3.0,0.0,0.0,2.0,2.0,0.0,0.0,0.0,2.0,5.88,12
22500193,ORL,BOS,80.4,77.6,"('Anthony Black', 'Jalen Suggs')",1.3283333333333334,1,4,2,3,2,1,0,0,0,2,1,2.88,3.0,0.0,0.0,2.0,2.0,0.0,0.0,0.0,2.0,5.88,12
22500193,ORL,BOS,80.4,77.6,"('Anthony Black', 'Jonathan Isaac')",1.3283333333333334,1,4,2,3,2,1,0,0,0,2,1,2.88,3.0,0.0,0.0,2.0,2.0,0.0,0.0,0.0,2.0,5.88,12
22500193,ORL,BOS,80.4,77.6,"('Anthony Black', 'Wendell Carter Jr.')",1.3283333333333334,1,4,2,3,2,1,0,0,0,2,1,2.88,3.0,0.0,0.0,2.0,2.0,0.0,0.0,0.0,2.0,5.88,12
22500193,ORL,BOS,80.4,77.6,"('Franz Wagner', 'Jalen Suggs')",1.3283333333333334,1,4,2,3,2,1,0,0,0,2,1,2.88,3.0,0.0,0.0,2.0,2.0,0.0,0.0,0.0,2.0,5.88,12
22500193,ORL,BOS,80.4,77.6,"('Franz Wagner', 'Jonathan Isaac')",1.3283333333333334,1,4,2,3,2,1,0,0,0,2,1,2.88,3.0,0.0,0.0,2.0,2.0,0.0,0.0,0.0,2.0,5.88,12
22500193,ORL,BOS,80.4,77.6,"('Franz Wagner', 'Wendell Carter Jr.')",1.3283333333333334,1,4,2,3,2,1,0,0,0,2,1,2.88,3.0,0.0,0.0,2.0,2.0,0.0,0.0,0.0,2.0,5.88,12
22500193,ORL,BOS,80.4,77.6,"('Jalen Suggs', 'Jonathan Isaac')",1.3283333333333334,1,4,2,3,2,1,0,0,0,2,1,2.88,3.0,0.0,0.0,2.0,2.0,0.0,0.0,0.0,2.0,5.88,12
22500193,ORL,BOS,80.4,77.6,"('Jalen Suggs', 'Wendell Carter Jr.')",1.3283333333333334,1,4,2,3,2,1,0,0,0,2,1,2.88,3.0,0.0,0.0,2.0,2.0,0.0,0.0,0.0,2.0,5.88,12
22500193,ORL,BOS,80.4,77.6,"('Jonathan Isaac', 'Wendell Carter Jr.')",1.3283333333333334,1,4,2,3,2,1,0,0,0,2,1,2.88,3.0,0.0,0.0,2.0,2.0,0.0,0.0,0.0,2.0,5.88,12
22500193,ORL,BOS,79.0,77.6,"('Franz Wagner', 'Jalen Suggs')",1.75,2,2,2,0,0,0,0,2,1,2,0,3.0,3.0,0.0,2.0,0.0,2.0,0.0,0.0,0.0,2.0,6.0,12
22500193,ORL,BOS,79.0,77.6,"('Franz Wagner', 'Paolo Banchero')",1.75,2,2,2,0,0,0,0,2,1,2,0,3.0,3.0,0.0,2.0,0.0,2.0,0.0,0.0,0.0,2.0,6.0,12
22500193,ORL,BOS,79.0,77.6,"('Franz Wagner', 'Tyus Jones')",1.75,2,2,2,0,0,0,0,2,1,2,0,3.0,3.0,0.0,2.0,0.0,2.0,0.0,0.0,0.0,2.0,6.0,12
22500193,ORL,BOS,79.0,77.6,"('Franz Wagner', 'Wendell Carter Jr.')",1.75,2,2,2,0,0,0,0,2,1,2,0,3.0,3.0,0.0,2.0,0.0,2.0,0.0,0.0,0.0,2.0,6.0,12
22500193,ORL,BOS,79.0,77.6,"('Jalen Suggs', 'Paolo Banchero')",1.75,2,2,2,0,0,0,0,2,1,2,0,3.0,3.0,0.0,2.0,0.0,2.0,0.0,0.0,0.0,2.0,6.0,12
22500193,ORL,BOS,79.0,77.6,"('Jalen Suggs', 'Tyus Jones')",1.75,2,2,2,0,0,0,0,2,1,2,0,3.0,3.0,0.0,2.0,0.0,2.0,0.0,0.0,0.0,2.0,6.0,12
22500193,ORL,BOS,79.0,77.6,"('Jalen Suggs', 'Wendell Carter Jr.')",1.75,2,2,2,0,0,0,0,2,1,2,0,3.0,3.0,0.0,2.0,0.0,2.0,0.0,0.0,0.0,2.0,6.0,12
22500193,ORL,BOS,79.0,77.6,"('Paolo Banchero', 'Tyus Jones')",1.75,2,2,2,0,0,0,0,2,1,2,0,3.0,3.0,0.0,2.0,0.0,2.0,0.0,0.0,0.0,2.0,6.0,12
22500193,ORL,BOS,79.0,77.6,"('Paolo Banchero', 'Wendell Carter Jr.')",1.75,2,2,2,0,0,0,0,2,1,2,0,3.0,3.0,0.0,2.0,0.0,2.0,0.0,0.0,0.0,2.0,6.0,12
22500193,ORL,BOS,79.0,77.6,"('Tyus Jones', 'Wendell Carter Jr.')",1.75,2,2,2,0,0,0,0,2,1,2,0,3.0,3.0,0.0,2.0,0.0,2.0,0.0,0.0,0.0,2.0,6.0,12
22500193,ORL,BOS,78.8,77.6,"('Goga Bitadze', 'Jalen Suggs')",0.0,2,0,0,0,0,0,0,0,0,0,0,0.0,0.0,0.0,0.0,0.0,0.0,0.0,0.0,0.0,0.0,0.0,12
22500193,ORL,BOS,78.8,77.6,"('Goga Bitadze', 'Paolo Banchero')",0.0,2,0,0,0,0,0,0,0,0,0,0,0.0,0.0,0.0,0.0,0.0,0.0,0.0,0.0,0.0,0.0,0.0,12
22500193,ORL,BOS,78.8,77.6,"('Goga Bitadze', 'Tristan da Silva')",0.0,2,0,0,0,0,0,0,0,0,0,0,0.0,0.0,0.0,0.0,0.0,0.0,0.0,0.0,0.0,0.0,0.0,12
22500193,ORL,BOS,78.8,77.6,"('Goga Bitadze', 'Tyus Jones')",0.0,2,0,0,0,0,0,0,0,0,0,0,0.0,0.0,0.0,0.0,0.0,0.0,0.0,0.0,0.0,0.0,0.0,12
22500193,ORL,BOS,78.8,77.6,"('Jalen Suggs', 'Paolo Banchero')",0.0,2,0,0,0,0,0,0,0,0,0,0,0.0,0.0,0.0,0.0,0.0,0.0,0.0,0.0,0.0,0.0,0.0,12
22500193,ORL,BOS,78.8,77.6,"('Jalen Suggs', 'Tristan da Silva')",0.0,2,0,0,0,0,0,0,0,0,0,0,0.0,0.0,0.0,0.0,0.0,0.0,0.0,0.0,0.0,0.0,0.0,12
22500193,ORL,BOS,78.8,77.6,"('Jalen Suggs', 'Tyus Jones')",0.0,2,0,0,0,0,0,0,0,0,0,0,0.0,0.0,0.0,0.0,0.0,0.0,0.0,0.0,0.0,0.0,0.0,12
22500193,ORL,BOS,78.8,77.6,"('Paolo Banchero', 'Tristan da Silva')",0.0,2,0,0,0,0,0,0,0,0,0,0,0.0,0.0,0.0,0.0,0.0,0.0,0.0,0.0,0.0,0.0,0.0,12
22500193,ORL,BOS,78.8,77.6,"('Paolo Banchero', 'Tyus Jones')",0.0,2,0,0,0,0,0,0,0,0,0,0,0.0,0.0,0.0,0.0,0.0,0.0,0.0,0.0,0.0,0.0,0.0,12
22500193,ORL,BOS,78.8,77.6,"('Tristan da Silva', 'Tyus Jones')",0.0,2,0,0,0,0,0,0,0,0,0,0,0.0,0.0,0.0,0.0,0.0,0.0,0.0,0.0,0.0,0.0,0.0,12
22500193,ORL,BOS,80.2,77.2,"('Anthony Black', 'Desmond Bane')",1.8333333333333333,2,5,0,2,3,0,0,1,1,0,3,4.32,4.0,0.0,0.0,0.0,2.0,0.0,0.0,0.0,0.0,8.32,12
22500193,ORL,BOS,80.2,77.2,"('Anthony Black', 'Franz Wagner')",1.8333333333333333,2,5,0,2,3,0,0,1,1,0,3,4.32,4.0,0.0,0.0,0.0,2.0,0.0,0.0,0.0,0.0,8.32,12
22500193,ORL,BOS,80.2,77.2,"('Anthony Black', 'Tristan da Silva')",1.8333333333333333,2,5,0,2,3,0,0,1,1,0,3,4.32,4.0,0.0,0.0,0.0,2.0,0.0,0.0,0.0,0.0,8.32,12
22500193,ORL,BOS,80.2,77.2,"('Anthony Black', 'Wendell Carter Jr.')",1.8333333333333333,2,5,0,2,3,0,0,1,1,0,3,4.32,4.0,0.0,0.0,0.0,2.0,0.0,0.0,0.0,0.0,8.32,12
22500193,ORL,BOS,80.2,77.2,"('Desmond Bane', 'Franz Wagner')",1.8333333333333333,2,5,0,2,3,0,0,1,1,0,3,4.32,4.0,0.0,0.0,0.0,2.0,0.0,0.0,0.0,0.0,8.32,12
22500193,ORL,BOS,80.2,77.2,"('Desmond Bane', 'Tristan da Silva')",1.8333333333333333,2,5,0,2,3,0,0,1,1,0,3,4.32,4.0,0.0,0.0,0.0,2.0,0.0,0.0,0.0,0.0,8.32,12
22500193,ORL,BOS,80.2,77.2,"('Desmond Bane', 'Wendell Carter Jr.')",1.8333333333333333,2,5,0,2,3,0,0,1,1,0,3,4.32,4.0,0.0,0.0,0.0,2.0,0.0,0.0,0.0,0.0,8.32,12
22500193,ORL,BOS,80.2,77.2,"('Franz Wagner', 'Tristan da Silva')",1.8333333333333333,2,5,0,2,3,0,0,1,1,0,3,4.32,4.0,0.0,0.0,0.0,2.0,0.0,0.0,0.0,0.0,8.32,12
22500193,ORL,BOS,80.2,77.2,"('Franz Wagner', 'Wendell Carter Jr.')",1.8333333333333333,2,5,0,2,3,0,0,1,1,0,3,4.32,4.0,0.0,0.0,0.0,2.0,0.0,0.0,0.0,0.0,8.32,12
22500193,ORL,BOS,80.2,77.2,"('Tristan da Silva', 'Wendell Carter Jr.')",1.8333333333333333,2,5,0,2,3,0,0,1,1,0,3,4.32,4.0,0.0,0.0,0.0,2.0,0.0,0.0,0.0,0.0,8.32,12
22500193,ORL,BOS,80.0,76.8,"('Desmond Bane', 'Goga Bitadze')",2.383333333333333,2,3,2,2,1,1,0,2,1,0,2,4.44,5.0,0.0,0.0,0.0,2.0,2.0,0.0,0.0,2.0,9.44,12
22500193,ORL,BOS,80.0,76.8,"('Desmond Bane', 'Jalen Suggs')",2.383333333333333,2,3,2,2,1,1,0,2,1,0,2,4.44,5.0,0.0,0.0,0.0,2.0,2.0,0.0,0.0,2.0,9.44,12
22500193,ORL,BOS,80.0,76.8,"('Desmond Bane', 'Paolo Banchero')",2.383333333333333,2,3,2,2,1,1,0,2,1,0,2,4.44,5.0,0.0,0.0,0.0,2.0,2.0,0.0,0.0,2.0,9.44,12
22500193,ORL,BOS,80.0,76.8,"('Desmond Bane', 'Tristan da Silva')",2.383333333333333,2,3,2,2,1,1,0,2,1,0,2,4.44,5.0,0.0,0.0,0.0,2.0,2.0,0.0,0.0,2.0,9.44,12
22500193,ORL,BOS,80.0,76.8,"('Goga Bitadze', 'Jalen Suggs')",2.383333333333333,2,3,2,2,1,1,0,2,1,0,2,4.44,5.0,0.0,0.0,0.0,2.0,2.0,0.0,0.0,2.0,9.44,12
22500193,ORL,BOS,80.0,76.8,"('Goga Bitadze', 'Paolo Banchero')",2.383333333333333,2,3,2,2,1,1,0,2,1,0,2,4.44,5.0,0.0,0.0,0.0,2.0,2.0,0.0,0.0,2.0,9.44,12
22500193,ORL,BOS,80.0,76.8,"('Goga Bitadze', 'Tristan da Silva')",2.383333333333333,2,3,2,2,1,1,0,2,1,0,2,4.44,5.0,0.0,0.0,0.0,2.0,2.0,0.0,0.0,2.0,9.44,12
22500193,ORL,BOS,80.0,76.8,"('Jalen Suggs', 'Paolo Banchero')",2.383333333333333,2,3,2,2,1,1,0,2,1,0,2,4.44,5.0,0.0,0.0,0.0,2.0,2.0,0.0,0.0,2.0,9.44,12
22500193,ORL,BOS,80.0,76.8,"('Jalen Suggs', 'Tristan da Silva')",2.383333333333333,2,3,2,2,1,1,0,2,1,0,2,4.44,5.0,0.0,0.0,0.0,2.0,2.0,0.0,0.0,2.0,9.44,12
22500193,ORL,BOS,80.0,76.8,"('Paolo Banchero', 'Tristan da Silva')",2.383333333333333,2,3,2,2,1,1,0,2,1,0,2,4.44,5.0,0.0,0.0,0.0,2.0,2.0,0.0,0.0,2.0,9.44,12
22500193,ORL,BOS,79.6,77.6,"('Anthony Black', 'Desmond Bane')",0.5933333333333333,1,2,4,0,1,1,1,0,0,1,0,2.0,1.88,0.0,0.0,0.0,2.0,0.0,0.0,0.0,2.0,3.88,12
22500193,ORL,BOS,79.6,77.6,"('Anthony Black', 'Franz Wagner')",0.5933333333333333,1,2,4,0,1,1,1,0,0,1,0,2.0,1.88,0.0,0.0,0.0,2.0,0.0,0.0,0.0,2.0,3.88,12
22500193,ORL,BOS,79.6,77.6,"('Anthony Black', 'Jalen Suggs')",0.5933333333333333,1,2,4,0,1,1,1,0,0,1,0,2.0,1.88,0.0,0.0,0.0,2.0,0.0,0.0,0.0,2.0,3.88,12
22500193,ORL,BOS,79.6,77.6,"('Anthony Black', 'Wendell Carter Jr.')",0.5933333333333333,1,2,4,0,1,1,1,0,0,1,0,2.0,1.88,0.0,0.0,0.0,2.0,0.0,0.0,0.0,2.0,3.88,12
22500193,ORL,BOS,79.6,77.6,"('Desmond Bane', 'Franz Wagner')",0.5933333333333333,1,2,4,0,1,1,1,0,0,1,0,2.0,1.88,0.0,0.0,0.0,2.0,0.0,0.0,0.0,2.0,3.88,12
22500193,ORL,BOS,79.6,77.6,"('Desmond Bane', 'Jalen Suggs')",0.5933333333333333,1,2,4,0,1,1,1,0,0,1,0,2.0,1.88,0.0,0.0,0.0,2.0,0.0,0.0,0.0,2.0,3.88,12
22500193,ORL,BOS,79.6,77.6,"('Desmond Bane', 'Wendell Carter Jr.')",0.5933333333333333,1,2,4,0,1,1,1,0,0,1,0,2.0,1.88,0.0,0.0,0.0,2.0,0.0,0.0,0.0,2.0,3.88,12
22500193,ORL,BOS,79.6,77.6,"('Franz Wagner', 'Jalen Suggs')",0.5933333333333333,1,2,4,0,1,1,1,0,0,1,0,2.0,1.88,0.0,0.0,0.0,2.0,0.0,0.0,0.0,2.0,3.88,12
22500193,ORL,BOS,79.6,77.6,"('Franz Wagner', 'Wendell Carter Jr.')",0.5933333333333333,1,2,4,0,1,1,1,0,0,1,0,2.0,1.88,0.0,0.0,0.0,2.0,0.0,0.0,0.0,2.0,3.88,12
22500193,ORL,BOS,79.6,77.6,"('Jalen Suggs', 'Wendell Carter Jr.')",0.5933333333333333,1,2,4,0,1,1,1,0,0,1,0,2.0,1.88,0.0,0.0,0.0,2.0,0.0,0.0,0.0,2.0,3.88,12
22500193,ORL,BOS,79.4,77.6,"('Anthony Black', 'Franz Wagner')",2.1833333333333336,2,2,14,0,2,0,3,1,0,1,2,4.88,5.32,0.0,0.0,0.0,0.0,3.0,3.0,0.0,0.0,10.2,12
22500193,ORL,BOS,79.4,77.6,"('Anthony Black', 'Jonathan Isaac')",2.1833333333333336,2,2,14,0,2,0,3,1,0,1,2,4.88,5.32,0.0,0.0,0.0,0.0,3.0,3.0,0.0,0.0,10.2,12
22500193,ORL,BOS,79.4,77.6,"('Anthony Black', 'Tyus Jones')",2.1833333333333336,2,2,14,0,2,0,3,1,0,1,2,4.88,5.32,0.0,0.0,0.0,0.0,3.0,3.0,0.0,0.0,10.2,12
22500193,ORL,BOS,79.4,77.6,"('Anthony Black', 'Wendell Carter Jr.')",2.1833333333333336,2,2,14,0,2,0,3,1,0,1,2,4.88,5.32,0.0,0.0,0.0,0.0,3.0,3.0,0.0,0.0,10.2,12
22500193,ORL,BOS,79.4,77.6,"('Franz Wagner', 'Jonathan Isaac')",2.1833333333333336,2,2,14,0,2,0,3,1,0,1,2,4.88,5.32,0.0,0.0,0.0,0.0,3.0,3.0,0.0,0.0,10.2,12
22500193,ORL,BOS,79.4,77.6,"('Franz Wagner', 'Tyus Jones')",2.1833333333333336,2,2,14,0,2,0,3,1,0,1,2,4.88,5.32,0.0,0.0,0.0,0.0,3.0,3.0,0.0,0.0,10.2,12
22500193,ORL,BOS,79.4,77.6,"('Franz Wagner', 'Wendell Carter Jr.')",2.1833333333333336,2,2,14,0,2,0,3,1,0,1,2,4.88,5.32,0.0,0.0,0.0,0.0,3.0,3.0,0.0,0.0,10.2,12
22500193,ORL,BOS,79.4,77.6,"('Jonathan Isaac', 'Tyus Jones')",2.1833333333333336,2,2,14,0,2,0,3,1,0,1,2,4.88,5.32,0.0,0.0,0.0,0.0,3.0,3.0,0.0,0.0,10.2,12
22500193,ORL,BOS,79.4,77.6,"('Jonathan Isaac', 'Wendell Carter Jr.')",2.1833333333333336,2,2,14,0,2,0,3,1,0,1,2,4.88,5.32,0.0,0.0,0.0,0.0,3.0,3.0,0.0,0.0,10.2,12
22500193,ORL,BOS,79.4,77.6,"('Tyus Jones', 'Wendell Carter Jr.')",2.1833333333333336,2,2,14,0,2,0,3,1,0,1,2,4.88,5.32,0.0,0.0,0.0,0.0,3.0,3.0,0.0,0.0,10.2,12
22500193,ORL,BOS,80.8,78.0,"('Desmond Bane', 'Franz Wagner')",2.45,2,4,6,2,2,0,2,1,1,2,0,5.0,6.0,0.0,0.0,2.0,4.0,0.0,0.0,2.0,4.0,11.0,12
22500193,ORL,BOS,80.8,78.0,"('Desmond Bane', 'Paolo Banchero')",2.45,2,4,6,2,2,0,2,1,1,2,0,5.0,6.0,0.0,0.0,2.0,4.0,0.0,0.0,2.0,4.0,11.0,12
22500193,ORL,BOS,80.8,78.0,"('Desmond Bane', 'Tristan da Silva')",2.45,2,4,6,2,2,0,2,1,1,2,0,5.0,6.0,0.0,0.0,2.0,4.0,0.0,0.0,2.0,4.0,11.0,12
22500193,ORL,BOS,80.8,78.0,"('Desmond Bane', 'Wendell Carter Jr.')",2.45,2,4,6,2,2,0,2,1,1,2,0,5.0,6.0,0.0,0.0,2.0,4.0,0.0,0.0,2.0,4.0,11.0,12
22500193,ORL,BOS,80.8,78.0,"('Franz Wagner', 'Paolo Banchero')",2.45,2,4,6,2,2,0,2,1,1,2,0,5.0,6.0,0.0,0.0,2.0,4.0,0.0,0.0,2.0,4.0,11.0,12
22500193,ORL,BOS,80.8,78.0,"('Franz Wagner', 'Tristan da Silva')",2.45,2,4,6,2,2,0,2,1,1,2,0,5.0,6.0,0.0,0.0,2.0,4.0,0.0,0.0,2.0,4.0,11.0,12
22500193,ORL,BOS,80.8,78.0,"('Franz Wagner', 'Wendell Carter Jr.')",2.45,2,4,6,2,2,0,2,1,1,2,0,5.0,6.0,0.0,0.0,2.0,4.0,0.0,0.0,2.0,4.0,11.0,12
22500193,ORL,BOS,80.8,78.0,"('Paolo Banchero', 'Tristan da Silva')",2.45,2,4,6,2,2,0,2,1,1,2,0,5.0,6.0,0.0,0.0,2.0,4.0,0.0,0.0,2.0,4.0,11.0,12
22500193,ORL,BOS,80.8,78.0,"('Paolo Banchero', 'Wendell Carter Jr.')",2.45,2,4,6,2,2,0,2,1,1,2,0,5.0,6.0,0.0,0.0,2.0,4.0,0.0,0.0,2.0,4.0,11.0,12
22500193,ORL,BOS,80.8,78.0,"('Tristan da Silva', 'Wendell Carter Jr.')",2.45,2,4,6,2,2,0,2,1,1,2,0,5.0,6.0,0.0,0.0,2.0,4.0,0.0,0.0,2.0,4.0,11.0,12
22500193,ORL,BOS,80.2,78.2,"('Desmond Bane', 'Franz Wagner')",5.616666666666665,1,21,9,5,3,6,1,2,3,2,2,12.32,9.88,8.0,7.0,2.0,12.0,4.0,0.0,2.0,0.0,22.200000000000003,12
22500193,ORL,BOS,80.2,78.2,"('Desmond Bane', 'Jalen Suggs')",5.616666666666665,1,21,9,5,3,6,1,2,3,2,2,12.32,9.88,8.0,7.0,2.0,12.0,4.0,0.0,2.0,0.0,22.200000000000003,12
22500193,ORL,BOS,80.2,78.2,"('Desmond Bane', 'Paolo Banchero')",5.616666666666665,1,21,9,5,3,6,1,2,3,2,2,12.32,9.88,8.0,7.0,2.0,12.0,4.0,0.0,2.0,0.0,22.200000000000003,12
22500193,ORL,BOS,80.2,78.2,"('Desmond Bane', 'Wendell Carter Jr.')",5.616666666666665,1,21,9,5,3,6,1,2,3,2,2,12.32,9.88,8.0,7.0,2.0,12.0,4.0,0.0,2.0,0.0,22.200000000000003,12
22500193,ORL,BOS,80.2,78.2,"('Franz Wagner', 'Jalen Suggs')",5.616666666666665,1,21,9,5,3,6,1,2,3,2,2,12.32,9.88,8.0,7.0,2.0,12.0,4.0,0.0,2.0,0.0,22.200000000000003,12
22500193,ORL,BOS,80.2,78.2,"('Franz Wagner', 'Paolo Banchero')",5.616666666666665,1,21,9,5,3,6,1,2,3,2,2,12.32,9.88,8.0,7.0,2.0,12.0,4.0,0.0,2.0,0.0,22.200000000000003,12
22500193,ORL,BOS,80.2,78.2,"('Franz Wagner', 'Wendell Carter Jr.')",5.616666666666665,1,21,9,5,3,6,1,2,3,2,2,12.32,9.88,8.0,7.0,2.0,12.0,4.0,0.0,2.0,0.0,22.200000000000003,12
22500193,ORL,BOS,80.2,78.2,"('Jalen Suggs', 'Paolo Banchero')",5.616666666666665,1,21,9,5,3,6,1,2,3,2,2,12.32,9.88,8.0,7.0,2.0,12.0,4.0,0.0,2.0,0.0,22.200000000000003,12
22500193,ORL,BOS,80.2,78.2,"('Jalen Suggs', 'Wendell Carter Jr.')",5.616666666666665,1,21,9,5,3,6,1,2,3,2,2,12.32,9.88,8.0,7.0,2.0,12.0,4.0,0.0,2.0,0.0,22.200000000000003,12
22500193,ORL,BOS,80.2,78.2,"('Paolo Banchero', 'Wendell Carter Jr.')",5.616666666666665,1,21,9,5,3,6,1,2,3,2,2,12.32,9.88,8.0,7.0,2.0,12.0,4.0,0.0,2.0,0.0,22.200000000000003,12
22500193,ORL,BOS,79.8,76.4,"('Desmond Bane', 'Franz Wagner')",1.3166666666666669,2,5,0,2,1,2,0,0,0,1,0,3.0,2.0,0.0,0.0,0.0,2.0,0.0,0.0,0.0,0.0,5.0,12
22500193,ORL,BOS,79.8,76.4,"('Desmond Bane', 'Jalen Suggs')",1.3166666666666669,2,5,0,2,1,2,0,0,0,1,0,3.0,2.0,0.0,0.0,0.0,2.0,0.0,0.0,0.0,0.0,5.0,12
22500193,ORL,BOS,79.8,76.4,"('Desmond Bane', 'Paolo Banchero')",1.3166666666666669,2,5,0,2,1,2,0,0,0,1,0,3.0,2.0,0.0,0.0,0.0,2.0,0.0,0.0,0.0,0.0,5.0,12
22500193,ORL,BOS,79.8,76.4,"('Desmond Bane', 'Tristan da Silva')",1.3166666666666669,2,5,0,2,1,2,0,0,0,1,0,3.0,2.0,0.0,0.0,0.0,2.0,0.0,0.0,0.0,0.0,5.0,12
22500193,ORL,BOS,79.8,76.4,"('Franz Wagner', 'Jalen Suggs')",1.3166666666666669,2,5,0,2,1,2,0,0,0,1,0,3.0,2.0,0.0,0.0,0.0,2.0,0.0,0.0,0.0,0.0,5.0,12
22500193,ORL,BOS,79.8,76.4,"('Franz Wagner', 'Paolo Banchero')",1.3166666666666669,2,5,0,2,1,2,0,0,0,1,0,3.0,2.0,0.0,0.0,0.0,2.0,0.0,0.0,0.0,0.0,5.0,12
22500193,ORL,BOS,79.8,76.4,"('Franz Wagner', 'Tristan da Silva')",1.3166666666666669,2,5,0,2,1,2,0,0,0,1,0,3.0,2.0,0.0,0.0,0.0,2.0,0.0,0.0,0.0,0.0,5.0,12
22500193,ORL,BOS,79.8,76.4,"('Jalen Suggs', 'Paolo Banchero')",1.3166666666666669,2,5,0,2,1,2,0,0,0,1,0,3.0,2.0,0.0,0.0,0.0,2.0,0.0,0.0,0.0,0.0,5.0,12
22500193,ORL,BOS,79.8,76.4,"('Jalen Suggs', 'Tristan da Silva')",1.3166666666666669,2,5,0,2,1,2,0,0,0,1,0,3.0,2.0,0.0,0.0,0.0,2.0,0.0,0.0,0.0,0.0,5.0,12
22500193,ORL,BOS,79.8,76.4,"('Paolo Banchero', 'Tristan da Silva')",1.3166666666666669,2,5,0,2,1,2,0,0,0,1,0,3.0,2.0,0.0,0.0,0.0,2.0,0.0,0.0,0.0,0.0,5.0,12
22500200,ORL,POR,81.0,78.4,"('Anthony Black', 'Franz Wagner')",0.7166666666666667,4,1,4,0,2,0,1,0,1,1,0,2.44,3.0,0.0,0.0,0.0,0.0,0.0,0.0,0.0,4.0,5.44,13
22500200,ORL,POR,81.0,78.4,"('Anthony Black', 'Jett Howard')",0.7166666666666667,4,1,4,0,2,0,1,0,1,1,0,2.44,3.0,0.0,0.0,0.0,0.0,0.0,0.0,0.0,4.0,5.44,13
22500200,ORL,POR,81.0,78.4,"('Anthony Black', 'Paolo Banchero')",0.7166666666666667,4,1,4,0,2,0,1,0,1,1,0,2.44,3.0,0.0,0.0,0.0,0.0,0.0,0.0,0.0,4.0,5.44,13
22500200,ORL,POR,81.0,78.4,"('Anthony Black', 'Wendell Carter Jr.')",0.7166666666666667,4,1,4,0,2,0,1,0,1,1,0,2.44,3.0,0.0,0.0,0.0,0.0,0.0,0.0,0.0,4.0,5.44,13
22500200,ORL,POR,81.0,78.4,"('Franz Wagner', 'Jett Howard')",0.7166666666666667,4,1,4,0,2,0,1,0,1,1,0,2.44,3.0,0.0,0.0,0.0,0.0,0.0,0.0,0.0,4.0,5.44,13
22500200,ORL,POR,81.0,78.4,"('Franz Wagner', 'Paolo Banchero')",0.7166666666666667,4,1,4,0,2,0,1,0,1,1,0,2.44,3.0,0.0,0.0,0.0,0.0,0.0,0.0,0.0,4.0,5.44,13
22500200,ORL,POR,81.0,78.4,"('Franz Wagner', 'Wendell Carter Jr.')",0.7166666666666667,4,1,4,0,2,0,1,0,1,1,0,2.44,3.0,0.0,0.0,0.0,0.0,0.0,0.0,0.0,4.0,5.44,13
22500200,ORL,POR,81.0,78.4,"('Jett Howard', 'Paolo Banchero')",0.7166666666666667,4,1,4,0,2,0,1,0,1,1,0,2.44,3.0,0.0,0.0,0.0,0.0,0.0,0.0,0.0,4.0,5.44,13
22500200,ORL,POR,81.0,78.4,"('Jett Howard', 'Wendell Carter Jr.')",0.7166666666666667,4,1,4,0,2,0,1,0,1,1,0,2.44,3.0,0.0,0.0,0.0,0.0,0.0,0.0,0.0,4.0,5.44,13
22500200,ORL,POR,81.0,78.4,"('Paolo Banchero', 'Wendell Carter Jr.')",0.7166666666666667,4,1,4,0,2,0,1,0,1,1,0,2.44,3.0,0.0,0.0,0.0,0.0,0.0,0.0,0.0,4.0,5.44,13
22500200,ORL,POR,80.8,79.2,"('Anthony Black', 'Desmond Bane')",1.7000000000000002,4,1,6,1,1,0,2,1,0,2,0,3.44,3.44,0.0,0.0,0.0,0.0,3.0,0.0,0.0,2.0,6.88,13
22500200,ORL,POR,80.8,79.2,"('Anthony Black', 'Franz Wagner')",1.7000000000000002,4,1,6,1,1,0,2,1,0,2,0,3.44,3.44,0.0,0.0,0.0,0.0,3.0,0.0,0.0,2.0,6.88,13
22500200,ORL,POR,80.8,79.2,"('Anthony Black', 'Goga Bitadze')",1.7000000000000002,4,1,6,1,1,0,2,1,0,2,0,3.44,3.44,0.0,0.0,0.0,0.0,3.0,0.0,0.0,2.0,6.88,13
22500200,ORL,POR,80.8,79.2,"('Anthony Black', 'Paolo Banchero')",1.7000000000000002,4,1,6,1,1,0,2,1,0,2,0,3.44,3.44,0.0,0.0,0.0,0.0,3.0,0.0,0.0,2.0,6.88,13
22500200,ORL,POR,80.8,79.2,"('Desmond Bane', 'Franz Wagner')",1.7000000000000002,4,1,6,1,1,0,2,1,0,2,0,3.44,3.44,0.0,0.0,0.0,0.0,3.0,0.0,0.0,2.0,6.88,13
22500200,ORL,POR,80.8,79.2,"('Desmond Bane', 'Goga Bitadze')",1.7000000000000002,4,1,6,1,1,0,2,1,0,2,0,3.44,3.44,0.0,0.0,0.0,0.0,3.0,0.0,0.0,2.0,6.88,13
22500200,ORL,POR,80.8,79.2,"('Desmond Bane', 'Paolo Banchero')",1.7000000000000002,4,1,6,1,1,0,2,1,0,2,0,3.44,3.44,0.0,0.0,0.0,0.0,3.0,0.0,0.0,2.0,6.88,13
22500200,ORL,POR,80.8,79.2,"('Franz Wagner', 'Goga Bitadze')",1.7000000000000002,4,1,6,1,1,0,2,1,0,2,0,3.44,3.44,0.0,0.0,0.0,0.0,3.0,0.0,0.0,2.0,6.88,13
22500200,ORL,POR,80.8,79.2,"('Franz Wagner', 'Paolo Banchero')",1.7000000000000002,4,1,6,1,1,0,2,1,0,2,0,3.44,3.44,0.0,0.0,0.0,0.0,3.0,0.0,0.0,2.0,6.88,13
22500200,ORL,POR,80.8,79.2,"('Goga Bitadze', 'Paolo Banchero')",1.7000000000000002,4,1,6,1,1,0,2,1,0,2,0,3.44,3.44,0.0,0.0,0.0,0.0,3.0,0.0,0.0,2.0,6.88,13
22500200,ORL,POR,79.2,79.6,"('Desmond Bane', 'Franz Wagner')",3.433333333333332,2,8,5,6,2,2,0,2,0,3,3,7.32,5.32,0.0,0.0,0.0,2.0,2.0,0.0,0.0,2.0,12.64,13
22500200,ORL,POR,79.2,79.6,"('Desmond Bane', 'Jonathan Isaac')",3.433333333333332,2,8,5,6,2,2,0,2,0,3,3,7.32,5.32,0.0,0.0,0.0,2.0,2.0,0.0,0.0,2.0,12.64,13
22500200,ORL,POR,79.2,79.6,"('Desmond Bane', 'Tyus Jones')",3.433333333333332,2,8,5,6,2,2,0,2,0,3,3,7.32,5.32,0.0,0.0,0.0,2.0,2.0,0.0,0.0,2.0,12.64,13
22500200,ORL,POR,79.2,79.6,"('Desmond Bane', 'Wendell Carter Jr.')",3.433333333333332,2,8,5,6,2,2,0,2,0,3,3,7.32,5.32,0.0,0.0,0.0,2.0,2.0,0.0,0.0,2.0,12.64,13
22500200,ORL,POR,79.2,79.6,"('Franz Wagner', 'Jonathan Isaac')",3.433333333333332,2,8,5,6,2,2,0,2,0,3,3,7.32,5.32,0.0,0.0,0.0,2.0,2.0,0.0,0.0,2.0,12.64,13
22500200,ORL,POR,79.2,79.6,"('Franz Wagner', 'Tyus Jones')",3.433333333333332,2,8,5,6,2,2,0,2,0,3,3,7.32,5.32,0.0,0.0,0.0,2.0,2.0,0.0,0.0,2.0,12.64,13
22500200,ORL,POR,79.2,79.6,"('Franz Wagner', 'Wendell Carter Jr.')",3.433333333333332,2,8,5,6,2,2,0,2,0,3,3,7.32,5.32,0.0,0.0,0.0,2.0,2.0,0.0,0.0,2.0,12.64,13
22500200,ORL,POR,79.2,79.6,"('Jonathan Isaac', 'Tyus Jones')",3.433333333333332,2,8,5,6,2,2,0,2,0,3,3,7.32,5.32,0.0,0.0,0.0,2.0,2.0,0.0,0.0,2.0,12.64,13
22500200,ORL,POR,79.2,79.6,"('Jonathan Isaac', 'Wendell Carter Jr.')",3.433333333333332,2,8,5,6,2,2,0,2,0,3,3,7.32,5.32,0.0,0.0,0.0,2.0,2.0,0.0,0.0,2.0,12.64,13
22500200,ORL,POR,79.2,79.6,"('Tyus Jones', 'Wendell Carter Jr.')",3.433333333333332,2,8,5,6,2,2,0,2,0,3,3,7.32,5.32,0.0,0.0,0.0,2.0,2.0,0.0,0.0,2.0,12.64,13
22500200,ORL,POR,80.8,79.6,"('Desmond Bane', 'Franz Wagner')",3.533333333333333,4,10,10,2,2,3,2,0,2,0,1,6.44,7.0,2.0,5.0,2.0,4.0,0.0,2.0,0.0,4.0,13.44,13
22500200,ORL,POR,80.8,79.6,"('Desmond Bane', 'Jett Howard')",3.533333333333333,4,10,10,2,2,3,2,0,2,0,1,6.44,7.0,2.0,5.0,2.0,4.0,0.0,2.0,0.0,4.0,13.44,13
22500200,ORL,POR,80.8,79.6,"('Desmond Bane', 'Jonathan Isaac')",3.533333333333333,4,10,10,2,2,3,2,0,2,0,1,6.44,7.0,2.0,5.0,2.0,4.0,0.0,2.0,0.0,4.0,13.44,13
22500200,ORL,POR,80.8,79.6,"('Desmond Bane', 'Wendell Carter Jr.')",3.533333333333333,4,10,10,2,2,3,2,0,2,0,1,6.44,7.0,2.0,5.0,2.0,4.0,0.0,2.0,0.0,4.0,13.44,13
22500200,ORL,POR,80.8,79.6,"('Franz Wagner', 'Jett Howard')",3.533333333333333,4,10,10,2,2,3,2,0,2,0,1,6.44,7.0,2.0,5.0,2.0,4.0,0.0,2.0,0.0,4.0,13.44,13
22500200,ORL,POR,80.8,79.6,"('Franz Wagner', 'Jonathan Isaac')",3.533333333333333,4,10,10,2,2,3,2,0,2,0,1,6.44,7.0,2.0,5.0,2.0,4.0,0.0,2.0,0.0,4.0,13.44,13
22500200,ORL,POR,80.8,79.6,"('Franz Wagner', 'Wendell Carter Jr.')",3.533333333333333,4,10,10,2,2,3,2,0,2,0,1,6.44,7.0,2.0,5.0,2.0,4.0,0.0,2.0,0.0,4.0,13.44,13
22500200,ORL,POR,80.8,79.6,"('Jett Howard', 'Jonathan Isaac')",3.533333333333333,4,10,10,2,2,3,2,0,2,0,1,6.44,7.0,2.0,5.0,2.0,4.0,0.0,2.0,0.0,4.0,13.44,13
22500200,ORL,POR,80.8,79.6,"('Jett Howard', 'Wendell Carter Jr.')",3.533333333333333,4,10,10,2,2,3,2,0,2,0,1,6.44,7.0,2.0,5.0,2.0,4.0,0.0,2.0,0.0,4.0,13.44,13
22500200,ORL,POR,80.8,79.6,"('Jonathan Isaac', 'Wendell Carter Jr.')",3.533333333333333,4,10,10,2,2,3,2,0,2,0,1,6.44,7.0,2.0,5.0,2.0,4.0,0.0,2.0,0.0,4.0,13.44,13
22500200,ORL,POR,80.6,78.2,"('Anthony Black', 'Desmond Bane')",4.506666666666667,4,13,12,4,6,3,3,2,3,5,4,15.88,12.76,2.0,5.0,0.0,8.0,0.0,0.0,0.0,2.0,28.64,13
22500200,ORL,POR,80.6,78.2,"('Anthony Black', 'Franz Wagner')",4.506666666666667,4,13,12,4,6,3,3,2,3,5,4,15.88,12.76,2.0,5.0,0.0,8.0,0.0,0.0,0.0,2.0,28.64,13
22500200,ORL,POR,80.6,78.2,"('Anthony Black', 'Paolo Banchero')",4.506666666666667,4,13,12,4,6,3,3,2,3,5,4,15.88,12.76,2.0,5.0,0.0,8.0,0.0,0.0,0.0,2.0,28.64,13
22500200,ORL,POR,80.6,78.2,"('Anthony Black', 'Wendell Carter Jr.')",4.506666666666667,4,13,12,4,6,3,3,2,3,5,4,15.88,12.76,2.0,5.0,0.0,8.0,0.0,0.0,0.0,2.0,28.64,13
22500200,ORL,POR,80.6,78.2,"('Desmond Bane', 'Franz Wagner')",4.506666666666667,4,13,12,4,6,3,3,2,3,5,4,15.88,12.76,2.0,5.0,0.0,8.0,0.0,0.0,0.0,2.0,28.64,13
22500200,ORL,POR,80.6,78.2,"('Desmond Bane', 'Paolo Banchero')",4.506666666666667,4,13,12,4,6,3,3,2,3,5,4,15.88,12.76,2.0,5.0,0.0,8.0,0.0,0.0,0.0,2.0,28.64,13
22500200,ORL,POR,80.6,78.2,"('Desmond Bane', 'Wendell Carter Jr.')",4.506666666666667,4,13,12,4,6,3,3,2,3,5,4,15.88,12.76,2.0,5.0,0.0,8.0,0.0,0.0,0.0,2.0,28.64,13
22500200,ORL,POR,80.6,78.2,"('Franz Wagner', 'Paolo Banchero')",4.506666666666667,4,13,12,4,6,3,3,2,3,5,4,15.88,12.76,2.0,5.0,0.0,8.0,0.0,0.0,0.0,2.0,28.64,13
22500200,ORL,POR,80.6,78.2,"('Franz Wagner', 'Wendell Carter Jr.')",4.506666666666667,4,13,12,4,6,3,3,2,3,5,4,15.88,12.76,2.0,5.0,0.0,8.0,0.0,0.0,0.0,2.0,28.64,13
22500200,ORL,POR,80.6,78.2,"('Paolo Banchero', 'Wendell Carter Jr.')",4.506666666666667,4,13,12,4,6,3,3,2,3,5,4,15.88,12.76,2.0,5.0,0.0,8.0,0.0,0.0,0.0,2.0,28.64,13
22500200,ORL,POR,82.2,78.2,"('Franz Wagner', 'Goga Bitadze')",0.0,4,0,1,0,0,0,0,0,0,0,0,0.0,0.44,0.0,0.0,0.0,0.0,0.0,0.0,0.0,0.0,0.44,13
22500200,ORL,POR,82.2,78.2,"('Franz Wagner', 'Jonathan Isaac')",0.0,4,0,1,0,0,0,0,0,0,0,0,0.0,0.44,0.0,0.0,0.0,0.0,0.0,0.0,0.0,0.0,0.44,13
22500200,ORL,POR,82.2,78.2,"('Franz Wagner', 'Paolo Banchero')",0.0,4,0,1,0,0,0,0,0,0,0,0,0.0,0.44,0.0,0.0,0.0,0.0,0.0,0.0,0.0,0.0,0.44,13
22500200,ORL,POR,82.2,78.2,"('Franz Wagner', 'Wendell Carter Jr.')",0.0,4,0,1,0,0,0,0,0,0,0,0,0.0,0.44,0.0,0.0,0.0,0.0,0.0,0.0,0.0,0.0,0.44,13
22500200,ORL,POR,82.2,78.2,"('Goga Bitadze', 'Jonathan Isaac')",0.0,4,0,1,0,0,0,0,0,0,0,0,0.0,0.44,0.0,0.0,0.0,0.0,0.0,0.0,0.0,0.0,0.44,13
22500200,ORL,POR,82.2,78.2,"('Goga Bitadze', 'Paolo Banchero')",0.0,4,0,1,0,0,0,0,0,0,0,0,0.0,0.44,0.0,0.0,0.0,0.0,0.0,0.0,0.0,0.0,0.44,13
22500200,ORL,POR,82.2,78.2,"('Goga Bitadze', 'Wendell Carter Jr.')",0.0,4,0,1,0,0,0,0,0,0,0,0,0.0,0.44,0.0,0.0,0.0,0.0,0.0,0.0,0.0,0.0,0.44,13
22500200,ORL,POR,82.2,78.2,"('Jonathan Isaac', 'Paolo Banchero')",0.0,4,0,1,0,0,0,0,0,0,0,0,0.0,0.44,0.0,0.0,0.0,0.0,0.0,0.0,0.0,0.0,0.44,13
22500200,ORL,POR,82.2,78.2,"('Jonathan Isaac', 'Wendell Carter Jr.')",0.0,4,0,1,0,0,0,0,0,0,0,0,0.0,0.44,0.0,0.0,0.0,0.0,0.0,0.0,0.0,0.0,0.44,13
22500200,ORL,POR,82.2,78.2,"('Paolo Banchero', 'Wendell Carter Jr.')",0.0,4,0,1,0,0,0,0,0,0,0,0,0.0,0.44,0.0,0.0,0.0,0.0,0.0,0.0,0.0,0.0,0.44,13
22500200,ORL,POR,81.4,78.2,"('Anthony Black', 'Franz Wagner')",0.0433333333333333,4,0,0,0,0,0,0,0,1,0,0,0.0,1.0,0.0,0.0,0.0,0.0,0.0,0.0,0.0,0.0,1.0,13
22500200,ORL,POR,81.4,78.2,"('Anthony Black', 'Jonathan Isaac')",0.0433333333333333,4,0,0,0,0,0,0,0,1,0,0,0.0,1.0,0.0,0.0,0.0,0.0,0.0,0.0,0.0,0.0,1.0,13
22500200,ORL,POR,81.4,78.2,"('Anthony Black', 'Paolo Banchero')",0.0433333333333333,4,0,0,0,0,0,0,0,1,0,0,0.0,1.0,0.0,0.0,0.0,0.0,0.0,0.0,0.0,0.0,1.0,13
22500200,ORL,POR,81.4,78.2,"('Anthony Black', 'Wendell Carter Jr.')",0.0433333333333333,4,0,0,0,0,0,0,0,1,0,0,0.0,1.0,0.0,0.0,0.0,0.0,0.0,0.0,0.0,0.0,1.0,13
22500200,ORL,POR,81.4,78.2,"('Franz Wagner', 'Jonathan Isaac')",0.0433333333333333,4,0,0,0,0,0,0,0,1,0,0,0.0,1.0,0.0,0.0,0.0,0.0,0.0,0.0,0.0,0.0,1.0,13
22500200,ORL,POR,81.4,78.2,"('Franz Wagner', 'Paolo Banchero')",0.0433333333333333,4,0,0,0,0,0,0,0,1,0,0,0.0,1.0,0.0,0.0,0.0,0.0,0.0,0.0,0.0,0.0,1.0,13
22500200,ORL,POR,81.4,78.2,"('Franz Wagner', 'Wendell Carter Jr.')",0.0433333333333333,4,0,0,0,0,0,0,0,1,0,0,0.0,1.0,0.0,0.0,0.0,0.0,0.0,0.0,0.0,0.0,1.0,13
22500200,ORL,POR,81.4,78.2,"('Jonathan Isaac', 'Paolo Banchero')",0.0433333333333333,4,0,0,0,0,0,0,0,1,0,0,0.0,1.0,0.0,0.0,0.0,0.0,0.0,0.0,0.0,0.0,1.0,13
22500200,ORL,POR,81.4,78.2,"('Jonathan Isaac', 'Wendell Carter Jr.')",0.0433333333333333,4,0,0,0,0,0,0,0,1,0,0,0.0,1.0,0.0,0.0,0.0,0.0,0.0,0.0,0.0,0.0,1.0,13
22500200,ORL,POR,81.4,78.2,"('Paolo Banchero', 'Wendell Carter Jr.')",0.0433333333333333,4,0,0,0,0,0,0,0,1,0,0,0.0,1.0,0.0,0.0,0.0,0.0,0.0,0.0,0.0,0.0,1.0,13
22500200,ORL,POR,80.8,80.6,"('Anthony Black', 'Goga Bitadze')",2.1666666666666665,3,4,2,3,3,1,0,0,0,1,0,5.0,5.0,2.0,0.0,0.0,2.0,0.0,0.0,2.0,2.0,10.0,13
22500200,ORL,POR,80.8,80.6,"('Anthony Black', 'Jett Howard')",2.1666666666666665,3,4,2,3,3,1,0,0,0,1,0,5.0,5.0,2.0,0.0,0.0,2.0,0.0,0.0,2.0,2.0,10.0,13
22500200,ORL,POR,80.8,80.6,"('Anthony Black', 'Paolo Banchero')",2.1666666666666665,3,4,2,3,3,1,0,0,0,1,0,5.0,5.0,2.0,0.0,0.0,2.0,0.0,0.0,2.0,2.0,10.0,13
22500200,ORL,POR,80.8,80.6,"('Anthony Black', 'Tristan da Silva')",2.1666666666666665,3,4,2,3,3,1,0,0,0,1,0,5.0,5.0,2.0,0.0,0.0,2.0,0.0,0.0,2.0,2.0,10.0,13
22500200,ORL,POR,80.8,80.6,"('Goga Bitadze', 'Jett Howard')",2.1666666666666665,3,4,2,3,3,1,0,0,0,1,0,5.0,5.0,2.0,0.0,0.0,2.0,0.0,0.0,2.0,2.0,10.0,13
22500200,ORL,POR,80.8,80.6,"('Goga Bitadze', 'Paolo Banchero')",2.1666666666666665,3,4,2,3,3,1,0,0,0,1,0,5.0,5.0,2.0,0.0,0.0,2.0,0.0,0.0,2.0,2.0,10.0,13
22500200,ORL,POR,80.8,80.6,"('Goga Bitadze', 'Tristan da Silva')",2.1666666666666665,3,4,2,3,3,1,0,0,0,1,0,5.0,5.0,2.0,0.0,0.0,2.0,0.0,0.0,2.0,2.0,10.0,13
22500200,ORL,POR,80.8,80.6,"('Jett Howard', 'Paolo Banchero')",2.1666666666666665,3,4,2,3,3,1,0,0,0,1,0,5.0,5.0,2.0,0.0,0.0,2.0,0.0,0.0,2.0,2.0,10.0,13
22500200,ORL,POR,80.8,80.6,"('Jett Howard', 'Tristan da Silva')",2.1666666666666665,3,4,2,3,3,1,0,0,0,1,0,5.0,5.0,2.0,0.0,0.0,2.0,0.0,0.0,2.0,2.0,10.0,13
22500200,ORL,POR,80.8,80.6,"('Paolo Banchero', 'Tristan da Silva')",2.1666666666666665,3,4,2,3,3,1,0,0,0,1,0,5.0,5.0,2.0,0.0,0.0,2.0,0.0,0.0,2.0,2.0,10.0,13
22500200,ORL,POR,81.2,80.0,"('Anthony Black', 'Franz Wagner')",1.5500000000000005,3,3,2,3,2,1,0,0,0,1,0,4.0,3.88,0.0,0.0,0.0,0.0,0.0,0.0,0.0,0.0,7.88,13
22500200,ORL,POR,81.2,80.0,"('Anthony Black', 'Goga Bitadze')",1.5500000000000005,3,3,2,3,2,1,0,0,0,1,0,4.0,3.88,0.0,0.0,0.0,0.0,0.0,0.0,0.0,0.0,7.88,13
22500200,ORL,POR,81.2,80.0,"('Anthony Black', 'Paolo Banchero')",1.5500000000000005,3,3,2,3,2,1,0,0,0,1,0,4.0,3.88,0.0,0.0,0.0,0.0,0.0,0.0,0.0,0.0,7.88,13
22500200,ORL,POR,81.2,80.0,"('Anthony Black', 'Tristan da Silva')",1.5500000000000005,3,3,2,3,2,1,0,0,0,1,0,4.0,3.88,0.0,0.0,0.0,0.0,0.0,0.0,0.0,0.0,7.88,13
22500200,ORL,POR,81.2,80.0,"('Franz Wagner', 'Goga Bitadze')",1.5500000000000005,3,3,2,3,2,1,0,0,0,1,0,4.0,3.88,0.0,0.0,0.0,0.0,0.0,0.0,0.0,0.0,7.88,13
22500200,ORL,POR,81.2,80.0,"('Franz Wagner', 'Paolo Banchero')",1.5500000000000005,3,3,2,3,2,1,0,0,0,1,0,4.0,3.88,0.0,0.0,0.0,0.0,0.0,0.0,0.0,0.0,7.88,13
22500200,ORL,POR,81.2,80.0,"('Franz Wagner', 'Tristan da Silva')",1.5500000000000005,3,3,2,3,2,1,0,0,0,1,0,4.0,3.88,0.0,0.0,0.0,0.0,0.0,0.0,0.0,0.0,7.88,13
22500200,ORL,POR,81.2,80.0,"('Goga Bitadze', 'Paolo Banchero')",1.5500000000000005,3,3,2,3,2,1,0,0,0,1,0,4.0,3.88,0.0,0.0,0.0,0.0,0.0,0.0,0.0,0.0,7.88,13
22500200,ORL,POR,81.2,80.0,"('Goga Bitadze', 'Tristan da Silva')",1.5500000000000005,3,3,2,3,2,1,0,0,0,1,0,4.0,3.88,0.0,0.0,0.0,0.0,0.0,0.0,0.0,0.0,7.88,13
22500200,ORL,POR,81.2,80.0,"('Paolo Banchero', 'Tristan da Silva')",1.5500000000000005,3,3,2,3,2,1,0,0,0,1,0,4.0,3.88,0.0,0.0,0.0,0.0,0.0,0.0,0.0,0.0,7.88,13
22500200,ORL,POR,80.4,80.6,"('Desmond Bane', 'Jett Howard')",1.9733333333333327,3,5,2,2,2,2,0,1,0,0,1,3.44,3.88,0.0,0.0,0.0,0.0,0.0,0.0,0.0,0.0,7.32,13
22500200,ORL,POR,80.4,80.6,"('Desmond Bane', 'Jonathan Isaac')",1.9733333333333327,3,5,2,2,2,2,0,1,0,0,1,3.44,3.88,0.0,0.0,0.0,0.0,0.0,0.0,0.0,0.0,7.32,13
22500200,ORL,POR,80.4,80.6,"('Desmond Bane', 'Tristan da Silva')",1.9733333333333327,3,5,2,2,2,2,0,1,0,0,1,3.44,3.88,0.0,0.0,0.0,0.0,0.0,0.0,0.0,0.0,7.32,13
22500200,ORL,POR,80.4,80.6,"('Desmond Bane', 'Wendell Carter Jr.')",1.9733333333333327,3,5,2,2,2,2,0,1,0,0,1,3.44,3.88,0.0,0.0,0.0,0.0,0.0,0.0,0.0,0.0,7.32,13
22500200,ORL,POR,80.4,80.6,"('Jett Howard', 'Jonathan Isaac')",1.9733333333333327,3,5,2,2,2,2,0,1,0,0,1,3.44,3.88,0.0,0.0,0.0,0.0,0.0,0.0,0.0,0.0,7.32,13
22500200,ORL,POR,80.4,80.6,"('Jett Howard', 'Tristan da Silva')",1.9733333333333327,3,5,2,2,2,2,0,1,0,0,1,3.44,3.88,0.0,0.0,0.0,0.0,0.0,0.0,0.0,0.0,7.32,13
22500200,ORL,POR,80.4,80.6,"('Jett Howard', 'Wendell Carter Jr.')",1.9733333333333327,3,5,2,2,2,2,0,1,0,0,1,3.44,3.88,0.0,0.0,0.0,0.0,0.0,0.0,0.0,0.0,7.32,13
22500200,ORL,POR,80.4,80.6,"('Jonathan Isaac', 'Tristan da Silva')",1.9733333333333327,3,5,2,2,2,2,0,1,0,0,1,3.44,3.88,0.0,0.0,0.0,0.0,0.0,0.0,0.0,0.0,7.32,13
22500200,ORL,POR,80.4,80.6,"('Jonathan Isaac', 'Wendell Carter Jr.')",1.9733333333333327,3,5,2,2,2,2,0,1,0,0,1,3.44,3.88,0.0,0.0,0.0,0.0,0.0,0.0,0.0,0.0,7.32,13
22500200,ORL,POR,80.4,80.6,"('Tristan da Silva', 'Wendell Carter Jr.')",1.9733333333333327,3,5,2,2,2,2,0,1,0,0,1,3.44,3.88,0.0,0.0,0.0,0.0,0.0,0.0,0.0,0.0,7.32,13
22500200,ORL,POR,81.2,79.2,"('Anthony Black', 'Franz Wagner')",0.95,4,3,3,0,1,0,0,0,0,0,2,1.32,1.44,0.0,0.0,0.0,0.0,0.0,0.0,2.0,2.0,2.76,13
22500200,ORL,POR,81.2,79.2,"('Anthony Black', 'Goga Bitadze')",0.95,4,3,3,0,1,0,0,0,0,0,2,1.32,1.44,0.0,0.0,0.0,0.0,0.0,0.0,2.0,2.0,2.76,13
22500200,ORL,POR,81.2,79.2,"('Anthony Black', 'Jett Howard')",0.95,4,3,3,0,1,0,0,0,0,0,2,1.32,1.44,0.0,0.0,0.0,0.0,0.0,0.0,2.0,2.0,2.76,13
22500200,ORL,POR,81.2,79.2,"('Anthony Black', 'Paolo Banchero')",0.95,4,3,3,0,1,0,0,0,0,0,2,1.32,1.44,0.0,0.0,0.0,0.0,0.0,0.0,2.0,2.0,2.76,13
22500200,ORL,POR,81.2,79.2,"('Franz Wagner', 'Goga Bitadze')",0.95,4,3,3,0,1,0,0,0,0,0,2,1.32,1.44,0.0,0.0,0.0,0.0,0.0,0.0,2.0,2.0,2.76,13
22500200,ORL,POR,81.2,79.2,"('Franz Wagner', 'Jett Howard')",0.95,4,3,3,0,1,0,0,0,0,0,2,1.32,1.44,0.0,0.0,0.0,0.0,0.0,0.0,2.0,2.0,2.76,13
22500200,ORL,POR,81.2,79.2,"('Franz Wagner', 'Paolo Banchero')",0.95,4,3,3,0,1,0,0,0,0,0,2,1.32,1.44,0.0,0.0,0.0,0.0,0.0,0.0,2.0,2.0,2.76,13
22500200,ORL,POR,81.2,79.2,"('Goga Bitadze', 'Jett Howard')",0.95,4,3,3,0,1,0,0,0,0,0,2,1.32,1.44,0.0,0.0,0.0,0.0,0.0,0.0,2.0,2.0,2.76,13
22500200,ORL,POR,81.2,79.2,"('Goga Bitadze', 'Paolo Banchero')",0.95,4,3,3,0,1,0,0,0,0,0,2,1.32,1.44,0.0,0.0,0.0,0.0,0.0,0.0,2.0,2.0,2.76,13
22500200,ORL,POR,81.2,79.2,"('Jett Howard', 'Paolo Banchero')",0.95,4,3,3,0,1,0,0,0,0,0,2,1.32,1.44,0.0,0.0,0.0,0.0,0.0,0.0,2.0,2.0,2.76,13
22500200,ORL,POR,80.6,78.2,"('Anthony Black', 'Desmond Bane')",0.5133333333333334,2,1,2,0,0,0,0,0,0,0,0,1.44,1.0,0.0,0.0,0.0,0.0,0.0,0.0,0.0,2.0,2.44,13
22500200,ORL,POR,80.6,78.2,"('Anthony Black', 'Franz Wagner')",0.5133333333333334,2,1,2,0,0,0,0,0,0,0,0,1.44,1.0,0.0,0.0,0.0,0.0,0.0,0.0,0.0,2.0,2.44,13
22500200,ORL,POR,80.6,78.2,"('Anthony Black', 'Jonathan Isaac')",0.5133333333333334,2,1,2,0,0,0,0,0,0,0,0,1.44,1.0,0.0,0.0,0.0,0.0,0.0,0.0,0.0,2.0,2.44,13
22500200,ORL,POR,80.6,78.2,"('Anthony Black', 'Paolo Banchero')",0.5133333333333334,2,1,2,0,0,0,0,0,0,0,0,1.44,1.0,0.0,0.0,0.0,0.0,0.0,0.0,0.0,2.0,2.44,13
22500200,ORL,POR,80.6,78.2,"('Desmond Bane', 'Franz Wagner')",0.5133333333333334,2,1,2,0,0,0,0,0,0,0,0,1.44,1.0,0.0,0.0,0.0,0.0,0.0,0.0,0.0,2.0,2.44,13
22500200,ORL,POR,80.6,78.2,"('Desmond Bane', 'Jonathan Isaac')",0.5133333333333334,2,1,2,0,0,0,0,0,0,0,0,1.44,1.0,0.0,0.0,0.0,0.0,0.0,0.0,0.0,2.0,2.44,13
22500200,ORL,POR,80.6,78.2,"('Desmond Bane', 'Paolo Banchero')",0.5133333333333334,2,1,2,0,0,0,0,0,0,0,0,1.44,1.0,0.0,0.0,0.0,0.0,0.0,0.0,0.0,2.0,2.44,13
22500200,ORL,POR,80.6,78.2,"('Franz Wagner', 'Jonathan Isaac')",0.5133333333333334,2,1,2,0,0,0,0,0,0,0,0,1.44,1.0,0.0,0.0,0.0,0.0,0.0,0.0,0.0,2.0,2.44,13
22500200,ORL,POR,80.6,78.2,"('Franz Wagner', 'Paolo Banchero')",0.5133333333333334,2,1,2,0,0,0,0,0,0,0,0,1.44,1.0,0.0,0.0,0.0,0.0,0.0,0.0,0.0,2.0,2.44,13
22500200,ORL,POR,80.6,78.2,"('Jonathan Isaac', 'Paolo Banchero')",0.5133333333333334,2,1,2,0,0,0,0,0,0,0,0,1.44,1.0,0.0,0.0,0.0,0.0,0.0,0.0,0.0,2.0,2.44,13
22500200,ORL,POR,80.8,79.0,"('Anthony Black', 'Goga Bitadze')",2.7,1,3,6,2,3,1,2,0,0,1,1,5.44,4.44,0.0,0.0,0.0,2.0,0.0,0.0,0.0,2.0,9.88,13
22500200,ORL,POR,80.8,79.0,"('Anthony Black', 'Jett Howard')",2.7,1,3,6,2,3,1,2,0,0,1,1,5.44,4.44,0.0,0.0,0.0,2.0,0.0,0.0,0.0,2.0,9.88,13
22500200,ORL,POR,80.8,79.0,"('Anthony Black', 'Paolo Banchero')",2.7,1,3,6,2,3,1,2,0,0,1,1,5.44,4.44,0.0,0.0,0.0,2.0,0.0,0.0,0.0,2.0,9.88,13
22500200,ORL,POR,80.8,79.0,"('Anthony Black', 'Tristan da Silva')",2.7,1,3,6,2,3,1,2,0,0,1,1,5.44,4.44,0.0,0.0,0.0,2.0,0.0,0.0,0.0,2.0,9.88,13
22500200,ORL,POR,80.8,79.0,"('Goga Bitadze', 'Jett Howard')",2.7,1,3,6,2,3,1,2,0,0,1,1,5.44,4.44,0.0,0.0,0.0,2.0,0.0,0.0,0.0,2.0,9.88,13
22500200,ORL,POR,80.8,79.0,"('Goga Bitadze', 'Paolo Banchero')",2.7,1,3,6,2,3,1,2,0,0,1,1,5.44,4.44,0.0,0.0,0.0,2.0,0.0,0.0,0.0,2.0,9.88,13
22500200,ORL,POR,80.8,79.0,"('Goga Bitadze', 'Tristan da Silva')",2.7,1,3,6,2,3,1,2,0,0,1,1,5.44,4.44,0.0,0.0,0.0,2.0,0.0,0.0,0.0,2.0,9.88,13
22500200,ORL,POR,80.8,79.0,"('Jett Howard', 'Paolo Banchero')",2.7,1,3,6,2,3,1,2,0,0,1,1,5.44,4.44,0.0,0.0,0.0,2.0,0.0,0.0,0.0,2.0,9.88,13
22500200,ORL,POR,80.8,79.0,"('Jett Howard', 'Tristan da Silva')",2.7,1,3,6,2,3,1,2,0,0,1,1,5.44,4.44,0.0,0.0,0.0,2.0,0.0,0.0,0.0,2.0,9.88,13
22500200,ORL,POR,80.8,79.0,"('Paolo Banchero', 'Tristan da Silva')",2.7,1,3,6,2,3,1,2,0,0,1,1,5.44,4.44,0.0,0.0,0.0,2.0,0.0,0.0,0.0,2.0,9.88,13
22500200,ORL,POR,80.2,80.0,"('Anthony Black', 'Desmond Bane')",2.533333333333333,1,4,2,4,3,2,1,0,0,1,1,6.0,5.0,2.0,0.0,0.0,4.0,0.0,0.0,0.0,2.0,11.0,13
22500200,ORL,POR,80.2,80.0,"('Anthony Black', 'Paolo Banchero')",2.533333333333333,1,4,2,4,3,2,1,0,0,1,1,6.0,5.0,2.0,0.0,0.0,4.0,0.0,0.0,0.0,2.0,11.0,13
22500200,ORL,POR,80.2,80.0,"('Anthony Black', 'Tristan da Silva')",2.533333333333333,1,4,2,4,3,2,1,0,0,1,1,6.0,5.0,2.0,0.0,0.0,4.0,0.0,0.0,0.0,2.0,11.0,13
22500200,ORL,POR,80.2,80.0,"('Anthony Black', 'Wendell Carter Jr.')",2.533333333333333,1,4,2,4,3,2,1,0,0,1,1,6.0,5.0,2.0,0.0,0.0,4.0,0.0,0.0,0.0,2.0,11.0,13
22500200,ORL,POR,80.2,80.0,"('Desmond Bane', 'Paolo Banchero')",2.533333333333333,1,4,2,4,3,2,1,0,0,1,1,6.0,5.0,2.0,0.0,0.0,4.0,0.0,0.0,0.0,2.0,11.0,13
22500200,ORL,POR,80.2,80.0,"('Desmond Bane', 'Tristan da Silva')",2.533333333333333,1,4,2,4,3,2,1,0,0,1,1,6.0,5.0,2.0,0.0,0.0,4.0,0.0,0.0,0.0,2.0,11.0,13
22500200,ORL,POR,80.2,80.0,"('Desmond Bane', 'Wendell Carter Jr.')",2.533333333333333,1,4,2,4,3,2,1,0,0,1,1,6.0,5.0,2.0,0.0,0.0,4.0,0.0,0.0,0.0,2.0,11.0,13
22500200,ORL,POR,80.2,80.0,"('Paolo Banchero', 'Tristan da Silva')",2.533333333333333,1,4,2,4,3,2,1,0,0,1,1,6.0,5.0,2.0,0.0,0.0,4.0,0.0,0.0,0.0,2.0,11.0,13
22500200,ORL,POR,80.2,80.0,"('Paolo Banchero', 'Wendell Carter Jr.')",2.533333333333333,1,4,2,4,3,2,1,0,0,1,1,6.0,5.0,2.0,0.0,0.0,4.0,0.0,0.0,0.0,2.0,11.0,13
22500200,ORL,POR,80.2,80.0,"('Tristan da Silva', 'Wendell Carter Jr.')",2.533333333333333,1,4,2,4,3,2,1,0,0,1,1,6.0,5.0,2.0,0.0,0.0,4.0,0.0,0.0,0.0,2.0,11.0,13
22500200,ORL,POR,79.4,80.2,"('Anthony Black', 'Franz Wagner')",0.5833333333333333,2,1,2,1,0,0,1,0,0,0,1,0.44,1.0,0.0,0.0,0.0,0.0,0.0,0.0,0.0,2.0,1.44,13
22500200,ORL,POR,79.4,80.2,"('Anthony Black', 'Jonathan Isaac')",0.5833333333333333,2,1,2,1,0,0,1,0,0,0,1,0.44,1.0,0.0,0.0,0.0,0.0,0.0,0.0,0.0,2.0,1.44,13
22500200,ORL,POR,79.4,80.2,"('Anthony Black', 'Tyus Jones')",0.5833333333333333,2,1,2,1,0,0,1,0,0,0,1,0.44,1.0,0.0,0.0,0.0,0.0,0.0,0.0,0.0,2.0,1.44,13
22500200,ORL,POR,79.4,80.2,"('Anthony Black', 'Wendell Carter Jr.')",0.5833333333333333,2,1,2,1,0,0,1,0,0,0,1,0.44,1.0,0.0,0.0,0.0,0.0,0.0,0.0,0.0,2.0,1.44,13
22500200,ORL,POR,79.4,80.2,"('Franz Wagner', 'Jonathan Isaac')",0.5833333333333333,2,1,2,1,0,0,1,0,0,0,1,0.44,1.0,0.0,0.0,0.0,0.0,0.0,0.0,0.0,2.0,1.44,13
22500200,ORL,POR,79.4,80.2,"('Franz Wagner', 'Tyus Jones')",0.5833333333333333,2,1,2,1,0,0,1,0,0,0,1,0.44,1.0,0.0,0.0,0.0,0.0,0.0,0.0,0.0,2.0,1.44,13
22500200,ORL,POR,79.4,80.2,"('Franz Wagner', 'Wendell Carter Jr.')",0.5833333333333333,2,1,2,1,0,0,1,0,0,0,1,0.44,1.0,0.0,0.0,0.0,0.0,0.0,0.0,0.0,2.0,1.44,13
22500200,ORL,POR,79.4,80.2,"('Jonathan Isaac', 'Tyus Jones')",0.5833333333333333,2,1,2,1,0,0,1,0,0,0,1,0.44,1.0,0.0,0.0,0.0,0.0,0.0,0.0,0.0,2.0,1.44,13
22500200,ORL,POR,79.4,80.2,"('Jonathan Isaac', 'Wendell Carter Jr.')",0.5833333333333333,2,1,2,1,0,0,1,0,0,0,1,0.44,1.0,0.0,0.0,0.0,0.0,0.0,0.0,0.0,2.0,1.44,13
22500200,ORL,POR,79.4,80.2,"('Tyus Jones', 'Wendell Carter Jr.')",0.5833333333333333,2,1,2,1,0,0,1,0,0,0,1,0.44,1.0,0.0,0.0,0.0,0.0,0.0,0.0,0.0,2.0,1.44,13
22500200,ORL,POR,80.6,79.6,"('Anthony Black', 'Desmond Bane')",2.7166666666666663,1,4,10,2,4,1,3,1,0,0,1,5.0,6.0,0.0,0.0,0.0,2.0,0.0,0.0,5.0,2.0,11.0,13
22500200,ORL,POR,80.6,79.6,"('Anthony Black', 'Franz Wagner')",2.7166666666666663,1,4,10,2,4,1,3,1,0,0,1,5.0,6.0,0.0,0.0,0.0,2.0,0.0,0.0,5.0,2.0,11.0,13
22500200,ORL,POR,80.6,79.6,"('Anthony Black', 'Paolo Banchero')",2.7166666666666663,1,4,10,2,4,1,3,1,0,0,1,5.0,6.0,0.0,0.0,0.0,2.0,0.0,0.0,5.0,2.0,11.0,13
22500200,ORL,POR,80.6,79.6,"('Anthony Black', 'Wendell Carter Jr.')",2.7166666666666663,1,4,10,2,4,1,3,1,0,0,1,5.0,6.0,0.0,0.0,0.0,2.0,0.0,0.0,5.0,2.0,11.0,13
22500200,ORL,POR,80.6,79.6,"('Desmond Bane', 'Franz Wagner')",2.7166666666666663,1,4,10,2,4,1,3,1,0,0,1,5.0,6.0,0.0,0.0,0.0,2.0,0.0,0.0,5.0,2.0,11.0,13
22500200,ORL,POR,80.6,79.6,"('Desmond Bane', 'Paolo Banchero')",2.7166666666666663,1,4,10,2,4,1,3,1,0,0,1,5.0,6.0,0.0,0.0,0.0,2.0,0.0,0.0,5.0,2.0,11.0,13
22500200,ORL,POR,80.6,79.6,"('Desmond Bane', 'Wendell Carter Jr.')",2.7166666666666663,1,4,10,2,4,1,3,1,0,0,1,5.0,6.0,0.0,0.0,0.0,2.0,0.0,0.0,5.0,2.0,11.0,13
22500200,ORL,POR,80.6,79.6,"('Franz Wagner', 'Paolo Banchero')",2.7166666666666663,1,4,10,2,4,1,3,1,0,0,1,5.0,6.0,0.0,0.0,0.0,2.0,0.0,0.0,5.0,2.0,11.0,13
22500200,ORL,POR,80.6,79.6,"('Franz Wagner', 'Wendell Carter Jr.')",2.7166666666666663,1,4,10,2,4,1,3,1,0,0,1,5.0,6.0,0.0,0.0,0.0,2.0,0.0,0.0,5.0,2.0,11.0,13
22500200,ORL,POR,80.6,79.6,"('Paolo Banchero', 'Wendell Carter Jr.')",2.7166666666666663,1,4,10,2,4,1,3,1,0,0,1,5.0,6.0,0.0,0.0,0.0,2.0,0.0,0.0,5.0,2.0,11.0,13
22500200,ORL,POR,80.8,80.0,"('Desmond Bane', 'Franz Wagner')",2.31,1,7,6,4,1,1,0,0,0,0,2,6.32,4.0,0.0,0.0,2.0,4.0,0.0,2.0,0.0,4.0,10.32,13
22500200,ORL,POR,80.8,80.0,"('Desmond Bane', 'Jett Howard')",2.31,1,7,6,4,1,1,0,0,0,0,2,6.32,4.0,0.0,0.0,2.0,4.0,0.0,2.0,0.0,4.0,10.32,13
22500200,ORL,POR,80.8,80.0,"('Desmond Bane', 'Jonathan Isaac')",2.31,1,7,6,4,1,1,0,0,0,0,2,6.32,4.0,0.0,0.0,2.0,4.0,0.0,2.0,0.0,4.0,10.32,13
22500200,ORL,POR,80.8,80.0,"('Desmond Bane', 'Wendell Carter Jr.')",2.31,1,7,6,4,1,1,0,0,0,0,2,6.32,4.0,0.0,0.0,2.0,4.0,0.0,2.0,0.0,4.0,10.32,13
22500200,ORL,POR,80.8,80.0,"('Franz Wagner', 'Jett Howard')",2.31,1,7,6,4,1,1,0,0,0,0,2,6.32,4.0,0.0,0.0,2.0,4.0,0.0,2.0,0.0,4.0,10.32,13
22500200,ORL,POR,80.8,80.0,"('Franz Wagner', 'Jonathan Isaac')",2.31,1,7,6,4,1,1,0,0,0,0,2,6.32,4.0,0.0,0.0,2.0,4.0,0.0,2.0,0.0,4.0,10.32,13
22500200,ORL,POR,80.8,80.0,"('Franz Wagner', 'Wendell Carter Jr.')",2.31,1,7,6,4,1,1,0,0,0,0,2,6.32,4.0,0.0,0.0,2.0,4.0,0.0,2.0,0.0,4.0,10.32,13
22500200,ORL,POR,80.8,80.0,"('Jett Howard', 'Jonathan Isaac')",2.31,1,7,6,4,1,1,0,0,0,0,2,6.32,4.0,0.0,0.0,2.0,4.0,0.0,2.0,0.0,4.0,10.32,13
22500200,ORL,POR,80.8,80.0,"('Jett Howard', 'Wendell Carter Jr.')",2.31,1,7,6,4,1,1,0,0,0,0,2,6.32,4.0,0.0,0.0,2.0,4.0,0.0,2.0,0.0,4.0,10.32,13
22500200,ORL,POR,80.8,80.0,"('Jonathan Isaac', 'Wendell Carter Jr.')",2.31,1,7,6,4,1,1,0,0,0,0,2,6.32,4.0,0.0,0.0,2.0,4.0,0.0,2.0,0.0,4.0,10.32,13
22500200,ORL,POR,81.2,79.6,"('Anthony Black', 'Franz Wagner')",1.3,1,8,0,3,0,2,0,1,0,0,0,4.0,4.0,0.0,0.0,0.0,2.0,0.0,0.0,0.0,0.0,8.0,13
22500200,ORL,POR,81.2,79.6,"('Anthony Black', 'Goga Bitadze')",1.3,1,8,0,3,0,2,0,1,0,0,0,4.0,4.0,0.0,0.0,0.0,2.0,0.0,0.0,0.0,0.0,8.0,13
22500200,ORL,POR,81.2,79.6,"('Anthony Black', 'Jett Howard')",1.3,1,8,0,3,0,2,0,1,0,0,0,4.0,4.0,0.0,0.0,0.0,2.0,0.0,0.0,0.0,0.0,8.0,13
22500200,ORL,POR,81.2,79.6,"('Anthony Black', 'Paolo Banchero')",1.3,1,8,0,3,0,2,0,1,0,0,0,4.0,4.0,0.0,0.0,0.0,2.0,0.0,0.0,0.0,0.0,8.0,13
22500200,ORL,POR,81.2,79.6,"('Franz Wagner', 'Goga Bitadze')",1.3,1,8,0,3,0,2,0,1,0,0,0,4.0,4.0,0.0,0.0,0.0,2.0,0.0,0.0,0.0,0.0,8.0,13
22500200,ORL,POR,81.2,79.6,"('Franz Wagner', 'Jett Howard')",1.3,1,8,0,3,0,2,0,1,0,0,0,4.0,4.0,0.0,0.0,0.0,2.0,0.0,0.0,0.0,0.0,8.0,13
22500200,ORL,POR,81.2,79.6,"('Franz Wagner', 'Paolo Banchero')",1.3,1,8,0,3,0,2,0,1,0,0,0,4.0,4.0,0.0,0.0,0.0,2.0,0.0,0.0,0.0,0.0,8.0,13
22500200,ORL,POR,81.2,79.6,"('Goga Bitadze', 'Jett Howard')",1.3,1,8,0,3,0,2,0,1,0,0,0,4.0,4.0,0.0,0.0,0.0,2.0,0.0,0.0,0.0,0.0,8.0,13
22500200,ORL,POR,81.2,79.6,"('Goga Bitadze', 'Paolo Banchero')",1.3,1,8,0,3,0,2,0,1,0,0,0,4.0,4.0,0.0,0.0,0.0,2.0,0.0,0.0,0.0,0.0,8.0,13
22500200,ORL,POR,81.2,79.6,"('Jett Howard', 'Paolo Banchero')",1.3,1,8,0,3,0,2,0,1,0,0,0,4.0,4.0,0.0,0.0,0.0,2.0,0.0,0.0,0.0,0.0,8.0,13
22500200,ORL,POR,80.8,78.8,"('Desmond Bane', 'Franz Wagner')",0.7949999999999999,3,4,3,1,0,1,1,0,0,0,0,1.44,2.0,0.0,0.0,0.0,0.0,0.0,0.0,0.0,0.0,3.44,13
22500200,ORL,POR,80.8,78.8,"('Desmond Bane', 'Jett Howard')",0.7949999999999999,3,4,3,1,0,1,1,0,0,0,0,1.44,2.0,0.0,0.0,0.0,0.0,0.0,0.0,0.0,0.0,3.44,13
22500200,ORL,POR,80.8,78.8,"('Desmond Bane', 'Jonathan Isaac')",0.7949999999999999,3,4,3,1,0,1,1,0,0,0,0,1.44,2.0,0.0,0.0,0.0,0.0,0.0,0.0,0.0,0.0,3.44,13
22500200,ORL,POR,80.8,78.8,"('Desmond Bane', 'Wendell Carter Jr.')",0.7949999999999999,3,4,3,1,0,1,1,0,0,0,0,1.44,2.0,0.0,0.0,0.0,0.0,0.0,0.0,0.0,0.0,3.44,13
22500200,ORL,POR,80.8,78.8,"('Franz Wagner', 'Jett Howard')",0.7949999999999999,3,4,3,1,0,1,1,0,0,0,0,1.44,2.0,0.0,0.0,0.0,0.0,0.0,0.0,0.0,0.0,3.44,13
22500200,ORL,POR,80.8,78.8,"('Franz Wagner', 'Jonathan Isaac')",0.7949999999999999,3,4,3,1,0,1,1,0,0,0,0,1.44,2.0,0.0,0.0,0.0,0.0,0.0,0.0,0.0,0.0,3.44,13
22500200,ORL,POR,80.8,78.8,"('Franz Wagner', 'Wendell Carter Jr.')",0.7949999999999999,3,4,3,1,0,1,1,0,0,0,0,1.44,2.0,0.0,0.0,0.0,0.0,0.0,0.0,0.0,0.0,3.44,13
22500200,ORL,POR,80.8,78.8,"('Jett Howard', 'Jonathan Isaac')",0.7949999999999999,3,4,3,1,0,1,1,0,0,0,0,1.44,2.0,0.0,0.0,0.0,0.0,0.0,0.0,0.0,0.0,3.44,13
22500200,ORL,POR,80.8,78.8,"('Jett Howard', 'Wendell Carter Jr.')",0.7949999999999999,3,4,3,1,0,1,1,0,0,0,0,1.44,2.0,0.0,0.0,0.0,0.0,0.0,0.0,0.0,0.0,3.44,13
22500200,ORL,POR,80.8,78.8,"('Jonathan Isaac', 'Wendell Carter Jr.')",0.7949999999999999,3,4,3,1,0,1,1,0,0,0,0,1.44,2.0,0.0,0.0,0.0,0.0,0.0,0.0,0.0,0.0,3.44,13
22500200,ORL,POR,80.6,79.6,"('Anthony Black', 'Desmond Bane')",5.083333333333333,3,12,11,7,3,3,2,2,0,4,1,10.44,10.44,3.0,0.0,4.0,4.0,2.0,2.0,2.0,10.0,20.88,13
22500200,ORL,POR,80.6,79.6,"('Anthony Black', 'Franz Wagner')",5.083333333333333,3,12,11,7,3,3,2,2,0,4,1,10.44,10.44,3.0,0.0,4.0,4.0,2.0,2.0,2.0,10.0,20.88,13
22500200,ORL,POR,80.6,79.6,"('Anthony Black', 'Paolo Banchero')",5.083333333333333,3,12,11,7,3,3,2,2,0,4,1,10.44,10.44,3.0,0.0,4.0,4.0,2.0,2.0,2.0,10.0,20.88,13
22500200,ORL,POR,80.6,79.6,"('Anthony Black', 'Wendell Carter Jr.')",5.083333333333333,3,12,11,7,3,3,2,2,0,4,1,10.44,10.44,3.0,0.0,4.0,4.0,2.0,2.0,2.0,10.0,20.88,13
22500200,ORL,POR,80.6,79.6,"('Desmond Bane', 'Franz Wagner')",5.083333333333333,3,12,11,7,3,3,2,2,0,4,1,10.44,10.44,3.0,0.0,4.0,4.0,2.0,2.0,2.0,10.0,20.88,13
22500200,ORL,POR,80.6,79.6,"('Desmond Bane', 'Paolo Banchero')",5.083333333333333,3,12,11,7,3,3,2,2,0,4,1,10.44,10.44,3.0,0.0,4.0,4.0,2.0,2.0,2.0,10.0,20.88,13
22500200,ORL,POR,80.6,79.6,"('Desmond Bane', 'Wendell Carter Jr.')",5.083333333333333,3,12,11,7,3,3,2,2,0,4,1,10.44,10.44,3.0,0.0,4.0,4.0,2.0,2.0,2.0,10.0,20.88,13
22500200,ORL,POR,80.6,79.6,"('Franz Wagner', 'Paolo Banchero')",5.083333333333333,3,12,11,7,3,3,2,2,0,4,1,10.44,10.44,3.0,0.0,4.0,4.0,2.0,2.0,2.0,10.0,20.88,13
22500200,ORL,POR,80.6,79.6,"('Franz Wagner', 'Wendell Carter Jr.')",5.083333333333333,3,12,11,7,3,3,2,2,0,4,1,10.44,10.44,3.0,0.0,4.0,4.0,2.0,2.0,2.0,10.0,20.88,13
22500200,ORL,POR,80.6,79.6,"('Paolo Banchero', 'Wendell Carter Jr.')",5.083333333333333,3,12,11,7,3,3,2,2,0,4,1,10.44,10.44,3.0,0.0,4.0,4.0,2.0,2.0,2.0,10.0,20.88,13
22500200,ORL,POR,80.8,79.8,"('Anthony Black', 'Goga Bitadze')",1.766666666666667,2,4,7,2,1,0,1,1,0,1,1,3.88,4.44,0.0,0.0,0.0,0.0,0.0,0.0,0.0,0.0,8.32,13
22500200,ORL,POR,80.8,79.8,"('Anthony Black', 'Jett Howard')",1.766666666666667,2,4,7,2,1,0,1,1,0,1,1,3.88,4.44,0.0,0.0,0.0,0.0,0.0,0.0,0.0,0.0,8.32,13
22500200,ORL,POR,80.8,79.8,"('Anthony Black', 'Paolo Banchero')",1.766666666666667,2,4,7,2,1,0,1,1,0,1,1,3.88,4.44,0.0,0.0,0.0,0.0,0.0,0.0,0.0,0.0,8.32,13
22500200,ORL,POR,80.8,79.8,"('Anthony Black', 'Tristan da Silva')",1.766666666666667,2,4,7,2,1,0,1,1,0,1,1,3.88,4.44,0.0,0.0,0.0,0.0,0.0,0.0,0.0,0.0,8.32,13
22500200,ORL,POR,80.8,79.8,"('Goga Bitadze', 'Jett Howard')",1.766666666666667,2,4,7,2,1,0,1,1,0,1,1,3.88,4.44,0.0,0.0,0.0,0.0,0.0,0.0,0.0,0.0,8.32,13
22500200,ORL,POR,80.8,79.8,"('Goga Bitadze', 'Paolo Banchero')",1.766666666666667,2,4,7,2,1,0,1,1,0,1,1,3.88,4.44,0.0,0.0,0.0,0.0,0.0,0.0,0.0,0.0,8.32,13
22500200,ORL,POR,80.8,79.8,"('Goga Bitadze', 'Tristan da Silva')",1.766666666666667,2,4,7,2,1,0,1,1,0,1,1,3.88,4.44,0.0,0.0,0.0,0.0,0.0,0.0,0.0,0.0,8.32,13
22500200,ORL,POR,80.8,79.8,"('Jett Howard', 'Paolo Banchero')",1.766666666666667,2,4,7,2,1,0,1,1,0,1,1,3.88,4.44,0.0,0.0,0.0,0.0,0.0,0.0,0.0,0.0,8.32,13
22500200,ORL,POR,80.8,79.8,"('Jett Howard', 'Tristan da Silva')",1.766666666666667,2,4,7,2,1,0,1,1,0,1,1,3.88,4.44,0.0,0.0,0.0,0.0,0.0,0.0,0.0,0.0,8.32,13
22500200,ORL,POR,80.8,79.8,"('Paolo Banchero', 'Tristan da Silva')",1.766666666666667,2,4,7,2,1,0,1,1,0,1,1,3.88,4.44,0.0,0.0,0.0,0.0,0.0,0.0,0.0,0.0,8.32,13
22500200,ORL,POR,79.6,80.2,"('Anthony Black', 'Franz Wagner')",1.1333333333333333,2,4,2,1,1,1,0,0,0,0,0,3.0,3.0,0.0,0.0,0.0,4.0,0.0,0.0,0.0,2.0,6.0,13
22500200,ORL,POR,79.6,80.2,"('Anthony Black', 'Goga Bitadze')",1.1333333333333333,2,4,2,1,1,1,0,0,0,0,0,3.0,3.0,0.0,0.0,0.0,4.0,0.0,0.0,0.0,2.0,6.0,13
22500200,ORL,POR,79.6,80.2,"('Anthony Black', 'Paolo Banchero')",1.1333333333333333,2,4,2,1,1,1,0,0,0,0,0,3.0,3.0,0.0,0.0,0.0,4.0,0.0,0.0,0.0,2.0,6.0,13
22500200,ORL,POR,79.6,80.2,"('Anthony Black', 'Tyus Jones')",1.1333333333333333,2,4,2,1,1,1,0,0,0,0,0,3.0,3.0,0.0,0.0,0.0,4.0,0.0,0.0,0.0,2.0,6.0,13
22500200,ORL,POR,79.6,80.2,"('Franz Wagner', 'Goga Bitadze')",1.1333333333333333,2,4,2,1,1,1,0,0,0,0,0,3.0,3.0,0.0,0.0,0.0,4.0,0.0,0.0,0.0,2.0,6.0,13
22500200,ORL,POR,79.6,80.2,"('Franz Wagner', 'Paolo Banchero')",1.1333333333333333,2,4,2,1,1,1,0,0,0,0,0,3.0,3.0,0.0,0.0,0.0,4.0,0.0,0.0,0.0,2.0,6.0,13
22500200,ORL,POR,79.6,80.2,"('Franz Wagner', 'Tyus Jones')",1.1333333333333333,2,4,2,1,1,1,0,0,0,0,0,3.0,3.0,0.0,0.0,0.0,4.0,0.0,0.0,0.0,2.0,6.0,13
22500200,ORL,POR,79.6,80.2,"('Goga Bitadze', 'Paolo Banchero')",1.1333333333333333,2,4,2,1,1,1,0,0,0,0,0,3.0,3.0,0.0,0.0,0.0,4.0,0.0,0.0,0.0,2.0,6.0,13
22500200,ORL,POR,79.6,80.2,"('Goga Bitadze', 'Tyus Jones')",1.1333333333333333,2,4,2,1,1,1,0,0,0,0,0,3.0,3.0,0.0,0.0,0.0,4.0,0.0,0.0,0.0,2.0,6.0,13
22500200,ORL,POR,79.6,80.2,"('Paolo Banchero', 'Tyus Jones')",1.1333333333333333,2,4,2,1,1,1,0,0,0,0,0,3.0,3.0,0.0,0.0,0.0,4.0,0.0,0.0,0.0,2.0,6.0,13
22500200,ORL,POR,80.6,79.8,"('Desmond Bane', 'Goga Bitadze')",0.0833333333333333,2,1,0,0,1,0,0,0,0,0,1,0.44,1.0,0.0,0.0,0.0,0.0,0.0,0.0,0.0,0.0,1.44,13
22500200,ORL,POR,80.6,79.8,"('Desmond Bane', 'Jett Howard')",0.0833333333333333,2,1,0,0,1,0,0,0,0,0,1,0.44,1.0,0.0,0.0,0.0,0.0,0.0,0.0,0.0,0.0,1.44,13
22500200,ORL,POR,80.6,79.8,"('Desmond Bane', 'Paolo Banchero')",0.0833333333333333,2,1,0,0,1,0,0,0,0,0,1,0.44,1.0,0.0,0.0,0.0,0.0,0.0,0.0,0.0,0.0,1.44,13
22500200,ORL,POR,80.6,79.8,"('Desmond Bane', 'Tristan da Silva')",0.0833333333333333,2,1,0,0,1,0,0,0,0,0,1,0.44,1.0,0.0,0.0,0.0,0.0,0.0,0.0,0.0,0.0,1.44,13
22500200,ORL,POR,80.6,79.8,"('Goga Bitadze', 'Jett Howard')",0.0833333333333333,2,1,0,0,1,0,0,0,0,0,1,0.44,1.0,0.0,0.0,0.0,0.0,0.0,0.0,0.0,0.0,1.44,13
22500200,ORL,POR,80.6,79.8,"('Goga Bitadze', 'Paolo Banchero')",0.0833333333333333,2,1,0,0,1,0,0,0,0,0,1,0.44,1.0,0.0,0.0,0.0,0.0,0.0,0.0,0.0,0.0,1.44,13
22500200,ORL,POR,80.6,79.8,"('Goga Bitadze', 'Tristan da Silva')",0.0833333333333333,2,1,0,0,1,0,0,0,0,0,1,0.44,1.0,0.0,0.0,0.0,0.0,0.0,0.0,0.0,0.0,1.44,13
22500200,ORL,POR,80.6,79.8,"('Jett Howard', 'Paolo Banchero')",0.0833333333333333,2,1,0,0,1,0,0,0,0,0,1,0.44,1.0,0.0,0.0,0.0,0.0,0.0,0.0,0.0,0.0,1.44,13
22500200,ORL,POR,80.6,79.8,"('Jett Howard', 'Tristan da Silva')",0.0833333333333333,2,1,0,0,1,0,0,0,0,0,1,0.44,1.0,0.0,0.0,0.0,0.0,0.0,0.0,0.0,0.0,1.44,13
22500200,ORL,POR,80.6,79.8,"('Paolo Banchero', 'Tristan da Silva')",0.0833333333333333,2,1,0,0,1,0,0,0,0,0,1,0.44,1.0,0.0,0.0,0.0,0.0,0.0,0.0,0.0,0.0,1.44,13
22500200,ORL,POR,81.2,79.4,"('Anthony Black', 'Franz Wagner')",1.1666666666666667,2,5,4,0,0,1,1,0,0,0,2,3.3200000000000003,2.0,0.0,0.0,0.0,2.0,0.0,0.0,0.0,2.0,5.32,13
22500200,ORL,POR,81.2,79.4,"('Anthony Black', 'Goga Bitadze')",1.1666666666666667,2,5,4,0,0,1,1,0,0,0,2,3.3200000000000003,2.0,0.0,0.0,0.0,2.0,0.0,0.0,0.0,2.0,5.32,13
22500200,ORL,POR,81.2,79.4,"('Anthony Black', 'Paolo Banchero')",1.1666666666666667,2,5,4,0,0,1,1,0,0,0,2,3.3200000000000003,2.0,0.0,0.0,0.0,2.0,0.0,0.0,0.0,2.0,5.32,13
22500200,ORL,POR,81.2,79.4,"('Anthony Black', 'Tristan da Silva')",1.1666666666666667,2,5,4,0,0,1,1,0,0,0,2,3.3200000000000003,2.0,0.0,0.0,0.0,2.0,0.0,0.0,0.0,2.0,5.32,13
22500200,ORL,POR,81.2,79.4,"('Franz Wagner', 'Goga Bitadze')",1.1666666666666667,2,5,4,0,0,1,1,0,0,0,2,3.3200000000000003,2.0,0.0,0.0,0.0,2.0,0.0,0.0,0.0,2.0,5.32,13
22500200,ORL,POR,81.2,79.4,"('Franz Wagner', 'Paolo Banchero')",1.1666666666666667,2,5,4,0,0,1,1,0,0,0,2,3.3200000000000003,2.0,0.0,0.0,0.0,2.0,0.0,0.0,0.0,2.0,5.32,13
22500200,ORL,POR,81.2,79.4,"('Franz Wagner', 'Tristan da Silva')",1.1666666666666667,2,5,4,0,0,1,1,0,0,0,2,3.3200000000000003,2.0,0.0,0.0,0.0,2.0,0.0,0.0,0.0,2.0,5.32,13
22500200,ORL,POR,81.2,79.4,"('Goga Bitadze', 'Paolo Banchero')",1.1666666666666667,2,5,4,0,0,1,1,0,0,0,2,3.3200000000000003,2.0,0.0,0.0,0.0,2.0,0.0,0.0,0.0,2.0,5.32,13
22500200,ORL,POR,81.2,79.4,"('Goga Bitadze', 'Tristan da Silva')",1.1666666666666667,2,5,4,0,0,1,1,0,0,0,2,3.3200000000000003,2.0,0.0,0.0,0.0,2.0,0.0,0.0,0.0,2.0,5.32,13
22500200,ORL,POR,81.2,79.4,"('Paolo Banchero', 'Tristan da Silva')",1.1666666666666667,2,5,4,0,0,1,1,0,0,0,2,3.3200000000000003,2.0,0.0,0.0,0.0,2.0,0.0,0.0,0.0,2.0,5.32,13
22500200,ORL,POR,80.8,78.2,"('Anthony Black', 'Desmond Bane')",0.0,2,0,0,0,0,0,0,0,0,0,0,0.0,0.0,0.0,0.0,0.0,0.0,0.0,0.0,0.0,0.0,0.0,13
22500200,ORL,POR,80.8,78.2,"('Anthony Black', 'Franz Wagner')",0.0,2,0,0,0,0,0,0,0,0,0,0,0.0,0.0,0.0,0.0,0.0,0.0,0.0,0.0,0.0,0.0,0.0,13
22500200,ORL,POR,80.8,78.2,"('Anthony Black', 'Goga Bitadze')",0.0,2,0,0,0,0,0,0,0,0,0,0,0.0,0.0,0.0,0.0,0.0,0.0,0.0,0.0,0.0,0.0,0.0,13
22500200,ORL,POR,80.8,78.2,"('Anthony Black', 'Paolo Banchero')",0.0,2,0,0,0,0,0,0,0,0,0,0,0.0,0.0,0.0,0.0,0.0,0.0,0.0,0.0,0.0,0.0,0.0,13
22500200,ORL,POR,80.8,78.2,"('Desmond Bane', 'Franz Wagner')",0.0,2,0,0,0,0,0,0,0,0,0,0,0.0,0.0,0.0,0.0,0.0,0.0,0.0,0.0,0.0,0.0,0.0,13
22500200,ORL,POR,80.8,78.2,"('Desmond Bane', 'Goga Bitadze')",0.0,2,0,0,0,0,0,0,0,0,0,0,0.0,0.0,0.0,0.0,0.0,0.0,0.0,0.0,0.0,0.0,0.0,13
22500200,ORL,POR,80.8,78.2,"('Desmond Bane', 'Paolo Banchero')",0.0,2,0,0,0,0,0,0,0,0,0,0,0.0,0.0,0.0,0.0,0.0,0.0,0.0,0.0,0.0,0.0,0.0,13
22500200,ORL,POR,80.8,78.2,"('Franz Wagner', 'Goga Bitadze')",0.0,2,0,0,0,0,0,0,0,0,0,0,0.0,0.0,0.0,0.0,0.0,0.0,0.0,0.0,0.0,0.0,0.0,13
22500200,ORL,POR,80.8,78.2,"('Franz Wagner', 'Paolo Banchero')",0.0,2,0,0,0,0,0,0,0,0,0,0,0.0,0.0,0.0,0.0,0.0,0.0,0.0,0.0,0.0,0.0,0.0,13
22500200,ORL,POR,80.8,78.2,"('Goga Bitadze', 'Paolo Banchero')",0.0,2,0,0,0,0,0,0,0,0,0,0,0.0,0.0,0.0,0.0,0.0,0.0,0.0,0.0,0.0,0.0,0.0,13
22500200,ORL,POR,81.0,80.0,"('Desmond Bane', 'Franz Wagner')",2.8866666666666663,2,9,10,2,0,1,2,2,1,3,2,6.32,6.88,2.0,2.0,0.0,6.0,0.0,0.0,0.0,2.0,13.2,13
22500200,ORL,POR,81.0,80.0,"('Desmond Bane', 'Goga Bitadze')",2.8866666666666663,2,9,10,2,0,1,2,2,1,3,2,6.32,6.88,2.0,2.0,0.0,6.0,0.0,0.0,0.0,2.0,13.2,13
22500200,ORL,POR,81.0,80.0,"('Desmond Bane', 'Paolo Banchero')",2.8866666666666663,2,9,10,2,0,1,2,2,1,3,2,6.32,6.88,2.0,2.0,0.0,6.0,0.0,0.0,0.0,2.0,13.2,13
22500200,ORL,POR,81.0,80.0,"('Desmond Bane', 'Tristan da Silva')",2.8866666666666663,2,9,10,2,0,1,2,2,1,3,2,6.32,6.88,2.0,2.0,0.0,6.0,0.0,0.0,0.0,2.0,13.2,13
22500200,ORL,POR,81.0,80.0,"('Franz Wagner', 'Goga Bitadze')",2.8866666666666663,2,9,10,2,0,1,2,2,1,3,2,6.32,6.88,2.0,2.0,0.0,6.0,0.0,0.0,0.0,2.0,13.2,13
22500200,ORL,POR,81.0,80.0,"('Franz Wagner', 'Paolo Banchero')",2.8866666666666663,2,9,10,2,0,1,2,2,1,3,2,6.32,6.88,2.0,2.0,0.0,6.0,0.0,0.0,0.0,2.0,13.2,13
22500200,ORL,POR,81.0,80.0,"('Franz Wagner', 'Tristan da Silva')",2.8866666666666663,2,9,10,2,0,1,2,2,1,3,2,6.32,6.88,2.0,2.0,0.0,6.0,0.0,0.0,0.0,2.0,13.2,13
22500200,ORL,POR,81.0,80.0,"('Goga Bitadze', 'Paolo Banchero')",2.8866666666666663,2,9,10,2,0,1,2,2,1,3,2,6.32,6.88,2.0,2.0,0.0,6.0,0.0,0.0,0.0,2.0,13.2,13
22500200,ORL,POR,81.0,80.0,"('Goga Bitadze', 'Tristan da Silva')",2.8866666666666663,2,9,10,2,0,1,2,2,1,3,2,6.32,6.88,2.0,2.0,0.0,6.0,0.0,0.0,0.0,2.0,13.2,13
22500200,ORL,POR,81.0,80.0,"('Paolo Banchero', 'Tristan da Silva')",2.8866666666666663,2,9,10,2,0,1,2,2,1,3,2,6.32,6.88,2.0,2.0,0.0,6.0,0.0,0.0,0.0,2.0,13.2,13
22500215,ORL,NYK,81.0,77.6,"('Anthony Black', 'Franz Wagner')",0.5066666666666666,1,4,0,1,1,0,0,0,0,0,0,1.88,2.0,0.0,0.0,0.0,2.0,0.0,0.0,0.0,0.0,3.88,14
22500215,ORL,NYK,81.0,77.6,"('Anthony Black', 'Jonathan Isaac')",0.5066666666666666,1,4,0,1,1,0,0,0,0,0,0,1.88,2.0,0.0,0.0,0.0,2.0,0.0,0.0,0.0,0.0,3.88,14
22500215,ORL,NYK,81.0,77.6,"('Anthony Black', 'Tristan da Silva')",0.5066666666666666,1,4,0,1,1,0,0,0,0,0,0,1.88,2.0,0.0,0.0,0.0,2.0,0.0,0.0,0.0,0.0,3.88,14
22500215,ORL,NYK,81.0,77.6,"('Anthony Black', 'Wendell Carter Jr.')",0.5066666666666666,1,4,0,1,1,0,0,0,0,0,0,1.88,2.0,0.0,0.0,0.0,2.0,0.0,0.0,0.0,0.0,3.88,14
22500215,ORL,NYK,81.0,77.6,"('Franz Wagner', 'Jonathan Isaac')",0.5066666666666666,1,4,0,1,1,0,0,0,0,0,0,1.88,2.0,0.0,0.0,0.0,2.0,0.0,0.0,0.0,0.0,3.88,14
22500215,ORL,NYK,81.0,77.6,"('Franz Wagner', 'Tristan da Silva')",0.5066666666666666,1,4,0,1,1,0,0,0,0,0,0,1.88,2.0,0.0,0.0,0.0,2.0,0.0,0.0,0.0,0.0,3.88,14
22500215,ORL,NYK,81.0,77.6,"('Franz Wagner', 'Wendell Carter Jr.')",0.5066666666666666,1,4,0,1,1,0,0,0,0,0,0,1.88,2.0,0.0,0.0,0.0,2.0,0.0,0.0,0.0,0.0,3.88,14
22500215,ORL,NYK,81.0,77.6,"('Jonathan Isaac', 'Tristan da Silva')",0.5066666666666666,1,4,0,1,1,0,0,0,0,0,0,1.88,2.0,0.0,0.0,0.0,2.0,0.0,0.0,0.0,0.0,3.88,14
22500215,ORL,NYK,81.0,77.6,"('Jonathan Isaac', 'Wendell Carter Jr.')",0.5066666666666666,1,4,0,1,1,0,0,0,0,0,0,1.88,2.0,0.0,0.0,0.0,2.0,0.0,0.0,0.0,0.0,3.88,14
22500215,ORL,NYK,81.0,77.6,"('Tristan da Silva', 'Wendell Carter Jr.')",0.5066666666666666,1,4,0,1,1,0,0,0,0,0,0,1.88,2.0,0.0,0.0,0.0,2.0,0.0,0.0,0.0,0.0,3.88,14
22500215,ORL,NYK,79.0,79.8,"('Goga Bitadze', 'Jase Richardson')",1.4666666666666668,4,7,4,3,0,2,2,1,0,0,0,4.0,4.0,0.0,0.0,2.0,4.0,2.0,2.0,0.0,4.0,8.0,14
22500215,ORL,NYK,79.0,79.8,"('Goga Bitadze', 'Jett Howard')",1.4666666666666668,4,7,4,3,0,2,2,1,0,0,0,4.0,4.0,0.0,0.0,2.0,4.0,2.0,2.0,0.0,4.0,8.0,14
22500215,ORL,NYK,79.0,79.8,"('Goga Bitadze', 'Noah Penda')",1.4666666666666668,4,7,4,3,0,2,2,1,0,0,0,4.0,4.0,0.0,0.0,2.0,4.0,2.0,2.0,0.0,4.0,8.0,14
22500215,ORL,NYK,79.0,79.8,"('Goga Bitadze', 'Tristan da Silva')",1.4666666666666668,4,7,4,3,0,2,2,1,0,0,0,4.0,4.0,0.0,0.0,2.0,4.0,2.0,2.0,0.0,4.0,8.0,14
22500215,ORL,NYK,79.0,79.8,"('Jase Richardson', 'Jett Howard')",1.4666666666666668,4,7,4,3,0,2,2,1,0,0,0,4.0,4.0,0.0,0.0,2.0,4.0,2.0,2.0,0.0,4.0,8.0,14
22500215,ORL,NYK,79.0,79.8,"('Jase Richardson', 'Noah Penda')",1.4666666666666668,4,7,4,3,0,2,2,1,0,0,0,4.0,4.0,0.0,0.0,2.0,4.0,2.0,2.0,0.0,4.0,8.0,14
22500215,ORL,NYK,79.0,79.8,"('Jase Richardson', 'Tristan da Silva')",1.4666666666666668,4,7,4,3,0,2,2,1,0,0,0,4.0,4.0,0.0,0.0,2.0,4.0,2.0,2.0,0.0,4.0,8.0,14
22500215,ORL,NYK,79.0,79.8,"('Jett Howard', 'Noah Penda')",1.4666666666666668,4,7,4,3,0,2,2,1,0,0,0,4.0,4.0,0.0,0.0,2.0,4.0,2.0,2.0,0.0,4.0,8.0,14
22500215,ORL,NYK,79.0,79.8,"('Jett Howard', 'Tristan da Silva')",1.4666666666666668,4,7,4,3,0,2,2,1,0,0,0,4.0,4.0,0.0,0.0,2.0,4.0,2.0,2.0,0.0,4.0,8.0,14
22500215,ORL,NYK,79.0,79.8,"('Noah Penda', 'Tristan da Silva')",1.4666666666666668,4,7,4,3,0,2,2,1,0,0,0,4.0,4.0,0.0,0.0,2.0,4.0,2.0,2.0,0.0,4.0,8.0,14
22500215,ORL,NYK,79.8,77.6,"('Anthony Black', 'Desmond Bane')",2.083333333333333,4,10,6,1,1,2,0,0,0,0,2,5.88,4.0,0.0,0.0,0.0,2.0,0.0,0.0,0.0,4.0,9.88,14
22500215,ORL,NYK,79.8,77.6,"('Anthony Black', 'Franz Wagner')",2.083333333333333,4,10,6,1,1,2,0,0,0,0,2,5.88,4.0,0.0,0.0,0.0,2.0,0.0,0.0,0.0,4.0,9.88,14
22500215,ORL,NYK,79.8,77.6,"('Anthony Black', 'Goga Bitadze')",2.083333333333333,4,10,6,1,1,2,0,0,0,0,2,5.88,4.0,0.0,0.0,0.0,2.0,0.0,0.0,0.0,4.0,9.88,14
22500215,ORL,NYK,79.8,77.6,"('Anthony Black', 'Jalen Suggs')",2.083333333333333,4,10,6,1,1,2,0,0,0,0,2,5.88,4.0,0.0,0.0,0.0,2.0,0.0,0.0,0.0,4.0,9.88,14
22500215,ORL,NYK,79.8,77.6,"('Desmond Bane', 'Franz Wagner')",2.083333333333333,4,10,6,1,1,2,0,0,0,0,2,5.88,4.0,0.0,0.0,0.0,2.0,0.0,0.0,0.0,4.0,9.88,14
22500215,ORL,NYK,79.8,77.6,"('Desmond Bane', 'Goga Bitadze')",2.083333333333333,4,10,6,1,1,2,0,0,0,0,2,5.88,4.0,0.0,0.0,0.0,2.0,0.0,0.0,0.0,4.0,9.88,14
22500215,ORL,NYK,79.8,77.6,"('Desmond Bane', 'Jalen Suggs')",2.083333333333333,4,10,6,1,1,2,0,0,0,0,2,5.88,4.0,0.0,0.0,0.0,2.0,0.0,0.0,0.0,4.0,9.88,14
22500215,ORL,NYK,79.8,77.6,"('Franz Wagner', 'Goga Bitadze')",2.083333333333333,4,10,6,1,1,2,0,0,0,0,2,5.88,4.0,0.0,0.0,0.0,2.0,0.0,0.0,0.0,4.0,9.88,14
22500215,ORL,NYK,79.8,77.6,"('Franz Wagner', 'Jalen Suggs')",2.083333333333333,4,10,6,1,1,2,0,0,0,0,2,5.88,4.0,0.0,0.0,0.0,2.0,0.0,0.0,0.0,4.0,9.88,14
22500215,ORL,NYK,79.8,77.6,"('Goga Bitadze', 'Jalen Suggs')",2.083333333333333,4,10,6,1,1,2,0,0,0,0,2,5.88,4.0,0.0,0.0,0.0,2.0,0.0,0.0,0.0,4.0,9.88,14
22500215,ORL,NYK,79.6,78.4,"('Anthony Black', 'Desmond Bane')",2.65,4,5,5,2,1,1,2,2,0,3,3,5.88,6.44,3.0,0.0,0.0,0.0,0.0,0.0,0.0,4.0,12.32,14
22500215,ORL,NYK,79.6,78.4,"('Anthony Black', 'Franz Wagner')",2.65,4,5,5,2,1,1,2,2,0,3,3,5.88,6.44,3.0,0.0,0.0,0.0,0.0,0.0,0.0,4.0,12.32,14
22500215,ORL,NYK,79.6,78.4,"('Anthony Black', 'Jalen Suggs')",2.65,4,5,5,2,1,1,2,2,0,3,3,5.88,6.44,3.0,0.0,0.0,0.0,0.0,0.0,0.0,4.0,12.32,14
22500215,ORL,NYK,79.6,78.4,"('Anthony Black', 'Wendell Carter Jr.')",2.65,4,5,5,2,1,1,2,2,0,3,3,5.88,6.44,3.0,0.0,0.0,0.0,0.0,0.0,0.0,4.0,12.32,14
22500215,ORL,NYK,79.6,78.4,"('Desmond Bane', 'Franz Wagner')",2.65,4,5,5,2,1,1,2,2,0,3,3,5.88,6.44,3.0,0.0,0.0,0.0,0.0,0.0,0.0,4.0,12.32,14
22500215,ORL,NYK,79.6,78.4,"('Desmond Bane', 'Jalen Suggs')",2.65,4,5,5,2,1,1,2,2,0,3,3,5.88,6.44,3.0,0.0,0.0,0.0,0.0,0.0,0.0,4.0,12.32,14
22500215,ORL,NYK,79.6,78.4,"('Desmond Bane', 'Wendell Carter Jr.')",2.65,4,5,5,2,1,1,2,2,0,3,3,5.88,6.44,3.0,0.0,0.0,0.0,0.0,0.0,0.0,4.0,12.32,14
22500215,ORL,NYK,79.6,78.4,"('Franz Wagner', 'Jalen Suggs')",2.65,4,5,5,2,1,1,2,2,0,3,3,5.88,6.44,3.0,0.0,0.0,0.0,0.0,0.0,0.0,4.0,12.32,14
22500215,ORL,NYK,79.6,78.4,"('Franz Wagner', 'Wendell Carter Jr.')",2.65,4,5,5,2,1,1,2,2,0,3,3,5.88,6.44,3.0,0.0,0.0,0.0,0.0,0.0,0.0,4.0,12.32,14
22500215,ORL,NYK,79.6,78.4,"('Jalen Suggs', 'Wendell Carter Jr.')",2.65,4,5,5,2,1,1,2,2,0,3,3,5.88,6.44,3.0,0.0,0.0,0.0,0.0,0.0,0.0,4.0,12.32,14
22500215,ORL,NYK,79.6,77.6,"('Anthony Black', 'Desmond Bane')",1.4166666666666663,4,2,5,2,2,0,1,0,1,0,1,3.0,3.88,2.0,2.0,2.0,2.0,0.0,0.0,0.0,0.0,6.88,14
22500215,ORL,NYK,79.6,77.6,"('Anthony Black', 'Jalen Suggs')",1.4166666666666663,4,2,5,2,2,0,1,0,1,0,1,3.0,3.88,2.0,2.0,2.0,2.0,0.0,0.0,0.0,0.0,6.88,14
22500215,ORL,NYK,79.6,77.6,"('Anthony Black', 'Jonathan Isaac')",1.4166666666666663,4,2,5,2,2,0,1,0,1,0,1,3.0,3.88,2.0,2.0,2.0,2.0,0.0,0.0,0.0,0.0,6.88,14
22500215,ORL,NYK,79.6,77.6,"('Anthony Black', 'Wendell Carter Jr.')",1.4166666666666663,4,2,5,2,2,0,1,0,1,0,1,3.0,3.88,2.0,2.0,2.0,2.0,0.0,0.0,0.0,0.0,6.88,14
22500215,ORL,NYK,79.6,77.6,"('Desmond Bane', 'Jalen Suggs')",1.4166666666666663,4,2,5,2,2,0,1,0,1,0,1,3.0,3.88,2.0,2.0,2.0,2.0,0.0,0.0,0.0,0.0,6.88,14
22500215,ORL,NYK,79.6,77.6,"('Desmond Bane', 'Jonathan Isaac')",1.4166666666666663,4,2,5,2,2,0,1,0,1,0,1,3.0,3.88,2.0,2.0,2.0,2.0,0.0,0.0,0.0,0.0,6.88,14
22500215,ORL,NYK,79.6,77.6,"('Desmond Bane', 'Wendell Carter Jr.')",1.4166666666666663,4,2,5,2,2,0,1,0,1,0,1,3.0,3.88,2.0,2.0,2.0,2.0,0.0,0.0,0.0,0.0,6.88,14
22500215,ORL,NYK,79.6,77.6,"('Jalen Suggs', 'Jonathan Isaac')",1.4166666666666663,4,2,5,2,2,0,1,0,1,0,1,3.0,3.88,2.0,2.0,2.0,2.0,0.0,0.0,0.0,0.0,6.88,14
22500215,ORL,NYK,79.6,77.6,"('Jalen Suggs', 'Wendell Carter Jr.')",1.4166666666666663,4,2,5,2,2,0,1,0,1,0,1,3.0,3.88,2.0,2.0,2.0,2.0,0.0,0.0,0.0,0.0,6.88,14
22500215,ORL,NYK,79.6,77.6,"('Jonathan Isaac', 'Wendell Carter Jr.')",1.4166666666666663,4,2,5,2,2,0,1,0,1,0,1,3.0,3.88,2.0,2.0,2.0,2.0,0.0,0.0,0.0,0.0,6.88,14
22500215,ORL,NYK,79.2,77.6,"('Anthony Black', 'Goga Bitadze')",0.3333333333333333,1,1,0,0,1,0,0,0,0,0,0,0.44,0.0,0.0,0.0,0.0,0.0,0.0,0.0,0.0,0.0,0.44,14
22500215,ORL,NYK,79.2,77.6,"('Anthony Black', 'Jonathan Isaac')",0.3333333333333333,1,1,0,0,1,0,0,0,0,0,0,0.44,0.0,0.0,0.0,0.0,0.0,0.0,0.0,0.0,0.0,0.44,14
22500215,ORL,NYK,79.2,77.6,"('Anthony Black', 'Tristan da Silva')",0.3333333333333333,1,1,0,0,1,0,0,0,0,0,0,0.44,0.0,0.0,0.0,0.0,0.0,0.0,0.0,0.0,0.0,0.44,14
22500215,ORL,NYK,79.2,77.6,"('Anthony Black', 'Tyus Jones')",0.3333333333333333,1,1,0,0,1,0,0,0,0,0,0,0.44,0.0,0.0,0.0,0.0,0.0,0.0,0.0,0.0,0.0,0.44,14
22500215,ORL,NYK,79.2,77.6,"('Goga Bitadze', 'Jonathan Isaac')",0.3333333333333333,1,1,0,0,1,0,0,0,0,0,0,0.44,0.0,0.0,0.0,0.0,0.0,0.0,0.0,0.0,0.0,0.44,14
22500215,ORL,NYK,79.2,77.6,"('Goga Bitadze', 'Tristan da Silva')",0.3333333333333333,1,1,0,0,1,0,0,0,0,0,0,0.44,0.0,0.0,0.0,0.0,0.0,0.0,0.0,0.0,0.0,0.44,14
22500215,ORL,NYK,79.2,77.6,"('Goga Bitadze', 'Tyus Jones')",0.3333333333333333,1,1,0,0,1,0,0,0,0,0,0,0.44,0.0,0.0,0.0,0.0,0.0,0.0,0.0,0.0,0.0,0.44,14
22500215,ORL,NYK,79.2,77.6,"('Jonathan Isaac', 'Tristan da Silva')",0.3333333333333333,1,1,0,0,1,0,0,0,0,0,0,0.44,0.0,0.0,0.0,0.0,0.0,0.0,0.0,0.0,0.0,0.44,14
22500215,ORL,NYK,79.2,77.6,"('Jonathan Isaac', 'Tyus Jones')",0.3333333333333333,1,1,0,0,1,0,0,0,0,0,0,0.44,0.0,0.0,0.0,0.0,0.0,0.0,0.0,0.0,0.0,0.44,14
22500215,ORL,NYK,79.2,77.6,"('Tristan da Silva', 'Tyus Jones')",0.3333333333333333,1,1,0,0,1,0,0,0,0,0,0,0.44,0.0,0.0,0.0,0.0,0.0,0.0,0.0,0.0,0.0,0.44,14
22500215,ORL,NYK,80.2,78.4,"('Desmond Bane', 'Franz Wagner')",7.166666666666663,1,17,13,7,8,3,2,1,3,3,2,16.76,14.88,4.0,4.0,2.0,8.0,0.0,2.0,0.0,8.0,31.64,14
22500215,ORL,NYK,80.2,78.4,"('Desmond Bane', 'Jalen Suggs')",7.166666666666663,1,17,13,7,8,3,2,1,3,3,2,16.76,14.88,4.0,4.0,2.0,8.0,0.0,2.0,0.0,8.0,31.64,14
22500215,ORL,NYK,80.2,78.4,"('Desmond Bane', 'Paolo Banchero')",7.166666666666663,1,17,13,7,8,3,2,1,3,3,2,16.76,14.88,4.0,4.0,2.0,8.0,0.0,2.0,0.0,8.0,31.64,14
22500215,ORL,NYK,80.2,78.4,"('Desmond Bane', 'Wendell Carter Jr.')",7.166666666666663,1,17,13,7,8,3,2,1,3,3,2,16.76,14.88,4.0,4.0,2.0,8.0,0.0,2.0,0.0,8.0,31.64,14
22500215,ORL,NYK,80.2,78.4,"('Franz Wagner', 'Jalen Suggs')",7.166666666666663,1,17,13,7,8,3,2,1,3,3,2,16.76,14.88,4.0,4.0,2.0,8.0,0.0,2.0,0.0,8.0,31.64,14
22500215,ORL,NYK,80.2,78.4,"('Franz Wagner', 'Paolo Banchero')",7.166666666666663,1,17,13,7,8,3,2,1,3,3,2,16.76,14.88,4.0,4.0,2.0,8.0,0.0,2.0,0.0,8.0,31.64,14
22500215,ORL,NYK,80.2,78.4,"('Franz Wagner', 'Wendell Carter Jr.')",7.166666666666663,1,17,13,7,8,3,2,1,3,3,2,16.76,14.88,4.0,4.0,2.0,8.0,0.0,2.0,0.0,8.0,31.64,14
22500215,ORL,NYK,80.2,78.4,"('Jalen Suggs', 'Paolo Banchero')",7.166666666666663,1,17,13,7,8,3,2,1,3,3,2,16.76,14.88,4.0,4.0,2.0,8.0,0.0,2.0,0.0,8.0,31.64,14
22500215,ORL,NYK,80.2,78.4,"('Jalen Suggs', 'Wendell Carter Jr.')",7.166666666666663,1,17,13,7,8,3,2,1,3,3,2,16.76,14.88,4.0,4.0,2.0,8.0,0.0,2.0,0.0,8.0,31.64,14
22500215,ORL,NYK,80.2,78.4,"('Paolo Banchero', 'Wendell Carter Jr.')",7.166666666666663,1,17,13,7,8,3,2,1,3,3,2,16.76,14.88,4.0,4.0,2.0,8.0,0.0,2.0,0.0,8.0,31.64,14
22500215,ORL,NYK,79.0,77.6,"('Anthony Black', 'Jonathan Isaac')",0.9033333333333332,1,0,5,0,2,0,0,0,0,1,1,1.0,1.88,0.0,0.0,0.0,0.0,0.0,3.0,0.0,0.0,2.88,14
22500215,ORL,NYK,79.0,77.6,"('Anthony Black', 'Tristan da Silva')",0.9033333333333332,1,0,5,0,2,0,0,0,0,1,1,1.0,1.88,0.0,0.0,0.0,0.0,0.0,3.0,0.0,0.0,2.88,14
22500215,ORL,NYK,79.0,77.6,"('Anthony Black', 'Tyus Jones')",0.9033333333333332,1,0,5,0,2,0,0,0,0,1,1,1.0,1.88,0.0,0.0,0.0,0.0,0.0,3.0,0.0,0.0,2.88,14
22500215,ORL,NYK,79.0,77.6,"('Anthony Black', 'Wendell Carter Jr.')",0.9033333333333332,1,0,5,0,2,0,0,0,0,1,1,1.0,1.88,0.0,0.0,0.0,0.0,0.0,3.0,0.0,0.0,2.88,14
22500215,ORL,NYK,79.0,77.6,"('Jonathan Isaac', 'Tristan da Silva')",0.9033333333333332,1,0,5,0,2,0,0,0,0,1,1,1.0,1.88,0.0,0.0,0.0,0.0,0.0,3.0,0.0,0.0,2.88,14
22500215,ORL,NYK,79.0,77.6,"('Jonathan Isaac', 'Tyus Jones')",0.9033333333333332,1,0,5,0,2,0,0,0,0,1,1,1.0,1.88,0.0,0.0,0.0,0.0,0.0,3.0,0.0,0.0,2.88,14
22500215,ORL,NYK,79.0,77.6,"('Jonathan Isaac', 'Wendell Carter Jr.')",0.9033333333333332,1,0,5,0,2,0,0,0,0,1,1,1.0,1.88,0.0,0.0,0.0,0.0,0.0,3.0,0.0,0.0,2.88,14
22500215,ORL,NYK,79.0,77.6,"('Tristan da Silva', 'Tyus Jones')",0.9033333333333332,1,0,5,0,2,0,0,0,0,1,1,1.0,1.88,0.0,0.0,0.0,0.0,0.0,3.0,0.0,0.0,2.88,14
22500215,ORL,NYK,79.0,77.6,"('Tristan da Silva', 'Wendell Carter Jr.')",0.9033333333333332,1,0,5,0,2,0,0,0,0,1,1,1.0,1.88,0.0,0.0,0.0,0.0,0.0,3.0,0.0,0.0,2.88,14
22500215,ORL,NYK,79.0,77.6,"('Tyus Jones', 'Wendell Carter Jr.')",0.9033333333333332,1,0,5,0,2,0,0,0,0,1,1,1.0,1.88,0.0,0.0,0.0,0.0,0.0,3.0,0.0,0.0,2.88,14
22500215,ORL,NYK,79.2,77.6,"('Anthony Black', 'Goga Bitadze')",2.716666666666667,1,8,5,2,2,2,0,0,3,1,2,5.0,4.88,0.0,5.0,3.0,2.0,0.0,0.0,0.0,0.0,9.88,14
22500215,ORL,NYK,79.2,77.6,"('Anthony Black', 'Paolo Banchero')",2.716666666666667,1,8,5,2,2,2,0,0,3,1,2,5.0,4.88,0.0,5.0,3.0,2.0,0.0,0.0,0.0,0.0,9.88,14
22500215,ORL,NYK,79.2,77.6,"('Anthony Black', 'Tristan da Silva')",2.716666666666667,1,8,5,2,2,2,0,0,3,1,2,5.0,4.88,0.0,5.0,3.0,2.0,0.0,0.0,0.0,0.0,9.88,14
22500215,ORL,NYK,79.2,77.6,"('Anthony Black', 'Tyus Jones')",2.716666666666667,1,8,5,2,2,2,0,0,3,1,2,5.0,4.88,0.0,5.0,3.0,2.0,0.0,0.0,0.0,0.0,9.88,14
22500215,ORL,NYK,79.2,77.6,"('Goga Bitadze', 'Paolo Banchero')",2.716666666666667,1,8,5,2,2,2,0,0,3,1,2,5.0,4.88,0.0,5.0,3.0,2.0,0.0,0.0,0.0,0.0,9.88,14
22500215,ORL,NYK,79.2,77.6,"('Goga Bitadze', 'Tristan da Silva')",2.716666666666667,1,8,5,2,2,2,0,0,3,1,2,5.0,4.88,0.0,5.0,3.0,2.0,0.0,0.0,0.0,0.0,9.88,14
22500215,ORL,NYK,79.2,77.6,"('Goga Bitadze', 'Tyus Jones')",2.716666666666667,1,8,5,2,2,2,0,0,3,1,2,5.0,4.88,0.0,5.0,3.0,2.0,0.0,0.0,0.0,0.0,9.88,14
22500215,ORL,NYK,79.2,77.6,"('Paolo Banchero', 'Tristan da Silva')",2.716666666666667,1,8,5,2,2,2,0,0,3,1,2,5.0,4.88,0.0,5.0,3.0,2.0,0.0,0.0,0.0,0.0,9.88,14
22500215,ORL,NYK,79.2,77.6,"('Paolo Banchero', 'Tyus Jones')",2.716666666666667,1,8,5,2,2,2,0,0,3,1,2,5.0,4.88,0.0,5.0,3.0,2.0,0.0,0.0,0.0,0.0,9.88,14
22500215,ORL,NYK,79.2,77.6,"('Tristan da Silva', 'Tyus Jones')",2.716666666666667,1,8,5,2,2,2,0,0,3,1,2,5.0,4.88,0.0,5.0,3.0,2.0,0.0,0.0,0.0,0.0,9.88,14
22500215,ORL,NYK,80.6,78.4,"('Anthony Black', 'Desmond Bane')",1.916666666666667,2,7,2,3,0,2,1,1,1,0,2,4.32,5.0,2.0,0.0,0.0,4.0,0.0,0.0,0.0,2.0,9.32,14
22500215,ORL,NYK,80.6,78.4,"('Anthony Black', 'Franz Wagner')",1.916666666666667,2,7,2,3,0,2,1,1,1,0,2,4.32,5.0,2.0,0.0,0.0,4.0,0.0,0.0,0.0,2.0,9.32,14
22500215,ORL,NYK,80.6,78.4,"('Anthony Black', 'Jonathan Isaac')",1.916666666666667,2,7,2,3,0,2,1,1,1,0,2,4.32,5.0,2.0,0.0,0.0,4.0,0.0,0.0,0.0,2.0,9.32,14
22500215,ORL,NYK,80.6,78.4,"('Anthony Black', 'Wendell Carter Jr.')",1.916666666666667,2,7,2,3,0,2,1,1,1,0,2,4.32,5.0,2.0,0.0,0.0,4.0,0.0,0.0,0.0,2.0,9.32,14
22500215,ORL,NYK,80.6,78.4,"('Desmond Bane', 'Franz Wagner')",1.916666666666667,2,7,2,3,0,2,1,1,1,0,2,4.32,5.0,2.0,0.0,0.0,4.0,0.0,0.0,0.0,2.0,9.32,14
22500215,ORL,NYK,80.6,78.4,"('Desmond Bane', 'Jonathan Isaac')",1.916666666666667,2,7,2,3,0,2,1,1,1,0,2,4.32,5.0,2.0,0.0,0.0,4.0,0.0,0.0,0.0,2.0,9.32,14
22500215,ORL,NYK,80.6,78.4,"('Desmond Bane', 'Wendell Carter Jr.')",1.916666666666667,2,7,2,3,0,2,1,1,1,0,2,4.32,5.0,2.0,0.0,0.0,4.0,0.0,0.0,0.0,2.0,9.32,14
22500215,ORL,NYK,80.6,78.4,"('Franz Wagner', 'Jonathan Isaac')",1.916666666666667,2,7,2,3,0,2,1,1,1,0,2,4.32,5.0,2.0,0.0,0.0,4.0,0.0,0.0,0.0,2.0,9.32,14
22500215,ORL,NYK,80.6,78.4,"('Franz Wagner', 'Wendell Carter Jr.')",1.916666666666667,2,7,2,3,0,2,1,1,1,0,2,4.32,5.0,2.0,0.0,0.0,4.0,0.0,0.0,0.0,2.0,9.32,14
22500215,ORL,NYK,80.6,78.4,"('Jonathan Isaac', 'Wendell Carter Jr.')",1.916666666666667,2,7,2,3,0,2,1,1,1,0,2,4.32,5.0,2.0,0.0,0.0,4.0,0.0,0.0,0.0,2.0,9.32,14
22500215,ORL,NYK,79.6,78.4,"('Franz Wagner', 'Jonathan Isaac')",3.2200000000000006,2,11,8,4,1,3,1,0,0,3,2,8.440000000000001,7.76,2.0,0.0,0.0,6.0,0.0,0.0,0.0,4.0,16.200000000000003,14
22500215,ORL,NYK,79.6,78.4,"('Franz Wagner', 'Tristan da Silva')",3.2200000000000006,2,11,8,4,1,3,1,0,0,3,2,8.440000000000001,7.76,2.0,0.0,0.0,6.0,0.0,0.0,0.0,4.0,16.200000000000003,14
22500215,ORL,NYK,79.6,78.4,"('Franz Wagner', 'Tyus Jones')",3.2200000000000006,2,11,8,4,1,3,1,0,0,3,2,8.440000000000001,7.76,2.0,0.0,0.0,6.0,0.0,0.0,0.0,4.0,16.200000000000003,14
22500215,ORL,NYK,79.6,78.4,"('Franz Wagner', 'Wendell Carter Jr.')",3.2200000000000006,2,11,8,4,1,3,1,0,0,3,2,8.440000000000001,7.76,2.0,0.0,0.0,6.0,0.0,0.0,0.0,4.0,16.200000000000003,14
22500215,ORL,NYK,79.6,78.4,"('Jonathan Isaac', 'Tristan da Silva')",3.2200000000000006,2,11,8,4,1,3,1,0,0,3,2,8.440000000000001,7.76,2.0,0.0,0.0,6.0,0.0,0.0,0.0,4.0,16.200000000000003,14
22500215,ORL,NYK,79.6,78.4,"('Jonathan Isaac', 'Tyus Jones')",3.2200000000000006,2,11,8,4,1,3,1,0,0,3,2,8.440000000000001,7.76,2.0,0.0,0.0,6.0,0.0,0.0,0.0,4.0,16.200000000000003,14
22500215,ORL,NYK,79.6,78.4,"('Jonathan Isaac', 'Wendell Carter Jr.')",3.2200000000000006,2,11,8,4,1,3,1,0,0,3,2,8.440000000000001,7.76,2.0,0.0,0.0,6.0,0.0,0.0,0.0,4.0,16.200000000000003,14
22500215,ORL,NYK,79.6,78.4,"('Tristan da Silva', 'Tyus Jones')",3.2200000000000006,2,11,8,4,1,3,1,0,0,3,2,8.440000000000001,7.76,2.0,0.0,0.0,6.0,0.0,0.0,0.0,4.0,16.200000000000003,14
22500215,ORL,NYK,79.6,78.4,"('Tristan da Silva', 'Wendell Carter Jr.')",3.2200000000000006,2,11,8,4,1,3,1,0,0,3,2,8.440000000000001,7.76,2.0,0.0,0.0,6.0,0.0,0.0,0.0,4.0,16.200000000000003,14
22500215,ORL,NYK,79.6,78.4,"('Tyus Jones', 'Wendell Carter Jr.')",3.2200000000000006,2,11,8,4,1,3,1,0,0,3,2,8.440000000000001,7.76,2.0,0.0,0.0,6.0,0.0,0.0,0.0,4.0,16.200000000000003,14
22500215,ORL,NYK,80.0,78.0,"('Desmond Bane', 'Franz Wagner')",1.3833333333333333,3,2,1,3,2,0,0,0,0,1,2,3.88,3.44,0.0,0.0,0.0,0.0,0.0,0.0,0.0,0.0,7.32,14
22500215,ORL,NYK,80.0,78.0,"('Desmond Bane', 'Goga Bitadze')",1.3833333333333333,3,2,1,3,2,0,0,0,0,1,2,3.88,3.44,0.0,0.0,0.0,0.0,0.0,0.0,0.0,0.0,7.32,14
22500215,ORL,NYK,80.0,78.0,"('Desmond Bane', 'Jalen Suggs')",1.3833333333333333,3,2,1,3,2,0,0,0,0,1,2,3.88,3.44,0.0,0.0,0.0,0.0,0.0,0.0,0.0,0.0,7.32,14
22500215,ORL,NYK,80.0,78.0,"('Desmond Bane', 'Tristan da Silva')",1.3833333333333333,3,2,1,3,2,0,0,0,0,1,2,3.88,3.44,0.0,0.0,0.0,0.0,0.0,0.0,0.0,0.0,7.32,14
22500215,ORL,NYK,80.0,78.0,"('Franz Wagner', 'Goga Bitadze')",1.3833333333333333,3,2,1,3,2,0,0,0,0,1,2,3.88,3.44,0.0,0.0,0.0,0.0,0.0,0.0,0.0,0.0,7.32,14
22500215,ORL,NYK,80.0,78.0,"('Franz Wagner', 'Jalen Suggs')",1.3833333333333333,3,2,1,3,2,0,0,0,0,1,2,3.88,3.44,0.0,0.0,0.0,0.0,0.0,0.0,0.0,0.0,7.32,14
22500215,ORL,NYK,80.0,78.0,"('Franz Wagner', 'Tristan da Silva')",1.3833333333333333,3,2,1,3,2,0,0,0,0,1,2,3.88,3.44,0.0,0.0,0.0,0.0,0.0,0.0,0.0,0.0,7.32,14
22500215,ORL,NYK,80.0,78.0,"('Goga Bitadze', 'Jalen Suggs')",1.3833333333333333,3,2,1,3,2,0,0,0,0,1,2,3.88,3.44,0.0,0.0,0.0,0.0,0.0,0.0,0.0,0.0,7.32,14
22500215,ORL,NYK,80.0,78.0,"('Goga Bitadze', 'Tristan da Silva')",1.3833333333333333,3,2,1,3,2,0,0,0,0,1,2,3.88,3.44,0.0,0.0,0.0,0.0,0.0,0.0,0.0,0.0,7.32,14
22500215,ORL,NYK,80.0,78.0,"('Jalen Suggs', 'Tristan da Silva')",1.3833333333333333,3,2,1,3,2,0,0,0,0,1,2,3.88,3.44,0.0,0.0,0.0,0.0,0.0,0.0,0.0,0.0,7.32,14
22500215,ORL,NYK,79.0,78.2,"('Desmond Bane', 'Franz Wagner')",0.25,2,0,0,0,1,0,0,0,0,1,0,0.0,0.0,0.0,0.0,0.0,0.0,0.0,0.0,0.0,0.0,0.0,14
22500215,ORL,NYK,79.0,78.2,"('Desmond Bane', 'Goga Bitadze')",0.25,2,0,0,0,1,0,0,0,0,1,0,0.0,0.0,0.0,0.0,0.0,0.0,0.0,0.0,0.0,0.0,0.0,14
22500215,ORL,NYK,79.0,78.2,"('Desmond Bane', 'Tristan da Silva')",0.25,2,0,0,0,1,0,0,0,0,1,0,0.0,0.0,0.0,0.0,0.0,0.0,0.0,0.0,0.0,0.0,0.0,14
22500215,ORL,NYK,79.0,78.2,"('Desmond Bane', 'Tyus Jones')",0.25,2,0,0,0,1,0,0,0,0,1,0,0.0,0.0,0.0,0.0,0.0,0.0,0.0,0.0,0.0,0.0,0.0,14
22500215,ORL,NYK,79.0,78.2,"('Franz Wagner', 'Goga Bitadze')",0.25,2,0,0,0,1,0,0,0,0,1,0,0.0,0.0,0.0,0.0,0.0,0.0,0.0,0.0,0.0,0.0,0.0,14
22500215,ORL,NYK,79.0,78.2,"('Franz Wagner', 'Tristan da Silva')",0.25,2,0,0,0,1,0,0,0,0,1,0,0.0,0.0,0.0,0.0,0.0,0.0,0.0,0.0,0.0,0.0,0.0,14
22500215,ORL,NYK,79.0,78.2,"('Franz Wagner', 'Tyus Jones')",0.25,2,0,0,0,1,0,0,0,0,1,0,0.0,0.0,0.0,0.0,0.0,0.0,0.0,0.0,0.0,0.0,0.0,14
22500215,ORL,NYK,79.0,78.2,"('Goga Bitadze', 'Tristan da Silva')",0.25,2,0,0,0,1,0,0,0,0,1,0,0.0,0.0,0.0,0.0,0.0,0.0,0.0,0.0,0.0,0.0,0.0,14
22500215,ORL,NYK,79.0,78.2,"('Goga Bitadze', 'Tyus Jones')",0.25,2,0,0,0,1,0,0,0,0,1,0,0.0,0.0,0.0,0.0,0.0,0.0,0.0,0.0,0.0,0.0,0.0,14
22500215,ORL,NYK,79.0,78.2,"('Tristan da Silva', 'Tyus Jones')",0.25,2,0,0,0,1,0,0,0,0,1,0,0.0,0.0,0.0,0.0,0.0,0.0,0.0,0.0,0.0,0.0,0.0,14
22500215,ORL,NYK,79.8,78.2,"('Desmond Bane', 'Franz Wagner')",5.183333333333334,3,16,13,5,2,6,4,2,1,1,1,12.44,11.0,3.0,0.0,0.0,6.0,4.0,0.0,0.0,4.0,23.44,14
22500215,ORL,NYK,79.8,78.2,"('Desmond Bane', 'Jalen Suggs')",5.183333333333334,3,16,13,5,2,6,4,2,1,1,1,12.44,11.0,3.0,0.0,0.0,6.0,4.0,0.0,0.0,4.0,23.44,14
22500215,ORL,NYK,79.8,78.2,"('Desmond Bane', 'Tristan da Silva')",5.183333333333334,3,16,13,5,2,6,4,2,1,1,1,12.44,11.0,3.0,0.0,0.0,6.0,4.0,0.0,0.0,4.0,23.44,14
22500215,ORL,NYK,79.8,78.2,"('Desmond Bane', 'Wendell Carter Jr.')",5.183333333333334,3,16,13,5,2,6,4,2,1,1,1,12.44,11.0,3.0,0.0,0.0,6.0,4.0,0.0,0.0,4.0,23.44,14
22500215,ORL,NYK,79.8,78.2,"('Franz Wagner', 'Jalen Suggs')",5.183333333333334,3,16,13,5,2,6,4,2,1,1,1,12.44,11.0,3.0,0.0,0.0,6.0,4.0,0.0,0.0,4.0,23.44,14
22500215,ORL,NYK,79.8,78.2,"('Franz Wagner', 'Tristan da Silva')",5.183333333333334,3,16,13,5,2,6,4,2,1,1,1,12.44,11.0,3.0,0.0,0.0,6.0,4.0,0.0,0.0,4.0,23.44,14
22500215,ORL,NYK,79.8,78.2,"('Franz Wagner', 'Wendell Carter Jr.')",5.183333333333334,3,16,13,5,2,6,4,2,1,1,1,12.44,11.0,3.0,0.0,0.0,6.0,4.0,0.0,0.0,4.0,23.44,14
22500215,ORL,NYK,79.8,78.2,"('Jalen Suggs', 'Tristan da Silva')",5.183333333333334,3,16,13,5,2,6,4,2,1,1,1,12.44,11.0,3.0,0.0,0.0,6.0,4.0,0.0,0.0,4.0,23.44,14
22500215,ORL,NYK,79.8,78.2,"('Jalen Suggs', 'Wendell Carter Jr.')",5.183333333333334,3,16,13,5,2,6,4,2,1,1,1,12.44,11.0,3.0,0.0,0.0,6.0,4.0,0.0,0.0,4.0,23.44,14
22500215,ORL,NYK,79.8,78.2,"('Tristan da Silva', 'Wendell Carter Jr.')",5.183333333333334,3,16,13,5,2,6,4,2,1,1,1,12.44,11.0,3.0,0.0,0.0,6.0,4.0,0.0,0.0,4.0,23.44,14
22500215,ORL,NYK,80.8,78.0,"('Anthony Black', 'Desmond Bane')",1.8166666666666664,2,4,2,3,0,1,1,2,1,2,0,4.0,4.0,0.0,2.0,2.0,4.0,2.0,2.0,0.0,2.0,8.0,14
22500215,ORL,NYK,80.8,78.0,"('Anthony Black', 'Franz Wagner')",1.8166666666666664,2,4,2,3,0,1,1,2,1,2,0,4.0,4.0,0.0,2.0,2.0,4.0,2.0,2.0,0.0,2.0,8.0,14
22500215,ORL,NYK,80.8,78.0,"('Anthony Black', 'Goga Bitadze')",1.8166666666666664,2,4,2,3,0,1,1,2,1,2,0,4.0,4.0,0.0,2.0,2.0,4.0,2.0,2.0,0.0,2.0,8.0,14
22500215,ORL,NYK,80.8,78.0,"('Anthony Black', 'Paolo Banchero')",1.8166666666666664,2,4,2,3,0,1,1,2,1,2,0,4.0,4.0,0.0,2.0,2.0,4.0,2.0,2.0,0.0,2.0,8.0,14
22500215,ORL,NYK,80.8,78.0,"('Desmond Bane', 'Franz Wagner')",1.8166666666666664,2,4,2,3,0,1,1,2,1,2,0,4.0,4.0,0.0,2.0,2.0,4.0,2.0,2.0,0.0,2.0,8.0,14
22500215,ORL,NYK,80.8,78.0,"('Desmond Bane', 'Goga Bitadze')",1.8166666666666664,2,4,2,3,0,1,1,2,1,2,0,4.0,4.0,0.0,2.0,2.0,4.0,2.0,2.0,0.0,2.0,8.0,14
22500215,ORL,NYK,80.8,78.0,"('Desmond Bane', 'Paolo Banchero')",1.8166666666666664,2,4,2,3,0,1,1,2,1,2,0,4.0,4.0,0.0,2.0,2.0,4.0,2.0,2.0,0.0,2.0,8.0,14
22500215,ORL,NYK,80.8,78.0,"('Franz Wagner', 'Goga Bitadze')",1.8166666666666664,2,4,2,3,0,1,1,2,1,2,0,4.0,4.0,0.0,2.0,2.0,4.0,2.0,2.0,0.0,2.0,8.0,14
22500215,ORL,NYK,80.8,78.0,"('Franz Wagner', 'Paolo Banchero')",1.8166666666666664,2,4,2,3,0,1,1,2,1,2,0,4.0,4.0,0.0,2.0,2.0,4.0,2.0,2.0,0.0,2.0,8.0,14
22500215,ORL,NYK,80.8,78.0,"('Goga Bitadze', 'Paolo Banchero')",1.8166666666666664,2,4,2,3,0,1,1,2,1,2,0,4.0,4.0,0.0,2.0,2.0,4.0,2.0,2.0,0.0,2.0,8.0,14
22500215,ORL,NYK,79.4,78.4,"('Anthony Black', 'Franz Wagner')",1.6,2,0,3,3,1,0,1,2,1,0,1,3.0,3.0,0.0,0.0,0.0,0.0,3.0,0.0,0.0,0.0,6.0,14
22500215,ORL,NYK,79.4,78.4,"('Anthony Black', 'Jonathan Isaac')",1.6,2,0,3,3,1,0,1,2,1,0,1,3.0,3.0,0.0,0.0,0.0,0.0,3.0,0.0,0.0,0.0,6.0,14
22500215,ORL,NYK,79.4,78.4,"('Anthony Black', 'Tyus Jones')",1.6,2,0,3,3,1,0,1,2,1,0,1,3.0,3.0,0.0,0.0,0.0,0.0,3.0,0.0,0.0,0.0,6.0,14
22500215,ORL,NYK,79.4,78.4,"('Anthony Black', 'Wendell Carter Jr.')",1.6,2,0,3,3,1,0,1,2,1,0,1,3.0,3.0,0.0,0.0,0.0,0.0,3.0,0.0,0.0,0.0,6.0,14
22500215,ORL,NYK,79.4,78.4,"('Franz Wagner', 'Jonathan Isaac')",1.6,2,0,3,3,1,0,1,2,1,0,1,3.0,3.0,0.0,0.0,0.0,0.0,3.0,0.0,0.0,0.0,6.0,14
22500215,ORL,NYK,79.4,78.4,"('Franz Wagner', 'Tyus Jones')",1.6,2,0,3,3,1,0,1,2,1,0,1,3.0,3.0,0.0,0.0,0.0,0.0,3.0,0.0,0.0,0.0,6.0,14
22500215,ORL,NYK,79.4,78.4,"('Franz Wagner', 'Wendell Carter Jr.')",1.6,2,0,3,3,1,0,1,2,1,0,1,3.0,3.0,0.0,0.0,0.0,0.0,3.0,0.0,0.0,0.0,6.0,14
22500215,ORL,NYK,79.4,78.4,"('Jonathan Isaac', 'Tyus Jones')",1.6,2,0,3,3,1,0,1,2,1,0,1,3.0,3.0,0.0,0.0,0.0,0.0,3.0,0.0,0.0,0.0,6.0,14
22500215,ORL,NYK,79.4,78.4,"('Jonathan Isaac', 'Wendell Carter Jr.')",1.6,2,0,3,3,1,0,1,2,1,0,1,3.0,3.0,0.0,0.0,0.0,0.0,3.0,0.0,0.0,0.0,6.0,14
22500215,ORL,NYK,79.4,78.4,"('Tyus Jones', 'Wendell Carter Jr.')",1.6,2,0,3,3,1,0,1,2,1,0,1,3.0,3.0,0.0,0.0,0.0,0.0,3.0,0.0,0.0,0.0,6.0,14
22500215,ORL,NYK,80.0,77.6,"('Desmond Bane', 'Franz Wagner')",2.983333333333333,2,10,4,5,2,3,0,1,0,2,1,6.44,6.88,0.0,0.0,3.0,6.0,0.0,0.0,0.0,2.0,13.32,14
22500215,ORL,NYK,80.0,77.6,"('Desmond Bane', 'Goga Bitadze')",2.983333333333333,2,10,4,5,2,3,0,1,0,2,1,6.44,6.88,0.0,0.0,3.0,6.0,0.0,0.0,0.0,2.0,13.32,14
22500215,ORL,NYK,80.0,77.6,"('Desmond Bane', 'Jalen Suggs')",2.983333333333333,2,10,4,5,2,3,0,1,0,2,1,6.44,6.88,0.0,0.0,3.0,6.0,0.0,0.0,0.0,2.0,13.32,14
22500215,ORL,NYK,80.0,77.6,"('Desmond Bane', 'Tristan da Silva')",2.983333333333333,2,10,4,5,2,3,0,1,0,2,1,6.44,6.88,0.0,0.0,3.0,6.0,0.0,0.0,0.0,2.0,13.32,14
22500215,ORL,NYK,80.0,77.6,"('Franz Wagner', 'Goga Bitadze')",2.983333333333333,2,10,4,5,2,3,0,1,0,2,1,6.44,6.88,0.0,0.0,3.0,6.0,0.0,0.0,0.0,2.0,13.32,14
22500215,ORL,NYK,80.0,77.6,"('Franz Wagner', 'Jalen Suggs')",2.983333333333333,2,10,4,5,2,3,0,1,0,2,1,6.44,6.88,0.0,0.0,3.0,6.0,0.0,0.0,0.0,2.0,13.32,14
22500215,ORL,NYK,80.0,77.6,"('Franz Wagner', 'Tristan da Silva')",2.983333333333333,2,10,4,5,2,3,0,1,0,2,1,6.44,6.88,0.0,0.0,3.0,6.0,0.0,0.0,0.0,2.0,13.32,14
22500215,ORL,NYK,80.0,77.6,"('Goga Bitadze', 'Jalen Suggs')",2.983333333333333,2,10,4,5,2,3,0,1,0,2,1,6.44,6.88,0.0,0.0,3.0,6.0,0.0,0.0,0.0,2.0,13.32,14
22500215,ORL,NYK,80.0,77.6,"('Goga Bitadze', 'Tristan da Silva')",2.983333333333333,2,10,4,5,2,3,0,1,0,2,1,6.44,6.88,0.0,0.0,3.0,6.0,0.0,0.0,0.0,2.0,13.32,14
22500215,ORL,NYK,80.0,77.6,"('Jalen Suggs', 'Tristan da Silva')",2.983333333333333,2,10,4,5,2,3,0,1,0,2,1,6.44,6.88,0.0,0.0,3.0,6.0,0.0,0.0,0.0,2.0,13.32,14
22500215,ORL,NYK,78.6,78.2,"('Anthony Black', 'Desmond Bane')",3.866666666666666,4,7,11,2,6,3,2,1,2,2,1,9.44,8.440000000000001,0.0,0.0,0.0,2.0,2.0,5.0,5.0,4.0,17.880000000000003,14
22500215,ORL,NYK,78.6,78.2,"('Anthony Black', 'Jonathan Isaac')",3.866666666666666,4,7,11,2,6,3,2,1,2,2,1,9.44,8.440000000000001,0.0,0.0,0.0,2.0,2.0,5.0,5.0,4.0,17.880000000000003,14
22500215,ORL,NYK,78.6,78.2,"('Anthony Black', 'Tyus Jones')",3.866666666666666,4,7,11,2,6,3,2,1,2,2,1,9.44,8.440000000000001,0.0,0.0,0.0,2.0,2.0,5.0,5.0,4.0,17.880000000000003,14
22500215,ORL,NYK,78.6,78.2,"('Anthony Black', 'Wendell Carter Jr.')",3.866666666666666,4,7,11,2,6,3,2,1,2,2,1,9.44,8.440000000000001,0.0,0.0,0.0,2.0,2.0,5.0,5.0,4.0,17.880000000000003,14
22500215,ORL,NYK,78.6,78.2,"('Desmond Bane', 'Jonathan Isaac')",3.866666666666666,4,7,11,2,6,3,2,1,2,2,1,9.44,8.440000000000001,0.0,0.0,0.0,2.0,2.0,5.0,5.0,4.0,17.880000000000003,14
22500215,ORL,NYK,78.6,78.2,"('Desmond Bane', 'Tyus Jones')",3.866666666666666,4,7,11,2,6,3,2,1,2,2,1,9.44,8.440000000000001,0.0,0.0,0.0,2.0,2.0,5.0,5.0,4.0,17.880000000000003,14
22500215,ORL,NYK,78.6,78.2,"('Desmond Bane', 'Wendell Carter Jr.')",3.866666666666666,4,7,11,2,6,3,2,1,2,2,1,9.44,8.440000000000001,0.0,0.0,0.0,2.0,2.0,5.0,5.0,4.0,17.880000000000003,14
22500215,ORL,NYK,78.6,78.2,"('Jonathan Isaac', 'Tyus Jones')",3.866666666666666,4,7,11,2,6,3,2,1,2,2,1,9.44,8.440000000000001,0.0,0.0,0.0,2.0,2.0,5.0,5.0,4.0,17.880000000000003,14
22500215,ORL,NYK,78.6,78.2,"('Jonathan Isaac', 'Wendell Carter Jr.')",3.866666666666666,4,7,11,2,6,3,2,1,2,2,1,9.44,8.440000000000001,0.0,0.0,0.0,2.0,2.0,5.0,5.0,4.0,17.880000000000003,14
22500215,ORL,NYK,78.6,78.2,"('Tyus Jones', 'Wendell Carter Jr.')",3.866666666666666,4,7,11,2,6,3,2,1,2,2,1,9.44,8.440000000000001,0.0,0.0,0.0,2.0,2.0,5.0,5.0,4.0,17.880000000000003,14
22500215,ORL,NYK,77.6,79.8,"('Anthony Black', 'Jalen Suggs')",0.3333333333333333,4,2,3,0,0,0,0,0,0,0,0,0.88,1.0,0.0,0.0,0.0,0.0,0.0,0.0,0.0,0.0,1.88,14
22500215,ORL,NYK,77.6,79.8,"('Anthony Black', 'Jase Richardson')",0.3333333333333333,4,2,3,0,0,0,0,0,0,0,0,0.88,1.0,0.0,0.0,0.0,0.0,0.0,0.0,0.0,0.0,1.88,14
22500215,ORL,NYK,77.6,79.8,"('Anthony Black', 'Jett Howard')",0.3333333333333333,4,2,3,0,0,0,0,0,0,0,0,0.88,1.0,0.0,0.0,0.0,0.0,0.0,0.0,0.0,0.0,1.88,14
22500215,ORL,NYK,77.6,79.8,"('Anthony Black', 'Noah Penda')",0.3333333333333333,4,2,3,0,0,0,0,0,0,0,0,0.88,1.0,0.0,0.0,0.0,0.0,0.0,0.0,0.0,0.0,1.88,14
22500215,ORL,NYK,77.6,79.8,"('Jalen Suggs', 'Jase Richardson')",0.3333333333333333,4,2,3,0,0,0,0,0,0,0,0,0.88,1.0,0.0,0.0,0.0,0.0,0.0,0.0,0.0,0.0,1.88,14
22500215,ORL,NYK,77.6,79.8,"('Jalen Suggs', 'Jett Howard')",0.3333333333333333,4,2,3,0,0,0,0,0,0,0,0,0.88,1.0,0.0,0.0,0.0,0.0,0.0,0.0,0.0,0.0,1.88,14
22500215,ORL,NYK,77.6,79.8,"('Jalen Suggs', 'Noah Penda')",0.3333333333333333,4,2,3,0,0,0,0,0,0,0,0,0.88,1.0,0.0,0.0,0.0,0.0,0.0,0.0,0.0,0.0,1.88,14
22500215,ORL,NYK,77.6,79.8,"('Jase Richardson', 'Jett Howard')",0.3333333333333333,4,2,3,0,0,0,0,0,0,0,0,0.88,1.0,0.0,0.0,0.0,0.0,0.0,0.0,0.0,0.0,1.88,14
22500215,ORL,NYK,77.6,79.8,"('Jase Richardson', 'Noah Penda')",0.3333333333333333,4,2,3,0,0,0,0,0,0,0,0,0.88,1.0,0.0,0.0,0.0,0.0,0.0,0.0,0.0,0.0,1.88,14
22500215,ORL,NYK,77.6,79.8,"('Jett Howard', 'Noah Penda')",0.3333333333333333,4,2,3,0,0,0,0,0,0,0,0,0.88,1.0,0.0,0.0,0.0,0.0,0.0,0.0,0.0,0.0,1.88,14
22500215,ORL,NYK,80.2,78.4,"('Desmond Bane', 'Franz Wagner')",2.533333333333333,3,2,9,0,3,0,1,1,1,2,3,3.88,5.44,0.0,0.0,0.0,0.0,2.0,2.0,2.0,8.0,9.32,14
22500215,ORL,NYK,80.2,78.4,"('Desmond Bane', 'Jalen Suggs')",2.533333333333333,3,2,9,0,3,0,1,1,1,2,3,3.88,5.44,0.0,0.0,0.0,0.0,2.0,2.0,2.0,8.0,9.32,14
22500215,ORL,NYK,80.2,78.4,"('Desmond Bane', 'Jonathan Isaac')",2.533333333333333,3,2,9,0,3,0,1,1,1,2,3,3.88,5.44,0.0,0.0,0.0,0.0,2.0,2.0,2.0,8.0,9.32,14
22500215,ORL,NYK,80.2,78.4,"('Desmond Bane', 'Wendell Carter Jr.')",2.533333333333333,3,2,9,0,3,0,1,1,1,2,3,3.88,5.44,0.0,0.0,0.0,0.0,2.0,2.0,2.0,8.0,9.32,14
22500215,ORL,NYK,80.2,78.4,"('Franz Wagner', 'Jalen Suggs')",2.533333333333333,3,2,9,0,3,0,1,1,1,2,3,3.88,5.44,0.0,0.0,0.0,0.0,2.0,2.0,2.0,8.0,9.32,14
22500215,ORL,NYK,80.2,78.4,"('Franz Wagner', 'Jonathan Isaac')",2.533333333333333,3,2,9,0,3,0,1,1,1,2,3,3.88,5.44,0.0,0.0,0.0,0.0,2.0,2.0,2.0,8.0,9.32,14
22500215,ORL,NYK,80.2,78.4,"('Franz Wagner', 'Wendell Carter Jr.')",2.533333333333333,3,2,9,0,3,0,1,1,1,2,3,3.88,5.44,0.0,0.0,0.0,0.0,2.0,2.0,2.0,8.0,9.32,14
22500215,ORL,NYK,80.2,78.4,"('Jalen Suggs', 'Jonathan Isaac')",2.533333333333333,3,2,9,0,3,0,1,1,1,2,3,3.88,5.44,0.0,0.0,0.0,0.0,2.0,2.0,2.0,8.0,9.32,14
22500215,ORL,NYK,80.2,78.4,"('Jalen Suggs', 'Wendell Carter Jr.')",2.533333333333333,3,2,9,0,3,0,1,1,1,2,3,3.88,5.44,0.0,0.0,0.0,0.0,2.0,2.0,2.0,8.0,9.32,14
22500215,ORL,NYK,80.2,78.4,"('Jonathan Isaac', 'Wendell Carter Jr.')",2.533333333333333,3,2,9,0,3,0,1,1,1,2,3,3.88,5.44,0.0,0.0,0.0,0.0,2.0,2.0,2.0,8.0,9.32,14
22500215,ORL,NYK,80.8,78.2,"('Anthony Black', 'Franz Wagner')",2.7816666666666663,3,9,8,3,1,1,2,1,0,1,1,5.76,7.0,0.0,0.0,0.0,2.0,2.0,2.0,0.0,2.0,12.76,14
22500215,ORL,NYK,80.8,78.2,"('Anthony Black', 'Goga Bitadze')",2.7816666666666663,3,9,8,3,1,1,2,1,0,1,1,5.76,7.0,0.0,0.0,0.0,2.0,2.0,2.0,0.0,2.0,12.76,14
22500215,ORL,NYK,80.8,78.2,"('Anthony Black', 'Jett Howard')",2.7816666666666663,3,9,8,3,1,1,2,1,0,1,1,5.76,7.0,0.0,0.0,0.0,2.0,2.0,2.0,0.0,2.0,12.76,14
22500215,ORL,NYK,80.8,78.2,"('Anthony Black', 'Tristan da Silva')",2.7816666666666663,3,9,8,3,1,1,2,1,0,1,1,5.76,7.0,0.0,0.0,0.0,2.0,2.0,2.0,0.0,2.0,12.76,14
22500215,ORL,NYK,80.8,78.2,"('Franz Wagner', 'Goga Bitadze')",2.7816666666666663,3,9,8,3,1,1,2,1,0,1,1,5.76,7.0,0.0,0.0,0.0,2.0,2.0,2.0,0.0,2.0,12.76,14
22500215,ORL,NYK,80.8,78.2,"('Franz Wagner', 'Jett Howard')",2.7816666666666663,3,9,8,3,1,1,2,1,0,1,1,5.76,7.0,0.0,0.0,0.0,2.0,2.0,2.0,0.0,2.0,12.76,14
22500215,ORL,NYK,80.8,78.2,"('Franz Wagner', 'Tristan da Silva')",2.7816666666666663,3,9,8,3,1,1,2,1,0,1,1,5.76,7.0,0.0,0.0,0.0,2.0,2.0,2.0,0.0,2.0,12.76,14
22500215,ORL,NYK,80.8,78.2,"('Goga Bitadze', 'Jett Howard')",2.7816666666666663,3,9,8,3,1,1,2,1,0,1,1,5.76,7.0,0.0,0.0,0.0,2.0,2.0,2.0,0.0,2.0,12.76,14
22500215,ORL,NYK,80.8,78.2,"('Goga Bitadze', 'Tristan da Silva')",2.7816666666666663,3,9,8,3,1,1,2,1,0,1,1,5.76,7.0,0.0,0.0,0.0,2.0,2.0,2.0,0.0,2.0,12.76,14
22500215,ORL,NYK,80.8,78.2,"('Jett Howard', 'Tristan da Silva')",2.7816666666666663,3,9,8,3,1,1,2,1,0,1,1,5.76,7.0,0.0,0.0,0.0,2.0,2.0,2.0,0.0,2.0,12.76,14
22500236,ORL,HOU,80.8,79.0,"('Anthony Black', 'Franz Wagner')",3.05,3,10,9,2,1,1,1,0,2,1,5,9.08,6.88,0.0,0.0,0.0,0.0,0.0,3.0,0.0,4.0,15.96,15
22500236,ORL,HOU,80.8,79.0,"('Anthony Black', 'Goga Bitadze')",3.05,3,10,9,2,1,1,1,0,2,1,5,9.08,6.88,0.0,0.0,0.0,0.0,0.0,3.0,0.0,4.0,15.96,15
22500236,ORL,HOU,80.8,79.0,"('Anthony Black', 'Jett Howard')",3.05,3,10,9,2,1,1,1,0,2,1,5,9.08,6.88,0.0,0.0,0.0,0.0,0.0,3.0,0.0,4.0,15.96,15
22500236,ORL,HOU,80.8,79.0,"('Anthony Black', 'Tristan da Silva')",3.05,3,10,9,2,1,1,1,0,2,1,5,9.08,6.88,0.0,0.0,0.0,0.0,0.0,3.0,0.0,4.0,15.96,15
22500236,ORL,HOU,80.8,79.0,"('Franz Wagner', 'Goga Bitadze')",3.05,3,10,9,2,1,1,1,0,2,1,5,9.08,6.88,0.0,0.0,0.0,0.0,0.0,3.0,0.0,4.0,15.96,15
22500236,ORL,HOU,80.8,79.0,"('Franz Wagner', 'Jett Howard')",3.05,3,10,9,2,1,1,1,0,2,1,5,9.08,6.88,0.0,0.0,0.0,0.0,0.0,3.0,0.0,4.0,15.96,15
22500236,ORL,HOU,80.8,79.0,"('Franz Wagner', 'Tristan da Silva')",3.05,3,10,9,2,1,1,1,0,2,1,5,9.08,6.88,0.0,0.0,0.0,0.0,0.0,3.0,0.0,4.0,15.96,15
22500236,ORL,HOU,80.8,79.0,"('Goga Bitadze', 'Jett Howard')",3.05,3,10,9,2,1,1,1,0,2,1,5,9.08,6.88,0.0,0.0,0.0,0.0,0.0,3.0,0.0,4.0,15.96,15
22500236,ORL,HOU,80.8,79.0,"('Goga Bitadze', 'Tristan da Silva')",3.05,3,10,9,2,1,1,1,0,2,1,5,9.08,6.88,0.0,0.0,0.0,0.0,0.0,3.0,0.0,4.0,15.96,15
22500236,ORL,HOU,80.8,79.0,"('Jett Howard', 'Tristan da Silva')",3.05,3,10,9,2,1,1,1,0,2,1,5,9.08,6.88,0.0,0.0,0.0,0.0,0.0,3.0,0.0,4.0,15.96,15
22500236,ORL,HOU,80.2,80.8,"('Anthony Black', 'Desmond Bane')",5.283333333333331,3,8,15,2,5,0,5,3,2,2,2,10.88,11.88,4.0,2.0,0.0,6.0,4.0,2.0,2.0,10.0,22.76,15
22500236,ORL,HOU,80.2,80.8,"('Anthony Black', 'Franz Wagner')",5.283333333333331,3,8,15,2,5,0,5,3,2,2,2,10.88,11.88,4.0,2.0,0.0,6.0,4.0,2.0,2.0,10.0,22.76,15
22500236,ORL,HOU,80.2,80.8,"('Anthony Black', 'Tristan da Silva')",5.283333333333331,3,8,15,2,5,0,5,3,2,2,2,10.88,11.88,4.0,2.0,0.0,6.0,4.0,2.0,2.0,10.0,22.76,15
22500236,ORL,HOU,80.2,80.8,"('Anthony Black', 'Wendell Carter Jr.')",5.283333333333331,3,8,15,2,5,0,5,3,2,2,2,10.88,11.88,4.0,2.0,0.0,6.0,4.0,2.0,2.0,10.0,22.76,15
22500236,ORL,HOU,80.2,80.8,"('Desmond Bane', 'Franz Wagner')",5.283333333333331,3,8,15,2,5,0,5,3,2,2,2,10.88,11.88,4.0,2.0,0.0,6.0,4.0,2.0,2.0,10.0,22.76,15
22500236,ORL,HOU,80.2,80.8,"('Desmond Bane', 'Tristan da Silva')",5.283333333333331,3,8,15,2,5,0,5,3,2,2,2,10.88,11.88,4.0,2.0,0.0,6.0,4.0,2.0,2.0,10.0,22.76,15
22500236,ORL,HOU,80.2,80.8,"('Desmond Bane', 'Wendell Carter Jr.')",5.283333333333331,3,8,15,2,5,0,5,3,2,2,2,10.88,11.88,4.0,2.0,0.0,6.0,4.0,2.0,2.0,10.0,22.76,15
22500236,ORL,HOU,80.2,80.8,"('Franz Wagner', 'Tristan da Silva')",5.283333333333331,3,8,15,2,5,0,5,3,2,2,2,10.88,11.88,4.0,2.0,0.0,6.0,4.0,2.0,2.0,10.0,22.76,15
22500236,ORL,HOU,80.2,80.8,"('Franz Wagner', 'Wendell Carter Jr.')",5.283333333333331,3,8,15,2,5,0,5,3,2,2,2,10.88,11.88,4.0,2.0,0.0,6.0,4.0,2.0,2.0,10.0,22.76,15
22500236,ORL,HOU,80.2,80.8,"('Tristan da Silva', 'Wendell Carter Jr.')",5.283333333333331,3,8,15,2,5,0,5,3,2,2,2,10.88,11.88,4.0,2.0,0.0,6.0,4.0,2.0,2.0,10.0,22.76,15
22500236,ORL,HOU,80.4,80.8,"('Anthony Black', 'Desmond Bane')",0.65,3,2,0,0,1,1,0,0,1,0,1,2.0,1.0,2.0,2.0,0.0,2.0,0.0,0.0,0.0,0.0,3.0,15
22500236,ORL,HOU,80.4,80.8,"('Anthony Black', 'Franz Wagner')",0.65,3,2,0,0,1,1,0,0,1,0,1,2.0,1.0,2.0,2.0,0.0,2.0,0.0,0.0,0.0,0.0,3.0,15
22500236,ORL,HOU,80.4,80.8,"('Anthony Black', 'Goga Bitadze')",0.65,3,2,0,0,1,1,0,0,1,0,1,2.0,1.0,2.0,2.0,0.0,2.0,0.0,0.0,0.0,0.0,3.0,15
22500236,ORL,HOU,80.4,80.8,"('Anthony Black', 'Tristan da Silva')",0.65,3,2,0,0,1,1,0,0,1,0,1,2.0,1.0,2.0,2.0,0.0,2.0,0.0,0.0,0.0,0.0,3.0,15
22500236,ORL,HOU,80.4,80.8,"('Desmond Bane', 'Franz Wagner')",0.65,3,2,0,0,1,1,0,0,1,0,1,2.0,1.0,2.0,2.0,0.0,2.0,0.0,0.0,0.0,0.0,3.0,15
22500236,ORL,HOU,80.4,80.8,"('Desmond Bane', 'Goga Bitadze')",0.65,3,2,0,0,1,1,0,0,1,0,1,2.0,1.0,2.0,2.0,0.0,2.0,0.0,0.0,0.0,0.0,3.0,15
22500236,ORL,HOU,80.4,80.8,"('Desmond Bane', 'Tristan da Silva')",0.65,3,2,0,0,1,1,0,0,1,0,1,2.0,1.0,2.0,2.0,0.0,2.0,0.0,0.0,0.0,0.0,3.0,15
22500236,ORL,HOU,80.4,80.8,"('Franz Wagner', 'Goga Bitadze')",0.65,3,2,0,0,1,1,0,0,1,0,1,2.0,1.0,2.0,2.0,0.0,2.0,0.0,0.0,0.0,0.0,3.0,15
22500236,ORL,HOU,80.4,80.8,"('Franz Wagner', 'Tristan da Silva')",0.65,3,2,0,0,1,1,0,0,1,0,1,2.0,1.0,2.0,2.0,0.0,2.0,0.0,0.0,0.0,0.0,3.0,15
22500236,ORL,HOU,80.4,80.8,"('Goga Bitadze', 'Tristan da Silva')",0.65,3,2,0,0,1,1,0,0,1,0,1,2.0,1.0,2.0,2.0,0.0,2.0,0.0,0.0,0.0,0.0,3.0,15
22500236,ORL,HOU,78.8,78.2,"('Desmond Bane', 'Jett Howard')",4.233333333333333,2,7,10,5,2,3,2,0,0,3,0,6.0,6.88,0.0,0.0,5.0,2.0,0.0,0.0,0.0,2.0,12.88,15
22500236,ORL,HOU,78.8,78.2,"('Desmond Bane', 'Jonathan Isaac')",4.233333333333333,2,7,10,5,2,3,2,0,0,3,0,6.0,6.88,0.0,0.0,5.0,2.0,0.0,0.0,0.0,2.0,12.88,15
22500236,ORL,HOU,78.8,78.2,"('Desmond Bane', 'Tyus Jones')",4.233333333333333,2,7,10,5,2,3,2,0,0,3,0,6.0,6.88,0.0,0.0,5.0,2.0,0.0,0.0,0.0,2.0,12.88,15
22500236,ORL,HOU,78.8,78.2,"('Desmond Bane', 'Wendell Carter Jr.')",4.233333333333333,2,7,10,5,2,3,2,0,0,3,0,6.0,6.88,0.0,0.0,5.0,2.0,0.0,0.0,0.0,2.0,12.88,15
22500236,ORL,HOU,78.8,78.2,"('Jett Howard', 'Jonathan Isaac')",4.233333333333333,2,7,10,5,2,3,2,0,0,3,0,6.0,6.88,0.0,0.0,5.0,2.0,0.0,0.0,0.0,2.0,12.88,15
22500236,ORL,HOU,78.8,78.2,"('Jett Howard', 'Tyus Jones')",4.233333333333333,2,7,10,5,2,3,2,0,0,3,0,6.0,6.88,0.0,0.0,5.0,2.0,0.0,0.0,0.0,2.0,12.88,15
22500236,ORL,HOU,78.8,78.2,"('Jett Howard', 'Wendell Carter Jr.')",4.233333333333333,2,7,10,5,2,3,2,0,0,3,0,6.0,6.88,0.0,0.0,5.0,2.0,0.0,0.0,0.0,2.0,12.88,15
22500236,ORL,HOU,78.8,78.2,"('Jonathan Isaac', 'Tyus Jones')",4.233333333333333,2,7,10,5,2,3,2,0,0,3,0,6.0,6.88,0.0,0.0,5.0,2.0,0.0,0.0,0.0,2.0,12.88,15
22500236,ORL,HOU,78.8,78.2,"('Jonathan Isaac', 'Wendell Carter Jr.')",4.233333333333333,2,7,10,5,2,3,2,0,0,3,0,6.0,6.88,0.0,0.0,5.0,2.0,0.0,0.0,0.0,2.0,12.88,15
22500236,ORL,HOU,78.8,78.2,"('Tyus Jones', 'Wendell Carter Jr.')",4.233333333333333,2,7,10,5,2,3,2,0,0,3,0,6.0,6.88,0.0,0.0,5.0,2.0,0.0,0.0,0.0,2.0,12.88,15
22500236,ORL,HOU,79.4,79.0,"('Franz Wagner', 'Goga Bitadze')",1.0166666666666666,1,5,2,1,1,1,0,0,0,1,0,2.0,2.0,0.0,0.0,0.0,2.0,0.0,0.0,0.0,2.0,4.0,15
22500236,ORL,HOU,79.4,79.0,"('Franz Wagner', 'Jett Howard')",1.0166666666666666,1,5,2,1,1,1,0,0,0,1,0,2.0,2.0,0.0,0.0,0.0,2.0,0.0,0.0,0.0,2.0,4.0,15
22500236,ORL,HOU,79.4,79.0,"('Franz Wagner', 'Tristan da Silva')",1.0166666666666666,1,5,2,1,1,1,0,0,0,1,0,2.0,2.0,0.0,0.0,0.0,2.0,0.0,0.0,0.0,2.0,4.0,15
22500236,ORL,HOU,79.4,79.0,"('Franz Wagner', 'Tyus Jones')",1.0166666666666666,1,5,2,1,1,1,0,0,0,1,0,2.0,2.0,0.0,0.0,0.0,2.0,0.0,0.0,0.0,2.0,4.0,15
22500236,ORL,HOU,79.4,79.0,"('Goga Bitadze', 'Jett Howard')",1.0166666666666666,1,5,2,1,1,1,0,0,0,1,0,2.0,2.0,0.0,0.0,0.0,2.0,0.0,0.0,0.0,2.0,4.0,15
22500236,ORL,HOU,79.4,79.0,"('Goga Bitadze', 'Tristan da Silva')",1.0166666666666666,1,5,2,1,1,1,0,0,0,1,0,2.0,2.0,0.0,0.0,0.0,2.0,0.0,0.0,0.0,2.0,4.0,15
22500236,ORL,HOU,79.4,79.0,"('Goga Bitadze', 'Tyus Jones')",1.0166666666666666,1,5,2,1,1,1,0,0,0,1,0,2.0,2.0,0.0,0.0,0.0,2.0,0.0,0.0,0.0,2.0,4.0,15
22500236,ORL,HOU,79.4,79.0,"('Jett Howard', 'Tristan da Silva')",1.0166666666666666,1,5,2,1,1,1,0,0,0,1,0,2.0,2.0,0.0,0.0,0.0,2.0,0.0,0.0,0.0,2.0,4.0,15
22500236,ORL,HOU,79.4,79.0,"('Jett Howard', 'Tyus Jones')",1.0166666666666666,1,5,2,1,1,1,0,0,0,1,0,2.0,2.0,0.0,0.0,0.0,2.0,0.0,0.0,0.0,2.0,4.0,15
22500236,ORL,HOU,79.4,79.0,"('Tristan da Silva', 'Tyus Jones')",1.0166666666666666,1,5,2,1,1,1,0,0,0,1,0,2.0,2.0,0.0,0.0,0.0,2.0,0.0,0.0,0.0,2.0,4.0,15
22500236,ORL,HOU,80.8,79.0,"('Anthony Black', 'Franz Wagner')",0.65,1,0,4,0,1,0,1,0,0,0,0,1.0,2.0,0.0,0.0,0.0,0.0,0.0,0.0,2.0,4.0,3.0,15
22500236,ORL,HOU,80.8,79.0,"('Anthony Black', 'Goga Bitadze')",0.65,1,0,4,0,1,0,1,0,0,0,0,1.0,2.0,0.0,0.0,0.0,0.0,0.0,0.0,2.0,4.0,3.0,15
22500236,ORL,HOU,80.8,79.0,"('Anthony Black', 'Jett Howard')",0.65,1,0,4,0,1,0,1,0,0,0,0,1.0,2.0,0.0,0.0,0.0,0.0,0.0,0.0,2.0,4.0,3.0,15
22500236,ORL,HOU,80.8,79.0,"('Anthony Black', 'Tristan da Silva')",0.65,1,0,4,0,1,0,1,0,0,0,0,1.0,2.0,0.0,0.0,0.0,0.0,0.0,0.0,2.0,4.0,3.0,15
22500236,ORL,HOU,80.8,79.0,"('Franz Wagner', 'Goga Bitadze')",0.65,1,0,4,0,1,0,1,0,0,0,0,1.0,2.0,0.0,0.0,0.0,0.0,0.0,0.0,2.0,4.0,3.0,15
22500236,ORL,HOU,80.8,79.0,"('Franz Wagner', 'Jett Howard')",0.65,1,0,4,0,1,0,1,0,0,0,0,1.0,2.0,0.0,0.0,0.0,0.0,0.0,0.0,2.0,4.0,3.0,15
22500236,ORL,HOU,80.8,79.0,"('Franz Wagner', 'Tristan da Silva')",0.65,1,0,4,0,1,0,1,0,0,0,0,1.0,2.0,0.0,0.0,0.0,0.0,0.0,0.0,2.0,4.0,3.0,15
22500236,ORL,HOU,80.8,79.0,"('Goga Bitadze', 'Jett Howard')",0.65,1,0,4,0,1,0,1,0,0,0,0,1.0,2.0,0.0,0.0,0.0,0.0,0.0,0.0,2.0,4.0,3.0,15
22500236,ORL,HOU,80.8,79.0,"('Goga Bitadze', 'Tristan da Silva')",0.65,1,0,4,0,1,0,1,0,0,0,0,1.0,2.0,0.0,0.0,0.0,0.0,0.0,0.0,2.0,4.0,3.0,15
22500236,ORL,HOU,80.8,79.0,"('Jett Howard', 'Tristan da Silva')",0.65,1,0,4,0,1,0,1,0,0,0,0,1.0,2.0,0.0,0.0,0.0,0.0,0.0,0.0,2.0,4.0,3.0,15
22500236,ORL,HOU,79.8,78.6,"('Anthony Black', 'Desmond Bane')",0.0,5,0,1,0,0,0,0,0,0,0,0,0.0,0.44,0.0,0.0,0.0,0.0,0.0,0.0,0.0,0.0,0.44,15
22500236,ORL,HOU,79.8,78.6,"('Anthony Black', 'Franz Wagner')",0.0,5,0,1,0,0,0,0,0,0,0,0,0.0,0.44,0.0,0.0,0.0,0.0,0.0,0.0,0.0,0.0,0.44,15
22500236,ORL,HOU,79.8,78.6,"('Anthony Black', 'Jett Howard')",0.0,5,0,1,0,0,0,0,0,0,0,0,0.0,0.44,0.0,0.0,0.0,0.0,0.0,0.0,0.0,0.0,0.44,15
22500236,ORL,HOU,79.8,78.6,"('Anthony Black', 'Tristan da Silva')",0.0,5,0,1,0,0,0,0,0,0,0,0,0.0,0.44,0.0,0.0,0.0,0.0,0.0,0.0,0.0,0.0,0.44,15
22500236,ORL,HOU,79.8,78.6,"('Desmond Bane', 'Franz Wagner')",0.0,5,0,1,0,0,0,0,0,0,0,0,0.0,0.44,0.0,0.0,0.0,0.0,0.0,0.0,0.0,0.0,0.44,15
22500236,ORL,HOU,79.8,78.6,"('Desmond Bane', 'Jett Howard')",0.0,5,0,1,0,0,0,0,0,0,0,0,0.0,0.44,0.0,0.0,0.0,0.0,0.0,0.0,0.0,0.0,0.44,15
22500236,ORL,HOU,79.8,78.6,"('Desmond Bane', 'Tristan da Silva')",0.0,5,0,1,0,0,0,0,0,0,0,0,0.0,0.44,0.0,0.0,0.0,0.0,0.0,0.0,0.0,0.0,0.44,15
22500236,ORL,HOU,79.8,78.6,"('Franz Wagner', 'Jett Howard')",0.0,5,0,1,0,0,0,0,0,0,0,0,0.0,0.44,0.0,0.0,0.0,0.0,0.0,0.0,0.0,0.0,0.44,15
22500236,ORL,HOU,79.8,78.6,"('Franz Wagner', 'Tristan da Silva')",0.0,5,0,1,0,0,0,0,0,0,0,0,0.0,0.44,0.0,0.0,0.0,0.0,0.0,0.0,0.0,0.0,0.44,15
22500236,ORL,HOU,79.8,78.6,"('Jett Howard', 'Tristan da Silva')",0.0,5,0,1,0,0,0,0,0,0,0,0,0.0,0.44,0.0,0.0,0.0,0.0,0.0,0.0,0.0,0.0,0.44,15
22500236,ORL,HOU,80.2,80.8,"('Anthony Black', 'Desmond Bane')",0.0,5,0,0,0,0,0,0,0,0,0,0,0.0,0.0,0.0,0.0,0.0,0.0,0.0,0.0,0.0,0.0,0.0,15
22500236,ORL,HOU,80.2,80.8,"('Anthony Black', 'Franz Wagner')",0.0,5,0,0,0,0,0,0,0,0,0,0,0.0,0.0,0.0,0.0,0.0,0.0,0.0,0.0,0.0,0.0,0.0,15
22500236,ORL,HOU,80.2,80.8,"('Anthony Black', 'Jett Howard')",0.0,5,0,0,0,0,0,0,0,0,0,0,0.0,0.0,0.0,0.0,0.0,0.0,0.0,0.0,0.0,0.0,0.0,15
22500236,ORL,HOU,80.2,80.8,"('Anthony Black', 'Wendell Carter Jr.')",0.0,5,0,0,0,0,0,0,0,0,0,0,0.0,0.0,0.0,0.0,0.0,0.0,0.0,0.0,0.0,0.0,0.0,15
22500236,ORL,HOU,80.2,80.8,"('Desmond Bane', 'Franz Wagner')",0.0,5,0,0,0,0,0,0,0,0,0,0,0.0,0.0,0.0,0.0,0.0,0.0,0.0,0.0,0.0,0.0,0.0,15
22500236,ORL,HOU,80.2,80.8,"('Desmond Bane', 'Jett Howard')",0.0,5,0,0,0,0,0,0,0,0,0,0,0.0,0.0,0.0,0.0,0.0,0.0,0.0,0.0,0.0,0.0,0.0,15
22500236,ORL,HOU,80.2,80.8,"('Desmond Bane', 'Wendell Carter Jr.')",0.0,5,0,0,0,0,0,0,0,0,0,0,0.0,0.0,0.0,0.0,0.0,0.0,0.0,0.0,0.0,0.0,0.0,15
22500236,ORL,HOU,80.2,80.8,"('Franz Wagner', 'Jett Howard')",0.0,5,0,0,0,0,0,0,0,0,0,0,0.0,0.0,0.0,0.0,0.0,0.0,0.0,0.0,0.0,0.0,0.0,15
22500236,ORL,HOU,80.2,80.8,"('Franz Wagner', 'Wendell Carter Jr.')",0.0,5,0,0,0,0,0,0,0,0,0,0,0.0,0.0,0.0,0.0,0.0,0.0,0.0,0.0,0.0,0.0,0.0,15
22500236,ORL,HOU,80.2,80.8,"('Jett Howard', 'Wendell Carter Jr.')",0.0,5,0,0,0,0,0,0,0,0,0,0,0.0,0.0,0.0,0.0,0.0,0.0,0.0,0.0,0.0,0.0,0.0,15
22500236,ORL,HOU,80.6,78.2,"('Anthony Black', 'Desmond Bane')",0.0266666666666666,5,0,0,0,0,0,0,0,0,1,0,0.0,0.0,0.0,0.0,0.0,0.0,0.0,0.0,0.0,0.0,0.0,15
22500236,ORL,HOU,80.6,78.2,"('Anthony Black', 'Franz Wagner')",0.0266666666666666,5,0,0,0,0,0,0,0,0,1,0,0.0,0.0,0.0,0.0,0.0,0.0,0.0,0.0,0.0,0.0,0.0,15
22500236,ORL,HOU,80.6,78.2,"('Anthony Black', 'Jonathan Isaac')",0.0266666666666666,5,0,0,0,0,0,0,0,0,1,0,0.0,0.0,0.0,0.0,0.0,0.0,0.0,0.0,0.0,0.0,0.0,15
22500236,ORL,HOU,80.6,78.2,"('Anthony Black', 'Wendell Carter Jr.')",0.0266666666666666,5,0,0,0,0,0,0,0,0,1,0,0.0,0.0,0.0,0.0,0.0,0.0,0.0,0.0,0.0,0.0,0.0,15
22500236,ORL,HOU,80.6,78.2,"('Desmond Bane', 'Franz Wagner')",0.0266666666666666,5,0,0,0,0,0,0,0,0,1,0,0.0,0.0,0.0,0.0,0.0,0.0,0.0,0.0,0.0,0.0,0.0,15
22500236,ORL,HOU,80.6,78.2,"('Desmond Bane', 'Jonathan Isaac')",0.0266666666666666,5,0,0,0,0,0,0,0,0,1,0,0.0,0.0,0.0,0.0,0.0,0.0,0.0,0.0,0.0,0.0,0.0,15
22500236,ORL,HOU,80.6,78.2,"('Desmond Bane', 'Wendell Carter Jr.')",0.0266666666666666,5,0,0,0,0,0,0,0,0,1,0,0.0,0.0,0.0,0.0,0.0,0.0,0.0,0.0,0.0,0.0,0.0,15
22500236,ORL,HOU,80.6,78.2,"('Franz Wagner', 'Jonathan Isaac')",0.0266666666666666,5,0,0,0,0,0,0,0,0,1,0,0.0,0.0,0.0,0.0,0.0,0.0,0.0,0.0,0.0,0.0,0.0,15
22500236,ORL,HOU,80.6,78.2,"('Franz Wagner', 'Wendell Carter Jr.')",0.0266666666666666,5,0,0,0,0,0,0,0,0,1,0,0.0,0.0,0.0,0.0,0.0,0.0,0.0,0.0,0.0,0.0,0.0,15
22500236,ORL,HOU,80.6,78.2,"('Jonathan Isaac', 'Wendell Carter Jr.')",0.0266666666666666,5,0,0,0,0,0,0,0,0,1,0,0.0,0.0,0.0,0.0,0.0,0.0,0.0,0.0,0.0,0.0,0.0,15
22500236,ORL,HOU,81.4,81.2,"('Desmond Bane', 'Franz Wagner')",0.0,5,0,1,0,0,0,0,0,0,0,0,0.0,0.44,0.0,0.0,0.0,0.0,0.0,0.0,0.0,0.0,0.44,15
22500236,ORL,HOU,81.4,81.2,"('Desmond Bane', 'Goga Bitadze')",0.0,5,0,1,0,0,0,0,0,0,0,0,0.0,0.44,0.0,0.0,0.0,0.0,0.0,0.0,0.0,0.0,0.44,15
22500236,ORL,HOU,81.4,81.2,"('Desmond Bane', 'Jonathan Isaac')",0.0,5,0,1,0,0,0,0,0,0,0,0,0.0,0.44,0.0,0.0,0.0,0.0,0.0,0.0,0.0,0.0,0.44,15
22500236,ORL,HOU,81.4,81.2,"('Desmond Bane', 'Wendell Carter Jr.')",0.0,5,0,1,0,0,0,0,0,0,0,0,0.0,0.44,0.0,0.0,0.0,0.0,0.0,0.0,0.0,0.0,0.44,15
22500236,ORL,HOU,81.4,81.2,"('Franz Wagner', 'Goga Bitadze')",0.0,5,0,1,0,0,0,0,0,0,0,0,0.0,0.44,0.0,0.0,0.0,0.0,0.0,0.0,0.0,0.0,0.44,15
22500236,ORL,HOU,81.4,81.2,"('Franz Wagner', 'Jonathan Isaac')",0.0,5,0,1,0,0,0,0,0,0,0,0,0.0,0.44,0.0,0.0,0.0,0.0,0.0,0.0,0.0,0.0,0.44,15
22500236,ORL,HOU,81.4,81.2,"('Franz Wagner', 'Wendell Carter Jr.')",0.0,5,0,1,0,0,0,0,0,0,0,0,0.0,0.44,0.0,0.0,0.0,0.0,0.0,0.0,0.0,0.0,0.44,15
22500236,ORL,HOU,81.4,81.2,"('Goga Bitadze', 'Jonathan Isaac')",0.0,5,0,1,0,0,0,0,0,0,0,0,0.0,0.44,0.0,0.0,0.0,0.0,0.0,0.0,0.0,0.0,0.44,15
22500236,ORL,HOU,81.4,81.2,"('Goga Bitadze', 'Wendell Carter Jr.')",0.0,5,0,1,0,0,0,0,0,0,0,0,0.0,0.44,0.0,0.0,0.0,0.0,0.0,0.0,0.0,0.0,0.44,15
22500236,ORL,HOU,81.4,81.2,"('Jonathan Isaac', 'Wendell Carter Jr.')",0.0,5,0,1,0,0,0,0,0,0,0,0,0.0,0.44,0.0,0.0,0.0,0.0,0.0,0.0,0.0,0.0,0.44,15
22500236,ORL,HOU,80.4,80.8,"('Desmond Bane', 'Franz Wagner')",0.0116666666666666,5,1,0,0,0,0,0,0,0,0,1,0.44,0.0,0.0,0.0,0.0,0.0,0.0,0.0,0.0,0.0,0.44,15
22500236,ORL,HOU,80.4,80.8,"('Desmond Bane', 'Jett Howard')",0.0116666666666666,5,1,0,0,0,0,0,0,0,0,1,0.44,0.0,0.0,0.0,0.0,0.0,0.0,0.0,0.0,0.0,0.44,15
22500236,ORL,HOU,80.4,80.8,"('Desmond Bane', 'Tristan da Silva')",0.0116666666666666,5,1,0,0,0,0,0,0,0,0,1,0.44,0.0,0.0,0.0,0.0,0.0,0.0,0.0,0.0,0.0,0.44,15
22500236,ORL,HOU,80.4,80.8,"('Desmond Bane', 'Wendell Carter Jr.')",0.0116666666666666,5,1,0,0,0,0,0,0,0,0,1,0.44,0.0,0.0,0.0,0.0,0.0,0.0,0.0,0.0,0.0,0.44,15
22500236,ORL,HOU,80.4,80.8,"('Franz Wagner', 'Jett Howard')",0.0116666666666666,5,1,0,0,0,0,0,0,0,0,1,0.44,0.0,0.0,0.0,0.0,0.0,0.0,0.0,0.0,0.0,0.44,15
22500236,ORL,HOU,80.4,80.8,"('Franz Wagner', 'Tristan da Silva')",0.0116666666666666,5,1,0,0,0,0,0,0,0,0,1,0.44,0.0,0.0,0.0,0.0,0.0,0.0,0.0,0.0,0.0,0.44,15
22500236,ORL,HOU,80.4,80.8,"('Franz Wagner', 'Wendell Carter Jr.')",0.0116666666666666,5,1,0,0,0,0,0,0,0,0,1,0.44,0.0,0.0,0.0,0.0,0.0,0.0,0.0,0.0,0.0,0.44,15
22500236,ORL,HOU,80.4,80.8,"('Jett Howard', 'Tristan da Silva')",0.0116666666666666,5,1,0,0,0,0,0,0,0,0,1,0.44,0.0,0.0,0.0,0.0,0.0,0.0,0.0,0.0,0.0,0.44,15
22500236,ORL,HOU,80.4,80.8,"('Jett Howard', 'Wendell Carter Jr.')",0.0116666666666666,5,1,0,0,0,0,0,0,0,0,1,0.44,0.0,0.0,0.0,0.0,0.0,0.0,0.0,0.0,0.0,0.44,15
22500236,ORL,HOU,80.4,80.8,"('Tristan da Silva', 'Wendell Carter Jr.')",0.0116666666666666,5,1,0,0,0,0,0,0,0,0,1,0.44,0.0,0.0,0.0,0.0,0.0,0.0,0.0,0.0,0.0,0.44,15
22500236,ORL,HOU,80.2,78.2,"('Anthony Black', 'Desmond Bane')",0.0,5,0,1,0,0,0,0,0,0,0,0,0.0,0.44,0.0,0.0,0.0,0.0,0.0,0.0,0.0,0.0,0.44,15
22500236,ORL,HOU,80.2,78.2,"('Anthony Black', 'Franz Wagner')",0.0,5,0,1,0,0,0,0,0,0,0,0,0.0,0.44,0.0,0.0,0.0,0.0,0.0,0.0,0.0,0.0,0.44,15
22500236,ORL,HOU,80.2,78.2,"('Anthony Black', 'Jett Howard')",0.0,5,0,1,0,0,0,0,0,0,0,0,0.0,0.44,0.0,0.0,0.0,0.0,0.0,0.0,0.0,0.0,0.44,15
22500236,ORL,HOU,80.2,78.2,"('Anthony Black', 'Jonathan Isaac')",0.0,5,0,1,0,0,0,0,0,0,0,0,0.0,0.44,0.0,0.0,0.0,0.0,0.0,0.0,0.0,0.0,0.44,15
22500236,ORL,HOU,80.2,78.2,"('Desmond Bane', 'Franz Wagner')",0.0,5,0,1,0,0,0,0,0,0,0,0,0.0,0.44,0.0,0.0,0.0,0.0,0.0,0.0,0.0,0.0,0.44,15
22500236,ORL,HOU,80.2,78.2,"('Desmond Bane', 'Jett Howard')",0.0,5,0,1,0,0,0,0,0,0,0,0,0.0,0.44,0.0,0.0,0.0,0.0,0.0,0.0,0.0,0.0,0.44,15
22500236,ORL,HOU,80.2,78.2,"('Desmond Bane', 'Jonathan Isaac')",0.0,5,0,1,0,0,0,0,0,0,0,0,0.0,0.44,0.0,0.0,0.0,0.0,0.0,0.0,0.0,0.0,0.44,15
22500236,ORL,HOU,80.2,78.2,"('Franz Wagner', 'Jett Howard')",0.0,5,0,1,0,0,0,0,0,0,0,0,0.0,0.44,0.0,0.0,0.0,0.0,0.0,0.0,0.0,0.0,0.44,15
22500236,ORL,HOU,80.2,78.2,"('Franz Wagner', 'Jonathan Isaac')",0.0,5,0,1,0,0,0,0,0,0,0,0,0.0,0.44,0.0,0.0,0.0,0.0,0.0,0.0,0.0,0.0,0.44,15
22500236,ORL,HOU,80.2,78.2,"('Jett Howard', 'Jonathan Isaac')",0.0,5,0,1,0,0,0,0,0,0,0,0,0.0,0.44,0.0,0.0,0.0,0.0,0.0,0.0,0.0,0.0,0.44,15
22500236,ORL,HOU,79.0,80.4,"('Desmond Bane', 'Franz Wagner')",3.0000000000000004,4,3,8,2,3,1,0,0,0,2,1,4.44,4.76,0.0,0.0,0.0,2.0,2.0,0.0,0.0,4.0,9.2,15
22500236,ORL,HOU,79.0,80.4,"('Desmond Bane', 'Goga Bitadze')",3.0000000000000004,4,3,8,2,3,1,0,0,0,2,1,4.44,4.76,0.0,0.0,0.0,2.0,2.0,0.0,0.0,4.0,9.2,15
22500236,ORL,HOU,79.0,80.4,"('Desmond Bane', 'Tristan da Silva')",3.0000000000000004,4,3,8,2,3,1,0,0,0,2,1,4.44,4.76,0.0,0.0,0.0,2.0,2.0,0.0,0.0,4.0,9.2,15
22500236,ORL,HOU,79.0,80.4,"('Desmond Bane', 'Tyus Jones')",3.0000000000000004,4,3,8,2,3,1,0,0,0,2,1,4.44,4.76,0.0,0.0,0.0,2.0,2.0,0.0,0.0,4.0,9.2,15
22500236,ORL,HOU,79.0,80.4,"('Franz Wagner', 'Goga Bitadze')",3.0000000000000004,4,3,8,2,3,1,0,0,0,2,1,4.44,4.76,0.0,0.0,0.0,2.0,2.0,0.0,0.0,4.0,9.2,15
22500236,ORL,HOU,79.0,80.4,"('Franz Wagner', 'Tristan da Silva')",3.0000000000000004,4,3,8,2,3,1,0,0,0,2,1,4.44,4.76,0.0,0.0,0.0,2.0,2.0,0.0,0.0,4.0,9.2,15
22500236,ORL,HOU,79.0,80.4,"('Franz Wagner', 'Tyus Jones')",3.0000000000000004,4,3,8,2,3,1,0,0,0,2,1,4.44,4.76,0.0,0.0,0.0,2.0,2.0,0.0,0.0,4.0,9.2,15
22500236,ORL,HOU,79.0,80.4,"('Goga Bitadze', 'Tristan da Silva')",3.0000000000000004,4,3,8,2,3,1,0,0,0,2,1,4.44,4.76,0.0,0.0,0.0,2.0,2.0,0.0,0.0,4.0,9.2,15
22500236,ORL,HOU,79.0,80.4,"('Goga Bitadze', 'Tyus Jones')",3.0000000000000004,4,3,8,2,3,1,0,0,0,2,1,4.44,4.76,0.0,0.0,0.0,2.0,2.0,0.0,0.0,4.0,9.2,15
22500236,ORL,HOU,79.0,80.4,"('Tristan da Silva', 'Tyus Jones')",3.0000000000000004,4,3,8,2,3,1,0,0,0,2,1,4.44,4.76,0.0,0.0,0.0,2.0,2.0,0.0,0.0,4.0,9.2,15
22500236,ORL,HOU,80.6,80.4,"('Anthony Black', 'Desmond Bane')",0.085,4,2,2,0,1,0,1,0,1,0,1,2.0,2.0,0.0,2.0,0.0,2.0,0.0,0.0,0.0,2.0,4.0,15
22500236,ORL,HOU,80.6,80.4,"('Anthony Black', 'Franz Wagner')",0.085,4,2,2,0,1,0,1,0,1,0,1,2.0,2.0,0.0,2.0,0.0,2.0,0.0,0.0,0.0,2.0,4.0,15
22500236,ORL,HOU,80.6,80.4,"('Anthony Black', 'Jonathan Isaac')",0.085,4,2,2,0,1,0,1,0,1,0,1,2.0,2.0,0.0,2.0,0.0,2.0,0.0,0.0,0.0,2.0,4.0,15
22500236,ORL,HOU,80.6,80.4,"('Anthony Black', 'Wendell Carter Jr.')",0.085,4,2,2,0,1,0,1,0,1,0,1,2.0,2.0,0.0,2.0,0.0,2.0,0.0,0.0,0.0,2.0,4.0,15
22500236,ORL,HOU,80.6,80.4,"('Desmond Bane', 'Franz Wagner')",0.085,4,2,2,0,1,0,1,0,1,0,1,2.0,2.0,0.0,2.0,0.0,2.0,0.0,0.0,0.0,2.0,4.0,15
22500236,ORL,HOU,80.6,80.4,"('Desmond Bane', 'Jonathan Isaac')",0.085,4,2,2,0,1,0,1,0,1,0,1,2.0,2.0,0.0,2.0,0.0,2.0,0.0,0.0,0.0,2.0,4.0,15
22500236,ORL,HOU,80.6,80.4,"('Desmond Bane', 'Wendell Carter Jr.')",0.085,4,2,2,0,1,0,1,0,1,0,1,2.0,2.0,0.0,2.0,0.0,2.0,0.0,0.0,0.0,2.0,4.0,15
22500236,ORL,HOU,80.6,80.4,"('Franz Wagner', 'Jonathan Isaac')",0.085,4,2,2,0,1,0,1,0,1,0,1,2.0,2.0,0.0,2.0,0.0,2.0,0.0,0.0,0.0,2.0,4.0,15
22500236,ORL,HOU,80.6,80.4,"('Franz Wagner', 'Wendell Carter Jr.')",0.085,4,2,2,0,1,0,1,0,1,0,1,2.0,2.0,0.0,2.0,0.0,2.0,0.0,0.0,0.0,2.0,4.0,15
22500236,ORL,HOU,80.6,80.4,"('Jonathan Isaac', 'Wendell Carter Jr.')",0.085,4,2,2,0,1,0,1,0,1,0,1,2.0,2.0,0.0,2.0,0.0,2.0,0.0,0.0,0.0,2.0,4.0,15
22500236,ORL,HOU,80.2,79.0,"('Anthony Black', 'Desmond Bane')",4.915000000000001,5,10,12,1,10,1,3,0,0,2,3,8.76,9.88,0.0,0.0,0.0,4.0,0.0,0.0,2.0,10.0,18.64,15
22500236,ORL,HOU,80.2,79.0,"('Anthony Black', 'Franz Wagner')",4.915000000000001,5,10,12,1,10,1,3,0,0,2,3,8.76,9.88,0.0,0.0,0.0,4.0,0.0,0.0,2.0,10.0,18.64,15
22500236,ORL,HOU,80.2,79.0,"('Anthony Black', 'Tristan da Silva')",4.915000000000001,5,10,12,1,10,1,3,0,0,2,3,8.76,9.88,0.0,0.0,0.0,4.0,0.0,0.0,2.0,10.0,18.64,15
22500236,ORL,HOU,80.2,79.0,"('Anthony Black', 'Wendell Carter Jr.')",4.915000000000001,5,10,12,1,10,1,3,0,0,2,3,8.76,9.88,0.0,0.0,0.0,4.0,0.0,0.0,2.0,10.0,18.64,15
22500236,ORL,HOU,80.2,79.0,"('Desmond Bane', 'Franz Wagner')",4.915000000000001,5,10,12,1,10,1,3,0,0,2,3,8.76,9.88,0.0,0.0,0.0,4.0,0.0,0.0,2.0,10.0,18.64,15
22500236,ORL,HOU,80.2,79.0,"('Desmond Bane', 'Tristan da Silva')",4.915000000000001,5,10,12,1,10,1,3,0,0,2,3,8.76,9.88,0.0,0.0,0.0,4.0,0.0,0.0,2.0,10.0,18.64,15
22500236,ORL,HOU,80.2,79.0,"('Desmond Bane', 'Wendell Carter Jr.')",4.915000000000001,5,10,12,1,10,1,3,0,0,2,3,8.76,9.88,0.0,0.0,0.0,4.0,0.0,0.0,2.0,10.0,18.64,15
22500236,ORL,HOU,80.2,79.0,"('Franz Wagner', 'Tristan da Silva')",4.915000000000001,5,10,12,1,10,1,3,0,0,2,3,8.76,9.88,0.0,0.0,0.0,4.0,0.0,0.0,2.0,10.0,18.64,15
22500236,ORL,HOU,80.2,79.0,"('Franz Wagner', 'Wendell Carter Jr.')",4.915000000000001,5,10,12,1,10,1,3,0,0,2,3,8.76,9.88,0.0,0.0,0.0,4.0,0.0,0.0,2.0,10.0,18.64,15
22500236,ORL,HOU,80.2,79.0,"('Tristan da Silva', 'Wendell Carter Jr.')",4.915000000000001,5,10,12,1,10,1,3,0,0,2,3,8.76,9.88,0.0,0.0,0.0,4.0,0.0,0.0,2.0,10.0,18.64,15
22500236,ORL,HOU,81.0,80.8,"('Desmond Bane', 'Franz Wagner')",0.0,5,0,0,0,0,0,0,0,0,0,0,1.0,0.0,0.0,0.0,0.0,0.0,0.0,0.0,0.0,0.0,1.0,15
22500236,ORL,HOU,81.0,80.8,"('Desmond Bane', 'Goga Bitadze')",0.0,5,0,0,0,0,0,0,0,0,0,0,1.0,0.0,0.0,0.0,0.0,0.0,0.0,0.0,0.0,0.0,1.0,15
22500236,ORL,HOU,81.0,80.8,"('Desmond Bane', 'Jett Howard')",0.0,5,0,0,0,0,0,0,0,0,0,0,1.0,0.0,0.0,0.0,0.0,0.0,0.0,0.0,0.0,0.0,1.0,15
22500236,ORL,HOU,81.0,80.8,"('Desmond Bane', 'Wendell Carter Jr.')",0.0,5,0,0,0,0,0,0,0,0,0,0,1.0,0.0,0.0,0.0,0.0,0.0,0.0,0.0,0.0,0.0,1.0,15
22500236,ORL,HOU,81.0,80.8,"('Franz Wagner', 'Goga Bitadze')",0.0,5,0,0,0,0,0,0,0,0,0,0,1.0,0.0,0.0,0.0,0.0,0.0,0.0,0.0,0.0,0.0,1.0,15
22500236,ORL,HOU,81.0,80.8,"('Franz Wagner', 'Jett Howard')",0.0,5,0,0,0,0,0,0,0,0,0,0,1.0,0.0,0.0,0.0,0.0,0.0,0.0,0.0,0.0,0.0,1.0,15
22500236,ORL,HOU,81.0,80.8,"('Franz Wagner', 'Wendell Carter Jr.')",0.0,5,0,0,0,0,0,0,0,0,0,0,1.0,0.0,0.0,0.0,0.0,0.0,0.0,0.0,0.0,0.0,1.0,15
22500236,ORL,HOU,81.0,80.8,"('Goga Bitadze', 'Jett Howard')",0.0,5,0,0,0,0,0,0,0,0,0,0,1.0,0.0,0.0,0.0,0.0,0.0,0.0,0.0,0.0,0.0,1.0,15
22500236,ORL,HOU,81.0,80.8,"('Goga Bitadze', 'Wendell Carter Jr.')",0.0,5,0,0,0,0,0,0,0,0,0,0,1.0,0.0,0.0,0.0,0.0,0.0,0.0,0.0,0.0,0.0,1.0,15
22500236,ORL,HOU,81.0,80.8,"('Jett Howard', 'Wendell Carter Jr.')",0.0,5,0,0,0,0,0,0,0,0,0,0,1.0,0.0,0.0,0.0,0.0,0.0,0.0,0.0,0.0,0.0,1.0,15
22500236,ORL,HOU,80.8,80.8,"('Anthony Black', 'Franz Wagner')",1.5833333333333337,2,2,1,1,3,0,0,0,0,0,0,2.0,2.44,0.0,0.0,0.0,2.0,0.0,0.0,0.0,0.0,4.44,15
22500236,ORL,HOU,80.8,80.8,"('Anthony Black', 'Goga Bitadze')",1.5833333333333337,2,2,1,1,3,0,0,0,0,0,0,2.0,2.44,0.0,0.0,0.0,2.0,0.0,0.0,0.0,0.0,4.44,15
22500236,ORL,HOU,80.8,80.8,"('Anthony Black', 'Jett Howard')",1.5833333333333337,2,2,1,1,3,0,0,0,0,0,0,2.0,2.44,0.0,0.0,0.0,2.0,0.0,0.0,0.0,0.0,4.44,15
22500236,ORL,HOU,80.8,80.8,"('Anthony Black', 'Tristan da Silva')",1.5833333333333337,2,2,1,1,3,0,0,0,0,0,0,2.0,2.44,0.0,0.0,0.0,2.0,0.0,0.0,0.0,0.0,4.44,15
22500236,ORL,HOU,80.8,80.8,"('Franz Wagner', 'Goga Bitadze')",1.5833333333333337,2,2,1,1,3,0,0,0,0,0,0,2.0,2.44,0.0,0.0,0.0,2.0,0.0,0.0,0.0,0.0,4.44,15
22500236,ORL,HOU,80.8,80.8,"('Franz Wagner', 'Jett Howard')",1.5833333333333337,2,2,1,1,3,0,0,0,0,0,0,2.0,2.44,0.0,0.0,0.0,2.0,0.0,0.0,0.0,0.0,4.44,15
22500236,ORL,HOU,80.8,80.8,"('Franz Wagner', 'Tristan da Silva')",1.5833333333333337,2,2,1,1,3,0,0,0,0,0,0,2.0,2.44,0.0,0.0,0.0,2.0,0.0,0.0,0.0,0.0,4.44,15
22500236,ORL,HOU,80.8,80.8,"('Goga Bitadze', 'Jett Howard')",1.5833333333333337,2,2,1,1,3,0,0,0,0,0,0,2.0,2.44,0.0,0.0,0.0,2.0,0.0,0.0,0.0,0.0,4.44,15
22500236,ORL,HOU,80.8,80.8,"('Goga Bitadze', 'Tristan da Silva')",1.5833333333333337,2,2,1,1,3,0,0,0,0,0,0,2.0,2.44,0.0,0.0,0.0,2.0,0.0,0.0,0.0,0.0,4.44,15
22500236,ORL,HOU,80.8,80.8,"('Jett Howard', 'Tristan da Silva')",1.5833333333333337,2,2,1,1,3,0,0,0,0,0,0,2.0,2.44,0.0,0.0,0.0,2.0,0.0,0.0,0.0,0.0,4.44,15
22500236,ORL,HOU,81.0,79.8,"('Anthony Black', 'Franz Wagner')",2.433333333333333,2,7,4,3,1,2,0,0,0,1,1,5.0,4.88,0.0,0.0,0.0,4.0,0.0,0.0,0.0,0.0,9.88,15
22500236,ORL,HOU,81.0,79.8,"('Anthony Black', 'Jonathan Isaac')",2.433333333333333,2,7,4,3,1,2,0,0,0,1,1,5.0,4.88,0.0,0.0,0.0,4.0,0.0,0.0,0.0,0.0,9.88,15
22500236,ORL,HOU,81.0,79.8,"('Anthony Black', 'Tristan da Silva')",2.433333333333333,2,7,4,3,1,2,0,0,0,1,1,5.0,4.88,0.0,0.0,0.0,4.0,0.0,0.0,0.0,0.0,9.88,15
22500236,ORL,HOU,81.0,79.8,"('Anthony Black', 'Wendell Carter Jr.')",2.433333333333333,2,7,4,3,1,2,0,0,0,1,1,5.0,4.88,0.0,0.0,0.0,4.0,0.0,0.0,0.0,0.0,9.88,15
22500236,ORL,HOU,81.0,79.8,"('Franz Wagner', 'Jonathan Isaac')",2.433333333333333,2,7,4,3,1,2,0,0,0,1,1,5.0,4.88,0.0,0.0,0.0,4.0,0.0,0.0,0.0,0.0,9.88,15
22500236,ORL,HOU,81.0,79.8,"('Franz Wagner', 'Tristan da Silva')",2.433333333333333,2,7,4,3,1,2,0,0,0,1,1,5.0,4.88,0.0,0.0,0.0,4.0,0.0,0.0,0.0,0.0,9.88,15
22500236,ORL,HOU,81.0,79.8,"('Franz Wagner', 'Wendell Carter Jr.')",2.433333333333333,2,7,4,3,1,2,0,0,0,1,1,5.0,4.88,0.0,0.0,0.0,4.0,0.0,0.0,0.0,0.0,9.88,15
22500236,ORL,HOU,81.0,79.8,"('Jonathan Isaac', 'Tristan da Silva')",2.433333333333333,2,7,4,3,1,2,0,0,0,1,1,5.0,4.88,0.0,0.0,0.0,4.0,0.0,0.0,0.0,0.0,9.88,15
22500236,ORL,HOU,81.0,79.8,"('Jonathan Isaac', 'Wendell Carter Jr.')",2.433333333333333,2,7,4,3,1,2,0,0,0,1,1,5.0,4.88,0.0,0.0,0.0,4.0,0.0,0.0,0.0,0.0,9.88,15
22500236,ORL,HOU,81.0,79.8,"('Tristan da Silva', 'Wendell Carter Jr.')",2.433333333333333,2,7,4,3,1,2,0,0,0,1,1,5.0,4.88,0.0,0.0,0.0,4.0,0.0,0.0,0.0,0.0,9.88,15
22500236,ORL,HOU,80.2,80.8,"('Anthony Black', 'Desmond Bane')",2.466666666666667,2,6,4,1,3,1,0,0,2,1,2,5.32,5.88,0.0,0.0,0.0,0.0,0.0,0.0,0.0,2.0,11.2,15
22500236,ORL,HOU,80.2,80.8,"('Anthony Black', 'Franz Wagner')",2.466666666666667,2,6,4,1,3,1,0,0,2,1,2,5.32,5.88,0.0,0.0,0.0,0.0,0.0,0.0,0.0,2.0,11.2,15
22500236,ORL,HOU,80.2,80.8,"('Anthony Black', 'Tristan da Silva')",2.466666666666667,2,6,4,1,3,1,0,0,2,1,2,5.32,5.88,0.0,0.0,0.0,0.0,0.0,0.0,0.0,2.0,11.2,15
22500236,ORL,HOU,80.2,80.8,"('Anthony Black', 'Wendell Carter Jr.')",2.466666666666667,2,6,4,1,3,1,0,0,2,1,2,5.32,5.88,0.0,0.0,0.0,0.0,0.0,0.0,0.0,2.0,11.2,15
22500236,ORL,HOU,80.2,80.8,"('Desmond Bane', 'Franz Wagner')",2.466666666666667,2,6,4,1,3,1,0,0,2,1,2,5.32,5.88,0.0,0.0,0.0,0.0,0.0,0.0,0.0,2.0,11.2,15
22500236,ORL,HOU,80.2,80.8,"('Desmond Bane', 'Tristan da Silva')",2.466666666666667,2,6,4,1,3,1,0,0,2,1,2,5.32,5.88,0.0,0.0,0.0,0.0,0.0,0.0,0.0,2.0,11.2,15
22500236,ORL,HOU,80.2,80.8,"('Desmond Bane', 'Wendell Carter Jr.')",2.466666666666667,2,6,4,1,3,1,0,0,2,1,2,5.32,5.88,0.0,0.0,0.0,0.0,0.0,0.0,0.0,2.0,11.2,15
22500236,ORL,HOU,80.2,80.8,"('Franz Wagner', 'Tristan da Silva')",2.466666666666667,2,6,4,1,3,1,0,0,2,1,2,5.32,5.88,0.0,0.0,0.0,0.0,0.0,0.0,0.0,2.0,11.2,15
22500236,ORL,HOU,80.2,80.8,"('Franz Wagner', 'Wendell Carter Jr.')",2.466666666666667,2,6,4,1,3,1,0,0,2,1,2,5.32,5.88,0.0,0.0,0.0,0.0,0.0,0.0,0.0,2.0,11.2,15
22500236,ORL,HOU,80.2,80.8,"('Tristan da Silva', 'Wendell Carter Jr.')",2.466666666666667,2,6,4,1,3,1,0,0,2,1,2,5.32,5.88,0.0,0.0,0.0,0.0,0.0,0.0,0.0,2.0,11.2,15
22500236,ORL,HOU,80.4,79.0,"('Anthony Black', 'Desmond Bane')",1.2333333333333336,2,3,4,0,2,1,0,0,1,1,0,3.0,2.44,0.0,3.0,0.0,0.0,0.0,0.0,0.0,0.0,5.44,15
22500236,ORL,HOU,80.4,79.0,"('Anthony Black', 'Franz Wagner')",1.2333333333333336,2,3,4,0,2,1,0,0,1,1,0,3.0,2.44,0.0,3.0,0.0,0.0,0.0,0.0,0.0,0.0,5.44,15
22500236,ORL,HOU,80.4,79.0,"('Anthony Black', 'Goga Bitadze')",1.2333333333333336,2,3,4,0,2,1,0,0,1,1,0,3.0,2.44,0.0,3.0,0.0,0.0,0.0,0.0,0.0,0.0,5.44,15
22500236,ORL,HOU,80.4,79.0,"('Anthony Black', 'Jett Howard')",1.2333333333333336,2,3,4,0,2,1,0,0,1,1,0,3.0,2.44,0.0,3.0,0.0,0.0,0.0,0.0,0.0,0.0,5.44,15
22500236,ORL,HOU,80.4,79.0,"('Desmond Bane', 'Franz Wagner')",1.2333333333333336,2,3,4,0,2,1,0,0,1,1,0,3.0,2.44,0.0,3.0,0.0,0.0,0.0,0.0,0.0,0.0,5.44,15
22500236,ORL,HOU,80.4,79.0,"('Desmond Bane', 'Goga Bitadze')",1.2333333333333336,2,3,4,0,2,1,0,0,1,1,0,3.0,2.44,0.0,3.0,0.0,0.0,0.0,0.0,0.0,0.0,5.44,15
22500236,ORL,HOU,80.4,79.0,"('Desmond Bane', 'Jett Howard')",1.2333333333333336,2,3,4,0,2,1,0,0,1,1,0,3.0,2.44,0.0,3.0,0.0,0.0,0.0,0.0,0.0,0.0,5.44,15
22500236,ORL,HOU,80.4,79.0,"('Franz Wagner', 'Goga Bitadze')",1.2333333333333336,2,3,4,0,2,1,0,0,1,1,0,3.0,2.44,0.0,3.0,0.0,0.0,0.0,0.0,0.0,0.0,5.44,15
22500236,ORL,HOU,80.4,79.0,"('Franz Wagner', 'Jett Howard')",1.2333333333333336,2,3,4,0,2,1,0,0,1,1,0,3.0,2.44,0.0,3.0,0.0,0.0,0.0,0.0,0.0,0.0,5.44,15
22500236,ORL,HOU,80.4,79.0,"('Goga Bitadze', 'Jett Howard')",1.2333333333333336,2,3,4,0,2,1,0,0,1,1,0,3.0,2.44,0.0,3.0,0.0,0.0,0.0,0.0,0.0,0.0,5.44,15
22500236,ORL,HOU,80.2,80.8,"('Anthony Black', 'Desmond Bane')",8.783333333333335,1,25,12,8,9,5,2,2,2,2,1,18.44,17.0,11.0,2.0,0.0,12.0,0.0,0.0,0.0,4.0,35.44,15
22500236,ORL,HOU,80.2,80.8,"('Anthony Black', 'Franz Wagner')",8.783333333333335,1,25,12,8,9,5,2,2,2,2,1,18.44,17.0,11.0,2.0,0.0,12.0,0.0,0.0,0.0,4.0,35.44,15
22500236,ORL,HOU,80.2,80.8,"('Anthony Black', 'Tristan da Silva')",8.783333333333335,1,25,12,8,9,5,2,2,2,2,1,18.44,17.0,11.0,2.0,0.0,12.0,0.0,0.0,0.0,4.0,35.44,15
22500236,ORL,HOU,80.2,80.8,"('Anthony Black', 'Wendell Carter Jr.')",8.783333333333335,1,25,12,8,9,5,2,2,2,2,1,18.44,17.0,11.0,2.0,0.0,12.0,0.0,0.0,0.0,4.0,35.44,15
22500236,ORL,HOU,80.2,80.8,"('Desmond Bane', 'Franz Wagner')",8.783333333333335,1,25,12,8,9,5,2,2,2,2,1,18.44,17.0,11.0,2.0,0.0,12.0,0.0,0.0,0.0,4.0,35.44,15
22500236,ORL,HOU,80.2,80.8,"('Desmond Bane', 'Tristan da Silva')",8.783333333333335,1,25,12,8,9,5,2,2,2,2,1,18.44,17.0,11.0,2.0,0.0,12.0,0.0,0.0,0.0,4.0,35.44,15
22500236,ORL,HOU,80.2,80.8,"('Desmond Bane', 'Wendell Carter Jr.')",8.783333333333335,1,25,12,8,9,5,2,2,2,2,1,18.44,17.0,11.0,2.0,0.0,12.0,0.0,0.0,0.0,4.0,35.44,15
22500236,ORL,HOU,80.2,80.8,"('Franz Wagner', 'Tristan da Silva')",8.783333333333335,1,25,12,8,9,5,2,2,2,2,1,18.44,17.0,11.0,2.0,0.0,12.0,0.0,0.0,0.0,4.0,35.44,15
22500236,ORL,HOU,80.2,80.8,"('Franz Wagner', 'Wendell Carter Jr.')",8.783333333333335,1,25,12,8,9,5,2,2,2,2,1,18.44,17.0,11.0,2.0,0.0,12.0,0.0,0.0,0.0,4.0,35.44,15
22500236,ORL,HOU,80.2,80.8,"('Tristan da Silva', 'Wendell Carter Jr.')",8.783333333333335,1,25,12,8,9,5,2,2,2,2,1,18.44,17.0,11.0,2.0,0.0,12.0,0.0,0.0,0.0,4.0,35.44,15
22500236,ORL,HOU,79.0,79.0,"('Desmond Bane', 'Goga Bitadze')",1.55,1,0,5,1,5,0,1,1,1,0,0,5.0,5.44,0.0,0.0,0.0,0.0,0.0,4.0,0.0,4.0,10.44,15
22500236,ORL,HOU,79.0,79.0,"('Desmond Bane', 'Jett Howard')",1.55,1,0,5,1,5,0,1,1,1,0,0,5.0,5.44,0.0,0.0,0.0,0.0,0.0,4.0,0.0,4.0,10.44,15
22500236,ORL,HOU,79.0,79.0,"('Desmond Bane', 'Jonathan Isaac')",1.55,1,0,5,1,5,0,1,1,1,0,0,5.0,5.44,0.0,0.0,0.0,0.0,0.0,4.0,0.0,4.0,10.44,15
22500236,ORL,HOU,79.0,79.0,"('Desmond Bane', 'Tyus Jones')",1.55,1,0,5,1,5,0,1,1,1,0,0,5.0,5.44,0.0,0.0,0.0,0.0,0.0,4.0,0.0,4.0,10.44,15
22500236,ORL,HOU,79.0,79.0,"('Goga Bitadze', 'Jett Howard')",1.55,1,0,5,1,5,0,1,1,1,0,0,5.0,5.44,0.0,0.0,0.0,0.0,0.0,4.0,0.0,4.0,10.44,15
22500236,ORL,HOU,79.0,79.0,"('Goga Bitadze', 'Jonathan Isaac')",1.55,1,0,5,1,5,0,1,1,1,0,0,5.0,5.44,0.0,0.0,0.0,0.0,0.0,4.0,0.0,4.0,10.44,15
22500236,ORL,HOU,79.0,79.0,"('Goga Bitadze', 'Tyus Jones')",1.55,1,0,5,1,5,0,1,1,1,0,0,5.0,5.44,0.0,0.0,0.0,0.0,0.0,4.0,0.0,4.0,10.44,15
22500236,ORL,HOU,79.0,79.0,"('Jett Howard', 'Jonathan Isaac')",1.55,1,0,5,1,5,0,1,1,1,0,0,5.0,5.44,0.0,0.0,0.0,0.0,0.0,4.0,0.0,4.0,10.44,15
22500236,ORL,HOU,79.0,79.0,"('Jett Howard', 'Tyus Jones')",1.55,1,0,5,1,5,0,1,1,1,0,0,5.0,5.44,0.0,0.0,0.0,0.0,0.0,4.0,0.0,4.0,10.44,15
22500236,ORL,HOU,79.0,79.0,"('Jonathan Isaac', 'Tyus Jones')",1.55,1,0,5,1,5,0,1,1,1,0,0,5.0,5.44,0.0,0.0,0.0,0.0,0.0,4.0,0.0,4.0,10.44,15
22500236,ORL,HOU,78.8,80.4,"('Desmond Bane', 'Jett Howard')",3.083333333333333,4,10,4,4,2,2,1,1,1,0,2,7.88,7.0,0.0,0.0,3.0,2.0,0.0,0.0,0.0,4.0,14.88,15
22500236,ORL,HOU,78.8,80.4,"('Desmond Bane', 'Jonathan Isaac')",3.083333333333333,4,10,4,4,2,2,1,1,1,0,2,7.88,7.0,0.0,0.0,3.0,2.0,0.0,0.0,0.0,4.0,14.88,15
22500236,ORL,HOU,78.8,80.4,"('Desmond Bane', 'Tyus Jones')",3.083333333333333,4,10,4,4,2,2,1,1,1,0,2,7.88,7.0,0.0,0.0,3.0,2.0,0.0,0.0,0.0,4.0,14.88,15
22500236,ORL,HOU,78.8,80.4,"('Desmond Bane', 'Wendell Carter Jr.')",3.083333333333333,4,10,4,4,2,2,1,1,1,0,2,7.88,7.0,0.0,0.0,3.0,2.0,0.0,0.0,0.0,4.0,14.88,15
22500236,ORL,HOU,78.8,80.4,"('Jett Howard', 'Jonathan Isaac')",3.083333333333333,4,10,4,4,2,2,1,1,1,0,2,7.88,7.0,0.0,0.0,3.0,2.0,0.0,0.0,0.0,4.0,14.88,15
22500236,ORL,HOU,78.8,80.4,"('Jett Howard', 'Tyus Jones')",3.083333333333333,4,10,4,4,2,2,1,1,1,0,2,7.88,7.0,0.0,0.0,3.0,2.0,0.0,0.0,0.0,4.0,14.88,15
22500236,ORL,HOU,78.8,80.4,"('Jett Howard', 'Wendell Carter Jr.')",3.083333333333333,4,10,4,4,2,2,1,1,1,0,2,7.88,7.0,0.0,0.0,3.0,2.0,0.0,0.0,0.0,4.0,14.88,15
22500236,ORL,HOU,78.8,80.4,"('Jonathan Isaac', 'Tyus Jones')",3.083333333333333,4,10,4,4,2,2,1,1,1,0,2,7.88,7.0,0.0,0.0,3.0,2.0,0.0,0.0,0.0,4.0,14.88,15
22500236,ORL,HOU,78.8,80.4,"('Jonathan Isaac', 'Wendell Carter Jr.')",3.083333333333333,4,10,4,4,2,2,1,1,1,0,2,7.88,7.0,0.0,0.0,3.0,2.0,0.0,0.0,0.0,4.0,14.88,15
22500236,ORL,HOU,78.8,80.4,"('Tyus Jones', 'Wendell Carter Jr.')",3.083333333333333,4,10,4,4,2,2,1,1,1,0,2,7.88,7.0,0.0,0.0,3.0,2.0,0.0,0.0,0.0,4.0,14.88,15
22500236,ORL,HOU,80.2,82.2,"('Anthony Black', 'Desmond Bane')",3.5516666666666663,4,6,8,3,2,1,1,0,0,0,1,5.88,6.0,0.0,0.0,2.0,4.0,0.0,0.0,0.0,2.0,11.88,15
22500236,ORL,HOU,80.2,82.2,"('Anthony Black', 'Franz Wagner')",3.5516666666666663,4,6,8,3,2,1,1,0,0,0,1,5.88,6.0,0.0,0.0,2.0,4.0,0.0,0.0,0.0,2.0,11.88,15
22500236,ORL,HOU,80.2,82.2,"('Anthony Black', 'Tristan da Silva')",3.5516666666666663,4,6,8,3,2,1,1,0,0,0,1,5.88,6.0,0.0,0.0,2.0,4.0,0.0,0.0,0.0,2.0,11.88,15
22500236,ORL,HOU,80.2,82.2,"('Anthony Black', 'Wendell Carter Jr.')",3.5516666666666663,4,6,8,3,2,1,1,0,0,0,1,5.88,6.0,0.0,0.0,2.0,4.0,0.0,0.0,0.0,2.0,11.88,15
22500236,ORL,HOU,80.2,82.2,"('Desmond Bane', 'Franz Wagner')",3.5516666666666663,4,6,8,3,2,1,1,0,0,0,1,5.88,6.0,0.0,0.0,2.0,4.0,0.0,0.0,0.0,2.0,11.88,15
22500236,ORL,HOU,80.2,82.2,"('Desmond Bane', 'Tristan da Silva')",3.5516666666666663,4,6,8,3,2,1,1,0,0,0,1,5.88,6.0,0.0,0.0,2.0,4.0,0.0,0.0,0.0,2.0,11.88,15
22500236,ORL,HOU,80.2,82.2,"('Desmond Bane', 'Wendell Carter Jr.')",3.5516666666666663,4,6,8,3,2,1,1,0,0,0,1,5.88,6.0,0.0,0.0,2.0,4.0,0.0,0.0,0.0,2.0,11.88,15
22500236,ORL,HOU,80.2,82.2,"('Franz Wagner', 'Tristan da Silva')",3.5516666666666663,4,6,8,3,2,1,1,0,0,0,1,5.88,6.0,0.0,0.0,2.0,4.0,0.0,0.0,0.0,2.0,11.88,15
22500236,ORL,HOU,80.2,82.2,"('Franz Wagner', 'Wendell Carter Jr.')",3.5516666666666663,4,6,8,3,2,1,1,0,0,0,1,5.88,6.0,0.0,0.0,2.0,4.0,0.0,0.0,0.0,2.0,11.88,15
22500236,ORL,HOU,80.2,82.2,"('Tristan da Silva', 'Wendell Carter Jr.')",3.5516666666666663,4,6,8,3,2,1,1,0,0,0,1,5.88,6.0,0.0,0.0,2.0,4.0,0.0,0.0,0.0,2.0,11.88,15
22500236,ORL,HOU,80.4,80.4,"('Anthony Black', 'Desmond Bane')",0.8833333333333333,4,1,3,0,1,0,1,0,0,1,0,1.44,2.0,0.0,0.0,0.0,0.0,0.0,0.0,0.0,0.0,3.44,15
22500236,ORL,HOU,80.4,80.4,"('Anthony Black', 'Franz Wagner')",0.8833333333333333,4,1,3,0,1,0,1,0,0,1,0,1.44,2.0,0.0,0.0,0.0,0.0,0.0,0.0,0.0,0.0,3.44,15
22500236,ORL,HOU,80.4,80.4,"('Anthony Black', 'Goga Bitadze')",0.8833333333333333,4,1,3,0,1,0,1,0,0,1,0,1.44,2.0,0.0,0.0,0.0,0.0,0.0,0.0,0.0,0.0,3.44,15
22500236,ORL,HOU,80.4,80.4,"('Anthony Black', 'Tristan da Silva')",0.8833333333333333,4,1,3,0,1,0,1,0,0,1,0,1.44,2.0,0.0,0.0,0.0,0.0,0.0,0.0,0.0,0.0,3.44,15
22500236,ORL,HOU,80.4,80.4,"('Desmond Bane', 'Franz Wagner')",0.8833333333333333,4,1,3,0,1,0,1,0,0,1,0,1.44,2.0,0.0,0.0,0.0,0.0,0.0,0.0,0.0,0.0,3.44,15
22500236,ORL,HOU,80.4,80.4,"('Desmond Bane', 'Goga Bitadze')",0.8833333333333333,4,1,3,0,1,0,1,0,0,1,0,1.44,2.0,0.0,0.0,0.0,0.0,0.0,0.0,0.0,0.0,3.44,15
22500236,ORL,HOU,80.4,80.4,"('Desmond Bane', 'Tristan da Silva')",0.8833333333333333,4,1,3,0,1,0,1,0,0,1,0,1.44,2.0,0.0,0.0,0.0,0.0,0.0,0.0,0.0,0.0,3.44,15
22500236,ORL,HOU,80.4,80.4,"('Franz Wagner', 'Goga Bitadze')",0.8833333333333333,4,1,3,0,1,0,1,0,0,1,0,1.44,2.0,0.0,0.0,0.0,0.0,0.0,0.0,0.0,0.0,3.44,15
22500236,ORL,HOU,80.4,80.4,"('Franz Wagner', 'Tristan da Silva')",0.8833333333333333,4,1,3,0,1,0,1,0,0,1,0,1.44,2.0,0.0,0.0,0.0,0.0,0.0,0.0,0.0,0.0,3.44,15
22500236,ORL,HOU,80.4,80.4,"('Goga Bitadze', 'Tristan da Silva')",0.8833333333333333,4,1,3,0,1,0,1,0,0,1,0,1.44,2.0,0.0,0.0,0.0,0.0,0.0,0.0,0.0,0.0,3.44,15
22500236,ORL,HOU,79.2,80.4,"('Desmond Bane', 'Franz Wagner')",1.0666666666666669,4,0,0,1,2,0,0,1,0,1,1,4.0,2.0,0.0,0.0,0.0,0.0,0.0,0.0,0.0,0.0,6.0,15
22500236,ORL,HOU,79.2,80.4,"('Desmond Bane', 'Jonathan Isaac')",1.0666666666666669,4,0,0,1,2,0,0,1,0,1,1,4.0,2.0,0.0,0.0,0.0,0.0,0.0,0.0,0.0,0.0,6.0,15
22500236,ORL,HOU,79.2,80.4,"('Desmond Bane', 'Tyus Jones')",1.0666666666666669,4,0,0,1,2,0,0,1,0,1,1,4.0,2.0,0.0,0.0,0.0,0.0,0.0,0.0,0.0,0.0,6.0,15
22500236,ORL,HOU,79.2,80.4,"('Desmond Bane', 'Wendell Carter Jr.')",1.0666666666666669,4,0,0,1,2,0,0,1,0,1,1,4.0,2.0,0.0,0.0,0.0,0.0,0.0,0.0,0.0,0.0,6.0,15
22500236,ORL,HOU,79.2,80.4,"('Franz Wagner', 'Jonathan Isaac')",1.0666666666666669,4,0,0,1,2,0,0,1,0,1,1,4.0,2.0,0.0,0.0,0.0,0.0,0.0,0.0,0.0,0.0,6.0,15
22500236,ORL,HOU,79.2,80.4,"('Franz Wagner', 'Tyus Jones')",1.0666666666666669,4,0,0,1,2,0,0,1,0,1,1,4.0,2.0,0.0,0.0,0.0,0.0,0.0,0.0,0.0,0.0,6.0,15
22500236,ORL,HOU,79.2,80.4,"('Franz Wagner', 'Wendell Carter Jr.')",1.0666666666666669,4,0,0,1,2,0,0,1,0,1,1,4.0,2.0,0.0,0.0,0.0,0.0,0.0,0.0,0.0,0.0,6.0,15
22500236,ORL,HOU,79.2,80.4,"('Jonathan Isaac', 'Tyus Jones')",1.0666666666666669,4,0,0,1,2,0,0,1,0,1,1,4.0,2.0,0.0,0.0,0.0,0.0,0.0,0.0,0.0,0.0,6.0,15
22500236,ORL,HOU,79.2,80.4,"('Jonathan Isaac', 'Wendell Carter Jr.')",1.0666666666666669,4,0,0,1,2,0,0,1,0,1,1,4.0,2.0,0.0,0.0,0.0,0.0,0.0,0.0,0.0,0.0,6.0,15
22500236,ORL,HOU,79.2,80.4,"('Tyus Jones', 'Wendell Carter Jr.')",1.0666666666666669,4,0,0,1,2,0,0,1,0,1,1,4.0,2.0,0.0,0.0,0.0,0.0,0.0,0.0,0.0,0.0,6.0,15
22500236,ORL,HOU,80.6,79.0,"('Desmond Bane', 'Franz Wagner')",1.883333333333333,3,5,3,2,3,1,0,0,1,1,1,2.44,3.44,0.0,0.0,2.0,2.0,0.0,0.0,0.0,2.0,5.88,15
22500236,ORL,HOU,80.6,79.0,"('Desmond Bane', 'Goga Bitadze')",1.883333333333333,3,5,3,2,3,1,0,0,1,1,1,2.44,3.44,0.0,0.0,2.0,2.0,0.0,0.0,0.0,2.0,5.88,15
22500236,ORL,HOU,80.6,79.0,"('Desmond Bane', 'Jett Howard')",1.883333333333333,3,5,3,2,3,1,0,0,1,1,1,2.44,3.44,0.0,0.0,2.0,2.0,0.0,0.0,0.0,2.0,5.88,15
22500236,ORL,HOU,80.6,79.0,"('Desmond Bane', 'Tristan da Silva')",1.883333333333333,3,5,3,2,3,1,0,0,1,1,1,2.44,3.44,0.0,0.0,2.0,2.0,0.0,0.0,0.0,2.0,5.88,15
22500236,ORL,HOU,80.6,79.0,"('Franz Wagner', 'Goga Bitadze')",1.883333333333333,3,5,3,2,3,1,0,0,1,1,1,2.44,3.44,0.0,0.0,2.0,2.0,0.0,0.0,0.0,2.0,5.88,15
22500236,ORL,HOU,80.6,79.0,"('Franz Wagner', 'Jett Howard')",1.883333333333333,3,5,3,2,3,1,0,0,1,1,1,2.44,3.44,0.0,0.0,2.0,2.0,0.0,0.0,0.0,2.0,5.88,15
22500236,ORL,HOU,80.6,79.0,"('Franz Wagner', 'Tristan da Silva')",1.883333333333333,3,5,3,2,3,1,0,0,1,1,1,2.44,3.44,0.0,0.0,2.0,2.0,0.0,0.0,0.0,2.0,5.88,15
22500236,ORL,HOU,80.6,79.0,"('Goga Bitadze', 'Jett Howard')",1.883333333333333,3,5,3,2,3,1,0,0,1,1,1,2.44,3.44,0.0,0.0,2.0,2.0,0.0,0.0,0.0,2.0,5.88,15
22500236,ORL,HOU,80.6,79.0,"('Goga Bitadze', 'Tristan da Silva')",1.883333333333333,3,5,3,2,3,1,0,0,1,1,1,2.44,3.44,0.0,0.0,2.0,2.0,0.0,0.0,0.0,2.0,5.88,15
22500236,ORL,HOU,80.6,79.0,"('Jett Howard', 'Tristan da Silva')",1.883333333333333,3,5,3,2,3,1,0,0,1,1,1,2.44,3.44,0.0,0.0,2.0,2.0,0.0,0.0,0.0,2.0,5.88,15
22500236,ORL,HOU,78.8,80.0,"('Desmond Bane', 'Jett Howard')",0.82,3,0,4,1,2,0,0,0,0,2,0,2.0,2.88,0.0,0.0,0.0,0.0,0.0,0.0,0.0,2.0,4.88,15
22500236,ORL,HOU,78.8,80.0,"('Desmond Bane', 'Jonathan Isaac')",0.82,3,0,4,1,2,0,0,0,0,2,0,2.0,2.88,0.0,0.0,0.0,0.0,0.0,0.0,0.0,2.0,4.88,15
22500236,ORL,HOU,78.8,80.0,"('Desmond Bane', 'Tyus Jones')",0.82,3,0,4,1,2,0,0,0,0,2,0,2.0,2.88,0.0,0.0,0.0,0.0,0.0,0.0,0.0,2.0,4.88,15
22500236,ORL,HOU,78.8,80.0,"('Desmond Bane', 'Wendell Carter Jr.')",0.82,3,0,4,1,2,0,0,0,0,2,0,2.0,2.88,0.0,0.0,0.0,0.0,0.0,0.0,0.0,2.0,4.88,15
22500236,ORL,HOU,78.8,80.0,"('Jett Howard', 'Jonathan Isaac')",0.82,3,0,4,1,2,0,0,0,0,2,0,2.0,2.88,0.0,0.0,0.0,0.0,0.0,0.0,0.0,2.0,4.88,15
22500236,ORL,HOU,78.8,80.0,"('Jett Howard', 'Tyus Jones')",0.82,3,0,4,1,2,0,0,0,0,2,0,2.0,2.88,0.0,0.0,0.0,0.0,0.0,0.0,0.0,2.0,4.88,15
22500236,ORL,HOU,78.8,80.0,"('Jett Howard', 'Wendell Carter Jr.')",0.82,3,0,4,1,2,0,0,0,0,2,0,2.0,2.88,0.0,0.0,0.0,0.0,0.0,0.0,0.0,2.0,4.88,15
22500236,ORL,HOU,78.8,80.0,"('Jonathan Isaac', 'Tyus Jones')",0.82,3,0,4,1,2,0,0,0,0,2,0,2.0,2.88,0.0,0.0,0.0,0.0,0.0,0.0,0.0,2.0,4.88,15
22500236,ORL,HOU,78.8,80.0,"('Jonathan Isaac', 'Wendell Carter Jr.')",0.82,3,0,4,1,2,0,0,0,0,2,0,2.0,2.88,0.0,0.0,0.0,0.0,0.0,0.0,0.0,2.0,4.88,15
22500236,ORL,HOU,78.8,80.0,"('Tyus Jones', 'Wendell Carter Jr.')",0.82,3,0,4,1,2,0,0,0,0,2,0,2.0,2.88,0.0,0.0,0.0,0.0,0.0,0.0,0.0,2.0,4.88,15
22500249,ORL,GSW,80.2,76.2,"('Anthony Black', 'Franz Wagner')",2.416666666666667,2,10,5,3,1,1,1,0,2,0,2,5.76,6.0,0.0,2.0,2.0,6.0,0.0,0.0,0.0,2.0,11.76,16
22500249,ORL,GSW,80.2,76.2,"('Anthony Black', 'Goga Bitadze')",2.416666666666667,2,10,5,3,1,1,1,0,2,0,2,5.76,6.0,0.0,2.0,2.0,6.0,0.0,0.0,0.0,2.0,11.76,16
22500249,ORL,GSW,80.2,76.2,"('Anthony Black', 'Jalen Suggs')",2.416666666666667,2,10,5,3,1,1,1,0,2,0,2,5.76,6.0,0.0,2.0,2.0,6.0,0.0,0.0,0.0,2.0,11.76,16
22500249,ORL,GSW,80.2,76.2,"('Anthony Black', 'Tristan da Silva')",2.416666666666667,2,10,5,3,1,1,1,0,2,0,2,5.76,6.0,0.0,2.0,2.0,6.0,0.0,0.0,0.0,2.0,11.76,16
22500249,ORL,GSW,80.2,76.2,"('Franz Wagner', 'Goga Bitadze')",2.416666666666667,2,10,5,3,1,1,1,0,2,0,2,5.76,6.0,0.0,2.0,2.0,6.0,0.0,0.0,0.0,2.0,11.76,16
22500249,ORL,GSW,80.2,76.2,"('Franz Wagner', 'Jalen Suggs')",2.416666666666667,2,10,5,3,1,1,1,0,2,0,2,5.76,6.0,0.0,2.0,2.0,6.0,0.0,0.0,0.0,2.0,11.76,16
22500249,ORL,GSW,80.2,76.2,"('Franz Wagner', 'Tristan da Silva')",2.416666666666667,2,10,5,3,1,1,1,0,2,0,2,5.76,6.0,0.0,2.0,2.0,6.0,0.0,0.0,0.0,2.0,11.76,16
22500249,ORL,GSW,80.2,76.2,"('Goga Bitadze', 'Jalen Suggs')",2.416666666666667,2,10,5,3,1,1,1,0,2,0,2,5.76,6.0,0.0,2.0,2.0,6.0,0.0,0.0,0.0,2.0,11.76,16
22500249,ORL,GSW,80.2,76.2,"('Goga Bitadze', 'Tristan da Silva')",2.416666666666667,2,10,5,3,1,1,1,0,2,0,2,5.76,6.0,0.0,2.0,2.0,6.0,0.0,0.0,0.0,2.0,11.76,16
22500249,ORL,GSW,80.2,76.2,"('Jalen Suggs', 'Tristan da Silva')",2.416666666666667,2,10,5,3,1,1,1,0,2,0,2,5.76,6.0,0.0,2.0,2.0,6.0,0.0,0.0,0.0,2.0,11.76,16
22500249,ORL,GSW,78.6,78.6,"('Anthony Black', 'Desmond Bane')",3.566666666666666,2,9,6,4,4,2,1,1,0,1,2,6.76,7.0,0.0,0.0,0.0,2.0,0.0,0.0,4.0,6.0,13.76,16
22500249,ORL,GSW,78.6,78.6,"('Anthony Black', 'Jonathan Isaac')",3.566666666666666,2,9,6,4,4,2,1,1,0,1,2,6.76,7.0,0.0,0.0,0.0,2.0,0.0,0.0,4.0,6.0,13.76,16
22500249,ORL,GSW,78.6,78.6,"('Anthony Black', 'Tyus Jones')",3.566666666666666,2,9,6,4,4,2,1,1,0,1,2,6.76,7.0,0.0,0.0,0.0,2.0,0.0,0.0,4.0,6.0,13.76,16
22500249,ORL,GSW,78.6,78.6,"('Anthony Black', 'Wendell Carter Jr.')",3.566666666666666,2,9,6,4,4,2,1,1,0,1,2,6.76,7.0,0.0,0.0,0.0,2.0,0.0,0.0,4.0,6.0,13.76,16
22500249,ORL,GSW,78.6,78.6,"('Desmond Bane', 'Jonathan Isaac')",3.566666666666666,2,9,6,4,4,2,1,1,0,1,2,6.76,7.0,0.0,0.0,0.0,2.0,0.0,0.0,4.0,6.0,13.76,16
22500249,ORL,GSW,78.6,78.6,"('Desmond Bane', 'Tyus Jones')",3.566666666666666,2,9,6,4,4,2,1,1,0,1,2,6.76,7.0,0.0,0.0,0.0,2.0,0.0,0.0,4.0,6.0,13.76,16
22500249,ORL,GSW,78.6,78.6,"('Desmond Bane', 'Wendell Carter Jr.')",3.566666666666666,2,9,6,4,4,2,1,1,0,1,2,6.76,7.0,0.0,0.0,0.0,2.0,0.0,0.0,4.0,6.0,13.76,16
22500249,ORL,GSW,78.6,78.6,"('Jonathan Isaac', 'Tyus Jones')",3.566666666666666,2,9,6,4,4,2,1,1,0,1,2,6.76,7.0,0.0,0.0,0.0,2.0,0.0,0.0,4.0,6.0,13.76,16
22500249,ORL,GSW,78.6,78.6,"('Jonathan Isaac', 'Wendell Carter Jr.')",3.566666666666666,2,9,6,4,4,2,1,1,0,1,2,6.76,7.0,0.0,0.0,0.0,2.0,0.0,0.0,4.0,6.0,13.76,16
22500249,ORL,GSW,78.6,78.6,"('Tyus Jones', 'Wendell Carter Jr.')",3.566666666666666,2,9,6,4,4,2,1,1,0,1,2,6.76,7.0,0.0,0.0,0.0,2.0,0.0,0.0,4.0,6.0,13.76,16
22500249,ORL,GSW,80.2,77.0,"('Anthony Black', 'Desmond Bane')",0.975,2,2,0,2,1,1,0,0,1,0,0,2.0,3.0,0.0,0.0,0.0,2.0,0.0,0.0,0.0,0.0,5.0,16
22500249,ORL,GSW,80.2,77.0,"('Anthony Black', 'Franz Wagner')",0.975,2,2,0,2,1,1,0,0,1,0,0,2.0,3.0,0.0,0.0,0.0,2.0,0.0,0.0,0.0,0.0,5.0,16
22500249,ORL,GSW,80.2,77.0,"('Anthony Black', 'Tristan da Silva')",0.975,2,2,0,2,1,1,0,0,1,0,0,2.0,3.0,0.0,0.0,0.0,2.0,0.0,0.0,0.0,0.0,5.0,16
22500249,ORL,GSW,80.2,77.0,"('Anthony Black', 'Wendell Carter Jr.')",0.975,2,2,0,2,1,1,0,0,1,0,0,2.0,3.0,0.0,0.0,0.0,2.0,0.0,0.0,0.0,0.0,5.0,16
22500249,ORL,GSW,80.2,77.0,"('Desmond Bane', 'Franz Wagner')",0.975,2,2,0,2,1,1,0,0,1,0,0,2.0,3.0,0.0,0.0,0.0,2.0,0.0,0.0,0.0,0.0,5.0,16
22500249,ORL,GSW,80.2,77.0,"('Desmond Bane', 'Tristan da Silva')",0.975,2,2,0,2,1,1,0,0,1,0,0,2.0,3.0,0.0,0.0,0.0,2.0,0.0,0.0,0.0,0.0,5.0,16
22500249,ORL,GSW,80.2,77.0,"('Desmond Bane', 'Wendell Carter Jr.')",0.975,2,2,0,2,1,1,0,0,1,0,0,2.0,3.0,0.0,0.0,0.0,2.0,0.0,0.0,0.0,0.0,5.0,16
22500249,ORL,GSW,80.2,77.0,"('Franz Wagner', 'Tristan da Silva')",0.975,2,2,0,2,1,1,0,0,1,0,0,2.0,3.0,0.0,0.0,0.0,2.0,0.0,0.0,0.0,0.0,5.0,16
22500249,ORL,GSW,80.2,77.0,"('Franz Wagner', 'Wendell Carter Jr.')",0.975,2,2,0,2,1,1,0,0,1,0,0,2.0,3.0,0.0,0.0,0.0,2.0,0.0,0.0,0.0,0.0,5.0,16
22500249,ORL,GSW,80.2,77.0,"('Tristan da Silva', 'Wendell Carter Jr.')",0.975,2,2,0,2,1,1,0,0,1,0,0,2.0,3.0,0.0,0.0,0.0,2.0,0.0,0.0,0.0,0.0,5.0,16
22500249,ORL,GSW,78.8,78.8,"('Anthony Black', 'Desmond Bane')",1.01,3,2,3,0,2,1,0,0,0,1,0,2.0,1.44,0.0,0.0,0.0,2.0,0.0,0.0,2.0,2.0,3.44,16
22500249,ORL,GSW,78.8,78.8,"('Anthony Black', 'Goga Bitadze')",1.01,3,2,3,0,2,1,0,0,0,1,0,2.0,1.44,0.0,0.0,0.0,2.0,0.0,0.0,2.0,2.0,3.44,16
22500249,ORL,GSW,78.8,78.8,"('Anthony Black', 'Tyus Jones')",1.01,3,2,3,0,2,1,0,0,0,1,0,2.0,1.44,0.0,0.0,0.0,2.0,0.0,0.0,2.0,2.0,3.44,16
22500249,ORL,GSW,78.8,78.8,"('Anthony Black', 'Wendell Carter Jr.')",1.01,3,2,3,0,2,1,0,0,0,1,0,2.0,1.44,0.0,0.0,0.0,2.0,0.0,0.0,2.0,2.0,3.44,16
22500249,ORL,GSW,78.8,78.8,"('Desmond Bane', 'Goga Bitadze')",1.01,3,2,3,0,2,1,0,0,0,1,0,2.0,1.44,0.0,0.0,0.0,2.0,0.0,0.0,2.0,2.0,3.44,16
22500249,ORL,GSW,78.8,78.8,"('Desmond Bane', 'Tyus Jones')",1.01,3,2,3,0,2,1,0,0,0,1,0,2.0,1.44,0.0,0.0,0.0,2.0,0.0,0.0,2.0,2.0,3.44,16
22500249,ORL,GSW,78.8,78.8,"('Desmond Bane', 'Wendell Carter Jr.')",1.01,3,2,3,0,2,1,0,0,0,1,0,2.0,1.44,0.0,0.0,0.0,2.0,0.0,0.0,2.0,2.0,3.44,16
22500249,ORL,GSW,78.8,78.8,"('Goga Bitadze', 'Tyus Jones')",1.01,3,2,3,0,2,1,0,0,0,1,0,2.0,1.44,0.0,0.0,0.0,2.0,0.0,0.0,2.0,2.0,3.44,16
22500249,ORL,GSW,78.8,78.8,"('Goga Bitadze', 'Wendell Carter Jr.')",1.01,3,2,3,0,2,1,0,0,0,1,0,2.0,1.44,0.0,0.0,0.0,2.0,0.0,0.0,2.0,2.0,3.44,16
22500249,ORL,GSW,78.8,78.8,"('Tyus Jones', 'Wendell Carter Jr.')",1.01,3,2,3,0,2,1,0,0,0,1,0,2.0,1.44,0.0,0.0,0.0,2.0,0.0,0.0,2.0,2.0,3.44,16
22500249,ORL,GSW,79.8,76.4,"('Desmond Bane', 'Franz Wagner')",5.45,3,13,12,5,6,2,4,3,4,3,1,12.88,13.44,5.0,7.0,0.0,8.0,2.0,7.0,2.0,6.0,26.32,16
22500249,ORL,GSW,79.8,76.4,"('Desmond Bane', 'Jalen Suggs')",5.45,3,13,12,5,6,2,4,3,4,3,1,12.88,13.44,5.0,7.0,0.0,8.0,2.0,7.0,2.0,6.0,26.32,16
22500249,ORL,GSW,79.8,76.4,"('Desmond Bane', 'Tristan da Silva')",5.45,3,13,12,5,6,2,4,3,4,3,1,12.88,13.44,5.0,7.0,0.0,8.0,2.0,7.0,2.0,6.0,26.32,16
22500249,ORL,GSW,79.8,76.4,"('Desmond Bane', 'Wendell Carter Jr.')",5.45,3,13,12,5,6,2,4,3,4,3,1,12.88,13.44,5.0,7.0,0.0,8.0,2.0,7.0,2.0,6.0,26.32,16
22500249,ORL,GSW,79.8,76.4,"('Franz Wagner', 'Jalen Suggs')",5.45,3,13,12,5,6,2,4,3,4,3,1,12.88,13.44,5.0,7.0,0.0,8.0,2.0,7.0,2.0,6.0,26.32,16
22500249,ORL,GSW,79.8,76.4,"('Franz Wagner', 'Tristan da Silva')",5.45,3,13,12,5,6,2,4,3,4,3,1,12.88,13.44,5.0,7.0,0.0,8.0,2.0,7.0,2.0,6.0,26.32,16
22500249,ORL,GSW,79.8,76.4,"('Franz Wagner', 'Wendell Carter Jr.')",5.45,3,13,12,5,6,2,4,3,4,3,1,12.88,13.44,5.0,7.0,0.0,8.0,2.0,7.0,2.0,6.0,26.32,16
22500249,ORL,GSW,79.8,76.4,"('Jalen Suggs', 'Tristan da Silva')",5.45,3,13,12,5,6,2,4,3,4,3,1,12.88,13.44,5.0,7.0,0.0,8.0,2.0,7.0,2.0,6.0,26.32,16
22500249,ORL,GSW,79.8,76.4,"('Jalen Suggs', 'Wendell Carter Jr.')",5.45,3,13,12,5,6,2,4,3,4,3,1,12.88,13.44,5.0,7.0,0.0,8.0,2.0,7.0,2.0,6.0,26.32,16
22500249,ORL,GSW,79.8,76.4,"('Tristan da Silva', 'Wendell Carter Jr.')",5.45,3,13,12,5,6,2,4,3,4,3,1,12.88,13.44,5.0,7.0,0.0,8.0,2.0,7.0,2.0,6.0,26.32,16
22500249,ORL,GSW,78.8,78.8,"('Anthony Black', 'Desmond Bane')",2.15,3,5,6,0,1,2,1,0,0,2,1,3.0,2.76,0.0,0.0,0.0,0.0,0.0,0.0,0.0,2.0,5.76,16
22500249,ORL,GSW,78.8,78.8,"('Anthony Black', 'Franz Wagner')",2.15,3,5,6,0,1,2,1,0,0,2,1,3.0,2.76,0.0,0.0,0.0,0.0,0.0,0.0,0.0,2.0,5.76,16
22500249,ORL,GSW,78.8,78.8,"('Anthony Black', 'Goga Bitadze')",2.15,3,5,6,0,1,2,1,0,0,2,1,3.0,2.76,0.0,0.0,0.0,0.0,0.0,0.0,0.0,2.0,5.76,16
22500249,ORL,GSW,78.8,78.8,"('Anthony Black', 'Tyus Jones')",2.15,3,5,6,0,1,2,1,0,0,2,1,3.0,2.76,0.0,0.0,0.0,0.0,0.0,0.0,0.0,2.0,5.76,16
22500249,ORL,GSW,78.8,78.8,"('Desmond Bane', 'Franz Wagner')",2.15,3,5,6,0,1,2,1,0,0,2,1,3.0,2.76,0.0,0.0,0.0,0.0,0.0,0.0,0.0,2.0,5.76,16
22500249,ORL,GSW,78.8,78.8,"('Desmond Bane', 'Goga Bitadze')",2.15,3,5,6,0,1,2,1,0,0,2,1,3.0,2.76,0.0,0.0,0.0,0.0,0.0,0.0,0.0,2.0,5.76,16
22500249,ORL,GSW,78.8,78.8,"('Desmond Bane', 'Tyus Jones')",2.15,3,5,6,0,1,2,1,0,0,2,1,3.0,2.76,0.0,0.0,0.0,0.0,0.0,0.0,0.0,2.0,5.76,16
22500249,ORL,GSW,78.8,78.8,"('Franz Wagner', 'Goga Bitadze')",2.15,3,5,6,0,1,2,1,0,0,2,1,3.0,2.76,0.0,0.0,0.0,0.0,0.0,0.0,0.0,2.0,5.76,16
22500249,ORL,GSW,78.8,78.8,"('Franz Wagner', 'Tyus Jones')",2.15,3,5,6,0,1,2,1,0,0,2,1,3.0,2.76,0.0,0.0,0.0,0.0,0.0,0.0,0.0,2.0,5.76,16
22500249,ORL,GSW,78.8,78.8,"('Goga Bitadze', 'Tyus Jones')",2.15,3,5,6,0,1,2,1,0,0,2,1,3.0,2.76,0.0,0.0,0.0,0.0,0.0,0.0,0.0,2.0,5.76,16
22500249,ORL,GSW,79.8,75.8,"('Anthony Black', 'Desmond Bane')",0.8,2,3,2,2,0,0,1,0,0,0,2,1.32,2.0,0.0,0.0,0.0,0.0,0.0,0.0,0.0,2.0,3.3200000000000003,16
22500249,ORL,GSW,79.8,75.8,"('Anthony Black', 'Franz Wagner')",0.8,2,3,2,2,0,0,1,0,0,0,2,1.32,2.0,0.0,0.0,0.0,0.0,0.0,0.0,0.0,2.0,3.3200000000000003,16
22500249,ORL,GSW,79.8,75.8,"('Anthony Black', 'Goga Bitadze')",0.8,2,3,2,2,0,0,1,0,0,0,2,1.32,2.0,0.0,0.0,0.0,0.0,0.0,0.0,0.0,2.0,3.3200000000000003,16
22500249,ORL,GSW,79.8,75.8,"('Anthony Black', 'Jalen Suggs')",0.8,2,3,2,2,0,0,1,0,0,0,2,1.32,2.0,0.0,0.0,0.0,0.0,0.0,0.0,0.0,2.0,3.3200000000000003,16
22500249,ORL,GSW,79.8,75.8,"('Desmond Bane', 'Franz Wagner')",0.8,2,3,2,2,0,0,1,0,0,0,2,1.32,2.0,0.0,0.0,0.0,0.0,0.0,0.0,0.0,2.0,3.3200000000000003,16
22500249,ORL,GSW,79.8,75.8,"('Desmond Bane', 'Goga Bitadze')",0.8,2,3,2,2,0,0,1,0,0,0,2,1.32,2.0,0.0,0.0,0.0,0.0,0.0,0.0,0.0,2.0,3.3200000000000003,16
22500249,ORL,GSW,79.8,75.8,"('Desmond Bane', 'Jalen Suggs')",0.8,2,3,2,2,0,0,1,0,0,0,2,1.32,2.0,0.0,0.0,0.0,0.0,0.0,0.0,0.0,2.0,3.3200000000000003,16
22500249,ORL,GSW,79.8,75.8,"('Franz Wagner', 'Goga Bitadze')",0.8,2,3,2,2,0,0,1,0,0,0,2,1.32,2.0,0.0,0.0,0.0,0.0,0.0,0.0,0.0,2.0,3.3200000000000003,16
22500249,ORL,GSW,79.8,75.8,"('Franz Wagner', 'Jalen Suggs')",0.8,2,3,2,2,0,0,1,0,0,0,2,1.32,2.0,0.0,0.0,0.0,0.0,0.0,0.0,0.0,2.0,3.3200000000000003,16
22500249,ORL,GSW,79.8,75.8,"('Goga Bitadze', 'Jalen Suggs')",0.8,2,3,2,2,0,0,1,0,0,0,2,1.32,2.0,0.0,0.0,0.0,0.0,0.0,0.0,0.0,2.0,3.3200000000000003,16
22500249,ORL,GSW,80.2,76.8,"('Anthony Black', 'Franz Wagner')",3.0333333333333337,1,12,7,5,2,4,2,0,0,1,1,7.0,7.88,3.0,0.0,2.0,6.0,0.0,0.0,0.0,0.0,14.88,16
22500249,ORL,GSW,80.2,76.8,"('Anthony Black', 'Goga Bitadze')",3.0333333333333337,1,12,7,5,2,4,2,0,0,1,1,7.0,7.88,3.0,0.0,2.0,6.0,0.0,0.0,0.0,0.0,14.88,16
22500249,ORL,GSW,80.2,76.8,"('Anthony Black', 'Jalen Suggs')",3.0333333333333337,1,12,7,5,2,4,2,0,0,1,1,7.0,7.88,3.0,0.0,2.0,6.0,0.0,0.0,0.0,0.0,14.88,16
22500249,ORL,GSW,80.2,76.8,"('Anthony Black', 'Tristan da Silva')",3.0333333333333337,1,12,7,5,2,4,2,0,0,1,1,7.0,7.88,3.0,0.0,2.0,6.0,0.0,0.0,0.0,0.0,14.88,16
22500249,ORL,GSW,80.2,76.8,"('Franz Wagner', 'Goga Bitadze')",3.0333333333333337,1,12,7,5,2,4,2,0,0,1,1,7.0,7.88,3.0,0.0,2.0,6.0,0.0,0.0,0.0,0.0,14.88,16
22500249,ORL,GSW,80.2,76.8,"('Franz Wagner', 'Jalen Suggs')",3.0333333333333337,1,12,7,5,2,4,2,0,0,1,1,7.0,7.88,3.0,0.0,2.0,6.0,0.0,0.0,0.0,0.0,14.88,16
22500249,ORL,GSW,80.2,76.8,"('Franz Wagner', 'Tristan da Silva')",3.0333333333333337,1,12,7,5,2,4,2,0,0,1,1,7.0,7.88,3.0,0.0,2.0,6.0,0.0,0.0,0.0,0.0,14.88,16
22500249,ORL,GSW,80.2,76.8,"('Goga Bitadze', 'Jalen Suggs')",3.0333333333333337,1,12,7,5,2,4,2,0,0,1,1,7.0,7.88,3.0,0.0,2.0,6.0,0.0,0.0,0.0,0.0,14.88,16
22500249,ORL,GSW,80.2,76.8,"('Goga Bitadze', 'Tristan da Silva')",3.0333333333333337,1,12,7,5,2,4,2,0,0,1,1,7.0,7.88,3.0,0.0,2.0,6.0,0.0,0.0,0.0,0.0,14.88,16
22500249,ORL,GSW,80.2,76.8,"('Jalen Suggs', 'Tristan da Silva')",3.0333333333333337,1,12,7,5,2,4,2,0,0,1,1,7.0,7.88,3.0,0.0,2.0,6.0,0.0,0.0,0.0,0.0,14.88,16
22500249,ORL,GSW,80.0,76.2,"('Anthony Black', 'Desmond Bane')",0.1066666666666666,1,0,3,0,0,0,0,0,0,0,0,0.0,1.0,0.0,0.0,0.0,0.0,3.0,0.0,0.0,0.0,1.0,16
22500249,ORL,GSW,80.0,76.2,"('Anthony Black', 'Jamal Cain')",0.1066666666666666,1,0,3,0,0,0,0,0,0,0,0,0.0,1.0,0.0,0.0,0.0,0.0,3.0,0.0,0.0,0.0,1.0,16
22500249,ORL,GSW,80.0,76.2,"('Anthony Black', 'Jonathan Isaac')",0.1066666666666666,1,0,3,0,0,0,0,0,0,0,0,0.0,1.0,0.0,0.0,0.0,0.0,3.0,0.0,0.0,0.0,1.0,16
22500249,ORL,GSW,80.0,76.2,"('Anthony Black', 'Wendell Carter Jr.')",0.1066666666666666,1,0,3,0,0,0,0,0,0,0,0,0.0,1.0,0.0,0.0,0.0,0.0,3.0,0.0,0.0,0.0,1.0,16
22500249,ORL,GSW,80.0,76.2,"('Desmond Bane', 'Jamal Cain')",0.1066666666666666,1,0,3,0,0,0,0,0,0,0,0,0.0,1.0,0.0,0.0,0.0,0.0,3.0,0.0,0.0,0.0,1.0,16
22500249,ORL,GSW,80.0,76.2,"('Desmond Bane', 'Jonathan Isaac')",0.1066666666666666,1,0,3,0,0,0,0,0,0,0,0,0.0,1.0,0.0,0.0,0.0,0.0,3.0,0.0,0.0,0.0,1.0,16
22500249,ORL,GSW,80.0,76.2,"('Desmond Bane', 'Wendell Carter Jr.')",0.1066666666666666,1,0,3,0,0,0,0,0,0,0,0,0.0,1.0,0.0,0.0,0.0,0.0,3.0,0.0,0.0,0.0,1.0,16
22500249,ORL,GSW,80.0,76.2,"('Jamal Cain', 'Jonathan Isaac')",0.1066666666666666,1,0,3,0,0,0,0,0,0,0,0,0.0,1.0,0.0,0.0,0.0,0.0,3.0,0.0,0.0,0.0,1.0,16
22500249,ORL,GSW,80.0,76.2,"('Jamal Cain', 'Wendell Carter Jr.')",0.1066666666666666,1,0,3,0,0,0,0,0,0,0,0,0.0,1.0,0.0,0.0,0.0,0.0,3.0,0.0,0.0,0.0,1.0,16
22500249,ORL,GSW,80.0,76.2,"('Jonathan Isaac', 'Wendell Carter Jr.')",0.1066666666666666,1,0,3,0,0,0,0,0,0,0,0,0.0,1.0,0.0,0.0,0.0,0.0,3.0,0.0,0.0,0.0,1.0,16
22500249,ORL,GSW,79.8,76.4,"('Desmond Bane', 'Franz Wagner')",5.616666666666666,1,17,18,5,2,3,5,2,1,2,1,12.88,11.88,6.0,2.0,0.0,8.0,3.0,3.0,0.0,4.0,24.76,16
22500249,ORL,GSW,79.8,76.4,"('Desmond Bane', 'Jalen Suggs')",5.616666666666666,1,17,18,5,2,3,5,2,1,2,1,12.88,11.88,6.0,2.0,0.0,8.0,3.0,3.0,0.0,4.0,24.76,16
22500249,ORL,GSW,79.8,76.4,"('Desmond Bane', 'Tristan da Silva')",5.616666666666666,1,17,18,5,2,3,5,2,1,2,1,12.88,11.88,6.0,2.0,0.0,8.0,3.0,3.0,0.0,4.0,24.76,16
22500249,ORL,GSW,79.8,76.4,"('Desmond Bane', 'Wendell Carter Jr.')",5.616666666666666,1,17,18,5,2,3,5,2,1,2,1,12.88,11.88,6.0,2.0,0.0,8.0,3.0,3.0,0.0,4.0,24.76,16
22500249,ORL,GSW,79.8,76.4,"('Franz Wagner', 'Jalen Suggs')",5.616666666666666,1,17,18,5,2,3,5,2,1,2,1,12.88,11.88,6.0,2.0,0.0,8.0,3.0,3.0,0.0,4.0,24.76,16
22500249,ORL,GSW,79.8,76.4,"('Franz Wagner', 'Tristan da Silva')",5.616666666666666,1,17,18,5,2,3,5,2,1,2,1,12.88,11.88,6.0,2.0,0.0,8.0,3.0,3.0,0.0,4.0,24.76,16
22500249,ORL,GSW,79.8,76.4,"('Franz Wagner', 'Wendell Carter Jr.')",5.616666666666666,1,17,18,5,2,3,5,2,1,2,1,12.88,11.88,6.0,2.0,0.0,8.0,3.0,3.0,0.0,4.0,24.76,16
22500249,ORL,GSW,79.8,76.4,"('Jalen Suggs', 'Tristan da Silva')",5.616666666666666,1,17,18,5,2,3,5,2,1,2,1,12.88,11.88,6.0,2.0,0.0,8.0,3.0,3.0,0.0,4.0,24.76,16
22500249,ORL,GSW,79.8,76.4,"('Jalen Suggs', 'Wendell Carter Jr.')",5.616666666666666,1,17,18,5,2,3,5,2,1,2,1,12.88,11.88,6.0,2.0,0.0,8.0,3.0,3.0,0.0,4.0,24.76,16
22500249,ORL,GSW,79.8,76.4,"('Tristan da Silva', 'Wendell Carter Jr.')",5.616666666666666,1,17,18,5,2,3,5,2,1,2,1,12.88,11.88,6.0,2.0,0.0,8.0,3.0,3.0,0.0,4.0,24.76,16
22500249,ORL,GSW,79.6,77.2,"('Anthony Black', 'Desmond Bane')",6.613333333333332,4,18,15,5,5,4,3,2,4,3,2,16.2,16.32,2.0,0.0,4.0,10.0,0.0,2.0,0.0,6.0,32.52,16
22500249,ORL,GSW,79.6,77.2,"('Anthony Black', 'Franz Wagner')",6.613333333333332,4,18,15,5,5,4,3,2,4,3,2,16.2,16.32,2.0,0.0,4.0,10.0,0.0,2.0,0.0,6.0,32.52,16
22500249,ORL,GSW,79.6,77.2,"('Anthony Black', 'Jalen Suggs')",6.613333333333332,4,18,15,5,5,4,3,2,4,3,2,16.2,16.32,2.0,0.0,4.0,10.0,0.0,2.0,0.0,6.0,32.52,16
22500249,ORL,GSW,79.6,77.2,"('Anthony Black', 'Wendell Carter Jr.')",6.613333333333332,4,18,15,5,5,4,3,2,4,3,2,16.2,16.32,2.0,0.0,4.0,10.0,0.0,2.0,0.0,6.0,32.52,16
22500249,ORL,GSW,79.6,77.2,"('Desmond Bane', 'Franz Wagner')",6.613333333333332,4,18,15,5,5,4,3,2,4,3,2,16.2,16.32,2.0,0.0,4.0,10.0,0.0,2.0,0.0,6.0,32.52,16
22500249,ORL,GSW,79.6,77.2,"('Desmond Bane', 'Jalen Suggs')",6.613333333333332,4,18,15,5,5,4,3,2,4,3,2,16.2,16.32,2.0,0.0,4.0,10.0,0.0,2.0,0.0,6.0,32.52,16
22500249,ORL,GSW,79.6,77.2,"('Desmond Bane', 'Wendell Carter Jr.')",6.613333333333332,4,18,15,5,5,4,3,2,4,3,2,16.2,16.32,2.0,0.0,4.0,10.0,0.0,2.0,0.0,6.0,32.52,16
22500249,ORL,GSW,79.6,77.2,"('Franz Wagner', 'Jalen Suggs')",6.613333333333332,4,18,15,5,5,4,3,2,4,3,2,16.2,16.32,2.0,0.0,4.0,10.0,0.0,2.0,0.0,6.0,32.52,16
22500249,ORL,GSW,79.6,77.2,"('Franz Wagner', 'Wendell Carter Jr.')",6.613333333333332,4,18,15,5,5,4,3,2,4,3,2,16.2,16.32,2.0,0.0,4.0,10.0,0.0,2.0,0.0,6.0,32.52,16
22500249,ORL,GSW,79.6,77.2,"('Jalen Suggs', 'Wendell Carter Jr.')",6.613333333333332,4,18,15,5,5,4,3,2,4,3,2,16.2,16.32,2.0,0.0,4.0,10.0,0.0,2.0,0.0,6.0,32.52,16
22500249,ORL,GSW,78.2,78.6,"('Anthony Black', 'Desmond Bane')",3.5499999999999994,4,10,9,5,2,3,2,1,0,2,0,8.0,7.32,4.0,0.0,2.0,10.0,2.0,0.0,0.0,6.0,15.32,16
22500249,ORL,GSW,78.2,78.6,"('Anthony Black', 'Tristan da Silva')",3.5499999999999994,4,10,9,5,2,3,2,1,0,2,0,8.0,7.32,4.0,0.0,2.0,10.0,2.0,0.0,0.0,6.0,15.32,16
22500249,ORL,GSW,78.2,78.6,"('Anthony Black', 'Tyus Jones')",3.5499999999999994,4,10,9,5,2,3,2,1,0,2,0,8.0,7.32,4.0,0.0,2.0,10.0,2.0,0.0,0.0,6.0,15.32,16
22500249,ORL,GSW,78.2,78.6,"('Anthony Black', 'Wendell Carter Jr.')",3.5499999999999994,4,10,9,5,2,3,2,1,0,2,0,8.0,7.32,4.0,0.0,2.0,10.0,2.0,0.0,0.0,6.0,15.32,16
22500249,ORL,GSW,78.2,78.6,"('Desmond Bane', 'Tristan da Silva')",3.5499999999999994,4,10,9,5,2,3,2,1,0,2,0,8.0,7.32,4.0,0.0,2.0,10.0,2.0,0.0,0.0,6.0,15.32,16
22500249,ORL,GSW,78.2,78.6,"('Desmond Bane', 'Tyus Jones')",3.5499999999999994,4,10,9,5,2,3,2,1,0,2,0,8.0,7.32,4.0,0.0,2.0,10.0,2.0,0.0,0.0,6.0,15.32,16
22500249,ORL,GSW,78.2,78.6,"('Desmond Bane', 'Wendell Carter Jr.')",3.5499999999999994,4,10,9,5,2,3,2,1,0,2,0,8.0,7.32,4.0,0.0,2.0,10.0,2.0,0.0,0.0,6.0,15.32,16
22500249,ORL,GSW,78.2,78.6,"('Tristan da Silva', 'Tyus Jones')",3.5499999999999994,4,10,9,5,2,3,2,1,0,2,0,8.0,7.32,4.0,0.0,2.0,10.0,2.0,0.0,0.0,6.0,15.32,16
22500249,ORL,GSW,78.2,78.6,"('Tristan da Silva', 'Wendell Carter Jr.')",3.5499999999999994,4,10,9,5,2,3,2,1,0,2,0,8.0,7.32,4.0,0.0,2.0,10.0,2.0,0.0,0.0,6.0,15.32,16
22500249,ORL,GSW,78.2,78.6,"('Tyus Jones', 'Wendell Carter Jr.')",3.5499999999999994,4,10,9,5,2,3,2,1,0,2,0,8.0,7.32,4.0,0.0,2.0,10.0,2.0,0.0,0.0,6.0,15.32,16
22500249,ORL,GSW,78.6,76.2,"('Anthony Black', 'Desmond Bane')",1.3,4,0,4,0,2,0,1,0,1,0,2,3.0,3.0,0.0,0.0,0.0,0.0,0.0,0.0,0.0,4.0,6.0,16
22500249,ORL,GSW,78.6,76.2,"('Anthony Black', 'Franz Wagner')",1.3,4,0,4,0,2,0,1,0,1,0,2,3.0,3.0,0.0,0.0,0.0,0.0,0.0,0.0,0.0,4.0,6.0,16
22500249,ORL,GSW,78.6,76.2,"('Anthony Black', 'Tyus Jones')",1.3,4,0,4,0,2,0,1,0,1,0,2,3.0,3.0,0.0,0.0,0.0,0.0,0.0,0.0,0.0,4.0,6.0,16
22500249,ORL,GSW,78.6,76.2,"('Anthony Black', 'Wendell Carter Jr.')",1.3,4,0,4,0,2,0,1,0,1,0,2,3.0,3.0,0.0,0.0,0.0,0.0,0.0,0.0,0.0,4.0,6.0,16
22500249,ORL,GSW,78.6,76.2,"('Desmond Bane', 'Franz Wagner')",1.3,4,0,4,0,2,0,1,0,1,0,2,3.0,3.0,0.0,0.0,0.0,0.0,0.0,0.0,0.0,4.0,6.0,16
22500249,ORL,GSW,78.6,76.2,"('Desmond Bane', 'Tyus Jones')",1.3,4,0,4,0,2,0,1,0,1,0,2,3.0,3.0,0.0,0.0,0.0,0.0,0.0,0.0,0.0,4.0,6.0,16
22500249,ORL,GSW,78.6,76.2,"('Desmond Bane', 'Wendell Carter Jr.')",1.3,4,0,4,0,2,0,1,0,1,0,2,3.0,3.0,0.0,0.0,0.0,0.0,0.0,0.0,0.0,4.0,6.0,16
22500249,ORL,GSW,78.6,76.2,"('Franz Wagner', 'Tyus Jones')",1.3,4,0,4,0,2,0,1,0,1,0,2,3.0,3.0,0.0,0.0,0.0,0.0,0.0,0.0,0.0,4.0,6.0,16
22500249,ORL,GSW,78.6,76.2,"('Franz Wagner', 'Wendell Carter Jr.')",1.3,4,0,4,0,2,0,1,0,1,0,2,3.0,3.0,0.0,0.0,0.0,0.0,0.0,0.0,0.0,4.0,6.0,16
22500249,ORL,GSW,78.6,76.2,"('Tyus Jones', 'Wendell Carter Jr.')",1.3,4,0,4,0,2,0,1,0,1,0,2,3.0,3.0,0.0,0.0,0.0,0.0,0.0,0.0,0.0,4.0,6.0,16
22500249,ORL,GSW,80.2,78.0,"('Anthony Black', 'Franz Wagner')",3.0,3,6,4,4,3,3,1,1,1,0,1,6.0,7.0,2.0,2.0,0.0,6.0,2.0,2.0,0.0,4.0,13.0,16
22500249,ORL,GSW,80.2,78.0,"('Anthony Black', 'Goga Bitadze')",3.0,3,6,4,4,3,3,1,1,1,0,1,6.0,7.0,2.0,2.0,0.0,6.0,2.0,2.0,0.0,4.0,13.0,16
22500249,ORL,GSW,80.2,78.0,"('Anthony Black', 'Jalen Suggs')",3.0,3,6,4,4,3,3,1,1,1,0,1,6.0,7.0,2.0,2.0,0.0,6.0,2.0,2.0,0.0,4.0,13.0,16
22500249,ORL,GSW,80.2,78.0,"('Anthony Black', 'Tristan da Silva')",3.0,3,6,4,4,3,3,1,1,1,0,1,6.0,7.0,2.0,2.0,0.0,6.0,2.0,2.0,0.0,4.0,13.0,16
22500249,ORL,GSW,80.2,78.0,"('Franz Wagner', 'Goga Bitadze')",3.0,3,6,4,4,3,3,1,1,1,0,1,6.0,7.0,2.0,2.0,0.0,6.0,2.0,2.0,0.0,4.0,13.0,16
22500249,ORL,GSW,80.2,78.0,"('Franz Wagner', 'Jalen Suggs')",3.0,3,6,4,4,3,3,1,1,1,0,1,6.0,7.0,2.0,2.0,0.0,6.0,2.0,2.0,0.0,4.0,13.0,16
22500249,ORL,GSW,80.2,78.0,"('Franz Wagner', 'Tristan da Silva')",3.0,3,6,4,4,3,3,1,1,1,0,1,6.0,7.0,2.0,2.0,0.0,6.0,2.0,2.0,0.0,4.0,13.0,16
22500249,ORL,GSW,80.2,78.0,"('Goga Bitadze', 'Jalen Suggs')",3.0,3,6,4,4,3,3,1,1,1,0,1,6.0,7.0,2.0,2.0,0.0,6.0,2.0,2.0,0.0,4.0,13.0,16
22500249,ORL,GSW,80.2,78.0,"('Goga Bitadze', 'Tristan da Silva')",3.0,3,6,4,4,3,3,1,1,1,0,1,6.0,7.0,2.0,2.0,0.0,6.0,2.0,2.0,0.0,4.0,13.0,16
22500249,ORL,GSW,80.2,78.0,"('Jalen Suggs', 'Tristan da Silva')",3.0,3,6,4,4,3,3,1,1,1,0,1,6.0,7.0,2.0,2.0,0.0,6.0,2.0,2.0,0.0,4.0,13.0,16
22500249,ORL,GSW,78.2,77.2,"('Anthony Black', 'Desmond Bane')",0.0283333333333333,3,0,0,1,0,0,0,0,0,0,0,0.0,1.0,0.0,0.0,0.0,0.0,0.0,0.0,0.0,0.0,1.0,16
22500249,ORL,GSW,78.2,77.2,"('Anthony Black', 'Tristan da Silva')",0.0283333333333333,3,0,0,1,0,0,0,0,0,0,0,0.0,1.0,0.0,0.0,0.0,0.0,0.0,0.0,0.0,0.0,1.0,16
22500249,ORL,GSW,78.2,77.2,"('Anthony Black', 'Tyus Jones')",0.0283333333333333,3,0,0,1,0,0,0,0,0,0,0,0.0,1.0,0.0,0.0,0.0,0.0,0.0,0.0,0.0,0.0,1.0,16
22500249,ORL,GSW,78.2,77.2,"('Anthony Black', 'Wendell Carter Jr.')",0.0283333333333333,3,0,0,1,0,0,0,0,0,0,0,0.0,1.0,0.0,0.0,0.0,0.0,0.0,0.0,0.0,0.0,1.0,16
22500249,ORL,GSW,78.2,77.2,"('Desmond Bane', 'Tristan da Silva')",0.0283333333333333,3,0,0,1,0,0,0,0,0,0,0,0.0,1.0,0.0,0.0,0.0,0.0,0.0,0.0,0.0,0.0,1.0,16
22500249,ORL,GSW,78.2,77.2,"('Desmond Bane', 'Tyus Jones')",0.0283333333333333,3,0,0,1,0,0,0,0,0,0,0,0.0,1.0,0.0,0.0,0.0,0.0,0.0,0.0,0.0,0.0,1.0,16
22500249,ORL,GSW,78.2,77.2,"('Desmond Bane', 'Wendell Carter Jr.')",0.0283333333333333,3,0,0,1,0,0,0,0,0,0,0,0.0,1.0,0.0,0.0,0.0,0.0,0.0,0.0,0.0,0.0,1.0,16
22500249,ORL,GSW,78.2,77.2,"('Tristan da Silva', 'Tyus Jones')",0.0283333333333333,3,0,0,1,0,0,0,0,0,0,0,0.0,1.0,0.0,0.0,0.0,0.0,0.0,0.0,0.0,0.0,1.0,16
22500249,ORL,GSW,78.2,77.2,"('Tristan da Silva', 'Wendell Carter Jr.')",0.0283333333333333,3,0,0,1,0,0,0,0,0,0,0,0.0,1.0,0.0,0.0,0.0,0.0,0.0,0.0,0.0,0.0,1.0,16
22500249,ORL,GSW,78.2,77.2,"('Tyus Jones', 'Wendell Carter Jr.')",0.0283333333333333,3,0,0,1,0,0,0,0,0,0,0,0.0,1.0,0.0,0.0,0.0,0.0,0.0,0.0,0.0,0.0,1.0,16
22500249,ORL,GSW,79.2,78.8,"('Anthony Black', 'Franz Wagner')",0.0,3,0,0,0,0,0,0,0,0,0,0,0.0,0.0,0.0,0.0,0.0,0.0,0.0,0.0,0.0,0.0,0.0,16
22500249,ORL,GSW,79.2,78.8,"('Anthony Black', 'Goga Bitadze')",0.0,3,0,0,0,0,0,0,0,0,0,0,0.0,0.0,0.0,0.0,0.0,0.0,0.0,0.0,0.0,0.0,0.0,16
22500249,ORL,GSW,79.2,78.8,"('Anthony Black', 'Tristan da Silva')",0.0,3,0,0,0,0,0,0,0,0,0,0,0.0,0.0,0.0,0.0,0.0,0.0,0.0,0.0,0.0,0.0,0.0,16
22500249,ORL,GSW,79.2,78.8,"('Anthony Black', 'Tyus Jones')",0.0,3,0,0,0,0,0,0,0,0,0,0,0.0,0.0,0.0,0.0,0.0,0.0,0.0,0.0,0.0,0.0,0.0,16
22500249,ORL,GSW,79.2,78.8,"('Franz Wagner', 'Goga Bitadze')",0.0,3,0,0,0,0,0,0,0,0,0,0,0.0,0.0,0.0,0.0,0.0,0.0,0.0,0.0,0.0,0.0,0.0,16
22500249,ORL,GSW,79.2,78.8,"('Franz Wagner', 'Tristan da Silva')",0.0,3,0,0,0,0,0,0,0,0,0,0,0.0,0.0,0.0,0.0,0.0,0.0,0.0,0.0,0.0,0.0,0.0,16
22500249,ORL,GSW,79.2,78.8,"('Franz Wagner', 'Tyus Jones')",0.0,3,0,0,0,0,0,0,0,0,0,0,0.0,0.0,0.0,0.0,0.0,0.0,0.0,0.0,0.0,0.0,0.0,16
22500249,ORL,GSW,79.2,78.8,"('Goga Bitadze', 'Tristan da Silva')",0.0,3,0,0,0,0,0,0,0,0,0,0,0.0,0.0,0.0,0.0,0.0,0.0,0.0,0.0,0.0,0.0,0.0,16
22500249,ORL,GSW,79.2,78.8,"('Goga Bitadze', 'Tyus Jones')",0.0,3,0,0,0,0,0,0,0,0,0,0,0.0,0.0,0.0,0.0,0.0,0.0,0.0,0.0,0.0,0.0,0.0,16
22500249,ORL,GSW,79.2,78.8,"('Tristan da Silva', 'Tyus Jones')",0.0,3,0,0,0,0,0,0,0,0,0,0,0.0,0.0,0.0,0.0,0.0,0.0,0.0,0.0,0.0,0.0,0.0,16
22500249,ORL,GSW,80.0,76.6,"('Desmond Bane', 'Franz Wagner')",1.0666666666666669,2,1,5,0,0,0,2,1,1,0,0,2.44,3.0,0.0,0.0,0.0,0.0,2.0,2.0,0.0,2.0,5.44,16
22500249,ORL,GSW,80.0,76.6,"('Desmond Bane', 'Goga Bitadze')",1.0666666666666669,2,1,5,0,0,0,2,1,1,0,0,2.44,3.0,0.0,0.0,0.0,0.0,2.0,2.0,0.0,2.0,5.44,16
22500249,ORL,GSW,80.0,76.6,"('Desmond Bane', 'Jalen Suggs')",1.0666666666666669,2,1,5,0,0,0,2,1,1,0,0,2.44,3.0,0.0,0.0,0.0,0.0,2.0,2.0,0.0,2.0,5.44,16
22500249,ORL,GSW,80.0,76.6,"('Desmond Bane', 'Tristan da Silva')",1.0666666666666669,2,1,5,0,0,0,2,1,1,0,0,2.44,3.0,0.0,0.0,0.0,0.0,2.0,2.0,0.0,2.0,5.44,16
22500249,ORL,GSW,80.0,76.6,"('Franz Wagner', 'Goga Bitadze')",1.0666666666666669,2,1,5,0,0,0,2,1,1,0,0,2.44,3.0,0.0,0.0,0.0,0.0,2.0,2.0,0.0,2.0,5.44,16
22500249,ORL,GSW,80.0,76.6,"('Franz Wagner', 'Jalen Suggs')",1.0666666666666669,2,1,5,0,0,0,2,1,1,0,0,2.44,3.0,0.0,0.0,0.0,0.0,2.0,2.0,0.0,2.0,5.44,16
22500249,ORL,GSW,80.0,76.6,"('Franz Wagner', 'Tristan da Silva')",1.0666666666666669,2,1,5,0,0,0,2,1,1,0,0,2.44,3.0,0.0,0.0,0.0,0.0,2.0,2.0,0.0,2.0,5.44,16
22500249,ORL,GSW,80.0,76.6,"('Goga Bitadze', 'Jalen Suggs')",1.0666666666666669,2,1,5,0,0,0,2,1,1,0,0,2.44,3.0,0.0,0.0,0.0,0.0,2.0,2.0,0.0,2.0,5.44,16
22500249,ORL,GSW,80.0,76.6,"('Goga Bitadze', 'Tristan da Silva')",1.0666666666666669,2,1,5,0,0,0,2,1,1,0,0,2.44,3.0,0.0,0.0,0.0,0.0,2.0,2.0,0.0,2.0,5.44,16
22500249,ORL,GSW,80.0,76.6,"('Jalen Suggs', 'Tristan da Silva')",1.0666666666666669,2,1,5,0,0,0,2,1,1,0,0,2.44,3.0,0.0,0.0,0.0,0.0,2.0,2.0,0.0,2.0,5.44,16
22500249,ORL,GSW,79.8,77.0,"('Desmond Bane', 'Franz Wagner')",2.7666666666666666,2,6,10,0,2,0,2,2,1,4,3,6.640000000000001,5.76,0.0,0.0,0.0,0.0,0.0,0.0,0.0,0.0,12.4,16
22500249,ORL,GSW,79.8,77.0,"('Desmond Bane', 'Jalen Suggs')",2.7666666666666666,2,6,10,0,2,0,2,2,1,4,3,6.640000000000001,5.76,0.0,0.0,0.0,0.0,0.0,0.0,0.0,0.0,12.4,16
22500249,ORL,GSW,79.8,77.0,"('Desmond Bane', 'Tristan da Silva')",2.7666666666666666,2,6,10,0,2,0,2,2,1,4,3,6.640000000000001,5.76,0.0,0.0,0.0,0.0,0.0,0.0,0.0,0.0,12.4,16
22500249,ORL,GSW,79.8,77.0,"('Desmond Bane', 'Wendell Carter Jr.')",2.7666666666666666,2,6,10,0,2,0,2,2,1,4,3,6.640000000000001,5.76,0.0,0.0,0.0,0.0,0.0,0.0,0.0,0.0,12.4,16
22500249,ORL,GSW,79.8,77.0,"('Franz Wagner', 'Jalen Suggs')",2.7666666666666666,2,6,10,0,2,0,2,2,1,4,3,6.640000000000001,5.76,0.0,0.0,0.0,0.0,0.0,0.0,0.0,0.0,12.4,16
22500249,ORL,GSW,79.8,77.0,"('Franz Wagner', 'Tristan da Silva')",2.7666666666666666,2,6,10,0,2,0,2,2,1,4,3,6.640000000000001,5.76,0.0,0.0,0.0,0.0,0.0,0.0,0.0,0.0,12.4,16
22500249,ORL,GSW,79.8,77.0,"('Franz Wagner', 'Wendell Carter Jr.')",2.7666666666666666,2,6,10,0,2,0,2,2,1,4,3,6.640000000000001,5.76,0.0,0.0,0.0,0.0,0.0,0.0,0.0,0.0,12.4,16
22500249,ORL,GSW,79.8,77.0,"('Jalen Suggs', 'Tristan da Silva')",2.7666666666666666,2,6,10,0,2,0,2,2,1,4,3,6.640000000000001,5.76,0.0,0.0,0.0,0.0,0.0,0.0,0.0,0.0,12.4,16
22500249,ORL,GSW,79.8,77.0,"('Jalen Suggs', 'Wendell Carter Jr.')",2.7666666666666666,2,6,10,0,2,0,2,2,1,4,3,6.640000000000001,5.76,0.0,0.0,0.0,0.0,0.0,0.0,0.0,0.0,12.4,16
22500249,ORL,GSW,79.8,77.0,"('Tristan da Silva', 'Wendell Carter Jr.')",2.7666666666666666,2,6,10,0,2,0,2,2,1,4,3,6.640000000000001,5.76,0.0,0.0,0.0,0.0,0.0,0.0,0.0,0.0,12.4,16
22500249,ORL,GSW,78.6,77.4,"('Anthony Black', 'Desmond Bane')",2.765,1,7,4,2,3,2,0,1,2,1,0,7.0,5.88,2.0,2.0,0.0,4.0,0.0,0.0,0.0,0.0,12.88,16
22500249,ORL,GSW,78.6,77.4,"('Anthony Black', 'Jonathan Isaac')",2.765,1,7,4,2,3,2,0,1,2,1,0,7.0,5.88,2.0,2.0,0.0,4.0,0.0,0.0,0.0,0.0,12.88,16
22500249,ORL,GSW,78.6,77.4,"('Anthony Black', 'Tyus Jones')",2.765,1,7,4,2,3,2,0,1,2,1,0,7.0,5.88,2.0,2.0,0.0,4.0,0.0,0.0,0.0,0.0,12.88,16
22500249,ORL,GSW,78.6,77.4,"('Anthony Black', 'Wendell Carter Jr.')",2.765,1,7,4,2,3,2,0,1,2,1,0,7.0,5.88,2.0,2.0,0.0,4.0,0.0,0.0,0.0,0.0,12.88,16
22500249,ORL,GSW,78.6,77.4,"('Desmond Bane', 'Jonathan Isaac')",2.765,1,7,4,2,3,2,0,1,2,1,0,7.0,5.88,2.0,2.0,0.0,4.0,0.0,0.0,0.0,0.0,12.88,16
22500249,ORL,GSW,78.6,77.4,"('Desmond Bane', 'Tyus Jones')",2.765,1,7,4,2,3,2,0,1,2,1,0,7.0,5.88,2.0,2.0,0.0,4.0,0.0,0.0,0.0,0.0,12.88,16
22500249,ORL,GSW,78.6,77.4,"('Desmond Bane', 'Wendell Carter Jr.')",2.765,1,7,4,2,3,2,0,1,2,1,0,7.0,5.88,2.0,2.0,0.0,4.0,0.0,0.0,0.0,0.0,12.88,16
22500249,ORL,GSW,78.6,77.4,"('Jonathan Isaac', 'Tyus Jones')",2.765,1,7,4,2,3,2,0,1,2,1,0,7.0,5.88,2.0,2.0,0.0,4.0,0.0,0.0,0.0,0.0,12.88,16
22500249,ORL,GSW,78.6,77.4,"('Jonathan Isaac', 'Wendell Carter Jr.')",2.765,1,7,4,2,3,2,0,1,2,1,0,7.0,5.88,2.0,2.0,0.0,4.0,0.0,0.0,0.0,0.0,12.88,16
22500249,ORL,GSW,78.6,77.4,"('Tyus Jones', 'Wendell Carter Jr.')",2.765,1,7,4,2,3,2,0,1,2,1,0,7.0,5.88,2.0,2.0,0.0,4.0,0.0,0.0,0.0,0.0,12.88,16
22500264,ORL,LAC,80.2,77.6,"('Anthony Black', 'Desmond Bane')",0.1166666666666666,3,2,0,0,0,1,0,0,0,1,0,1.0,0.0,0.0,0.0,2.0,2.0,0.0,0.0,0.0,0.0,1.0,17
22500264,ORL,LAC,80.2,77.6,"('Anthony Black', 'Franz Wagner')",0.1166666666666666,3,2,0,0,0,1,0,0,0,1,0,1.0,0.0,0.0,0.0,2.0,2.0,0.0,0.0,0.0,0.0,1.0,17
22500264,ORL,LAC,80.2,77.6,"('Anthony Black', 'Jett Howard')",0.1166666666666666,3,2,0,0,0,1,0,0,0,1,0,1.0,0.0,0.0,0.0,2.0,2.0,0.0,0.0,0.0,0.0,1.0,17
22500264,ORL,LAC,80.2,77.6,"('Anthony Black', 'Wendell Carter Jr.')",0.1166666666666666,3,2,0,0,0,1,0,0,0,1,0,1.0,0.0,0.0,0.0,2.0,2.0,0.0,0.0,0.0,0.0,1.0,17
22500264,ORL,LAC,80.2,77.6,"('Desmond Bane', 'Franz Wagner')",0.1166666666666666,3,2,0,0,0,1,0,0,0,1,0,1.0,0.0,0.0,0.0,2.0,2.0,0.0,0.0,0.0,0.0,1.0,17
22500264,ORL,LAC,80.2,77.6,"('Desmond Bane', 'Jett Howard')",0.1166666666666666,3,2,0,0,0,1,0,0,0,1,0,1.0,0.0,0.0,0.0,2.0,2.0,0.0,0.0,0.0,0.0,1.0,17
22500264,ORL,LAC,80.2,77.6,"('Desmond Bane', 'Wendell Carter Jr.')",0.1166666666666666,3,2,0,0,0,1,0,0,0,1,0,1.0,0.0,0.0,0.0,2.0,2.0,0.0,0.0,0.0,0.0,1.0,17
22500264,ORL,LAC,80.2,77.6,"('Franz Wagner', 'Jett Howard')",0.1166666666666666,3,2,0,0,0,1,0,0,0,1,0,1.0,0.0,0.0,0.0,2.0,2.0,0.0,0.0,0.0,0.0,1.0,17
22500264,ORL,LAC,80.2,77.6,"('Franz Wagner', 'Wendell Carter Jr.')",0.1166666666666666,3,2,0,0,0,1,0,0,0,1,0,1.0,0.0,0.0,0.0,2.0,2.0,0.0,0.0,0.0,0.0,1.0,17
22500264,ORL,LAC,80.2,77.6,"('Jett Howard', 'Wendell Carter Jr.')",0.1166666666666666,3,2,0,0,0,1,0,0,0,1,0,1.0,0.0,0.0,0.0,2.0,2.0,0.0,0.0,0.0,0.0,1.0,17
22500264,ORL,LAC,80.0,79.4,"('Desmond Bane', 'Franz Wagner')",0.4166666666666666,2,0,0,0,1,0,0,0,0,1,0,1.0,1.0,0.0,0.0,0.0,0.0,0.0,0.0,0.0,0.0,2.0,17
22500264,ORL,LAC,80.0,79.4,"('Desmond Bane', 'Goga Bitadze')",0.4166666666666666,2,0,0,0,1,0,0,0,0,1,0,1.0,1.0,0.0,0.0,0.0,0.0,0.0,0.0,0.0,0.0,2.0,17
22500264,ORL,LAC,80.0,79.4,"('Desmond Bane', 'Jalen Suggs')",0.4166666666666666,2,0,0,0,1,0,0,0,0,1,0,1.0,1.0,0.0,0.0,0.0,0.0,0.0,0.0,0.0,0.0,2.0,17
22500264,ORL,LAC,80.0,79.4,"('Desmond Bane', 'Tristan da Silva')",0.4166666666666666,2,0,0,0,1,0,0,0,0,1,0,1.0,1.0,0.0,0.0,0.0,0.0,0.0,0.0,0.0,0.0,2.0,17
22500264,ORL,LAC,80.0,79.4,"('Franz Wagner', 'Goga Bitadze')",0.4166666666666666,2,0,0,0,1,0,0,0,0,1,0,1.0,1.0,0.0,0.0,0.0,0.0,0.0,0.0,0.0,0.0,2.0,17
22500264,ORL,LAC,80.0,79.4,"('Franz Wagner', 'Jalen Suggs')",0.4166666666666666,2,0,0,0,1,0,0,0,0,1,0,1.0,1.0,0.0,0.0,0.0,0.0,0.0,0.0,0.0,0.0,2.0,17
22500264,ORL,LAC,80.0,79.4,"('Franz Wagner', 'Tristan da Silva')",0.4166666666666666,2,0,0,0,1,0,0,0,0,1,0,1.0,1.0,0.0,0.0,0.0,0.0,0.0,0.0,0.0,0.0,2.0,17
22500264,ORL,LAC,80.0,79.4,"('Goga Bitadze', 'Jalen Suggs')",0.4166666666666666,2,0,0,0,1,0,0,0,0,1,0,1.0,1.0,0.0,0.0,0.0,0.0,0.0,0.0,0.0,0.0,2.0,17
22500264,ORL,LAC,80.0,79.4,"('Goga Bitadze', 'Tristan da Silva')",0.4166666666666666,2,0,0,0,1,0,0,0,0,1,0,1.0,1.0,0.0,0.0,0.0,0.0,0.0,0.0,0.0,0.0,2.0,17
22500264,ORL,LAC,80.0,79.4,"('Jalen Suggs', 'Tristan da Silva')",0.4166666666666666,2,0,0,0,1,0,0,0,0,1,0,1.0,1.0,0.0,0.0,0.0,0.0,0.0,0.0,0.0,0.0,2.0,17
22500264,ORL,LAC,79.8,79.4,"('Desmond Bane', 'Franz Wagner')",5.416666666666668,3,14,15,4,5,4,5,1,4,1,3,11.88,13.44,7.0,4.0,0.0,6.0,0.0,0.0,0.0,8.0,25.32,17
22500264,ORL,LAC,79.8,79.4,"('Desmond Bane', 'Jalen Suggs')",5.416666666666668,3,14,15,4,5,4,5,1,4,1,3,11.88,13.44,7.0,4.0,0.0,6.0,0.0,0.0,0.0,8.0,25.32,17
22500264,ORL,LAC,79.8,79.4,"('Desmond Bane', 'Tristan da Silva')",5.416666666666668,3,14,15,4,5,4,5,1,4,1,3,11.88,13.44,7.0,4.0,0.0,6.0,0.0,0.0,0.0,8.0,25.32,17
22500264,ORL,LAC,79.8,79.4,"('Desmond Bane', 'Wendell Carter Jr.')",5.416666666666668,3,14,15,4,5,4,5,1,4,1,3,11.88,13.44,7.0,4.0,0.0,6.0,0.0,0.0,0.0,8.0,25.32,17
22500264,ORL,LAC,79.8,79.4,"('Franz Wagner', 'Jalen Suggs')",5.416666666666668,3,14,15,4,5,4,5,1,4,1,3,11.88,13.44,7.0,4.0,0.0,6.0,0.0,0.0,0.0,8.0,25.32,17
22500264,ORL,LAC,79.8,79.4,"('Franz Wagner', 'Tristan da Silva')",5.416666666666668,3,14,15,4,5,4,5,1,4,1,3,11.88,13.44,7.0,4.0,0.0,6.0,0.0,0.0,0.0,8.0,25.32,17
22500264,ORL,LAC,79.8,79.4,"('Franz Wagner', 'Wendell Carter Jr.')",5.416666666666668,3,14,15,4,5,4,5,1,4,1,3,11.88,13.44,7.0,4.0,0.0,6.0,0.0,0.0,0.0,8.0,25.32,17
22500264,ORL,LAC,79.8,79.4,"('Jalen Suggs', 'Tristan da Silva')",5.416666666666668,3,14,15,4,5,4,5,1,4,1,3,11.88,13.44,7.0,4.0,0.0,6.0,0.0,0.0,0.0,8.0,25.32,17
22500264,ORL,LAC,79.8,79.4,"('Jalen Suggs', 'Wendell Carter Jr.')",5.416666666666668,3,14,15,4,5,4,5,1,4,1,3,11.88,13.44,7.0,4.0,0.0,6.0,0.0,0.0,0.0,8.0,25.32,17
22500264,ORL,LAC,79.8,79.4,"('Tristan da Silva', 'Wendell Carter Jr.')",5.416666666666668,3,14,15,4,5,4,5,1,4,1,3,11.88,13.44,7.0,4.0,0.0,6.0,0.0,0.0,0.0,8.0,25.32,17
22500264,ORL,LAC,80.0,79.4,"('Desmond Bane', 'Franz Wagner')",1.1,3,4,2,1,0,0,0,1,0,1,0,2.88,2.0,0.0,0.0,0.0,2.0,2.0,2.0,0.0,2.0,4.88,17
22500264,ORL,LAC,80.0,79.4,"('Desmond Bane', 'Goga Bitadze')",1.1,3,4,2,1,0,0,0,1,0,1,0,2.88,2.0,0.0,0.0,0.0,2.0,2.0,2.0,0.0,2.0,4.88,17
22500264,ORL,LAC,80.0,79.4,"('Desmond Bane', 'Jalen Suggs')",1.1,3,4,2,1,0,0,0,1,0,1,0,2.88,2.0,0.0,0.0,0.0,2.0,2.0,2.0,0.0,2.0,4.88,17
22500264,ORL,LAC,80.0,79.4,"('Desmond Bane', 'Tristan da Silva')",1.1,3,4,2,1,0,0,0,1,0,1,0,2.88,2.0,0.0,0.0,0.0,2.0,2.0,2.0,0.0,2.0,4.88,17
22500264,ORL,LAC,80.0,79.4,"('Franz Wagner', 'Goga Bitadze')",1.1,3,4,2,1,0,0,0,1,0,1,0,2.88,2.0,0.0,0.0,0.0,2.0,2.0,2.0,0.0,2.0,4.88,17
22500264,ORL,LAC,80.0,79.4,"('Franz Wagner', 'Jalen Suggs')",1.1,3,4,2,1,0,0,0,1,0,1,0,2.88,2.0,0.0,0.0,0.0,2.0,2.0,2.0,0.0,2.0,4.88,17
22500264,ORL,LAC,80.0,79.4,"('Franz Wagner', 'Tristan da Silva')",1.1,3,4,2,1,0,0,0,1,0,1,0,2.88,2.0,0.0,0.0,0.0,2.0,2.0,2.0,0.0,2.0,4.88,17
22500264,ORL,LAC,80.0,79.4,"('Goga Bitadze', 'Jalen Suggs')",1.1,3,4,2,1,0,0,0,1,0,1,0,2.88,2.0,0.0,0.0,0.0,2.0,2.0,2.0,0.0,2.0,4.88,17
22500264,ORL,LAC,80.0,79.4,"('Goga Bitadze', 'Tristan da Silva')",1.1,3,4,2,1,0,0,0,1,0,1,0,2.88,2.0,0.0,0.0,0.0,2.0,2.0,2.0,0.0,2.0,4.88,17
22500264,ORL,LAC,80.0,79.4,"('Jalen Suggs', 'Tristan da Silva')",1.1,3,4,2,1,0,0,0,1,0,1,0,2.88,2.0,0.0,0.0,0.0,2.0,2.0,2.0,0.0,2.0,4.88,17
22500264,ORL,LAC,80.2,78.0,"('Anthony Black', 'Desmond Bane')",2.998333333333333,1,12,9,3,0,3,1,0,1,2,1,5.0,5.32,2.0,2.0,4.0,6.0,0.0,0.0,0.0,0.0,10.32,17
22500264,ORL,LAC,80.2,78.0,"('Anthony Black', 'Jett Howard')",2.998333333333333,1,12,9,3,0,3,1,0,1,2,1,5.0,5.32,2.0,2.0,4.0,6.0,0.0,0.0,0.0,0.0,10.32,17
22500264,ORL,LAC,80.2,78.0,"('Anthony Black', 'Jonathan Isaac')",2.998333333333333,1,12,9,3,0,3,1,0,1,2,1,5.0,5.32,2.0,2.0,4.0,6.0,0.0,0.0,0.0,0.0,10.32,17
22500264,ORL,LAC,80.2,78.0,"('Anthony Black', 'Wendell Carter Jr.')",2.998333333333333,1,12,9,3,0,3,1,0,1,2,1,5.0,5.32,2.0,2.0,4.0,6.0,0.0,0.0,0.0,0.0,10.32,17
22500264,ORL,LAC,80.2,78.0,"('Desmond Bane', 'Jett Howard')",2.998333333333333,1,12,9,3,0,3,1,0,1,2,1,5.0,5.32,2.0,2.0,4.0,6.0,0.0,0.0,0.0,0.0,10.32,17
22500264,ORL,LAC,80.2,78.0,"('Desmond Bane', 'Jonathan Isaac')",2.998333333333333,1,12,9,3,0,3,1,0,1,2,1,5.0,5.32,2.0,2.0,4.0,6.0,0.0,0.0,0.0,0.0,10.32,17
22500264,ORL,LAC,80.2,78.0,"('Desmond Bane', 'Wendell Carter Jr.')",2.998333333333333,1,12,9,3,0,3,1,0,1,2,1,5.0,5.32,2.0,2.0,4.0,6.0,0.0,0.0,0.0,0.0,10.32,17
22500264,ORL,LAC,80.2,78.0,"('Jett Howard', 'Jonathan Isaac')",2.998333333333333,1,12,9,3,0,3,1,0,1,2,1,5.0,5.32,2.0,2.0,4.0,6.0,0.0,0.0,0.0,0.0,10.32,17
22500264,ORL,LAC,80.2,78.0,"('Jett Howard', 'Wendell Carter Jr.')",2.998333333333333,1,12,9,3,0,3,1,0,1,2,1,5.0,5.32,2.0,2.0,4.0,6.0,0.0,0.0,0.0,0.0,10.32,17
22500264,ORL,LAC,80.2,78.0,"('Jonathan Isaac', 'Wendell Carter Jr.')",2.998333333333333,1,12,9,3,0,3,1,0,1,2,1,5.0,5.32,2.0,2.0,4.0,6.0,0.0,0.0,0.0,0.0,10.32,17
22500264,ORL,LAC,79.8,79.4,"('Desmond Bane', 'Franz Wagner')",5.449999999999998,1,11,7,8,5,3,2,1,1,2,1,12.0,11.44,4.0,2.0,2.0,6.0,2.0,2.0,0.0,6.0,23.44,17
22500264,ORL,LAC,79.8,79.4,"('Desmond Bane', 'Jalen Suggs')",5.449999999999998,1,11,7,8,5,3,2,1,1,2,1,12.0,11.44,4.0,2.0,2.0,6.0,2.0,2.0,0.0,6.0,23.44,17
22500264,ORL,LAC,79.8,79.4,"('Desmond Bane', 'Tristan da Silva')",5.449999999999998,1,11,7,8,5,3,2,1,1,2,1,12.0,11.44,4.0,2.0,2.0,6.0,2.0,2.0,0.0,6.0,23.44,17
22500264,ORL,LAC,79.8,79.4,"('Desmond Bane', 'Wendell Carter Jr.')",5.449999999999998,1,11,7,8,5,3,2,1,1,2,1,12.0,11.44,4.0,2.0,2.0,6.0,2.0,2.0,0.0,6.0,23.44,17
22500264,ORL,LAC,79.8,79.4,"('Franz Wagner', 'Jalen Suggs')",5.449999999999998,1,11,7,8,5,3,2,1,1,2,1,12.0,11.44,4.0,2.0,2.0,6.0,2.0,2.0,0.0,6.0,23.44,17
22500264,ORL,LAC,79.8,79.4,"('Franz Wagner', 'Tristan da Silva')",5.449999999999998,1,11,7,8,5,3,2,1,1,2,1,12.0,11.44,4.0,2.0,2.0,6.0,2.0,2.0,0.0,6.0,23.44,17
22500264,ORL,LAC,79.8,79.4,"('Franz Wagner', 'Wendell Carter Jr.')",5.449999999999998,1,11,7,8,5,3,2,1,1,2,1,12.0,11.44,4.0,2.0,2.0,6.0,2.0,2.0,0.0,6.0,23.44,17
22500264,ORL,LAC,79.8,79.4,"('Jalen Suggs', 'Tristan da Silva')",5.449999999999998,1,11,7,8,5,3,2,1,1,2,1,12.0,11.44,4.0,2.0,2.0,6.0,2.0,2.0,0.0,6.0,23.44,17
22500264,ORL,LAC,79.8,79.4,"('Jalen Suggs', 'Wendell Carter Jr.')",5.449999999999998,1,11,7,8,5,3,2,1,1,2,1,12.0,11.44,4.0,2.0,2.0,6.0,2.0,2.0,0.0,6.0,23.44,17
22500264,ORL,LAC,79.8,79.4,"('Tristan da Silva', 'Wendell Carter Jr.')",5.449999999999998,1,11,7,8,5,3,2,1,1,2,1,12.0,11.44,4.0,2.0,2.0,6.0,2.0,2.0,0.0,6.0,23.44,17
22500264,ORL,LAC,80.2,79.6,"('Anthony Black', 'Franz Wagner')",3.499999999999999,1,7,8,4,4,2,1,1,1,1,0,8.0,9.44,2.0,2.0,2.0,4.0,0.0,2.0,3.0,4.0,17.439999999999998,17
22500264,ORL,LAC,80.2,79.6,"('Anthony Black', 'Goga Bitadze')",3.499999999999999,1,7,8,4,4,2,1,1,1,1,0,8.0,9.44,2.0,2.0,2.0,4.0,0.0,2.0,3.0,4.0,17.439999999999998,17
22500264,ORL,LAC,80.2,79.6,"('Anthony Black', 'Jalen Suggs')",3.499999999999999,1,7,8,4,4,2,1,1,1,1,0,8.0,9.44,2.0,2.0,2.0,4.0,0.0,2.0,3.0,4.0,17.439999999999998,17
22500264,ORL,LAC,80.2,79.6,"('Anthony Black', 'Tristan da Silva')",3.499999999999999,1,7,8,4,4,2,1,1,1,1,0,8.0,9.44,2.0,2.0,2.0,4.0,0.0,2.0,3.0,4.0,17.439999999999998,17
22500264,ORL,LAC,80.2,79.6,"('Franz Wagner', 'Goga Bitadze')",3.499999999999999,1,7,8,4,4,2,1,1,1,1,0,8.0,9.44,2.0,2.0,2.0,4.0,0.0,2.0,3.0,4.0,17.439999999999998,17
22500264,ORL,LAC,80.2,79.6,"('Franz Wagner', 'Jalen Suggs')",3.499999999999999,1,7,8,4,4,2,1,1,1,1,0,8.0,9.44,2.0,2.0,2.0,4.0,0.0,2.0,3.0,4.0,17.439999999999998,17
22500264,ORL,LAC,80.2,79.6,"('Franz Wagner', 'Tristan da Silva')",3.499999999999999,1,7,8,4,4,2,1,1,1,1,0,8.0,9.44,2.0,2.0,2.0,4.0,0.0,2.0,3.0,4.0,17.439999999999998,17
22500264,ORL,LAC,80.2,79.6,"('Goga Bitadze', 'Jalen Suggs')",3.499999999999999,1,7,8,4,4,2,1,1,1,1,0,8.0,9.44,2.0,2.0,2.0,4.0,0.0,2.0,3.0,4.0,17.439999999999998,17
22500264,ORL,LAC,80.2,79.6,"('Goga Bitadze', 'Tristan da Silva')",3.499999999999999,1,7,8,4,4,2,1,1,1,1,0,8.0,9.44,2.0,2.0,2.0,4.0,0.0,2.0,3.0,4.0,17.439999999999998,17
22500264,ORL,LAC,80.2,79.6,"('Jalen Suggs', 'Tristan da Silva')",3.499999999999999,1,7,8,4,4,2,1,1,1,1,0,8.0,9.44,2.0,2.0,2.0,4.0,0.0,2.0,3.0,4.0,17.439999999999998,17
22500264,ORL,LAC,79.0,78.0,"('Goga Bitadze', 'Jamal Cain')",4.535,4,18,8,4,2,4,1,1,2,2,2,8.76,8.88,4.0,5.0,2.0,8.0,0.0,0.0,2.0,6.0,17.64,17
22500264,ORL,LAC,79.0,78.0,"('Goga Bitadze', 'Jase Richardson')",4.535,4,18,8,4,2,4,1,1,2,2,2,8.76,8.88,4.0,5.0,2.0,8.0,0.0,0.0,2.0,6.0,17.64,17
22500264,ORL,LAC,79.0,78.0,"('Goga Bitadze', 'Jett Howard')",4.535,4,18,8,4,2,4,1,1,2,2,2,8.76,8.88,4.0,5.0,2.0,8.0,0.0,0.0,2.0,6.0,17.64,17
22500264,ORL,LAC,79.0,78.0,"('Goga Bitadze', 'Tristan da Silva')",4.535,4,18,8,4,2,4,1,1,2,2,2,8.76,8.88,4.0,5.0,2.0,8.0,0.0,0.0,2.0,6.0,17.64,17
22500264,ORL,LAC,79.0,78.0,"('Jamal Cain', 'Jase Richardson')",4.535,4,18,8,4,2,4,1,1,2,2,2,8.76,8.88,4.0,5.0,2.0,8.0,0.0,0.0,2.0,6.0,17.64,17
22500264,ORL,LAC,79.0,78.0,"('Jamal Cain', 'Jett Howard')",4.535,4,18,8,4,2,4,1,1,2,2,2,8.76,8.88,4.0,5.0,2.0,8.0,0.0,0.0,2.0,6.0,17.64,17
22500264,ORL,LAC,79.0,78.0,"('Jamal Cain', 'Tristan da Silva')",4.535,4,18,8,4,2,4,1,1,2,2,2,8.76,8.88,4.0,5.0,2.0,8.0,0.0,0.0,2.0,6.0,17.64,17
22500264,ORL,LAC,79.0,78.0,"('Jase Richardson', 'Jett Howard')",4.535,4,18,8,4,2,4,1,1,2,2,2,8.76,8.88,4.0,5.0,2.0,8.0,0.0,0.0,2.0,6.0,17.64,17
22500264,ORL,LAC,79.0,78.0,"('Jase Richardson', 'Tristan da Silva')",4.535,4,18,8,4,2,4,1,1,2,2,2,8.76,8.88,4.0,5.0,2.0,8.0,0.0,0.0,2.0,6.0,17.64,17
22500264,ORL,LAC,79.0,78.0,"('Jett Howard', 'Tristan da Silva')",4.535,4,18,8,4,2,4,1,1,2,2,2,8.76,8.88,4.0,5.0,2.0,8.0,0.0,0.0,2.0,6.0,17.64,17
22500264,ORL,LAC,80.2,77.8,"('Anthony Black', 'Desmond Bane')",4.483333333333333,4,12,11,4,4,2,3,1,3,2,1,9.0,10.44,6.0,3.0,3.0,0.0,3.0,0.0,2.0,4.0,19.44,17
22500264,ORL,LAC,80.2,77.8,"('Anthony Black', 'Jett Howard')",4.483333333333333,4,12,11,4,4,2,3,1,3,2,1,9.0,10.44,6.0,3.0,3.0,0.0,3.0,0.0,2.0,4.0,19.44,17
22500264,ORL,LAC,80.2,77.8,"('Anthony Black', 'Jonathan Isaac')",4.483333333333333,4,12,11,4,4,2,3,1,3,2,1,9.0,10.44,6.0,3.0,3.0,0.0,3.0,0.0,2.0,4.0,19.44,17
22500264,ORL,LAC,80.2,77.8,"('Anthony Black', 'Wendell Carter Jr.')",4.483333333333333,4,12,11,4,4,2,3,1,3,2,1,9.0,10.44,6.0,3.0,3.0,0.0,3.0,0.0,2.0,4.0,19.44,17
22500264,ORL,LAC,80.2,77.8,"('Desmond Bane', 'Jett Howard')",4.483333333333333,4,12,11,4,4,2,3,1,3,2,1,9.0,10.44,6.0,3.0,3.0,0.0,3.0,0.0,2.0,4.0,19.44,17
22500264,ORL,LAC,80.2,77.8,"('Desmond Bane', 'Jonathan Isaac')",4.483333333333333,4,12,11,4,4,2,3,1,3,2,1,9.0,10.44,6.0,3.0,3.0,0.0,3.0,0.0,2.0,4.0,19.44,17
22500264,ORL,LAC,80.2,77.8,"('Desmond Bane', 'Wendell Carter Jr.')",4.483333333333333,4,12,11,4,4,2,3,1,3,2,1,9.0,10.44,6.0,3.0,3.0,0.0,3.0,0.0,2.0,4.0,19.44,17
22500264,ORL,LAC,80.2,77.8,"('Jett Howard', 'Jonathan Isaac')",4.483333333333333,4,12,11,4,4,2,3,1,3,2,1,9.0,10.44,6.0,3.0,3.0,0.0,3.0,0.0,2.0,4.0,19.44,17
22500264,ORL,LAC,80.2,77.8,"('Jett Howard', 'Wendell Carter Jr.')",4.483333333333333,4,12,11,4,4,2,3,1,3,2,1,9.0,10.44,6.0,3.0,3.0,0.0,3.0,0.0,2.0,4.0,19.44,17
22500264,ORL,LAC,80.2,77.8,"('Jonathan Isaac', 'Wendell Carter Jr.')",4.483333333333333,4,12,11,4,4,2,3,1,3,2,1,9.0,10.44,6.0,3.0,3.0,0.0,3.0,0.0,2.0,4.0,19.44,17
22500264,ORL,LAC,80.2,77.6,"('Anthony Black', 'Desmond Bane')",0.7166666666666667,3,1,0,1,1,0,0,0,0,0,0,1.44,1.0,0.0,0.0,0.0,0.0,0.0,0.0,0.0,0.0,2.44,17
22500264,ORL,LAC,80.2,77.6,"('Anthony Black', 'Franz Wagner')",0.7166666666666667,3,1,0,1,1,0,0,0,0,0,0,1.44,1.0,0.0,0.0,0.0,0.0,0.0,0.0,0.0,0.0,2.44,17
22500264,ORL,LAC,80.2,77.6,"('Anthony Black', 'Tristan da Silva')",0.7166666666666667,3,1,0,1,1,0,0,0,0,0,0,1.44,1.0,0.0,0.0,0.0,0.0,0.0,0.0,0.0,0.0,2.44,17
22500264,ORL,LAC,80.2,77.6,"('Anthony Black', 'Wendell Carter Jr.')",0.7166666666666667,3,1,0,1,1,0,0,0,0,0,0,1.44,1.0,0.0,0.0,0.0,0.0,0.0,0.0,0.0,0.0,2.44,17
22500264,ORL,LAC,80.2,77.6,"('Desmond Bane', 'Franz Wagner')",0.7166666666666667,3,1,0,1,1,0,0,0,0,0,0,1.44,1.0,0.0,0.0,0.0,0.0,0.0,0.0,0.0,0.0,2.44,17
22500264,ORL,LAC,80.2,77.6,"('Desmond Bane', 'Tristan da Silva')",0.7166666666666667,3,1,0,1,1,0,0,0,0,0,0,1.44,1.0,0.0,0.0,0.0,0.0,0.0,0.0,0.0,0.0,2.44,17
22500264,ORL,LAC,80.2,77.6,"('Desmond Bane', 'Wendell Carter Jr.')",0.7166666666666667,3,1,0,1,1,0,0,0,0,0,0,1.44,1.0,0.0,0.0,0.0,0.0,0.0,0.0,0.0,0.0,2.44,17
22500264,ORL,LAC,80.2,77.6,"('Franz Wagner', 'Tristan da Silva')",0.7166666666666667,3,1,0,1,1,0,0,0,0,0,0,1.44,1.0,0.0,0.0,0.0,0.0,0.0,0.0,0.0,0.0,2.44,17
22500264,ORL,LAC,80.2,77.6,"('Franz Wagner', 'Wendell Carter Jr.')",0.7166666666666667,3,1,0,1,1,0,0,0,0,0,0,1.44,1.0,0.0,0.0,0.0,0.0,0.0,0.0,0.0,0.0,2.44,17
22500264,ORL,LAC,80.2,77.6,"('Tristan da Silva', 'Wendell Carter Jr.')",0.7166666666666667,3,1,0,1,1,0,0,0,0,0,0,1.44,1.0,0.0,0.0,0.0,0.0,0.0,0.0,0.0,0.0,2.44,17
22500264,ORL,LAC,81.0,78.4,"('Anthony Black', 'Franz Wagner')",2.1333333333333333,4,6,6,3,4,1,2,0,0,0,2,5.32,5.0,0.0,0.0,0.0,0.0,0.0,3.0,0.0,0.0,10.32,17
22500264,ORL,LAC,81.0,78.4,"('Anthony Black', 'Jonathan Isaac')",2.1333333333333333,4,6,6,3,4,1,2,0,0,0,2,5.32,5.0,0.0,0.0,0.0,0.0,0.0,3.0,0.0,0.0,10.32,17
22500264,ORL,LAC,81.0,78.4,"('Anthony Black', 'Tristan da Silva')",2.1333333333333333,4,6,6,3,4,1,2,0,0,0,2,5.32,5.0,0.0,0.0,0.0,0.0,0.0,3.0,0.0,0.0,10.32,17
22500264,ORL,LAC,81.0,78.4,"('Anthony Black', 'Wendell Carter Jr.')",2.1333333333333333,4,6,6,3,4,1,2,0,0,0,2,5.32,5.0,0.0,0.0,0.0,0.0,0.0,3.0,0.0,0.0,10.32,17
22500264,ORL,LAC,81.0,78.4,"('Franz Wagner', 'Jonathan Isaac')",2.1333333333333333,4,6,6,3,4,1,2,0,0,0,2,5.32,5.0,0.0,0.0,0.0,0.0,0.0,3.0,0.0,0.0,10.32,17
22500264,ORL,LAC,81.0,78.4,"('Franz Wagner', 'Tristan da Silva')",2.1333333333333333,4,6,6,3,4,1,2,0,0,0,2,5.32,5.0,0.0,0.0,0.0,0.0,0.0,3.0,0.0,0.0,10.32,17
22500264,ORL,LAC,81.0,78.4,"('Franz Wagner', 'Wendell Carter Jr.')",2.1333333333333333,4,6,6,3,4,1,2,0,0,0,2,5.32,5.0,0.0,0.0,0.0,0.0,0.0,3.0,0.0,0.0,10.32,17
22500264,ORL,LAC,81.0,78.4,"('Jonathan Isaac', 'Tristan da Silva')",2.1333333333333333,4,6,6,3,4,1,2,0,0,0,2,5.32,5.0,0.0,0.0,0.0,0.0,0.0,3.0,0.0,0.0,10.32,17
22500264,ORL,LAC,81.0,78.4,"('Jonathan Isaac', 'Wendell Carter Jr.')",2.1333333333333333,4,6,6,3,4,1,2,0,0,0,2,5.32,5.0,0.0,0.0,0.0,0.0,0.0,3.0,0.0,0.0,10.32,17
22500264,ORL,LAC,81.0,78.4,"('Tristan da Silva', 'Wendell Carter Jr.')",2.1333333333333333,4,6,6,3,4,1,2,0,0,0,2,5.32,5.0,0.0,0.0,0.0,0.0,0.0,3.0,0.0,0.0,10.32,17
22500264,ORL,LAC,80.2,77.6,"('Anthony Black', 'Desmond Bane')",2.3633333333333333,3,7,7,1,0,3,2,0,0,1,0,4.0,5.0,0.0,0.0,0.0,4.0,0.0,0.0,0.0,4.0,9.0,17
22500264,ORL,LAC,80.2,77.6,"('Anthony Black', 'Jett Howard')",2.3633333333333333,3,7,7,1,0,3,2,0,0,1,0,4.0,5.0,0.0,0.0,0.0,4.0,0.0,0.0,0.0,4.0,9.0,17
22500264,ORL,LAC,80.2,77.6,"('Anthony Black', 'Jonathan Isaac')",2.3633333333333333,3,7,7,1,0,3,2,0,0,1,0,4.0,5.0,0.0,0.0,0.0,4.0,0.0,0.0,0.0,4.0,9.0,17
22500264,ORL,LAC,80.2,77.6,"('Anthony Black', 'Wendell Carter Jr.')",2.3633333333333333,3,7,7,1,0,3,2,0,0,1,0,4.0,5.0,0.0,0.0,0.0,4.0,0.0,0.0,0.0,4.0,9.0,17
22500264,ORL,LAC,80.2,77.6,"('Desmond Bane', 'Jett Howard')",2.3633333333333333,3,7,7,1,0,3,2,0,0,1,0,4.0,5.0,0.0,0.0,0.0,4.0,0.0,0.0,0.0,4.0,9.0,17
22500264,ORL,LAC,80.2,77.6,"('Desmond Bane', 'Jonathan Isaac')",2.3633333333333333,3,7,7,1,0,3,2,0,0,1,0,4.0,5.0,0.0,0.0,0.0,4.0,0.0,0.0,0.0,4.0,9.0,17
22500264,ORL,LAC,80.2,77.6,"('Desmond Bane', 'Wendell Carter Jr.')",2.3633333333333333,3,7,7,1,0,3,2,0,0,1,0,4.0,5.0,0.0,0.0,0.0,4.0,0.0,0.0,0.0,4.0,9.0,17
22500264,ORL,LAC,80.2,77.6,"('Jett Howard', 'Jonathan Isaac')",2.3633333333333333,3,7,7,1,0,3,2,0,0,1,0,4.0,5.0,0.0,0.0,0.0,4.0,0.0,0.0,0.0,4.0,9.0,17
22500264,ORL,LAC,80.2,77.6,"('Jett Howard', 'Wendell Carter Jr.')",2.3633333333333333,3,7,7,1,0,3,2,0,0,1,0,4.0,5.0,0.0,0.0,0.0,4.0,0.0,0.0,0.0,4.0,9.0,17
22500264,ORL,LAC,80.2,77.6,"('Jonathan Isaac', 'Wendell Carter Jr.')",2.3633333333333333,3,7,7,1,0,3,2,0,0,1,0,4.0,5.0,0.0,0.0,0.0,4.0,0.0,0.0,0.0,4.0,9.0,17
22500264,ORL,LAC,80.2,77.6,"('Anthony Black', 'Franz Wagner')",2.283333333333333,3,4,3,5,3,1,0,1,1,0,2,5.88,6.0,2.0,2.0,0.0,2.0,3.0,0.0,0.0,0.0,11.88,17
22500264,ORL,LAC,80.2,77.6,"('Anthony Black', 'Goga Bitadze')",2.283333333333333,3,4,3,5,3,1,0,1,1,0,2,5.88,6.0,2.0,2.0,0.0,2.0,3.0,0.0,0.0,0.0,11.88,17
22500264,ORL,LAC,80.2,77.6,"('Anthony Black', 'Jalen Suggs')",2.283333333333333,3,4,3,5,3,1,0,1,1,0,2,5.88,6.0,2.0,2.0,0.0,2.0,3.0,0.0,0.0,0.0,11.88,17
22500264,ORL,LAC,80.2,77.6,"('Anthony Black', 'Tristan da Silva')",2.283333333333333,3,4,3,5,3,1,0,1,1,0,2,5.88,6.0,2.0,2.0,0.0,2.0,3.0,0.0,0.0,0.0,11.88,17
22500264,ORL,LAC,80.2,77.6,"('Franz Wagner', 'Goga Bitadze')",2.283333333333333,3,4,3,5,3,1,0,1,1,0,2,5.88,6.0,2.0,2.0,0.0,2.0,3.0,0.0,0.0,0.0,11.88,17
22500264,ORL,LAC,80.2,77.6,"('Franz Wagner', 'Jalen Suggs')",2.283333333333333,3,4,3,5,3,1,0,1,1,0,2,5.88,6.0,2.0,2.0,0.0,2.0,3.0,0.0,0.0,0.0,11.88,17
22500264,ORL,LAC,80.2,77.6,"('Franz Wagner', 'Tristan da Silva')",2.283333333333333,3,4,3,5,3,1,0,1,1,0,2,5.88,6.0,2.0,2.0,0.0,2.0,3.0,0.0,0.0,0.0,11.88,17
22500264,ORL,LAC,80.2,77.6,"('Goga Bitadze', 'Jalen Suggs')",2.283333333333333,3,4,3,5,3,1,0,1,1,0,2,5.88,6.0,2.0,2.0,0.0,2.0,3.0,0.0,0.0,0.0,11.88,17
22500264,ORL,LAC,80.2,77.6,"('Goga Bitadze', 'Tristan da Silva')",2.283333333333333,3,4,3,5,3,1,0,1,1,0,2,5.88,6.0,2.0,2.0,0.0,2.0,3.0,0.0,0.0,0.0,11.88,17
22500264,ORL,LAC,80.2,77.6,"('Jalen Suggs', 'Tristan da Silva')",2.283333333333333,3,4,3,5,3,1,0,1,1,0,2,5.88,6.0,2.0,2.0,0.0,2.0,3.0,0.0,0.0,0.0,11.88,17
22500264,ORL,LAC,78.6,78.4,"('Anthony Black', 'Desmond Bane')",0.4166666666666667,2,2,1,0,1,1,0,0,1,0,0,2.0,1.44,2.0,2.0,0.0,2.0,0.0,0.0,0.0,0.0,3.44,17
22500264,ORL,LAC,78.6,78.4,"('Anthony Black', 'Franz Wagner')",0.4166666666666667,2,2,1,0,1,1,0,0,1,0,0,2.0,1.44,2.0,2.0,0.0,2.0,0.0,0.0,0.0,0.0,3.44,17
22500264,ORL,LAC,78.6,78.4,"('Anthony Black', 'Tyus Jones')",0.4166666666666667,2,2,1,0,1,1,0,0,1,0,0,2.0,1.44,2.0,2.0,0.0,2.0,0.0,0.0,0.0,0.0,3.44,17
22500264,ORL,LAC,78.6,78.4,"('Anthony Black', 'Wendell Carter Jr.')",0.4166666666666667,2,2,1,0,1,1,0,0,1,0,0,2.0,1.44,2.0,2.0,0.0,2.0,0.0,0.0,0.0,0.0,3.44,17
22500264,ORL,LAC,78.6,78.4,"('Desmond Bane', 'Franz Wagner')",0.4166666666666667,2,2,1,0,1,1,0,0,1,0,0,2.0,1.44,2.0,2.0,0.0,2.0,0.0,0.0,0.0,0.0,3.44,17
22500264,ORL,LAC,78.6,78.4,"('Desmond Bane', 'Tyus Jones')",0.4166666666666667,2,2,1,0,1,1,0,0,1,0,0,2.0,1.44,2.0,2.0,0.0,2.0,0.0,0.0,0.0,0.0,3.44,17
22500264,ORL,LAC,78.6,78.4,"('Desmond Bane', 'Wendell Carter Jr.')",0.4166666666666667,2,2,1,0,1,1,0,0,1,0,0,2.0,1.44,2.0,2.0,0.0,2.0,0.0,0.0,0.0,0.0,3.44,17
22500264,ORL,LAC,78.6,78.4,"('Franz Wagner', 'Tyus Jones')",0.4166666666666667,2,2,1,0,1,1,0,0,1,0,0,2.0,1.44,2.0,2.0,0.0,2.0,0.0,0.0,0.0,0.0,3.44,17
22500264,ORL,LAC,78.6,78.4,"('Franz Wagner', 'Wendell Carter Jr.')",0.4166666666666667,2,2,1,0,1,1,0,0,1,0,0,2.0,1.44,2.0,2.0,0.0,2.0,0.0,0.0,0.0,0.0,3.44,17
22500264,ORL,LAC,78.6,78.4,"('Tyus Jones', 'Wendell Carter Jr.')",0.4166666666666667,2,2,1,0,1,1,0,0,1,0,0,2.0,1.44,2.0,2.0,0.0,2.0,0.0,0.0,0.0,0.0,3.44,17
22500264,ORL,LAC,78.6,78.4,"('Anthony Black', 'Desmond Bane')",3.1,2,3,4,6,5,1,1,2,1,1,2,8.440000000000001,9.0,0.0,0.0,0.0,2.0,0.0,2.0,0.0,2.0,17.44,17
22500264,ORL,LAC,78.6,78.4,"('Anthony Black', 'Jonathan Isaac')",3.1,2,3,4,6,5,1,1,2,1,1,2,8.440000000000001,9.0,0.0,0.0,0.0,2.0,0.0,2.0,0.0,2.0,17.44,17
22500264,ORL,LAC,78.6,78.4,"('Anthony Black', 'Tyus Jones')",3.1,2,3,4,6,5,1,1,2,1,1,2,8.440000000000001,9.0,0.0,0.0,0.0,2.0,0.0,2.0,0.0,2.0,17.44,17
22500264,ORL,LAC,78.6,78.4,"('Anthony Black', 'Wendell Carter Jr.')",3.1,2,3,4,6,5,1,1,2,1,1,2,8.440000000000001,9.0,0.0,0.0,0.0,2.0,0.0,2.0,0.0,2.0,17.44,17
22500264,ORL,LAC,78.6,78.4,"('Desmond Bane', 'Jonathan Isaac')",3.1,2,3,4,6,5,1,1,2,1,1,2,8.440000000000001,9.0,0.0,0.0,0.0,2.0,0.0,2.0,0.0,2.0,17.44,17
22500264,ORL,LAC,78.6,78.4,"('Desmond Bane', 'Tyus Jones')",3.1,2,3,4,6,5,1,1,2,1,1,2,8.440000000000001,9.0,0.0,0.0,0.0,2.0,0.0,2.0,0.0,2.0,17.44,17
22500264,ORL,LAC,78.6,78.4,"('Desmond Bane', 'Wendell Carter Jr.')",3.1,2,3,4,6,5,1,1,2,1,1,2,8.440000000000001,9.0,0.0,0.0,0.0,2.0,0.0,2.0,0.0,2.0,17.44,17
22500264,ORL,LAC,78.6,78.4,"('Jonathan Isaac', 'Tyus Jones')",3.1,2,3,4,6,5,1,1,2,1,1,2,8.440000000000001,9.0,0.0,0.0,0.0,2.0,0.0,2.0,0.0,2.0,17.44,17
22500264,ORL,LAC,78.6,78.4,"('Jonathan Isaac', 'Wendell Carter Jr.')",3.1,2,3,4,6,5,1,1,2,1,1,2,8.440000000000001,9.0,0.0,0.0,0.0,2.0,0.0,2.0,0.0,2.0,17.44,17
22500264,ORL,LAC,78.6,78.4,"('Tyus Jones', 'Wendell Carter Jr.')",3.1,2,3,4,6,5,1,1,2,1,1,2,8.440000000000001,9.0,0.0,0.0,0.0,2.0,0.0,2.0,0.0,2.0,17.44,17
22500264,ORL,LAC,80.2,79.4,"('Anthony Black', 'Franz Wagner')",4.233333333333332,2,13,10,4,4,4,1,0,3,1,3,9.44,11.32,5.0,6.0,0.0,4.0,0.0,0.0,2.0,2.0,20.76,17
22500264,ORL,LAC,80.2,79.4,"('Anthony Black', 'Goga Bitadze')",4.233333333333332,2,13,10,4,4,4,1,0,3,1,3,9.44,11.32,5.0,6.0,0.0,4.0,0.0,0.0,2.0,2.0,20.76,17
22500264,ORL,LAC,80.2,79.4,"('Anthony Black', 'Jalen Suggs')",4.233333333333332,2,13,10,4,4,4,1,0,3,1,3,9.44,11.32,5.0,6.0,0.0,4.0,0.0,0.0,2.0,2.0,20.76,17
22500264,ORL,LAC,80.2,79.4,"('Anthony Black', 'Tristan da Silva')",4.233333333333332,2,13,10,4,4,4,1,0,3,1,3,9.44,11.32,5.0,6.0,0.0,4.0,0.0,0.0,2.0,2.0,20.76,17
22500264,ORL,LAC,80.2,79.4,"('Franz Wagner', 'Goga Bitadze')",4.233333333333332,2,13,10,4,4,4,1,0,3,1,3,9.44,11.32,5.0,6.0,0.0,4.0,0.0,0.0,2.0,2.0,20.76,17
22500264,ORL,LAC,80.2,79.4,"('Franz Wagner', 'Jalen Suggs')",4.233333333333332,2,13,10,4,4,4,1,0,3,1,3,9.44,11.32,5.0,6.0,0.0,4.0,0.0,0.0,2.0,2.0,20.76,17
22500264,ORL,LAC,80.2,79.4,"('Franz Wagner', 'Tristan da Silva')",4.233333333333332,2,13,10,4,4,4,1,0,3,1,3,9.44,11.32,5.0,6.0,0.0,4.0,0.0,0.0,2.0,2.0,20.76,17
22500264,ORL,LAC,80.2,79.4,"('Goga Bitadze', 'Jalen Suggs')",4.233333333333332,2,13,10,4,4,4,1,0,3,1,3,9.44,11.32,5.0,6.0,0.0,4.0,0.0,0.0,2.0,2.0,20.76,17
22500264,ORL,LAC,80.2,79.4,"('Goga Bitadze', 'Tristan da Silva')",4.233333333333332,2,13,10,4,4,4,1,0,3,1,3,9.44,11.32,5.0,6.0,0.0,4.0,0.0,0.0,2.0,2.0,20.76,17
22500264,ORL,LAC,80.2,79.4,"('Jalen Suggs', 'Tristan da Silva')",4.233333333333332,2,13,10,4,4,4,1,0,3,1,3,9.44,11.32,5.0,6.0,0.0,4.0,0.0,0.0,2.0,2.0,20.76,17
22500264,ORL,LAC,79.6,79.2,"('Anthony Black', 'Desmond Bane')",2.28,2,11,5,2,2,2,0,0,2,1,1,5.32,5.88,0.0,5.0,3.0,2.0,0.0,0.0,0.0,0.0,11.2,17
22500264,ORL,LAC,79.6,79.2,"('Anthony Black', 'Franz Wagner')",2.28,2,11,5,2,2,2,0,0,2,1,1,5.32,5.88,0.0,5.0,3.0,2.0,0.0,0.0,0.0,0.0,11.2,17
22500264,ORL,LAC,79.6,79.2,"('Anthony Black', 'Jalen Suggs')",2.28,2,11,5,2,2,2,0,0,2,1,1,5.32,5.88,0.0,5.0,3.0,2.0,0.0,0.0,0.0,0.0,11.2,17
22500264,ORL,LAC,79.6,79.2,"('Anthony Black', 'Wendell Carter Jr.')",2.28,2,11,5,2,2,2,0,0,2,1,1,5.32,5.88,0.0,5.0,3.0,2.0,0.0,0.0,0.0,0.0,11.2,17
22500264,ORL,LAC,79.6,79.2,"('Desmond Bane', 'Franz Wagner')",2.28,2,11,5,2,2,2,0,0,2,1,1,5.32,5.88,0.0,5.0,3.0,2.0,0.0,0.0,0.0,0.0,11.2,17
22500264,ORL,LAC,79.6,79.2,"('Desmond Bane', 'Jalen Suggs')",2.28,2,11,5,2,2,2,0,0,2,1,1,5.32,5.88,0.0,5.0,3.0,2.0,0.0,0.0,0.0,0.0,11.2,17
22500264,ORL,LAC,79.6,79.2,"('Desmond Bane', 'Wendell Carter Jr.')",2.28,2,11,5,2,2,2,0,0,2,1,1,5.32,5.88,0.0,5.0,3.0,2.0,0.0,0.0,0.0,0.0,11.2,17
22500264,ORL,LAC,79.6,79.2,"('Franz Wagner', 'Jalen Suggs')",2.28,2,11,5,2,2,2,0,0,2,1,1,5.32,5.88,0.0,5.0,3.0,2.0,0.0,0.0,0.0,0.0,11.2,17
22500264,ORL,LAC,79.6,79.2,"('Franz Wagner', 'Wendell Carter Jr.')",2.28,2,11,5,2,2,2,0,0,2,1,1,5.32,5.88,0.0,5.0,3.0,2.0,0.0,0.0,0.0,0.0,11.2,17
22500264,ORL,LAC,79.6,79.2,"('Jalen Suggs', 'Wendell Carter Jr.')",2.28,2,11,5,2,2,2,0,0,2,1,1,5.32,5.88,0.0,5.0,3.0,2.0,0.0,0.0,0.0,0.0,11.2,17
22500264,ORL,LAC,78.2,78.4,"('Desmond Bane', 'Franz Wagner')",1.5500000000000005,2,2,5,1,2,0,1,1,1,0,2,2.88,4.0,0.0,0.0,0.0,0.0,2.0,0.0,2.0,2.0,6.88,17
22500264,ORL,LAC,78.2,78.4,"('Desmond Bane', 'Jalen Suggs')",1.5500000000000005,2,2,5,1,2,0,1,1,1,0,2,2.88,4.0,0.0,0.0,0.0,0.0,2.0,0.0,2.0,2.0,6.88,17
22500264,ORL,LAC,78.2,78.4,"('Desmond Bane', 'Tyus Jones')",1.5500000000000005,2,2,5,1,2,0,1,1,1,0,2,2.88,4.0,0.0,0.0,0.0,0.0,2.0,0.0,2.0,2.0,6.88,17
22500264,ORL,LAC,78.2,78.4,"('Desmond Bane', 'Wendell Carter Jr.')",1.5500000000000005,2,2,5,1,2,0,1,1,1,0,2,2.88,4.0,0.0,0.0,0.0,0.0,2.0,0.0,2.0,2.0,6.88,17
22500264,ORL,LAC,78.2,78.4,"('Franz Wagner', 'Jalen Suggs')",1.5500000000000005,2,2,5,1,2,0,1,1,1,0,2,2.88,4.0,0.0,0.0,0.0,0.0,2.0,0.0,2.0,2.0,6.88,17
22500264,ORL,LAC,78.2,78.4,"('Franz Wagner', 'Tyus Jones')",1.5500000000000005,2,2,5,1,2,0,1,1,1,0,2,2.88,4.0,0.0,0.0,0.0,0.0,2.0,0.0,2.0,2.0,6.88,17
22500264,ORL,LAC,78.2,78.4,"('Franz Wagner', 'Wendell Carter Jr.')",1.5500000000000005,2,2,5,1,2,0,1,1,1,0,2,2.88,4.0,0.0,0.0,0.0,0.0,2.0,0.0,2.0,2.0,6.88,17
22500264,ORL,LAC,78.2,78.4,"('Jalen Suggs', 'Tyus Jones')",1.5500000000000005,2,2,5,1,2,0,1,1,1,0,2,2.88,4.0,0.0,0.0,0.0,0.0,2.0,0.0,2.0,2.0,6.88,17
22500264,ORL,LAC,78.2,78.4,"('Jalen Suggs', 'Wendell Carter Jr.')",1.5500000000000005,2,2,5,1,2,0,1,1,1,0,2,2.88,4.0,0.0,0.0,0.0,0.0,2.0,0.0,2.0,2.0,6.88,17
22500264,ORL,LAC,78.2,78.4,"('Tyus Jones', 'Wendell Carter Jr.')",1.5500000000000005,2,2,5,1,2,0,1,1,1,0,2,2.88,4.0,0.0,0.0,0.0,0.0,2.0,0.0,2.0,2.0,6.88,17
22500269,ORL,NYK,80.2,77.2,"('Anthony Black', 'Franz Wagner')",3.583333333333334,3,8,8,3,1,2,2,3,1,3,5,7.88,9.88,0.0,0.0,0.0,6.0,0.0,0.0,0.0,6.0,17.759999999999998,18
22500269,ORL,NYK,80.2,77.2,"('Anthony Black', 'Goga Bitadze')",3.583333333333334,3,8,8,3,1,2,2,3,1,3,5,7.88,9.88,0.0,0.0,0.0,6.0,0.0,0.0,0.0,6.0,17.759999999999998,18
22500269,ORL,NYK,80.2,77.2,"('Anthony Black', 'Jalen Suggs')",3.583333333333334,3,8,8,3,1,2,2,3,1,3,5,7.88,9.88,0.0,0.0,0.0,6.0,0.0,0.0,0.0,6.0,17.759999999999998,18
22500269,ORL,NYK,80.2,77.2,"('Anthony Black', 'Tristan da Silva')",3.583333333333334,3,8,8,3,1,2,2,3,1,3,5,7.88,9.88,0.0,0.0,0.0,6.0,0.0,0.0,0.0,6.0,17.759999999999998,18
22500269,ORL,NYK,80.2,77.2,"('Franz Wagner', 'Goga Bitadze')",3.583333333333334,3,8,8,3,1,2,2,3,1,3,5,7.88,9.88,0.0,0.0,0.0,6.0,0.0,0.0,0.0,6.0,17.759999999999998,18
22500269,ORL,NYK,80.2,77.2,"('Franz Wagner', 'Jalen Suggs')",3.583333333333334,3,8,8,3,1,2,2,3,1,3,5,7.88,9.88,0.0,0.0,0.0,6.0,0.0,0.0,0.0,6.0,17.759999999999998,18
22500269,ORL,NYK,80.2,77.2,"('Franz Wagner', 'Tristan da Silva')",3.583333333333334,3,8,8,3,1,2,2,3,1,3,5,7.88,9.88,0.0,0.0,0.0,6.0,0.0,0.0,0.0,6.0,17.759999999999998,18
22500269,ORL,NYK,80.2,77.2,"('Goga Bitadze', 'Jalen Suggs')",3.583333333333334,3,8,8,3,1,2,2,3,1,3,5,7.88,9.88,0.0,0.0,0.0,6.0,0.0,0.0,0.0,6.0,17.759999999999998,18
22500269,ORL,NYK,80.2,77.2,"('Goga Bitadze', 'Tristan da Silva')",3.583333333333334,3,8,8,3,1,2,2,3,1,3,5,7.88,9.88,0.0,0.0,0.0,6.0,0.0,0.0,0.0,6.0,17.759999999999998,18
22500269,ORL,NYK,80.2,77.2,"('Jalen Suggs', 'Tristan da Silva')",3.583333333333334,3,8,8,3,1,2,2,3,1,3,5,7.88,9.88,0.0,0.0,0.0,6.0,0.0,0.0,0.0,6.0,17.759999999999998,18
22500269,ORL,NYK,79.6,78.4,"('Anthony Black', 'Desmond Bane')",0.0233333333333333,1,3,0,1,0,0,0,0,0,0,1,1.44,0.0,0.0,0.0,2.0,2.0,0.0,0.0,0.0,0.0,1.44,18
22500269,ORL,NYK,79.6,78.4,"('Anthony Black', 'Jalen Suggs')",0.0233333333333333,1,3,0,1,0,0,0,0,0,0,1,1.44,0.0,0.0,0.0,2.0,2.0,0.0,0.0,0.0,0.0,1.44,18
22500269,ORL,NYK,79.6,78.4,"('Anthony Black', 'Jonathan Isaac')",0.0233333333333333,1,3,0,1,0,0,0,0,0,0,1,1.44,0.0,0.0,0.0,2.0,2.0,0.0,0.0,0.0,0.0,1.44,18
22500269,ORL,NYK,79.6,78.4,"('Anthony Black', 'Wendell Carter Jr.')",0.0233333333333333,1,3,0,1,0,0,0,0,0,0,1,1.44,0.0,0.0,0.0,2.0,2.0,0.0,0.0,0.0,0.0,1.44,18
22500269,ORL,NYK,79.6,78.4,"('Desmond Bane', 'Jalen Suggs')",0.0233333333333333,1,3,0,1,0,0,0,0,0,0,1,1.44,0.0,0.0,0.0,2.0,2.0,0.0,0.0,0.0,0.0,1.44,18
22500269,ORL,NYK,79.6,78.4,"('Desmond Bane', 'Jonathan Isaac')",0.0233333333333333,1,3,0,1,0,0,0,0,0,0,1,1.44,0.0,0.0,0.0,2.0,2.0,0.0,0.0,0.0,0.0,1.44,18
22500269,ORL,NYK,79.6,78.4,"('Desmond Bane', 'Wendell Carter Jr.')",0.0233333333333333,1,3,0,1,0,0,0,0,0,0,1,1.44,0.0,0.0,0.0,2.0,2.0,0.0,0.0,0.0,0.0,1.44,18
22500269,ORL,NYK,79.6,78.4,"('Jalen Suggs', 'Jonathan Isaac')",0.0233333333333333,1,3,0,1,0,0,0,0,0,0,1,1.44,0.0,0.0,0.0,2.0,2.0,0.0,0.0,0.0,0.0,1.44,18
22500269,ORL,NYK,79.6,78.4,"('Jalen Suggs', 'Wendell Carter Jr.')",0.0233333333333333,1,3,0,1,0,0,0,0,0,0,1,1.44,0.0,0.0,0.0,2.0,2.0,0.0,0.0,0.0,0.0,1.44,18
22500269,ORL,NYK,79.6,78.4,"('Jonathan Isaac', 'Wendell Carter Jr.')",0.0233333333333333,1,3,0,1,0,0,0,0,0,0,1,1.44,0.0,0.0,0.0,2.0,2.0,0.0,0.0,0.0,0.0,1.44,18
22500269,ORL,NYK,78.6,78.0,"('Anthony Black', 'Desmond Bane')",2.4000000000000004,4,6,6,3,1,1,2,0,0,1,2,3.88,4.44,0.0,0.0,2.0,4.0,0.0,0.0,0.0,2.0,8.32,18
22500269,ORL,NYK,78.6,78.0,"('Anthony Black', 'Jonathan Isaac')",2.4000000000000004,4,6,6,3,1,1,2,0,0,1,2,3.88,4.44,0.0,0.0,2.0,4.0,0.0,0.0,0.0,2.0,8.32,18
22500269,ORL,NYK,78.6,78.0,"('Anthony Black', 'Tyus Jones')",2.4000000000000004,4,6,6,3,1,1,2,0,0,1,2,3.88,4.44,0.0,0.0,2.0,4.0,0.0,0.0,0.0,2.0,8.32,18
22500269,ORL,NYK,78.6,78.0,"('Anthony Black', 'Wendell Carter Jr.')",2.4000000000000004,4,6,6,3,1,1,2,0,0,1,2,3.88,4.44,0.0,0.0,2.0,4.0,0.0,0.0,0.0,2.0,8.32,18
22500269,ORL,NYK,78.6,78.0,"('Desmond Bane', 'Jonathan Isaac')",2.4000000000000004,4,6,6,3,1,1,2,0,0,1,2,3.88,4.44,0.0,0.0,2.0,4.0,0.0,0.0,0.0,2.0,8.32,18
22500269,ORL,NYK,78.6,78.0,"('Desmond Bane', 'Tyus Jones')",2.4000000000000004,4,6,6,3,1,1,2,0,0,1,2,3.88,4.44,0.0,0.0,2.0,4.0,0.0,0.0,0.0,2.0,8.32,18
22500269,ORL,NYK,78.6,78.0,"('Desmond Bane', 'Wendell Carter Jr.')",2.4000000000000004,4,6,6,3,1,1,2,0,0,1,2,3.88,4.44,0.0,0.0,2.0,4.0,0.0,0.0,0.0,2.0,8.32,18
22500269,ORL,NYK,78.6,78.0,"('Jonathan Isaac', 'Tyus Jones')",2.4000000000000004,4,6,6,3,1,1,2,0,0,1,2,3.88,4.44,0.0,0.0,2.0,4.0,0.0,0.0,0.0,2.0,8.32,18
22500269,ORL,NYK,78.6,78.0,"('Jonathan Isaac', 'Wendell Carter Jr.')",2.4000000000000004,4,6,6,3,1,1,2,0,0,1,2,3.88,4.44,0.0,0.0,2.0,4.0,0.0,0.0,0.0,2.0,8.32,18
22500269,ORL,NYK,78.6,78.0,"('Tyus Jones', 'Wendell Carter Jr.')",2.4000000000000004,4,6,6,3,1,1,2,0,0,1,2,3.88,4.44,0.0,0.0,2.0,4.0,0.0,0.0,0.0,2.0,8.32,18
22500269,ORL,NYK,79.2,77.4,"('Anthony Black', 'Desmond Bane')",0.1383333333333333,3,1,0,0,0,0,0,0,0,0,0,0.44,1.0,0.0,0.0,0.0,0.0,0.0,0.0,0.0,0.0,1.44,18
22500269,ORL,NYK,79.2,77.4,"('Anthony Black', 'Jalen Suggs')",0.1383333333333333,3,1,0,0,0,0,0,0,0,0,0,0.44,1.0,0.0,0.0,0.0,0.0,0.0,0.0,0.0,0.0,1.44,18
22500269,ORL,NYK,79.2,77.4,"('Anthony Black', 'Jonathan Isaac')",0.1383333333333333,3,1,0,0,0,0,0,0,0,0,0,0.44,1.0,0.0,0.0,0.0,0.0,0.0,0.0,0.0,0.0,1.44,18
22500269,ORL,NYK,79.2,77.4,"('Anthony Black', 'Tristan da Silva')",0.1383333333333333,3,1,0,0,0,0,0,0,0,0,0,0.44,1.0,0.0,0.0,0.0,0.0,0.0,0.0,0.0,0.0,1.44,18
22500269,ORL,NYK,79.2,77.4,"('Desmond Bane', 'Jalen Suggs')",0.1383333333333333,3,1,0,0,0,0,0,0,0,0,0,0.44,1.0,0.0,0.0,0.0,0.0,0.0,0.0,0.0,0.0,1.44,18
22500269,ORL,NYK,79.2,77.4,"('Desmond Bane', 'Jonathan Isaac')",0.1383333333333333,3,1,0,0,0,0,0,0,0,0,0,0.44,1.0,0.0,0.0,0.0,0.0,0.0,0.0,0.0,0.0,1.44,18
22500269,ORL,NYK,79.2,77.4,"('Desmond Bane', 'Tristan da Silva')",0.1383333333333333,3,1,0,0,0,0,0,0,0,0,0,0.44,1.0,0.0,0.0,0.0,0.0,0.0,0.0,0.0,0.0,1.44,18
22500269,ORL,NYK,79.2,77.4,"('Jalen Suggs', 'Jonathan Isaac')",0.1383333333333333,3,1,0,0,0,0,0,0,0,0,0,0.44,1.0,0.0,0.0,0.0,0.0,0.0,0.0,0.0,0.0,1.44,18
22500269,ORL,NYK,79.2,77.4,"('Jalen Suggs', 'Tristan da Silva')",0.1383333333333333,3,1,0,0,0,0,0,0,0,0,0,0.44,1.0,0.0,0.0,0.0,0.0,0.0,0.0,0.0,0.0,1.44,18
22500269,ORL,NYK,79.2,77.4,"('Jonathan Isaac', 'Tristan da Silva')",0.1383333333333333,3,1,0,0,0,0,0,0,0,0,0,0.44,1.0,0.0,0.0,0.0,0.0,0.0,0.0,0.0,0.0,1.44,18
22500269,ORL,NYK,79.6,77.4,"('Anthony Black', 'Desmond Bane')",0.0,3,0,0,0,0,0,0,0,0,0,0,0.0,0.0,0.0,0.0,0.0,0.0,0.0,0.0,0.0,0.0,0.0,18
22500269,ORL,NYK,79.6,77.4,"('Anthony Black', 'Jalen Suggs')",0.0,3,0,0,0,0,0,0,0,0,0,0,0.0,0.0,0.0,0.0,0.0,0.0,0.0,0.0,0.0,0.0,0.0,18
22500269,ORL,NYK,79.6,77.4,"('Anthony Black', 'Jonathan Isaac')",0.0,3,0,0,0,0,0,0,0,0,0,0,0.0,0.0,0.0,0.0,0.0,0.0,0.0,0.0,0.0,0.0,0.0,18
22500269,ORL,NYK,79.6,77.4,"('Anthony Black', 'Wendell Carter Jr.')",0.0,3,0,0,0,0,0,0,0,0,0,0,0.0,0.0,0.0,0.0,0.0,0.0,0.0,0.0,0.0,0.0,0.0,18
22500269,ORL,NYK,79.6,77.4,"('Desmond Bane', 'Jalen Suggs')",0.0,3,0,0,0,0,0,0,0,0,0,0,0.0,0.0,0.0,0.0,0.0,0.0,0.0,0.0,0.0,0.0,0.0,18
22500269,ORL,NYK,79.6,77.4,"('Desmond Bane', 'Jonathan Isaac')",0.0,3,0,0,0,0,0,0,0,0,0,0,0.0,0.0,0.0,0.0,0.0,0.0,0.0,0.0,0.0,0.0,0.0,18
22500269,ORL,NYK,79.6,77.4,"('Desmond Bane', 'Wendell Carter Jr.')",0.0,3,0,0,0,0,0,0,0,0,0,0,0.0,0.0,0.0,0.0,0.0,0.0,0.0,0.0,0.0,0.0,0.0,18
22500269,ORL,NYK,79.6,77.4,"('Jalen Suggs', 'Jonathan Isaac')",0.0,3,0,0,0,0,0,0,0,0,0,0,0.0,0.0,0.0,0.0,0.0,0.0,0.0,0.0,0.0,0.0,0.0,18
22500269,ORL,NYK,79.6,77.4,"('Jalen Suggs', 'Wendell Carter Jr.')",0.0,3,0,0,0,0,0,0,0,0,0,0,0.0,0.0,0.0,0.0,0.0,0.0,0.0,0.0,0.0,0.0,0.0,18
22500269,ORL,NYK,79.6,77.4,"('Jonathan Isaac', 'Wendell Carter Jr.')",0.0,3,0,0,0,0,0,0,0,0,0,0,0.0,0.0,0.0,0.0,0.0,0.0,0.0,0.0,0.0,0.0,0.0,18
22500269,ORL,NYK,79.8,78.0,"('Desmond Bane', 'Franz Wagner')",5.033333333333332,3,18,14,3,4,5,3,0,1,4,1,10.0,8.76,0.0,3.0,2.0,12.0,0.0,0.0,5.0,4.0,18.76,18
22500269,ORL,NYK,79.8,78.0,"('Desmond Bane', 'Jalen Suggs')",5.033333333333332,3,18,14,3,4,5,3,0,1,4,1,10.0,8.76,0.0,3.0,2.0,12.0,0.0,0.0,5.0,4.0,18.76,18
22500269,ORL,NYK,79.8,78.0,"('Desmond Bane', 'Tristan da Silva')",5.033333333333332,3,18,14,3,4,5,3,0,1,4,1,10.0,8.76,0.0,3.0,2.0,12.0,0.0,0.0,5.0,4.0,18.76,18
22500269,ORL,NYK,79.8,78.0,"('Desmond Bane', 'Wendell Carter Jr.')",5.033333333333332,3,18,14,3,4,5,3,0,1,4,1,10.0,8.76,0.0,3.0,2.0,12.0,0.0,0.0,5.0,4.0,18.76,18
22500269,ORL,NYK,79.8,78.0,"('Franz Wagner', 'Jalen Suggs')",5.033333333333332,3,18,14,3,4,5,3,0,1,4,1,10.0,8.76,0.0,3.0,2.0,12.0,0.0,0.0,5.0,4.0,18.76,18
22500269,ORL,NYK,79.8,78.0,"('Franz Wagner', 'Tristan da Silva')",5.033333333333332,3,18,14,3,4,5,3,0,1,4,1,10.0,8.76,0.0,3.0,2.0,12.0,0.0,0.0,5.0,4.0,18.76,18
22500269,ORL,NYK,79.8,78.0,"('Franz Wagner', 'Wendell Carter Jr.')",5.033333333333332,3,18,14,3,4,5,3,0,1,4,1,10.0,8.76,0.0,3.0,2.0,12.0,0.0,0.0,5.0,4.0,18.76,18
22500269,ORL,NYK,79.8,78.0,"('Jalen Suggs', 'Tristan da Silva')",5.033333333333332,3,18,14,3,4,5,3,0,1,4,1,10.0,8.76,0.0,3.0,2.0,12.0,0.0,0.0,5.0,4.0,18.76,18
22500269,ORL,NYK,79.8,78.0,"('Jalen Suggs', 'Wendell Carter Jr.')",5.033333333333332,3,18,14,3,4,5,3,0,1,4,1,10.0,8.76,0.0,3.0,2.0,12.0,0.0,0.0,5.0,4.0,18.76,18
22500269,ORL,NYK,79.8,78.0,"('Tristan da Silva', 'Wendell Carter Jr.')",5.033333333333332,3,18,14,3,4,5,3,0,1,4,1,10.0,8.76,0.0,3.0,2.0,12.0,0.0,0.0,5.0,4.0,18.76,18
22500269,ORL,NYK,78.6,77.4,"('Anthony Black', 'Desmond Bane')",2.875,3,7,5,1,3,1,1,0,2,0,1,5.44,5.44,0.0,0.0,0.0,0.0,0.0,0.0,0.0,0.0,10.88,18
22500269,ORL,NYK,78.6,77.4,"('Anthony Black', 'Jonathan Isaac')",2.875,3,7,5,1,3,1,1,0,2,0,1,5.44,5.44,0.0,0.0,0.0,0.0,0.0,0.0,0.0,0.0,10.88,18
22500269,ORL,NYK,78.6,77.4,"('Anthony Black', 'Tyus Jones')",2.875,3,7,5,1,3,1,1,0,2,0,1,5.44,5.44,0.0,0.0,0.0,0.0,0.0,0.0,0.0,0.0,10.88,18
22500269,ORL,NYK,78.6,77.4,"('Anthony Black', 'Wendell Carter Jr.')",2.875,3,7,5,1,3,1,1,0,2,0,1,5.44,5.44,0.0,0.0,0.0,0.0,0.0,0.0,0.0,0.0,10.88,18
22500269,ORL,NYK,78.6,77.4,"('Desmond Bane', 'Jonathan Isaac')",2.875,3,7,5,1,3,1,1,0,2,0,1,5.44,5.44,0.0,0.0,0.0,0.0,0.0,0.0,0.0,0.0,10.88,18
22500269,ORL,NYK,78.6,77.4,"('Desmond Bane', 'Tyus Jones')",2.875,3,7,5,1,3,1,1,0,2,0,1,5.44,5.44,0.0,0.0,0.0,0.0,0.0,0.0,0.0,0.0,10.88,18
22500269,ORL,NYK,78.6,77.4,"('Desmond Bane', 'Wendell Carter Jr.')",2.875,3,7,5,1,3,1,1,0,2,0,1,5.44,5.44,0.0,0.0,0.0,0.0,0.0,0.0,0.0,0.0,10.88,18
22500269,ORL,NYK,78.6,77.4,"('Jonathan Isaac', 'Tyus Jones')",2.875,3,7,5,1,3,1,1,0,2,0,1,5.44,5.44,0.0,0.0,0.0,0.0,0.0,0.0,0.0,0.0,10.88,18
22500269,ORL,NYK,78.6,77.4,"('Jonathan Isaac', 'Wendell Carter Jr.')",2.875,3,7,5,1,3,1,1,0,2,0,1,5.44,5.44,0.0,0.0,0.0,0.0,0.0,0.0,0.0,0.0,10.88,18
22500269,ORL,NYK,78.6,77.4,"('Tyus Jones', 'Wendell Carter Jr.')",2.875,3,7,5,1,3,1,1,0,2,0,1,5.44,5.44,0.0,0.0,0.0,0.0,0.0,0.0,0.0,0.0,10.88,18
22500269,ORL,NYK,79.2,79.8,"('Anthony Black', 'Desmond Bane')",0.15,2,0,0,0,1,0,0,0,0,0,0,1.0,0.0,0.0,0.0,0.0,0.0,0.0,0.0,0.0,0.0,1.0,18
22500269,ORL,NYK,79.2,79.8,"('Anthony Black', 'Franz Wagner')",0.15,2,0,0,0,1,0,0,0,0,0,0,1.0,0.0,0.0,0.0,0.0,0.0,0.0,0.0,0.0,0.0,1.0,18
22500269,ORL,NYK,79.2,79.8,"('Anthony Black', 'Jalen Suggs')",0.15,2,0,0,0,1,0,0,0,0,0,0,1.0,0.0,0.0,0.0,0.0,0.0,0.0,0.0,0.0,0.0,1.0,18
22500269,ORL,NYK,79.2,79.8,"('Anthony Black', 'Tristan da Silva')",0.15,2,0,0,0,1,0,0,0,0,0,0,1.0,0.0,0.0,0.0,0.0,0.0,0.0,0.0,0.0,0.0,1.0,18
22500269,ORL,NYK,79.2,79.8,"('Desmond Bane', 'Franz Wagner')",0.15,2,0,0,0,1,0,0,0,0,0,0,1.0,0.0,0.0,0.0,0.0,0.0,0.0,0.0,0.0,0.0,1.0,18
22500269,ORL,NYK,79.2,79.8,"('Desmond Bane', 'Jalen Suggs')",0.15,2,0,0,0,1,0,0,0,0,0,0,1.0,0.0,0.0,0.0,0.0,0.0,0.0,0.0,0.0,0.0,1.0,18
22500269,ORL,NYK,79.2,79.8,"('Desmond Bane', 'Tristan da Silva')",0.15,2,0,0,0,1,0,0,0,0,0,0,1.0,0.0,0.0,0.0,0.0,0.0,0.0,0.0,0.0,0.0,1.0,18
22500269,ORL,NYK,79.2,79.8,"('Franz Wagner', 'Jalen Suggs')",0.15,2,0,0,0,1,0,0,0,0,0,0,1.0,0.0,0.0,0.0,0.0,0.0,0.0,0.0,0.0,0.0,1.0,18
22500269,ORL,NYK,79.2,79.8,"('Franz Wagner', 'Tristan da Silva')",0.15,2,0,0,0,1,0,0,0,0,0,0,1.0,0.0,0.0,0.0,0.0,0.0,0.0,0.0,0.0,0.0,1.0,18
22500269,ORL,NYK,79.2,79.8,"('Jalen Suggs', 'Tristan da Silva')",0.15,2,0,0,0,1,0,0,0,0,0,0,1.0,0.0,0.0,0.0,0.0,0.0,0.0,0.0,0.0,0.0,1.0,18
22500269,ORL,NYK,80.4,77.0,"('Franz Wagner', 'Goga Bitadze')",2.8,2,10,11,2,2,1,2,0,0,1,2,6.88,6.44,2.0,0.0,2.0,8.0,0.0,2.0,2.0,8.0,13.32,18
22500269,ORL,NYK,80.4,77.0,"('Franz Wagner', 'Jalen Suggs')",2.8,2,10,11,2,2,1,2,0,0,1,2,6.88,6.44,2.0,0.0,2.0,8.0,0.0,2.0,2.0,8.0,13.32,18
22500269,ORL,NYK,80.4,77.0,"('Franz Wagner', 'Jett Howard')",2.8,2,10,11,2,2,1,2,0,0,1,2,6.88,6.44,2.0,0.0,2.0,8.0,0.0,2.0,2.0,8.0,13.32,18
22500269,ORL,NYK,80.4,77.0,"('Franz Wagner', 'Tristan da Silva')",2.8,2,10,11,2,2,1,2,0,0,1,2,6.88,6.44,2.0,0.0,2.0,8.0,0.0,2.0,2.0,8.0,13.32,18
22500269,ORL,NYK,80.4,77.0,"('Goga Bitadze', 'Jalen Suggs')",2.8,2,10,11,2,2,1,2,0,0,1,2,6.88,6.44,2.0,0.0,2.0,8.0,0.0,2.0,2.0,8.0,13.32,18
22500269,ORL,NYK,80.4,77.0,"('Goga Bitadze', 'Jett Howard')",2.8,2,10,11,2,2,1,2,0,0,1,2,6.88,6.44,2.0,0.0,2.0,8.0,0.0,2.0,2.0,8.0,13.32,18
22500269,ORL,NYK,80.4,77.0,"('Goga Bitadze', 'Tristan da Silva')",2.8,2,10,11,2,2,1,2,0,0,1,2,6.88,6.44,2.0,0.0,2.0,8.0,0.0,2.0,2.0,8.0,13.32,18
22500269,ORL,NYK,80.4,77.0,"('Jalen Suggs', 'Jett Howard')",2.8,2,10,11,2,2,1,2,0,0,1,2,6.88,6.44,2.0,0.0,2.0,8.0,0.0,2.0,2.0,8.0,13.32,18
22500269,ORL,NYK,80.4,77.0,"('Jalen Suggs', 'Tristan da Silva')",2.8,2,10,11,2,2,1,2,0,0,1,2,6.88,6.44,2.0,0.0,2.0,8.0,0.0,2.0,2.0,8.0,13.32,18
22500269,ORL,NYK,80.4,77.0,"('Jett Howard', 'Tristan da Silva')",2.8,2,10,11,2,2,1,2,0,0,1,2,6.88,6.44,2.0,0.0,2.0,8.0,0.0,2.0,2.0,8.0,13.32,18
22500269,ORL,NYK,79.8,78.4,"('Anthony Black', 'Desmond Bane')",0.6,2,3,0,2,0,1,0,0,1,0,1,1.0,2.0,0.0,0.0,3.0,0.0,0.0,0.0,0.0,0.0,3.0,18
22500269,ORL,NYK,79.8,78.4,"('Anthony Black', 'Franz Wagner')",0.6,2,3,0,2,0,1,0,0,1,0,1,1.0,2.0,0.0,0.0,3.0,0.0,0.0,0.0,0.0,0.0,3.0,18
22500269,ORL,NYK,79.8,78.4,"('Anthony Black', 'Goga Bitadze')",0.6,2,3,0,2,0,1,0,0,1,0,1,1.0,2.0,0.0,0.0,3.0,0.0,0.0,0.0,0.0,0.0,3.0,18
22500269,ORL,NYK,79.8,78.4,"('Anthony Black', 'Jalen Suggs')",0.6,2,3,0,2,0,1,0,0,1,0,1,1.0,2.0,0.0,0.0,3.0,0.0,0.0,0.0,0.0,0.0,3.0,18
22500269,ORL,NYK,79.8,78.4,"('Desmond Bane', 'Franz Wagner')",0.6,2,3,0,2,0,1,0,0,1,0,1,1.0,2.0,0.0,0.0,3.0,0.0,0.0,0.0,0.0,0.0,3.0,18
22500269,ORL,NYK,79.8,78.4,"('Desmond Bane', 'Goga Bitadze')",0.6,2,3,0,2,0,1,0,0,1,0,1,1.0,2.0,0.0,0.0,3.0,0.0,0.0,0.0,0.0,0.0,3.0,18
22500269,ORL,NYK,79.8,78.4,"('Desmond Bane', 'Jalen Suggs')",0.6,2,3,0,2,0,1,0,0,1,0,1,1.0,2.0,0.0,0.0,3.0,0.0,0.0,0.0,0.0,0.0,3.0,18
22500269,ORL,NYK,79.8,78.4,"('Franz Wagner', 'Goga Bitadze')",0.6,2,3,0,2,0,1,0,0,1,0,1,1.0,2.0,0.0,0.0,3.0,0.0,0.0,0.0,0.0,0.0,3.0,18
22500269,ORL,NYK,79.8,78.4,"('Franz Wagner', 'Jalen Suggs')",0.6,2,3,0,2,0,1,0,0,1,0,1,1.0,2.0,0.0,0.0,3.0,0.0,0.0,0.0,0.0,0.0,3.0,18
22500269,ORL,NYK,79.8,78.4,"('Goga Bitadze', 'Jalen Suggs')",0.6,2,3,0,2,0,1,0,0,1,0,1,1.0,2.0,0.0,0.0,3.0,0.0,0.0,0.0,0.0,0.0,3.0,18
22500269,ORL,NYK,78.6,78.4,"('Anthony Black', 'Desmond Bane')",1.566666666666667,2,5,1,2,1,1,0,0,0,2,0,3.0,2.44,0.0,0.0,0.0,2.0,0.0,0.0,0.0,0.0,5.44,18
22500269,ORL,NYK,78.6,78.4,"('Anthony Black', 'Jonathan Isaac')",1.566666666666667,2,5,1,2,1,1,0,0,0,2,0,3.0,2.44,0.0,0.0,0.0,2.0,0.0,0.0,0.0,0.0,5.44,18
22500269,ORL,NYK,78.6,78.4,"('Anthony Black', 'Tyus Jones')",1.566666666666667,2,5,1,2,1,1,0,0,0,2,0,3.0,2.44,0.0,0.0,0.0,2.0,0.0,0.0,0.0,0.0,5.44,18
22500269,ORL,NYK,78.6,78.4,"('Anthony Black', 'Wendell Carter Jr.')",1.566666666666667,2,5,1,2,1,1,0,0,0,2,0,3.0,2.44,0.0,0.0,0.0,2.0,0.0,0.0,0.0,0.0,5.44,18
22500269,ORL,NYK,78.6,78.4,"('Desmond Bane', 'Jonathan Isaac')",1.566666666666667,2,5,1,2,1,1,0,0,0,2,0,3.0,2.44,0.0,0.0,0.0,2.0,0.0,0.0,0.0,0.0,5.44,18
22500269,ORL,NYK,78.6,78.4,"('Desmond Bane', 'Tyus Jones')",1.566666666666667,2,5,1,2,1,1,0,0,0,2,0,3.0,2.44,0.0,0.0,0.0,2.0,0.0,0.0,0.0,0.0,5.44,18
22500269,ORL,NYK,78.6,78.4,"('Desmond Bane', 'Wendell Carter Jr.')",1.566666666666667,2,5,1,2,1,1,0,0,0,2,0,3.0,2.44,0.0,0.0,0.0,2.0,0.0,0.0,0.0,0.0,5.44,18
22500269,ORL,NYK,78.6,78.4,"('Jonathan Isaac', 'Tyus Jones')",1.566666666666667,2,5,1,2,1,1,0,0,0,2,0,3.0,2.44,0.0,0.0,0.0,2.0,0.0,0.0,0.0,0.0,5.44,18
22500269,ORL,NYK,78.6,78.4,"('Jonathan Isaac', 'Wendell Carter Jr.')",1.566666666666667,2,5,1,2,1,1,0,0,0,2,0,3.0,2.44,0.0,0.0,0.0,2.0,0.0,0.0,0.0,0.0,5.44,18
22500269,ORL,NYK,78.6,78.4,"('Tyus Jones', 'Wendell Carter Jr.')",1.566666666666667,2,5,1,2,1,1,0,0,0,2,0,3.0,2.44,0.0,0.0,0.0,2.0,0.0,0.0,0.0,0.0,5.44,18
22500269,ORL,NYK,78.6,78.4,"('Anthony Black', 'Desmond Bane')",2.396666666666667,1,5,6,2,1,0,2,1,0,3,3,5.32,3.88,0.0,0.0,0.0,0.0,2.0,0.0,0.0,4.0,9.2,18
22500269,ORL,NYK,78.6,78.4,"('Anthony Black', 'Jonathan Isaac')",2.396666666666667,1,5,6,2,1,0,2,1,0,3,3,5.32,3.88,0.0,0.0,0.0,0.0,2.0,0.0,0.0,4.0,9.2,18
22500269,ORL,NYK,78.6,78.4,"('Anthony Black', 'Tyus Jones')",2.396666666666667,1,5,6,2,1,0,2,1,0,3,3,5.32,3.88,0.0,0.0,0.0,0.0,2.0,0.0,0.0,4.0,9.2,18
22500269,ORL,NYK,78.6,78.4,"('Anthony Black', 'Wendell Carter Jr.')",2.396666666666667,1,5,6,2,1,0,2,1,0,3,3,5.32,3.88,0.0,0.0,0.0,0.0,2.0,0.0,0.0,4.0,9.2,18
22500269,ORL,NYK,78.6,78.4,"('Desmond Bane', 'Jonathan Isaac')",2.396666666666667,1,5,6,2,1,0,2,1,0,3,3,5.32,3.88,0.0,0.0,0.0,0.0,2.0,0.0,0.0,4.0,9.2,18
22500269,ORL,NYK,78.6,78.4,"('Desmond Bane', 'Tyus Jones')",2.396666666666667,1,5,6,2,1,0,2,1,0,3,3,5.32,3.88,0.0,0.0,0.0,0.0,2.0,0.0,0.0,4.0,9.2,18
22500269,ORL,NYK,78.6,78.4,"('Desmond Bane', 'Wendell Carter Jr.')",2.396666666666667,1,5,6,2,1,0,2,1,0,3,3,5.32,3.88,0.0,0.0,0.0,0.0,2.0,0.0,0.0,4.0,9.2,18
22500269,ORL,NYK,78.6,78.4,"('Jonathan Isaac', 'Tyus Jones')",2.396666666666667,1,5,6,2,1,0,2,1,0,3,3,5.32,3.88,0.0,0.0,0.0,0.0,2.0,0.0,0.0,4.0,9.2,18
22500269,ORL,NYK,78.6,78.4,"('Jonathan Isaac', 'Wendell Carter Jr.')",2.396666666666667,1,5,6,2,1,0,2,1,0,3,3,5.32,3.88,0.0,0.0,0.0,0.0,2.0,0.0,0.0,4.0,9.2,18
22500269,ORL,NYK,78.6,78.4,"('Tyus Jones', 'Wendell Carter Jr.')",2.396666666666667,1,5,6,2,1,0,2,1,0,3,3,5.32,3.88,0.0,0.0,0.0,0.0,2.0,0.0,0.0,4.0,9.2,18
22500269,ORL,NYK,79.8,78.6,"('Desmond Bane', 'Franz Wagner')",5.349999999999998,1,10,15,5,4,3,4,4,2,2,3,11.32,12.88,2.0,2.0,0.0,4.0,5.0,0.0,3.0,0.0,24.200000000000003,18
22500269,ORL,NYK,79.8,78.6,"('Desmond Bane', 'Jalen Suggs')",5.349999999999998,1,10,15,5,4,3,4,4,2,2,3,11.32,12.88,2.0,2.0,0.0,4.0,5.0,0.0,3.0,0.0,24.200000000000003,18
22500269,ORL,NYK,79.8,78.6,"('Desmond Bane', 'Tristan da Silva')",5.349999999999998,1,10,15,5,4,3,4,4,2,2,3,11.32,12.88,2.0,2.0,0.0,4.0,5.0,0.0,3.0,0.0,24.200000000000003,18
22500269,ORL,NYK,79.8,78.6,"('Desmond Bane', 'Wendell Carter Jr.')",5.349999999999998,1,10,15,5,4,3,4,4,2,2,3,11.32,12.88,2.0,2.0,0.0,4.0,5.0,0.0,3.0,0.0,24.200000000000003,18
22500269,ORL,NYK,79.8,78.6,"('Franz Wagner', 'Jalen Suggs')",5.349999999999998,1,10,15,5,4,3,4,4,2,2,3,11.32,12.88,2.0,2.0,0.0,4.0,5.0,0.0,3.0,0.0,24.200000000000003,18
22500269,ORL,NYK,79.8,78.6,"('Franz Wagner', 'Tristan da Silva')",5.349999999999998,1,10,15,5,4,3,4,4,2,2,3,11.32,12.88,2.0,2.0,0.0,4.0,5.0,0.0,3.0,0.0,24.200000000000003,18
22500269,ORL,NYK,79.8,78.6,"('Franz Wagner', 'Wendell Carter Jr.')",5.349999999999998,1,10,15,5,4,3,4,4,2,2,3,11.32,12.88,2.0,2.0,0.0,4.0,5.0,0.0,3.0,0.0,24.200000000000003,18
22500269,ORL,NYK,79.8,78.6,"('Jalen Suggs', 'Tristan da Silva')",5.349999999999998,1,10,15,5,4,3,4,4,2,2,3,11.32,12.88,2.0,2.0,0.0,4.0,5.0,0.0,3.0,0.0,24.200000000000003,18
22500269,ORL,NYK,79.8,78.6,"('Jalen Suggs', 'Wendell Carter Jr.')",5.349999999999998,1,10,15,5,4,3,4,4,2,2,3,11.32,12.88,2.0,2.0,0.0,4.0,5.0,0.0,3.0,0.0,24.200000000000003,18
22500269,ORL,NYK,79.8,78.6,"('Tristan da Silva', 'Wendell Carter Jr.')",5.349999999999998,1,10,15,5,4,3,4,4,2,2,3,11.32,12.88,2.0,2.0,0.0,4.0,5.0,0.0,3.0,0.0,24.200000000000003,18
22500269,ORL,NYK,78.6,79.4,"('Anthony Black', 'Desmond Bane')",1.9,4,10,5,0,0,4,1,0,0,0,0,5.0,3.44,0.0,0.0,3.0,4.0,0.0,0.0,0.0,4.0,8.44,18
22500269,ORL,NYK,78.6,79.4,"('Anthony Black', 'Franz Wagner')",1.9,4,10,5,0,0,4,1,0,0,0,0,5.0,3.44,0.0,0.0,3.0,4.0,0.0,0.0,0.0,4.0,8.44,18
22500269,ORL,NYK,78.6,79.4,"('Anthony Black', 'Jonathan Isaac')",1.9,4,10,5,0,0,4,1,0,0,0,0,5.0,3.44,0.0,0.0,3.0,4.0,0.0,0.0,0.0,4.0,8.44,18
22500269,ORL,NYK,78.6,79.4,"('Anthony Black', 'Tyus Jones')",1.9,4,10,5,0,0,4,1,0,0,0,0,5.0,3.44,0.0,0.0,3.0,4.0,0.0,0.0,0.0,4.0,8.44,18
22500269,ORL,NYK,78.6,79.4,"('Desmond Bane', 'Franz Wagner')",1.9,4,10,5,0,0,4,1,0,0,0,0,5.0,3.44,0.0,0.0,3.0,4.0,0.0,0.0,0.0,4.0,8.44,18
22500269,ORL,NYK,78.6,79.4,"('Desmond Bane', 'Jonathan Isaac')",1.9,4,10,5,0,0,4,1,0,0,0,0,5.0,3.44,0.0,0.0,3.0,4.0,0.0,0.0,0.0,4.0,8.44,18
22500269,ORL,NYK,78.6,79.4,"('Desmond Bane', 'Tyus Jones')",1.9,4,10,5,0,0,4,1,0,0,0,0,5.0,3.44,0.0,0.0,3.0,4.0,0.0,0.0,0.0,4.0,8.44,18
22500269,ORL,NYK,78.6,79.4,"('Franz Wagner', 'Jonathan Isaac')",1.9,4,10,5,0,0,4,1,0,0,0,0,5.0,3.44,0.0,0.0,3.0,4.0,0.0,0.0,0.0,4.0,8.44,18
22500269,ORL,NYK,78.6,79.4,"('Franz Wagner', 'Tyus Jones')",1.9,4,10,5,0,0,4,1,0,0,0,0,5.0,3.44,0.0,0.0,3.0,4.0,0.0,0.0,0.0,4.0,8.44,18
22500269,ORL,NYK,78.6,79.4,"('Jonathan Isaac', 'Tyus Jones')",1.9,4,10,5,0,0,4,1,0,0,0,0,5.0,3.44,0.0,0.0,3.0,4.0,0.0,0.0,0.0,4.0,8.44,18
22500269,ORL,NYK,79.6,79.8,"('Anthony Black', 'Desmond Bane')",2.1166666666666667,4,4,4,0,5,0,0,0,2,2,1,4.88,4.88,2.0,2.0,0.0,2.0,0.0,0.0,0.0,0.0,9.76,18
22500269,ORL,NYK,79.6,79.8,"('Anthony Black', 'Franz Wagner')",2.1166666666666667,4,4,4,0,5,0,0,0,2,2,1,4.88,4.88,2.0,2.0,0.0,2.0,0.0,0.0,0.0,0.0,9.76,18
22500269,ORL,NYK,79.6,79.8,"('Anthony Black', 'Jalen Suggs')",2.1166666666666667,4,4,4,0,5,0,0,0,2,2,1,4.88,4.88,2.0,2.0,0.0,2.0,0.0,0.0,0.0,0.0,9.76,18
22500269,ORL,NYK,79.6,79.8,"('Anthony Black', 'Wendell Carter Jr.')",2.1166666666666667,4,4,4,0,5,0,0,0,2,2,1,4.88,4.88,2.0,2.0,0.0,2.0,0.0,0.0,0.0,0.0,9.76,18
22500269,ORL,NYK,79.6,79.8,"('Desmond Bane', 'Franz Wagner')",2.1166666666666667,4,4,4,0,5,0,0,0,2,2,1,4.88,4.88,2.0,2.0,0.0,2.0,0.0,0.0,0.0,0.0,9.76,18
22500269,ORL,NYK,79.6,79.8,"('Desmond Bane', 'Jalen Suggs')",2.1166666666666667,4,4,4,0,5,0,0,0,2,2,1,4.88,4.88,2.0,2.0,0.0,2.0,0.0,0.0,0.0,0.0,9.76,18
22500269,ORL,NYK,79.6,79.8,"('Desmond Bane', 'Wendell Carter Jr.')",2.1166666666666667,4,4,4,0,5,0,0,0,2,2,1,4.88,4.88,2.0,2.0,0.0,2.0,0.0,0.0,0.0,0.0,9.76,18
22500269,ORL,NYK,79.6,79.8,"('Franz Wagner', 'Jalen Suggs')",2.1166666666666667,4,4,4,0,5,0,0,0,2,2,1,4.88,4.88,2.0,2.0,0.0,2.0,0.0,0.0,0.0,0.0,9.76,18
22500269,ORL,NYK,79.6,79.8,"('Franz Wagner', 'Wendell Carter Jr.')",2.1166666666666667,4,4,4,0,5,0,0,0,2,2,1,4.88,4.88,2.0,2.0,0.0,2.0,0.0,0.0,0.0,0.0,9.76,18
22500269,ORL,NYK,79.6,79.8,"('Jalen Suggs', 'Wendell Carter Jr.')",2.1166666666666667,4,4,4,0,5,0,0,0,2,2,1,4.88,4.88,2.0,2.0,0.0,2.0,0.0,0.0,0.0,0.0,9.76,18
22500269,ORL,NYK,80.0,78.4,"('Desmond Bane', 'Franz Wagner')",3.543333333333333,2,9,13,1,4,2,4,2,2,2,2,8.76,8.88,0.0,2.0,0.0,2.0,2.0,0.0,3.0,8.0,17.64,18
22500269,ORL,NYK,80.0,78.4,"('Desmond Bane', 'Goga Bitadze')",3.543333333333333,2,9,13,1,4,2,4,2,2,2,2,8.76,8.88,0.0,2.0,0.0,2.0,2.0,0.0,3.0,8.0,17.64,18
22500269,ORL,NYK,80.0,78.4,"('Desmond Bane', 'Jalen Suggs')",3.543333333333333,2,9,13,1,4,2,4,2,2,2,2,8.76,8.88,0.0,2.0,0.0,2.0,2.0,0.0,3.0,8.0,17.64,18
22500269,ORL,NYK,80.0,78.4,"('Desmond Bane', 'Tristan da Silva')",3.543333333333333,2,9,13,1,4,2,4,2,2,2,2,8.76,8.88,0.0,2.0,0.0,2.0,2.0,0.0,3.0,8.0,17.64,18
22500269,ORL,NYK,80.0,78.4,"('Franz Wagner', 'Goga Bitadze')",3.543333333333333,2,9,13,1,4,2,4,2,2,2,2,8.76,8.88,0.0,2.0,0.0,2.0,2.0,0.0,3.0,8.0,17.64,18
22500269,ORL,NYK,80.0,78.4,"('Franz Wagner', 'Jalen Suggs')",3.543333333333333,2,9,13,1,4,2,4,2,2,2,2,8.76,8.88,0.0,2.0,0.0,2.0,2.0,0.0,3.0,8.0,17.64,18
22500269,ORL,NYK,80.0,78.4,"('Franz Wagner', 'Tristan da Silva')",3.543333333333333,2,9,13,1,4,2,4,2,2,2,2,8.76,8.88,0.0,2.0,0.0,2.0,2.0,0.0,3.0,8.0,17.64,18
22500269,ORL,NYK,80.0,78.4,"('Goga Bitadze', 'Jalen Suggs')",3.543333333333333,2,9,13,1,4,2,4,2,2,2,2,8.76,8.88,0.0,2.0,0.0,2.0,2.0,0.0,3.0,8.0,17.64,18
22500269,ORL,NYK,80.0,78.4,"('Goga Bitadze', 'Tristan da Silva')",3.543333333333333,2,9,13,1,4,2,4,2,2,2,2,8.76,8.88,0.0,2.0,0.0,2.0,2.0,0.0,3.0,8.0,17.64,18
22500269,ORL,NYK,80.0,78.4,"('Jalen Suggs', 'Tristan da Silva')",3.543333333333333,2,9,13,1,4,2,4,2,2,2,2,8.76,8.88,0.0,2.0,0.0,2.0,2.0,0.0,3.0,8.0,17.64,18
22500269,ORL,NYK,78.8,78.8,"('Anthony Black', 'Desmond Bane')",0.25,2,0,2,0,1,0,1,0,0,0,0,1.0,1.0,0.0,0.0,0.0,0.0,0.0,2.0,0.0,2.0,2.0,18
22500269,ORL,NYK,78.8,78.8,"('Anthony Black', 'Franz Wagner')",0.25,2,0,2,0,1,0,1,0,0,0,0,1.0,1.0,0.0,0.0,0.0,0.0,0.0,2.0,0.0,2.0,2.0,18
22500269,ORL,NYK,78.8,78.8,"('Anthony Black', 'Goga Bitadze')",0.25,2,0,2,0,1,0,1,0,0,0,0,1.0,1.0,0.0,0.0,0.0,0.0,0.0,2.0,0.0,2.0,2.0,18
22500269,ORL,NYK,78.8,78.8,"('Anthony Black', 'Tyus Jones')",0.25,2,0,2,0,1,0,1,0,0,0,0,1.0,1.0,0.0,0.0,0.0,0.0,0.0,2.0,0.0,2.0,2.0,18
22500269,ORL,NYK,78.8,78.8,"('Desmond Bane', 'Franz Wagner')",0.25,2,0,2,0,1,0,1,0,0,0,0,1.0,1.0,0.0,0.0,0.0,0.0,0.0,2.0,0.0,2.0,2.0,18
22500269,ORL,NYK,78.8,78.8,"('Desmond Bane', 'Goga Bitadze')",0.25,2,0,2,0,1,0,1,0,0,0,0,1.0,1.0,0.0,0.0,0.0,0.0,0.0,2.0,0.0,2.0,2.0,18
22500269,ORL,NYK,78.8,78.8,"('Desmond Bane', 'Tyus Jones')",0.25,2,0,2,0,1,0,1,0,0,0,0,1.0,1.0,0.0,0.0,0.0,0.0,0.0,2.0,0.0,2.0,2.0,18
22500269,ORL,NYK,78.8,78.8,"('Franz Wagner', 'Goga Bitadze')",0.25,2,0,2,0,1,0,1,0,0,0,0,1.0,1.0,0.0,0.0,0.0,0.0,0.0,2.0,0.0,2.0,2.0,18
22500269,ORL,NYK,78.8,78.8,"('Franz Wagner', 'Tyus Jones')",0.25,2,0,2,0,1,0,1,0,0,0,0,1.0,1.0,0.0,0.0,0.0,0.0,0.0,2.0,0.0,2.0,2.0,18
22500269,ORL,NYK,78.8,78.8,"('Goga Bitadze', 'Tyus Jones')",0.25,2,0,2,0,1,0,1,0,0,0,0,1.0,1.0,0.0,0.0,0.0,0.0,0.0,2.0,0.0,2.0,2.0,18
22500269,ORL,NYK,78.2,78.8,"('Anthony Black', 'Desmond Bane')",2.816666666666667,2,6,10,2,1,1,3,2,1,2,1,6.0,7.0,0.0,0.0,0.0,6.0,5.0,3.0,0.0,4.0,13.0,18
22500269,ORL,NYK,78.2,78.8,"('Anthony Black', 'Jett Howard')",2.816666666666667,2,6,10,2,1,1,3,2,1,2,1,6.0,7.0,0.0,0.0,0.0,6.0,5.0,3.0,0.0,4.0,13.0,18
22500269,ORL,NYK,78.2,78.8,"('Anthony Black', 'Jonathan Isaac')",2.816666666666667,2,6,10,2,1,1,3,2,1,2,1,6.0,7.0,0.0,0.0,0.0,6.0,5.0,3.0,0.0,4.0,13.0,18
22500269,ORL,NYK,78.2,78.8,"('Anthony Black', 'Tyus Jones')",2.816666666666667,2,6,10,2,1,1,3,2,1,2,1,6.0,7.0,0.0,0.0,0.0,6.0,5.0,3.0,0.0,4.0,13.0,18
22500269,ORL,NYK,78.2,78.8,"('Desmond Bane', 'Jett Howard')",2.816666666666667,2,6,10,2,1,1,3,2,1,2,1,6.0,7.0,0.0,0.0,0.0,6.0,5.0,3.0,0.0,4.0,13.0,18
22500269,ORL,NYK,78.2,78.8,"('Desmond Bane', 'Jonathan Isaac')",2.816666666666667,2,6,10,2,1,1,3,2,1,2,1,6.0,7.0,0.0,0.0,0.0,6.0,5.0,3.0,0.0,4.0,13.0,18
22500269,ORL,NYK,78.2,78.8,"('Desmond Bane', 'Tyus Jones')",2.816666666666667,2,6,10,2,1,1,3,2,1,2,1,6.0,7.0,0.0,0.0,0.0,6.0,5.0,3.0,0.0,4.0,13.0,18
22500269,ORL,NYK,78.2,78.8,"('Jett Howard', 'Jonathan Isaac')",2.816666666666667,2,6,10,2,1,1,3,2,1,2,1,6.0,7.0,0.0,0.0,0.0,6.0,5.0,3.0,0.0,4.0,13.0,18
22500269,ORL,NYK,78.2,78.8,"('Jett Howard', 'Tyus Jones')",2.816666666666667,2,6,10,2,1,1,3,2,1,2,1,6.0,7.0,0.0,0.0,0.0,6.0,5.0,3.0,0.0,4.0,13.0,18
22500269,ORL,NYK,78.2,78.8,"('Jonathan Isaac', 'Tyus Jones')",2.816666666666667,2,6,10,2,1,1,3,2,1,2,1,6.0,7.0,0.0,0.0,0.0,6.0,5.0,3.0,0.0,4.0,13.0,18
22500269,ORL,NYK,80.2,78.0,"('Anthony Black', 'Franz Wagner')",4.116666666666666,1,13,8,4,2,1,2,1,3,1,3,8.76,9.0,3.0,4.0,2.0,4.0,0.0,0.0,0.0,2.0,17.759999999999998,18
22500269,ORL,NYK,80.2,78.0,"('Anthony Black', 'Goga Bitadze')",4.116666666666666,1,13,8,4,2,1,2,1,3,1,3,8.76,9.0,3.0,4.0,2.0,4.0,0.0,0.0,0.0,2.0,17.759999999999998,18
22500269,ORL,NYK,80.2,78.0,"('Anthony Black', 'Jalen Suggs')",4.116666666666666,1,13,8,4,2,1,2,1,3,1,3,8.76,9.0,3.0,4.0,2.0,4.0,0.0,0.0,0.0,2.0,17.759999999999998,18
22500269,ORL,NYK,80.2,78.0,"('Anthony Black', 'Tristan da Silva')",4.116666666666666,1,13,8,4,2,1,2,1,3,1,3,8.76,9.0,3.0,4.0,2.0,4.0,0.0,0.0,0.0,2.0,17.759999999999998,18
22500269,ORL,NYK,80.2,78.0,"('Franz Wagner', 'Goga Bitadze')",4.116666666666666,1,13,8,4,2,1,2,1,3,1,3,8.76,9.0,3.0,4.0,2.0,4.0,0.0,0.0,0.0,2.0,17.759999999999998,18
22500269,ORL,NYK,80.2,78.0,"('Franz Wagner', 'Jalen Suggs')",4.116666666666666,1,13,8,4,2,1,2,1,3,1,3,8.76,9.0,3.0,4.0,2.0,4.0,0.0,0.0,0.0,2.0,17.759999999999998,18
22500269,ORL,NYK,80.2,78.0,"('Franz Wagner', 'Tristan da Silva')",4.116666666666666,1,13,8,4,2,1,2,1,3,1,3,8.76,9.0,3.0,4.0,2.0,4.0,0.0,0.0,0.0,2.0,17.759999999999998,18
22500269,ORL,NYK,80.2,78.0,"('Goga Bitadze', 'Jalen Suggs')",4.116666666666666,1,13,8,4,2,1,2,1,3,1,3,8.76,9.0,3.0,4.0,2.0,4.0,0.0,0.0,0.0,2.0,17.759999999999998,18
22500269,ORL,NYK,80.2,78.0,"('Goga Bitadze', 'Tristan da Silva')",4.116666666666666,1,13,8,4,2,1,2,1,3,1,3,8.76,9.0,3.0,4.0,2.0,4.0,0.0,0.0,0.0,2.0,17.759999999999998,18
22500269,ORL,NYK,80.2,78.0,"('Jalen Suggs', 'Tristan da Silva')",4.116666666666666,1,13,8,4,2,1,2,1,3,1,3,8.76,9.0,3.0,4.0,2.0,4.0,0.0,0.0,0.0,2.0,17.759999999999998,18
22500269,ORL,NYK,80.2,78.0,"('Anthony Black', 'Franz Wagner')",2.866666666666667,4,10,7,3,1,3,1,0,1,1,1,6.44,6.0,0.0,2.0,0.0,6.0,0.0,0.0,0.0,2.0,12.44,18
22500269,ORL,NYK,80.2,78.0,"('Anthony Black', 'Goga Bitadze')",2.866666666666667,4,10,7,3,1,3,1,0,1,1,1,6.44,6.0,0.0,2.0,0.0,6.0,0.0,0.0,0.0,2.0,12.44,18
22500269,ORL,NYK,80.2,78.0,"('Anthony Black', 'Jalen Suggs')",2.866666666666667,4,10,7,3,1,3,1,0,1,1,1,6.44,6.0,0.0,2.0,0.0,6.0,0.0,0.0,0.0,2.0,12.44,18
22500269,ORL,NYK,80.2,78.0,"('Anthony Black', 'Tristan da Silva')",2.866666666666667,4,10,7,3,1,3,1,0,1,1,1,6.44,6.0,0.0,2.0,0.0,6.0,0.0,0.0,0.0,2.0,12.44,18
22500269,ORL,NYK,80.2,78.0,"('Franz Wagner', 'Goga Bitadze')",2.866666666666667,4,10,7,3,1,3,1,0,1,1,1,6.44,6.0,0.0,2.0,0.0,6.0,0.0,0.0,0.0,2.0,12.44,18
22500269,ORL,NYK,80.2,78.0,"('Franz Wagner', 'Jalen Suggs')",2.866666666666667,4,10,7,3,1,3,1,0,1,1,1,6.44,6.0,0.0,2.0,0.0,6.0,0.0,0.0,0.0,2.0,12.44,18
22500269,ORL,NYK,80.2,78.0,"('Franz Wagner', 'Tristan da Silva')",2.866666666666667,4,10,7,3,1,3,1,0,1,1,1,6.44,6.0,0.0,2.0,0.0,6.0,0.0,0.0,0.0,2.0,12.44,18
22500269,ORL,NYK,80.2,78.0,"('Goga Bitadze', 'Jalen Suggs')",2.866666666666667,4,10,7,3,1,3,1,0,1,1,1,6.44,6.0,0.0,2.0,0.0,6.0,0.0,0.0,0.0,2.0,12.44,18
22500269,ORL,NYK,80.2,78.0,"('Goga Bitadze', 'Tristan da Silva')",2.866666666666667,4,10,7,3,1,3,1,0,1,1,1,6.44,6.0,0.0,2.0,0.0,6.0,0.0,0.0,0.0,2.0,12.44,18
22500269,ORL,NYK,80.2,78.0,"('Jalen Suggs', 'Tristan da Silva')",2.866666666666667,4,10,7,3,1,3,1,0,1,1,1,6.44,6.0,0.0,2.0,0.0,6.0,0.0,0.0,0.0,2.0,12.44,18
22500269,ORL,NYK,77.2,79.8,"('Jase Richardson', 'Jett Howard')",1.4433333333333336,4,3,6,1,3,1,0,0,1,2,0,3.0,4.32,0.0,0.0,0.0,0.0,0.0,3.0,0.0,0.0,7.32,18
22500269,ORL,NYK,77.2,79.8,"('Jase Richardson', 'Jonathan Isaac')",1.4433333333333336,4,3,6,1,3,1,0,0,1,2,0,3.0,4.32,0.0,0.0,0.0,0.0,0.0,3.0,0.0,0.0,7.32,18
22500269,ORL,NYK,77.2,79.8,"('Jase Richardson', 'Noah Penda')",1.4433333333333336,4,3,6,1,3,1,0,0,1,2,0,3.0,4.32,0.0,0.0,0.0,0.0,0.0,3.0,0.0,0.0,7.32,18
22500269,ORL,NYK,77.2,79.8,"('Jase Richardson', 'Tyus Jones')",1.4433333333333336,4,3,6,1,3,1,0,0,1,2,0,3.0,4.32,0.0,0.0,0.0,0.0,0.0,3.0,0.0,0.0,7.32,18
22500269,ORL,NYK,77.2,79.8,"('Jett Howard', 'Jonathan Isaac')",1.4433333333333336,4,3,6,1,3,1,0,0,1,2,0,3.0,4.32,0.0,0.0,0.0,0.0,0.0,3.0,0.0,0.0,7.32,18
22500269,ORL,NYK,77.2,79.8,"('Jett Howard', 'Noah Penda')",1.4433333333333336,4,3,6,1,3,1,0,0,1,2,0,3.0,4.32,0.0,0.0,0.0,0.0,0.0,3.0,0.0,0.0,7.32,18
22500269,ORL,NYK,77.2,79.8,"('Jett Howard', 'Tyus Jones')",1.4433333333333336,4,3,6,1,3,1,0,0,1,2,0,3.0,4.32,0.0,0.0,0.0,0.0,0.0,3.0,0.0,0.0,7.32,18
22500269,ORL,NYK,77.2,79.8,"('Jonathan Isaac', 'Noah Penda')",1.4433333333333336,4,3,6,1,3,1,0,0,1,2,0,3.0,4.32,0.0,0.0,0.0,0.0,0.0,3.0,0.0,0.0,7.32,18
22500269,ORL,NYK,77.2,79.8,"('Jonathan Isaac', 'Tyus Jones')",1.4433333333333336,4,3,6,1,3,1,0,0,1,2,0,3.0,4.32,0.0,0.0,0.0,0.0,0.0,3.0,0.0,0.0,7.32,18
22500269,ORL,NYK,77.2,79.8,"('Noah Penda', 'Tyus Jones')",1.4433333333333336,4,3,6,1,3,1,0,0,1,2,0,3.0,4.32,0.0,0.0,0.0,0.0,0.0,3.0,0.0,0.0,7.32,18
22500269,ORL,NYK,79.8,78.0,"('Anthony Black', 'Desmond Bane')",0.7,4,2,0,1,1,1,0,0,0,0,1,1.0,1.0,0.0,0.0,0.0,2.0,0.0,0.0,0.0,0.0,2.0,18
22500269,ORL,NYK,79.8,78.0,"('Anthony Black', 'Franz Wagner')",0.7,4,2,0,1,1,1,0,0,0,0,1,1.0,1.0,0.0,0.0,0.0,2.0,0.0,0.0,0.0,0.0,2.0,18
22500269,ORL,NYK,79.8,78.0,"('Anthony Black', 'Goga Bitadze')",0.7,4,2,0,1,1,1,0,0,0,0,1,1.0,1.0,0.0,0.0,0.0,2.0,0.0,0.0,0.0,0.0,2.0,18
22500269,ORL,NYK,79.8,78.0,"('Anthony Black', 'Jalen Suggs')",0.7,4,2,0,1,1,1,0,0,0,0,1,1.0,1.0,0.0,0.0,0.0,2.0,0.0,0.0,0.0,0.0,2.0,18
22500269,ORL,NYK,79.8,78.0,"('Desmond Bane', 'Franz Wagner')",0.7,4,2,0,1,1,1,0,0,0,0,1,1.0,1.0,0.0,0.0,0.0,2.0,0.0,0.0,0.0,0.0,2.0,18
22500269,ORL,NYK,79.8,78.0,"('Desmond Bane', 'Goga Bitadze')",0.7,4,2,0,1,1,1,0,0,0,0,1,1.0,1.0,0.0,0.0,0.0,2.0,0.0,0.0,0.0,0.0,2.0,18
22500269,ORL,NYK,79.8,78.0,"('Desmond Bane', 'Jalen Suggs')",0.7,4,2,0,1,1,1,0,0,0,0,1,1.0,1.0,0.0,0.0,0.0,2.0,0.0,0.0,0.0,0.0,2.0,18
22500269,ORL,NYK,79.8,78.0,"('Franz Wagner', 'Goga Bitadze')",0.7,4,2,0,1,1,1,0,0,0,0,1,1.0,1.0,0.0,0.0,0.0,2.0,0.0,0.0,0.0,0.0,2.0,18
22500269,ORL,NYK,79.8,78.0,"('Franz Wagner', 'Jalen Suggs')",0.7,4,2,0,1,1,1,0,0,0,0,1,1.0,1.0,0.0,0.0,0.0,2.0,0.0,0.0,0.0,0.0,2.0,18
22500269,ORL,NYK,79.8,78.0,"('Goga Bitadze', 'Jalen Suggs')",0.7,4,2,0,1,1,1,0,0,0,0,1,1.0,1.0,0.0,0.0,0.0,2.0,0.0,0.0,0.0,0.0,2.0,18
22500277,ORL,BOS,76.2,76.8,"('Anthony Black', 'Desmond Bane')",1.4500000000000002,2,1,8,0,3,0,2,0,0,1,0,3.44,4.44,0.0,0.0,0.0,0.0,0.0,3.0,0.0,4.0,7.879999999999999,19
22500277,ORL,BOS,76.2,76.8,"('Anthony Black', 'Jase Richardson')",1.4500000000000002,2,1,8,0,3,0,2,0,0,1,0,3.44,4.44,0.0,0.0,0.0,0.0,0.0,3.0,0.0,4.0,7.879999999999999,19
22500277,ORL,BOS,76.2,76.8,"('Anthony Black', 'Noah Penda')",1.4500000000000002,2,1,8,0,3,0,2,0,0,1,0,3.44,4.44,0.0,0.0,0.0,0.0,0.0,3.0,0.0,4.0,7.879999999999999,19
22500277,ORL,BOS,76.2,76.8,"('Anthony Black', 'Tyus Jones')",1.4500000000000002,2,1,8,0,3,0,2,0,0,1,0,3.44,4.44,0.0,0.0,0.0,0.0,0.0,3.0,0.0,4.0,7.879999999999999,19
22500277,ORL,BOS,76.2,76.8,"('Desmond Bane', 'Jase Richardson')",1.4500000000000002,2,1,8,0,3,0,2,0,0,1,0,3.44,4.44,0.0,0.0,0.0,0.0,0.0,3.0,0.0,4.0,7.879999999999999,19
22500277,ORL,BOS,76.2,76.8,"('Desmond Bane', 'Noah Penda')",1.4500000000000002,2,1,8,0,3,0,2,0,0,1,0,3.44,4.44,0.0,0.0,0.0,0.0,0.0,3.0,0.0,4.0,7.879999999999999,19
22500277,ORL,BOS,76.2,76.8,"('Desmond Bane', 'Tyus Jones')",1.4500000000000002,2,1,8,0,3,0,2,0,0,1,0,3.44,4.44,0.0,0.0,0.0,0.0,0.0,3.0,0.0,4.0,7.879999999999999,19
22500277,ORL,BOS,76.2,76.8,"('Jase Richardson', 'Noah Penda')",1.4500000000000002,2,1,8,0,3,0,2,0,0,1,0,3.44,4.44,0.0,0.0,0.0,0.0,0.0,3.0,0.0,4.0,7.879999999999999,19
22500277,ORL,BOS,76.2,76.8,"('Jase Richardson', 'Tyus Jones')",1.4500000000000002,2,1,8,0,3,0,2,0,0,1,0,3.44,4.44,0.0,0.0,0.0,0.0,0.0,3.0,0.0,4.0,7.879999999999999,19
22500277,ORL,BOS,76.2,76.8,"('Noah Penda', 'Tyus Jones')",1.4500000000000002,2,1,8,0,3,0,2,0,0,1,0,3.44,4.44,0.0,0.0,0.0,0.0,0.0,3.0,0.0,4.0,7.879999999999999,19
22500277,ORL,BOS,76.4,77.6,"('Desmond Bane', 'Jamal Cain')",0.4533333333333332,1,2,0,0,0,0,0,0,0,1,1,0.88,0.0,0.0,0.0,0.0,0.0,0.0,0.0,0.0,0.0,0.88,19
22500277,ORL,BOS,76.4,77.6,"('Desmond Bane', 'Jase Richardson')",0.4533333333333332,1,2,0,0,0,0,0,0,0,1,1,0.88,0.0,0.0,0.0,0.0,0.0,0.0,0.0,0.0,0.0,0.88,19
22500277,ORL,BOS,76.4,77.6,"('Desmond Bane', 'Jett Howard')",0.4533333333333332,1,2,0,0,0,0,0,0,0,1,1,0.88,0.0,0.0,0.0,0.0,0.0,0.0,0.0,0.0,0.0,0.88,19
22500277,ORL,BOS,76.4,77.6,"('Desmond Bane', 'Tyus Jones')",0.4533333333333332,1,2,0,0,0,0,0,0,0,1,1,0.88,0.0,0.0,0.0,0.0,0.0,0.0,0.0,0.0,0.0,0.88,19
22500277,ORL,BOS,76.4,77.6,"('Jamal Cain', 'Jase Richardson')",0.4533333333333332,1,2,0,0,0,0,0,0,0,1,1,0.88,0.0,0.0,0.0,0.0,0.0,0.0,0.0,0.0,0.0,0.88,19
22500277,ORL,BOS,76.4,77.6,"('Jamal Cain', 'Jett Howard')",0.4533333333333332,1,2,0,0,0,0,0,0,0,1,1,0.88,0.0,0.0,0.0,0.0,0.0,0.0,0.0,0.0,0.0,0.88,19
22500277,ORL,BOS,76.4,77.6,"('Jamal Cain', 'Tyus Jones')",0.4533333333333332,1,2,0,0,0,0,0,0,0,1,1,0.88,0.0,0.0,0.0,0.0,0.0,0.0,0.0,0.0,0.0,0.88,19
22500277,ORL,BOS,76.4,77.6,"('Jase Richardson', 'Jett Howard')",0.4533333333333332,1,2,0,0,0,0,0,0,0,1,1,0.88,0.0,0.0,0.0,0.0,0.0,0.0,0.0,0.0,0.0,0.88,19
22500277,ORL,BOS,76.4,77.6,"('Jase Richardson', 'Tyus Jones')",0.4533333333333332,1,2,0,0,0,0,0,0,0,1,1,0.88,0.0,0.0,0.0,0.0,0.0,0.0,0.0,0.0,0.0,0.88,19
22500277,ORL,BOS,76.4,77.6,"('Jett Howard', 'Tyus Jones')",0.4533333333333332,1,2,0,0,0,0,0,0,0,1,1,0.88,0.0,0.0,0.0,0.0,0.0,0.0,0.0,0.0,0.0,0.88,19
22500277,ORL,BOS,77.8,77.6,"('Anthony Black', 'Desmond Bane')",0.0,1,0,0,0,0,0,0,0,0,0,0,0.0,0.0,0.0,0.0,0.0,0.0,0.0,0.0,0.0,0.0,0.0,19
22500277,ORL,BOS,77.8,77.6,"('Anthony Black', 'Jamal Cain')",0.0,1,0,0,0,0,0,0,0,0,0,0,0.0,0.0,0.0,0.0,0.0,0.0,0.0,0.0,0.0,0.0,0.0,19
22500277,ORL,BOS,77.8,77.6,"('Anthony Black', 'Jase Richardson')",0.0,1,0,0,0,0,0,0,0,0,0,0,0.0,0.0,0.0,0.0,0.0,0.0,0.0,0.0,0.0,0.0,0.0,19
22500277,ORL,BOS,77.8,77.6,"('Anthony Black', 'Jett Howard')",0.0,1,0,0,0,0,0,0,0,0,0,0,0.0,0.0,0.0,0.0,0.0,0.0,0.0,0.0,0.0,0.0,0.0,19
22500277,ORL,BOS,77.8,77.6,"('Desmond Bane', 'Jamal Cain')",0.0,1,0,0,0,0,0,0,0,0,0,0,0.0,0.0,0.0,0.0,0.0,0.0,0.0,0.0,0.0,0.0,0.0,19
22500277,ORL,BOS,77.8,77.6,"('Desmond Bane', 'Jase Richardson')",0.0,1,0,0,0,0,0,0,0,0,0,0,0.0,0.0,0.0,0.0,0.0,0.0,0.0,0.0,0.0,0.0,0.0,19
22500277,ORL,BOS,77.8,77.6,"('Desmond Bane', 'Jett Howard')",0.0,1,0,0,0,0,0,0,0,0,0,0,0.0,0.0,0.0,0.0,0.0,0.0,0.0,0.0,0.0,0.0,0.0,19
22500277,ORL,BOS,77.8,77.6,"('Jamal Cain', 'Jase Richardson')",0.0,1,0,0,0,0,0,0,0,0,0,0,0.0,0.0,0.0,0.0,0.0,0.0,0.0,0.0,0.0,0.0,0.0,19
22500277,ORL,BOS,77.8,77.6,"('Jamal Cain', 'Jett Howard')",0.0,1,0,0,0,0,0,0,0,0,0,0,0.0,0.0,0.0,0.0,0.0,0.0,0.0,0.0,0.0,0.0,0.0,19
22500277,ORL,BOS,77.8,77.6,"('Jase Richardson', 'Jett Howard')",0.0,1,0,0,0,0,0,0,0,0,0,0,0.0,0.0,0.0,0.0,0.0,0.0,0.0,0.0,0.0,0.0,0.0,19
22500277,ORL,BOS,78.8,78.0,"('Desmond Bane', 'Franz Wagner')",0.8833333333333334,1,2,3,1,1,0,0,0,0,0,1,2.88,2.0,0.0,0.0,0.0,0.0,0.0,0.0,0.0,0.0,4.88,19
22500277,ORL,BOS,78.8,78.0,"('Desmond Bane', 'Jett Howard')",0.8833333333333334,1,2,3,1,1,0,0,0,0,0,1,2.88,2.0,0.0,0.0,0.0,0.0,0.0,0.0,0.0,0.0,4.88,19
22500277,ORL,BOS,78.8,78.0,"('Desmond Bane', 'Jonathan Isaac')",0.8833333333333334,1,2,3,1,1,0,0,0,0,0,1,2.88,2.0,0.0,0.0,0.0,0.0,0.0,0.0,0.0,0.0,4.88,19
22500277,ORL,BOS,78.8,78.0,"('Desmond Bane', 'Tyus Jones')",0.8833333333333334,1,2,3,1,1,0,0,0,0,0,1,2.88,2.0,0.0,0.0,0.0,0.0,0.0,0.0,0.0,0.0,4.88,19
22500277,ORL,BOS,78.8,78.0,"('Franz Wagner', 'Jett Howard')",0.8833333333333334,1,2,3,1,1,0,0,0,0,0,1,2.88,2.0,0.0,0.0,0.0,0.0,0.0,0.0,0.0,0.0,4.88,19
22500277,ORL,BOS,78.8,78.0,"('Franz Wagner', 'Jonathan Isaac')",0.8833333333333334,1,2,3,1,1,0,0,0,0,0,1,2.88,2.0,0.0,0.0,0.0,0.0,0.0,0.0,0.0,0.0,4.88,19
22500277,ORL,BOS,78.8,78.0,"('Franz Wagner', 'Tyus Jones')",0.8833333333333334,1,2,3,1,1,0,0,0,0,0,1,2.88,2.0,0.0,0.0,0.0,0.0,0.0,0.0,0.0,0.0,4.88,19
22500277,ORL,BOS,78.8,78.0,"('Jett Howard', 'Jonathan Isaac')",0.8833333333333334,1,2,3,1,1,0,0,0,0,0,1,2.88,2.0,0.0,0.0,0.0,0.0,0.0,0.0,0.0,0.0,4.88,19
22500277,ORL,BOS,78.8,78.0,"('Jett Howard', 'Tyus Jones')",0.8833333333333334,1,2,3,1,1,0,0,0,0,0,1,2.88,2.0,0.0,0.0,0.0,0.0,0.0,0.0,0.0,0.0,4.88,19
22500277,ORL,BOS,78.8,78.0,"('Jonathan Isaac', 'Tyus Jones')",0.8833333333333334,1,2,3,1,1,0,0,0,0,0,1,2.88,2.0,0.0,0.0,0.0,0.0,0.0,0.0,0.0,0.0,4.88,19
22500277,ORL,BOS,79.2,76.8,"('Anthony Black', 'Franz Wagner')",1.9833333333333336,2,8,7,2,1,1,3,0,0,0,1,5.0,4.0,2.0,0.0,0.0,8.0,0.0,0.0,0.0,2.0,9.0,19
22500277,ORL,BOS,79.2,76.8,"('Anthony Black', 'Jase Richardson')",1.9833333333333336,2,8,7,2,1,1,3,0,0,0,1,5.0,4.0,2.0,0.0,0.0,8.0,0.0,0.0,0.0,2.0,9.0,19
22500277,ORL,BOS,79.2,76.8,"('Anthony Black', 'Orlando Robinson')",1.9833333333333336,2,8,7,2,1,1,3,0,0,0,1,5.0,4.0,2.0,0.0,0.0,8.0,0.0,0.0,0.0,2.0,9.0,19
22500277,ORL,BOS,79.2,76.8,"('Anthony Black', 'Tristan da Silva')",1.9833333333333336,2,8,7,2,1,1,3,0,0,0,1,5.0,4.0,2.0,0.0,0.0,8.0,0.0,0.0,0.0,2.0,9.0,19
22500277,ORL,BOS,79.2,76.8,"('Franz Wagner', 'Jase Richardson')",1.9833333333333336,2,8,7,2,1,1,3,0,0,0,1,5.0,4.0,2.0,0.0,0.0,8.0,0.0,0.0,0.0,2.0,9.0,19
22500277,ORL,BOS,79.2,76.8,"('Franz Wagner', 'Orlando Robinson')",1.9833333333333336,2,8,7,2,1,1,3,0,0,0,1,5.0,4.0,2.0,0.0,0.0,8.0,0.0,0.0,0.0,2.0,9.0,19
22500277,ORL,BOS,79.2,76.8,"('Franz Wagner', 'Tristan da Silva')",1.9833333333333336,2,8,7,2,1,1,3,0,0,0,1,5.0,4.0,2.0,0.0,0.0,8.0,0.0,0.0,0.0,2.0,9.0,19
22500277,ORL,BOS,79.2,76.8,"('Jase Richardson', 'Orlando Robinson')",1.9833333333333336,2,8,7,2,1,1,3,0,0,0,1,5.0,4.0,2.0,0.0,0.0,8.0,0.0,0.0,0.0,2.0,9.0,19
22500277,ORL,BOS,79.2,76.8,"('Jase Richardson', 'Tristan da Silva')",1.9833333333333336,2,8,7,2,1,1,3,0,0,0,1,5.0,4.0,2.0,0.0,0.0,8.0,0.0,0.0,0.0,2.0,9.0,19
22500277,ORL,BOS,79.2,76.8,"('Orlando Robinson', 'Tristan da Silva')",1.9833333333333336,2,8,7,2,1,1,3,0,0,0,1,5.0,4.0,2.0,0.0,0.0,8.0,0.0,0.0,0.0,2.0,9.0,19
22500277,ORL,BOS,80.0,77.6,"('Anthony Black', 'Franz Wagner')",2.833333333333333,3,8,6,4,1,3,0,0,0,0,1,7.0,5.0,0.0,0.0,5.0,2.0,2.0,0.0,0.0,6.0,12.0,19
22500277,ORL,BOS,80.0,77.6,"('Anthony Black', 'Jett Howard')",2.833333333333333,3,8,6,4,1,3,0,0,0,0,1,7.0,5.0,0.0,0.0,5.0,2.0,2.0,0.0,0.0,6.0,12.0,19
22500277,ORL,BOS,80.0,77.6,"('Anthony Black', 'Noah Penda')",2.833333333333333,3,8,6,4,1,3,0,0,0,0,1,7.0,5.0,0.0,0.0,5.0,2.0,2.0,0.0,0.0,6.0,12.0,19
22500277,ORL,BOS,80.0,77.6,"('Anthony Black', 'Tristan da Silva')",2.833333333333333,3,8,6,4,1,3,0,0,0,0,1,7.0,5.0,0.0,0.0,5.0,2.0,2.0,0.0,0.0,6.0,12.0,19
22500277,ORL,BOS,80.0,77.6,"('Franz Wagner', 'Jett Howard')",2.833333333333333,3,8,6,4,1,3,0,0,0,0,1,7.0,5.0,0.0,0.0,5.0,2.0,2.0,0.0,0.0,6.0,12.0,19
22500277,ORL,BOS,80.0,77.6,"('Franz Wagner', 'Noah Penda')",2.833333333333333,3,8,6,4,1,3,0,0,0,0,1,7.0,5.0,0.0,0.0,5.0,2.0,2.0,0.0,0.0,6.0,12.0,19
22500277,ORL,BOS,80.0,77.6,"('Franz Wagner', 'Tristan da Silva')",2.833333333333333,3,8,6,4,1,3,0,0,0,0,1,7.0,5.0,0.0,0.0,5.0,2.0,2.0,0.0,0.0,6.0,12.0,19
22500277,ORL,BOS,80.0,77.6,"('Jett Howard', 'Noah Penda')",2.833333333333333,3,8,6,4,1,3,0,0,0,0,1,7.0,5.0,0.0,0.0,5.0,2.0,2.0,0.0,0.0,6.0,12.0,19
22500277,ORL,BOS,80.0,77.6,"('Jett Howard', 'Tristan da Silva')",2.833333333333333,3,8,6,4,1,3,0,0,0,0,1,7.0,5.0,0.0,0.0,5.0,2.0,2.0,0.0,0.0,6.0,12.0,19
22500277,ORL,BOS,80.0,77.6,"('Noah Penda', 'Tristan da Silva')",2.833333333333333,3,8,6,4,1,3,0,0,0,0,1,7.0,5.0,0.0,0.0,5.0,2.0,2.0,0.0,0.0,6.0,12.0,19
22500277,ORL,BOS,79.6,77.6,"('Anthony Black', 'Desmond Bane')",3.516666666666667,3,9,6,4,5,3,1,0,1,1,1,8.0,8.0,4.0,2.0,2.0,6.0,0.0,0.0,2.0,4.0,16.0,19
22500277,ORL,BOS,79.6,77.6,"('Anthony Black', 'Franz Wagner')",3.516666666666667,3,9,6,4,5,3,1,0,1,1,1,8.0,8.0,4.0,2.0,2.0,6.0,0.0,0.0,2.0,4.0,16.0,19
22500277,ORL,BOS,79.6,77.6,"('Anthony Black', 'Noah Penda')",3.516666666666667,3,9,6,4,5,3,1,0,1,1,1,8.0,8.0,4.0,2.0,2.0,6.0,0.0,0.0,2.0,4.0,16.0,19
22500277,ORL,BOS,79.6,77.6,"('Anthony Black', 'Tristan da Silva')",3.516666666666667,3,9,6,4,5,3,1,0,1,1,1,8.0,8.0,4.0,2.0,2.0,6.0,0.0,0.0,2.0,4.0,16.0,19
22500277,ORL,BOS,79.6,77.6,"('Desmond Bane', 'Franz Wagner')",3.516666666666667,3,9,6,4,5,3,1,0,1,1,1,8.0,8.0,4.0,2.0,2.0,6.0,0.0,0.0,2.0,4.0,16.0,19
22500277,ORL,BOS,79.6,77.6,"('Desmond Bane', 'Noah Penda')",3.516666666666667,3,9,6,4,5,3,1,0,1,1,1,8.0,8.0,4.0,2.0,2.0,6.0,0.0,0.0,2.0,4.0,16.0,19
22500277,ORL,BOS,79.6,77.6,"('Desmond Bane', 'Tristan da Silva')",3.516666666666667,3,9,6,4,5,3,1,0,1,1,1,8.0,8.0,4.0,2.0,2.0,6.0,0.0,0.0,2.0,4.0,16.0,19
22500277,ORL,BOS,79.6,77.6,"('Franz Wagner', 'Noah Penda')",3.516666666666667,3,9,6,4,5,3,1,0,1,1,1,8.0,8.0,4.0,2.0,2.0,6.0,0.0,0.0,2.0,4.0,16.0,19
22500277,ORL,BOS,79.6,77.6,"('Franz Wagner', 'Tristan da Silva')",3.516666666666667,3,9,6,4,5,3,1,0,1,1,1,8.0,8.0,4.0,2.0,2.0,6.0,0.0,0.0,2.0,4.0,16.0,19
22500277,ORL,BOS,79.6,77.6,"('Noah Penda', 'Tristan da Silva')",3.516666666666667,3,9,6,4,5,3,1,0,1,1,1,8.0,8.0,4.0,2.0,2.0,6.0,0.0,0.0,2.0,4.0,16.0,19
22500277,ORL,BOS,76.4,77.6,"('Desmond Bane', 'Jase Richardson')",2.236666666666667,3,9,9,1,0,2,2,0,0,0,2,4.44,4.0,0.0,0.0,0.0,2.0,0.0,0.0,0.0,0.0,8.440000000000001,19
22500277,ORL,BOS,76.4,77.6,"('Desmond Bane', 'Jett Howard')",2.236666666666667,3,9,9,1,0,2,2,0,0,0,2,4.44,4.0,0.0,0.0,0.0,2.0,0.0,0.0,0.0,0.0,8.440000000000001,19
22500277,ORL,BOS,76.4,77.6,"('Desmond Bane', 'Noah Penda')",2.236666666666667,3,9,9,1,0,2,2,0,0,0,2,4.44,4.0,0.0,0.0,0.0,2.0,0.0,0.0,0.0,0.0,8.440000000000001,19
22500277,ORL,BOS,76.4,77.6,"('Desmond Bane', 'Tyus Jones')",2.236666666666667,3,9,9,1,0,2,2,0,0,0,2,4.44,4.0,0.0,0.0,0.0,2.0,0.0,0.0,0.0,0.0,8.440000000000001,19
22500277,ORL,BOS,76.4,77.6,"('Jase Richardson', 'Jett Howard')",2.236666666666667,3,9,9,1,0,2,2,0,0,0,2,4.44,4.0,0.0,0.0,0.0,2.0,0.0,0.0,0.0,0.0,8.440000000000001,19
22500277,ORL,BOS,76.4,77.6,"('Jase Richardson', 'Noah Penda')",2.236666666666667,3,9,9,1,0,2,2,0,0,0,2,4.44,4.0,0.0,0.0,0.0,2.0,0.0,0.0,0.0,0.0,8.440000000000001,19
22500277,ORL,BOS,76.4,77.6,"('Jase Richardson', 'Tyus Jones')",2.236666666666667,3,9,9,1,0,2,2,0,0,0,2,4.44,4.0,0.0,0.0,0.0,2.0,0.0,0.0,0.0,0.0,8.440000000000001,19
22500277,ORL,BOS,76.4,77.6,"('Jett Howard', 'Noah Penda')",2.236666666666667,3,9,9,1,0,2,2,0,0,0,2,4.44,4.0,0.0,0.0,0.0,2.0,0.0,0.0,0.0,0.0,8.440000000000001,19
22500277,ORL,BOS,76.4,77.6,"('Jett Howard', 'Tyus Jones')",2.236666666666667,3,9,9,1,0,2,2,0,0,0,2,4.44,4.0,0.0,0.0,0.0,2.0,0.0,0.0,0.0,0.0,8.440000000000001,19
22500277,ORL,BOS,76.4,77.6,"('Noah Penda', 'Tyus Jones')",2.236666666666667,3,9,9,1,0,2,2,0,0,0,2,4.44,4.0,0.0,0.0,0.0,2.0,0.0,0.0,0.0,0.0,8.440000000000001,19
22500277,ORL,BOS,76.4,77.2,"('Desmond Bane', 'Jase Richardson')",2.8166666666666664,4,9,8,4,1,3,2,0,0,2,0,5.0,4.88,0.0,0.0,5.0,4.0,0.0,0.0,0.0,6.0,9.88,19
22500277,ORL,BOS,76.4,77.2,"('Desmond Bane', 'Jett Howard')",2.8166666666666664,4,9,8,4,1,3,2,0,0,2,0,5.0,4.88,0.0,0.0,5.0,4.0,0.0,0.0,0.0,6.0,9.88,19
22500277,ORL,BOS,76.4,77.2,"('Desmond Bane', 'Noah Penda')",2.8166666666666664,4,9,8,4,1,3,2,0,0,2,0,5.0,4.88,0.0,0.0,5.0,4.0,0.0,0.0,0.0,6.0,9.88,19
22500277,ORL,BOS,76.4,77.2,"('Desmond Bane', 'Tyus Jones')",2.8166666666666664,4,9,8,4,1,3,2,0,0,2,0,5.0,4.88,0.0,0.0,5.0,4.0,0.0,0.0,0.0,6.0,9.88,19
22500277,ORL,BOS,76.4,77.2,"('Jase Richardson', 'Jett Howard')",2.8166666666666664,4,9,8,4,1,3,2,0,0,2,0,5.0,4.88,0.0,0.0,5.0,4.0,0.0,0.0,0.0,6.0,9.88,19
22500277,ORL,BOS,76.4,77.2,"('Jase Richardson', 'Noah Penda')",2.8166666666666664,4,9,8,4,1,3,2,0,0,2,0,5.0,4.88,0.0,0.0,5.0,4.0,0.0,0.0,0.0,6.0,9.88,19
22500277,ORL,BOS,76.4,77.2,"('Jase Richardson', 'Tyus Jones')",2.8166666666666664,4,9,8,4,1,3,2,0,0,2,0,5.0,4.88,0.0,0.0,5.0,4.0,0.0,0.0,0.0,6.0,9.88,19
22500277,ORL,BOS,76.4,77.2,"('Jett Howard', 'Noah Penda')",2.8166666666666664,4,9,8,4,1,3,2,0,0,2,0,5.0,4.88,0.0,0.0,5.0,4.0,0.0,0.0,0.0,6.0,9.88,19
22500277,ORL,BOS,76.4,77.2,"('Jett Howard', 'Tyus Jones')",2.8166666666666664,4,9,8,4,1,3,2,0,0,2,0,5.0,4.88,0.0,0.0,5.0,4.0,0.0,0.0,0.0,6.0,9.88,19
22500277,ORL,BOS,76.4,77.2,"('Noah Penda', 'Tyus Jones')",2.8166666666666664,4,9,8,4,1,3,2,0,0,2,0,5.0,4.88,0.0,0.0,5.0,4.0,0.0,0.0,0.0,6.0,9.88,19
22500277,ORL,BOS,76.6,76.8,"('Jamal Cain', 'Jase Richardson')",8.01833333333333,4,28,17,7,5,5,3,0,2,3,3,16.76,15.32,5.0,0.0,2.0,10.0,0.0,0.0,0.0,8.0,32.08,19
22500277,ORL,BOS,76.6,76.8,"('Jamal Cain', 'Jett Howard')",8.01833333333333,4,28,17,7,5,5,3,0,2,3,3,16.76,15.32,5.0,0.0,2.0,10.0,0.0,0.0,0.0,8.0,32.08,19
22500277,ORL,BOS,76.6,76.8,"('Jamal Cain', 'Noah Penda')",8.01833333333333,4,28,17,7,5,5,3,0,2,3,3,16.76,15.32,5.0,0.0,2.0,10.0,0.0,0.0,0.0,8.0,32.08,19
22500277,ORL,BOS,76.6,76.8,"('Jamal Cain', 'Tyus Jones')",8.01833333333333,4,28,17,7,5,5,3,0,2,3,3,16.76,15.32,5.0,0.0,2.0,10.0,0.0,0.0,0.0,8.0,32.08,19
22500277,ORL,BOS,76.6,76.8,"('Jase Richardson', 'Jett Howard')",8.01833333333333,4,28,17,7,5,5,3,0,2,3,3,16.76,15.32,5.0,0.0,2.0,10.0,0.0,0.0,0.0,8.0,32.08,19
22500277,ORL,BOS,76.6,76.8,"('Jase Richardson', 'Noah Penda')",8.01833333333333,4,28,17,7,5,5,3,0,2,3,3,16.76,15.32,5.0,0.0,2.0,10.0,0.0,0.0,0.0,8.0,32.08,19
22500277,ORL,BOS,76.6,76.8,"('Jase Richardson', 'Tyus Jones')",8.01833333333333,4,28,17,7,5,5,3,0,2,3,3,16.76,15.32,5.0,0.0,2.0,10.0,0.0,0.0,0.0,8.0,32.08,19
22500277,ORL,BOS,76.6,76.8,"('Jett Howard', 'Noah Penda')",8.01833333333333,4,28,17,7,5,5,3,0,2,3,3,16.76,15.32,5.0,0.0,2.0,10.0,0.0,0.0,0.0,8.0,32.08,19
22500277,ORL,BOS,76.6,76.8,"('Jett Howard', 'Tyus Jones')",8.01833333333333,4,28,17,7,5,5,3,0,2,3,3,16.76,15.32,5.0,0.0,2.0,10.0,0.0,0.0,0.0,8.0,32.08,19
22500277,ORL,BOS,76.6,76.8,"('Noah Penda', 'Tyus Jones')",8.01833333333333,4,28,17,7,5,5,3,0,2,3,3,16.76,15.32,5.0,0.0,2.0,10.0,0.0,0.0,0.0,8.0,32.08,19
22500277,ORL,BOS,77.6,77.2,"('Desmond Bane', 'Jamal Cain')",0.9166666666666666,4,3,3,1,0,1,0,1,0,0,0,2.0,2.44,0.0,0.0,0.0,0.0,0.0,0.0,0.0,2.0,4.44,19
22500277,ORL,BOS,77.6,77.2,"('Desmond Bane', 'Jett Howard')",0.9166666666666666,4,3,3,1,0,1,0,1,0,0,0,2.0,2.44,0.0,0.0,0.0,0.0,0.0,0.0,0.0,2.0,4.44,19
22500277,ORL,BOS,77.6,77.2,"('Desmond Bane', 'Noah Penda')",0.9166666666666666,4,3,3,1,0,1,0,1,0,0,0,2.0,2.44,0.0,0.0,0.0,0.0,0.0,0.0,0.0,2.0,4.44,19
22500277,ORL,BOS,77.6,77.2,"('Desmond Bane', 'Tyus Jones')",0.9166666666666666,4,3,3,1,0,1,0,1,0,0,0,2.0,2.44,0.0,0.0,0.0,0.0,0.0,0.0,0.0,2.0,4.44,19
22500277,ORL,BOS,77.6,77.2,"('Jamal Cain', 'Jett Howard')",0.9166666666666666,4,3,3,1,0,1,0,1,0,0,0,2.0,2.44,0.0,0.0,0.0,0.0,0.0,0.0,0.0,2.0,4.44,19
22500277,ORL,BOS,77.6,77.2,"('Jamal Cain', 'Noah Penda')",0.9166666666666666,4,3,3,1,0,1,0,1,0,0,0,2.0,2.44,0.0,0.0,0.0,0.0,0.0,0.0,0.0,2.0,4.44,19
22500277,ORL,BOS,77.6,77.2,"('Jamal Cain', 'Tyus Jones')",0.9166666666666666,4,3,3,1,0,1,0,1,0,0,0,2.0,2.44,0.0,0.0,0.0,0.0,0.0,0.0,0.0,2.0,4.44,19
22500277,ORL,BOS,77.6,77.2,"('Jett Howard', 'Noah Penda')",0.9166666666666666,4,3,3,1,0,1,0,1,0,0,0,2.0,2.44,0.0,0.0,0.0,0.0,0.0,0.0,0.0,2.0,4.44,19
22500277,ORL,BOS,77.6,77.2,"('Jett Howard', 'Tyus Jones')",0.9166666666666666,4,3,3,1,0,1,0,1,0,0,0,2.0,2.44,0.0,0.0,0.0,0.0,0.0,0.0,0.0,2.0,4.44,19
22500277,ORL,BOS,77.6,77.2,"('Noah Penda', 'Tyus Jones')",0.9166666666666666,4,3,3,1,0,1,0,1,0,0,0,2.0,2.44,0.0,0.0,0.0,0.0,0.0,0.0,0.0,2.0,4.44,19
22500277,ORL,BOS,80.6,77.0,"('Anthony Black', 'Franz Wagner')",1.2,1,2,9,0,3,0,3,1,0,0,0,2.88,3.0,0.0,0.0,0.0,0.0,3.0,6.0,6.0,0.0,5.88,19
22500277,ORL,BOS,80.6,77.0,"('Anthony Black', 'Jett Howard')",1.2,1,2,9,0,3,0,3,1,0,0,0,2.88,3.0,0.0,0.0,0.0,0.0,3.0,6.0,6.0,0.0,5.88,19
22500277,ORL,BOS,80.6,77.0,"('Anthony Black', 'Jonathan Isaac')",1.2,1,2,9,0,3,0,3,1,0,0,0,2.88,3.0,0.0,0.0,0.0,0.0,3.0,6.0,6.0,0.0,5.88,19
22500277,ORL,BOS,80.6,77.0,"('Anthony Black', 'Tristan da Silva')",1.2,1,2,9,0,3,0,3,1,0,0,0,2.88,3.0,0.0,0.0,0.0,0.0,3.0,6.0,6.0,0.0,5.88,19
22500277,ORL,BOS,80.6,77.0,"('Franz Wagner', 'Jett Howard')",1.2,1,2,9,0,3,0,3,1,0,0,0,2.88,3.0,0.0,0.0,0.0,0.0,3.0,6.0,6.0,0.0,5.88,19
22500277,ORL,BOS,80.6,77.0,"('Franz Wagner', 'Jonathan Isaac')",1.2,1,2,9,0,3,0,3,1,0,0,0,2.88,3.0,0.0,0.0,0.0,0.0,3.0,6.0,6.0,0.0,5.88,19
22500277,ORL,BOS,80.6,77.0,"('Franz Wagner', 'Tristan da Silva')",1.2,1,2,9,0,3,0,3,1,0,0,0,2.88,3.0,0.0,0.0,0.0,0.0,3.0,6.0,6.0,0.0,5.88,19
22500277,ORL,BOS,80.6,77.0,"('Jett Howard', 'Jonathan Isaac')",1.2,1,2,9,0,3,0,3,1,0,0,0,2.88,3.0,0.0,0.0,0.0,0.0,3.0,6.0,6.0,0.0,5.88,19
22500277,ORL,BOS,80.6,77.0,"('Jett Howard', 'Tristan da Silva')",1.2,1,2,9,0,3,0,3,1,0,0,0,2.88,3.0,0.0,0.0,0.0,0.0,3.0,6.0,6.0,0.0,5.88,19
22500277,ORL,BOS,80.6,77.0,"('Jonathan Isaac', 'Tristan da Silva')",1.2,1,2,9,0,3,0,3,1,0,0,0,2.88,3.0,0.0,0.0,0.0,0.0,3.0,6.0,6.0,0.0,5.88,19
22500277,ORL,BOS,79.6,77.6,"('Anthony Black', 'Desmond Bane')",0.0,1,0,0,0,0,0,0,0,0,0,0,0.0,0.0,0.0,0.0,0.0,0.0,0.0,0.0,0.0,0.0,0.0,19
22500277,ORL,BOS,79.6,77.6,"('Anthony Black', 'Jamal Cain')",0.0,1,0,0,0,0,0,0,0,0,0,0,0.0,0.0,0.0,0.0,0.0,0.0,0.0,0.0,0.0,0.0,0.0,19
22500277,ORL,BOS,79.6,77.6,"('Anthony Black', 'Jett Howard')",0.0,1,0,0,0,0,0,0,0,0,0,0,0.0,0.0,0.0,0.0,0.0,0.0,0.0,0.0,0.0,0.0,0.0,19
22500277,ORL,BOS,79.6,77.6,"('Anthony Black', 'Jonathan Isaac')",0.0,1,0,0,0,0,0,0,0,0,0,0,0.0,0.0,0.0,0.0,0.0,0.0,0.0,0.0,0.0,0.0,0.0,19
22500277,ORL,BOS,79.6,77.6,"('Desmond Bane', 'Jamal Cain')",0.0,1,0,0,0,0,0,0,0,0,0,0,0.0,0.0,0.0,0.0,0.0,0.0,0.0,0.0,0.0,0.0,0.0,19
22500277,ORL,BOS,79.6,77.6,"('Desmond Bane', 'Jett Howard')",0.0,1,0,0,0,0,0,0,0,0,0,0,0.0,0.0,0.0,0.0,0.0,0.0,0.0,0.0,0.0,0.0,0.0,19
22500277,ORL,BOS,79.6,77.6,"('Desmond Bane', 'Jonathan Isaac')",0.0,1,0,0,0,0,0,0,0,0,0,0,0.0,0.0,0.0,0.0,0.0,0.0,0.0,0.0,0.0,0.0,0.0,19
22500277,ORL,BOS,79.6,77.6,"('Jamal Cain', 'Jett Howard')",0.0,1,0,0,0,0,0,0,0,0,0,0,0.0,0.0,0.0,0.0,0.0,0.0,0.0,0.0,0.0,0.0,0.0,19
22500277,ORL,BOS,79.6,77.6,"('Jamal Cain', 'Jonathan Isaac')",0.0,1,0,0,0,0,0,0,0,0,0,0,0.0,0.0,0.0,0.0,0.0,0.0,0.0,0.0,0.0,0.0,0.0,19
22500277,ORL,BOS,79.6,77.6,"('Jett Howard', 'Jonathan Isaac')",0.0,1,0,0,0,0,0,0,0,0,0,0,0.0,0.0,0.0,0.0,0.0,0.0,0.0,0.0,0.0,0.0,0.0,19
22500277,ORL,BOS,79.0,77.0,"('Anthony Black', 'Franz Wagner')",2.6666666666666665,1,5,5,4,3,1,0,1,0,1,1,6.0,5.44,0.0,0.0,5.0,2.0,2.0,0.0,0.0,2.0,11.44,19
22500277,ORL,BOS,79.0,77.0,"('Anthony Black', 'Jett Howard')",2.6666666666666665,1,5,5,4,3,1,0,1,0,1,1,6.0,5.44,0.0,0.0,5.0,2.0,2.0,0.0,0.0,2.0,11.44,19
22500277,ORL,BOS,79.0,77.0,"('Anthony Black', 'Jonathan Isaac')",2.6666666666666665,1,5,5,4,3,1,0,1,0,1,1,6.0,5.44,0.0,0.0,5.0,2.0,2.0,0.0,0.0,2.0,11.44,19
22500277,ORL,BOS,79.0,77.0,"('Anthony Black', 'Tyus Jones')",2.6666666666666665,1,5,5,4,3,1,0,1,0,1,1,6.0,5.44,0.0,0.0,5.0,2.0,2.0,0.0,0.0,2.0,11.44,19
22500277,ORL,BOS,79.0,77.0,"('Franz Wagner', 'Jett Howard')",2.6666666666666665,1,5,5,4,3,1,0,1,0,1,1,6.0,5.44,0.0,0.0,5.0,2.0,2.0,0.0,0.0,2.0,11.44,19
22500277,ORL,BOS,79.0,77.0,"('Franz Wagner', 'Jonathan Isaac')",2.6666666666666665,1,5,5,4,3,1,0,1,0,1,1,6.0,5.44,0.0,0.0,5.0,2.0,2.0,0.0,0.0,2.0,11.44,19
22500277,ORL,BOS,79.0,77.0,"('Franz Wagner', 'Tyus Jones')",2.6666666666666665,1,5,5,4,3,1,0,1,0,1,1,6.0,5.44,0.0,0.0,5.0,2.0,2.0,0.0,0.0,2.0,11.44,19
22500277,ORL,BOS,79.0,77.0,"('Jett Howard', 'Jonathan Isaac')",2.6666666666666665,1,5,5,4,3,1,0,1,0,1,1,6.0,5.44,0.0,0.0,5.0,2.0,2.0,0.0,0.0,2.0,11.44,19
22500277,ORL,BOS,79.0,77.0,"('Jett Howard', 'Tyus Jones')",2.6666666666666665,1,5,5,4,3,1,0,1,0,1,1,6.0,5.44,0.0,0.0,5.0,2.0,2.0,0.0,0.0,2.0,11.44,19
22500277,ORL,BOS,79.0,77.0,"('Jonathan Isaac', 'Tyus Jones')",2.6666666666666665,1,5,5,4,3,1,0,1,0,1,1,6.0,5.44,0.0,0.0,5.0,2.0,2.0,0.0,0.0,2.0,11.44,19
22500277,ORL,BOS,80.2,77.8,"('Anthony Black', 'Desmond Bane')",5.85,1,13,13,5,6,5,3,0,1,1,4,11.88,11.44,0.0,3.0,0.0,8.0,0.0,0.0,2.0,10.0,23.32,19
22500277,ORL,BOS,80.2,77.8,"('Anthony Black', 'Franz Wagner')",5.85,1,13,13,5,6,5,3,0,1,1,4,11.88,11.44,0.0,3.0,0.0,8.0,0.0,0.0,2.0,10.0,23.32,19
22500277,ORL,BOS,80.2,77.8,"('Anthony Black', 'Orlando Robinson')",5.85,1,13,13,5,6,5,3,0,1,1,4,11.88,11.44,0.0,3.0,0.0,8.0,0.0,0.0,2.0,10.0,23.32,19
22500277,ORL,BOS,80.2,77.8,"('Anthony Black', 'Tristan da Silva')",5.85,1,13,13,5,6,5,3,0,1,1,4,11.88,11.44,0.0,3.0,0.0,8.0,0.0,0.0,2.0,10.0,23.32,19
22500277,ORL,BOS,80.2,77.8,"('Desmond Bane', 'Franz Wagner')",5.85,1,13,13,5,6,5,3,0,1,1,4,11.88,11.44,0.0,3.0,0.0,8.0,0.0,0.0,2.0,10.0,23.32,19
22500277,ORL,BOS,80.2,77.8,"('Desmond Bane', 'Orlando Robinson')",5.85,1,13,13,5,6,5,3,0,1,1,4,11.88,11.44,0.0,3.0,0.0,8.0,0.0,0.0,2.0,10.0,23.32,19
22500277,ORL,BOS,80.2,77.8,"('Desmond Bane', 'Tristan da Silva')",5.85,1,13,13,5,6,5,3,0,1,1,4,11.88,11.44,0.0,3.0,0.0,8.0,0.0,0.0,2.0,10.0,23.32,19
22500277,ORL,BOS,80.2,77.8,"('Franz Wagner', 'Orlando Robinson')",5.85,1,13,13,5,6,5,3,0,1,1,4,11.88,11.44,0.0,3.0,0.0,8.0,0.0,0.0,2.0,10.0,23.32,19
22500277,ORL,BOS,80.2,77.8,"('Franz Wagner', 'Tristan da Silva')",5.85,1,13,13,5,6,5,3,0,1,1,4,11.88,11.44,0.0,3.0,0.0,8.0,0.0,0.0,2.0,10.0,23.32,19
22500277,ORL,BOS,80.2,77.8,"('Orlando Robinson', 'Tristan da Silva')",5.85,1,13,13,5,6,5,3,0,1,1,4,11.88,11.44,0.0,3.0,0.0,8.0,0.0,0.0,2.0,10.0,23.32,19
22500277,ORL,BOS,78.2,78.0,"('Desmond Bane', 'Franz Wagner')",0.805,1,3,2,1,0,1,1,0,0,0,0,1.44,2.0,0.0,0.0,0.0,0.0,0.0,0.0,0.0,2.0,3.44,19
22500277,ORL,BOS,78.2,78.0,"('Desmond Bane', 'Jamal Cain')",0.805,1,3,2,1,0,1,1,0,0,0,0,1.44,2.0,0.0,0.0,0.0,0.0,0.0,0.0,0.0,2.0,3.44,19
22500277,ORL,BOS,78.2,78.0,"('Desmond Bane', 'Jett Howard')",0.805,1,3,2,1,0,1,1,0,0,0,0,1.44,2.0,0.0,0.0,0.0,0.0,0.0,0.0,0.0,2.0,3.44,19
22500277,ORL,BOS,78.2,78.0,"('Desmond Bane', 'Tyus Jones')",0.805,1,3,2,1,0,1,1,0,0,0,0,1.44,2.0,0.0,0.0,0.0,0.0,0.0,0.0,0.0,2.0,3.44,19
22500277,ORL,BOS,78.2,78.0,"('Franz Wagner', 'Jamal Cain')",0.805,1,3,2,1,0,1,1,0,0,0,0,1.44,2.0,0.0,0.0,0.0,0.0,0.0,0.0,0.0,2.0,3.44,19
22500277,ORL,BOS,78.2,78.0,"('Franz Wagner', 'Jett Howard')",0.805,1,3,2,1,0,1,1,0,0,0,0,1.44,2.0,0.0,0.0,0.0,0.0,0.0,0.0,0.0,2.0,3.44,19
22500277,ORL,BOS,78.2,78.0,"('Franz Wagner', 'Tyus Jones')",0.805,1,3,2,1,0,1,1,0,0,0,0,1.44,2.0,0.0,0.0,0.0,0.0,0.0,0.0,0.0,2.0,3.44,19
22500277,ORL,BOS,78.2,78.0,"('Jamal Cain', 'Jett Howard')",0.805,1,3,2,1,0,1,1,0,0,0,0,1.44,2.0,0.0,0.0,0.0,0.0,0.0,0.0,0.0,2.0,3.44,19
22500277,ORL,BOS,78.2,78.0,"('Jamal Cain', 'Tyus Jones')",0.805,1,3,2,1,0,1,1,0,0,0,0,1.44,2.0,0.0,0.0,0.0,0.0,0.0,0.0,0.0,2.0,3.44,19
22500277,ORL,BOS,78.2,78.0,"('Jett Howard', 'Tyus Jones')",0.805,1,3,2,1,0,1,1,0,0,0,0,1.44,2.0,0.0,0.0,0.0,0.0,0.0,0.0,0.0,2.0,3.44,19
22500277,ORL,BOS,79.8,77.0,"('Anthony Black', 'Desmond Bane')",0.4333333333333333,2,3,2,0,0,0,0,0,0,1,1,1.44,0.88,0.0,0.0,0.0,2.0,0.0,0.0,0.0,0.0,2.32,19
22500277,ORL,BOS,79.8,77.0,"('Anthony Black', 'Franz Wagner')",0.4333333333333333,2,3,2,0,0,0,0,0,0,1,1,1.44,0.88,0.0,0.0,0.0,2.0,0.0,0.0,0.0,0.0,2.32,19
22500277,ORL,BOS,79.8,77.0,"('Anthony Black', 'Jett Howard')",0.4333333333333333,2,3,2,0,0,0,0,0,0,1,1,1.44,0.88,0.0,0.0,0.0,2.0,0.0,0.0,0.0,0.0,2.32,19
22500277,ORL,BOS,79.8,77.0,"('Anthony Black', 'Tristan da Silva')",0.4333333333333333,2,3,2,0,0,0,0,0,0,1,1,1.44,0.88,0.0,0.0,0.0,2.0,0.0,0.0,0.0,0.0,2.32,19
22500277,ORL,BOS,79.8,77.0,"('Desmond Bane', 'Franz Wagner')",0.4333333333333333,2,3,2,0,0,0,0,0,0,1,1,1.44,0.88,0.0,0.0,0.0,2.0,0.0,0.0,0.0,0.0,2.32,19
22500277,ORL,BOS,79.8,77.0,"('Desmond Bane', 'Jett Howard')",0.4333333333333333,2,3,2,0,0,0,0,0,0,1,1,1.44,0.88,0.0,0.0,0.0,2.0,0.0,0.0,0.0,0.0,2.32,19
22500277,ORL,BOS,79.8,77.0,"('Desmond Bane', 'Tristan da Silva')",0.4333333333333333,2,3,2,0,0,0,0,0,0,1,1,1.44,0.88,0.0,0.0,0.0,2.0,0.0,0.0,0.0,0.0,2.32,19
22500277,ORL,BOS,79.8,77.0,"('Franz Wagner', 'Jett Howard')",0.4333333333333333,2,3,2,0,0,0,0,0,0,1,1,1.44,0.88,0.0,0.0,0.0,2.0,0.0,0.0,0.0,0.0,2.32,19
22500277,ORL,BOS,79.8,77.0,"('Franz Wagner', 'Tristan da Silva')",0.4333333333333333,2,3,2,0,0,0,0,0,0,1,1,1.44,0.88,0.0,0.0,0.0,2.0,0.0,0.0,0.0,0.0,2.32,19
22500277,ORL,BOS,79.8,77.0,"('Jett Howard', 'Tristan da Silva')",0.4333333333333333,2,3,2,0,0,0,0,0,0,1,1,1.44,0.88,0.0,0.0,0.0,2.0,0.0,0.0,0.0,0.0,2.32,19
22500277,ORL,BOS,80.2,77.0,"('Anthony Black', 'Desmond Bane')",3.133333333333333,3,6,9,2,1,3,1,1,0,2,1,6.0,5.88,0.0,0.0,0.0,2.0,0.0,0.0,0.0,4.0,11.88,19
22500277,ORL,BOS,80.2,77.0,"('Anthony Black', 'Franz Wagner')",3.133333333333333,3,6,9,2,1,3,1,1,0,2,1,6.0,5.88,0.0,0.0,0.0,2.0,0.0,0.0,0.0,4.0,11.88,19
22500277,ORL,BOS,80.2,77.0,"('Anthony Black', 'Orlando Robinson')",3.133333333333333,3,6,9,2,1,3,1,1,0,2,1,6.0,5.88,0.0,0.0,0.0,2.0,0.0,0.0,0.0,4.0,11.88,19
22500277,ORL,BOS,80.2,77.0,"('Anthony Black', 'Tristan da Silva')",3.133333333333333,3,6,9,2,1,3,1,1,0,2,1,6.0,5.88,0.0,0.0,0.0,2.0,0.0,0.0,0.0,4.0,11.88,19
22500277,ORL,BOS,80.2,77.0,"('Desmond Bane', 'Franz Wagner')",3.133333333333333,3,6,9,2,1,3,1,1,0,2,1,6.0,5.88,0.0,0.0,0.0,2.0,0.0,0.0,0.0,4.0,11.88,19
22500277,ORL,BOS,80.2,77.0,"('Desmond Bane', 'Orlando Robinson')",3.133333333333333,3,6,9,2,1,3,1,1,0,2,1,6.0,5.88,0.0,0.0,0.0,2.0,0.0,0.0,0.0,4.0,11.88,19
22500277,ORL,BOS,80.2,77.0,"('Desmond Bane', 'Tristan da Silva')",3.133333333333333,3,6,9,2,1,3,1,1,0,2,1,6.0,5.88,0.0,0.0,0.0,2.0,0.0,0.0,0.0,4.0,11.88,19
22500277,ORL,BOS,80.2,77.0,"('Franz Wagner', 'Orlando Robinson')",3.133333333333333,3,6,9,2,1,3,1,1,0,2,1,6.0,5.88,0.0,0.0,0.0,2.0,0.0,0.0,0.0,4.0,11.88,19
22500277,ORL,BOS,80.2,77.0,"('Franz Wagner', 'Tristan da Silva')",3.133333333333333,3,6,9,2,1,3,1,1,0,2,1,6.0,5.88,0.0,0.0,0.0,2.0,0.0,0.0,0.0,4.0,11.88,19
22500277,ORL,BOS,80.2,77.0,"('Orlando Robinson', 'Tristan da Silva')",3.133333333333333,3,6,9,2,1,3,1,1,0,2,1,6.0,5.88,0.0,0.0,0.0,2.0,0.0,0.0,0.0,4.0,11.88,19
22500277,ORL,BOS,76.2,77.4,"('Desmond Bane', 'Jamal Cain')",0.95,2,5,3,2,0,2,1,0,0,1,1,2.44,3.44,0.0,0.0,0.0,4.0,0.0,0.0,0.0,0.0,5.88,19
22500277,ORL,BOS,76.2,77.4,"('Desmond Bane', 'Jase Richardson')",0.95,2,5,3,2,0,2,1,0,0,1,1,2.44,3.44,0.0,0.0,0.0,4.0,0.0,0.0,0.0,0.0,5.88,19
22500277,ORL,BOS,76.2,77.4,"('Desmond Bane', 'Noah Penda')",0.95,2,5,3,2,0,2,1,0,0,1,1,2.44,3.44,0.0,0.0,0.0,4.0,0.0,0.0,0.0,0.0,5.88,19
22500277,ORL,BOS,76.2,77.4,"('Desmond Bane', 'Tyus Jones')",0.95,2,5,3,2,0,2,1,0,0,1,1,2.44,3.44,0.0,0.0,0.0,4.0,0.0,0.0,0.0,0.0,5.88,19
22500277,ORL,BOS,76.2,77.4,"('Jamal Cain', 'Jase Richardson')",0.95,2,5,3,2,0,2,1,0,0,1,1,2.44,3.44,0.0,0.0,0.0,4.0,0.0,0.0,0.0,0.0,5.88,19
22500277,ORL,BOS,76.2,77.4,"('Jamal Cain', 'Noah Penda')",0.95,2,5,3,2,0,2,1,0,0,1,1,2.44,3.44,0.0,0.0,0.0,4.0,0.0,0.0,0.0,0.0,5.88,19
22500277,ORL,BOS,76.2,77.4,"('Jamal Cain', 'Tyus Jones')",0.95,2,5,3,2,0,2,1,0,0,1,1,2.44,3.44,0.0,0.0,0.0,4.0,0.0,0.0,0.0,0.0,5.88,19
22500277,ORL,BOS,76.2,77.4,"('Jase Richardson', 'Noah Penda')",0.95,2,5,3,2,0,2,1,0,0,1,1,2.44,3.44,0.0,0.0,0.0,4.0,0.0,0.0,0.0,0.0,5.88,19
22500277,ORL,BOS,76.2,77.4,"('Jase Richardson', 'Tyus Jones')",0.95,2,5,3,2,0,2,1,0,0,1,1,2.44,3.44,0.0,0.0,0.0,4.0,0.0,0.0,0.0,0.0,5.88,19
22500277,ORL,BOS,76.2,77.4,"('Noah Penda', 'Tyus Jones')",0.95,2,5,3,2,0,2,1,0,0,1,1,2.44,3.44,0.0,0.0,0.0,4.0,0.0,0.0,0.0,0.0,5.88,19
22500277,ORL,BOS,80.6,77.0,"('Anthony Black', 'Franz Wagner')",2.15,2,6,12,0,1,1,4,2,0,1,1,5.0,5.0,0.0,0.0,0.0,0.0,5.0,8.0,0.0,6.0,10.0,19
22500277,ORL,BOS,80.6,77.0,"('Anthony Black', 'Jett Howard')",2.15,2,6,12,0,1,1,4,2,0,1,1,5.0,5.0,0.0,0.0,0.0,0.0,5.0,8.0,0.0,6.0,10.0,19
22500277,ORL,BOS,80.6,77.0,"('Anthony Black', 'Orlando Robinson')",2.15,2,6,12,0,1,1,4,2,0,1,1,5.0,5.0,0.0,0.0,0.0,0.0,5.0,8.0,0.0,6.0,10.0,19
22500277,ORL,BOS,80.6,77.0,"('Anthony Black', 'Tristan da Silva')",2.15,2,6,12,0,1,1,4,2,0,1,1,5.0,5.0,0.0,0.0,0.0,0.0,5.0,8.0,0.0,6.0,10.0,19
22500277,ORL,BOS,80.6,77.0,"('Franz Wagner', 'Jett Howard')",2.15,2,6,12,0,1,1,4,2,0,1,1,5.0,5.0,0.0,0.0,0.0,0.0,5.0,8.0,0.0,6.0,10.0,19
22500277,ORL,BOS,80.6,77.0,"('Franz Wagner', 'Orlando Robinson')",2.15,2,6,12,0,1,1,4,2,0,1,1,5.0,5.0,0.0,0.0,0.0,0.0,5.0,8.0,0.0,6.0,10.0,19
22500277,ORL,BOS,80.6,77.0,"('Franz Wagner', 'Tristan da Silva')",2.15,2,6,12,0,1,1,4,2,0,1,1,5.0,5.0,0.0,0.0,0.0,0.0,5.0,8.0,0.0,6.0,10.0,19
22500277,ORL,BOS,80.6,77.0,"('Jett Howard', 'Orlando Robinson')",2.15,2,6,12,0,1,1,4,2,0,1,1,5.0,5.0,0.0,0.0,0.0,0.0,5.0,8.0,0.0,6.0,10.0,19
22500277,ORL,BOS,80.6,77.0,"('Jett Howard', 'Tristan da Silva')",2.15,2,6,12,0,1,1,4,2,0,1,1,5.0,5.0,0.0,0.0,0.0,0.0,5.0,8.0,0.0,6.0,10.0,19
22500277,ORL,BOS,80.6,77.0,"('Orlando Robinson', 'Tristan da Silva')",2.15,2,6,12,0,1,1,4,2,0,1,1,5.0,5.0,0.0,0.0,0.0,0.0,5.0,8.0,0.0,6.0,10.0,19
22500277,ORL,BOS,79.6,77.0,"('Anthony Black', 'Desmond Bane')",1.981666666666667,2,2,10,0,3,0,2,1,1,0,1,4.88,5.44,0.0,0.0,0.0,0.0,2.0,4.0,0.0,4.0,10.32,19
22500277,ORL,BOS,79.6,77.0,"('Anthony Black', 'Franz Wagner')",1.981666666666667,2,2,10,0,3,0,2,1,1,0,1,4.88,5.44,0.0,0.0,0.0,0.0,2.0,4.0,0.0,4.0,10.32,19
22500277,ORL,BOS,79.6,77.0,"('Anthony Black', 'Jamal Cain')",1.981666666666667,2,2,10,0,3,0,2,1,1,0,1,4.88,5.44,0.0,0.0,0.0,0.0,2.0,4.0,0.0,4.0,10.32,19
22500277,ORL,BOS,79.6,77.0,"('Anthony Black', 'Tristan da Silva')",1.981666666666667,2,2,10,0,3,0,2,1,1,0,1,4.88,5.44,0.0,0.0,0.0,0.0,2.0,4.0,0.0,4.0,10.32,19
22500277,ORL,BOS,79.6,77.0,"('Desmond Bane', 'Franz Wagner')",1.981666666666667,2,2,10,0,3,0,2,1,1,0,1,4.88,5.44,0.0,0.0,0.0,0.0,2.0,4.0,0.0,4.0,10.32,19
22500277,ORL,BOS,79.6,77.0,"('Desmond Bane', 'Jamal Cain')",1.981666666666667,2,2,10,0,3,0,2,1,1,0,1,4.88,5.44,0.0,0.0,0.0,0.0,2.0,4.0,0.0,4.0,10.32,19
22500277,ORL,BOS,79.6,77.0,"('Desmond Bane', 'Tristan da Silva')",1.981666666666667,2,2,10,0,3,0,2,1,1,0,1,4.88,5.44,0.0,0.0,0.0,0.0,2.0,4.0,0.0,4.0,10.32,19
22500277,ORL,BOS,79.6,77.0,"('Franz Wagner', 'Jamal Cain')",1.981666666666667,2,2,10,0,3,0,2,1,1,0,1,4.88,5.44,0.0,0.0,0.0,0.0,2.0,4.0,0.0,4.0,10.32,19
22500277,ORL,BOS,79.6,77.0,"('Franz Wagner', 'Tristan da Silva')",1.981666666666667,2,2,10,0,3,0,2,1,1,0,1,4.88,5.44,0.0,0.0,0.0,0.0,2.0,4.0,0.0,4.0,10.32,19
22500277,ORL,BOS,79.6,77.0,"('Jamal Cain', 'Tristan da Silva')",1.981666666666667,2,2,10,0,3,0,2,1,1,0,1,4.88,5.44,0.0,0.0,0.0,0.0,2.0,4.0,0.0,4.0,10.32,19
22500277,ORL,BOS,76.4,77.6,"('Desmond Bane', 'Jamal Cain')",3.0,2,5,6,6,3,2,1,0,0,2,1,5.0,5.88,0.0,0.0,0.0,2.0,0.0,0.0,0.0,4.0,10.88,19
22500277,ORL,BOS,76.4,77.6,"('Desmond Bane', 'Jase Richardson')",3.0,2,5,6,6,3,2,1,0,0,2,1,5.0,5.88,0.0,0.0,0.0,2.0,0.0,0.0,0.0,4.0,10.88,19
22500277,ORL,BOS,76.4,77.6,"('Desmond Bane', 'Jett Howard')",3.0,2,5,6,6,3,2,1,0,0,2,1,5.0,5.88,0.0,0.0,0.0,2.0,0.0,0.0,0.0,4.0,10.88,19
22500277,ORL,BOS,76.4,77.6,"('Desmond Bane', 'Tyus Jones')",3.0,2,5,6,6,3,2,1,0,0,2,1,5.0,5.88,0.0,0.0,0.0,2.0,0.0,0.0,0.0,4.0,10.88,19
22500277,ORL,BOS,76.4,77.6,"('Jamal Cain', 'Jase Richardson')",3.0,2,5,6,6,3,2,1,0,0,2,1,5.0,5.88,0.0,0.0,0.0,2.0,0.0,0.0,0.0,4.0,10.88,19
22500277,ORL,BOS,76.4,77.6,"('Jamal Cain', 'Jett Howard')",3.0,2,5,6,6,3,2,1,0,0,2,1,5.0,5.88,0.0,0.0,0.0,2.0,0.0,0.0,0.0,4.0,10.88,19
22500277,ORL,BOS,76.4,77.6,"('Jamal Cain', 'Tyus Jones')",3.0,2,5,6,6,3,2,1,0,0,2,1,5.0,5.88,0.0,0.0,0.0,2.0,0.0,0.0,0.0,4.0,10.88,19
22500277,ORL,BOS,76.4,77.6,"('Jase Richardson', 'Jett Howard')",3.0,2,5,6,6,3,2,1,0,0,2,1,5.0,5.88,0.0,0.0,0.0,2.0,0.0,0.0,0.0,4.0,10.88,19
22500277,ORL,BOS,76.4,77.6,"('Jase Richardson', 'Tyus Jones')",3.0,2,5,6,6,3,2,1,0,0,2,1,5.0,5.88,0.0,0.0,0.0,2.0,0.0,0.0,0.0,4.0,10.88,19
22500277,ORL,BOS,76.4,77.6,"('Jett Howard', 'Tyus Jones')",3.0,2,5,6,6,3,2,1,0,0,2,1,5.0,5.88,0.0,0.0,0.0,2.0,0.0,0.0,0.0,4.0,10.88,19
