game_id,team,opponent,team_avg_height,opp_avg_height,lineup,minutes_played,period,points,opp_points,rebounds,opp_rebounds,assists,opp_assists,turnovers,opp_turnovers,fouls_committed,fouls_drawn,possessions,opp_possessions,fastbreak,from_turnover,second_chance,points_in_paint,opp_from_turnover,opp_fastbreak,opp_second_chance,opp_points_in_paint,unscaled_pace,game_number
22500025,UTA,PHX,81.2,76.6,"('Ace Bailey', 'Jusuf Nurkić')",1.5866666666666664,1,0,7,1,1,0,3,3,0,0,1,4.0,3.0,0.0,0.0,0.0,0.0,7.0,2.0,3.0,4.0,7.0,1
22500025,UTA,PHX,81.2,76.6,"('Ace Bailey', 'Lauri Markkanen')",1.5866666666666664,1,0,7,1,1,0,3,3,0,0,1,4.0,3.0,0.0,0.0,0.0,0.0,7.0,2.0,3.0,4.0,7.0,1
22500025,UTA,PHX,81.2,76.6,"('Ace Bailey', 'Taylor Hendricks')",1.5866666666666664,1,0,7,1,1,0,3,3,0,0,1,4.0,3.0,0.0,0.0,0.0,0.0,7.0,2.0,3.0,4.0,7.0,1
22500025,UTA,PHX,81.2,76.6,"('Ace Bailey', 'Walter Clayton Jr.')",1.5866666666666664,1,0,7,1,1,0,3,3,0,0,1,4.0,3.0,0.0,0.0,0.0,0.0,7.0,2.0,3.0,4.0,7.0,1
22500025,UTA,PHX,81.2,76.6,"('Jusuf Nurkić', 'Lauri Markkanen')",1.5866666666666664,1,0,7,1,1,0,3,3,0,0,1,4.0,3.0,0.0,0.0,0.0,0.0,7.0,2.0,3.0,4.0,7.0,1
22500025,UTA,PHX,81.2,76.6,"('Jusuf Nurkić', 'Taylor Hendricks')",1.5866666666666664,1,0,7,1,1,0,3,3,0,0,1,4.0,3.0,0.0,0.0,0.0,0.0,7.0,2.0,3.0,4.0,7.0,1
22500025,UTA,PHX,81.2,76.6,"('Jusuf Nurkić', 'Walter Clayton Jr.')",1.5866666666666664,1,0,7,1,1,0,3,3,0,0,1,4.0,3.0,0.0,0.0,0.0,0.0,7.0,2.0,3.0,4.0,7.0,1
22500025,UTA,PHX,81.2,76.6,"('Lauri Markkanen', 'Taylor Hendricks')",1.5866666666666664,1,0,7,1,1,0,3,3,0,0,1,4.0,3.0,0.0,0.0,0.0,0.0,7.0,2.0,3.0,4.0,7.0,1
22500025,UTA,PHX,81.2,76.6,"('Lauri Markkanen', 'Walter Clayton Jr.')",1.5866666666666664,1,0,7,1,1,0,3,3,0,0,1,4.0,3.0,0.0,0.0,0.0,0.0,7.0,2.0,3.0,4.0,7.0,1
22500025,UTA,PHX,81.2,76.6,"('Taylor Hendricks', 'Walter Clayton Jr.')",1.5866666666666664,1,0,7,1,1,0,3,3,0,0,1,4.0,3.0,0.0,0.0,0.0,0.0,7.0,2.0,3.0,4.0,7.0,1
22500025,UTA,PHX,79.8,77.4,"('Ace Bailey', 'Brice Sensabaugh')",1.0666666666666669,1,3,4,0,0,0,1,0,1,0,2,2.0,2.44,0.0,3.0,0.0,0.0,0.0,0.0,0.0,0.0,4.44,1
22500025,UTA,PHX,79.8,77.4,"('Ace Bailey', 'Jusuf Nurkić')",1.0666666666666669,1,3,4,0,0,0,1,0,1,0,2,2.0,2.44,0.0,3.0,0.0,0.0,0.0,0.0,0.0,0.0,4.44,1
22500025,UTA,PHX,79.8,77.4,"('Ace Bailey', 'Keyonte George')",1.0666666666666669,1,3,4,0,0,0,1,0,1,0,2,2.0,2.44,0.0,3.0,0.0,0.0,0.0,0.0,0.0,0.0,4.44,1
22500025,UTA,PHX,79.8,77.4,"('Ace Bailey', 'Taylor Hendricks')",1.0666666666666669,1,3,4,0,0,0,1,0,1,0,2,2.0,2.44,0.0,3.0,0.0,0.0,0.0,0.0,0.0,0.0,4.44,1
22500025,UTA,PHX,79.8,77.4,"('Brice Sensabaugh', 'Jusuf Nurkić')",1.0666666666666669,1,3,4,0,0,0,1,0,1,0,2,2.0,2.44,0.0,3.0,0.0,0.0,0.0,0.0,0.0,0.0,4.44,1
22500025,UTA,PHX,79.8,77.4,"('Brice Sensabaugh', 'Keyonte George')",1.0666666666666669,1,3,4,0,0,0,1,0,1,0,2,2.0,2.44,0.0,3.0,0.0,0.0,0.0,0.0,0.0,0.0,4.44,1
22500025,UTA,PHX,79.8,77.4,"('Brice Sensabaugh', 'Taylor Hendricks')",1.0666666666666669,1,3,4,0,0,0,1,0,1,0,2,2.0,2.44,0.0,3.0,0.0,0.0,0.0,0.0,0.0,0.0,4.44,1
22500025,UTA,PHX,79.8,77.4,"('Jusuf Nurkić', 'Keyonte George')",1.0666666666666669,1,3,4,0,0,0,1,0,1,0,2,2.0,2.44,0.0,3.0,0.0,0.0,0.0,0.0,0.0,0.0,4.44,1
22500025,UTA,PHX,79.8,77.4,"('Jusuf Nurkić', 'Taylor Hendricks')",1.0666666666666669,1,3,4,0,0,0,1,0,1,0,2,2.0,2.44,0.0,3.0,0.0,0.0,0.0,0.0,0.0,0.0,4.44,1
22500025,UTA,PHX,79.8,77.4,"('Keyonte George', 'Taylor Hendricks')",1.0666666666666669,1,3,4,0,0,0,1,0,1,0,2,2.0,2.44,0.0,3.0,0.0,0.0,0.0,0.0,0.0,0.0,4.44,1
22500025,UTA,PHX,81.4,78.4,"('Cody Williams', 'Jusuf Nurkić')",2.633333333333333,2,5,5,3,2,1,1,2,1,1,2,5.88,6.44,0.0,0.0,0.0,0.0,2.0,0.0,0.0,4.0,12.32,1
22500025,UTA,PHX,81.4,78.4,"('Cody Williams', 'Kyle Filipowski')",2.633333333333333,2,5,5,3,2,1,1,2,1,1,2,5.88,6.44,0.0,0.0,0.0,0.0,2.0,0.0,0.0,4.0,12.32,1
22500025,UTA,PHX,81.4,78.4,"('Cody Williams', 'Lauri Markkanen')",2.633333333333333,2,5,5,3,2,1,1,2,1,1,2,5.88,6.44,0.0,0.0,0.0,0.0,2.0,0.0,0.0,4.0,12.32,1
22500025,UTA,PHX,81.4,78.4,"('Cody Williams', 'Walter Clayton Jr.')",2.633333333333333,2,5,5,3,2,1,1,2,1,1,2,5.88,6.44,0.0,0.0,0.0,0.0,2.0,0.0,0.0,4.0,12.32,1
22500025,UTA,PHX,81.4,78.4,"('Jusuf Nurkić', 'Kyle Filipowski')",2.633333333333333,2,5,5,3,2,1,1,2,1,1,2,5.88,6.44,0.0,0.0,0.0,0.0,2.0,0.0,0.0,4.0,12.32,1
22500025,UTA,PHX,81.4,78.4,"('Jusuf Nurkić', 'Lauri Markkanen')",2.633333333333333,2,5,5,3,2,1,1,2,1,1,2,5.88,6.44,0.0,0.0,0.0,0.0,2.0,0.0,0.0,4.0,12.32,1
22500025,UTA,PHX,81.4,78.4,"('Jusuf Nurkić', 'Walter Clayton Jr.')",2.633333333333333,2,5,5,3,2,1,1,2,1,1,2,5.88,6.44,0.0,0.0,0.0,0.0,2.0,0.0,0.0,4.0,12.32,1
22500025,UTA,PHX,81.4,78.4,"('Kyle Filipowski', 'Lauri Markkanen')",2.633333333333333,2,5,5,3,2,1,1,2,1,1,2,5.88,6.44,0.0,0.0,0.0,0.0,2.0,0.0,0.0,4.0,12.32,1
22500025,UTA,PHX,81.4,78.4,"('Kyle Filipowski', 'Walter Clayton Jr.')",2.633333333333333,2,5,5,3,2,1,1,2,1,1,2,5.88,6.44,0.0,0.0,0.0,0.0,2.0,0.0,0.0,4.0,12.32,1
22500025,UTA,PHX,81.4,78.4,"('Lauri Markkanen', 'Walter Clayton Jr.')",2.633333333333333,2,5,5,3,2,1,1,2,1,1,2,5.88,6.44,0.0,0.0,0.0,0.0,2.0,0.0,0.0,4.0,12.32,1
22500025,UTA,PHX,80.4,77.4,"('Ace Bailey', 'Keyonte George')",1.8666666666666667,2,5,2,2,2,1,0,0,1,1,1,3.44,3.0,2.0,2.0,2.0,4.0,0.0,0.0,2.0,2.0,6.44,1
22500025,UTA,PHX,80.4,77.4,"('Ace Bailey', 'Kyle Anderson')",1.8666666666666667,2,5,2,2,2,1,0,0,1,1,1,3.44,3.0,2.0,2.0,2.0,4.0,0.0,0.0,2.0,2.0,6.44,1
22500025,UTA,PHX,80.4,77.4,"('Ace Bailey', 'Svi Mykhailiuk')",1.8666666666666667,2,5,2,2,2,1,0,0,1,1,1,3.44,3.0,2.0,2.0,2.0,4.0,0.0,0.0,2.0,2.0,6.44,1
22500025,UTA,PHX,80.4,77.4,"('Ace Bailey', 'Walker Kessler')",1.8666666666666667,2,5,2,2,2,1,0,0,1,1,1,3.44,3.0,2.0,2.0,2.0,4.0,0.0,0.0,2.0,2.0,6.44,1
22500025,UTA,PHX,80.4,77.4,"('Keyonte George', 'Kyle Anderson')",1.8666666666666667,2,5,2,2,2,1,0,0,1,1,1,3.44,3.0,2.0,2.0,2.0,4.0,0.0,0.0,2.0,2.0,6.44,1
22500025,UTA,PHX,80.4,77.4,"('Keyonte George', 'Svi Mykhailiuk')",1.8666666666666667,2,5,2,2,2,1,0,0,1,1,1,3.44,3.0,2.0,2.0,2.0,4.0,0.0,0.0,2.0,2.0,6.44,1
22500025,UTA,PHX,80.4,77.4,"('Keyonte George', 'Walker Kessler')",1.8666666666666667,2,5,2,2,2,1,0,0,1,1,1,3.44,3.0,2.0,2.0,2.0,4.0,0.0,0.0,2.0,2.0,6.44,1
22500025,UTA,PHX,80.4,77.4,"('Kyle Anderson', 'Svi Mykhailiuk')",1.8666666666666667,2,5,2,2,2,1,0,0,1,1,1,3.44,3.0,2.0,2.0,2.0,4.0,0.0,0.0,2.0,2.0,6.44,1
22500025,UTA,PHX,80.4,77.4,"('Kyle Anderson', 'Walker Kessler')",1.8666666666666667,2,5,2,2,2,1,0,0,1,1,1,3.44,3.0,2.0,2.0,2.0,4.0,0.0,0.0,2.0,2.0,6.44,1
22500025,UTA,PHX,80.4,77.4,"('Svi Mykhailiuk', 'Walker Kessler')",1.8666666666666667,2,5,2,2,2,1,0,0,1,1,1,3.44,3.0,2.0,2.0,2.0,4.0,0.0,0.0,2.0,2.0,6.44,1
22500025,UTA,PHX,82.0,78.4,"('Cody Williams', 'Keyonte George')",0.4833333333333333,2,0,2,0,1,0,0,0,0,1,0,1.0,0.88,0.0,0.0,0.0,0.0,0.0,0.0,0.0,0.0,1.88,1
22500025,UTA,PHX,82.0,78.4,"('Cody Williams', 'Kyle Filipowski')",0.4833333333333333,2,0,2,0,1,0,0,0,0,1,0,1.0,0.88,0.0,0.0,0.0,0.0,0.0,0.0,0.0,0.0,1.88,1
22500025,UTA,PHX,82.0,78.4,"('Cody Williams', 'Lauri Markkanen')",0.4833333333333333,2,0,2,0,1,0,0,0,0,1,0,1.0,0.88,0.0,0.0,0.0,0.0,0.0,0.0,0.0,0.0,1.88,1
22500025,UTA,PHX,82.0,78.4,"('Cody Williams', 'Walker Kessler')",0.4833333333333333,2,0,2,0,1,0,0,0,0,1,0,1.0,0.88,0.0,0.0,0.0,0.0,0.0,0.0,0.0,0.0,1.88,1
22500025,UTA,PHX,82.0,78.4,"('Keyonte George', 'Kyle Filipowski')",0.4833333333333333,2,0,2,0,1,0,0,0,0,1,0,1.0,0.88,0.0,0.0,0.0,0.0,0.0,0.0,0.0,0.0,1.88,1
22500025,UTA,PHX,82.0,78.4,"('Keyonte George', 'Lauri Markkanen')",0.4833333333333333,2,0,2,0,1,0,0,0,0,1,0,1.0,0.88,0.0,0.0,0.0,0.0,0.0,0.0,0.0,0.0,1.88,1
22500025,UTA,PHX,82.0,78.4,"('Keyonte George', 'Walker Kessler')",0.4833333333333333,2,0,2,0,1,0,0,0,0,1,0,1.0,0.88,0.0,0.0,0.0,0.0,0.0,0.0,0.0,0.0,1.88,1
22500025,UTA,PHX,82.0,78.4,"('Kyle Filipowski', 'Lauri Markkanen')",0.4833333333333333,2,0,2,0,1,0,0,0,0,1,0,1.0,0.88,0.0,0.0,0.0,0.0,0.0,0.0,0.0,0.0,1.88,1
22500025,UTA,PHX,82.0,78.4,"('Kyle Filipowski', 'Walker Kessler')",0.4833333333333333,2,0,2,0,1,0,0,0,0,1,0,1.0,0.88,0.0,0.0,0.0,0.0,0.0,0.0,0.0,0.0,1.88,1
22500025,UTA,PHX,82.0,78.4,"('Lauri Markkanen', 'Walker Kessler')",0.4833333333333333,2,0,2,0,1,0,0,0,0,1,0,1.0,0.88,0.0,0.0,0.0,0.0,0.0,0.0,0.0,0.0,1.88,1
22500025,UTA,PHX,81.2,77.6,"('Keyonte George', 'Kyle Anderson')",5.118333333333332,2,10,4,7,8,1,1,2,1,1,4,14.52,10.88,2.0,0.0,0.0,2.0,0.0,2.0,0.0,2.0,25.4,1
22500025,UTA,PHX,81.2,77.6,"('Keyonte George', 'Lauri Markkanen')",5.118333333333332,2,10,4,7,8,1,1,2,1,1,4,14.52,10.88,2.0,0.0,0.0,2.0,0.0,2.0,0.0,2.0,25.4,1
22500025,UTA,PHX,81.2,77.6,"('Keyonte George', 'Svi Mykhailiuk')",5.118333333333332,2,10,4,7,8,1,1,2,1,1,4,14.52,10.88,2.0,0.0,0.0,2.0,0.0,2.0,0.0,2.0,25.4,1
22500025,UTA,PHX,81.2,77.6,"('Keyonte George', 'Walker Kessler')",5.118333333333332,2,10,4,7,8,1,1,2,1,1,4,14.52,10.88,2.0,0.0,0.0,2.0,0.0,2.0,0.0,2.0,25.4,1
22500025,UTA,PHX,81.2,77.6,"('Kyle Anderson', 'Lauri Markkanen')",5.118333333333332,2,10,4,7,8,1,1,2,1,1,4,14.52,10.88,2.0,0.0,0.0,2.0,0.0,2.0,0.0,2.0,25.4,1
22500025,UTA,PHX,81.2,77.6,"('Kyle Anderson', 'Svi Mykhailiuk')",5.118333333333332,2,10,4,7,8,1,1,2,1,1,4,14.52,10.88,2.0,0.0,0.0,2.0,0.0,2.0,0.0,2.0,25.4,1
22500025,UTA,PHX,81.2,77.6,"('Kyle Anderson', 'Walker Kessler')",5.118333333333332,2,10,4,7,8,1,1,2,1,1,4,14.52,10.88,2.0,0.0,0.0,2.0,0.0,2.0,0.0,2.0,25.4,1
22500025,UTA,PHX,81.2,77.6,"('Lauri Markkanen', 'Svi Mykhailiuk')",5.118333333333332,2,10,4,7,8,1,1,2,1,1,4,14.52,10.88,2.0,0.0,0.0,2.0,0.0,2.0,0.0,2.0,25.4,1
22500025,UTA,PHX,81.2,77.6,"('Lauri Markkanen', 'Walker Kessler')",5.118333333333332,2,10,4,7,8,1,1,2,1,1,4,14.52,10.88,2.0,0.0,0.0,2.0,0.0,2.0,0.0,2.0,25.4,1
22500025,UTA,PHX,81.2,77.6,"('Svi Mykhailiuk', 'Walker Kessler')",5.118333333333332,2,10,4,7,8,1,1,2,1,1,4,14.52,10.88,2.0,0.0,0.0,2.0,0.0,2.0,0.0,2.0,25.4,1
22500025,UTA,PHX,81.4,78.4,"('Cody Williams', 'Keyonte George')",0.0,2,0,0,0,0,0,0,0,0,0,0,0.0,0.0,0.0,0.0,0.0,0.0,0.0,0.0,0.0,0.0,0.0,1
22500025,UTA,PHX,81.4,78.4,"('Cody Williams', 'Kyle Anderson')",0.0,2,0,0,0,0,0,0,0,0,0,0,0.0,0.0,0.0,0.0,0.0,0.0,0.0,0.0,0.0,0.0,0.0,1
22500025,UTA,PHX,81.4,78.4,"('Cody Williams', 'Lauri Markkanen')",0.0,2,0,0,0,0,0,0,0,0,0,0,0.0,0.0,0.0,0.0,0.0,0.0,0.0,0.0,0.0,0.0,0.0,1
22500025,UTA,PHX,81.4,78.4,"('Cody Williams', 'Walker Kessler')",0.0,2,0,0,0,0,0,0,0,0,0,0,0.0,0.0,0.0,0.0,0.0,0.0,0.0,0.0,0.0,0.0,0.0,1
22500025,UTA,PHX,81.4,78.4,"('Keyonte George', 'Kyle Anderson')",0.0,2,0,0,0,0,0,0,0,0,0,0,0.0,0.0,0.0,0.0,0.0,0.0,0.0,0.0,0.0,0.0,0.0,1
22500025,UTA,PHX,81.4,78.4,"('Keyonte George', 'Lauri Markkanen')",0.0,2,0,0,0,0,0,0,0,0,0,0,0.0,0.0,0.0,0.0,0.0,0.0,0.0,0.0,0.0,0.0,0.0,1
22500025,UTA,PHX,81.4,78.4,"('Keyonte George', 'Walker Kessler')",0.0,2,0,0,0,0,0,0,0,0,0,0,0.0,0.0,0.0,0.0,0.0,0.0,0.0,0.0,0.0,0.0,0.0,1
22500025,UTA,PHX,81.4,78.4,"('Kyle Anderson', 'Lauri Markkanen')",0.0,2,0,0,0,0,0,0,0,0,0,0,0.0,0.0,0.0,0.0,0.0,0.0,0.0,0.0,0.0,0.0,0.0,1
22500025,UTA,PHX,81.4,78.4,"('Kyle Anderson', 'Walker Kessler')",0.0,2,0,0,0,0,0,0,0,0,0,0,0.0,0.0,0.0,0.0,0.0,0.0,0.0,0.0,0.0,0.0,0.0,1
22500025,UTA,PHX,81.4,78.4,"('Lauri Markkanen', 'Walker Kessler')",0.0,2,0,0,0,0,0,0,0,0,0,0,0.0,0.0,0.0,0.0,0.0,0.0,0.0,0.0,0.0,0.0,0.0,1
22500025,UTA,PHX,80.0,78.6,"('Ace Bailey', 'Cody Williams')",1.8266666666666669,4,8,12,3,4,2,2,0,0,0,1,5.88,5.44,3.0,0.0,0.0,0.0,0.0,3.0,2.0,2.0,11.32,1
22500025,UTA,PHX,80.0,78.6,"('Ace Bailey', 'Kyle Anderson')",1.8266666666666669,4,8,12,3,4,2,2,0,0,0,1,5.88,5.44,3.0,0.0,0.0,0.0,0.0,3.0,2.0,2.0,11.32,1
22500025,UTA,PHX,80.0,78.6,"('Ace Bailey', 'Kyle Filipowski')",1.8266666666666669,4,8,12,3,4,2,2,0,0,0,1,5.88,5.44,3.0,0.0,0.0,0.0,0.0,3.0,2.0,2.0,11.32,1
22500025,UTA,PHX,80.0,78.6,"('Ace Bailey', 'Walter Clayton Jr.')",1.8266666666666669,4,8,12,3,4,2,2,0,0,0,1,5.88,5.44,3.0,0.0,0.0,0.0,0.0,3.0,2.0,2.0,11.32,1
22500025,UTA,PHX,80.0,78.6,"('Cody Williams', 'Kyle Anderson')",1.8266666666666669,4,8,12,3,4,2,2,0,0,0,1,5.88,5.44,3.0,0.0,0.0,0.0,0.0,3.0,2.0,2.0,11.32,1
22500025,UTA,PHX,80.0,78.6,"('Cody Williams', 'Kyle Filipowski')",1.8266666666666669,4,8,12,3,4,2,2,0,0,0,1,5.88,5.44,3.0,0.0,0.0,0.0,0.0,3.0,2.0,2.0,11.32,1
22500025,UTA,PHX,80.0,78.6,"('Cody Williams', 'Walter Clayton Jr.')",1.8266666666666669,4,8,12,3,4,2,2,0,0,0,1,5.88,5.44,3.0,0.0,0.0,0.0,0.0,3.0,2.0,2.0,11.32,1
22500025,UTA,PHX,80.0,78.6,"('Kyle Anderson', 'Kyle Filipowski')",1.8266666666666669,4,8,12,3,4,2,2,0,0,0,1,5.88,5.44,3.0,0.0,0.0,0.0,0.0,3.0,2.0,2.0,11.32,1
22500025,UTA,PHX,80.0,78.6,"('Kyle Anderson', 'Walter Clayton Jr.')",1.8266666666666669,4,8,12,3,4,2,2,0,0,0,1,5.88,5.44,3.0,0.0,0.0,0.0,0.0,3.0,2.0,2.0,11.32,1
22500025,UTA,PHX,80.0,78.6,"('Kyle Filipowski', 'Walter Clayton Jr.')",1.8266666666666669,4,8,12,3,4,2,2,0,0,0,1,5.88,5.44,3.0,0.0,0.0,0.0,0.0,3.0,2.0,2.0,11.32,1
22500025,UTA,PHX,79.0,77.8,"('Ace Bailey', 'Elijah Harkless')",1.1333333333333333,4,3,3,0,0,0,1,0,0,2,1,2.44,2.0,0.0,0.0,0.0,2.0,0.0,0.0,3.0,0.0,4.44,1
22500025,UTA,PHX,79.0,77.8,"('Ace Bailey', 'Jusuf Nurkić')",1.1333333333333333,4,3,3,0,0,0,1,0,0,2,1,2.44,2.0,0.0,0.0,0.0,2.0,0.0,0.0,3.0,0.0,4.44,1
22500025,UTA,PHX,79.0,77.8,"('Ace Bailey', 'Keyonte George')",1.1333333333333333,4,3,3,0,0,0,1,0,0,2,1,2.44,2.0,0.0,0.0,0.0,2.0,0.0,0.0,3.0,0.0,4.44,1
22500025,UTA,PHX,79.0,77.8,"('Ace Bailey', 'Kyle Anderson')",1.1333333333333333,4,3,3,0,0,0,1,0,0,2,1,2.44,2.0,0.0,0.0,0.0,2.0,0.0,0.0,3.0,0.0,4.44,1
22500025,UTA,PHX,79.0,77.8,"('Elijah Harkless', 'Jusuf Nurkić')",1.1333333333333333,4,3,3,0,0,0,1,0,0,2,1,2.44,2.0,0.0,0.0,0.0,2.0,0.0,0.0,3.0,0.0,4.44,1
22500025,UTA,PHX,79.0,77.8,"('Elijah Harkless', 'Keyonte George')",1.1333333333333333,4,3,3,0,0,0,1,0,0,2,1,2.44,2.0,0.0,0.0,0.0,2.0,0.0,0.0,3.0,0.0,4.44,1
22500025,UTA,PHX,79.0,77.8,"('Elijah Harkless', 'Kyle Anderson')",1.1333333333333333,4,3,3,0,0,0,1,0,0,2,1,2.44,2.0,0.0,0.0,0.0,2.0,0.0,0.0,3.0,0.0,4.44,1
22500025,UTA,PHX,79.0,77.8,"('Jusuf Nurkić', 'Keyonte George')",1.1333333333333333,4,3,3,0,0,0,1,0,0,2,1,2.44,2.0,0.0,0.0,0.0,2.0,0.0,0.0,3.0,0.0,4.44,1
22500025,UTA,PHX,79.0,77.8,"('Jusuf Nurkić', 'Kyle Anderson')",1.1333333333333333,4,3,3,0,0,0,1,0,0,2,1,2.44,2.0,0.0,0.0,0.0,2.0,0.0,0.0,3.0,0.0,4.44,1
22500025,UTA,PHX,79.0,77.8,"('Keyonte George', 'Kyle Anderson')",1.1333333333333333,4,3,3,0,0,0,1,0,0,2,1,2.44,2.0,0.0,0.0,0.0,2.0,0.0,0.0,3.0,0.0,4.44,1
22500025,UTA,PHX,80.0,78.4,"('Ace Bailey', 'Elijah Harkless')",1.5499999999999998,4,10,8,0,1,3,2,0,0,0,0,3.44,3.0,0.0,0.0,0.0,0.0,0.0,0.0,2.0,0.0,6.44,1
22500025,UTA,PHX,80.0,78.4,"('Ace Bailey', 'Jusuf Nurkić')",1.5499999999999998,4,10,8,0,1,3,2,0,0,0,0,3.44,3.0,0.0,0.0,0.0,0.0,0.0,0.0,2.0,0.0,6.44,1
22500025,UTA,PHX,80.0,78.4,"('Ace Bailey', 'Keyonte George')",1.5499999999999998,4,10,8,0,1,3,2,0,0,0,0,3.44,3.0,0.0,0.0,0.0,0.0,0.0,0.0,2.0,0.0,6.44,1
22500025,UTA,PHX,80.0,78.4,"('Ace Bailey', 'Lauri Markkanen')",1.5499999999999998,4,10,8,0,1,3,2,0,0,0,0,3.44,3.0,0.0,0.0,0.0,0.0,0.0,0.0,2.0,0.0,6.44,1
22500025,UTA,PHX,80.0,78.4,"('Elijah Harkless', 'Jusuf Nurkić')",1.5499999999999998,4,10,8,0,1,3,2,0,0,0,0,3.44,3.0,0.0,0.0,0.0,0.0,0.0,0.0,2.0,0.0,6.44,1
22500025,UTA,PHX,80.0,78.4,"('Elijah Harkless', 'Keyonte George')",1.5499999999999998,4,10,8,0,1,3,2,0,0,0,0,3.44,3.0,0.0,0.0,0.0,0.0,0.0,0.0,2.0,0.0,6.44,1
22500025,UTA,PHX,80.0,78.4,"('Elijah Harkless', 'Lauri Markkanen')",1.5499999999999998,4,10,8,0,1,3,2,0,0,0,0,3.44,3.0,0.0,0.0,0.0,0.0,0.0,0.0,2.0,0.0,6.44,1
22500025,UTA,PHX,80.0,78.4,"('Jusuf Nurkić', 'Keyonte George')",1.5499999999999998,4,10,8,0,1,3,2,0,0,0,0,3.44,3.0,0.0,0.0,0.0,0.0,0.0,0.0,2.0,0.0,6.44,1
22500025,UTA,PHX,80.0,78.4,"('Jusuf Nurkić', 'Lauri Markkanen')",1.5499999999999998,4,10,8,0,1,3,2,0,0,0,0,3.44,3.0,0.0,0.0,0.0,0.0,0.0,0.0,2.0,0.0,6.44,1
22500025,UTA,PHX,80.0,78.4,"('Keyonte George', 'Lauri Markkanen')",1.5499999999999998,4,10,8,0,1,3,2,0,0,0,0,3.44,3.0,0.0,0.0,0.0,0.0,0.0,0.0,2.0,0.0,6.44,1
22500025,UTA,PHX,82.2,78.8,"('Ace Bailey', 'Kyle Anderson')",2.166666666666667,4,2,3,4,2,1,1,0,0,1,1,4.0,3.44,0.0,0.0,2.0,2.0,0.0,0.0,0.0,2.0,7.439999999999999,1
22500025,UTA,PHX,82.2,78.8,"('Ace Bailey', 'Lauri Markkanen')",2.166666666666667,4,2,3,4,2,1,1,0,0,1,1,4.0,3.44,0.0,0.0,2.0,2.0,0.0,0.0,0.0,2.0,7.439999999999999,1
22500025,UTA,PHX,82.2,78.8,"('Ace Bailey', 'Svi Mykhailiuk')",2.166666666666667,4,2,3,4,2,1,1,0,0,1,1,4.0,3.44,0.0,0.0,2.0,2.0,0.0,0.0,0.0,2.0,7.439999999999999,1
22500025,UTA,PHX,82.2,78.8,"('Ace Bailey', 'Walker Kessler')",2.166666666666667,4,2,3,4,2,1,1,0,0,1,1,4.0,3.44,0.0,0.0,2.0,2.0,0.0,0.0,0.0,2.0,7.439999999999999,1
22500025,UTA,PHX,82.2,78.8,"('Kyle Anderson', 'Lauri Markkanen')",2.166666666666667,4,2,3,4,2,1,1,0,0,1,1,4.0,3.44,0.0,0.0,2.0,2.0,0.0,0.0,0.0,2.0,7.439999999999999,1
22500025,UTA,PHX,82.2,78.8,"('Kyle Anderson', 'Svi Mykhailiuk')",2.166666666666667,4,2,3,4,2,1,1,0,0,1,1,4.0,3.44,0.0,0.0,2.0,2.0,0.0,0.0,0.0,2.0,7.439999999999999,1
22500025,UTA,PHX,82.2,78.8,"('Kyle Anderson', 'Walker Kessler')",2.166666666666667,4,2,3,4,2,1,1,0,0,1,1,4.0,3.44,0.0,0.0,2.0,2.0,0.0,0.0,0.0,2.0,7.439999999999999,1
22500025,UTA,PHX,82.2,78.8,"('Lauri Markkanen', 'Svi Mykhailiuk')",2.166666666666667,4,2,3,4,2,1,1,0,0,1,1,4.0,3.44,0.0,0.0,2.0,2.0,0.0,0.0,0.0,2.0,7.439999999999999,1
22500025,UTA,PHX,82.2,78.8,"('Lauri Markkanen', 'Walker Kessler')",2.166666666666667,4,2,3,4,2,1,1,0,0,1,1,4.0,3.44,0.0,0.0,2.0,2.0,0.0,0.0,0.0,2.0,7.439999999999999,1
22500025,UTA,PHX,82.2,78.8,"('Svi Mykhailiuk', 'Walker Kessler')",2.166666666666667,4,2,3,4,2,1,1,0,0,1,1,4.0,3.44,0.0,0.0,2.0,2.0,0.0,0.0,0.0,2.0,7.439999999999999,1
22500025,UTA,PHX,79.6,77.8,"('Ace Bailey', 'Elijah Harkless')",1.2166666666666668,4,2,2,1,0,0,1,1,0,2,0,2.0,2.0,0.0,0.0,0.0,0.0,0.0,0.0,0.0,2.0,4.0,1
22500025,UTA,PHX,79.6,77.8,"('Ace Bailey', 'Jusuf Nurkić')",1.2166666666666668,4,2,2,1,0,0,1,1,0,2,0,2.0,2.0,0.0,0.0,0.0,0.0,0.0,0.0,0.0,2.0,4.0,1
22500025,UTA,PHX,79.6,77.8,"('Ace Bailey', 'Kyle Anderson')",1.2166666666666668,4,2,2,1,0,0,1,1,0,2,0,2.0,2.0,0.0,0.0,0.0,0.0,0.0,0.0,0.0,2.0,4.0,1
22500025,UTA,PHX,79.6,77.8,"('Ace Bailey', 'Svi Mykhailiuk')",1.2166666666666668,4,2,2,1,0,0,1,1,0,2,0,2.0,2.0,0.0,0.0,0.0,0.0,0.0,0.0,0.0,2.0,4.0,1
22500025,UTA,PHX,79.6,77.8,"('Elijah Harkless', 'Jusuf Nurkić')",1.2166666666666668,4,2,2,1,0,0,1,1,0,2,0,2.0,2.0,0.0,0.0,0.0,0.0,0.0,0.0,0.0,2.0,4.0,1
22500025,UTA,PHX,79.6,77.8,"('Elijah Harkless', 'Kyle Anderson')",1.2166666666666668,4,2,2,1,0,0,1,1,0,2,0,2.0,2.0,0.0,0.0,0.0,0.0,0.0,0.0,0.0,2.0,4.0,1
22500025,UTA,PHX,79.6,77.8,"('Elijah Harkless', 'Svi Mykhailiuk')",1.2166666666666668,4,2,2,1,0,0,1,1,0,2,0,2.0,2.0,0.0,0.0,0.0,0.0,0.0,0.0,0.0,2.0,4.0,1
22500025,UTA,PHX,79.6,77.8,"('Jusuf Nurkić', 'Kyle Anderson')",1.2166666666666668,4,2,2,1,0,0,1,1,0,2,0,2.0,2.0,0.0,0.0,0.0,0.0,0.0,0.0,0.0,2.0,4.0,1
22500025,UTA,PHX,79.6,77.8,"('Jusuf Nurkić', 'Svi Mykhailiuk')",1.2166666666666668,4,2,2,1,0,0,1,1,0,2,0,2.0,2.0,0.0,0.0,0.0,0.0,0.0,0.0,0.0,2.0,4.0,1
22500025,UTA,PHX,79.6,77.8,"('Kyle Anderson', 'Svi Mykhailiuk')",1.2166666666666668,4,2,2,1,0,0,1,1,0,2,0,2.0,2.0,0.0,0.0,0.0,0.0,0.0,0.0,0.0,2.0,4.0,1
22500025,UTA,PHX,79.8,77.6,"('Cody Williams', 'Elijah Harkless')",1.0833333333333337,4,2,0,1,0,1,0,1,0,1,1,3.0,3.0,0.0,0.0,0.0,2.0,0.0,0.0,0.0,0.0,6.0,1
22500025,UTA,PHX,79.8,77.6,"('Cody Williams', 'Jusuf Nurkić')",1.0833333333333337,4,2,0,1,0,1,0,1,0,1,1,3.0,3.0,0.0,0.0,0.0,2.0,0.0,0.0,0.0,0.0,6.0,1
22500025,UTA,PHX,79.8,77.6,"('Cody Williams', 'Keyonte George')",1.0833333333333337,4,2,0,1,0,1,0,1,0,1,1,3.0,3.0,0.0,0.0,0.0,2.0,0.0,0.0,0.0,0.0,6.0,1
22500025,UTA,PHX,79.8,77.6,"('Cody Williams', 'Lauri Markkanen')",1.0833333333333337,4,2,0,1,0,1,0,1,0,1,1,3.0,3.0,0.0,0.0,0.0,2.0,0.0,0.0,0.0,0.0,6.0,1
22500025,UTA,PHX,79.8,77.6,"('Elijah Harkless', 'Jusuf Nurkić')",1.0833333333333337,4,2,0,1,0,1,0,1,0,1,1,3.0,3.0,0.0,0.0,0.0,2.0,0.0,0.0,0.0,0.0,6.0,1
22500025,UTA,PHX,79.8,77.6,"('Elijah Harkless', 'Keyonte George')",1.0833333333333337,4,2,0,1,0,1,0,1,0,1,1,3.0,3.0,0.0,0.0,0.0,2.0,0.0,0.0,0.0,0.0,6.0,1
22500025,UTA,PHX,79.8,77.6,"('Elijah Harkless', 'Lauri Markkanen')",1.0833333333333337,4,2,0,1,0,1,0,1,0,1,1,3.0,3.0,0.0,0.0,0.0,2.0,0.0,0.0,0.0,0.0,6.0,1
22500025,UTA,PHX,79.8,77.6,"('Jusuf Nurkić', 'Keyonte George')",1.0833333333333337,4,2,0,1,0,1,0,1,0,1,1,3.0,3.0,0.0,0.0,0.0,2.0,0.0,0.0,0.0,0.0,6.0,1
22500025,UTA,PHX,79.8,77.6,"('Jusuf Nurkić', 'Lauri Markkanen')",1.0833333333333337,4,2,0,1,0,1,0,1,0,1,1,3.0,3.0,0.0,0.0,0.0,2.0,0.0,0.0,0.0,0.0,6.0,1
22500025,UTA,PHX,79.8,77.6,"('Keyonte George', 'Lauri Markkanen')",1.0833333333333337,4,2,0,1,0,1,0,1,0,1,1,3.0,3.0,0.0,0.0,0.0,2.0,0.0,0.0,0.0,0.0,6.0,1
22500025,UTA,PHX,80.6,78.8,"('Ace Bailey', 'Cody Williams')",0.0,4,0,0,0,0,0,0,0,0,0,0,0.0,0.0,0.0,0.0,0.0,0.0,0.0,0.0,0.0,0.0,0.0,1
22500025,UTA,PHX,80.6,78.8,"('Ace Bailey', 'Kyle Anderson')",0.0,4,0,0,0,0,0,0,0,0,0,0,0.0,0.0,0.0,0.0,0.0,0.0,0.0,0.0,0.0,0.0,0.0,1
22500025,UTA,PHX,80.6,78.8,"('Ace Bailey', 'Walker Kessler')",0.0,4,0,0,0,0,0,0,0,0,0,0,0.0,0.0,0.0,0.0,0.0,0.0,0.0,0.0,0.0,0.0,0.0,1
22500025,UTA,PHX,80.6,78.8,"('Ace Bailey', 'Walter Clayton Jr.')",0.0,4,0,0,0,0,0,0,0,0,0,0,0.0,0.0,0.0,0.0,0.0,0.0,0.0,0.0,0.0,0.0,0.0,1
22500025,UTA,PHX,80.6,78.8,"('Cody Williams', 'Kyle Anderson')",0.0,4,0,0,0,0,0,0,0,0,0,0,0.0,0.0,0.0,0.0,0.0,0.0,0.0,0.0,0.0,0.0,0.0,1
22500025,UTA,PHX,80.6,78.8,"('Cody Williams', 'Walker Kessler')",0.0,4,0,0,0,0,0,0,0,0,0,0,0.0,0.0,0.0,0.0,0.0,0.0,0.0,0.0,0.0,0.0,0.0,1
22500025,UTA,PHX,80.6,78.8,"('Cody Williams', 'Walter Clayton Jr.')",0.0,4,0,0,0,0,0,0,0,0,0,0,0.0,0.0,0.0,0.0,0.0,0.0,0.0,0.0,0.0,0.0,0.0,1
22500025,UTA,PHX,80.6,78.8,"('Kyle Anderson', 'Walker Kessler')",0.0,4,0,0,0,0,0,0,0,0,0,0,0.0,0.0,0.0,0.0,0.0,0.0,0.0,0.0,0.0,0.0,0.0,1
22500025,UTA,PHX,80.6,78.8,"('Kyle Anderson', 'Walter Clayton Jr.')",0.0,4,0,0,0,0,0,0,0,0,0,0,0.0,0.0,0.0,0.0,0.0,0.0,0.0,0.0,0.0,0.0,0.0,1
22500025,UTA,PHX,80.6,78.8,"('Walker Kessler', 'Walter Clayton Jr.')",0.0,4,0,0,0,0,0,0,0,0,0,0,0.0,0.0,0.0,0.0,0.0,0.0,0.0,0.0,0.0,0.0,0.0,1
22500025,UTA,PHX,80.4,78.8,"('Elijah Harkless', 'Keyonte George')",2.15,4,2,7,3,2,0,1,1,0,2,2,4.88,5.88,0.0,0.0,0.0,0.0,0.0,0.0,0.0,2.0,10.76,1
22500025,UTA,PHX,80.4,78.8,"('Elijah Harkless', 'Kyle Anderson')",2.15,4,2,7,3,2,0,1,1,0,2,2,4.88,5.88,0.0,0.0,0.0,0.0,0.0,0.0,0.0,2.0,10.76,1
22500025,UTA,PHX,80.4,78.8,"('Elijah Harkless', 'Lauri Markkanen')",2.15,4,2,7,3,2,0,1,1,0,2,2,4.88,5.88,0.0,0.0,0.0,0.0,0.0,0.0,0.0,2.0,10.76,1
22500025,UTA,PHX,80.4,78.8,"('Elijah Harkless', 'Walker Kessler')",2.15,4,2,7,3,2,0,1,1,0,2,2,4.88,5.88,0.0,0.0,0.0,0.0,0.0,0.0,0.0,2.0,10.76,1
22500025,UTA,PHX,80.4,78.8,"('Keyonte George', 'Kyle Anderson')",2.15,4,2,7,3,2,0,1,1,0,2,2,4.88,5.88,0.0,0.0,0.0,0.0,0.0,0.0,0.0,2.0,10.76,1
22500025,UTA,PHX,80.4,78.8,"('Keyonte George', 'Lauri Markkanen')",2.15,4,2,7,3,2,0,1,1,0,2,2,4.88,5.88,0.0,0.0,0.0,0.0,0.0,0.0,0.0,2.0,10.76,1
22500025,UTA,PHX,80.4,78.8,"('Keyonte George', 'Walker Kessler')",2.15,4,2,7,3,2,0,1,1,0,2,2,4.88,5.88,0.0,0.0,0.0,0.0,0.0,0.0,0.0,2.0,10.76,1
22500025,UTA,PHX,80.4,78.8,"('Kyle Anderson', 'Lauri Markkanen')",2.15,4,2,7,3,2,0,1,1,0,2,2,4.88,5.88,0.0,0.0,0.0,0.0,0.0,0.0,0.0,2.0,10.76,1
22500025,UTA,PHX,80.4,78.8,"('Kyle Anderson', 'Walker Kessler')",2.15,4,2,7,3,2,0,1,1,0,2,2,4.88,5.88,0.0,0.0,0.0,0.0,0.0,0.0,0.0,2.0,10.76,1
22500025,UTA,PHX,80.4,78.8,"('Lauri Markkanen', 'Walker Kessler')",2.15,4,2,7,3,2,0,1,1,0,2,2,4.88,5.88,0.0,0.0,0.0,0.0,0.0,0.0,0.0,2.0,10.76,1
22500025,UTA,PHX,81.2,77.2,"('Ace Bailey', 'Cody Williams')",1.95,3,2,7,2,0,0,1,2,1,1,0,3.0,3.88,0.0,2.0,0.0,2.0,3.0,0.0,0.0,2.0,6.88,1
22500025,UTA,PHX,81.2,77.2,"('Ace Bailey', 'Kyle Anderson')",1.95,3,2,7,2,0,0,1,2,1,1,0,3.0,3.88,0.0,2.0,0.0,2.0,3.0,0.0,0.0,2.0,6.88,1
22500025,UTA,PHX,81.2,77.2,"('Ace Bailey', 'Svi Mykhailiuk')",1.95,3,2,7,2,0,0,1,2,1,1,0,3.0,3.88,0.0,2.0,0.0,2.0,3.0,0.0,0.0,2.0,6.88,1
22500025,UTA,PHX,81.2,77.2,"('Ace Bailey', 'Walker Kessler')",1.95,3,2,7,2,0,0,1,2,1,1,0,3.0,3.88,0.0,2.0,0.0,2.0,3.0,0.0,0.0,2.0,6.88,1
22500025,UTA,PHX,81.2,77.2,"('Cody Williams', 'Kyle Anderson')",1.95,3,2,7,2,0,0,1,2,1,1,0,3.0,3.88,0.0,2.0,0.0,2.0,3.0,0.0,0.0,2.0,6.88,1
22500025,UTA,PHX,81.2,77.2,"('Cody Williams', 'Svi Mykhailiuk')",1.95,3,2,7,2,0,0,1,2,1,1,0,3.0,3.88,0.0,2.0,0.0,2.0,3.0,0.0,0.0,2.0,6.88,1
22500025,UTA,PHX,81.2,77.2,"('Cody Williams', 'Walker Kessler')",1.95,3,2,7,2,0,0,1,2,1,1,0,3.0,3.88,0.0,2.0,0.0,2.0,3.0,0.0,0.0,2.0,6.88,1
22500025,UTA,PHX,81.2,77.2,"('Kyle Anderson', 'Svi Mykhailiuk')",1.95,3,2,7,2,0,0,1,2,1,1,0,3.0,3.88,0.0,2.0,0.0,2.0,3.0,0.0,0.0,2.0,6.88,1
22500025,UTA,PHX,81.2,77.2,"('Kyle Anderson', 'Walker Kessler')",1.95,3,2,7,2,0,0,1,2,1,1,0,3.0,3.88,0.0,2.0,0.0,2.0,3.0,0.0,0.0,2.0,6.88,1
22500025,UTA,PHX,81.2,77.2,"('Svi Mykhailiuk', 'Walker Kessler')",1.95,3,2,7,2,0,0,1,2,1,1,0,3.0,3.88,0.0,2.0,0.0,2.0,3.0,0.0,0.0,2.0,6.88,1
22500025,UTA,PHX,79.8,76.6,"('Cody Williams', 'Elijah Harkless')",3.895000000000001,3,11,10,2,3,4,3,1,2,1,3,9.0,8.0,2.0,0.0,0.0,8.0,3.0,0.0,0.0,0.0,17.0,1
22500025,UTA,PHX,79.8,76.6,"('Cody Williams', 'Jusuf Nurkić')",3.895000000000001,3,11,10,2,3,4,3,1,2,1,3,9.0,8.0,2.0,0.0,0.0,8.0,3.0,0.0,0.0,0.0,17.0,1
22500025,UTA,PHX,79.8,76.6,"('Cody Williams', 'Keyonte George')",3.895000000000001,3,11,10,2,3,4,3,1,2,1,3,9.0,8.0,2.0,0.0,0.0,8.0,3.0,0.0,0.0,0.0,17.0,1
22500025,UTA,PHX,79.8,76.6,"('Cody Williams', 'Lauri Markkanen')",3.895000000000001,3,11,10,2,3,4,3,1,2,1,3,9.0,8.0,2.0,0.0,0.0,8.0,3.0,0.0,0.0,0.0,17.0,1
22500025,UTA,PHX,79.8,76.6,"('Elijah Harkless', 'Jusuf Nurkić')",3.895000000000001,3,11,10,2,3,4,3,1,2,1,3,9.0,8.0,2.0,0.0,0.0,8.0,3.0,0.0,0.0,0.0,17.0,1
22500025,UTA,PHX,79.8,76.6,"('Elijah Harkless', 'Keyonte George')",3.895000000000001,3,11,10,2,3,4,3,1,2,1,3,9.0,8.0,2.0,0.0,0.0,8.0,3.0,0.0,0.0,0.0,17.0,1
22500025,UTA,PHX,79.8,76.6,"('Elijah Harkless', 'Lauri Markkanen')",3.895000000000001,3,11,10,2,3,4,3,1,2,1,3,9.0,8.0,2.0,0.0,0.0,8.0,3.0,0.0,0.0,0.0,17.0,1
22500025,UTA,PHX,79.8,76.6,"('Jusuf Nurkić', 'Keyonte George')",3.895000000000001,3,11,10,2,3,4,3,1,2,1,3,9.0,8.0,2.0,0.0,0.0,8.0,3.0,0.0,0.0,0.0,17.0,1
22500025,UTA,PHX,79.8,76.6,"('Jusuf Nurkić', 'Lauri Markkanen')",3.895000000000001,3,11,10,2,3,4,3,1,2,1,3,9.0,8.0,2.0,0.0,0.0,8.0,3.0,0.0,0.0,0.0,17.0,1
22500025,UTA,PHX,79.8,76.6,"('Keyonte George', 'Lauri Markkanen')",3.895000000000001,3,11,10,2,3,4,3,1,2,1,3,9.0,8.0,2.0,0.0,0.0,8.0,3.0,0.0,0.0,0.0,17.0,1
22500025,UTA,PHX,80.4,75.6,"('Cody Williams', 'Elijah Harkless')",0.2816666666666667,3,1,0,0,0,0,0,0,0,0,0,0.44,1.0,0.0,0.0,0.0,0.0,0.0,0.0,0.0,0.0,1.44,1
22500025,UTA,PHX,80.4,75.6,"('Cody Williams', 'Keyonte George')",0.2816666666666667,3,1,0,0,0,0,0,0,0,0,0,0.44,1.0,0.0,0.0,0.0,0.0,0.0,0.0,0.0,0.0,1.44,1
22500025,UTA,PHX,80.4,75.6,"('Cody Williams', 'Lauri Markkanen')",0.2816666666666667,3,1,0,0,0,0,0,0,0,0,0,0.44,1.0,0.0,0.0,0.0,0.0,0.0,0.0,0.0,0.0,1.44,1
22500025,UTA,PHX,80.4,75.6,"('Cody Williams', 'Walker Kessler')",0.2816666666666667,3,1,0,0,0,0,0,0,0,0,0,0.44,1.0,0.0,0.0,0.0,0.0,0.0,0.0,0.0,0.0,1.44,1
22500025,UTA,PHX,80.4,75.6,"('Elijah Harkless', 'Keyonte George')",0.2816666666666667,3,1,0,0,0,0,0,0,0,0,0,0.44,1.0,0.0,0.0,0.0,0.0,0.0,0.0,0.0,0.0,1.44,1
22500025,UTA,PHX,80.4,75.6,"('Elijah Harkless', 'Lauri Markkanen')",0.2816666666666667,3,1,0,0,0,0,0,0,0,0,0,0.44,1.0,0.0,0.0,0.0,0.0,0.0,0.0,0.0,0.0,1.44,1
22500025,UTA,PHX,80.4,75.6,"('Elijah Harkless', 'Walker Kessler')",0.2816666666666667,3,1,0,0,0,0,0,0,0,0,0,0.44,1.0,0.0,0.0,0.0,0.0,0.0,0.0,0.0,0.0,1.44,1
22500025,UTA,PHX,80.4,75.6,"('Keyonte George', 'Lauri Markkanen')",0.2816666666666667,3,1,0,0,0,0,0,0,0,0,0,0.44,1.0,0.0,0.0,0.0,0.0,0.0,0.0,0.0,0.0,1.44,1
22500025,UTA,PHX,80.4,75.6,"('Keyonte George', 'Walker Kessler')",0.2816666666666667,3,1,0,0,0,0,0,0,0,0,0,0.44,1.0,0.0,0.0,0.0,0.0,0.0,0.0,0.0,0.0,1.44,1
22500025,UTA,PHX,80.4,75.6,"('Lauri Markkanen', 'Walker Kessler')",0.2816666666666667,3,1,0,0,0,0,0,0,0,0,0,0.44,1.0,0.0,0.0,0.0,0.0,0.0,0.0,0.0,0.0,1.44,1
22500025,UTA,PHX,81.2,78.8,"('Keyonte George', 'Kyle Anderson')",4.05,3,10,11,1,3,3,3,1,1,2,3,9.32,9.0,0.0,0.0,0.0,4.0,3.0,0.0,0.0,6.0,18.32,1
22500025,UTA,PHX,81.2,78.8,"('Keyonte George', 'Lauri Markkanen')",4.05,3,10,11,1,3,3,3,1,1,2,3,9.32,9.0,0.0,0.0,0.0,4.0,3.0,0.0,0.0,6.0,18.32,1
22500025,UTA,PHX,81.2,78.8,"('Keyonte George', 'Svi Mykhailiuk')",4.05,3,10,11,1,3,3,3,1,1,2,3,9.32,9.0,0.0,0.0,0.0,4.0,3.0,0.0,0.0,6.0,18.32,1
22500025,UTA,PHX,81.2,78.8,"('Keyonte George', 'Walker Kessler')",4.05,3,10,11,1,3,3,3,1,1,2,3,9.32,9.0,0.0,0.0,0.0,4.0,3.0,0.0,0.0,6.0,18.32,1
22500025,UTA,PHX,81.2,78.8,"('Kyle Anderson', 'Lauri Markkanen')",4.05,3,10,11,1,3,3,3,1,1,2,3,9.32,9.0,0.0,0.0,0.0,4.0,3.0,0.0,0.0,6.0,18.32,1
22500025,UTA,PHX,81.2,78.8,"('Kyle Anderson', 'Svi Mykhailiuk')",4.05,3,10,11,1,3,3,3,1,1,2,3,9.32,9.0,0.0,0.0,0.0,4.0,3.0,0.0,0.0,6.0,18.32,1
22500025,UTA,PHX,81.2,78.8,"('Kyle Anderson', 'Walker Kessler')",4.05,3,10,11,1,3,3,3,1,1,2,3,9.32,9.0,0.0,0.0,0.0,4.0,3.0,0.0,0.0,6.0,18.32,1
22500025,UTA,PHX,81.2,78.8,"('Lauri Markkanen', 'Svi Mykhailiuk')",4.05,3,10,11,1,3,3,3,1,1,2,3,9.32,9.0,0.0,0.0,0.0,4.0,3.0,0.0,0.0,6.0,18.32,1
22500025,UTA,PHX,81.2,78.8,"('Lauri Markkanen', 'Walker Kessler')",4.05,3,10,11,1,3,3,3,1,1,2,3,9.32,9.0,0.0,0.0,0.0,4.0,3.0,0.0,0.0,6.0,18.32,1
22500025,UTA,PHX,81.2,78.8,"('Svi Mykhailiuk', 'Walker Kessler')",4.05,3,10,11,1,3,3,3,1,1,2,3,9.32,9.0,0.0,0.0,0.0,4.0,3.0,0.0,0.0,6.0,18.32,1
22500025,UTA,PHX,82.2,78.8,"('Ace Bailey', 'Kyle Anderson')",1.216666666666667,3,3,1,4,1,1,0,1,1,2,0,3.0,2.44,3.0,3.0,0.0,0.0,0.0,0.0,0.0,0.0,5.44,1
22500025,UTA,PHX,82.2,78.8,"('Ace Bailey', 'Lauri Markkanen')",1.216666666666667,3,3,1,4,1,1,0,1,1,2,0,3.0,2.44,3.0,3.0,0.0,0.0,0.0,0.0,0.0,0.0,5.44,1
22500025,UTA,PHX,82.2,78.8,"('Ace Bailey', 'Svi Mykhailiuk')",1.216666666666667,3,3,1,4,1,1,0,1,1,2,0,3.0,2.44,3.0,3.0,0.0,0.0,0.0,0.0,0.0,0.0,5.44,1
22500025,UTA,PHX,82.2,78.8,"('Ace Bailey', 'Walker Kessler')",1.216666666666667,3,3,1,4,1,1,0,1,1,2,0,3.0,2.44,3.0,3.0,0.0,0.0,0.0,0.0,0.0,0.0,5.44,1
22500025,UTA,PHX,82.2,78.8,"('Kyle Anderson', 'Lauri Markkanen')",1.216666666666667,3,3,1,4,1,1,0,1,1,2,0,3.0,2.44,3.0,3.0,0.0,0.0,0.0,0.0,0.0,0.0,5.44,1
22500025,UTA,PHX,82.2,78.8,"('Kyle Anderson', 'Svi Mykhailiuk')",1.216666666666667,3,3,1,4,1,1,0,1,1,2,0,3.0,2.44,3.0,3.0,0.0,0.0,0.0,0.0,0.0,0.0,5.44,1
22500025,UTA,PHX,82.2,78.8,"('Kyle Anderson', 'Walker Kessler')",1.216666666666667,3,3,1,4,1,1,0,1,1,2,0,3.0,2.44,3.0,3.0,0.0,0.0,0.0,0.0,0.0,0.0,5.44,1
22500025,UTA,PHX,82.2,78.8,"('Lauri Markkanen', 'Svi Mykhailiuk')",1.216666666666667,3,3,1,4,1,1,0,1,1,2,0,3.0,2.44,3.0,3.0,0.0,0.0,0.0,0.0,0.0,0.0,5.44,1
22500025,UTA,PHX,82.2,78.8,"('Lauri Markkanen', 'Walker Kessler')",1.216666666666667,3,3,1,4,1,1,0,1,1,2,0,3.0,2.44,3.0,3.0,0.0,0.0,0.0,0.0,0.0,0.0,5.44,1
22500025,UTA,PHX,82.2,78.8,"('Svi Mykhailiuk', 'Walker Kessler')",1.216666666666667,3,3,1,4,1,1,0,1,1,2,0,3.0,2.44,3.0,3.0,0.0,0.0,0.0,0.0,0.0,0.0,5.44,1
22500025,UTA,PHX,79.8,77.2,"('Ace Bailey', 'Brice Sensabaugh')",2.0,1,2,10,1,3,1,3,2,0,1,0,6.0,5.0,0.0,0.0,0.0,2.0,5.0,3.0,2.0,4.0,11.0,1
22500025,UTA,PHX,79.8,77.2,"('Ace Bailey', 'Jusuf Nurkić')",2.0,1,2,10,1,3,1,3,2,0,1,0,6.0,5.0,0.0,0.0,0.0,2.0,5.0,3.0,2.0,4.0,11.0,1
22500025,UTA,PHX,79.8,77.2,"('Ace Bailey', 'Taylor Hendricks')",2.0,1,2,10,1,3,1,3,2,0,1,0,6.0,5.0,0.0,0.0,0.0,2.0,5.0,3.0,2.0,4.0,11.0,1
22500025,UTA,PHX,79.8,77.2,"('Ace Bailey', 'Walter Clayton Jr.')",2.0,1,2,10,1,3,1,3,2,0,1,0,6.0,5.0,0.0,0.0,0.0,2.0,5.0,3.0,2.0,4.0,11.0,1
22500025,UTA,PHX,79.8,77.2,"('Brice Sensabaugh', 'Jusuf Nurkić')",2.0,1,2,10,1,3,1,3,2,0,1,0,6.0,5.0,0.0,0.0,0.0,2.0,5.0,3.0,2.0,4.0,11.0,1
22500025,UTA,PHX,79.8,77.2,"('Brice Sensabaugh', 'Taylor Hendricks')",2.0,1,2,10,1,3,1,3,2,0,1,0,6.0,5.0,0.0,0.0,0.0,2.0,5.0,3.0,2.0,4.0,11.0,1
22500025,UTA,PHX,79.8,77.2,"('Brice Sensabaugh', 'Walter Clayton Jr.')",2.0,1,2,10,1,3,1,3,2,0,1,0,6.0,5.0,0.0,0.0,0.0,2.0,5.0,3.0,2.0,4.0,11.0,1
22500025,UTA,PHX,79.8,77.2,"('Jusuf Nurkić', 'Taylor Hendricks')",2.0,1,2,10,1,3,1,3,2,0,1,0,6.0,5.0,0.0,0.0,0.0,2.0,5.0,3.0,2.0,4.0,11.0,1
22500025,UTA,PHX,79.8,77.2,"('Jusuf Nurkić', 'Walter Clayton Jr.')",2.0,1,2,10,1,3,1,3,2,0,1,0,6.0,5.0,0.0,0.0,0.0,2.0,5.0,3.0,2.0,4.0,11.0,1
22500025,UTA,PHX,79.8,77.2,"('Taylor Hendricks', 'Walter Clayton Jr.')",2.0,1,2,10,1,3,1,3,2,0,1,0,6.0,5.0,0.0,0.0,0.0,2.0,5.0,3.0,2.0,4.0,11.0,1
22500025,UTA,PHX,81.2,78.8,"('Ace Bailey', 'Brice Sensabaugh')",2.2333333333333334,1,6,3,4,2,2,0,0,0,2,0,4.0,5.44,0.0,0.0,0.0,0.0,0.0,0.0,0.0,2.0,9.44,1
22500025,UTA,PHX,81.2,78.8,"('Ace Bailey', 'Keyonte George')",2.2333333333333334,1,6,3,4,2,2,0,0,0,2,0,4.0,5.44,0.0,0.0,0.0,0.0,0.0,0.0,0.0,2.0,9.44,1
22500025,UTA,PHX,81.2,78.8,"('Ace Bailey', 'Lauri Markkanen')",2.2333333333333334,1,6,3,4,2,2,0,0,0,2,0,4.0,5.44,0.0,0.0,0.0,0.0,0.0,0.0,0.0,2.0,9.44,1
22500025,UTA,PHX,81.2,78.8,"('Ace Bailey', 'Walker Kessler')",2.2333333333333334,1,6,3,4,2,2,0,0,0,2,0,4.0,5.44,0.0,0.0,0.0,0.0,0.0,0.0,0.0,2.0,9.44,1
22500025,UTA,PHX,81.2,78.8,"('Brice Sensabaugh', 'Keyonte George')",2.2333333333333334,1,6,3,4,2,2,0,0,0,2,0,4.0,5.44,0.0,0.0,0.0,0.0,0.0,0.0,0.0,2.0,9.44,1
22500025,UTA,PHX,81.2,78.8,"('Brice Sensabaugh', 'Lauri Markkanen')",2.2333333333333334,1,6,3,4,2,2,0,0,0,2,0,4.0,5.44,0.0,0.0,0.0,0.0,0.0,0.0,0.0,2.0,9.44,1
22500025,UTA,PHX,81.2,78.8,"('Brice Sensabaugh', 'Walker Kessler')",2.2333333333333334,1,6,3,4,2,2,0,0,0,2,0,4.0,5.44,0.0,0.0,0.0,0.0,0.0,0.0,0.0,2.0,9.44,1
22500025,UTA,PHX,81.2,78.8,"('Keyonte George', 'Lauri Markkanen')",2.2333333333333334,1,6,3,4,2,2,0,0,0,2,0,4.0,5.44,0.0,0.0,0.0,0.0,0.0,0.0,0.0,2.0,9.44,1
22500025,UTA,PHX,81.2,78.8,"('Keyonte George', 'Walker Kessler')",2.2333333333333334,1,6,3,4,2,2,0,0,0,2,0,4.0,5.44,0.0,0.0,0.0,0.0,0.0,0.0,0.0,2.0,9.44,1
22500025,UTA,PHX,81.2,78.8,"('Lauri Markkanen', 'Walker Kessler')",2.2333333333333334,1,6,3,4,2,2,0,0,0,2,0,4.0,5.44,0.0,0.0,0.0,0.0,0.0,0.0,0.0,2.0,9.44,1
22500025,UTA,PHX,81.0,77.2,"('Cody Williams', 'Jusuf Nurkić')",0.1883333333333333,1,0,3,0,1,0,1,0,0,0,0,1.0,1.0,0.0,0.0,0.0,0.0,0.0,0.0,0.0,0.0,2.0,1
22500025,UTA,PHX,81.0,77.2,"('Cody Williams', 'Lauri Markkanen')",0.1883333333333333,1,0,3,0,1,0,1,0,0,0,0,1.0,1.0,0.0,0.0,0.0,0.0,0.0,0.0,0.0,0.0,2.0,1
22500025,UTA,PHX,81.0,77.2,"('Cody Williams', 'Taylor Hendricks')",0.1883333333333333,1,0,3,0,1,0,1,0,0,0,0,1.0,1.0,0.0,0.0,0.0,0.0,0.0,0.0,0.0,0.0,2.0,1
22500025,UTA,PHX,81.0,77.2,"('Cody Williams', 'Walter Clayton Jr.')",0.1883333333333333,1,0,3,0,1,0,1,0,0,0,0,1.0,1.0,0.0,0.0,0.0,0.0,0.0,0.0,0.0,0.0,2.0,1
22500025,UTA,PHX,81.0,77.2,"('Jusuf Nurkić', 'Lauri Markkanen')",0.1883333333333333,1,0,3,0,1,0,1,0,0,0,0,1.0,1.0,0.0,0.0,0.0,0.0,0.0,0.0,0.0,0.0,2.0,1
22500025,UTA,PHX,81.0,77.2,"('Jusuf Nurkić', 'Taylor Hendricks')",0.1883333333333333,1,0,3,0,1,0,1,0,0,0,0,1.0,1.0,0.0,0.0,0.0,0.0,0.0,0.0,0.0,0.0,2.0,1
22500025,UTA,PHX,81.0,77.2,"('Jusuf Nurkić', 'Walter Clayton Jr.')",0.1883333333333333,1,0,3,0,1,0,1,0,0,0,0,1.0,1.0,0.0,0.0,0.0,0.0,0.0,0.0,0.0,0.0,2.0,1
22500025,UTA,PHX,81.0,77.2,"('Lauri Markkanen', 'Taylor Hendricks')",0.1883333333333333,1,0,3,0,1,0,1,0,0,0,0,1.0,1.0,0.0,0.0,0.0,0.0,0.0,0.0,0.0,0.0,2.0,1
22500025,UTA,PHX,81.0,77.2,"('Lauri Markkanen', 'Walter Clayton Jr.')",0.1883333333333333,1,0,3,0,1,0,1,0,0,0,0,1.0,1.0,0.0,0.0,0.0,0.0,0.0,0.0,0.0,0.0,2.0,1
22500025,UTA,PHX,81.0,77.2,"('Taylor Hendricks', 'Walter Clayton Jr.')",0.1883333333333333,1,0,3,0,1,0,1,0,0,0,0,1.0,1.0,0.0,0.0,0.0,0.0,0.0,0.0,0.0,0.0,2.0,1
22500025,UTA,PHX,80.6,77.2,"('Ace Bailey', 'Cody Williams')",1.65,2,3,4,3,2,0,1,0,0,0,3,3.3200000000000003,3.44,0.0,0.0,0.0,0.0,0.0,0.0,0.0,0.0,6.76,1
22500025,UTA,PHX,80.6,77.2,"('Ace Bailey', 'Keyonte George')",1.65,2,3,4,3,2,0,1,0,0,0,3,3.3200000000000003,3.44,0.0,0.0,0.0,0.0,0.0,0.0,0.0,0.0,6.76,1
22500025,UTA,PHX,80.6,77.2,"('Ace Bailey', 'Kyle Anderson')",1.65,2,3,4,3,2,0,1,0,0,0,3,3.3200000000000003,3.44,0.0,0.0,0.0,0.0,0.0,0.0,0.0,0.0,6.76,1
22500025,UTA,PHX,80.6,77.2,"('Ace Bailey', 'Walker Kessler')",1.65,2,3,4,3,2,0,1,0,0,0,3,3.3200000000000003,3.44,0.0,0.0,0.0,0.0,0.0,0.0,0.0,0.0,6.76,1
22500025,UTA,PHX,80.6,77.2,"('Cody Williams', 'Keyonte George')",1.65,2,3,4,3,2,0,1,0,0,0,3,3.3200000000000003,3.44,0.0,0.0,0.0,0.0,0.0,0.0,0.0,0.0,6.76,1
22500025,UTA,PHX,80.6,77.2,"('Cody Williams', 'Kyle Anderson')",1.65,2,3,4,3,2,0,1,0,0,0,3,3.3200000000000003,3.44,0.0,0.0,0.0,0.0,0.0,0.0,0.0,0.0,6.76,1
22500025,UTA,PHX,80.6,77.2,"('Cody Williams', 'Walker Kessler')",1.65,2,3,4,3,2,0,1,0,0,0,3,3.3200000000000003,3.44,0.0,0.0,0.0,0.0,0.0,0.0,0.0,0.0,6.76,1
22500025,UTA,PHX,80.6,77.2,"('Keyonte George', 'Kyle Anderson')",1.65,2,3,4,3,2,0,1,0,0,0,3,3.3200000000000003,3.44,0.0,0.0,0.0,0.0,0.0,0.0,0.0,0.0,6.76,1
22500025,UTA,PHX,80.6,77.2,"('Keyonte George', 'Walker Kessler')",1.65,2,3,4,3,2,0,1,0,0,0,3,3.3200000000000003,3.44,0.0,0.0,0.0,0.0,0.0,0.0,0.0,0.0,6.76,1
22500025,UTA,PHX,80.6,77.2,"('Kyle Anderson', 'Walker Kessler')",1.65,2,3,4,3,2,0,1,0,0,0,3,3.3200000000000003,3.44,0.0,0.0,0.0,0.0,0.0,0.0,0.0,0.0,6.76,1
22500025,UTA,PHX,81.8,78.8,"('Keyonte George', 'Kyle Filipowski')",4.733333333333333,1,6,10,6,6,2,4,4,0,1,0,12.0,11.0,0.0,0.0,0.0,6.0,4.0,2.0,2.0,6.0,23.0,1
22500025,UTA,PHX,81.8,78.8,"('Keyonte George', 'Lauri Markkanen')",4.733333333333333,1,6,10,6,6,2,4,4,0,1,0,12.0,11.0,0.0,0.0,0.0,6.0,4.0,2.0,2.0,6.0,23.0,1
22500025,UTA,PHX,81.8,78.8,"('Keyonte George', 'Svi Mykhailiuk')",4.733333333333333,1,6,10,6,6,2,4,4,0,1,0,12.0,11.0,0.0,0.0,0.0,6.0,4.0,2.0,2.0,6.0,23.0,1
22500025,UTA,PHX,81.8,78.8,"('Keyonte George', 'Walker Kessler')",4.733333333333333,1,6,10,6,6,2,4,4,0,1,0,12.0,11.0,0.0,0.0,0.0,6.0,4.0,2.0,2.0,6.0,23.0,1
22500025,UTA,PHX,81.8,78.8,"('Kyle Filipowski', 'Lauri Markkanen')",4.733333333333333,1,6,10,6,6,2,4,4,0,1,0,12.0,11.0,0.0,0.0,0.0,6.0,4.0,2.0,2.0,6.0,23.0,1
22500025,UTA,PHX,81.8,78.8,"('Kyle Filipowski', 'Svi Mykhailiuk')",4.733333333333333,1,6,10,6,6,2,4,4,0,1,0,12.0,11.0,0.0,0.0,0.0,6.0,4.0,2.0,2.0,6.0,23.0,1
22500025,UTA,PHX,81.8,78.8,"('Kyle Filipowski', 'Walker Kessler')",4.733333333333333,1,6,10,6,6,2,4,4,0,1,0,12.0,11.0,0.0,0.0,0.0,6.0,4.0,2.0,2.0,6.0,23.0,1
22500025,UTA,PHX,81.8,78.8,"('Lauri Markkanen', 'Svi Mykhailiuk')",4.733333333333333,1,6,10,6,6,2,4,4,0,1,0,12.0,11.0,0.0,0.0,0.0,6.0,4.0,2.0,2.0,6.0,23.0,1
22500025,UTA,PHX,81.8,78.8,"('Lauri Markkanen', 'Walker Kessler')",4.733333333333333,1,6,10,6,6,2,4,4,0,1,0,12.0,11.0,0.0,0.0,0.0,6.0,4.0,2.0,2.0,6.0,23.0,1
22500025,UTA,PHX,81.8,78.8,"('Svi Mykhailiuk', 'Walker Kessler')",4.733333333333333,1,6,10,6,6,2,4,4,0,1,0,12.0,11.0,0.0,0.0,0.0,6.0,4.0,2.0,2.0,6.0,23.0,1
22500036,UTA,MIN,80.4,79.8,"('Ace Bailey', 'Isaiah Collier')",1.5333333333333332,1,0,7,1,3,0,2,1,1,0,0,3.0,4.0,0.0,0.0,0.0,0.0,2.0,0.0,2.0,4.0,7.0,2
22500036,UTA,MIN,80.4,79.8,"('Ace Bailey', 'Jusuf Nurkić')",1.5333333333333332,1,0,7,1,3,0,2,1,1,0,0,3.0,4.0,0.0,0.0,0.0,0.0,2.0,0.0,2.0,4.0,7.0,2
22500036,UTA,MIN,80.4,79.8,"('Ace Bailey', 'Kyle Filipowski')",1.5333333333333332,1,0,7,1,3,0,2,1,1,0,0,3.0,4.0,0.0,0.0,0.0,0.0,2.0,0.0,2.0,4.0,7.0,2
22500036,UTA,MIN,80.4,79.8,"('Ace Bailey', 'Svi Mykhailiuk')",1.5333333333333332,1,0,7,1,3,0,2,1,1,0,0,3.0,4.0,0.0,0.0,0.0,0.0,2.0,0.0,2.0,4.0,7.0,2
22500036,UTA,MIN,80.4,79.8,"('Isaiah Collier', 'Jusuf Nurkić')",1.5333333333333332,1,0,7,1,3,0,2,1,1,0,0,3.0,4.0,0.0,0.0,0.0,0.0,2.0,0.0,2.0,4.0,7.0,2
22500036,UTA,MIN,80.4,79.8,"('Isaiah Collier', 'Kyle Filipowski')",1.5333333333333332,1,0,7,1,3,0,2,1,1,0,0,3.0,4.0,0.0,0.0,0.0,0.0,2.0,0.0,2.0,4.0,7.0,2
22500036,UTA,MIN,80.4,79.8,"('Isaiah Collier', 'Svi Mykhailiuk')",1.5333333333333332,1,0,7,1,3,0,2,1,1,0,0,3.0,4.0,0.0,0.0,0.0,0.0,2.0,0.0,2.0,4.0,7.0,2
22500036,UTA,MIN,80.4,79.8,"('Jusuf Nurkić', 'Kyle Filipowski')",1.5333333333333332,1,0,7,1,3,0,2,1,1,0,0,3.0,4.0,0.0,0.0,0.0,0.0,2.0,0.0,2.0,4.0,7.0,2
22500036,UTA,MIN,80.4,79.8,"('Jusuf Nurkić', 'Svi Mykhailiuk')",1.5333333333333332,1,0,7,1,3,0,2,1,1,0,0,3.0,4.0,0.0,0.0,0.0,0.0,2.0,0.0,2.0,4.0,7.0,2
22500036,UTA,MIN,80.4,79.8,"('Kyle Filipowski', 'Svi Mykhailiuk')",1.5333333333333332,1,0,7,1,3,0,2,1,1,0,0,3.0,4.0,0.0,0.0,0.0,0.0,2.0,0.0,2.0,4.0,7.0,2
22500036,UTA,MIN,80.6,78.2,"('Brice Sensabaugh', 'Jusuf Nurkić')",3.566666666666666,2,3,2,4,4,1,0,1,3,0,4,8.440000000000001,8.0,0.0,0.0,0.0,2.0,0.0,0.0,0.0,0.0,16.44,2
22500036,UTA,MIN,80.6,78.2,"('Brice Sensabaugh', 'Keyonte George')",3.566666666666666,2,3,2,4,4,1,0,1,3,0,4,8.440000000000001,8.0,0.0,0.0,0.0,2.0,0.0,0.0,0.0,0.0,16.44,2
22500036,UTA,MIN,80.6,78.2,"('Brice Sensabaugh', 'Lauri Markkanen')",3.566666666666666,2,3,2,4,4,1,0,1,3,0,4,8.440000000000001,8.0,0.0,0.0,0.0,2.0,0.0,0.0,0.0,0.0,16.44,2
22500036,UTA,MIN,80.6,78.2,"('Brice Sensabaugh', 'Taylor Hendricks')",3.566666666666666,2,3,2,4,4,1,0,1,3,0,4,8.440000000000001,8.0,0.0,0.0,0.0,2.0,0.0,0.0,0.0,0.0,16.44,2
22500036,UTA,MIN,80.6,78.2,"('Jusuf Nurkić', 'Keyonte George')",3.566666666666666,2,3,2,4,4,1,0,1,3,0,4,8.440000000000001,8.0,0.0,0.0,0.0,2.0,0.0,0.0,0.0,0.0,16.44,2
22500036,UTA,MIN,80.6,78.2,"('Jusuf Nurkić', 'Lauri Markkanen')",3.566666666666666,2,3,2,4,4,1,0,1,3,0,4,8.440000000000001,8.0,0.0,0.0,0.0,2.0,0.0,0.0,0.0,0.0,16.44,2
22500036,UTA,MIN,80.6,78.2,"('Jusuf Nurkić', 'Taylor Hendricks')",3.566666666666666,2,3,2,4,4,1,0,1,3,0,4,8.440000000000001,8.0,0.0,0.0,0.0,2.0,0.0,0.0,0.0,0.0,16.44,2
22500036,UTA,MIN,80.6,78.2,"('Keyonte George', 'Lauri Markkanen')",3.566666666666666,2,3,2,4,4,1,0,1,3,0,4,8.440000000000001,8.0,0.0,0.0,0.0,2.0,0.0,0.0,0.0,0.0,16.44,2
22500036,UTA,MIN,80.6,78.2,"('Keyonte George', 'Taylor Hendricks')",3.566666666666666,2,3,2,4,4,1,0,1,3,0,4,8.440000000000001,8.0,0.0,0.0,0.0,2.0,0.0,0.0,0.0,0.0,16.44,2
22500036,UTA,MIN,80.6,78.2,"('Lauri Markkanen', 'Taylor Hendricks')",3.566666666666666,2,3,2,4,4,1,0,1,3,0,4,8.440000000000001,8.0,0.0,0.0,0.0,2.0,0.0,0.0,0.0,0.0,16.44,2
22500036,UTA,MIN,79.8,79.8,"('Isaiah Collier', 'Jusuf Nurkić')",4.316666666666666,1,6,19,1,5,2,5,2,1,2,1,11.44,11.0,3.0,0.0,0.0,2.0,4.0,0.0,3.0,8.0,22.44,2
22500036,UTA,MIN,79.8,79.8,"('Isaiah Collier', 'Keyonte George')",4.316666666666666,1,6,19,1,5,2,5,2,1,2,1,11.44,11.0,3.0,0.0,0.0,2.0,4.0,0.0,3.0,8.0,22.44,2
22500036,UTA,MIN,79.8,79.8,"('Isaiah Collier', 'Lauri Markkanen')",4.316666666666666,1,6,19,1,5,2,5,2,1,2,1,11.44,11.0,3.0,0.0,0.0,2.0,4.0,0.0,3.0,8.0,22.44,2
22500036,UTA,MIN,79.8,79.8,"('Isaiah Collier', 'Svi Mykhailiuk')",4.316666666666666,1,6,19,1,5,2,5,2,1,2,1,11.44,11.0,3.0,0.0,0.0,2.0,4.0,0.0,3.0,8.0,22.44,2
22500036,UTA,MIN,79.8,79.8,"('Jusuf Nurkić', 'Keyonte George')",4.316666666666666,1,6,19,1,5,2,5,2,1,2,1,11.44,11.0,3.0,0.0,0.0,2.0,4.0,0.0,3.0,8.0,22.44,2
22500036,UTA,MIN,79.8,79.8,"('Jusuf Nurkić', 'Lauri Markkanen')",4.316666666666666,1,6,19,1,5,2,5,2,1,2,1,11.44,11.0,3.0,0.0,0.0,2.0,4.0,0.0,3.0,8.0,22.44,2
22500036,UTA,MIN,79.8,79.8,"('Jusuf Nurkić', 'Svi Mykhailiuk')",4.316666666666666,1,6,19,1,5,2,5,2,1,2,1,11.44,11.0,3.0,0.0,0.0,2.0,4.0,0.0,3.0,8.0,22.44,2
22500036,UTA,MIN,79.8,79.8,"('Keyonte George', 'Lauri Markkanen')",4.316666666666666,1,6,19,1,5,2,5,2,1,2,1,11.44,11.0,3.0,0.0,0.0,2.0,4.0,0.0,3.0,8.0,22.44,2
22500036,UTA,MIN,79.8,79.8,"('Keyonte George', 'Svi Mykhailiuk')",4.316666666666666,1,6,19,1,5,2,5,2,1,2,1,11.44,11.0,3.0,0.0,0.0,2.0,4.0,0.0,3.0,8.0,22.44,2
22500036,UTA,MIN,79.8,79.8,"('Lauri Markkanen', 'Svi Mykhailiuk')",4.316666666666666,1,6,19,1,5,2,5,2,1,2,1,11.44,11.0,3.0,0.0,0.0,2.0,4.0,0.0,3.0,8.0,22.44,2
22500036,UTA,MIN,79.4,78.2,"('Brice Sensabaugh', 'Jusuf Nurkić')",2.316666666666666,2,10,8,1,3,2,2,2,2,2,1,6.44,5.88,0.0,2.0,0.0,4.0,3.0,0.0,3.0,0.0,12.32,2
22500036,UTA,MIN,79.4,78.2,"('Brice Sensabaugh', 'Keyonte George')",2.316666666666666,2,10,8,1,3,2,2,2,2,2,1,6.44,5.88,0.0,2.0,0.0,4.0,3.0,0.0,3.0,0.0,12.32,2
22500036,UTA,MIN,79.4,78.2,"('Brice Sensabaugh', 'Svi Mykhailiuk')",2.316666666666666,2,10,8,1,3,2,2,2,2,2,1,6.44,5.88,0.0,2.0,0.0,4.0,3.0,0.0,3.0,0.0,12.32,2
22500036,UTA,MIN,79.4,78.2,"('Brice Sensabaugh', 'Taylor Hendricks')",2.316666666666666,2,10,8,1,3,2,2,2,2,2,1,6.44,5.88,0.0,2.0,0.0,4.0,3.0,0.0,3.0,0.0,12.32,2
22500036,UTA,MIN,79.4,78.2,"('Jusuf Nurkić', 'Keyonte George')",2.316666666666666,2,10,8,1,3,2,2,2,2,2,1,6.44,5.88,0.0,2.0,0.0,4.0,3.0,0.0,3.0,0.0,12.32,2
22500036,UTA,MIN,79.4,78.2,"('Jusuf Nurkić', 'Svi Mykhailiuk')",2.316666666666666,2,10,8,1,3,2,2,2,2,2,1,6.44,5.88,0.0,2.0,0.0,4.0,3.0,0.0,3.0,0.0,12.32,2
22500036,UTA,MIN,79.4,78.2,"('Jusuf Nurkić', 'Taylor Hendricks')",2.316666666666666,2,10,8,1,3,2,2,2,2,2,1,6.44,5.88,0.0,2.0,0.0,4.0,3.0,0.0,3.0,0.0,12.32,2
22500036,UTA,MIN,79.4,78.2,"('Keyonte George', 'Svi Mykhailiuk')",2.316666666666666,2,10,8,1,3,2,2,2,2,2,1,6.44,5.88,0.0,2.0,0.0,4.0,3.0,0.0,3.0,0.0,12.32,2
22500036,UTA,MIN,79.4,78.2,"('Keyonte George', 'Taylor Hendricks')",2.316666666666666,2,10,8,1,3,2,2,2,2,2,1,6.44,5.88,0.0,2.0,0.0,4.0,3.0,0.0,3.0,0.0,12.32,2
22500036,UTA,MIN,79.4,78.2,"('Svi Mykhailiuk', 'Taylor Hendricks')",2.316666666666666,2,10,8,1,3,2,2,2,2,2,1,6.44,5.88,0.0,2.0,0.0,4.0,3.0,0.0,3.0,0.0,12.32,2
22500036,UTA,MIN,79.6,79.2,"('Ace Bailey', 'Isaiah Collier')",3.333333333333333,2,12,17,2,2,2,6,2,0,1,2,8.76,7.88,0.0,0.0,0.0,2.0,4.0,4.0,0.0,6.0,16.64,2
22500036,UTA,MIN,79.6,79.2,"('Ace Bailey', 'Kevin Love')",3.333333333333333,2,12,17,2,2,2,6,2,0,1,2,8.76,7.88,0.0,0.0,0.0,2.0,4.0,4.0,0.0,6.0,16.64,2
22500036,UTA,MIN,79.6,79.2,"('Ace Bailey', 'Keyonte George')",3.333333333333333,2,12,17,2,2,2,6,2,0,1,2,8.76,7.88,0.0,0.0,0.0,2.0,4.0,4.0,0.0,6.0,16.64,2
22500036,UTA,MIN,79.6,79.2,"('Ace Bailey', 'Kyle Filipowski')",3.333333333333333,2,12,17,2,2,2,6,2,0,1,2,8.76,7.88,0.0,0.0,0.0,2.0,4.0,4.0,0.0,6.0,16.64,2
22500036,UTA,MIN,79.6,79.2,"('Isaiah Collier', 'Kevin Love')",3.333333333333333,2,12,17,2,2,2,6,2,0,1,2,8.76,7.88,0.0,0.0,0.0,2.0,4.0,4.0,0.0,6.0,16.64,2
22500036,UTA,MIN,79.6,79.2,"('Isaiah Collier', 'Keyonte George')",3.333333333333333,2,12,17,2,2,2,6,2,0,1,2,8.76,7.88,0.0,0.0,0.0,2.0,4.0,4.0,0.0,6.0,16.64,2
22500036,UTA,MIN,79.6,79.2,"('Isaiah Collier', 'Kyle Filipowski')",3.333333333333333,2,12,17,2,2,2,6,2,0,1,2,8.76,7.88,0.0,0.0,0.0,2.0,4.0,4.0,0.0,6.0,16.64,2
22500036,UTA,MIN,79.6,79.2,"('Kevin Love', 'Keyonte George')",3.333333333333333,2,12,17,2,2,2,6,2,0,1,2,8.76,7.88,0.0,0.0,0.0,2.0,4.0,4.0,0.0,6.0,16.64,2
22500036,UTA,MIN,79.6,79.2,"('Kevin Love', 'Kyle Filipowski')",3.333333333333333,2,12,17,2,2,2,6,2,0,1,2,8.76,7.88,0.0,0.0,0.0,2.0,4.0,4.0,0.0,6.0,16.64,2
22500036,UTA,MIN,79.6,79.2,"('Keyonte George', 'Kyle Filipowski')",3.333333333333333,2,12,17,2,2,2,6,2,0,1,2,8.76,7.88,0.0,0.0,0.0,2.0,4.0,4.0,0.0,6.0,16.64,2
22500036,UTA,MIN,79.8,78.2,"('Isaiah Collier', 'Jusuf Nurkić')",0.75,2,4,2,0,0,2,1,0,0,0,1,2.0,1.0,0.0,0.0,0.0,0.0,0.0,0.0,0.0,2.0,3.0,2
22500036,UTA,MIN,79.8,78.2,"('Isaiah Collier', 'Keyonte George')",0.75,2,4,2,0,0,2,1,0,0,0,1,2.0,1.0,0.0,0.0,0.0,0.0,0.0,0.0,0.0,2.0,3.0,2
22500036,UTA,MIN,79.8,78.2,"('Isaiah Collier', 'Lauri Markkanen')",0.75,2,4,2,0,0,2,1,0,0,0,1,2.0,1.0,0.0,0.0,0.0,0.0,0.0,0.0,0.0,2.0,3.0,2
22500036,UTA,MIN,79.8,78.2,"('Isaiah Collier', 'Svi Mykhailiuk')",0.75,2,4,2,0,0,2,1,0,0,0,1,2.0,1.0,0.0,0.0,0.0,0.0,0.0,0.0,0.0,2.0,3.0,2
22500036,UTA,MIN,79.8,78.2,"('Jusuf Nurkić', 'Keyonte George')",0.75,2,4,2,0,0,2,1,0,0,0,1,2.0,1.0,0.0,0.0,0.0,0.0,0.0,0.0,0.0,2.0,3.0,2
22500036,UTA,MIN,79.8,78.2,"('Jusuf Nurkić', 'Lauri Markkanen')",0.75,2,4,2,0,0,2,1,0,0,0,1,2.0,1.0,0.0,0.0,0.0,0.0,0.0,0.0,0.0,2.0,3.0,2
22500036,UTA,MIN,79.8,78.2,"('Jusuf Nurkić', 'Svi Mykhailiuk')",0.75,2,4,2,0,0,2,1,0,0,0,1,2.0,1.0,0.0,0.0,0.0,0.0,0.0,0.0,0.0,2.0,3.0,2
22500036,UTA,MIN,79.8,78.2,"('Keyonte George', 'Lauri Markkanen')",0.75,2,4,2,0,0,2,1,0,0,0,1,2.0,1.0,0.0,0.0,0.0,0.0,0.0,0.0,0.0,2.0,3.0,2
22500036,UTA,MIN,79.8,78.2,"('Keyonte George', 'Svi Mykhailiuk')",0.75,2,4,2,0,0,2,1,0,0,0,1,2.0,1.0,0.0,0.0,0.0,0.0,0.0,0.0,0.0,2.0,3.0,2
22500036,UTA,MIN,79.8,78.2,"('Lauri Markkanen', 'Svi Mykhailiuk')",0.75,2,4,2,0,0,2,1,0,0,0,1,2.0,1.0,0.0,0.0,0.0,0.0,0.0,0.0,0.0,2.0,3.0,2
22500036,UTA,MIN,79.8,78.4,"('Isaiah Collier', 'Keyonte George')",1.9166666666666667,2,1,7,1,4,0,2,1,1,0,1,5.44,5.0,0.0,0.0,0.0,0.0,2.0,2.0,2.0,4.0,10.44,2
22500036,UTA,MIN,79.8,78.4,"('Isaiah Collier', 'Kyle Filipowski')",1.9166666666666667,2,1,7,1,4,0,2,1,1,0,1,5.44,5.0,0.0,0.0,0.0,0.0,2.0,2.0,2.0,4.0,10.44,2
22500036,UTA,MIN,79.8,78.4,"('Isaiah Collier', 'Lauri Markkanen')",1.9166666666666667,2,1,7,1,4,0,2,1,1,0,1,5.44,5.0,0.0,0.0,0.0,0.0,2.0,2.0,2.0,4.0,10.44,2
22500036,UTA,MIN,79.8,78.4,"('Isaiah Collier', 'Svi Mykhailiuk')",1.9166666666666667,2,1,7,1,4,0,2,1,1,0,1,5.44,5.0,0.0,0.0,0.0,0.0,2.0,2.0,2.0,4.0,10.44,2
22500036,UTA,MIN,79.8,78.4,"('Keyonte George', 'Kyle Filipowski')",1.9166666666666667,2,1,7,1,4,0,2,1,1,0,1,5.44,5.0,0.0,0.0,0.0,0.0,2.0,2.0,2.0,4.0,10.44,2
22500036,UTA,MIN,79.8,78.4,"('Keyonte George', 'Lauri Markkanen')",1.9166666666666667,2,1,7,1,4,0,2,1,1,0,1,5.44,5.0,0.0,0.0,0.0,0.0,2.0,2.0,2.0,4.0,10.44,2
22500036,UTA,MIN,79.8,78.4,"('Keyonte George', 'Svi Mykhailiuk')",1.9166666666666667,2,1,7,1,4,0,2,1,1,0,1,5.44,5.0,0.0,0.0,0.0,0.0,2.0,2.0,2.0,4.0,10.44,2
22500036,UTA,MIN,79.8,78.4,"('Kyle Filipowski', 'Lauri Markkanen')",1.9166666666666667,2,1,7,1,4,0,2,1,1,0,1,5.44,5.0,0.0,0.0,0.0,0.0,2.0,2.0,2.0,4.0,10.44,2
22500036,UTA,MIN,79.8,78.4,"('Kyle Filipowski', 'Svi Mykhailiuk')",1.9166666666666667,2,1,7,1,4,0,2,1,1,0,1,5.44,5.0,0.0,0.0,0.0,0.0,2.0,2.0,2.0,4.0,10.44,2
22500036,UTA,MIN,79.8,78.4,"('Lauri Markkanen', 'Svi Mykhailiuk')",1.9166666666666667,2,1,7,1,4,0,2,1,1,0,1,5.44,5.0,0.0,0.0,0.0,0.0,2.0,2.0,2.0,4.0,10.44,2
22500036,UTA,MIN,80.4,79.0,"('Ace Bailey', 'Jusuf Nurkić')",0.9,3,1,0,1,2,0,0,0,0,0,1,2.44,2.0,0.0,0.0,0.0,0.0,0.0,0.0,0.0,0.0,4.44,2
22500036,UTA,MIN,80.4,79.0,"('Ace Bailey', 'Keyonte George')",0.9,3,1,0,1,2,0,0,0,0,0,1,2.44,2.0,0.0,0.0,0.0,0.0,0.0,0.0,0.0,0.0,4.44,2
22500036,UTA,MIN,80.4,79.0,"('Ace Bailey', 'Kyle Filipowski')",0.9,3,1,0,1,2,0,0,0,0,0,1,2.44,2.0,0.0,0.0,0.0,0.0,0.0,0.0,0.0,0.0,4.44,2
22500036,UTA,MIN,80.4,79.0,"('Ace Bailey', 'Svi Mykhailiuk')",0.9,3,1,0,1,2,0,0,0,0,0,1,2.44,2.0,0.0,0.0,0.0,0.0,0.0,0.0,0.0,0.0,4.44,2
22500036,UTA,MIN,80.4,79.0,"('Jusuf Nurkić', 'Keyonte George')",0.9,3,1,0,1,2,0,0,0,0,0,1,2.44,2.0,0.0,0.0,0.0,0.0,0.0,0.0,0.0,0.0,4.44,2
22500036,UTA,MIN,80.4,79.0,"('Jusuf Nurkić', 'Kyle Filipowski')",0.9,3,1,0,1,2,0,0,0,0,0,1,2.44,2.0,0.0,0.0,0.0,0.0,0.0,0.0,0.0,0.0,4.44,2
22500036,UTA,MIN,80.4,79.0,"('Jusuf Nurkić', 'Svi Mykhailiuk')",0.9,3,1,0,1,2,0,0,0,0,0,1,2.44,2.0,0.0,0.0,0.0,0.0,0.0,0.0,0.0,0.0,4.44,2
22500036,UTA,MIN,80.4,79.0,"('Keyonte George', 'Kyle Filipowski')",0.9,3,1,0,1,2,0,0,0,0,0,1,2.44,2.0,0.0,0.0,0.0,0.0,0.0,0.0,0.0,0.0,4.44,2
22500036,UTA,MIN,80.4,79.0,"('Keyonte George', 'Svi Mykhailiuk')",0.9,3,1,0,1,2,0,0,0,0,0,1,2.44,2.0,0.0,0.0,0.0,0.0,0.0,0.0,0.0,0.0,4.44,2
22500036,UTA,MIN,80.4,79.0,"('Kyle Filipowski', 'Svi Mykhailiuk')",0.9,3,1,0,1,2,0,0,0,0,0,1,2.44,2.0,0.0,0.0,0.0,0.0,0.0,0.0,0.0,0.0,4.44,2
22500036,UTA,MIN,79.8,79.8,"('Isaiah Collier', 'Jusuf Nurkić')",5.133333333333331,3,9,15,3,6,3,3,2,2,2,2,9.88,11.32,5.0,3.0,0.0,4.0,2.0,0.0,0.0,6.0,21.200000000000003,2
22500036,UTA,MIN,79.8,79.8,"('Isaiah Collier', 'Keyonte George')",5.133333333333331,3,9,15,3,6,3,3,2,2,2,2,9.88,11.32,5.0,3.0,0.0,4.0,2.0,0.0,0.0,6.0,21.200000000000003,2
22500036,UTA,MIN,79.8,79.8,"('Isaiah Collier', 'Lauri Markkanen')",5.133333333333331,3,9,15,3,6,3,3,2,2,2,2,9.88,11.32,5.0,3.0,0.0,4.0,2.0,0.0,0.0,6.0,21.200000000000003,2
22500036,UTA,MIN,79.8,79.8,"('Isaiah Collier', 'Svi Mykhailiuk')",5.133333333333331,3,9,15,3,6,3,3,2,2,2,2,9.88,11.32,5.0,3.0,0.0,4.0,2.0,0.0,0.0,6.0,21.200000000000003,2
22500036,UTA,MIN,79.8,79.8,"('Jusuf Nurkić', 'Keyonte George')",5.133333333333331,3,9,15,3,6,3,3,2,2,2,2,9.88,11.32,5.0,3.0,0.0,4.0,2.0,0.0,0.0,6.0,21.200000000000003,2
22500036,UTA,MIN,79.8,79.8,"('Jusuf Nurkić', 'Lauri Markkanen')",5.133333333333331,3,9,15,3,6,3,3,2,2,2,2,9.88,11.32,5.0,3.0,0.0,4.0,2.0,0.0,0.0,6.0,21.200000000000003,2
22500036,UTA,MIN,79.8,79.8,"('Jusuf Nurkić', 'Svi Mykhailiuk')",5.133333333333331,3,9,15,3,6,3,3,2,2,2,2,9.88,11.32,5.0,3.0,0.0,4.0,2.0,0.0,0.0,6.0,21.200000000000003,2
22500036,UTA,MIN,79.8,79.8,"('Keyonte George', 'Lauri Markkanen')",5.133333333333331,3,9,15,3,6,3,3,2,2,2,2,9.88,11.32,5.0,3.0,0.0,4.0,2.0,0.0,0.0,6.0,21.200000000000003,2
22500036,UTA,MIN,79.8,79.8,"('Keyonte George', 'Svi Mykhailiuk')",5.133333333333331,3,9,15,3,6,3,3,2,2,2,2,9.88,11.32,5.0,3.0,0.0,4.0,2.0,0.0,0.0,6.0,21.200000000000003,2
22500036,UTA,MIN,79.8,79.8,"('Lauri Markkanen', 'Svi Mykhailiuk')",5.133333333333331,3,9,15,3,6,3,3,2,2,2,2,9.88,11.32,5.0,3.0,0.0,4.0,2.0,0.0,0.0,6.0,21.200000000000003,2
22500036,UTA,MIN,79.8,78.6,"('Ace Bailey', 'Brice Sensabaugh')",2.4866666666666672,3,5,7,4,1,2,0,1,1,2,0,5.0,6.32,0.0,0.0,0.0,2.0,0.0,0.0,0.0,4.0,11.32,2
22500036,UTA,MIN,79.8,78.6,"('Ace Bailey', 'Kyle Filipowski')",2.4866666666666672,3,5,7,4,1,2,0,1,1,2,0,5.0,6.32,0.0,0.0,0.0,2.0,0.0,0.0,0.0,4.0,11.32,2
22500036,UTA,MIN,79.8,78.6,"('Ace Bailey', 'Taylor Hendricks')",2.4866666666666672,3,5,7,4,1,2,0,1,1,2,0,5.0,6.32,0.0,0.0,0.0,2.0,0.0,0.0,0.0,4.0,11.32,2
22500036,UTA,MIN,79.8,78.6,"('Ace Bailey', 'Walter Clayton Jr.')",2.4866666666666672,3,5,7,4,1,2,0,1,1,2,0,5.0,6.32,0.0,0.0,0.0,2.0,0.0,0.0,0.0,4.0,11.32,2
22500036,UTA,MIN,79.8,78.6,"('Brice Sensabaugh', 'Kyle Filipowski')",2.4866666666666672,3,5,7,4,1,2,0,1,1,2,0,5.0,6.32,0.0,0.0,0.0,2.0,0.0,0.0,0.0,4.0,11.32,2
22500036,UTA,MIN,79.8,78.6,"('Brice Sensabaugh', 'Taylor Hendricks')",2.4866666666666672,3,5,7,4,1,2,0,1,1,2,0,5.0,6.32,0.0,0.0,0.0,2.0,0.0,0.0,0.0,4.0,11.32,2
22500036,UTA,MIN,79.8,78.6,"('Brice Sensabaugh', 'Walter Clayton Jr.')",2.4866666666666672,3,5,7,4,1,2,0,1,1,2,0,5.0,6.32,0.0,0.0,0.0,2.0,0.0,0.0,0.0,4.0,11.32,2
22500036,UTA,MIN,79.8,78.6,"('Kyle Filipowski', 'Taylor Hendricks')",2.4866666666666672,3,5,7,4,1,2,0,1,1,2,0,5.0,6.32,0.0,0.0,0.0,2.0,0.0,0.0,0.0,4.0,11.32,2
22500036,UTA,MIN,79.8,78.6,"('Kyle Filipowski', 'Walter Clayton Jr.')",2.4866666666666672,3,5,7,4,1,2,0,1,1,2,0,5.0,6.32,0.0,0.0,0.0,2.0,0.0,0.0,0.0,4.0,11.32,2
22500036,UTA,MIN,79.8,78.6,"('Taylor Hendricks', 'Walter Clayton Jr.')",2.4866666666666672,3,5,7,4,1,2,0,1,1,2,0,5.0,6.32,0.0,0.0,0.0,2.0,0.0,0.0,0.0,4.0,11.32,2
22500036,UTA,MIN,79.8,78.6,"('Ace Bailey', 'Brice Sensabaugh')",3.0166666666666657,3,7,3,7,3,3,0,2,3,1,1,8.0,8.440000000000001,0.0,4.0,2.0,2.0,0.0,0.0,0.0,0.0,16.44,2
22500036,UTA,MIN,79.8,78.6,"('Ace Bailey', 'Keyonte George')",3.0166666666666657,3,7,3,7,3,3,0,2,3,1,1,8.0,8.440000000000001,0.0,4.0,2.0,2.0,0.0,0.0,0.0,0.0,16.44,2
22500036,UTA,MIN,79.8,78.6,"('Ace Bailey', 'Kyle Filipowski')",3.0166666666666657,3,7,3,7,3,3,0,2,3,1,1,8.0,8.440000000000001,0.0,4.0,2.0,2.0,0.0,0.0,0.0,0.0,16.44,2
22500036,UTA,MIN,79.8,78.6,"('Ace Bailey', 'Taylor Hendricks')",3.0166666666666657,3,7,3,7,3,3,0,2,3,1,1,8.0,8.440000000000001,0.0,4.0,2.0,2.0,0.0,0.0,0.0,0.0,16.44,2
22500036,UTA,MIN,79.8,78.6,"('Brice Sensabaugh', 'Keyonte George')",3.0166666666666657,3,7,3,7,3,3,0,2,3,1,1,8.0,8.440000000000001,0.0,4.0,2.0,2.0,0.0,0.0,0.0,0.0,16.44,2
22500036,UTA,MIN,79.8,78.6,"('Brice Sensabaugh', 'Kyle Filipowski')",3.0166666666666657,3,7,3,7,3,3,0,2,3,1,1,8.0,8.440000000000001,0.0,4.0,2.0,2.0,0.0,0.0,0.0,0.0,16.44,2
22500036,UTA,MIN,79.8,78.6,"('Brice Sensabaugh', 'Taylor Hendricks')",3.0166666666666657,3,7,3,7,3,3,0,2,3,1,1,8.0,8.440000000000001,0.0,4.0,2.0,2.0,0.0,0.0,0.0,0.0,16.44,2
22500036,UTA,MIN,79.8,78.6,"('Keyonte George', 'Kyle Filipowski')",3.0166666666666657,3,7,3,7,3,3,0,2,3,1,1,8.0,8.440000000000001,0.0,4.0,2.0,2.0,0.0,0.0,0.0,0.0,16.44,2
22500036,UTA,MIN,79.8,78.6,"('Keyonte George', 'Taylor Hendricks')",3.0166666666666657,3,7,3,7,3,3,0,2,3,1,1,8.0,8.440000000000001,0.0,4.0,2.0,2.0,0.0,0.0,0.0,0.0,16.44,2
22500036,UTA,MIN,79.8,78.6,"('Kyle Filipowski', 'Taylor Hendricks')",3.0166666666666657,3,7,3,7,3,3,0,2,3,1,1,8.0,8.440000000000001,0.0,4.0,2.0,2.0,0.0,0.0,0.0,0.0,16.44,2
22500036,UTA,MIN,78.4,79.6,"('Ace Bailey', 'Cody Williams')",3.8600000000000008,4,12,13,2,6,4,3,0,3,3,2,11.44,10.76,0.0,3.0,0.0,8.0,0.0,5.0,0.0,6.0,22.2,2
22500036,UTA,MIN,78.4,79.6,"('Ace Bailey', 'Elijah Harkless')",3.8600000000000008,4,12,13,2,6,4,3,0,3,3,2,11.44,10.76,0.0,3.0,0.0,8.0,0.0,5.0,0.0,6.0,22.2,2
22500036,UTA,MIN,78.4,79.6,"('Ace Bailey', 'Isaiah Collier')",3.8600000000000008,4,12,13,2,6,4,3,0,3,3,2,11.44,10.76,0.0,3.0,0.0,8.0,0.0,5.0,0.0,6.0,22.2,2
22500036,UTA,MIN,78.4,79.6,"('Ace Bailey', 'Kyle Anderson')",3.8600000000000008,4,12,13,2,6,4,3,0,3,3,2,11.44,10.76,0.0,3.0,0.0,8.0,0.0,5.0,0.0,6.0,22.2,2
22500036,UTA,MIN,78.4,79.6,"('Cody Williams', 'Elijah Harkless')",3.8600000000000008,4,12,13,2,6,4,3,0,3,3,2,11.44,10.76,0.0,3.0,0.0,8.0,0.0,5.0,0.0,6.0,22.2,2
22500036,UTA,MIN,78.4,79.6,"('Cody Williams', 'Isaiah Collier')",3.8600000000000008,4,12,13,2,6,4,3,0,3,3,2,11.44,10.76,0.0,3.0,0.0,8.0,0.0,5.0,0.0,6.0,22.2,2
22500036,UTA,MIN,78.4,79.6,"('Cody Williams', 'Kyle Anderson')",3.8600000000000008,4,12,13,2,6,4,3,0,3,3,2,11.44,10.76,0.0,3.0,0.0,8.0,0.0,5.0,0.0,6.0,22.2,2
22500036,UTA,MIN,78.4,79.6,"('Elijah Harkless', 'Isaiah Collier')",3.8600000000000008,4,12,13,2,6,4,3,0,3,3,2,11.44,10.76,0.0,3.0,0.0,8.0,0.0,5.0,0.0,6.0,22.2,2
22500036,UTA,MIN,78.4,79.6,"('Elijah Harkless', 'Kyle Anderson')",3.8600000000000008,4,12,13,2,6,4,3,0,3,3,2,11.44,10.76,0.0,3.0,0.0,8.0,0.0,5.0,0.0,6.0,22.2,2
22500036,UTA,MIN,78.4,79.6,"('Isaiah Collier', 'Kyle Anderson')",3.8600000000000008,4,12,13,2,6,4,3,0,3,3,2,11.44,10.76,0.0,3.0,0.0,8.0,0.0,5.0,0.0,6.0,22.2,2
22500036,UTA,MIN,79.0,79.6,"('Ace Bailey', 'Elijah Harkless')",2.333333333333333,4,7,7,2,1,2,2,0,2,1,3,5.32,6.0,0.0,2.0,0.0,4.0,0.0,0.0,0.0,4.0,11.32,2
22500036,UTA,MIN,79.0,79.6,"('Ace Bailey', 'Isaiah Collier')",2.333333333333333,4,7,7,2,1,2,2,0,2,1,3,5.32,6.0,0.0,2.0,0.0,4.0,0.0,0.0,0.0,4.0,11.32,2
22500036,UTA,MIN,79.0,79.6,"('Ace Bailey', 'Kyle Anderson')",2.333333333333333,4,7,7,2,1,2,2,0,2,1,3,5.32,6.0,0.0,2.0,0.0,4.0,0.0,0.0,0.0,4.0,11.32,2
22500036,UTA,MIN,79.0,79.6,"('Ace Bailey', 'Kyle Filipowski')",2.333333333333333,4,7,7,2,1,2,2,0,2,1,3,5.32,6.0,0.0,2.0,0.0,4.0,0.0,0.0,0.0,4.0,11.32,2
22500036,UTA,MIN,79.0,79.6,"('Elijah Harkless', 'Isaiah Collier')",2.333333333333333,4,7,7,2,1,2,2,0,2,1,3,5.32,6.0,0.0,2.0,0.0,4.0,0.0,0.0,0.0,4.0,11.32,2
22500036,UTA,MIN,79.0,79.6,"('Elijah Harkless', 'Kyle Anderson')",2.333333333333333,4,7,7,2,1,2,2,0,2,1,3,5.32,6.0,0.0,2.0,0.0,4.0,0.0,0.0,0.0,4.0,11.32,2
22500036,UTA,MIN,79.0,79.6,"('Elijah Harkless', 'Kyle Filipowski')",2.333333333333333,4,7,7,2,1,2,2,0,2,1,3,5.32,6.0,0.0,2.0,0.0,4.0,0.0,0.0,0.0,4.0,11.32,2
22500036,UTA,MIN,79.0,79.6,"('Isaiah Collier', 'Kyle Anderson')",2.333333333333333,4,7,7,2,1,2,2,0,2,1,3,5.32,6.0,0.0,2.0,0.0,4.0,0.0,0.0,0.0,4.0,11.32,2
22500036,UTA,MIN,79.0,79.6,"('Isaiah Collier', 'Kyle Filipowski')",2.333333333333333,4,7,7,2,1,2,2,0,2,1,3,5.32,6.0,0.0,2.0,0.0,4.0,0.0,0.0,0.0,4.0,11.32,2
22500036,UTA,MIN,79.0,79.6,"('Kyle Anderson', 'Kyle Filipowski')",2.333333333333333,4,7,7,2,1,2,2,0,2,1,3,5.32,6.0,0.0,2.0,0.0,4.0,0.0,0.0,0.0,4.0,11.32,2
22500036,UTA,MIN,79.0,78.6,"('Brice Sensabaugh', 'Cody Williams')",5.4,4,11,13,6,4,2,2,1,1,4,1,10.44,12.0,4.0,2.0,2.0,8.0,2.0,0.0,3.0,10.0,22.44,2
22500036,UTA,MIN,79.0,78.6,"('Brice Sensabaugh', 'Kyle Anderson')",5.4,4,11,13,6,4,2,2,1,1,4,1,10.44,12.0,4.0,2.0,2.0,8.0,2.0,0.0,3.0,10.0,22.44,2
22500036,UTA,MIN,79.0,78.6,"('Brice Sensabaugh', 'Taylor Hendricks')",5.4,4,11,13,6,4,2,2,1,1,4,1,10.44,12.0,4.0,2.0,2.0,8.0,2.0,0.0,3.0,10.0,22.44,2
22500036,UTA,MIN,79.0,78.6,"('Brice Sensabaugh', 'Walter Clayton Jr.')",5.4,4,11,13,6,4,2,2,1,1,4,1,10.44,12.0,4.0,2.0,2.0,8.0,2.0,0.0,3.0,10.0,22.44,2
22500036,UTA,MIN,79.0,78.6,"('Cody Williams', 'Kyle Anderson')",5.4,4,11,13,6,4,2,2,1,1,4,1,10.44,12.0,4.0,2.0,2.0,8.0,2.0,0.0,3.0,10.0,22.44,2
22500036,UTA,MIN,79.0,78.6,"('Cody Williams', 'Taylor Hendricks')",5.4,4,11,13,6,4,2,2,1,1,4,1,10.44,12.0,4.0,2.0,2.0,8.0,2.0,0.0,3.0,10.0,22.44,2
22500036,UTA,MIN,79.0,78.6,"('Cody Williams', 'Walter Clayton Jr.')",5.4,4,11,13,6,4,2,2,1,1,4,1,10.44,12.0,4.0,2.0,2.0,8.0,2.0,0.0,3.0,10.0,22.44,2
22500036,UTA,MIN,79.0,78.6,"('Kyle Anderson', 'Taylor Hendricks')",5.4,4,11,13,6,4,2,2,1,1,4,1,10.44,12.0,4.0,2.0,2.0,8.0,2.0,0.0,3.0,10.0,22.44,2
22500036,UTA,MIN,79.0,78.6,"('Kyle Anderson', 'Walter Clayton Jr.')",5.4,4,11,13,6,4,2,2,1,1,4,1,10.44,12.0,4.0,2.0,2.0,8.0,2.0,0.0,3.0,10.0,22.44,2
22500036,UTA,MIN,79.0,78.6,"('Taylor Hendricks', 'Walter Clayton Jr.')",5.4,4,11,13,6,4,2,2,1,1,4,1,10.44,12.0,4.0,2.0,2.0,8.0,2.0,0.0,3.0,10.0,22.44,2
22500036,UTA,MIN,80.6,78.0,"('Ace Bailey', 'Brice Sensabaugh')",3.381666666666667,1,6,14,3,4,2,3,2,0,2,2,7.88,7.76,0.0,0.0,0.0,4.0,2.0,2.0,2.0,4.0,15.64,2
22500036,UTA,MIN,80.6,78.0,"('Ace Bailey', 'Kyle Filipowski')",3.381666666666667,1,6,14,3,4,2,3,2,0,2,2,7.88,7.76,0.0,0.0,0.0,4.0,2.0,2.0,2.0,4.0,15.64,2
22500036,UTA,MIN,80.6,78.0,"('Ace Bailey', 'Lauri Markkanen')",3.381666666666667,1,6,14,3,4,2,3,2,0,2,2,7.88,7.76,0.0,0.0,0.0,4.0,2.0,2.0,2.0,4.0,15.64,2
22500036,UTA,MIN,80.6,78.0,"('Ace Bailey', 'Walter Clayton Jr.')",3.381666666666667,1,6,14,3,4,2,3,2,0,2,2,7.88,7.76,0.0,0.0,0.0,4.0,2.0,2.0,2.0,4.0,15.64,2
22500036,UTA,MIN,80.6,78.0,"('Brice Sensabaugh', 'Kyle Filipowski')",3.381666666666667,1,6,14,3,4,2,3,2,0,2,2,7.88,7.76,0.0,0.0,0.0,4.0,2.0,2.0,2.0,4.0,15.64,2
22500036,UTA,MIN,80.6,78.0,"('Brice Sensabaugh', 'Lauri Markkanen')",3.381666666666667,1,6,14,3,4,2,3,2,0,2,2,7.88,7.76,0.0,0.0,0.0,4.0,2.0,2.0,2.0,4.0,15.64,2
22500036,UTA,MIN,80.6,78.0,"('Brice Sensabaugh', 'Walter Clayton Jr.')",3.381666666666667,1,6,14,3,4,2,3,2,0,2,2,7.88,7.76,0.0,0.0,0.0,4.0,2.0,2.0,2.0,4.0,15.64,2
22500036,UTA,MIN,80.6,78.0,"('Kyle Filipowski', 'Lauri Markkanen')",3.381666666666667,1,6,14,3,4,2,3,2,0,2,2,7.88,7.76,0.0,0.0,0.0,4.0,2.0,2.0,2.0,4.0,15.64,2
22500036,UTA,MIN,80.6,78.0,"('Kyle Filipowski', 'Walter Clayton Jr.')",3.381666666666667,1,6,14,3,4,2,3,2,0,2,2,7.88,7.76,0.0,0.0,0.0,4.0,2.0,2.0,2.0,4.0,15.64,2
22500036,UTA,MIN,80.6,78.0,"('Lauri Markkanen', 'Walter Clayton Jr.')",3.381666666666667,1,6,14,3,4,2,3,2,0,2,2,7.88,7.76,0.0,0.0,0.0,4.0,2.0,2.0,2.0,4.0,15.64,2
22500036,UTA,MIN,80.6,78.6,"('Ace Bailey', 'Brice Sensabaugh')",1.5333333333333334,1,3,2,2,3,1,1,0,1,0,1,3.0,4.0,0.0,3.0,0.0,0.0,0.0,0.0,2.0,2.0,7.0,2
22500036,UTA,MIN,80.6,78.6,"('Ace Bailey', 'Isaiah Collier')",1.5333333333333334,1,3,2,2,3,1,1,0,1,0,1,3.0,4.0,0.0,3.0,0.0,0.0,0.0,0.0,2.0,2.0,7.0,2
22500036,UTA,MIN,80.6,78.6,"('Ace Bailey', 'Kyle Filipowski')",1.5333333333333334,1,3,2,2,3,1,1,0,1,0,1,3.0,4.0,0.0,3.0,0.0,0.0,0.0,0.0,2.0,2.0,7.0,2
22500036,UTA,MIN,80.6,78.6,"('Ace Bailey', 'Lauri Markkanen')",1.5333333333333334,1,3,2,2,3,1,1,0,1,0,1,3.0,4.0,0.0,3.0,0.0,0.0,0.0,0.0,2.0,2.0,7.0,2
22500036,UTA,MIN,80.6,78.6,"('Brice Sensabaugh', 'Isaiah Collier')",1.5333333333333334,1,3,2,2,3,1,1,0,1,0,1,3.0,4.0,0.0,3.0,0.0,0.0,0.0,0.0,2.0,2.0,7.0,2
22500036,UTA,MIN,80.6,78.6,"('Brice Sensabaugh', 'Kyle Filipowski')",1.5333333333333334,1,3,2,2,3,1,1,0,1,0,1,3.0,4.0,0.0,3.0,0.0,0.0,0.0,0.0,2.0,2.0,7.0,2
22500036,UTA,MIN,80.6,78.6,"('Brice Sensabaugh', 'Lauri Markkanen')",1.5333333333333334,1,3,2,2,3,1,1,0,1,0,1,3.0,4.0,0.0,3.0,0.0,0.0,0.0,0.0,2.0,2.0,7.0,2
22500036,UTA,MIN,80.6,78.6,"('Isaiah Collier', 'Kyle Filipowski')",1.5333333333333334,1,3,2,2,3,1,1,0,1,0,1,3.0,4.0,0.0,3.0,0.0,0.0,0.0,0.0,2.0,2.0,7.0,2
22500036,UTA,MIN,80.6,78.6,"('Isaiah Collier', 'Lauri Markkanen')",1.5333333333333334,1,3,2,2,3,1,1,0,1,0,1,3.0,4.0,0.0,3.0,0.0,0.0,0.0,0.0,2.0,2.0,7.0,2
22500036,UTA,MIN,80.6,78.6,"('Kyle Filipowski', 'Lauri Markkanen')",1.5333333333333334,1,3,2,2,3,1,1,0,1,0,1,3.0,4.0,0.0,3.0,0.0,0.0,0.0,0.0,2.0,2.0,7.0,2
22500036,UTA,MIN,79.4,78.4,"('Ace Bailey', 'Brice Sensabaugh')",0.7833333333333333,1,0,1,0,1,0,0,0,0,2,0,1.0,0.44,0.0,0.0,0.0,0.0,0.0,0.0,0.0,0.0,1.44,2
22500036,UTA,MIN,79.4,78.4,"('Ace Bailey', 'Isaiah Collier')",0.7833333333333333,1,0,1,0,1,0,0,0,0,2,0,1.0,0.44,0.0,0.0,0.0,0.0,0.0,0.0,0.0,0.0,1.44,2
22500036,UTA,MIN,79.4,78.4,"('Ace Bailey', 'Kyle Filipowski')",0.7833333333333333,1,0,1,0,1,0,0,0,0,2,0,1.0,0.44,0.0,0.0,0.0,0.0,0.0,0.0,0.0,0.0,1.44,2
22500036,UTA,MIN,79.4,78.4,"('Ace Bailey', 'Svi Mykhailiuk')",0.7833333333333333,1,0,1,0,1,0,0,0,0,2,0,1.0,0.44,0.0,0.0,0.0,0.0,0.0,0.0,0.0,0.0,1.44,2
22500036,UTA,MIN,79.4,78.4,"('Brice Sensabaugh', 'Isaiah Collier')",0.7833333333333333,1,0,1,0,1,0,0,0,0,2,0,1.0,0.44,0.0,0.0,0.0,0.0,0.0,0.0,0.0,0.0,1.44,2
22500036,UTA,MIN,79.4,78.4,"('Brice Sensabaugh', 'Kyle Filipowski')",0.7833333333333333,1,0,1,0,1,0,0,0,0,2,0,1.0,0.44,0.0,0.0,0.0,0.0,0.0,0.0,0.0,0.0,1.44,2
22500036,UTA,MIN,79.4,78.4,"('Brice Sensabaugh', 'Svi Mykhailiuk')",0.7833333333333333,1,0,1,0,1,0,0,0,0,2,0,1.0,0.44,0.0,0.0,0.0,0.0,0.0,0.0,0.0,0.0,1.44,2
22500036,UTA,MIN,79.4,78.4,"('Isaiah Collier', 'Kyle Filipowski')",0.7833333333333333,1,0,1,0,1,0,0,0,0,2,0,1.0,0.44,0.0,0.0,0.0,0.0,0.0,0.0,0.0,0.0,1.44,2
22500036,UTA,MIN,79.4,78.4,"('Isaiah Collier', 'Svi Mykhailiuk')",0.7833333333333333,1,0,1,0,1,0,0,0,0,2,0,1.0,0.44,0.0,0.0,0.0,0.0,0.0,0.0,0.0,0.0,1.44,2
22500036,UTA,MIN,79.4,78.4,"('Kyle Filipowski', 'Svi Mykhailiuk')",0.7833333333333333,1,0,1,0,1,0,0,0,0,2,0,1.0,0.44,0.0,0.0,0.0,0.0,0.0,0.0,0.0,0.0,1.44,2
22500055,UTA,OKC,80.0,77.6,"('Cody Williams', 'Isaiah Collier')",4.220000000000001,3,4,22,2,3,0,4,5,1,5,1,8.88,9.88,0.0,0.0,0.0,2.0,11.0,5.0,3.0,2.0,18.76,3
22500055,UTA,OKC,80.0,77.6,"('Cody Williams', 'Keyonte George')",4.220000000000001,3,4,22,2,3,0,4,5,1,5,1,8.88,9.88,0.0,0.0,0.0,2.0,11.0,5.0,3.0,2.0,18.76,3
22500055,UTA,OKC,80.0,77.6,"('Cody Williams', 'Kyle Filipowski')",4.220000000000001,3,4,22,2,3,0,4,5,1,5,1,8.88,9.88,0.0,0.0,0.0,2.0,11.0,5.0,3.0,2.0,18.76,3
22500055,UTA,OKC,80.0,77.6,"('Cody Williams', 'Lauri Markkanen')",4.220000000000001,3,4,22,2,3,0,4,5,1,5,1,8.88,9.88,0.0,0.0,0.0,2.0,11.0,5.0,3.0,2.0,18.76,3
22500055,UTA,OKC,80.0,77.6,"('Isaiah Collier', 'Keyonte George')",4.220000000000001,3,4,22,2,3,0,4,5,1,5,1,8.88,9.88,0.0,0.0,0.0,2.0,11.0,5.0,3.0,2.0,18.76,3
22500055,UTA,OKC,80.0,77.6,"('Isaiah Collier', 'Kyle Filipowski')",4.220000000000001,3,4,22,2,3,0,4,5,1,5,1,8.88,9.88,0.0,0.0,0.0,2.0,11.0,5.0,3.0,2.0,18.76,3
22500055,UTA,OKC,80.0,77.6,"('Isaiah Collier', 'Lauri Markkanen')",4.220000000000001,3,4,22,2,3,0,4,5,1,5,1,8.88,9.88,0.0,0.0,0.0,2.0,11.0,5.0,3.0,2.0,18.76,3
22500055,UTA,OKC,80.0,77.6,"('Keyonte George', 'Kyle Filipowski')",4.220000000000001,3,4,22,2,3,0,4,5,1,5,1,8.88,9.88,0.0,0.0,0.0,2.0,11.0,5.0,3.0,2.0,18.76,3
22500055,UTA,OKC,80.0,77.6,"('Keyonte George', 'Lauri Markkanen')",4.220000000000001,3,4,22,2,3,0,4,5,1,5,1,8.88,9.88,0.0,0.0,0.0,2.0,11.0,5.0,3.0,2.0,18.76,3
22500055,UTA,OKC,80.0,77.6,"('Kyle Filipowski', 'Lauri Markkanen')",4.220000000000001,3,4,22,2,3,0,4,5,1,5,1,8.88,9.88,0.0,0.0,0.0,2.0,11.0,5.0,3.0,2.0,18.76,3
22500055,UTA,OKC,80.8,79.6,"('Ace Bailey', 'Jusuf Nurkić')",5.200000000000001,3,16,12,5,2,4,3,2,1,0,3,10.32,10.0,0.0,3.0,0.0,2.0,0.0,0.0,0.0,4.0,20.32,3
22500055,UTA,OKC,80.8,79.6,"('Ace Bailey', 'Keyonte George')",5.200000000000001,3,16,12,5,2,4,3,2,1,0,3,10.32,10.0,0.0,3.0,0.0,2.0,0.0,0.0,0.0,4.0,20.32,3
22500055,UTA,OKC,80.8,79.6,"('Ace Bailey', 'Lauri Markkanen')",5.200000000000001,3,16,12,5,2,4,3,2,1,0,3,10.32,10.0,0.0,3.0,0.0,2.0,0.0,0.0,0.0,4.0,20.32,3
22500055,UTA,OKC,80.8,79.6,"('Ace Bailey', 'Svi Mykhailiuk')",5.200000000000001,3,16,12,5,2,4,3,2,1,0,3,10.32,10.0,0.0,3.0,0.0,2.0,0.0,0.0,0.0,4.0,20.32,3
22500055,UTA,OKC,80.8,79.6,"('Jusuf Nurkić', 'Keyonte George')",5.200000000000001,3,16,12,5,2,4,3,2,1,0,3,10.32,10.0,0.0,3.0,0.0,2.0,0.0,0.0,0.0,4.0,20.32,3
22500055,UTA,OKC,80.8,79.6,"('Jusuf Nurkić', 'Lauri Markkanen')",5.200000000000001,3,16,12,5,2,4,3,2,1,0,3,10.32,10.0,0.0,3.0,0.0,2.0,0.0,0.0,0.0,4.0,20.32,3
22500055,UTA,OKC,80.8,79.6,"('Jusuf Nurkić', 'Svi Mykhailiuk')",5.200000000000001,3,16,12,5,2,4,3,2,1,0,3,10.32,10.0,0.0,3.0,0.0,2.0,0.0,0.0,0.0,4.0,20.32,3
22500055,UTA,OKC,80.8,79.6,"('Keyonte George', 'Lauri Markkanen')",5.200000000000001,3,16,12,5,2,4,3,2,1,0,3,10.32,10.0,0.0,3.0,0.0,2.0,0.0,0.0,0.0,4.0,20.32,3
22500055,UTA,OKC,80.8,79.6,"('Keyonte George', 'Svi Mykhailiuk')",5.200000000000001,3,16,12,5,2,4,3,2,1,0,3,10.32,10.0,0.0,3.0,0.0,2.0,0.0,0.0,0.0,4.0,20.32,3
22500055,UTA,OKC,80.8,79.6,"('Lauri Markkanen', 'Svi Mykhailiuk')",5.200000000000001,3,16,12,5,2,4,3,2,1,0,3,10.32,10.0,0.0,3.0,0.0,2.0,0.0,0.0,0.0,4.0,20.32,3
22500055,UTA,OKC,80.2,79.2,"('Ace Bailey', 'Brice Sensabaugh')",0.9333333333333332,2,3,6,0,1,1,2,1,0,2,0,2.0,3.44,0.0,0.0,0.0,0.0,3.0,0.0,3.0,2.0,5.44,3
22500055,UTA,OKC,80.2,79.2,"('Ace Bailey', 'Jusuf Nurkić')",0.9333333333333332,2,3,6,0,1,1,2,1,0,2,0,2.0,3.44,0.0,0.0,0.0,0.0,3.0,0.0,3.0,2.0,5.44,3
22500055,UTA,OKC,80.2,79.2,"('Ace Bailey', 'Keyonte George')",0.9333333333333332,2,3,6,0,1,1,2,1,0,2,0,2.0,3.44,0.0,0.0,0.0,0.0,3.0,0.0,3.0,2.0,5.44,3
22500055,UTA,OKC,80.2,79.2,"('Ace Bailey', 'Kyle Filipowski')",0.9333333333333332,2,3,6,0,1,1,2,1,0,2,0,2.0,3.44,0.0,0.0,0.0,0.0,3.0,0.0,3.0,2.0,5.44,3
22500055,UTA,OKC,80.2,79.2,"('Brice Sensabaugh', 'Jusuf Nurkić')",0.9333333333333332,2,3,6,0,1,1,2,1,0,2,0,2.0,3.44,0.0,0.0,0.0,0.0,3.0,0.0,3.0,2.0,5.44,3
22500055,UTA,OKC,80.2,79.2,"('Brice Sensabaugh', 'Keyonte George')",0.9333333333333332,2,3,6,0,1,1,2,1,0,2,0,2.0,3.44,0.0,0.0,0.0,0.0,3.0,0.0,3.0,2.0,5.44,3
22500055,UTA,OKC,80.2,79.2,"('Brice Sensabaugh', 'Kyle Filipowski')",0.9333333333333332,2,3,6,0,1,1,2,1,0,2,0,2.0,3.44,0.0,0.0,0.0,0.0,3.0,0.0,3.0,2.0,5.44,3
22500055,UTA,OKC,80.2,79.2,"('Jusuf Nurkić', 'Keyonte George')",0.9333333333333332,2,3,6,0,1,1,2,1,0,2,0,2.0,3.44,0.0,0.0,0.0,0.0,3.0,0.0,3.0,2.0,5.44,3
22500055,UTA,OKC,80.2,79.2,"('Jusuf Nurkić', 'Kyle Filipowski')",0.9333333333333332,2,3,6,0,1,1,2,1,0,2,0,2.0,3.44,0.0,0.0,0.0,0.0,3.0,0.0,3.0,2.0,5.44,3
22500055,UTA,OKC,80.2,79.2,"('Keyonte George', 'Kyle Filipowski')",0.9333333333333332,2,3,6,0,1,1,2,1,0,2,0,2.0,3.44,0.0,0.0,0.0,0.0,3.0,0.0,3.0,2.0,5.44,3
22500055,UTA,OKC,79.8,79.2,"('Brice Sensabaugh', 'Jusuf Nurkić')",0.7166666666666667,2,2,1,2,0,0,0,1,0,0,1,1.88,2.44,0.0,0.0,0.0,0.0,0.0,0.0,0.0,0.0,4.32,3
22500055,UTA,OKC,79.8,79.2,"('Brice Sensabaugh', 'Keyonte George')",0.7166666666666667,2,2,1,2,0,0,0,1,0,0,1,1.88,2.44,0.0,0.0,0.0,0.0,0.0,0.0,0.0,0.0,4.32,3
22500055,UTA,OKC,79.8,79.2,"('Brice Sensabaugh', 'Kyle Filipowski')",0.7166666666666667,2,2,1,2,0,0,0,1,0,0,1,1.88,2.44,0.0,0.0,0.0,0.0,0.0,0.0,0.0,0.0,4.32,3
22500055,UTA,OKC,79.8,79.2,"('Brice Sensabaugh', 'Svi Mykhailiuk')",0.7166666666666667,2,2,1,2,0,0,0,1,0,0,1,1.88,2.44,0.0,0.0,0.0,0.0,0.0,0.0,0.0,0.0,4.32,3
22500055,UTA,OKC,79.8,79.2,"('Jusuf Nurkić', 'Keyonte George')",0.7166666666666667,2,2,1,2,0,0,0,1,0,0,1,1.88,2.44,0.0,0.0,0.0,0.0,0.0,0.0,0.0,0.0,4.32,3
22500055,UTA,OKC,79.8,79.2,"('Jusuf Nurkić', 'Kyle Filipowski')",0.7166666666666667,2,2,1,2,0,0,0,1,0,0,1,1.88,2.44,0.0,0.0,0.0,0.0,0.0,0.0,0.0,0.0,4.32,3
22500055,UTA,OKC,79.8,79.2,"('Jusuf Nurkić', 'Svi Mykhailiuk')",0.7166666666666667,2,2,1,2,0,0,0,1,0,0,1,1.88,2.44,0.0,0.0,0.0,0.0,0.0,0.0,0.0,0.0,4.32,3
22500055,UTA,OKC,79.8,79.2,"('Keyonte George', 'Kyle Filipowski')",0.7166666666666667,2,2,1,2,0,0,0,1,0,0,1,1.88,2.44,0.0,0.0,0.0,0.0,0.0,0.0,0.0,0.0,4.32,3
22500055,UTA,OKC,79.8,79.2,"('Keyonte George', 'Svi Mykhailiuk')",0.7166666666666667,2,2,1,2,0,0,0,1,0,0,1,1.88,2.44,0.0,0.0,0.0,0.0,0.0,0.0,0.0,0.0,4.32,3
22500055,UTA,OKC,79.8,79.2,"('Kyle Filipowski', 'Svi Mykhailiuk')",0.7166666666666667,2,2,1,2,0,0,0,1,0,0,1,1.88,2.44,0.0,0.0,0.0,0.0,0.0,0.0,0.0,0.0,4.32,3
22500055,UTA,OKC,80.6,79.2,"('Ace Bailey', 'Brice Sensabaugh')",3.883333333333333,4,7,11,1,3,1,3,1,2,3,2,7.88,8.76,0.0,0.0,0.0,2.0,2.0,0.0,0.0,4.0,16.64,3
22500055,UTA,OKC,80.6,79.2,"('Ace Bailey', 'Jusuf Nurkić')",3.883333333333333,4,7,11,1,3,1,3,1,2,3,2,7.88,8.76,0.0,0.0,0.0,2.0,2.0,0.0,0.0,4.0,16.64,3
22500055,UTA,OKC,80.6,79.2,"('Ace Bailey', 'Lauri Markkanen')",3.883333333333333,4,7,11,1,3,1,3,1,2,3,2,7.88,8.76,0.0,0.0,0.0,2.0,2.0,0.0,0.0,4.0,16.64,3
22500055,UTA,OKC,80.6,79.2,"('Ace Bailey', 'Walter Clayton Jr.')",3.883333333333333,4,7,11,1,3,1,3,1,2,3,2,7.88,8.76,0.0,0.0,0.0,2.0,2.0,0.0,0.0,4.0,16.64,3
22500055,UTA,OKC,80.6,79.2,"('Brice Sensabaugh', 'Jusuf Nurkić')",3.883333333333333,4,7,11,1,3,1,3,1,2,3,2,7.88,8.76,0.0,0.0,0.0,2.0,2.0,0.0,0.0,4.0,16.64,3
22500055,UTA,OKC,80.6,79.2,"('Brice Sensabaugh', 'Lauri Markkanen')",3.883333333333333,4,7,11,1,3,1,3,1,2,3,2,7.88,8.76,0.0,0.0,0.0,2.0,2.0,0.0,0.0,4.0,16.64,3
22500055,UTA,OKC,80.6,79.2,"('Brice Sensabaugh', 'Walter Clayton Jr.')",3.883333333333333,4,7,11,1,3,1,3,1,2,3,2,7.88,8.76,0.0,0.0,0.0,2.0,2.0,0.0,0.0,4.0,16.64,3
22500055,UTA,OKC,80.6,79.2,"('Jusuf Nurkić', 'Lauri Markkanen')",3.883333333333333,4,7,11,1,3,1,3,1,2,3,2,7.88,8.76,0.0,0.0,0.0,2.0,2.0,0.0,0.0,4.0,16.64,3
22500055,UTA,OKC,80.6,79.2,"('Jusuf Nurkić', 'Walter Clayton Jr.')",3.883333333333333,4,7,11,1,3,1,3,1,2,3,2,7.88,8.76,0.0,0.0,0.0,2.0,2.0,0.0,0.0,4.0,16.64,3
22500055,UTA,OKC,80.6,79.2,"('Lauri Markkanen', 'Walter Clayton Jr.')",3.883333333333333,4,7,11,1,3,1,3,1,2,3,2,7.88,8.76,0.0,0.0,0.0,2.0,2.0,0.0,0.0,4.0,16.64,3
22500055,UTA,OKC,79.4,77.4,"('Cody Williams', 'Isaiah Collier')",0.8666666666666667,3,0,0,1,1,0,0,1,0,1,0,2.0,1.0,0.0,0.0,0.0,0.0,0.0,0.0,0.0,0.0,3.0,3
22500055,UTA,OKC,79.4,77.4,"('Cody Williams', 'Kevin Love')",0.8666666666666667,3,0,0,1,1,0,0,1,0,1,0,2.0,1.0,0.0,0.0,0.0,0.0,0.0,0.0,0.0,0.0,3.0,3
22500055,UTA,OKC,79.4,77.4,"('Cody Williams', 'Keyonte George')",0.8666666666666667,3,0,0,1,1,0,0,1,0,1,0,2.0,1.0,0.0,0.0,0.0,0.0,0.0,0.0,0.0,0.0,3.0,3
22500055,UTA,OKC,79.4,77.4,"('Cody Williams', 'Kyle Filipowski')",0.8666666666666667,3,0,0,1,1,0,0,1,0,1,0,2.0,1.0,0.0,0.0,0.0,0.0,0.0,0.0,0.0,0.0,3.0,3
22500055,UTA,OKC,79.4,77.4,"('Isaiah Collier', 'Kevin Love')",0.8666666666666667,3,0,0,1,1,0,0,1,0,1,0,2.0,1.0,0.0,0.0,0.0,0.0,0.0,0.0,0.0,0.0,3.0,3
22500055,UTA,OKC,79.4,77.4,"('Isaiah Collier', 'Keyonte George')",0.8666666666666667,3,0,0,1,1,0,0,1,0,1,0,2.0,1.0,0.0,0.0,0.0,0.0,0.0,0.0,0.0,0.0,3.0,3
22500055,UTA,OKC,79.4,77.4,"('Isaiah Collier', 'Kyle Filipowski')",0.8666666666666667,3,0,0,1,1,0,0,1,0,1,0,2.0,1.0,0.0,0.0,0.0,0.0,0.0,0.0,0.0,0.0,3.0,3
22500055,UTA,OKC,79.4,77.4,"('Kevin Love', 'Keyonte George')",0.8666666666666667,3,0,0,1,1,0,0,1,0,1,0,2.0,1.0,0.0,0.0,0.0,0.0,0.0,0.0,0.0,0.0,3.0,3
22500055,UTA,OKC,79.4,77.4,"('Kevin Love', 'Kyle Filipowski')",0.8666666666666667,3,0,0,1,1,0,0,1,0,1,0,2.0,1.0,0.0,0.0,0.0,0.0,0.0,0.0,0.0,0.0,3.0,3
22500055,UTA,OKC,79.4,77.4,"('Keyonte George', 'Kyle Filipowski')",0.8666666666666667,3,0,0,1,1,0,0,1,0,1,0,2.0,1.0,0.0,0.0,0.0,0.0,0.0,0.0,0.0,0.0,3.0,3
22500055,UTA,OKC,79.8,78.4,"('Ace Bailey', 'Brice Sensabaugh')",2.25,4,8,4,2,1,3,2,2,2,1,1,7.44,6.0,0.0,3.0,0.0,2.0,2.0,0.0,0.0,4.0,13.44,3
22500055,UTA,OKC,79.8,78.4,"('Ace Bailey', 'Kyle Filipowski')",2.25,4,8,4,2,1,3,2,2,2,1,1,7.44,6.0,0.0,3.0,0.0,2.0,2.0,0.0,0.0,4.0,13.44,3
22500055,UTA,OKC,79.8,78.4,"('Ace Bailey', 'Taylor Hendricks')",2.25,4,8,4,2,1,3,2,2,2,1,1,7.44,6.0,0.0,3.0,0.0,2.0,2.0,0.0,0.0,4.0,13.44,3
22500055,UTA,OKC,79.8,78.4,"('Ace Bailey', 'Walter Clayton Jr.')",2.25,4,8,4,2,1,3,2,2,2,1,1,7.44,6.0,0.0,3.0,0.0,2.0,2.0,0.0,0.0,4.0,13.44,3
22500055,UTA,OKC,79.8,78.4,"('Brice Sensabaugh', 'Kyle Filipowski')",2.25,4,8,4,2,1,3,2,2,2,1,1,7.44,6.0,0.0,3.0,0.0,2.0,2.0,0.0,0.0,4.0,13.44,3
22500055,UTA,OKC,79.8,78.4,"('Brice Sensabaugh', 'Taylor Hendricks')",2.25,4,8,4,2,1,3,2,2,2,1,1,7.44,6.0,0.0,3.0,0.0,2.0,2.0,0.0,0.0,4.0,13.44,3
22500055,UTA,OKC,79.8,78.4,"('Brice Sensabaugh', 'Walter Clayton Jr.')",2.25,4,8,4,2,1,3,2,2,2,1,1,7.44,6.0,0.0,3.0,0.0,2.0,2.0,0.0,0.0,4.0,13.44,3
22500055,UTA,OKC,79.8,78.4,"('Kyle Filipowski', 'Taylor Hendricks')",2.25,4,8,4,2,1,3,2,2,2,1,1,7.44,6.0,0.0,3.0,0.0,2.0,2.0,0.0,0.0,4.0,13.44,3
22500055,UTA,OKC,79.8,78.4,"('Kyle Filipowski', 'Walter Clayton Jr.')",2.25,4,8,4,2,1,3,2,2,2,1,1,7.44,6.0,0.0,3.0,0.0,2.0,2.0,0.0,0.0,4.0,13.44,3
22500055,UTA,OKC,79.8,78.4,"('Taylor Hendricks', 'Walter Clayton Jr.')",2.25,4,8,4,2,1,3,2,2,2,1,1,7.44,6.0,0.0,3.0,0.0,2.0,2.0,0.0,0.0,4.0,13.44,3
22500055,UTA,OKC,80.4,79.0,"('Cody Williams', 'Kevin Love')",2.3,1,10,7,1,1,3,2,0,0,2,0,4.44,4.88,3.0,0.0,0.0,0.0,0.0,0.0,0.0,2.0,9.32,3
22500055,UTA,OKC,80.4,79.0,"('Cody Williams', 'Keyonte George')",2.3,1,10,7,1,1,3,2,0,0,2,0,4.44,4.88,3.0,0.0,0.0,0.0,0.0,0.0,0.0,2.0,9.32,3
22500055,UTA,OKC,80.4,79.0,"('Cody Williams', 'Lauri Markkanen')",2.3,1,10,7,1,1,3,2,0,0,2,0,4.44,4.88,3.0,0.0,0.0,0.0,0.0,0.0,0.0,2.0,9.32,3
22500055,UTA,OKC,80.4,79.0,"('Cody Williams', 'Svi Mykhailiuk')",2.3,1,10,7,1,1,3,2,0,0,2,0,4.44,4.88,3.0,0.0,0.0,0.0,0.0,0.0,0.0,2.0,9.32,3
22500055,UTA,OKC,80.4,79.0,"('Kevin Love', 'Keyonte George')",2.3,1,10,7,1,1,3,2,0,0,2,0,4.44,4.88,3.0,0.0,0.0,0.0,0.0,0.0,0.0,2.0,9.32,3
22500055,UTA,OKC,80.4,79.0,"('Kevin Love', 'Lauri Markkanen')",2.3,1,10,7,1,1,3,2,0,0,2,0,4.44,4.88,3.0,0.0,0.0,0.0,0.0,0.0,0.0,2.0,9.32,3
22500055,UTA,OKC,80.4,79.0,"('Kevin Love', 'Svi Mykhailiuk')",2.3,1,10,7,1,1,3,2,0,0,2,0,4.44,4.88,3.0,0.0,0.0,0.0,0.0,0.0,0.0,2.0,9.32,3
22500055,UTA,OKC,80.4,79.0,"('Keyonte George', 'Lauri Markkanen')",2.3,1,10,7,1,1,3,2,0,0,2,0,4.44,4.88,3.0,0.0,0.0,0.0,0.0,0.0,0.0,2.0,9.32,3
22500055,UTA,OKC,80.4,79.0,"('Keyonte George', 'Svi Mykhailiuk')",2.3,1,10,7,1,1,3,2,0,0,2,0,4.44,4.88,3.0,0.0,0.0,0.0,0.0,0.0,0.0,2.0,9.32,3
22500055,UTA,OKC,80.4,79.0,"('Lauri Markkanen', 'Svi Mykhailiuk')",2.3,1,10,7,1,1,3,2,0,0,2,0,4.44,4.88,3.0,0.0,0.0,0.0,0.0,0.0,0.0,2.0,9.32,3
22500055,UTA,OKC,79.4,77.6,"('Cody Williams', 'Isaiah Collier')",2.716666666666667,1,9,6,2,1,3,1,1,1,1,1,5.0,5.44,0.0,0.0,3.0,0.0,3.0,0.0,0.0,2.0,10.44,3
22500055,UTA,OKC,79.4,77.6,"('Cody Williams', 'Kevin Love')",2.716666666666667,1,9,6,2,1,3,1,1,1,1,1,5.0,5.44,0.0,0.0,3.0,0.0,3.0,0.0,0.0,2.0,10.44,3
22500055,UTA,OKC,79.4,77.6,"('Cody Williams', 'Keyonte George')",2.716666666666667,1,9,6,2,1,3,1,1,1,1,1,5.0,5.44,0.0,0.0,3.0,0.0,3.0,0.0,0.0,2.0,10.44,3
22500055,UTA,OKC,79.4,77.6,"('Cody Williams', 'Kyle Filipowski')",2.716666666666667,1,9,6,2,1,3,1,1,1,1,1,5.0,5.44,0.0,0.0,3.0,0.0,3.0,0.0,0.0,2.0,10.44,3
22500055,UTA,OKC,79.4,77.6,"('Isaiah Collier', 'Kevin Love')",2.716666666666667,1,9,6,2,1,3,1,1,1,1,1,5.0,5.44,0.0,0.0,3.0,0.0,3.0,0.0,0.0,2.0,10.44,3
22500055,UTA,OKC,79.4,77.6,"('Isaiah Collier', 'Keyonte George')",2.716666666666667,1,9,6,2,1,3,1,1,1,1,1,5.0,5.44,0.0,0.0,3.0,0.0,3.0,0.0,0.0,2.0,10.44,3
22500055,UTA,OKC,79.4,77.6,"('Isaiah Collier', 'Kyle Filipowski')",2.716666666666667,1,9,6,2,1,3,1,1,1,1,1,5.0,5.44,0.0,0.0,3.0,0.0,3.0,0.0,0.0,2.0,10.44,3
22500055,UTA,OKC,79.4,77.6,"('Kevin Love', 'Keyonte George')",2.716666666666667,1,9,6,2,1,3,1,1,1,1,1,5.0,5.44,0.0,0.0,3.0,0.0,3.0,0.0,0.0,2.0,10.44,3
22500055,UTA,OKC,79.4,77.6,"('Kevin Love', 'Kyle Filipowski')",2.716666666666667,1,9,6,2,1,3,1,1,1,1,1,5.0,5.44,0.0,0.0,3.0,0.0,3.0,0.0,0.0,2.0,10.44,3
22500055,UTA,OKC,79.4,77.6,"('Keyonte George', 'Kyle Filipowski')",2.716666666666667,1,9,6,2,1,3,1,1,1,1,1,5.0,5.44,0.0,0.0,3.0,0.0,3.0,0.0,0.0,2.0,10.44,3
22500055,UTA,OKC,79.6,79.6,"('Brice Sensabaugh', 'Cody Williams')",5.275,4,9,19,5,4,4,5,2,1,1,1,14.44,12.44,2.0,0.0,0.0,8.0,4.0,4.0,0.0,6.0,26.88,3
22500055,UTA,OKC,79.6,79.6,"('Brice Sensabaugh', 'Kyle Filipowski')",5.275,4,9,19,5,4,4,5,2,1,1,1,14.44,12.44,2.0,0.0,0.0,8.0,4.0,4.0,0.0,6.0,26.88,3
22500055,UTA,OKC,79.6,79.6,"('Brice Sensabaugh', 'Taylor Hendricks')",5.275,4,9,19,5,4,4,5,2,1,1,1,14.44,12.44,2.0,0.0,0.0,8.0,4.0,4.0,0.0,6.0,26.88,3
22500055,UTA,OKC,79.6,79.6,"('Brice Sensabaugh', 'Walter Clayton Jr.')",5.275,4,9,19,5,4,4,5,2,1,1,1,14.44,12.44,2.0,0.0,0.0,8.0,4.0,4.0,0.0,6.0,26.88,3
22500055,UTA,OKC,79.6,79.6,"('Cody Williams', 'Kyle Filipowski')",5.275,4,9,19,5,4,4,5,2,1,1,1,14.44,12.44,2.0,0.0,0.0,8.0,4.0,4.0,0.0,6.0,26.88,3
22500055,UTA,OKC,79.6,79.6,"('Cody Williams', 'Taylor Hendricks')",5.275,4,9,19,5,4,4,5,2,1,1,1,14.44,12.44,2.0,0.0,0.0,8.0,4.0,4.0,0.0,6.0,26.88,3
22500055,UTA,OKC,79.6,79.6,"('Cody Williams', 'Walter Clayton Jr.')",5.275,4,9,19,5,4,4,5,2,1,1,1,14.44,12.44,2.0,0.0,0.0,8.0,4.0,4.0,0.0,6.0,26.88,3
22500055,UTA,OKC,79.6,79.6,"('Kyle Filipowski', 'Taylor Hendricks')",5.275,4,9,19,5,4,4,5,2,1,1,1,14.44,12.44,2.0,0.0,0.0,8.0,4.0,4.0,0.0,6.0,26.88,3
22500055,UTA,OKC,79.6,79.6,"('Kyle Filipowski', 'Walter Clayton Jr.')",5.275,4,9,19,5,4,4,5,2,1,1,1,14.44,12.44,2.0,0.0,0.0,8.0,4.0,4.0,0.0,6.0,26.88,3
22500055,UTA,OKC,79.6,79.6,"('Taylor Hendricks', 'Walter Clayton Jr.')",5.275,4,9,19,5,4,4,5,2,1,1,1,14.44,12.44,2.0,0.0,0.0,8.0,4.0,4.0,0.0,6.0,26.88,3
22500055,UTA,OKC,80.6,79.2,"('Ace Bailey', 'Kevin Love')",0.4,1,2,3,0,0,1,1,0,0,0,1,1.0,1.0,0.0,0.0,0.0,0.0,0.0,0.0,0.0,0.0,2.0,3
22500055,UTA,OKC,80.6,79.2,"('Ace Bailey', 'Keyonte George')",0.4,1,2,3,0,0,1,1,0,0,0,1,1.0,1.0,0.0,0.0,0.0,0.0,0.0,0.0,0.0,0.0,2.0,3
22500055,UTA,OKC,80.6,79.2,"('Ace Bailey', 'Lauri Markkanen')",0.4,1,2,3,0,0,1,1,0,0,0,1,1.0,1.0,0.0,0.0,0.0,0.0,0.0,0.0,0.0,0.0,2.0,3
22500055,UTA,OKC,80.6,79.2,"('Ace Bailey', 'Svi Mykhailiuk')",0.4,1,2,3,0,0,1,1,0,0,0,1,1.0,1.0,0.0,0.0,0.0,0.0,0.0,0.0,0.0,0.0,2.0,3
22500055,UTA,OKC,80.6,79.2,"('Kevin Love', 'Keyonte George')",0.4,1,2,3,0,0,1,1,0,0,0,1,1.0,1.0,0.0,0.0,0.0,0.0,0.0,0.0,0.0,0.0,2.0,3
22500055,UTA,OKC,80.6,79.2,"('Kevin Love', 'Lauri Markkanen')",0.4,1,2,3,0,0,1,1,0,0,0,1,1.0,1.0,0.0,0.0,0.0,0.0,0.0,0.0,0.0,0.0,2.0,3
22500055,UTA,OKC,80.6,79.2,"('Kevin Love', 'Svi Mykhailiuk')",0.4,1,2,3,0,0,1,1,0,0,0,1,1.0,1.0,0.0,0.0,0.0,0.0,0.0,0.0,0.0,0.0,2.0,3
22500055,UTA,OKC,80.6,79.2,"('Keyonte George', 'Lauri Markkanen')",0.4,1,2,3,0,0,1,1,0,0,0,1,1.0,1.0,0.0,0.0,0.0,0.0,0.0,0.0,0.0,0.0,2.0,3
22500055,UTA,OKC,80.6,79.2,"('Keyonte George', 'Svi Mykhailiuk')",0.4,1,2,3,0,0,1,1,0,0,0,1,1.0,1.0,0.0,0.0,0.0,0.0,0.0,0.0,0.0,0.0,2.0,3
22500055,UTA,OKC,80.6,79.2,"('Lauri Markkanen', 'Svi Mykhailiuk')",0.4,1,2,3,0,0,1,1,0,0,0,1,1.0,1.0,0.0,0.0,0.0,0.0,0.0,0.0,0.0,0.0,2.0,3
22500055,UTA,OKC,81.2,77.6,"('Cody Williams', 'Isaiah Collier')",1.9916666666666667,1,5,7,2,3,1,2,1,0,0,0,5.0,4.44,0.0,0.0,0.0,2.0,0.0,0.0,0.0,0.0,9.44,3
22500055,UTA,OKC,81.2,77.6,"('Cody Williams', 'Kevin Love')",1.9916666666666667,1,5,7,2,3,1,2,1,0,0,0,5.0,4.44,0.0,0.0,0.0,2.0,0.0,0.0,0.0,0.0,9.44,3
22500055,UTA,OKC,81.2,77.6,"('Cody Williams', 'Kyle Filipowski')",1.9916666666666667,1,5,7,2,3,1,2,1,0,0,0,5.0,4.44,0.0,0.0,0.0,2.0,0.0,0.0,0.0,0.0,9.44,3
22500055,UTA,OKC,81.2,77.6,"('Cody Williams', 'Lauri Markkanen')",1.9916666666666667,1,5,7,2,3,1,2,1,0,0,0,5.0,4.44,0.0,0.0,0.0,2.0,0.0,0.0,0.0,0.0,9.44,3
22500055,UTA,OKC,81.2,77.6,"('Isaiah Collier', 'Kevin Love')",1.9916666666666667,1,5,7,2,3,1,2,1,0,0,0,5.0,4.44,0.0,0.0,0.0,2.0,0.0,0.0,0.0,0.0,9.44,3
22500055,UTA,OKC,81.2,77.6,"('Isaiah Collier', 'Kyle Filipowski')",1.9916666666666667,1,5,7,2,3,1,2,1,0,0,0,5.0,4.44,0.0,0.0,0.0,2.0,0.0,0.0,0.0,0.0,9.44,3
22500055,UTA,OKC,81.2,77.6,"('Isaiah Collier', 'Lauri Markkanen')",1.9916666666666667,1,5,7,2,3,1,2,1,0,0,0,5.0,4.44,0.0,0.0,0.0,2.0,0.0,0.0,0.0,0.0,9.44,3
22500055,UTA,OKC,81.2,77.6,"('Kevin Love', 'Kyle Filipowski')",1.9916666666666667,1,5,7,2,3,1,2,1,0,0,0,5.0,4.44,0.0,0.0,0.0,2.0,0.0,0.0,0.0,0.0,9.44,3
22500055,UTA,OKC,81.2,77.6,"('Kevin Love', 'Lauri Markkanen')",1.9916666666666667,1,5,7,2,3,1,2,1,0,0,0,5.0,4.44,0.0,0.0,0.0,2.0,0.0,0.0,0.0,0.0,9.44,3
22500055,UTA,OKC,81.2,77.6,"('Kyle Filipowski', 'Lauri Markkanen')",1.9916666666666667,1,5,7,2,3,1,2,1,0,0,0,5.0,4.44,0.0,0.0,0.0,2.0,0.0,0.0,0.0,0.0,9.44,3
22500055,UTA,OKC,81.2,79.8,"('Jusuf Nurkić', 'Keyonte George')",3.513333333333334,2,8,10,6,2,2,2,3,0,2,2,9.44,8.88,2.0,0.0,0.0,4.0,3.0,0.0,0.0,2.0,18.32,3
22500055,UTA,OKC,81.2,79.8,"('Jusuf Nurkić', 'Kyle Filipowski')",3.513333333333334,2,8,10,6,2,2,2,3,0,2,2,9.44,8.88,2.0,0.0,0.0,4.0,3.0,0.0,0.0,2.0,18.32,3
22500055,UTA,OKC,81.2,79.8,"('Jusuf Nurkić', 'Lauri Markkanen')",3.513333333333334,2,8,10,6,2,2,2,3,0,2,2,9.44,8.88,2.0,0.0,0.0,4.0,3.0,0.0,0.0,2.0,18.32,3
22500055,UTA,OKC,81.2,79.8,"('Jusuf Nurkić', 'Svi Mykhailiuk')",3.513333333333334,2,8,10,6,2,2,2,3,0,2,2,9.44,8.88,2.0,0.0,0.0,4.0,3.0,0.0,0.0,2.0,18.32,3
22500055,UTA,OKC,81.2,79.8,"('Keyonte George', 'Kyle Filipowski')",3.513333333333334,2,8,10,6,2,2,2,3,0,2,2,9.44,8.88,2.0,0.0,0.0,4.0,3.0,0.0,0.0,2.0,18.32,3
22500055,UTA,OKC,81.2,79.8,"('Keyonte George', 'Lauri Markkanen')",3.513333333333334,2,8,10,6,2,2,2,3,0,2,2,9.44,8.88,2.0,0.0,0.0,4.0,3.0,0.0,0.0,2.0,18.32,3
22500055,UTA,OKC,81.2,79.8,"('Keyonte George', 'Svi Mykhailiuk')",3.513333333333334,2,8,10,6,2,2,2,3,0,2,2,9.44,8.88,2.0,0.0,0.0,4.0,3.0,0.0,0.0,2.0,18.32,3
22500055,UTA,OKC,81.2,79.8,"('Kyle Filipowski', 'Lauri Markkanen')",3.513333333333334,2,8,10,6,2,2,2,3,0,2,2,9.44,8.88,2.0,0.0,0.0,4.0,3.0,0.0,0.0,2.0,18.32,3
22500055,UTA,OKC,81.2,79.8,"('Kyle Filipowski', 'Svi Mykhailiuk')",3.513333333333334,2,8,10,6,2,2,2,3,0,2,2,9.44,8.88,2.0,0.0,0.0,4.0,3.0,0.0,0.0,2.0,18.32,3
22500055,UTA,OKC,81.2,79.8,"('Lauri Markkanen', 'Svi Mykhailiuk')",3.513333333333334,2,8,10,6,2,2,2,3,0,2,2,9.44,8.88,2.0,0.0,0.0,4.0,3.0,0.0,0.0,2.0,18.32,3
22500055,UTA,OKC,81.0,79.4,"('Kevin Love', 'Keyonte George')",3.1500000000000004,2,10,12,0,0,4,3,1,2,2,0,6.44,7.44,2.0,4.0,0.0,4.0,0.0,0.0,0.0,8.0,13.88,3
22500055,UTA,OKC,81.0,79.4,"('Kevin Love', 'Kyle Filipowski')",3.1500000000000004,2,10,12,0,0,4,3,1,2,2,0,6.44,7.44,2.0,4.0,0.0,4.0,0.0,0.0,0.0,8.0,13.88,3
22500055,UTA,OKC,81.0,79.4,"('Kevin Love', 'Lauri Markkanen')",3.1500000000000004,2,10,12,0,0,4,3,1,2,2,0,6.44,7.44,2.0,4.0,0.0,4.0,0.0,0.0,0.0,8.0,13.88,3
22500055,UTA,OKC,81.0,79.4,"('Kevin Love', 'Svi Mykhailiuk')",3.1500000000000004,2,10,12,0,0,4,3,1,2,2,0,6.44,7.44,2.0,4.0,0.0,4.0,0.0,0.0,0.0,8.0,13.88,3
22500055,UTA,OKC,81.0,79.4,"('Keyonte George', 'Kyle Filipowski')",3.1500000000000004,2,10,12,0,0,4,3,1,2,2,0,6.44,7.44,2.0,4.0,0.0,4.0,0.0,0.0,0.0,8.0,13.88,3
22500055,UTA,OKC,81.0,79.4,"('Keyonte George', 'Lauri Markkanen')",3.1500000000000004,2,10,12,0,0,4,3,1,2,2,0,6.44,7.44,2.0,4.0,0.0,4.0,0.0,0.0,0.0,8.0,13.88,3
22500055,UTA,OKC,81.0,79.4,"('Keyonte George', 'Svi Mykhailiuk')",3.1500000000000004,2,10,12,0,0,4,3,1,2,2,0,6.44,7.44,2.0,4.0,0.0,4.0,0.0,0.0,0.0,8.0,13.88,3
22500055,UTA,OKC,81.0,79.4,"('Kyle Filipowski', 'Lauri Markkanen')",3.1500000000000004,2,10,12,0,0,4,3,1,2,2,0,6.44,7.44,2.0,4.0,0.0,4.0,0.0,0.0,0.0,8.0,13.88,3
22500055,UTA,OKC,81.0,79.4,"('Kyle Filipowski', 'Svi Mykhailiuk')",3.1500000000000004,2,10,12,0,0,4,3,1,2,2,0,6.44,7.44,2.0,4.0,0.0,4.0,0.0,0.0,0.0,8.0,13.88,3
22500055,UTA,OKC,81.0,79.4,"('Lauri Markkanen', 'Svi Mykhailiuk')",3.1500000000000004,2,10,12,0,0,4,3,1,2,2,0,6.44,7.44,2.0,4.0,0.0,4.0,0.0,0.0,0.0,8.0,13.88,3
22500055,UTA,OKC,80.4,79.6,"('Cody Williams', 'Kevin Love')",1.6333333333333333,3,0,9,1,1,0,2,2,0,0,0,3.0,4.0,0.0,0.0,0.0,0.0,7.0,2.0,0.0,6.0,7.0,3
22500055,UTA,OKC,80.4,79.6,"('Cody Williams', 'Keyonte George')",1.6333333333333333,3,0,9,1,1,0,2,2,0,0,0,3.0,4.0,0.0,0.0,0.0,0.0,7.0,2.0,0.0,6.0,7.0,3
22500055,UTA,OKC,80.4,79.6,"('Cody Williams', 'Lauri Markkanen')",1.6333333333333333,3,0,9,1,1,0,2,2,0,0,0,3.0,4.0,0.0,0.0,0.0,0.0,7.0,2.0,0.0,6.0,7.0,3
22500055,UTA,OKC,80.4,79.6,"('Cody Williams', 'Svi Mykhailiuk')",1.6333333333333333,3,0,9,1,1,0,2,2,0,0,0,3.0,4.0,0.0,0.0,0.0,0.0,7.0,2.0,0.0,6.0,7.0,3
22500055,UTA,OKC,80.4,79.6,"('Kevin Love', 'Keyonte George')",1.6333333333333333,3,0,9,1,1,0,2,2,0,0,0,3.0,4.0,0.0,0.0,0.0,0.0,7.0,2.0,0.0,6.0,7.0,3
22500055,UTA,OKC,80.4,79.6,"('Kevin Love', 'Lauri Markkanen')",1.6333333333333333,3,0,9,1,1,0,2,2,0,0,0,3.0,4.0,0.0,0.0,0.0,0.0,7.0,2.0,0.0,6.0,7.0,3
22500055,UTA,OKC,80.4,79.6,"('Kevin Love', 'Svi Mykhailiuk')",1.6333333333333333,3,0,9,1,1,0,2,2,0,0,0,3.0,4.0,0.0,0.0,0.0,0.0,7.0,2.0,0.0,6.0,7.0,3
22500055,UTA,OKC,80.4,79.6,"('Keyonte George', 'Lauri Markkanen')",1.6333333333333333,3,0,9,1,1,0,2,2,0,0,0,3.0,4.0,0.0,0.0,0.0,0.0,7.0,2.0,0.0,6.0,7.0,3
22500055,UTA,OKC,80.4,79.6,"('Keyonte George', 'Svi Mykhailiuk')",1.6333333333333333,3,0,9,1,1,0,2,2,0,0,0,3.0,4.0,0.0,0.0,0.0,0.0,7.0,2.0,0.0,6.0,7.0,3
22500055,UTA,OKC,80.4,79.6,"('Lauri Markkanen', 'Svi Mykhailiuk')",1.6333333333333333,3,0,9,1,1,0,2,2,0,0,0,3.0,4.0,0.0,0.0,0.0,0.0,7.0,2.0,0.0,6.0,7.0,3
22500055,UTA,OKC,80.2,79.2,"('Ace Bailey', 'Brice Sensabaugh')",0.0,4,0,0,0,0,0,0,0,0,0,0,0.0,0.0,0.0,0.0,0.0,0.0,0.0,0.0,0.0,0.0,0.0,3
22500055,UTA,OKC,80.2,79.2,"('Ace Bailey', 'Jusuf Nurkić')",0.0,4,0,0,0,0,0,0,0,0,0,0,0.0,0.0,0.0,0.0,0.0,0.0,0.0,0.0,0.0,0.0,0.0,3
22500055,UTA,OKC,80.2,79.2,"('Ace Bailey', 'Kyle Filipowski')",0.0,4,0,0,0,0,0,0,0,0,0,0,0.0,0.0,0.0,0.0,0.0,0.0,0.0,0.0,0.0,0.0,0.0,3
22500055,UTA,OKC,80.2,79.2,"('Ace Bailey', 'Walter Clayton Jr.')",0.0,4,0,0,0,0,0,0,0,0,0,0,0.0,0.0,0.0,0.0,0.0,0.0,0.0,0.0,0.0,0.0,0.0,3
22500055,UTA,OKC,80.2,79.2,"('Brice Sensabaugh', 'Jusuf Nurkić')",0.0,4,0,0,0,0,0,0,0,0,0,0,0.0,0.0,0.0,0.0,0.0,0.0,0.0,0.0,0.0,0.0,0.0,3
22500055,UTA,OKC,80.2,79.2,"('Brice Sensabaugh', 'Kyle Filipowski')",0.0,4,0,0,0,0,0,0,0,0,0,0,0.0,0.0,0.0,0.0,0.0,0.0,0.0,0.0,0.0,0.0,0.0,3
22500055,UTA,OKC,80.2,79.2,"('Brice Sensabaugh', 'Walter Clayton Jr.')",0.0,4,0,0,0,0,0,0,0,0,0,0,0.0,0.0,0.0,0.0,0.0,0.0,0.0,0.0,0.0,0.0,0.0,3
22500055,UTA,OKC,80.2,79.2,"('Jusuf Nurkić', 'Kyle Filipowski')",0.0,4,0,0,0,0,0,0,0,0,0,0,0.0,0.0,0.0,0.0,0.0,0.0,0.0,0.0,0.0,0.0,0.0,3
22500055,UTA,OKC,80.2,79.2,"('Jusuf Nurkić', 'Walter Clayton Jr.')",0.0,4,0,0,0,0,0,0,0,0,0,0,0.0,0.0,0.0,0.0,0.0,0.0,0.0,0.0,0.0,0.0,0.0,3
22500055,UTA,OKC,80.2,79.2,"('Kyle Filipowski', 'Walter Clayton Jr.')",0.0,4,0,0,0,0,0,0,0,0,0,0,0.0,0.0,0.0,0.0,0.0,0.0,0.0,0.0,0.0,0.0,0.0,3
22500055,UTA,OKC,80.6,79.4,"('Ace Bailey', 'Brice Sensabaugh')",3.583333333333333,2,1,8,3,3,0,2,3,1,2,1,7.44,8.0,0.0,0.0,0.0,0.0,4.0,0.0,0.0,4.0,15.44,3
22500055,UTA,OKC,80.6,79.4,"('Ace Bailey', 'Isaiah Collier')",3.583333333333333,2,1,8,3,3,0,2,3,1,2,1,7.44,8.0,0.0,0.0,0.0,0.0,4.0,0.0,0.0,4.0,15.44,3
22500055,UTA,OKC,80.6,79.4,"('Ace Bailey', 'Jusuf Nurkić')",3.583333333333333,2,1,8,3,3,0,2,3,1,2,1,7.44,8.0,0.0,0.0,0.0,0.0,4.0,0.0,0.0,4.0,15.44,3
22500055,UTA,OKC,80.6,79.4,"('Ace Bailey', 'Lauri Markkanen')",3.583333333333333,2,1,8,3,3,0,2,3,1,2,1,7.44,8.0,0.0,0.0,0.0,0.0,4.0,0.0,0.0,4.0,15.44,3
22500055,UTA,OKC,80.6,79.4,"('Brice Sensabaugh', 'Isaiah Collier')",3.583333333333333,2,1,8,3,3,0,2,3,1,2,1,7.44,8.0,0.0,0.0,0.0,0.0,4.0,0.0,0.0,4.0,15.44,3
22500055,UTA,OKC,80.6,79.4,"('Brice Sensabaugh', 'Jusuf Nurkić')",3.583333333333333,2,1,8,3,3,0,2,3,1,2,1,7.44,8.0,0.0,0.0,0.0,0.0,4.0,0.0,0.0,4.0,15.44,3
22500055,UTA,OKC,80.6,79.4,"('Brice Sensabaugh', 'Lauri Markkanen')",3.583333333333333,2,1,8,3,3,0,2,3,1,2,1,7.44,8.0,0.0,0.0,0.0,0.0,4.0,0.0,0.0,4.0,15.44,3
22500055,UTA,OKC,80.6,79.4,"('Isaiah Collier', 'Jusuf Nurkić')",3.583333333333333,2,1,8,3,3,0,2,3,1,2,1,7.44,8.0,0.0,0.0,0.0,0.0,4.0,0.0,0.0,4.0,15.44,3
22500055,UTA,OKC,80.6,79.4,"('Isaiah Collier', 'Lauri Markkanen')",3.583333333333333,2,1,8,3,3,0,2,3,1,2,1,7.44,8.0,0.0,0.0,0.0,0.0,4.0,0.0,0.0,4.0,15.44,3
22500055,UTA,OKC,80.6,79.4,"('Jusuf Nurkić', 'Lauri Markkanen')",3.583333333333333,2,1,8,3,3,0,2,3,1,2,1,7.44,8.0,0.0,0.0,0.0,0.0,4.0,0.0,0.0,4.0,15.44,3
22500055,UTA,OKC,80.8,79.6,"('Ace Bailey', 'Jusuf Nurkić')",4.466666666666665,1,18,7,6,0,3,2,1,2,3,2,10.2,9.32,2.0,2.0,4.0,8.0,0.0,0.0,0.0,4.0,19.52,3
22500055,UTA,OKC,80.8,79.6,"('Ace Bailey', 'Keyonte George')",4.466666666666665,1,18,7,6,0,3,2,1,2,3,2,10.2,9.32,2.0,2.0,4.0,8.0,0.0,0.0,0.0,4.0,19.52,3
22500055,UTA,OKC,80.8,79.6,"('Ace Bailey', 'Lauri Markkanen')",4.466666666666665,1,18,7,6,0,3,2,1,2,3,2,10.2,9.32,2.0,2.0,4.0,8.0,0.0,0.0,0.0,4.0,19.52,3
22500055,UTA,OKC,80.8,79.6,"('Ace Bailey', 'Svi Mykhailiuk')",4.466666666666665,1,18,7,6,0,3,2,1,2,3,2,10.2,9.32,2.0,2.0,4.0,8.0,0.0,0.0,0.0,4.0,19.52,3
22500055,UTA,OKC,80.8,79.6,"('Jusuf Nurkić', 'Keyonte George')",4.466666666666665,1,18,7,6,0,3,2,1,2,3,2,10.2,9.32,2.0,2.0,4.0,8.0,0.0,0.0,0.0,4.0,19.52,3
22500055,UTA,OKC,80.8,79.6,"('Jusuf Nurkić', 'Lauri Markkanen')",4.466666666666665,1,18,7,6,0,3,2,1,2,3,2,10.2,9.32,2.0,2.0,4.0,8.0,0.0,0.0,0.0,4.0,19.52,3
22500055,UTA,OKC,80.8,79.6,"('Jusuf Nurkić', 'Svi Mykhailiuk')",4.466666666666665,1,18,7,6,0,3,2,1,2,3,2,10.2,9.32,2.0,2.0,4.0,8.0,0.0,0.0,0.0,4.0,19.52,3
22500055,UTA,OKC,80.8,79.6,"('Keyonte George', 'Lauri Markkanen')",4.466666666666665,1,18,7,6,0,3,2,1,2,3,2,10.2,9.32,2.0,2.0,4.0,8.0,0.0,0.0,0.0,4.0,19.52,3
22500055,UTA,OKC,80.8,79.6,"('Keyonte George', 'Svi Mykhailiuk')",4.466666666666665,1,18,7,6,0,3,2,1,2,3,2,10.2,9.32,2.0,2.0,4.0,8.0,0.0,0.0,0.0,4.0,19.52,3
22500055,UTA,OKC,80.8,79.6,"('Lauri Markkanen', 'Svi Mykhailiuk')",4.466666666666665,1,18,7,6,0,3,2,1,2,3,2,10.2,9.32,2.0,2.0,4.0,8.0,0.0,0.0,0.0,4.0,19.52,3
22500087,UTA,LAC,81.2,78.6,"('Ace Bailey', 'Brice Sensabaugh')",1.15,1,2,5,1,0,1,1,1,0,0,2,2.0,3.0,0.0,0.0,0.0,2.0,2.0,0.0,0.0,2.0,5.0,4
22500087,UTA,LAC,81.2,78.6,"('Ace Bailey', 'Keyonte George')",1.15,1,2,5,1,0,1,1,1,0,0,2,2.0,3.0,0.0,0.0,0.0,2.0,2.0,0.0,0.0,2.0,5.0,4
22500087,UTA,LAC,81.2,78.6,"('Ace Bailey', 'Lauri Markkanen')",1.15,1,2,5,1,0,1,1,1,0,0,2,2.0,3.0,0.0,0.0,0.0,2.0,2.0,0.0,0.0,2.0,5.0,4
22500087,UTA,LAC,81.2,78.6,"('Ace Bailey', 'Walker Kessler')",1.15,1,2,5,1,0,1,1,1,0,0,2,2.0,3.0,0.0,0.0,0.0,2.0,2.0,0.0,0.0,2.0,5.0,4
22500087,UTA,LAC,81.2,78.6,"('Brice Sensabaugh', 'Keyonte George')",1.15,1,2,5,1,0,1,1,1,0,0,2,2.0,3.0,0.0,0.0,0.0,2.0,2.0,0.0,0.0,2.0,5.0,4
22500087,UTA,LAC,81.2,78.6,"('Brice Sensabaugh', 'Lauri Markkanen')",1.15,1,2,5,1,0,1,1,1,0,0,2,2.0,3.0,0.0,0.0,0.0,2.0,2.0,0.0,0.0,2.0,5.0,4
22500087,UTA,LAC,81.2,78.6,"('Brice Sensabaugh', 'Walker Kessler')",1.15,1,2,5,1,0,1,1,1,0,0,2,2.0,3.0,0.0,0.0,0.0,2.0,2.0,0.0,0.0,2.0,5.0,4
22500087,UTA,LAC,81.2,78.6,"('Keyonte George', 'Lauri Markkanen')",1.15,1,2,5,1,0,1,1,1,0,0,2,2.0,3.0,0.0,0.0,0.0,2.0,2.0,0.0,0.0,2.0,5.0,4
22500087,UTA,LAC,81.2,78.6,"('Keyonte George', 'Walker Kessler')",1.15,1,2,5,1,0,1,1,1,0,0,2,2.0,3.0,0.0,0.0,0.0,2.0,2.0,0.0,0.0,2.0,5.0,4
22500087,UTA,LAC,81.2,78.6,"('Lauri Markkanen', 'Walker Kessler')",1.15,1,2,5,1,0,1,1,1,0,0,2,2.0,3.0,0.0,0.0,0.0,2.0,2.0,0.0,0.0,2.0,5.0,4
22500087,UTA,LAC,81.8,78.6,"('Keyonte George', 'Kyle Filipowski')",5.149999999999999,1,19,9,4,2,7,2,0,2,2,1,10.44,9.0,4.0,4.0,3.0,12.0,0.0,0.0,0.0,4.0,19.44,4
22500087,UTA,LAC,81.8,78.6,"('Keyonte George', 'Lauri Markkanen')",5.149999999999999,1,19,9,4,2,7,2,0,2,2,1,10.44,9.0,4.0,4.0,3.0,12.0,0.0,0.0,0.0,4.0,19.44,4
22500087,UTA,LAC,81.8,78.6,"('Keyonte George', 'Svi Mykhailiuk')",5.149999999999999,1,19,9,4,2,7,2,0,2,2,1,10.44,9.0,4.0,4.0,3.0,12.0,0.0,0.0,0.0,4.0,19.44,4
22500087,UTA,LAC,81.8,78.6,"('Keyonte George', 'Walker Kessler')",5.149999999999999,1,19,9,4,2,7,2,0,2,2,1,10.44,9.0,4.0,4.0,3.0,12.0,0.0,0.0,0.0,4.0,19.44,4
22500087,UTA,LAC,81.8,78.6,"('Kyle Filipowski', 'Lauri Markkanen')",5.149999999999999,1,19,9,4,2,7,2,0,2,2,1,10.44,9.0,4.0,4.0,3.0,12.0,0.0,0.0,0.0,4.0,19.44,4
22500087,UTA,LAC,81.8,78.6,"('Kyle Filipowski', 'Svi Mykhailiuk')",5.149999999999999,1,19,9,4,2,7,2,0,2,2,1,10.44,9.0,4.0,4.0,3.0,12.0,0.0,0.0,0.0,4.0,19.44,4
22500087,UTA,LAC,81.8,78.6,"('Kyle Filipowski', 'Walker Kessler')",5.149999999999999,1,19,9,4,2,7,2,0,2,2,1,10.44,9.0,4.0,4.0,3.0,12.0,0.0,0.0,0.0,4.0,19.44,4
22500087,UTA,LAC,81.8,78.6,"('Lauri Markkanen', 'Svi Mykhailiuk')",5.149999999999999,1,19,9,4,2,7,2,0,2,2,1,10.44,9.0,4.0,4.0,3.0,12.0,0.0,0.0,0.0,4.0,19.44,4
22500087,UTA,LAC,81.8,78.6,"('Lauri Markkanen', 'Walker Kessler')",5.149999999999999,1,19,9,4,2,7,2,0,2,2,1,10.44,9.0,4.0,4.0,3.0,12.0,0.0,0.0,0.0,4.0,19.44,4
22500087,UTA,LAC,81.8,78.6,"('Svi Mykhailiuk', 'Walker Kessler')",5.149999999999999,1,19,9,4,2,7,2,0,2,2,1,10.44,9.0,4.0,4.0,3.0,12.0,0.0,0.0,0.0,4.0,19.44,4
22500087,UTA,LAC,80.4,79.0,"('Ace Bailey', 'Brice Sensabaugh')",0.95,1,5,0,1,0,2,0,0,1,0,0,3.0,2.0,0.0,3.0,0.0,2.0,0.0,0.0,0.0,0.0,5.0,4
22500087,UTA,LAC,80.4,79.0,"('Ace Bailey', 'Keyonte George')",0.95,1,5,0,1,0,2,0,0,1,0,0,3.0,2.0,0.0,3.0,0.0,2.0,0.0,0.0,0.0,0.0,5.0,4
22500087,UTA,LAC,80.4,79.0,"('Ace Bailey', 'Taylor Hendricks')",0.95,1,5,0,1,0,2,0,0,1,0,0,3.0,2.0,0.0,3.0,0.0,2.0,0.0,0.0,0.0,0.0,5.0,4
22500087,UTA,LAC,80.4,79.0,"('Ace Bailey', 'Walker Kessler')",0.95,1,5,0,1,0,2,0,0,1,0,0,3.0,2.0,0.0,3.0,0.0,2.0,0.0,0.0,0.0,0.0,5.0,4
22500087,UTA,LAC,80.4,79.0,"('Brice Sensabaugh', 'Keyonte George')",0.95,1,5,0,1,0,2,0,0,1,0,0,3.0,2.0,0.0,3.0,0.0,2.0,0.0,0.0,0.0,0.0,5.0,4
22500087,UTA,LAC,80.4,79.0,"('Brice Sensabaugh', 'Taylor Hendricks')",0.95,1,5,0,1,0,2,0,0,1,0,0,3.0,2.0,0.0,3.0,0.0,2.0,0.0,0.0,0.0,0.0,5.0,4
22500087,UTA,LAC,80.4,79.0,"('Brice Sensabaugh', 'Walker Kessler')",0.95,1,5,0,1,0,2,0,0,1,0,0,3.0,2.0,0.0,3.0,0.0,2.0,0.0,0.0,0.0,0.0,5.0,4
22500087,UTA,LAC,80.4,79.0,"('Keyonte George', 'Taylor Hendricks')",0.95,1,5,0,1,0,2,0,0,1,0,0,3.0,2.0,0.0,3.0,0.0,2.0,0.0,0.0,0.0,0.0,5.0,4
22500087,UTA,LAC,80.4,79.0,"('Keyonte George', 'Walker Kessler')",0.95,1,5,0,1,0,2,0,0,1,0,0,3.0,2.0,0.0,3.0,0.0,2.0,0.0,0.0,0.0,0.0,5.0,4
22500087,UTA,LAC,80.4,79.0,"('Taylor Hendricks', 'Walker Kessler')",0.95,1,5,0,1,0,2,0,0,1,0,0,3.0,2.0,0.0,3.0,0.0,2.0,0.0,0.0,0.0,0.0,5.0,4
22500087,UTA,LAC,80.6,78.4,"('Brice Sensabaugh', 'Jusuf Nurkić')",2.0,1,6,3,3,2,1,1,0,1,1,1,4.44,5.0,3.0,0.0,0.0,2.0,0.0,0.0,3.0,0.0,9.44,4
22500087,UTA,LAC,80.6,78.4,"('Brice Sensabaugh', 'Lauri Markkanen')",2.0,1,6,3,3,2,1,1,0,1,1,1,4.44,5.0,3.0,0.0,0.0,2.0,0.0,0.0,3.0,0.0,9.44,4
22500087,UTA,LAC,80.6,78.4,"('Brice Sensabaugh', 'Taylor Hendricks')",2.0,1,6,3,3,2,1,1,0,1,1,1,4.44,5.0,3.0,0.0,0.0,2.0,0.0,0.0,3.0,0.0,9.44,4
22500087,UTA,LAC,80.6,78.4,"('Brice Sensabaugh', 'Walter Clayton Jr.')",2.0,1,6,3,3,2,1,1,0,1,1,1,4.44,5.0,3.0,0.0,0.0,2.0,0.0,0.0,3.0,0.0,9.44,4
22500087,UTA,LAC,80.6,78.4,"('Jusuf Nurkić', 'Lauri Markkanen')",2.0,1,6,3,3,2,1,1,0,1,1,1,4.44,5.0,3.0,0.0,0.0,2.0,0.0,0.0,3.0,0.0,9.44,4
22500087,UTA,LAC,80.6,78.4,"('Jusuf Nurkić', 'Taylor Hendricks')",2.0,1,6,3,3,2,1,1,0,1,1,1,4.44,5.0,3.0,0.0,0.0,2.0,0.0,0.0,3.0,0.0,9.44,4
22500087,UTA,LAC,80.6,78.4,"('Jusuf Nurkić', 'Walter Clayton Jr.')",2.0,1,6,3,3,2,1,1,0,1,1,1,4.44,5.0,3.0,0.0,0.0,2.0,0.0,0.0,3.0,0.0,9.44,4
22500087,UTA,LAC,80.6,78.4,"('Lauri Markkanen', 'Taylor Hendricks')",2.0,1,6,3,3,2,1,1,0,1,1,1,4.44,5.0,3.0,0.0,0.0,2.0,0.0,0.0,3.0,0.0,9.44,4
22500087,UTA,LAC,80.6,78.4,"('Lauri Markkanen', 'Walter Clayton Jr.')",2.0,1,6,3,3,2,1,1,0,1,1,1,4.44,5.0,3.0,0.0,0.0,2.0,0.0,0.0,3.0,0.0,9.44,4
22500087,UTA,LAC,80.6,78.4,"('Taylor Hendricks', 'Walter Clayton Jr.')",2.0,1,6,3,3,2,1,1,0,1,1,1,4.44,5.0,3.0,0.0,0.0,2.0,0.0,0.0,3.0,0.0,9.44,4
22500087,UTA,LAC,81.2,77.8,"('Ace Bailey', 'Brice Sensabaugh')",2.083333333333333,4,4,3,3,3,2,0,0,0,1,3,4.0,4.0,0.0,0.0,2.0,2.0,0.0,0.0,3.0,0.0,8.0,4
22500087,UTA,LAC,81.2,77.8,"('Ace Bailey', 'Keyonte George')",2.083333333333333,4,4,3,3,3,2,0,0,0,1,3,4.0,4.0,0.0,0.0,2.0,2.0,0.0,0.0,3.0,0.0,8.0,4
22500087,UTA,LAC,81.2,77.8,"('Ace Bailey', 'Lauri Markkanen')",2.083333333333333,4,4,3,3,3,2,0,0,0,1,3,4.0,4.0,0.0,0.0,2.0,2.0,0.0,0.0,3.0,0.0,8.0,4
22500087,UTA,LAC,81.2,77.8,"('Ace Bailey', 'Walker Kessler')",2.083333333333333,4,4,3,3,3,2,0,0,0,1,3,4.0,4.0,0.0,0.0,2.0,2.0,0.0,0.0,3.0,0.0,8.0,4
22500087,UTA,LAC,81.2,77.8,"('Brice Sensabaugh', 'Keyonte George')",2.083333333333333,4,4,3,3,3,2,0,0,0,1,3,4.0,4.0,0.0,0.0,2.0,2.0,0.0,0.0,3.0,0.0,8.0,4
22500087,UTA,LAC,81.2,77.8,"('Brice Sensabaugh', 'Lauri Markkanen')",2.083333333333333,4,4,3,3,3,2,0,0,0,1,3,4.0,4.0,0.0,0.0,2.0,2.0,0.0,0.0,3.0,0.0,8.0,4
22500087,UTA,LAC,81.2,77.8,"('Brice Sensabaugh', 'Walker Kessler')",2.083333333333333,4,4,3,3,3,2,0,0,0,1,3,4.0,4.0,0.0,0.0,2.0,2.0,0.0,0.0,3.0,0.0,8.0,4
22500087,UTA,LAC,81.2,77.8,"('Keyonte George', 'Lauri Markkanen')",2.083333333333333,4,4,3,3,3,2,0,0,0,1,3,4.0,4.0,0.0,0.0,2.0,2.0,0.0,0.0,3.0,0.0,8.0,4
22500087,UTA,LAC,81.2,77.8,"('Keyonte George', 'Walker Kessler')",2.083333333333333,4,4,3,3,3,2,0,0,0,1,3,4.0,4.0,0.0,0.0,2.0,2.0,0.0,0.0,3.0,0.0,8.0,4
22500087,UTA,LAC,81.2,77.8,"('Lauri Markkanen', 'Walker Kessler')",2.083333333333333,4,4,3,3,3,2,0,0,0,1,3,4.0,4.0,0.0,0.0,2.0,2.0,0.0,0.0,3.0,0.0,8.0,4
22500087,UTA,LAC,79.8,78.4,"('Ace Bailey', 'Brice Sensabaugh')",2.0166666666666666,1,10,0,1,1,1,0,2,5,1,2,6.76,6.0,4.0,6.0,0.0,6.0,0.0,0.0,0.0,0.0,12.76,4
22500087,UTA,LAC,79.8,78.4,"('Ace Bailey', 'Jusuf Nurkić')",2.0166666666666666,1,10,0,1,1,1,0,2,5,1,2,6.76,6.0,4.0,6.0,0.0,6.0,0.0,0.0,0.0,0.0,12.76,4
22500087,UTA,LAC,79.8,78.4,"('Ace Bailey', 'Taylor Hendricks')",2.0166666666666666,1,10,0,1,1,1,0,2,5,1,2,6.76,6.0,4.0,6.0,0.0,6.0,0.0,0.0,0.0,0.0,12.76,4
22500087,UTA,LAC,79.8,78.4,"('Ace Bailey', 'Walter Clayton Jr.')",2.0166666666666666,1,10,0,1,1,1,0,2,5,1,2,6.76,6.0,4.0,6.0,0.0,6.0,0.0,0.0,0.0,0.0,12.76,4
22500087,UTA,LAC,79.8,78.4,"('Brice Sensabaugh', 'Jusuf Nurkić')",2.0166666666666666,1,10,0,1,1,1,0,2,5,1,2,6.76,6.0,4.0,6.0,0.0,6.0,0.0,0.0,0.0,0.0,12.76,4
22500087,UTA,LAC,79.8,78.4,"('Brice Sensabaugh', 'Taylor Hendricks')",2.0166666666666666,1,10,0,1,1,1,0,2,5,1,2,6.76,6.0,4.0,6.0,0.0,6.0,0.0,0.0,0.0,0.0,12.76,4
22500087,UTA,LAC,79.8,78.4,"('Brice Sensabaugh', 'Walter Clayton Jr.')",2.0166666666666666,1,10,0,1,1,1,0,2,5,1,2,6.76,6.0,4.0,6.0,0.0,6.0,0.0,0.0,0.0,0.0,12.76,4
22500087,UTA,LAC,79.8,78.4,"('Jusuf Nurkić', 'Taylor Hendricks')",2.0166666666666666,1,10,0,1,1,1,0,2,5,1,2,6.76,6.0,4.0,6.0,0.0,6.0,0.0,0.0,0.0,0.0,12.76,4
22500087,UTA,LAC,79.8,78.4,"('Jusuf Nurkić', 'Walter Clayton Jr.')",2.0166666666666666,1,10,0,1,1,1,0,2,5,1,2,6.76,6.0,4.0,6.0,0.0,6.0,0.0,0.0,0.0,0.0,12.76,4
22500087,UTA,LAC,79.8,78.4,"('Taylor Hendricks', 'Walter Clayton Jr.')",2.0166666666666666,1,10,0,1,1,1,0,2,5,1,2,6.76,6.0,4.0,6.0,0.0,6.0,0.0,0.0,0.0,0.0,12.76,4
22500087,UTA,LAC,81.2,79.6,"('Ace Bailey', 'Brice Sensabaugh')",1.0166666666666668,3,2,3,0,2,1,1,0,1,2,1,2.0,3.44,2.0,2.0,0.0,2.0,0.0,0.0,2.0,2.0,5.44,4
22500087,UTA,LAC,81.2,79.6,"('Ace Bailey', 'Keyonte George')",1.0166666666666668,3,2,3,0,2,1,1,0,1,2,1,2.0,3.44,2.0,2.0,0.0,2.0,0.0,0.0,2.0,2.0,5.44,4
22500087,UTA,LAC,81.2,79.6,"('Ace Bailey', 'Lauri Markkanen')",1.0166666666666668,3,2,3,0,2,1,1,0,1,2,1,2.0,3.44,2.0,2.0,0.0,2.0,0.0,0.0,2.0,2.0,5.44,4
22500087,UTA,LAC,81.2,79.6,"('Ace Bailey', 'Walker Kessler')",1.0166666666666668,3,2,3,0,2,1,1,0,1,2,1,2.0,3.44,2.0,2.0,0.0,2.0,0.0,0.0,2.0,2.0,5.44,4
22500087,UTA,LAC,81.2,79.6,"('Brice Sensabaugh', 'Keyonte George')",1.0166666666666668,3,2,3,0,2,1,1,0,1,2,1,2.0,3.44,2.0,2.0,0.0,2.0,0.0,0.0,2.0,2.0,5.44,4
22500087,UTA,LAC,81.2,79.6,"('Brice Sensabaugh', 'Lauri Markkanen')",1.0166666666666668,3,2,3,0,2,1,1,0,1,2,1,2.0,3.44,2.0,2.0,0.0,2.0,0.0,0.0,2.0,2.0,5.44,4
22500087,UTA,LAC,81.2,79.6,"('Brice Sensabaugh', 'Walker Kessler')",1.0166666666666668,3,2,3,0,2,1,1,0,1,2,1,2.0,3.44,2.0,2.0,0.0,2.0,0.0,0.0,2.0,2.0,5.44,4
22500087,UTA,LAC,81.2,79.6,"('Keyonte George', 'Lauri Markkanen')",1.0166666666666668,3,2,3,0,2,1,1,0,1,2,1,2.0,3.44,2.0,2.0,0.0,2.0,0.0,0.0,2.0,2.0,5.44,4
22500087,UTA,LAC,81.2,79.6,"('Keyonte George', 'Walker Kessler')",1.0166666666666668,3,2,3,0,2,1,1,0,1,2,1,2.0,3.44,2.0,2.0,0.0,2.0,0.0,0.0,2.0,2.0,5.44,4
22500087,UTA,LAC,81.2,79.6,"('Lauri Markkanen', 'Walker Kessler')",1.0166666666666668,3,2,3,0,2,1,1,0,1,2,1,2.0,3.44,2.0,2.0,0.0,2.0,0.0,0.0,2.0,2.0,5.44,4
22500087,UTA,LAC,80.6,79.0,"('Brice Sensabaugh', 'Jusuf Nurkić')",1.8233333333333333,3,5,8,2,2,2,1,0,0,2,0,4.0,4.2,0.0,0.0,3.0,2.0,0.0,0.0,0.0,0.0,8.2,4
22500087,UTA,LAC,80.6,79.0,"('Brice Sensabaugh', 'Lauri Markkanen')",1.8233333333333333,3,5,8,2,2,2,1,0,0,2,0,4.0,4.2,0.0,0.0,3.0,2.0,0.0,0.0,0.0,0.0,8.2,4
22500087,UTA,LAC,80.6,79.0,"('Brice Sensabaugh', 'Taylor Hendricks')",1.8233333333333333,3,5,8,2,2,2,1,0,0,2,0,4.0,4.2,0.0,0.0,3.0,2.0,0.0,0.0,0.0,0.0,8.2,4
22500087,UTA,LAC,80.6,79.0,"('Brice Sensabaugh', 'Walter Clayton Jr.')",1.8233333333333333,3,5,8,2,2,2,1,0,0,2,0,4.0,4.2,0.0,0.0,3.0,2.0,0.0,0.0,0.0,0.0,8.2,4
22500087,UTA,LAC,80.6,79.0,"('Jusuf Nurkić', 'Lauri Markkanen')",1.8233333333333333,3,5,8,2,2,2,1,0,0,2,0,4.0,4.2,0.0,0.0,3.0,2.0,0.0,0.0,0.0,0.0,8.2,4
22500087,UTA,LAC,80.6,79.0,"('Jusuf Nurkić', 'Taylor Hendricks')",1.8233333333333333,3,5,8,2,2,2,1,0,0,2,0,4.0,4.2,0.0,0.0,3.0,2.0,0.0,0.0,0.0,0.0,8.2,4
22500087,UTA,LAC,80.6,79.0,"('Jusuf Nurkić', 'Walter Clayton Jr.')",1.8233333333333333,3,5,8,2,2,2,1,0,0,2,0,4.0,4.2,0.0,0.0,3.0,2.0,0.0,0.0,0.0,0.0,8.2,4
22500087,UTA,LAC,80.6,79.0,"('Lauri Markkanen', 'Taylor Hendricks')",1.8233333333333333,3,5,8,2,2,2,1,0,0,2,0,4.0,4.2,0.0,0.0,3.0,2.0,0.0,0.0,0.0,0.0,8.2,4
22500087,UTA,LAC,80.6,79.0,"('Lauri Markkanen', 'Walter Clayton Jr.')",1.8233333333333333,3,5,8,2,2,2,1,0,0,2,0,4.0,4.2,0.0,0.0,3.0,2.0,0.0,0.0,0.0,0.0,8.2,4
22500087,UTA,LAC,80.6,79.0,"('Taylor Hendricks', 'Walter Clayton Jr.')",1.8233333333333333,3,5,8,2,2,2,1,0,0,2,0,4.0,4.2,0.0,0.0,3.0,2.0,0.0,0.0,0.0,0.0,8.2,4
22500087,UTA,LAC,80.8,79.0,"('Jusuf Nurkić', 'Lauri Markkanen')",0.21,3,0,2,0,1,0,0,0,0,0,0,0.0,1.0,0.0,0.0,0.0,0.0,0.0,0.0,2.0,2.0,1.0,4
22500087,UTA,LAC,80.8,79.0,"('Jusuf Nurkić', 'Svi Mykhailiuk')",0.21,3,0,2,0,1,0,0,0,0,0,0,0.0,1.0,0.0,0.0,0.0,0.0,0.0,0.0,2.0,2.0,1.0,4
22500087,UTA,LAC,80.8,79.0,"('Jusuf Nurkić', 'Taylor Hendricks')",0.21,3,0,2,0,1,0,0,0,0,0,0,0.0,1.0,0.0,0.0,0.0,0.0,0.0,0.0,2.0,2.0,1.0,4
22500087,UTA,LAC,80.8,79.0,"('Jusuf Nurkić', 'Walter Clayton Jr.')",0.21,3,0,2,0,1,0,0,0,0,0,0,0.0,1.0,0.0,0.0,0.0,0.0,0.0,0.0,2.0,2.0,1.0,4
22500087,UTA,LAC,80.8,79.0,"('Lauri Markkanen', 'Svi Mykhailiuk')",0.21,3,0,2,0,1,0,0,0,0,0,0,0.0,1.0,0.0,0.0,0.0,0.0,0.0,0.0,2.0,2.0,1.0,4
22500087,UTA,LAC,80.8,79.0,"('Lauri Markkanen', 'Taylor Hendricks')",0.21,3,0,2,0,1,0,0,0,0,0,0,0.0,1.0,0.0,0.0,0.0,0.0,0.0,0.0,2.0,2.0,1.0,4
22500087,UTA,LAC,80.8,79.0,"('Lauri Markkanen', 'Walter Clayton Jr.')",0.21,3,0,2,0,1,0,0,0,0,0,0,0.0,1.0,0.0,0.0,0.0,0.0,0.0,0.0,2.0,2.0,1.0,4
22500087,UTA,LAC,80.8,79.0,"('Svi Mykhailiuk', 'Taylor Hendricks')",0.21,3,0,2,0,1,0,0,0,0,0,0,0.0,1.0,0.0,0.0,0.0,0.0,0.0,0.0,2.0,2.0,1.0,4
22500087,UTA,LAC,80.8,79.0,"('Svi Mykhailiuk', 'Walter Clayton Jr.')",0.21,3,0,2,0,1,0,0,0,0,0,0,0.0,1.0,0.0,0.0,0.0,0.0,0.0,0.0,2.0,2.0,1.0,4
22500087,UTA,LAC,80.8,79.0,"('Taylor Hendricks', 'Walter Clayton Jr.')",0.21,3,0,2,0,1,0,0,0,0,0,0,0.0,1.0,0.0,0.0,0.0,0.0,0.0,0.0,2.0,2.0,1.0,4
22500087,UTA,LAC,81.0,78.6,"('Ace Bailey', 'Keyonte George')",1.7833333333333332,2,3,1,1,2,1,0,1,0,2,1,3.0,2.44,0.0,0.0,0.0,0.0,0.0,0.0,0.0,0.0,5.44,4
22500087,UTA,LAC,81.0,78.6,"('Ace Bailey', 'Kyle Filipowski')",1.7833333333333332,2,3,1,1,2,1,0,1,0,2,1,3.0,2.44,0.0,0.0,0.0,0.0,0.0,0.0,0.0,0.0,5.44,4
22500087,UTA,LAC,81.0,78.6,"('Ace Bailey', 'Svi Mykhailiuk')",1.7833333333333332,2,3,1,1,2,1,0,1,0,2,1,3.0,2.44,0.0,0.0,0.0,0.0,0.0,0.0,0.0,0.0,5.44,4
22500087,UTA,LAC,81.0,78.6,"('Ace Bailey', 'Walker Kessler')",1.7833333333333332,2,3,1,1,2,1,0,1,0,2,1,3.0,2.44,0.0,0.0,0.0,0.0,0.0,0.0,0.0,0.0,5.44,4
22500087,UTA,LAC,81.0,78.6,"('Keyonte George', 'Kyle Filipowski')",1.7833333333333332,2,3,1,1,2,1,0,1,0,2,1,3.0,2.44,0.0,0.0,0.0,0.0,0.0,0.0,0.0,0.0,5.44,4
22500087,UTA,LAC,81.0,78.6,"('Keyonte George', 'Svi Mykhailiuk')",1.7833333333333332,2,3,1,1,2,1,0,1,0,2,1,3.0,2.44,0.0,0.0,0.0,0.0,0.0,0.0,0.0,0.0,5.44,4
22500087,UTA,LAC,81.0,78.6,"('Keyonte George', 'Walker Kessler')",1.7833333333333332,2,3,1,1,2,1,0,1,0,2,1,3.0,2.44,0.0,0.0,0.0,0.0,0.0,0.0,0.0,0.0,5.44,4
22500087,UTA,LAC,81.0,78.6,"('Kyle Filipowski', 'Svi Mykhailiuk')",1.7833333333333332,2,3,1,1,2,1,0,1,0,2,1,3.0,2.44,0.0,0.0,0.0,0.0,0.0,0.0,0.0,0.0,5.44,4
22500087,UTA,LAC,81.0,78.6,"('Kyle Filipowski', 'Walker Kessler')",1.7833333333333332,2,3,1,1,2,1,0,1,0,2,1,3.0,2.44,0.0,0.0,0.0,0.0,0.0,0.0,0.0,0.0,5.44,4
22500087,UTA,LAC,81.0,78.6,"('Svi Mykhailiuk', 'Walker Kessler')",1.7833333333333332,2,3,1,1,2,1,0,1,0,2,1,3.0,2.44,0.0,0.0,0.0,0.0,0.0,0.0,0.0,0.0,5.44,4
22500087,UTA,LAC,80.4,78.8,"('Ace Bailey', 'Jusuf Nurkić')",0.0833333333333333,2,0,2,0,0,0,1,0,0,0,0,0.0,1.0,0.0,0.0,0.0,0.0,0.0,0.0,0.0,2.0,1.0,4
22500087,UTA,LAC,80.4,78.8,"('Ace Bailey', 'Kyle Filipowski')",0.0833333333333333,2,0,2,0,0,0,1,0,0,0,0,0.0,1.0,0.0,0.0,0.0,0.0,0.0,0.0,0.0,2.0,1.0,4
22500087,UTA,LAC,80.4,78.8,"('Ace Bailey', 'Svi Mykhailiuk')",0.0833333333333333,2,0,2,0,0,0,1,0,0,0,0,0.0,1.0,0.0,0.0,0.0,0.0,0.0,0.0,0.0,2.0,1.0,4
22500087,UTA,LAC,80.4,78.8,"('Ace Bailey', 'Walter Clayton Jr.')",0.0833333333333333,2,0,2,0,0,0,1,0,0,0,0,0.0,1.0,0.0,0.0,0.0,0.0,0.0,0.0,0.0,2.0,1.0,4
22500087,UTA,LAC,80.4,78.8,"('Jusuf Nurkić', 'Kyle Filipowski')",0.0833333333333333,2,0,2,0,0,0,1,0,0,0,0,0.0,1.0,0.0,0.0,0.0,0.0,0.0,0.0,0.0,2.0,1.0,4
22500087,UTA,LAC,80.4,78.8,"('Jusuf Nurkić', 'Svi Mykhailiuk')",0.0833333333333333,2,0,2,0,0,0,1,0,0,0,0,0.0,1.0,0.0,0.0,0.0,0.0,0.0,0.0,0.0,2.0,1.0,4
22500087,UTA,LAC,80.4,78.8,"('Jusuf Nurkić', 'Walter Clayton Jr.')",0.0833333333333333,2,0,2,0,0,0,1,0,0,0,0,0.0,1.0,0.0,0.0,0.0,0.0,0.0,0.0,0.0,2.0,1.0,4
22500087,UTA,LAC,80.4,78.8,"('Kyle Filipowski', 'Svi Mykhailiuk')",0.0833333333333333,2,0,2,0,0,0,1,0,0,0,0,0.0,1.0,0.0,0.0,0.0,0.0,0.0,0.0,0.0,2.0,1.0,4
22500087,UTA,LAC,80.4,78.8,"('Kyle Filipowski', 'Walter Clayton Jr.')",0.0833333333333333,2,0,2,0,0,0,1,0,0,0,0,0.0,1.0,0.0,0.0,0.0,0.0,0.0,0.0,0.0,2.0,1.0,4
22500087,UTA,LAC,80.4,78.8,"('Svi Mykhailiuk', 'Walter Clayton Jr.')",0.0833333333333333,2,0,2,0,0,0,1,0,0,0,0,0.0,1.0,0.0,0.0,0.0,0.0,0.0,0.0,0.0,2.0,1.0,4
22500087,UTA,LAC,80.8,78.6,"('Brice Sensabaugh', 'Keyonte George')",2.8333333333333326,2,13,3,4,1,4,1,0,1,0,1,7.44,6.44,0.0,2.0,0.0,6.0,0.0,0.0,0.0,2.0,13.88,4
22500087,UTA,LAC,80.8,78.6,"('Brice Sensabaugh', 'Lauri Markkanen')",2.8333333333333326,2,13,3,4,1,4,1,0,1,0,1,7.44,6.44,0.0,2.0,0.0,6.0,0.0,0.0,0.0,2.0,13.88,4
22500087,UTA,LAC,80.8,78.6,"('Brice Sensabaugh', 'Svi Mykhailiuk')",2.8333333333333326,2,13,3,4,1,4,1,0,1,0,1,7.44,6.44,0.0,2.0,0.0,6.0,0.0,0.0,0.0,2.0,13.88,4
22500087,UTA,LAC,80.8,78.6,"('Brice Sensabaugh', 'Walker Kessler')",2.8333333333333326,2,13,3,4,1,4,1,0,1,0,1,7.44,6.44,0.0,2.0,0.0,6.0,0.0,0.0,0.0,2.0,13.88,4
22500087,UTA,LAC,80.8,78.6,"('Keyonte George', 'Lauri Markkanen')",2.8333333333333326,2,13,3,4,1,4,1,0,1,0,1,7.44,6.44,0.0,2.0,0.0,6.0,0.0,0.0,0.0,2.0,13.88,4
22500087,UTA,LAC,80.8,78.6,"('Keyonte George', 'Svi Mykhailiuk')",2.8333333333333326,2,13,3,4,1,4,1,0,1,0,1,7.44,6.44,0.0,2.0,0.0,6.0,0.0,0.0,0.0,2.0,13.88,4
22500087,UTA,LAC,80.8,78.6,"('Keyonte George', 'Walker Kessler')",2.8333333333333326,2,13,3,4,1,4,1,0,1,0,1,7.44,6.44,0.0,2.0,0.0,6.0,0.0,0.0,0.0,2.0,13.88,4
22500087,UTA,LAC,80.8,78.6,"('Lauri Markkanen', 'Svi Mykhailiuk')",2.8333333333333326,2,13,3,4,1,4,1,0,1,0,1,7.44,6.44,0.0,2.0,0.0,6.0,0.0,0.0,0.0,2.0,13.88,4
22500087,UTA,LAC,80.8,78.6,"('Lauri Markkanen', 'Walker Kessler')",2.8333333333333326,2,13,3,4,1,4,1,0,1,0,1,7.44,6.44,0.0,2.0,0.0,6.0,0.0,0.0,0.0,2.0,13.88,4
22500087,UTA,LAC,80.8,78.6,"('Svi Mykhailiuk', 'Walker Kessler')",2.8333333333333326,2,13,3,4,1,4,1,0,1,0,1,7.44,6.44,0.0,2.0,0.0,6.0,0.0,0.0,0.0,2.0,13.88,4
22500087,UTA,LAC,81.2,78.0,"('Brice Sensabaugh', 'Keyonte George')",1.4833333333333334,2,3,5,1,1,1,1,1,0,1,0,2.44,3.0,0.0,0.0,0.0,2.0,2.0,0.0,2.0,2.0,5.44,4
22500087,UTA,LAC,81.2,78.0,"('Brice Sensabaugh', 'Lauri Markkanen')",1.4833333333333334,2,3,5,1,1,1,1,1,0,1,0,2.44,3.0,0.0,0.0,0.0,2.0,2.0,0.0,2.0,2.0,5.44,4
22500087,UTA,LAC,81.2,78.0,"('Brice Sensabaugh', 'Taylor Hendricks')",1.4833333333333334,2,3,5,1,1,1,1,1,0,1,0,2.44,3.0,0.0,0.0,0.0,2.0,2.0,0.0,2.0,2.0,5.44,4
22500087,UTA,LAC,81.2,78.0,"('Brice Sensabaugh', 'Walker Kessler')",1.4833333333333334,2,3,5,1,1,1,1,1,0,1,0,2.44,3.0,0.0,0.0,0.0,2.0,2.0,0.0,2.0,2.0,5.44,4
22500087,UTA,LAC,81.2,78.0,"('Keyonte George', 'Lauri Markkanen')",1.4833333333333334,2,3,5,1,1,1,1,1,0,1,0,2.44,3.0,0.0,0.0,0.0,2.0,2.0,0.0,2.0,2.0,5.44,4
22500087,UTA,LAC,81.2,78.0,"('Keyonte George', 'Taylor Hendricks')",1.4833333333333334,2,3,5,1,1,1,1,1,0,1,0,2.44,3.0,0.0,0.0,0.0,2.0,2.0,0.0,2.0,2.0,5.44,4
22500087,UTA,LAC,81.2,78.0,"('Keyonte George', 'Walker Kessler')",1.4833333333333334,2,3,5,1,1,1,1,1,0,1,0,2.44,3.0,0.0,0.0,0.0,2.0,2.0,0.0,2.0,2.0,5.44,4
22500087,UTA,LAC,81.2,78.0,"('Lauri Markkanen', 'Taylor Hendricks')",1.4833333333333334,2,3,5,1,1,1,1,1,0,1,0,2.44,3.0,0.0,0.0,0.0,2.0,2.0,0.0,2.0,2.0,5.44,4
22500087,UTA,LAC,81.2,78.0,"('Lauri Markkanen', 'Walker Kessler')",1.4833333333333334,2,3,5,1,1,1,1,1,0,1,0,2.44,3.0,0.0,0.0,0.0,2.0,2.0,0.0,2.0,2.0,5.44,4
22500087,UTA,LAC,81.2,78.0,"('Taylor Hendricks', 'Walker Kessler')",1.4833333333333334,2,3,5,1,1,1,1,1,0,1,0,2.44,3.0,0.0,0.0,0.0,2.0,2.0,0.0,2.0,2.0,5.44,4
22500087,UTA,LAC,79.8,79.0,"('Ace Bailey', 'Brice Sensabaugh')",0.4,1,1,2,0,0,0,0,0,0,0,1,0.44,1.0,0.0,0.0,0.0,0.0,0.0,0.0,0.0,2.0,1.44,4
22500087,UTA,LAC,79.8,79.0,"('Ace Bailey', 'Jusuf Nurkić')",0.4,1,1,2,0,0,0,0,0,0,0,1,0.44,1.0,0.0,0.0,0.0,0.0,0.0,0.0,0.0,2.0,1.44,4
22500087,UTA,LAC,79.8,79.0,"('Ace Bailey', 'Keyonte George')",0.4,1,1,2,0,0,0,0,0,0,0,1,0.44,1.0,0.0,0.0,0.0,0.0,0.0,0.0,0.0,2.0,1.44,4
22500087,UTA,LAC,79.8,79.0,"('Ace Bailey', 'Taylor Hendricks')",0.4,1,1,2,0,0,0,0,0,0,0,1,0.44,1.0,0.0,0.0,0.0,0.0,0.0,0.0,0.0,2.0,1.44,4
22500087,UTA,LAC,79.8,79.0,"('Brice Sensabaugh', 'Jusuf Nurkić')",0.4,1,1,2,0,0,0,0,0,0,0,1,0.44,1.0,0.0,0.0,0.0,0.0,0.0,0.0,0.0,2.0,1.44,4
22500087,UTA,LAC,79.8,79.0,"('Brice Sensabaugh', 'Keyonte George')",0.4,1,1,2,0,0,0,0,0,0,0,1,0.44,1.0,0.0,0.0,0.0,0.0,0.0,0.0,0.0,2.0,1.44,4
22500087,UTA,LAC,79.8,79.0,"('Brice Sensabaugh', 'Taylor Hendricks')",0.4,1,1,2,0,0,0,0,0,0,0,1,0.44,1.0,0.0,0.0,0.0,0.0,0.0,0.0,0.0,2.0,1.44,4
22500087,UTA,LAC,79.8,79.0,"('Jusuf Nurkić', 'Keyonte George')",0.4,1,1,2,0,0,0,0,0,0,0,1,0.44,1.0,0.0,0.0,0.0,0.0,0.0,0.0,0.0,2.0,1.44,4
22500087,UTA,LAC,79.8,79.0,"('Jusuf Nurkić', 'Taylor Hendricks')",0.4,1,1,2,0,0,0,0,0,0,0,1,0.44,1.0,0.0,0.0,0.0,0.0,0.0,0.0,0.0,2.0,1.44,4
22500087,UTA,LAC,79.8,79.0,"('Keyonte George', 'Taylor Hendricks')",0.4,1,1,2,0,0,0,0,0,0,0,1,0.44,1.0,0.0,0.0,0.0,0.0,0.0,0.0,0.0,2.0,1.44,4
22500087,UTA,LAC,81.8,78.6,"('Ace Bailey', 'Keyonte George')",2.233333333333334,2,7,6,2,1,2,2,1,1,0,2,4.44,5.0,0.0,0.0,0.0,0.0,2.0,2.0,0.0,6.0,9.44,4
22500087,UTA,LAC,81.8,78.6,"('Ace Bailey', 'Lauri Markkanen')",2.233333333333334,2,7,6,2,1,2,2,1,1,0,2,4.44,5.0,0.0,0.0,0.0,0.0,2.0,2.0,0.0,6.0,9.44,4
22500087,UTA,LAC,81.8,78.6,"('Ace Bailey', 'Taylor Hendricks')",2.233333333333334,2,7,6,2,1,2,2,1,1,0,2,4.44,5.0,0.0,0.0,0.0,0.0,2.0,2.0,0.0,6.0,9.44,4
22500087,UTA,LAC,81.8,78.6,"('Ace Bailey', 'Walker Kessler')",2.233333333333334,2,7,6,2,1,2,2,1,1,0,2,4.44,5.0,0.0,0.0,0.0,0.0,2.0,2.0,0.0,6.0,9.44,4
22500087,UTA,LAC,81.8,78.6,"('Keyonte George', 'Lauri Markkanen')",2.233333333333334,2,7,6,2,1,2,2,1,1,0,2,4.44,5.0,0.0,0.0,0.0,0.0,2.0,2.0,0.0,6.0,9.44,4
22500087,UTA,LAC,81.8,78.6,"('Keyonte George', 'Taylor Hendricks')",2.233333333333334,2,7,6,2,1,2,2,1,1,0,2,4.44,5.0,0.0,0.0,0.0,0.0,2.0,2.0,0.0,6.0,9.44,4
22500087,UTA,LAC,81.8,78.6,"('Keyonte George', 'Walker Kessler')",2.233333333333334,2,7,6,2,1,2,2,1,1,0,2,4.44,5.0,0.0,0.0,0.0,0.0,2.0,2.0,0.0,6.0,9.44,4
22500087,UTA,LAC,81.8,78.6,"('Lauri Markkanen', 'Taylor Hendricks')",2.233333333333334,2,7,6,2,1,2,2,1,1,0,2,4.44,5.0,0.0,0.0,0.0,0.0,2.0,2.0,0.0,6.0,9.44,4
22500087,UTA,LAC,81.8,78.6,"('Lauri Markkanen', 'Walker Kessler')",2.233333333333334,2,7,6,2,1,2,2,1,1,0,2,4.44,5.0,0.0,0.0,0.0,0.0,2.0,2.0,0.0,6.0,9.44,4
22500087,UTA,LAC,81.8,78.6,"('Taylor Hendricks', 'Walker Kessler')",2.233333333333334,2,7,6,2,1,2,2,1,1,0,2,4.44,5.0,0.0,0.0,0.0,0.0,2.0,2.0,0.0,6.0,9.44,4
22500087,UTA,LAC,80.4,79.6,"('Ace Bailey', 'Brice Sensabaugh')",0.2666666666666666,3,0,2,0,1,0,1,0,0,1,0,1.0,1.0,0.0,0.0,0.0,0.0,0.0,2.0,0.0,2.0,2.0,4
22500087,UTA,LAC,80.4,79.6,"('Ace Bailey', 'Keyonte George')",0.2666666666666666,3,0,2,0,1,0,1,0,0,1,0,1.0,1.0,0.0,0.0,0.0,0.0,0.0,2.0,0.0,2.0,2.0,4
22500087,UTA,LAC,80.4,79.6,"('Ace Bailey', 'Taylor Hendricks')",0.2666666666666666,3,0,2,0,1,0,1,0,0,1,0,1.0,1.0,0.0,0.0,0.0,0.0,0.0,2.0,0.0,2.0,2.0,4
22500087,UTA,LAC,80.4,79.6,"('Ace Bailey', 'Walker Kessler')",0.2666666666666666,3,0,2,0,1,0,1,0,0,1,0,1.0,1.0,0.0,0.0,0.0,0.0,0.0,2.0,0.0,2.0,2.0,4
22500087,UTA,LAC,80.4,79.6,"('Brice Sensabaugh', 'Keyonte George')",0.2666666666666666,3,0,2,0,1,0,1,0,0,1,0,1.0,1.0,0.0,0.0,0.0,0.0,0.0,2.0,0.0,2.0,2.0,4
22500087,UTA,LAC,80.4,79.6,"('Brice Sensabaugh', 'Taylor Hendricks')",0.2666666666666666,3,0,2,0,1,0,1,0,0,1,0,1.0,1.0,0.0,0.0,0.0,0.0,0.0,2.0,0.0,2.0,2.0,4
22500087,UTA,LAC,80.4,79.6,"('Brice Sensabaugh', 'Walker Kessler')",0.2666666666666666,3,0,2,0,1,0,1,0,0,1,0,1.0,1.0,0.0,0.0,0.0,0.0,0.0,2.0,0.0,2.0,2.0,4
22500087,UTA,LAC,80.4,79.6,"('Keyonte George', 'Taylor Hendricks')",0.2666666666666666,3,0,2,0,1,0,1,0,0,1,0,1.0,1.0,0.0,0.0,0.0,0.0,0.0,2.0,0.0,2.0,2.0,4
22500087,UTA,LAC,80.4,79.6,"('Keyonte George', 'Walker Kessler')",0.2666666666666666,3,0,2,0,1,0,1,0,0,1,0,1.0,1.0,0.0,0.0,0.0,0.0,0.0,2.0,0.0,2.0,2.0,4
22500087,UTA,LAC,80.4,79.6,"('Taylor Hendricks', 'Walker Kessler')",0.2666666666666666,3,0,2,0,1,0,1,0,0,1,0,1.0,1.0,0.0,0.0,0.0,0.0,0.0,2.0,0.0,2.0,2.0,4
22500087,UTA,LAC,79.8,79.6,"('Ace Bailey', 'Brice Sensabaugh')",1.833333333333333,3,5,5,3,1,2,2,1,0,0,0,5.0,5.0,0.0,0.0,0.0,0.0,2.0,2.0,0.0,2.0,10.0,4
22500087,UTA,LAC,79.8,79.6,"('Ace Bailey', 'Jusuf Nurkić')",1.833333333333333,3,5,5,3,1,2,2,1,0,0,0,5.0,5.0,0.0,0.0,0.0,0.0,2.0,2.0,0.0,2.0,10.0,4
22500087,UTA,LAC,79.8,79.6,"('Ace Bailey', 'Keyonte George')",1.833333333333333,3,5,5,3,1,2,2,1,0,0,0,5.0,5.0,0.0,0.0,0.0,0.0,2.0,2.0,0.0,2.0,10.0,4
22500087,UTA,LAC,79.8,79.6,"('Ace Bailey', 'Taylor Hendricks')",1.833333333333333,3,5,5,3,1,2,2,1,0,0,0,5.0,5.0,0.0,0.0,0.0,0.0,2.0,2.0,0.0,2.0,10.0,4
22500087,UTA,LAC,79.8,79.6,"('Brice Sensabaugh', 'Jusuf Nurkić')",1.833333333333333,3,5,5,3,1,2,2,1,0,0,0,5.0,5.0,0.0,0.0,0.0,0.0,2.0,2.0,0.0,2.0,10.0,4
22500087,UTA,LAC,79.8,79.6,"('Brice Sensabaugh', 'Keyonte George')",1.833333333333333,3,5,5,3,1,2,2,1,0,0,0,5.0,5.0,0.0,0.0,0.0,0.0,2.0,2.0,0.0,2.0,10.0,4
22500087,UTA,LAC,79.8,79.6,"('Brice Sensabaugh', 'Taylor Hendricks')",1.833333333333333,3,5,5,3,1,2,2,1,0,0,0,5.0,5.0,0.0,0.0,0.0,0.0,2.0,2.0,0.0,2.0,10.0,4
22500087,UTA,LAC,79.8,79.6,"('Jusuf Nurkić', 'Keyonte George')",1.833333333333333,3,5,5,3,1,2,2,1,0,0,0,5.0,5.0,0.0,0.0,0.0,0.0,2.0,2.0,0.0,2.0,10.0,4
22500087,UTA,LAC,79.8,79.6,"('Jusuf Nurkić', 'Taylor Hendricks')",1.833333333333333,3,5,5,3,1,2,2,1,0,0,0,5.0,5.0,0.0,0.0,0.0,0.0,2.0,2.0,0.0,2.0,10.0,4
22500087,UTA,LAC,79.8,79.6,"('Keyonte George', 'Taylor Hendricks')",1.833333333333333,3,5,5,3,1,2,2,1,0,0,0,5.0,5.0,0.0,0.0,0.0,0.0,2.0,2.0,0.0,2.0,10.0,4
22500087,UTA,LAC,79.8,79.0,"('Ace Bailey', 'Brice Sensabaugh')",1.2833333333333332,3,4,2,1,0,2,1,1,0,0,0,3.0,2.0,0.0,0.0,2.0,4.0,0.0,0.0,0.0,2.0,5.0,4
22500087,UTA,LAC,79.8,79.0,"('Ace Bailey', 'Jusuf Nurkić')",1.2833333333333332,3,4,2,1,0,2,1,1,0,0,0,3.0,2.0,0.0,0.0,2.0,4.0,0.0,0.0,0.0,2.0,5.0,4
22500087,UTA,LAC,79.8,79.0,"('Ace Bailey', 'Taylor Hendricks')",1.2833333333333332,3,4,2,1,0,2,1,1,0,0,0,3.0,2.0,0.0,0.0,2.0,4.0,0.0,0.0,0.0,2.0,5.0,4
22500087,UTA,LAC,79.8,79.0,"('Ace Bailey', 'Walter Clayton Jr.')",1.2833333333333332,3,4,2,1,0,2,1,1,0,0,0,3.0,2.0,0.0,0.0,2.0,4.0,0.0,0.0,0.0,2.0,5.0,4
22500087,UTA,LAC,79.8,79.0,"('Brice Sensabaugh', 'Jusuf Nurkić')",1.2833333333333332,3,4,2,1,0,2,1,1,0,0,0,3.0,2.0,0.0,0.0,2.0,4.0,0.0,0.0,0.0,2.0,5.0,4
22500087,UTA,LAC,79.8,79.0,"('Brice Sensabaugh', 'Taylor Hendricks')",1.2833333333333332,3,4,2,1,0,2,1,1,0,0,0,3.0,2.0,0.0,0.0,2.0,4.0,0.0,0.0,0.0,2.0,5.0,4
22500087,UTA,LAC,79.8,79.0,"('Brice Sensabaugh', 'Walter Clayton Jr.')",1.2833333333333332,3,4,2,1,0,2,1,1,0,0,0,3.0,2.0,0.0,0.0,2.0,4.0,0.0,0.0,0.0,2.0,5.0,4
22500087,UTA,LAC,79.8,79.0,"('Jusuf Nurkić', 'Taylor Hendricks')",1.2833333333333332,3,4,2,1,0,2,1,1,0,0,0,3.0,2.0,0.0,0.0,2.0,4.0,0.0,0.0,0.0,2.0,5.0,4
22500087,UTA,LAC,79.8,79.0,"('Jusuf Nurkić', 'Walter Clayton Jr.')",1.2833333333333332,3,4,2,1,0,2,1,1,0,0,0,3.0,2.0,0.0,0.0,2.0,4.0,0.0,0.0,0.0,2.0,5.0,4
22500087,UTA,LAC,79.8,79.0,"('Taylor Hendricks', 'Walter Clayton Jr.')",1.2833333333333332,3,4,2,1,0,2,1,1,0,0,0,3.0,2.0,0.0,0.0,2.0,4.0,0.0,0.0,0.0,2.0,5.0,4
22500087,UTA,LAC,81.8,78.8,"('Keyonte George', 'Kyle Filipowski')",0.5666666666666667,4,1,3,0,2,0,0,0,0,0,1,1.44,1.44,0.0,0.0,0.0,0.0,0.0,0.0,2.0,2.0,2.88,4
22500087,UTA,LAC,81.8,78.8,"('Keyonte George', 'Lauri Markkanen')",0.5666666666666667,4,1,3,0,2,0,0,0,0,0,1,1.44,1.44,0.0,0.0,0.0,0.0,0.0,0.0,2.0,2.0,2.88,4
22500087,UTA,LAC,81.8,78.8,"('Keyonte George', 'Svi Mykhailiuk')",0.5666666666666667,4,1,3,0,2,0,0,0,0,0,1,1.44,1.44,0.0,0.0,0.0,0.0,0.0,0.0,2.0,2.0,2.88,4
22500087,UTA,LAC,81.8,78.8,"('Keyonte George', 'Walker Kessler')",0.5666666666666667,4,1,3,0,2,0,0,0,0,0,1,1.44,1.44,0.0,0.0,0.0,0.0,0.0,0.0,2.0,2.0,2.88,4
22500087,UTA,LAC,81.8,78.8,"('Kyle Filipowski', 'Lauri Markkanen')",0.5666666666666667,4,1,3,0,2,0,0,0,0,0,1,1.44,1.44,0.0,0.0,0.0,0.0,0.0,0.0,2.0,2.0,2.88,4
22500087,UTA,LAC,81.8,78.8,"('Kyle Filipowski', 'Svi Mykhailiuk')",0.5666666666666667,4,1,3,0,2,0,0,0,0,0,1,1.44,1.44,0.0,0.0,0.0,0.0,0.0,0.0,2.0,2.0,2.88,4
22500087,UTA,LAC,81.8,78.8,"('Kyle Filipowski', 'Walker Kessler')",0.5666666666666667,4,1,3,0,2,0,0,0,0,0,1,1.44,1.44,0.0,0.0,0.0,0.0,0.0,0.0,2.0,2.0,2.88,4
22500087,UTA,LAC,81.8,78.8,"('Lauri Markkanen', 'Svi Mykhailiuk')",0.5666666666666667,4,1,3,0,2,0,0,0,0,0,1,1.44,1.44,0.0,0.0,0.0,0.0,0.0,0.0,2.0,2.0,2.88,4
22500087,UTA,LAC,81.8,78.8,"('Lauri Markkanen', 'Walker Kessler')",0.5666666666666667,4,1,3,0,2,0,0,0,0,0,1,1.44,1.44,0.0,0.0,0.0,0.0,0.0,0.0,2.0,2.0,2.88,4
22500087,UTA,LAC,81.8,78.8,"('Svi Mykhailiuk', 'Walker Kessler')",0.5666666666666667,4,1,3,0,2,0,0,0,0,0,1,1.44,1.44,0.0,0.0,0.0,0.0,0.0,0.0,2.0,2.0,2.88,4
22500087,UTA,LAC,80.8,78.8,"('Ace Bailey', 'Brice Sensabaugh')",0.7666666666666666,4,0,3,0,2,0,1,0,0,0,1,1.0,1.0,0.0,0.0,0.0,0.0,0.0,0.0,3.0,0.0,2.0,4
22500087,UTA,LAC,80.8,78.8,"('Ace Bailey', 'Keyonte George')",0.7666666666666666,4,0,3,0,2,0,1,0,0,0,1,1.0,1.0,0.0,0.0,0.0,0.0,0.0,0.0,3.0,0.0,2.0,4
22500087,UTA,LAC,80.8,78.8,"('Ace Bailey', 'Kyle Filipowski')",0.7666666666666666,4,0,3,0,2,0,1,0,0,0,1,1.0,1.0,0.0,0.0,0.0,0.0,0.0,0.0,3.0,0.0,2.0,4
22500087,UTA,LAC,80.8,78.8,"('Ace Bailey', 'Walker Kessler')",0.7666666666666666,4,0,3,0,2,0,1,0,0,0,1,1.0,1.0,0.0,0.0,0.0,0.0,0.0,0.0,3.0,0.0,2.0,4
22500087,UTA,LAC,80.8,78.8,"('Brice Sensabaugh', 'Keyonte George')",0.7666666666666666,4,0,3,0,2,0,1,0,0,0,1,1.0,1.0,0.0,0.0,0.0,0.0,0.0,0.0,3.0,0.0,2.0,4
22500087,UTA,LAC,80.8,78.8,"('Brice Sensabaugh', 'Kyle Filipowski')",0.7666666666666666,4,0,3,0,2,0,1,0,0,0,1,1.0,1.0,0.0,0.0,0.0,0.0,0.0,0.0,3.0,0.0,2.0,4
22500087,UTA,LAC,80.8,78.8,"('Brice Sensabaugh', 'Walker Kessler')",0.7666666666666666,4,0,3,0,2,0,1,0,0,0,1,1.0,1.0,0.0,0.0,0.0,0.0,0.0,0.0,3.0,0.0,2.0,4
22500087,UTA,LAC,80.8,78.8,"('Keyonte George', 'Kyle Filipowski')",0.7666666666666666,4,0,3,0,2,0,1,0,0,0,1,1.0,1.0,0.0,0.0,0.0,0.0,0.0,0.0,3.0,0.0,2.0,4
22500087,UTA,LAC,80.8,78.8,"('Keyonte George', 'Walker Kessler')",0.7666666666666666,4,0,3,0,2,0,1,0,0,0,1,1.0,1.0,0.0,0.0,0.0,0.0,0.0,0.0,3.0,0.0,2.0,4
22500087,UTA,LAC,80.8,78.8,"('Kyle Filipowski', 'Walker Kessler')",0.7666666666666666,4,0,3,0,2,0,1,0,0,0,1,1.0,1.0,0.0,0.0,0.0,0.0,0.0,0.0,3.0,0.0,2.0,4
22500087,UTA,LAC,81.2,78.8,"('Jusuf Nurkić', 'Kyle Filipowski')",3.3666666666666663,2,9,11,2,2,2,4,1,0,1,1,6.0,6.0,0.0,0.0,3.0,0.0,2.0,2.0,0.0,2.0,12.0,4
22500087,UTA,LAC,81.2,78.8,"('Jusuf Nurkić', 'Lauri Markkanen')",3.3666666666666663,2,9,11,2,2,2,4,1,0,1,1,6.0,6.0,0.0,0.0,3.0,0.0,2.0,2.0,0.0,2.0,12.0,4
22500087,UTA,LAC,81.2,78.8,"('Jusuf Nurkić', 'Svi Mykhailiuk')",3.3666666666666663,2,9,11,2,2,2,4,1,0,1,1,6.0,6.0,0.0,0.0,3.0,0.0,2.0,2.0,0.0,2.0,12.0,4
22500087,UTA,LAC,81.2,78.8,"('Jusuf Nurkić', 'Walter Clayton Jr.')",3.3666666666666663,2,9,11,2,2,2,4,1,0,1,1,6.0,6.0,0.0,0.0,3.0,0.0,2.0,2.0,0.0,2.0,12.0,4
22500087,UTA,LAC,81.2,78.8,"('Kyle Filipowski', 'Lauri Markkanen')",3.3666666666666663,2,9,11,2,2,2,4,1,0,1,1,6.0,6.0,0.0,0.0,3.0,0.0,2.0,2.0,0.0,2.0,12.0,4
22500087,UTA,LAC,81.2,78.8,"('Kyle Filipowski', 'Svi Mykhailiuk')",3.3666666666666663,2,9,11,2,2,2,4,1,0,1,1,6.0,6.0,0.0,0.0,3.0,0.0,2.0,2.0,0.0,2.0,12.0,4
22500087,UTA,LAC,81.2,78.8,"('Kyle Filipowski', 'Walter Clayton Jr.')",3.3666666666666663,2,9,11,2,2,2,4,1,0,1,1,6.0,6.0,0.0,0.0,3.0,0.0,2.0,2.0,0.0,2.0,12.0,4
22500087,UTA,LAC,81.2,78.8,"('Lauri Markkanen', 'Svi Mykhailiuk')",3.3666666666666663,2,9,11,2,2,2,4,1,0,1,1,6.0,6.0,0.0,0.0,3.0,0.0,2.0,2.0,0.0,2.0,12.0,4
22500087,UTA,LAC,81.2,78.8,"('Lauri Markkanen', 'Walter Clayton Jr.')",3.3666666666666663,2,9,11,2,2,2,4,1,0,1,1,6.0,6.0,0.0,0.0,3.0,0.0,2.0,2.0,0.0,2.0,12.0,4
22500087,UTA,LAC,81.2,78.8,"('Svi Mykhailiuk', 'Walter Clayton Jr.')",3.3666666666666663,2,9,11,2,2,2,4,1,0,1,1,6.0,6.0,0.0,0.0,3.0,0.0,2.0,2.0,0.0,2.0,12.0,4
22500087,UTA,LAC,81.8,78.6,"('Keyonte George', 'Kyle Filipowski')",5.416666666666666,3,14,11,6,4,4,3,0,2,1,2,10.32,10.0,2.0,4.0,7.0,8.0,3.0,0.0,4.0,8.0,20.32,4
22500087,UTA,LAC,81.8,78.6,"('Keyonte George', 'Lauri Markkanen')",5.416666666666666,3,14,11,6,4,4,3,0,2,1,2,10.32,10.0,2.0,4.0,7.0,8.0,3.0,0.0,4.0,8.0,20.32,4
22500087,UTA,LAC,81.8,78.6,"('Keyonte George', 'Svi Mykhailiuk')",5.416666666666666,3,14,11,6,4,4,3,0,2,1,2,10.32,10.0,2.0,4.0,7.0,8.0,3.0,0.0,4.0,8.0,20.32,4
22500087,UTA,LAC,81.8,78.6,"('Keyonte George', 'Walker Kessler')",5.416666666666666,3,14,11,6,4,4,3,0,2,1,2,10.32,10.0,2.0,4.0,7.0,8.0,3.0,0.0,4.0,8.0,20.32,4
22500087,UTA,LAC,81.8,78.6,"('Kyle Filipowski', 'Lauri Markkanen')",5.416666666666666,3,14,11,6,4,4,3,0,2,1,2,10.32,10.0,2.0,4.0,7.0,8.0,3.0,0.0,4.0,8.0,20.32,4
22500087,UTA,LAC,81.8,78.6,"('Kyle Filipowski', 'Svi Mykhailiuk')",5.416666666666666,3,14,11,6,4,4,3,0,2,1,2,10.32,10.0,2.0,4.0,7.0,8.0,3.0,0.0,4.0,8.0,20.32,4
22500087,UTA,LAC,81.8,78.6,"('Kyle Filipowski', 'Walker Kessler')",5.416666666666666,3,14,11,6,4,4,3,0,2,1,2,10.32,10.0,2.0,4.0,7.0,8.0,3.0,0.0,4.0,8.0,20.32,4
22500087,UTA,LAC,81.8,78.6,"('Lauri Markkanen', 'Svi Mykhailiuk')",5.416666666666666,3,14,11,6,4,4,3,0,2,1,2,10.32,10.0,2.0,4.0,7.0,8.0,3.0,0.0,4.0,8.0,20.32,4
22500087,UTA,LAC,81.8,78.6,"('Lauri Markkanen', 'Walker Kessler')",5.416666666666666,3,14,11,6,4,4,3,0,2,1,2,10.32,10.0,2.0,4.0,7.0,8.0,3.0,0.0,4.0,8.0,20.32,4
22500087,UTA,LAC,81.8,78.6,"('Svi Mykhailiuk', 'Walker Kessler')",5.416666666666666,3,14,11,6,4,4,3,0,2,1,2,10.32,10.0,2.0,4.0,7.0,8.0,3.0,0.0,4.0,8.0,20.32,4
22500087,UTA,LAC,81.2,78.4,"('Jusuf Nurkić', 'Kyle Filipowski')",3.6,4,7,3,6,3,1,1,1,1,1,1,7.0,7.44,0.0,0.0,4.0,4.0,0.0,0.0,0.0,0.0,14.44,4
22500087,UTA,LAC,81.2,78.4,"('Jusuf Nurkić', 'Lauri Markkanen')",3.6,4,7,3,6,3,1,1,1,1,1,1,7.0,7.44,0.0,0.0,4.0,4.0,0.0,0.0,0.0,0.0,14.44,4
22500087,UTA,LAC,81.2,78.4,"('Jusuf Nurkić', 'Svi Mykhailiuk')",3.6,4,7,3,6,3,1,1,1,1,1,1,7.0,7.44,0.0,0.0,4.0,4.0,0.0,0.0,0.0,0.0,14.44,4
22500087,UTA,LAC,81.2,78.4,"('Jusuf Nurkić', 'Walter Clayton Jr.')",3.6,4,7,3,6,3,1,1,1,1,1,1,7.0,7.44,0.0,0.0,4.0,4.0,0.0,0.0,0.0,0.0,14.44,4
22500087,UTA,LAC,81.2,78.4,"('Kyle Filipowski', 'Lauri Markkanen')",3.6,4,7,3,6,3,1,1,1,1,1,1,7.0,7.44,0.0,0.0,4.0,4.0,0.0,0.0,0.0,0.0,14.44,4
22500087,UTA,LAC,81.2,78.4,"('Kyle Filipowski', 'Svi Mykhailiuk')",3.6,4,7,3,6,3,1,1,1,1,1,1,7.0,7.44,0.0,0.0,4.0,4.0,0.0,0.0,0.0,0.0,14.44,4
22500087,UTA,LAC,81.2,78.4,"('Kyle Filipowski', 'Walter Clayton Jr.')",3.6,4,7,3,6,3,1,1,1,1,1,1,7.0,7.44,0.0,0.0,4.0,4.0,0.0,0.0,0.0,0.0,14.44,4
22500087,UTA,LAC,81.2,78.4,"('Lauri Markkanen', 'Svi Mykhailiuk')",3.6,4,7,3,6,3,1,1,1,1,1,1,7.0,7.44,0.0,0.0,4.0,4.0,0.0,0.0,0.0,0.0,14.44,4
22500087,UTA,LAC,81.2,78.4,"('Lauri Markkanen', 'Walter Clayton Jr.')",3.6,4,7,3,6,3,1,1,1,1,1,1,7.0,7.44,0.0,0.0,4.0,4.0,0.0,0.0,0.0,0.0,14.44,4
22500087,UTA,LAC,81.2,78.4,"('Svi Mykhailiuk', 'Walter Clayton Jr.')",3.6,4,7,3,6,3,1,1,1,1,1,1,7.0,7.44,0.0,0.0,4.0,4.0,0.0,0.0,0.0,0.0,14.44,4
22500087,UTA,LAC,80.4,80.0,"('Ace Bailey', 'Brice Sensabaugh')",1.0333333333333332,4,0,3,2,1,0,1,1,0,1,0,2.0,2.0,0.0,0.0,0.0,0.0,3.0,0.0,0.0,0.0,4.0,4
22500087,UTA,LAC,80.4,80.0,"('Ace Bailey', 'Taylor Hendricks')",1.0333333333333332,4,0,3,2,1,0,1,1,0,1,0,2.0,2.0,0.0,0.0,0.0,0.0,3.0,0.0,0.0,0.0,4.0,4
22500087,UTA,LAC,80.4,80.0,"('Ace Bailey', 'Walker Kessler')",1.0333333333333332,4,0,3,2,1,0,1,1,0,1,0,2.0,2.0,0.0,0.0,0.0,0.0,3.0,0.0,0.0,0.0,4.0,4
22500087,UTA,LAC,80.4,80.0,"('Ace Bailey', 'Walter Clayton Jr.')",1.0333333333333332,4,0,3,2,1,0,1,1,0,1,0,2.0,2.0,0.0,0.0,0.0,0.0,3.0,0.0,0.0,0.0,4.0,4
22500087,UTA,LAC,80.4,80.0,"('Brice Sensabaugh', 'Taylor Hendricks')",1.0333333333333332,4,0,3,2,1,0,1,1,0,1,0,2.0,2.0,0.0,0.0,0.0,0.0,3.0,0.0,0.0,0.0,4.0,4
22500087,UTA,LAC,80.4,80.0,"('Brice Sensabaugh', 'Walker Kessler')",1.0333333333333332,4,0,3,2,1,0,1,1,0,1,0,2.0,2.0,0.0,0.0,0.0,0.0,3.0,0.0,0.0,0.0,4.0,4
22500087,UTA,LAC,80.4,80.0,"('Brice Sensabaugh', 'Walter Clayton Jr.')",1.0333333333333332,4,0,3,2,1,0,1,1,0,1,0,2.0,2.0,0.0,0.0,0.0,0.0,3.0,0.0,0.0,0.0,4.0,4
22500087,UTA,LAC,80.4,80.0,"('Taylor Hendricks', 'Walker Kessler')",1.0333333333333332,4,0,3,2,1,0,1,1,0,1,0,2.0,2.0,0.0,0.0,0.0,0.0,3.0,0.0,0.0,0.0,4.0,4
22500087,UTA,LAC,80.4,80.0,"('Taylor Hendricks', 'Walter Clayton Jr.')",1.0333333333333332,4,0,3,2,1,0,1,1,0,1,0,2.0,2.0,0.0,0.0,0.0,0.0,3.0,0.0,0.0,0.0,4.0,4
22500087,UTA,LAC,80.4,80.0,"('Walker Kessler', 'Walter Clayton Jr.')",1.0333333333333332,4,0,3,2,1,0,1,1,0,1,0,2.0,2.0,0.0,0.0,0.0,0.0,3.0,0.0,0.0,0.0,4.0,4
22500087,UTA,LAC,80.2,80.0,"('Ace Bailey', 'Cody Williams')",2.16,4,7,10,2,2,2,2,0,0,2,0,4.0,4.640000000000001,0.0,0.0,3.0,4.0,0.0,0.0,0.0,4.0,8.64,4
22500087,UTA,LAC,80.2,80.0,"('Ace Bailey', 'Kyle Filipowski')",2.16,4,7,10,2,2,2,2,0,0,2,0,4.0,4.640000000000001,0.0,0.0,3.0,4.0,0.0,0.0,0.0,4.0,8.64,4
22500087,UTA,LAC,80.2,80.0,"('Ace Bailey', 'Taylor Hendricks')",2.16,4,7,10,2,2,2,2,0,0,2,0,4.0,4.640000000000001,0.0,0.0,3.0,4.0,0.0,0.0,0.0,4.0,8.64,4
22500087,UTA,LAC,80.2,80.0,"('Ace Bailey', 'Walter Clayton Jr.')",2.16,4,7,10,2,2,2,2,0,0,2,0,4.0,4.640000000000001,0.0,0.0,3.0,4.0,0.0,0.0,0.0,4.0,8.64,4
22500087,UTA,LAC,80.2,80.0,"('Cody Williams', 'Kyle Filipowski')",2.16,4,7,10,2,2,2,2,0,0,2,0,4.0,4.640000000000001,0.0,0.0,3.0,4.0,0.0,0.0,0.0,4.0,8.64,4
22500087,UTA,LAC,80.2,80.0,"('Cody Williams', 'Taylor Hendricks')",2.16,4,7,10,2,2,2,2,0,0,2,0,4.0,4.640000000000001,0.0,0.0,3.0,4.0,0.0,0.0,0.0,4.0,8.64,4
22500087,UTA,LAC,80.2,80.0,"('Cody Williams', 'Walter Clayton Jr.')",2.16,4,7,10,2,2,2,2,0,0,2,0,4.0,4.640000000000001,0.0,0.0,3.0,4.0,0.0,0.0,0.0,4.0,8.64,4
22500087,UTA,LAC,80.2,80.0,"('Kyle Filipowski', 'Taylor Hendricks')",2.16,4,7,10,2,2,2,2,0,0,2,0,4.0,4.640000000000001,0.0,0.0,3.0,4.0,0.0,0.0,0.0,4.0,8.64,4
22500087,UTA,LAC,80.2,80.0,"('Kyle Filipowski', 'Walter Clayton Jr.')",2.16,4,7,10,2,2,2,2,0,0,2,0,4.0,4.640000000000001,0.0,0.0,3.0,4.0,0.0,0.0,0.0,4.0,8.64,4
22500087,UTA,LAC,80.2,80.0,"('Taylor Hendricks', 'Walter Clayton Jr.')",2.16,4,7,10,2,2,2,2,0,0,2,0,4.0,4.640000000000001,0.0,0.0,3.0,4.0,0.0,0.0,0.0,4.0,8.64,4
22500087,UTA,LAC,80.4,80.0,"('Ace Bailey', 'Brice Sensabaugh')",0.4166666666666666,4,1,0,0,2,0,0,0,0,1,0,0.44,1.0,0.0,0.0,0.0,0.0,0.0,0.0,0.0,0.0,1.44,4
22500087,UTA,LAC,80.4,80.0,"('Ace Bailey', 'Keyonte George')",0.4166666666666666,4,1,0,0,2,0,0,0,0,1,0,0.44,1.0,0.0,0.0,0.0,0.0,0.0,0.0,0.0,0.0,1.44,4
22500087,UTA,LAC,80.4,80.0,"('Ace Bailey', 'Taylor Hendricks')",0.4166666666666666,4,1,0,0,2,0,0,0,0,1,0,0.44,1.0,0.0,0.0,0.0,0.0,0.0,0.0,0.0,0.0,1.44,4
22500087,UTA,LAC,80.4,80.0,"('Ace Bailey', 'Walker Kessler')",0.4166666666666666,4,1,0,0,2,0,0,0,0,1,0,0.44,1.0,0.0,0.0,0.0,0.0,0.0,0.0,0.0,0.0,1.44,4
22500087,UTA,LAC,80.4,80.0,"('Brice Sensabaugh', 'Keyonte George')",0.4166666666666666,4,1,0,0,2,0,0,0,0,1,0,0.44,1.0,0.0,0.0,0.0,0.0,0.0,0.0,0.0,0.0,1.44,4
22500087,UTA,LAC,80.4,80.0,"('Brice Sensabaugh', 'Taylor Hendricks')",0.4166666666666666,4,1,0,0,2,0,0,0,0,1,0,0.44,1.0,0.0,0.0,0.0,0.0,0.0,0.0,0.0,0.0,1.44,4
22500087,UTA,LAC,80.4,80.0,"('Brice Sensabaugh', 'Walker Kessler')",0.4166666666666666,4,1,0,0,2,0,0,0,0,1,0,0.44,1.0,0.0,0.0,0.0,0.0,0.0,0.0,0.0,0.0,1.44,4
22500087,UTA,LAC,80.4,80.0,"('Keyonte George', 'Taylor Hendricks')",0.4166666666666666,4,1,0,0,2,0,0,0,0,1,0,0.44,1.0,0.0,0.0,0.0,0.0,0.0,0.0,0.0,0.0,1.44,4
22500087,UTA,LAC,80.4,80.0,"('Keyonte George', 'Walker Kessler')",0.4166666666666666,4,1,0,0,2,0,0,0,0,1,0,0.44,1.0,0.0,0.0,0.0,0.0,0.0,0.0,0.0,0.0,1.44,4
22500087,UTA,LAC,80.4,80.0,"('Taylor Hendricks', 'Walker Kessler')",0.4166666666666666,4,1,0,0,2,0,0,0,0,1,0,0.44,1.0,0.0,0.0,0.0,0.0,0.0,0.0,0.0,0.0,1.44,4
22500087,UTA,LAC,80.4,78.8,"('Brice Sensabaugh', 'Keyonte George')",0.6,4,1,3,1,0,0,1,1,0,1,0,1.44,2.0,0.0,0.0,0.0,0.0,3.0,0.0,0.0,0.0,3.44,4
22500087,UTA,LAC,80.4,78.8,"('Brice Sensabaugh', 'Kyle Filipowski')",0.6,4,1,3,1,0,0,1,1,0,1,0,1.44,2.0,0.0,0.0,0.0,0.0,3.0,0.0,0.0,0.0,3.44,4
22500087,UTA,LAC,80.4,78.8,"('Brice Sensabaugh', 'Svi Mykhailiuk')",0.6,4,1,3,1,0,0,1,1,0,1,0,1.44,2.0,0.0,0.0,0.0,0.0,3.0,0.0,0.0,0.0,3.44,4
22500087,UTA,LAC,80.4,78.8,"('Brice Sensabaugh', 'Walker Kessler')",0.6,4,1,3,1,0,0,1,1,0,1,0,1.44,2.0,0.0,0.0,0.0,0.0,3.0,0.0,0.0,0.0,3.44,4
22500087,UTA,LAC,80.4,78.8,"('Keyonte George', 'Kyle Filipowski')",0.6,4,1,3,1,0,0,1,1,0,1,0,1.44,2.0,0.0,0.0,0.0,0.0,3.0,0.0,0.0,0.0,3.44,4
22500087,UTA,LAC,80.4,78.8,"('Keyonte George', 'Svi Mykhailiuk')",0.6,4,1,3,1,0,0,1,1,0,1,0,1.44,2.0,0.0,0.0,0.0,0.0,3.0,0.0,0.0,0.0,3.44,4
22500087,UTA,LAC,80.4,78.8,"('Keyonte George', 'Walker Kessler')",0.6,4,1,3,1,0,0,1,1,0,1,0,1.44,2.0,0.0,0.0,0.0,0.0,3.0,0.0,0.0,0.0,3.44,4
22500087,UTA,LAC,80.4,78.8,"('Kyle Filipowski', 'Svi Mykhailiuk')",0.6,4,1,3,1,0,0,1,1,0,1,0,1.44,2.0,0.0,0.0,0.0,0.0,3.0,0.0,0.0,0.0,3.44,4
22500087,UTA,LAC,80.4,78.8,"('Kyle Filipowski', 'Walker Kessler')",0.6,4,1,3,1,0,0,1,1,0,1,0,1.44,2.0,0.0,0.0,0.0,0.0,3.0,0.0,0.0,0.0,3.44,4
22500087,UTA,LAC,80.4,78.8,"('Svi Mykhailiuk', 'Walker Kessler')",0.6,4,1,3,1,0,0,1,1,0,1,0,1.44,2.0,0.0,0.0,0.0,0.0,3.0,0.0,0.0,0.0,3.44,4
22500098,UTA,SAC,79.8,78.4,"('Ace Bailey', 'Brice Sensabaugh')",0.1833333333333333,1,0,1,0,0,0,0,0,0,1,0,0.0,0.44,0.0,0.0,0.0,0.0,0.0,0.0,0.0,0.0,0.44,5
22500098,UTA,SAC,79.8,78.4,"('Ace Bailey', 'Jusuf Nurkić')",0.1833333333333333,1,0,1,0,0,0,0,0,0,1,0,0.0,0.44,0.0,0.0,0.0,0.0,0.0,0.0,0.0,0.0,0.44,5
22500098,UTA,SAC,79.8,78.4,"('Ace Bailey', 'Keyonte George')",0.1833333333333333,1,0,1,0,0,0,0,0,0,1,0,0.0,0.44,0.0,0.0,0.0,0.0,0.0,0.0,0.0,0.0,0.44,5
22500098,UTA,SAC,79.8,78.4,"('Ace Bailey', 'Taylor Hendricks')",0.1833333333333333,1,0,1,0,0,0,0,0,0,1,0,0.0,0.44,0.0,0.0,0.0,0.0,0.0,0.0,0.0,0.0,0.44,5
22500098,UTA,SAC,79.8,78.4,"('Brice Sensabaugh', 'Jusuf Nurkić')",0.1833333333333333,1,0,1,0,0,0,0,0,0,1,0,0.0,0.44,0.0,0.0,0.0,0.0,0.0,0.0,0.0,0.0,0.44,5
22500098,UTA,SAC,79.8,78.4,"('Brice Sensabaugh', 'Keyonte George')",0.1833333333333333,1,0,1,0,0,0,0,0,0,1,0,0.0,0.44,0.0,0.0,0.0,0.0,0.0,0.0,0.0,0.0,0.44,5
22500098,UTA,SAC,79.8,78.4,"('Brice Sensabaugh', 'Taylor Hendricks')",0.1833333333333333,1,0,1,0,0,0,0,0,0,1,0,0.0,0.44,0.0,0.0,0.0,0.0,0.0,0.0,0.0,0.0,0.44,5
22500098,UTA,SAC,79.8,78.4,"('Jusuf Nurkić', 'Keyonte George')",0.1833333333333333,1,0,1,0,0,0,0,0,0,1,0,0.0,0.44,0.0,0.0,0.0,0.0,0.0,0.0,0.0,0.0,0.44,5
22500098,UTA,SAC,79.8,78.4,"('Jusuf Nurkić', 'Taylor Hendricks')",0.1833333333333333,1,0,1,0,0,0,0,0,0,1,0,0.0,0.44,0.0,0.0,0.0,0.0,0.0,0.0,0.0,0.0,0.44,5
22500098,UTA,SAC,79.8,78.4,"('Keyonte George', 'Taylor Hendricks')",0.1833333333333333,1,0,1,0,0,0,0,0,0,1,0,0.0,0.44,0.0,0.0,0.0,0.0,0.0,0.0,0.0,0.0,0.44,5
22500098,UTA,SAC,80.4,77.8,"('Ace Bailey', 'Brice Sensabaugh')",1.5333333333333334,1,2,0,3,2,1,0,1,1,0,0,4.0,4.0,0.0,0.0,0.0,2.0,0.0,0.0,0.0,0.0,8.0,5
22500098,UTA,SAC,80.4,77.8,"('Ace Bailey', 'Keyonte George')",1.5333333333333334,1,2,0,3,2,1,0,1,1,0,0,4.0,4.0,0.0,0.0,0.0,2.0,0.0,0.0,0.0,0.0,8.0,5
22500098,UTA,SAC,80.4,77.8,"('Ace Bailey', 'Taylor Hendricks')",1.5333333333333334,1,2,0,3,2,1,0,1,1,0,0,4.0,4.0,0.0,0.0,0.0,2.0,0.0,0.0,0.0,0.0,8.0,5
22500098,UTA,SAC,80.4,77.8,"('Ace Bailey', 'Walker Kessler')",1.5333333333333334,1,2,0,3,2,1,0,1,1,0,0,4.0,4.0,0.0,0.0,0.0,2.0,0.0,0.0,0.0,0.0,8.0,5
22500098,UTA,SAC,80.4,77.8,"('Brice Sensabaugh', 'Keyonte George')",1.5333333333333334,1,2,0,3,2,1,0,1,1,0,0,4.0,4.0,0.0,0.0,0.0,2.0,0.0,0.0,0.0,0.0,8.0,5
22500098,UTA,SAC,80.4,77.8,"('Brice Sensabaugh', 'Taylor Hendricks')",1.5333333333333334,1,2,0,3,2,1,0,1,1,0,0,4.0,4.0,0.0,0.0,0.0,2.0,0.0,0.0,0.0,0.0,8.0,5
22500098,UTA,SAC,80.4,77.8,"('Brice Sensabaugh', 'Walker Kessler')",1.5333333333333334,1,2,0,3,2,1,0,1,1,0,0,4.0,4.0,0.0,0.0,0.0,2.0,0.0,0.0,0.0,0.0,8.0,5
22500098,UTA,SAC,80.4,77.8,"('Keyonte George', 'Taylor Hendricks')",1.5333333333333334,1,2,0,3,2,1,0,1,1,0,0,4.0,4.0,0.0,0.0,0.0,2.0,0.0,0.0,0.0,0.0,8.0,5
22500098,UTA,SAC,80.4,77.8,"('Keyonte George', 'Walker Kessler')",1.5333333333333334,1,2,0,3,2,1,0,1,1,0,0,4.0,4.0,0.0,0.0,0.0,2.0,0.0,0.0,0.0,0.0,8.0,5
22500098,UTA,SAC,80.4,77.8,"('Taylor Hendricks', 'Walker Kessler')",1.5333333333333334,1,2,0,3,2,1,0,1,1,0,0,4.0,4.0,0.0,0.0,0.0,2.0,0.0,0.0,0.0,0.0,8.0,5
22500098,UTA,SAC,81.2,77.8,"('Ace Bailey', 'Brice Sensabaugh')",0.2,1,0,0,0,0,0,0,0,0,0,0,1.0,0.0,0.0,0.0,0.0,0.0,0.0,0.0,0.0,0.0,1.0,5
22500098,UTA,SAC,81.2,77.8,"('Ace Bailey', 'Keyonte George')",0.2,1,0,0,0,0,0,0,0,0,0,0,1.0,0.0,0.0,0.0,0.0,0.0,0.0,0.0,0.0,0.0,1.0,5
22500098,UTA,SAC,81.2,77.8,"('Ace Bailey', 'Lauri Markkanen')",0.2,1,0,0,0,0,0,0,0,0,0,0,1.0,0.0,0.0,0.0,0.0,0.0,0.0,0.0,0.0,0.0,1.0,5
22500098,UTA,SAC,81.2,77.8,"('Ace Bailey', 'Walker Kessler')",0.2,1,0,0,0,0,0,0,0,0,0,0,1.0,0.0,0.0,0.0,0.0,0.0,0.0,0.0,0.0,0.0,1.0,5
22500098,UTA,SAC,81.2,77.8,"('Brice Sensabaugh', 'Keyonte George')",0.2,1,0,0,0,0,0,0,0,0,0,0,1.0,0.0,0.0,0.0,0.0,0.0,0.0,0.0,0.0,0.0,1.0,5
22500098,UTA,SAC,81.2,77.8,"('Brice Sensabaugh', 'Lauri Markkanen')",0.2,1,0,0,0,0,0,0,0,0,0,0,1.0,0.0,0.0,0.0,0.0,0.0,0.0,0.0,0.0,0.0,1.0,5
22500098,UTA,SAC,81.2,77.8,"('Brice Sensabaugh', 'Walker Kessler')",0.2,1,0,0,0,0,0,0,0,0,0,0,1.0,0.0,0.0,0.0,0.0,0.0,0.0,0.0,0.0,0.0,1.0,5
22500098,UTA,SAC,81.2,77.8,"('Keyonte George', 'Lauri Markkanen')",0.2,1,0,0,0,0,0,0,0,0,0,0,1.0,0.0,0.0,0.0,0.0,0.0,0.0,0.0,0.0,0.0,1.0,5
22500098,UTA,SAC,81.2,77.8,"('Keyonte George', 'Walker Kessler')",0.2,1,0,0,0,0,0,0,0,0,0,0,1.0,0.0,0.0,0.0,0.0,0.0,0.0,0.0,0.0,0.0,1.0,5
22500098,UTA,SAC,81.2,77.8,"('Lauri Markkanen', 'Walker Kessler')",0.2,1,0,0,0,0,0,0,0,0,0,0,1.0,0.0,0.0,0.0,0.0,0.0,0.0,0.0,0.0,0.0,1.0,5
22500098,UTA,SAC,81.8,78.4,"('Keyonte George', 'Kyle Filipowski')",6.149999999999999,1,16,14,6,3,3,3,4,3,3,3,12.88,12.88,3.0,5.0,2.0,8.0,0.0,0.0,2.0,2.0,25.76,5
22500098,UTA,SAC,81.8,78.4,"('Keyonte George', 'Lauri Markkanen')",6.149999999999999,1,16,14,6,3,3,3,4,3,3,3,12.88,12.88,3.0,5.0,2.0,8.0,0.0,0.0,2.0,2.0,25.76,5
22500098,UTA,SAC,81.8,78.4,"('Keyonte George', 'Svi Mykhailiuk')",6.149999999999999,1,16,14,6,3,3,3,4,3,3,3,12.88,12.88,3.0,5.0,2.0,8.0,0.0,0.0,2.0,2.0,25.76,5
22500098,UTA,SAC,81.8,78.4,"('Keyonte George', 'Walker Kessler')",6.149999999999999,1,16,14,6,3,3,3,4,3,3,3,12.88,12.88,3.0,5.0,2.0,8.0,0.0,0.0,2.0,2.0,25.76,5
22500098,UTA,SAC,81.8,78.4,"('Kyle Filipowski', 'Lauri Markkanen')",6.149999999999999,1,16,14,6,3,3,3,4,3,3,3,12.88,12.88,3.0,5.0,2.0,8.0,0.0,0.0,2.0,2.0,25.76,5
22500098,UTA,SAC,81.8,78.4,"('Kyle Filipowski', 'Svi Mykhailiuk')",6.149999999999999,1,16,14,6,3,3,3,4,3,3,3,12.88,12.88,3.0,5.0,2.0,8.0,0.0,0.0,2.0,2.0,25.76,5
22500098,UTA,SAC,81.8,78.4,"('Kyle Filipowski', 'Walker Kessler')",6.149999999999999,1,16,14,6,3,3,3,4,3,3,3,12.88,12.88,3.0,5.0,2.0,8.0,0.0,0.0,2.0,2.0,25.76,5
22500098,UTA,SAC,81.8,78.4,"('Lauri Markkanen', 'Svi Mykhailiuk')",6.149999999999999,1,16,14,6,3,3,3,4,3,3,3,12.88,12.88,3.0,5.0,2.0,8.0,0.0,0.0,2.0,2.0,25.76,5
22500098,UTA,SAC,81.8,78.4,"('Lauri Markkanen', 'Walker Kessler')",6.149999999999999,1,16,14,6,3,3,3,4,3,3,3,12.88,12.88,3.0,5.0,2.0,8.0,0.0,0.0,2.0,2.0,25.76,5
22500098,UTA,SAC,81.8,78.4,"('Svi Mykhailiuk', 'Walker Kessler')",6.149999999999999,1,16,14,6,3,3,3,4,3,3,3,12.88,12.88,3.0,5.0,2.0,8.0,0.0,0.0,2.0,2.0,25.76,5
22500098,UTA,SAC,81.2,77.4,"('Jusuf Nurkić', 'Kyle Filipowski')",2.6500000000000004,2,7,0,5,2,2,0,1,1,2,1,6.0,6.0,0.0,3.0,0.0,4.0,0.0,0.0,0.0,0.0,12.0,5
22500098,UTA,SAC,81.2,77.4,"('Jusuf Nurkić', 'Lauri Markkanen')",2.6500000000000004,2,7,0,5,2,2,0,1,1,2,1,6.0,6.0,0.0,3.0,0.0,4.0,0.0,0.0,0.0,0.0,12.0,5
22500098,UTA,SAC,81.2,77.4,"('Jusuf Nurkić', 'Svi Mykhailiuk')",2.6500000000000004,2,7,0,5,2,2,0,1,1,2,1,6.0,6.0,0.0,3.0,0.0,4.0,0.0,0.0,0.0,0.0,12.0,5
22500098,UTA,SAC,81.2,77.4,"('Jusuf Nurkić', 'Walter Clayton Jr.')",2.6500000000000004,2,7,0,5,2,2,0,1,1,2,1,6.0,6.0,0.0,3.0,0.0,4.0,0.0,0.0,0.0,0.0,12.0,5
22500098,UTA,SAC,81.2,77.4,"('Kyle Filipowski', 'Lauri Markkanen')",2.6500000000000004,2,7,0,5,2,2,0,1,1,2,1,6.0,6.0,0.0,3.0,0.0,4.0,0.0,0.0,0.0,0.0,12.0,5
22500098,UTA,SAC,81.2,77.4,"('Kyle Filipowski', 'Svi Mykhailiuk')",2.6500000000000004,2,7,0,5,2,2,0,1,1,2,1,6.0,6.0,0.0,3.0,0.0,4.0,0.0,0.0,0.0,0.0,12.0,5
22500098,UTA,SAC,81.2,77.4,"('Kyle Filipowski', 'Walter Clayton Jr.')",2.6500000000000004,2,7,0,5,2,2,0,1,1,2,1,6.0,6.0,0.0,3.0,0.0,4.0,0.0,0.0,0.0,0.0,12.0,5
22500098,UTA,SAC,81.2,77.4,"('Lauri Markkanen', 'Svi Mykhailiuk')",2.6500000000000004,2,7,0,5,2,2,0,1,1,2,1,6.0,6.0,0.0,3.0,0.0,4.0,0.0,0.0,0.0,0.0,12.0,5
22500098,UTA,SAC,81.2,77.4,"('Lauri Markkanen', 'Walter Clayton Jr.')",2.6500000000000004,2,7,0,5,2,2,0,1,1,2,1,6.0,6.0,0.0,3.0,0.0,4.0,0.0,0.0,0.0,0.0,12.0,5
22500098,UTA,SAC,81.2,77.4,"('Svi Mykhailiuk', 'Walter Clayton Jr.')",2.6500000000000004,2,7,0,5,2,2,0,1,1,2,1,6.0,6.0,0.0,3.0,0.0,4.0,0.0,0.0,0.0,0.0,12.0,5
22500098,UTA,SAC,80.4,77.6,"('Ace Bailey', 'Brice Sensabaugh')",2.35,2,2,5,2,3,1,0,2,1,0,0,5.0,5.0,0.0,0.0,0.0,2.0,0.0,0.0,2.0,2.0,10.0,5
22500098,UTA,SAC,80.4,77.6,"('Ace Bailey', 'Keyonte George')",2.35,2,2,5,2,3,1,0,2,1,0,0,5.0,5.0,0.0,0.0,0.0,2.0,0.0,0.0,2.0,2.0,10.0,5
22500098,UTA,SAC,80.4,77.6,"('Ace Bailey', 'Taylor Hendricks')",2.35,2,2,5,2,3,1,0,2,1,0,0,5.0,5.0,0.0,0.0,0.0,2.0,0.0,0.0,2.0,2.0,10.0,5
22500098,UTA,SAC,80.4,77.6,"('Ace Bailey', 'Walker Kessler')",2.35,2,2,5,2,3,1,0,2,1,0,0,5.0,5.0,0.0,0.0,0.0,2.0,0.0,0.0,2.0,2.0,10.0,5
22500098,UTA,SAC,80.4,77.6,"('Brice Sensabaugh', 'Keyonte George')",2.35,2,2,5,2,3,1,0,2,1,0,0,5.0,5.0,0.0,0.0,0.0,2.0,0.0,0.0,2.0,2.0,10.0,5
22500098,UTA,SAC,80.4,77.6,"('Brice Sensabaugh', 'Taylor Hendricks')",2.35,2,2,5,2,3,1,0,2,1,0,0,5.0,5.0,0.0,0.0,0.0,2.0,0.0,0.0,2.0,2.0,10.0,5
22500098,UTA,SAC,80.4,77.6,"('Brice Sensabaugh', 'Walker Kessler')",2.35,2,2,5,2,3,1,0,2,1,0,0,5.0,5.0,0.0,0.0,0.0,2.0,0.0,0.0,2.0,2.0,10.0,5
22500098,UTA,SAC,80.4,77.6,"('Keyonte George', 'Taylor Hendricks')",2.35,2,2,5,2,3,1,0,2,1,0,0,5.0,5.0,0.0,0.0,0.0,2.0,0.0,0.0,2.0,2.0,10.0,5
22500098,UTA,SAC,80.4,77.6,"('Keyonte George', 'Walker Kessler')",2.35,2,2,5,2,3,1,0,2,1,0,0,5.0,5.0,0.0,0.0,0.0,2.0,0.0,0.0,2.0,2.0,10.0,5
22500098,UTA,SAC,80.4,77.6,"('Taylor Hendricks', 'Walker Kessler')",2.35,2,2,5,2,3,1,0,2,1,0,0,5.0,5.0,0.0,0.0,0.0,2.0,0.0,0.0,2.0,2.0,10.0,5
22500098,UTA,SAC,80.8,78.0,"('Jusuf Nurkić', 'Keyonte George')",1.971666666666667,2,3,2,5,2,1,0,0,0,0,0,4.44,4.0,2.0,0.0,0.0,2.0,0.0,0.0,0.0,0.0,8.440000000000001,5
22500098,UTA,SAC,80.8,78.0,"('Jusuf Nurkić', 'Lauri Markkanen')",1.971666666666667,2,3,2,5,2,1,0,0,0,0,0,4.44,4.0,2.0,0.0,0.0,2.0,0.0,0.0,0.0,0.0,8.440000000000001,5
22500098,UTA,SAC,80.8,78.0,"('Jusuf Nurkić', 'Svi Mykhailiuk')",1.971666666666667,2,3,2,5,2,1,0,0,0,0,0,4.44,4.0,2.0,0.0,0.0,2.0,0.0,0.0,0.0,0.0,8.440000000000001,5
22500098,UTA,SAC,80.8,78.0,"('Jusuf Nurkić', 'Taylor Hendricks')",1.971666666666667,2,3,2,5,2,1,0,0,0,0,0,4.44,4.0,2.0,0.0,0.0,2.0,0.0,0.0,0.0,0.0,8.440000000000001,5
22500098,UTA,SAC,80.8,78.0,"('Keyonte George', 'Lauri Markkanen')",1.971666666666667,2,3,2,5,2,1,0,0,0,0,0,4.44,4.0,2.0,0.0,0.0,2.0,0.0,0.0,0.0,0.0,8.440000000000001,5
22500098,UTA,SAC,80.8,78.0,"('Keyonte George', 'Svi Mykhailiuk')",1.971666666666667,2,3,2,5,2,1,0,0,0,0,0,4.44,4.0,2.0,0.0,0.0,2.0,0.0,0.0,0.0,0.0,8.440000000000001,5
22500098,UTA,SAC,80.8,78.0,"('Keyonte George', 'Taylor Hendricks')",1.971666666666667,2,3,2,5,2,1,0,0,0,0,0,4.44,4.0,2.0,0.0,0.0,2.0,0.0,0.0,0.0,0.0,8.440000000000001,5
22500098,UTA,SAC,80.8,78.0,"('Lauri Markkanen', 'Svi Mykhailiuk')",1.971666666666667,2,3,2,5,2,1,0,0,0,0,0,4.44,4.0,2.0,0.0,0.0,2.0,0.0,0.0,0.0,0.0,8.440000000000001,5
22500098,UTA,SAC,80.8,78.0,"('Lauri Markkanen', 'Taylor Hendricks')",1.971666666666667,2,3,2,5,2,1,0,0,0,0,0,4.44,4.0,2.0,0.0,0.0,2.0,0.0,0.0,0.0,0.0,8.440000000000001,5
22500098,UTA,SAC,80.8,78.0,"('Svi Mykhailiuk', 'Taylor Hendricks')",1.971666666666667,2,3,2,5,2,1,0,0,0,0,0,4.44,4.0,2.0,0.0,0.0,2.0,0.0,0.0,0.0,0.0,8.440000000000001,5
22500098,UTA,SAC,79.8,77.4,"('Ace Bailey', 'Brice Sensabaugh')",2.583333333333333,1,5,12,3,2,2,4,1,0,1,1,6.0,6.32,0.0,0.0,3.0,2.0,0.0,0.0,0.0,4.0,12.32,5
22500098,UTA,SAC,79.8,77.4,"('Ace Bailey', 'Jusuf Nurkić')",2.583333333333333,1,5,12,3,2,2,4,1,0,1,1,6.0,6.32,0.0,0.0,3.0,2.0,0.0,0.0,0.0,4.0,12.32,5
22500098,UTA,SAC,79.8,77.4,"('Ace Bailey', 'Taylor Hendricks')",2.583333333333333,1,5,12,3,2,2,4,1,0,1,1,6.0,6.32,0.0,0.0,3.0,2.0,0.0,0.0,0.0,4.0,12.32,5
22500098,UTA,SAC,79.8,77.4,"('Ace Bailey', 'Walter Clayton Jr.')",2.583333333333333,1,5,12,3,2,2,4,1,0,1,1,6.0,6.32,0.0,0.0,3.0,2.0,0.0,0.0,0.0,4.0,12.32,5
22500098,UTA,SAC,79.8,77.4,"('Brice Sensabaugh', 'Jusuf Nurkić')",2.583333333333333,1,5,12,3,2,2,4,1,0,1,1,6.0,6.32,0.0,0.0,3.0,2.0,0.0,0.0,0.0,4.0,12.32,5
22500098,UTA,SAC,79.8,77.4,"('Brice Sensabaugh', 'Taylor Hendricks')",2.583333333333333,1,5,12,3,2,2,4,1,0,1,1,6.0,6.32,0.0,0.0,3.0,2.0,0.0,0.0,0.0,4.0,12.32,5
22500098,UTA,SAC,79.8,77.4,"('Brice Sensabaugh', 'Walter Clayton Jr.')",2.583333333333333,1,5,12,3,2,2,4,1,0,1,1,6.0,6.32,0.0,0.0,3.0,2.0,0.0,0.0,0.0,4.0,12.32,5
22500098,UTA,SAC,79.8,77.4,"('Jusuf Nurkić', 'Taylor Hendricks')",2.583333333333333,1,5,12,3,2,2,4,1,0,1,1,6.0,6.32,0.0,0.0,3.0,2.0,0.0,0.0,0.0,4.0,12.32,5
22500098,UTA,SAC,79.8,77.4,"('Jusuf Nurkić', 'Walter Clayton Jr.')",2.583333333333333,1,5,12,3,2,2,4,1,0,1,1,6.0,6.32,0.0,0.0,3.0,2.0,0.0,0.0,0.0,4.0,12.32,5
22500098,UTA,SAC,79.8,77.4,"('Taylor Hendricks', 'Walter Clayton Jr.')",2.583333333333333,1,5,12,3,2,2,4,1,0,1,1,6.0,6.32,0.0,0.0,3.0,2.0,0.0,0.0,0.0,4.0,12.32,5
22500098,UTA,SAC,81.2,77.8,"('Ace Bailey', 'Jusuf Nurkić')",1.028333333333333,1,1,4,0,2,0,2,0,0,0,1,2.44,2.0,0.0,0.0,0.0,0.0,0.0,0.0,0.0,0.0,4.44,5
22500098,UTA,SAC,81.2,77.8,"('Ace Bailey', 'Lauri Markkanen')",1.028333333333333,1,1,4,0,2,0,2,0,0,0,1,2.44,2.0,0.0,0.0,0.0,0.0,0.0,0.0,0.0,0.0,4.44,5
22500098,UTA,SAC,81.2,77.8,"('Ace Bailey', 'Taylor Hendricks')",1.028333333333333,1,1,4,0,2,0,2,0,0,0,1,2.44,2.0,0.0,0.0,0.0,0.0,0.0,0.0,0.0,0.0,4.44,5
22500098,UTA,SAC,81.2,77.8,"('Ace Bailey', 'Walter Clayton Jr.')",1.028333333333333,1,1,4,0,2,0,2,0,0,0,1,2.44,2.0,0.0,0.0,0.0,0.0,0.0,0.0,0.0,0.0,4.44,5
22500098,UTA,SAC,81.2,77.8,"('Jusuf Nurkić', 'Lauri Markkanen')",1.028333333333333,1,1,4,0,2,0,2,0,0,0,1,2.44,2.0,0.0,0.0,0.0,0.0,0.0,0.0,0.0,0.0,4.44,5
22500098,UTA,SAC,81.2,77.8,"('Jusuf Nurkić', 'Taylor Hendricks')",1.028333333333333,1,1,4,0,2,0,2,0,0,0,1,2.44,2.0,0.0,0.0,0.0,0.0,0.0,0.0,0.0,0.0,4.44,5
22500098,UTA,SAC,81.2,77.8,"('Jusuf Nurkić', 'Walter Clayton Jr.')",1.028333333333333,1,1,4,0,2,0,2,0,0,0,1,2.44,2.0,0.0,0.0,0.0,0.0,0.0,0.0,0.0,0.0,4.44,5
22500098,UTA,SAC,81.2,77.8,"('Lauri Markkanen', 'Taylor Hendricks')",1.028333333333333,1,1,4,0,2,0,2,0,0,0,1,2.44,2.0,0.0,0.0,0.0,0.0,0.0,0.0,0.0,0.0,4.44,5
22500098,UTA,SAC,81.2,77.8,"('Lauri Markkanen', 'Walter Clayton Jr.')",1.028333333333333,1,1,4,0,2,0,2,0,0,0,1,2.44,2.0,0.0,0.0,0.0,0.0,0.0,0.0,0.0,0.0,4.44,5
22500098,UTA,SAC,81.2,77.8,"('Taylor Hendricks', 'Walter Clayton Jr.')",1.028333333333333,1,1,4,0,2,0,2,0,0,0,1,2.44,2.0,0.0,0.0,0.0,0.0,0.0,0.0,0.0,0.0,4.44,5
22500098,UTA,SAC,81.2,77.0,"('Keyonte George', 'Kyle Filipowski')",3.2150000000000003,4,8,6,4,3,1,1,0,1,1,3,5.76,7.0,0.0,0.0,0.0,4.0,0.0,0.0,2.0,4.0,12.76,5
22500098,UTA,SAC,81.2,77.0,"('Keyonte George', 'Lauri Markkanen')",3.2150000000000003,4,8,6,4,3,1,1,0,1,1,3,5.76,7.0,0.0,0.0,0.0,4.0,0.0,0.0,2.0,4.0,12.76,5
22500098,UTA,SAC,81.2,77.0,"('Keyonte George', 'Walker Kessler')",3.2150000000000003,4,8,6,4,3,1,1,0,1,1,3,5.76,7.0,0.0,0.0,0.0,4.0,0.0,0.0,2.0,4.0,12.76,5
22500098,UTA,SAC,81.2,77.0,"('Keyonte George', 'Walter Clayton Jr.')",3.2150000000000003,4,8,6,4,3,1,1,0,1,1,3,5.76,7.0,0.0,0.0,0.0,4.0,0.0,0.0,2.0,4.0,12.76,5
22500098,UTA,SAC,81.2,77.0,"('Kyle Filipowski', 'Lauri Markkanen')",3.2150000000000003,4,8,6,4,3,1,1,0,1,1,3,5.76,7.0,0.0,0.0,0.0,4.0,0.0,0.0,2.0,4.0,12.76,5
22500098,UTA,SAC,81.2,77.0,"('Kyle Filipowski', 'Walker Kessler')",3.2150000000000003,4,8,6,4,3,1,1,0,1,1,3,5.76,7.0,0.0,0.0,0.0,4.0,0.0,0.0,2.0,4.0,12.76,5
22500098,UTA,SAC,81.2,77.0,"('Kyle Filipowski', 'Walter Clayton Jr.')",3.2150000000000003,4,8,6,4,3,1,1,0,1,1,3,5.76,7.0,0.0,0.0,0.0,4.0,0.0,0.0,2.0,4.0,12.76,5
22500098,UTA,SAC,81.2,77.0,"('Lauri Markkanen', 'Walker Kessler')",3.2150000000000003,4,8,6,4,3,1,1,0,1,1,3,5.76,7.0,0.0,0.0,0.0,4.0,0.0,0.0,2.0,4.0,12.76,5
22500098,UTA,SAC,81.2,77.0,"('Lauri Markkanen', 'Walter Clayton Jr.')",3.2150000000000003,4,8,6,4,3,1,1,0,1,1,3,5.76,7.0,0.0,0.0,0.0,4.0,0.0,0.0,2.0,4.0,12.76,5
22500098,UTA,SAC,81.2,77.0,"('Walker Kessler', 'Walter Clayton Jr.')",3.2150000000000003,4,8,6,4,3,1,1,0,1,1,3,5.76,7.0,0.0,0.0,0.0,4.0,0.0,0.0,2.0,4.0,12.76,5
22500098,UTA,SAC,81.2,77.6,"('Jusuf Nurkić', 'Kyle Filipowski')",2.8999999999999995,4,6,9,3,3,2,3,1,0,1,1,6.0,5.44,0.0,0.0,0.0,0.0,0.0,2.0,3.0,2.0,11.44,5
22500098,UTA,SAC,81.2,77.6,"('Jusuf Nurkić', 'Lauri Markkanen')",2.8999999999999995,4,6,9,3,3,2,3,1,0,1,1,6.0,5.44,0.0,0.0,0.0,0.0,0.0,2.0,3.0,2.0,11.44,5
22500098,UTA,SAC,81.2,77.6,"('Jusuf Nurkić', 'Svi Mykhailiuk')",2.8999999999999995,4,6,9,3,3,2,3,1,0,1,1,6.0,5.44,0.0,0.0,0.0,0.0,0.0,2.0,3.0,2.0,11.44,5
22500098,UTA,SAC,81.2,77.6,"('Jusuf Nurkić', 'Walter Clayton Jr.')",2.8999999999999995,4,6,9,3,3,2,3,1,0,1,1,6.0,5.44,0.0,0.0,0.0,0.0,0.0,2.0,3.0,2.0,11.44,5
22500098,UTA,SAC,81.2,77.6,"('Kyle Filipowski', 'Lauri Markkanen')",2.8999999999999995,4,6,9,3,3,2,3,1,0,1,1,6.0,5.44,0.0,0.0,0.0,0.0,0.0,2.0,3.0,2.0,11.44,5
22500098,UTA,SAC,81.2,77.6,"('Kyle Filipowski', 'Svi Mykhailiuk')",2.8999999999999995,4,6,9,3,3,2,3,1,0,1,1,6.0,5.44,0.0,0.0,0.0,0.0,0.0,2.0,3.0,2.0,11.44,5
22500098,UTA,SAC,81.2,77.6,"('Kyle Filipowski', 'Walter Clayton Jr.')",2.8999999999999995,4,6,9,3,3,2,3,1,0,1,1,6.0,5.44,0.0,0.0,0.0,0.0,0.0,2.0,3.0,2.0,11.44,5
22500098,UTA,SAC,81.2,77.6,"('Lauri Markkanen', 'Svi Mykhailiuk')",2.8999999999999995,4,6,9,3,3,2,3,1,0,1,1,6.0,5.44,0.0,0.0,0.0,0.0,0.0,2.0,3.0,2.0,11.44,5
22500098,UTA,SAC,81.2,77.6,"('Lauri Markkanen', 'Walter Clayton Jr.')",2.8999999999999995,4,6,9,3,3,2,3,1,0,1,1,6.0,5.44,0.0,0.0,0.0,0.0,0.0,2.0,3.0,2.0,11.44,5
22500098,UTA,SAC,81.2,77.6,"('Svi Mykhailiuk', 'Walter Clayton Jr.')",2.8999999999999995,4,6,9,3,3,2,3,1,0,1,1,6.0,5.44,0.0,0.0,0.0,0.0,0.0,2.0,3.0,2.0,11.44,5
22500098,UTA,SAC,80.2,77.2,"('Brice Sensabaugh', 'Keyonte George')",2.566666666666667,4,6,10,1,2,2,2,1,0,0,0,5.0,6.0,0.0,0.0,0.0,0.0,2.0,2.0,0.0,4.0,11.0,5
22500098,UTA,SAC,80.2,77.2,"('Brice Sensabaugh', 'Lauri Markkanen')",2.566666666666667,4,6,10,1,2,2,2,1,0,0,0,5.0,6.0,0.0,0.0,0.0,0.0,2.0,2.0,0.0,4.0,11.0,5
22500098,UTA,SAC,80.2,77.2,"('Brice Sensabaugh', 'Walker Kessler')",2.566666666666667,4,6,10,1,2,2,2,1,0,0,0,5.0,6.0,0.0,0.0,0.0,0.0,2.0,2.0,0.0,4.0,11.0,5
22500098,UTA,SAC,80.2,77.2,"('Brice Sensabaugh', 'Walter Clayton Jr.')",2.566666666666667,4,6,10,1,2,2,2,1,0,0,0,5.0,6.0,0.0,0.0,0.0,0.0,2.0,2.0,0.0,4.0,11.0,5
22500098,UTA,SAC,80.2,77.2,"('Keyonte George', 'Lauri Markkanen')",2.566666666666667,4,6,10,1,2,2,2,1,0,0,0,5.0,6.0,0.0,0.0,0.0,0.0,2.0,2.0,0.0,4.0,11.0,5
22500098,UTA,SAC,80.2,77.2,"('Keyonte George', 'Walker Kessler')",2.566666666666667,4,6,10,1,2,2,2,1,0,0,0,5.0,6.0,0.0,0.0,0.0,0.0,2.0,2.0,0.0,4.0,11.0,5
22500098,UTA,SAC,80.2,77.2,"('Keyonte George', 'Walter Clayton Jr.')",2.566666666666667,4,6,10,1,2,2,2,1,0,0,0,5.0,6.0,0.0,0.0,0.0,0.0,2.0,2.0,0.0,4.0,11.0,5
22500098,UTA,SAC,80.2,77.2,"('Lauri Markkanen', 'Walker Kessler')",2.566666666666667,4,6,10,1,2,2,2,1,0,0,0,5.0,6.0,0.0,0.0,0.0,0.0,2.0,2.0,0.0,4.0,11.0,5
22500098,UTA,SAC,80.2,77.2,"('Lauri Markkanen', 'Walter Clayton Jr.')",2.566666666666667,4,6,10,1,2,2,2,1,0,0,0,5.0,6.0,0.0,0.0,0.0,0.0,2.0,2.0,0.0,4.0,11.0,5
22500098,UTA,SAC,80.2,77.2,"('Walker Kessler', 'Walter Clayton Jr.')",2.566666666666667,4,6,10,1,2,2,2,1,0,0,0,5.0,6.0,0.0,0.0,0.0,0.0,2.0,2.0,0.0,4.0,11.0,5
22500098,UTA,SAC,79.6,76.8,"('Brice Sensabaugh', 'Keyonte George')",0.0816666666666666,4,0,0,0,0,0,0,0,0,0,0,1.0,0.0,0.0,0.0,0.0,0.0,0.0,0.0,0.0,0.0,1.0,5
22500098,UTA,SAC,79.6,76.8,"('Brice Sensabaugh', 'Kyle Filipowski')",0.0816666666666666,4,0,0,0,0,0,0,0,0,0,0,1.0,0.0,0.0,0.0,0.0,0.0,0.0,0.0,0.0,0.0,1.0,5
22500098,UTA,SAC,79.6,76.8,"('Brice Sensabaugh', 'Lauri Markkanen')",0.0816666666666666,4,0,0,0,0,0,0,0,0,0,0,1.0,0.0,0.0,0.0,0.0,0.0,0.0,0.0,0.0,0.0,1.0,5
22500098,UTA,SAC,79.6,76.8,"('Brice Sensabaugh', 'Walter Clayton Jr.')",0.0816666666666666,4,0,0,0,0,0,0,0,0,0,0,1.0,0.0,0.0,0.0,0.0,0.0,0.0,0.0,0.0,0.0,1.0,5
22500098,UTA,SAC,79.6,76.8,"('Keyonte George', 'Kyle Filipowski')",0.0816666666666666,4,0,0,0,0,0,0,0,0,0,0,1.0,0.0,0.0,0.0,0.0,0.0,0.0,0.0,0.0,0.0,1.0,5
22500098,UTA,SAC,79.6,76.8,"('Keyonte George', 'Lauri Markkanen')",0.0816666666666666,4,0,0,0,0,0,0,0,0,0,0,1.0,0.0,0.0,0.0,0.0,0.0,0.0,0.0,0.0,0.0,1.0,5
22500098,UTA,SAC,79.6,76.8,"('Keyonte George', 'Walter Clayton Jr.')",0.0816666666666666,4,0,0,0,0,0,0,0,0,0,0,1.0,0.0,0.0,0.0,0.0,0.0,0.0,0.0,0.0,0.0,1.0,5
22500098,UTA,SAC,79.6,76.8,"('Kyle Filipowski', 'Lauri Markkanen')",0.0816666666666666,4,0,0,0,0,0,0,0,0,0,0,1.0,0.0,0.0,0.0,0.0,0.0,0.0,0.0,0.0,0.0,1.0,5
22500098,UTA,SAC,79.6,76.8,"('Kyle Filipowski', 'Walter Clayton Jr.')",0.0816666666666666,4,0,0,0,0,0,0,0,0,0,0,1.0,0.0,0.0,0.0,0.0,0.0,0.0,0.0,0.0,0.0,1.0,5
22500098,UTA,SAC,79.6,76.8,"('Lauri Markkanen', 'Walter Clayton Jr.')",0.0816666666666666,4,0,0,0,0,0,0,0,0,0,0,1.0,0.0,0.0,0.0,0.0,0.0,0.0,0.0,0.0,0.0,1.0,5
22500098,UTA,SAC,80.4,78.4,"('Brice Sensabaugh', 'Keyonte George')",2.7500000000000004,4,6,2,4,1,1,1,0,0,0,1,5.44,5.0,0.0,0.0,0.0,2.0,0.0,0.0,0.0,2.0,10.44,5
22500098,UTA,SAC,80.4,78.4,"('Brice Sensabaugh', 'Kyle Filipowski')",2.7500000000000004,4,6,2,4,1,1,1,0,0,0,1,5.44,5.0,0.0,0.0,0.0,2.0,0.0,0.0,0.0,2.0,10.44,5
22500098,UTA,SAC,80.4,78.4,"('Brice Sensabaugh', 'Svi Mykhailiuk')",2.7500000000000004,4,6,2,4,1,1,1,0,0,0,1,5.44,5.0,0.0,0.0,0.0,2.0,0.0,0.0,0.0,2.0,10.44,5
22500098,UTA,SAC,80.4,78.4,"('Brice Sensabaugh', 'Walker Kessler')",2.7500000000000004,4,6,2,4,1,1,1,0,0,0,1,5.44,5.0,0.0,0.0,0.0,2.0,0.0,0.0,0.0,2.0,10.44,5
22500098,UTA,SAC,80.4,78.4,"('Keyonte George', 'Kyle Filipowski')",2.7500000000000004,4,6,2,4,1,1,1,0,0,0,1,5.44,5.0,0.0,0.0,0.0,2.0,0.0,0.0,0.0,2.0,10.44,5
22500098,UTA,SAC,80.4,78.4,"('Keyonte George', 'Svi Mykhailiuk')",2.7500000000000004,4,6,2,4,1,1,1,0,0,0,1,5.44,5.0,0.0,0.0,0.0,2.0,0.0,0.0,0.0,2.0,10.44,5
22500098,UTA,SAC,80.4,78.4,"('Keyonte George', 'Walker Kessler')",2.7500000000000004,4,6,2,4,1,1,1,0,0,0,1,5.44,5.0,0.0,0.0,0.0,2.0,0.0,0.0,0.0,2.0,10.44,5
22500098,UTA,SAC,80.4,78.4,"('Kyle Filipowski', 'Svi Mykhailiuk')",2.7500000000000004,4,6,2,4,1,1,1,0,0,0,1,5.44,5.0,0.0,0.0,0.0,2.0,0.0,0.0,0.0,2.0,10.44,5
22500098,UTA,SAC,80.4,78.4,"('Kyle Filipowski', 'Walker Kessler')",2.7500000000000004,4,6,2,4,1,1,1,0,0,0,1,5.44,5.0,0.0,0.0,0.0,2.0,0.0,0.0,0.0,2.0,10.44,5
22500098,UTA,SAC,80.4,78.4,"('Svi Mykhailiuk', 'Walker Kessler')",2.7500000000000004,4,6,2,4,1,1,1,0,0,0,1,5.44,5.0,0.0,0.0,0.0,2.0,0.0,0.0,0.0,2.0,10.44,5
22500098,UTA,SAC,81.8,77.0,"('Keyonte George', 'Kyle Filipowski')",0.15,4,1,0,0,0,0,0,0,0,0,1,0.44,0.0,0.0,0.0,0.0,0.0,0.0,0.0,0.0,0.0,0.44,5
22500098,UTA,SAC,81.8,77.0,"('Keyonte George', 'Lauri Markkanen')",0.15,4,1,0,0,0,0,0,0,0,0,1,0.44,0.0,0.0,0.0,0.0,0.0,0.0,0.0,0.0,0.0,0.44,5
22500098,UTA,SAC,81.8,77.0,"('Keyonte George', 'Svi Mykhailiuk')",0.15,4,1,0,0,0,0,0,0,0,0,1,0.44,0.0,0.0,0.0,0.0,0.0,0.0,0.0,0.0,0.0,0.44,5
22500098,UTA,SAC,81.8,77.0,"('Keyonte George', 'Walker Kessler')",0.15,4,1,0,0,0,0,0,0,0,0,1,0.44,0.0,0.0,0.0,0.0,0.0,0.0,0.0,0.0,0.0,0.44,5
22500098,UTA,SAC,81.8,77.0,"('Kyle Filipowski', 'Lauri Markkanen')",0.15,4,1,0,0,0,0,0,0,0,0,1,0.44,0.0,0.0,0.0,0.0,0.0,0.0,0.0,0.0,0.0,0.44,5
22500098,UTA,SAC,81.8,77.0,"('Kyle Filipowski', 'Svi Mykhailiuk')",0.15,4,1,0,0,0,0,0,0,0,0,1,0.44,0.0,0.0,0.0,0.0,0.0,0.0,0.0,0.0,0.0,0.44,5
22500098,UTA,SAC,81.8,77.0,"('Kyle Filipowski', 'Walker Kessler')",0.15,4,1,0,0,0,0,0,0,0,0,1,0.44,0.0,0.0,0.0,0.0,0.0,0.0,0.0,0.0,0.0,0.44,5
22500098,UTA,SAC,81.8,77.0,"('Lauri Markkanen', 'Svi Mykhailiuk')",0.15,4,1,0,0,0,0,0,0,0,0,1,0.44,0.0,0.0,0.0,0.0,0.0,0.0,0.0,0.0,0.0,0.44,5
22500098,UTA,SAC,81.8,77.0,"('Lauri Markkanen', 'Walker Kessler')",0.15,4,1,0,0,0,0,0,0,0,0,1,0.44,0.0,0.0,0.0,0.0,0.0,0.0,0.0,0.0,0.0,0.44,5
22500098,UTA,SAC,81.8,77.0,"('Svi Mykhailiuk', 'Walker Kessler')",0.15,4,1,0,0,0,0,0,0,0,0,1,0.44,0.0,0.0,0.0,0.0,0.0,0.0,0.0,0.0,0.0,0.44,5
22500098,UTA,SAC,81.4,78.0,"('Keyonte George', 'Lauri Markkanen')",0.7999999999999999,2,3,2,0,0,1,0,2,0,1,1,3.0,2.0,0.0,0.0,0.0,0.0,2.0,0.0,0.0,2.0,5.0,5
22500098,UTA,SAC,81.4,78.0,"('Keyonte George', 'Svi Mykhailiuk')",0.7999999999999999,2,3,2,0,0,1,0,2,0,1,1,3.0,2.0,0.0,0.0,0.0,0.0,2.0,0.0,0.0,2.0,5.0,5
22500098,UTA,SAC,81.4,78.0,"('Keyonte George', 'Taylor Hendricks')",0.7999999999999999,2,3,2,0,0,1,0,2,0,1,1,3.0,2.0,0.0,0.0,0.0,0.0,2.0,0.0,0.0,2.0,5.0,5
22500098,UTA,SAC,81.4,78.0,"('Keyonte George', 'Walker Kessler')",0.7999999999999999,2,3,2,0,0,1,0,2,0,1,1,3.0,2.0,0.0,0.0,0.0,0.0,2.0,0.0,0.0,2.0,5.0,5
22500098,UTA,SAC,81.4,78.0,"('Lauri Markkanen', 'Svi Mykhailiuk')",0.7999999999999999,2,3,2,0,0,1,0,2,0,1,1,3.0,2.0,0.0,0.0,0.0,0.0,2.0,0.0,0.0,2.0,5.0,5
22500098,UTA,SAC,81.4,78.0,"('Lauri Markkanen', 'Taylor Hendricks')",0.7999999999999999,2,3,2,0,0,1,0,2,0,1,1,3.0,2.0,0.0,0.0,0.0,0.0,2.0,0.0,0.0,2.0,5.0,5
22500098,UTA,SAC,81.4,78.0,"('Lauri Markkanen', 'Walker Kessler')",0.7999999999999999,2,3,2,0,0,1,0,2,0,1,1,3.0,2.0,0.0,0.0,0.0,0.0,2.0,0.0,0.0,2.0,5.0,5
22500098,UTA,SAC,81.4,78.0,"('Svi Mykhailiuk', 'Taylor Hendricks')",0.7999999999999999,2,3,2,0,0,1,0,2,0,1,1,3.0,2.0,0.0,0.0,0.0,0.0,2.0,0.0,0.0,2.0,5.0,5
22500098,UTA,SAC,81.4,78.0,"('Svi Mykhailiuk', 'Walker Kessler')",0.7999999999999999,2,3,2,0,0,1,0,2,0,1,1,3.0,2.0,0.0,0.0,0.0,0.0,2.0,0.0,0.0,2.0,5.0,5
22500098,UTA,SAC,81.4,78.0,"('Taylor Hendricks', 'Walker Kessler')",0.7999999999999999,2,3,2,0,0,1,0,2,0,1,1,3.0,2.0,0.0,0.0,0.0,0.0,2.0,0.0,0.0,2.0,5.0,5
22500098,UTA,SAC,81.2,78.0,"('Brice Sensabaugh', 'Keyonte George')",2.433333333333333,2,5,4,2,2,0,1,0,0,0,1,5.0,4.0,0.0,2.0,0.0,0.0,0.0,0.0,0.0,4.0,9.0,5
22500098,UTA,SAC,81.2,78.0,"('Brice Sensabaugh', 'Lauri Markkanen')",2.433333333333333,2,5,4,2,2,0,1,0,0,0,1,5.0,4.0,0.0,2.0,0.0,0.0,0.0,0.0,0.0,4.0,9.0,5
22500098,UTA,SAC,81.2,78.0,"('Brice Sensabaugh', 'Taylor Hendricks')",2.433333333333333,2,5,4,2,2,0,1,0,0,0,1,5.0,4.0,0.0,2.0,0.0,0.0,0.0,0.0,0.0,4.0,9.0,5
22500098,UTA,SAC,81.2,78.0,"('Brice Sensabaugh', 'Walker Kessler')",2.433333333333333,2,5,4,2,2,0,1,0,0,0,1,5.0,4.0,0.0,2.0,0.0,0.0,0.0,0.0,0.0,4.0,9.0,5
22500098,UTA,SAC,81.2,78.0,"('Keyonte George', 'Lauri Markkanen')",2.433333333333333,2,5,4,2,2,0,1,0,0,0,1,5.0,4.0,0.0,2.0,0.0,0.0,0.0,0.0,0.0,4.0,9.0,5
22500098,UTA,SAC,81.2,78.0,"('Keyonte George', 'Taylor Hendricks')",2.433333333333333,2,5,4,2,2,0,1,0,0,0,1,5.0,4.0,0.0,2.0,0.0,0.0,0.0,0.0,0.0,4.0,9.0,5
22500098,UTA,SAC,81.2,78.0,"('Keyonte George', 'Walker Kessler')",2.433333333333333,2,5,4,2,2,0,1,0,0,0,1,5.0,4.0,0.0,2.0,0.0,0.0,0.0,0.0,0.0,4.0,9.0,5
22500098,UTA,SAC,81.2,78.0,"('Lauri Markkanen', 'Taylor Hendricks')",2.433333333333333,2,5,4,2,2,0,1,0,0,0,1,5.0,4.0,0.0,2.0,0.0,0.0,0.0,0.0,0.0,4.0,9.0,5
22500098,UTA,SAC,81.2,78.0,"('Lauri Markkanen', 'Walker Kessler')",2.433333333333333,2,5,4,2,2,0,1,0,0,0,1,5.0,4.0,0.0,2.0,0.0,0.0,0.0,0.0,0.0,4.0,9.0,5
22500098,UTA,SAC,81.2,78.0,"('Taylor Hendricks', 'Walker Kessler')",2.433333333333333,2,5,4,2,2,0,1,0,0,0,1,5.0,4.0,0.0,2.0,0.0,0.0,0.0,0.0,0.0,4.0,9.0,5
22500098,UTA,SAC,81.8,77.8,"('Ace Bailey', 'Keyonte George')",1.1,3,2,6,0,1,1,1,0,0,1,0,2.0,2.0,0.0,2.0,0.0,2.0,0.0,0.0,0.0,0.0,4.0,5
22500098,UTA,SAC,81.8,77.8,"('Ace Bailey', 'Lauri Markkanen')",1.1,3,2,6,0,1,1,1,0,0,1,0,2.0,2.0,0.0,2.0,0.0,2.0,0.0,0.0,0.0,0.0,4.0,5
22500098,UTA,SAC,81.8,77.8,"('Ace Bailey', 'Taylor Hendricks')",1.1,3,2,6,0,1,1,1,0,0,1,0,2.0,2.0,0.0,2.0,0.0,2.0,0.0,0.0,0.0,0.0,4.0,5
22500098,UTA,SAC,81.8,77.8,"('Ace Bailey', 'Walker Kessler')",1.1,3,2,6,0,1,1,1,0,0,1,0,2.0,2.0,0.0,2.0,0.0,2.0,0.0,0.0,0.0,0.0,4.0,5
22500098,UTA,SAC,81.8,77.8,"('Keyonte George', 'Lauri Markkanen')",1.1,3,2,6,0,1,1,1,0,0,1,0,2.0,2.0,0.0,2.0,0.0,2.0,0.0,0.0,0.0,0.0,4.0,5
22500098,UTA,SAC,81.8,77.8,"('Keyonte George', 'Taylor Hendricks')",1.1,3,2,6,0,1,1,1,0,0,1,0,2.0,2.0,0.0,2.0,0.0,2.0,0.0,0.0,0.0,0.0,4.0,5
22500098,UTA,SAC,81.8,77.8,"('Keyonte George', 'Walker Kessler')",1.1,3,2,6,0,1,1,1,0,0,1,0,2.0,2.0,0.0,2.0,0.0,2.0,0.0,0.0,0.0,0.0,4.0,5
22500098,UTA,SAC,81.8,77.8,"('Lauri Markkanen', 'Taylor Hendricks')",1.1,3,2,6,0,1,1,1,0,0,1,0,2.0,2.0,0.0,2.0,0.0,2.0,0.0,0.0,0.0,0.0,4.0,5
22500098,UTA,SAC,81.8,77.8,"('Lauri Markkanen', 'Walker Kessler')",1.1,3,2,6,0,1,1,1,0,0,1,0,2.0,2.0,0.0,2.0,0.0,2.0,0.0,0.0,0.0,0.0,4.0,5
22500098,UTA,SAC,81.8,77.8,"('Taylor Hendricks', 'Walker Kessler')",1.1,3,2,6,0,1,1,1,0,0,1,0,2.0,2.0,0.0,2.0,0.0,2.0,0.0,0.0,0.0,0.0,4.0,5
22500098,UTA,SAC,81.0,77.4,"('Brice Sensabaugh', 'Jusuf Nurkić')",1.5166666666666664,3,7,5,1,1,3,0,0,2,0,0,4.0,5.0,2.0,2.0,0.0,4.0,0.0,2.0,0.0,2.0,9.0,5
22500098,UTA,SAC,81.0,77.4,"('Brice Sensabaugh', 'Kyle Filipowski')",1.5166666666666664,3,7,5,1,1,3,0,0,2,0,0,4.0,5.0,2.0,2.0,0.0,4.0,0.0,2.0,0.0,2.0,9.0,5
22500098,UTA,SAC,81.0,77.4,"('Brice Sensabaugh', 'Lauri Markkanen')",1.5166666666666664,3,7,5,1,1,3,0,0,2,0,0,4.0,5.0,2.0,2.0,0.0,4.0,0.0,2.0,0.0,2.0,9.0,5
22500098,UTA,SAC,81.0,77.4,"('Brice Sensabaugh', 'Walter Clayton Jr.')",1.5166666666666664,3,7,5,1,1,3,0,0,2,0,0,4.0,5.0,2.0,2.0,0.0,4.0,0.0,2.0,0.0,2.0,9.0,5
22500098,UTA,SAC,81.0,77.4,"('Jusuf Nurkić', 'Kyle Filipowski')",1.5166666666666664,3,7,5,1,1,3,0,0,2,0,0,4.0,5.0,2.0,2.0,0.0,4.0,0.0,2.0,0.0,2.0,9.0,5
22500098,UTA,SAC,81.0,77.4,"('Jusuf Nurkić', 'Lauri Markkanen')",1.5166666666666664,3,7,5,1,1,3,0,0,2,0,0,4.0,5.0,2.0,2.0,0.0,4.0,0.0,2.0,0.0,2.0,9.0,5
22500098,UTA,SAC,81.0,77.4,"('Jusuf Nurkić', 'Walter Clayton Jr.')",1.5166666666666664,3,7,5,1,1,3,0,0,2,0,0,4.0,5.0,2.0,2.0,0.0,4.0,0.0,2.0,0.0,2.0,9.0,5
22500098,UTA,SAC,81.0,77.4,"('Kyle Filipowski', 'Lauri Markkanen')",1.5166666666666664,3,7,5,1,1,3,0,0,2,0,0,4.0,5.0,2.0,2.0,0.0,4.0,0.0,2.0,0.0,2.0,9.0,5
22500098,UTA,SAC,81.0,77.4,"('Kyle Filipowski', 'Walter Clayton Jr.')",1.5166666666666664,3,7,5,1,1,3,0,0,2,0,0,4.0,5.0,2.0,2.0,0.0,4.0,0.0,2.0,0.0,2.0,9.0,5
22500098,UTA,SAC,81.0,77.4,"('Lauri Markkanen', 'Walter Clayton Jr.')",1.5166666666666664,3,7,5,1,1,3,0,0,2,0,0,4.0,5.0,2.0,2.0,0.0,4.0,0.0,2.0,0.0,2.0,9.0,5
22500098,UTA,SAC,80.6,77.4,"('Ace Bailey', 'Brice Sensabaugh')",2.05,3,5,5,3,1,1,1,2,0,0,2,6.44,5.0,2.0,0.0,0.0,4.0,2.0,0.0,0.0,2.0,11.44,5
22500098,UTA,SAC,80.6,77.4,"('Ace Bailey', 'Jusuf Nurkić')",2.05,3,5,5,3,1,1,1,2,0,0,2,6.44,5.0,2.0,0.0,0.0,4.0,2.0,0.0,0.0,2.0,11.44,5
22500098,UTA,SAC,80.6,77.4,"('Ace Bailey', 'Lauri Markkanen')",2.05,3,5,5,3,1,1,1,2,0,0,2,6.44,5.0,2.0,0.0,0.0,4.0,2.0,0.0,0.0,2.0,11.44,5
22500098,UTA,SAC,80.6,77.4,"('Ace Bailey', 'Walter Clayton Jr.')",2.05,3,5,5,3,1,1,1,2,0,0,2,6.44,5.0,2.0,0.0,0.0,4.0,2.0,0.0,0.0,2.0,11.44,5
22500098,UTA,SAC,80.6,77.4,"('Brice Sensabaugh', 'Jusuf Nurkić')",2.05,3,5,5,3,1,1,1,2,0,0,2,6.44,5.0,2.0,0.0,0.0,4.0,2.0,0.0,0.0,2.0,11.44,5
22500098,UTA,SAC,80.6,77.4,"('Brice Sensabaugh', 'Lauri Markkanen')",2.05,3,5,5,3,1,1,1,2,0,0,2,6.44,5.0,2.0,0.0,0.0,4.0,2.0,0.0,0.0,2.0,11.44,5
22500098,UTA,SAC,80.6,77.4,"('Brice Sensabaugh', 'Walter Clayton Jr.')",2.05,3,5,5,3,1,1,1,2,0,0,2,6.44,5.0,2.0,0.0,0.0,4.0,2.0,0.0,0.0,2.0,11.44,5
22500098,UTA,SAC,80.6,77.4,"('Jusuf Nurkić', 'Lauri Markkanen')",2.05,3,5,5,3,1,1,1,2,0,0,2,6.44,5.0,2.0,0.0,0.0,4.0,2.0,0.0,0.0,2.0,11.44,5
22500098,UTA,SAC,80.6,77.4,"('Jusuf Nurkić', 'Walter Clayton Jr.')",2.05,3,5,5,3,1,1,1,2,0,0,2,6.44,5.0,2.0,0.0,0.0,4.0,2.0,0.0,0.0,2.0,11.44,5
22500098,UTA,SAC,80.6,77.4,"('Lauri Markkanen', 'Walter Clayton Jr.')",2.05,3,5,5,3,1,1,1,2,0,0,2,6.44,5.0,2.0,0.0,0.0,4.0,2.0,0.0,0.0,2.0,11.44,5
22500098,UTA,SAC,79.8,77.8,"('Ace Bailey', 'Brice Sensabaugh')",1.6,3,2,2,3,1,1,0,1,0,1,0,3.0,2.88,2.0,0.0,0.0,2.0,0.0,0.0,0.0,0.0,5.88,5
22500098,UTA,SAC,79.8,77.8,"('Ace Bailey', 'Jusuf Nurkić')",1.6,3,2,2,3,1,1,0,1,0,1,0,3.0,2.88,2.0,0.0,0.0,2.0,0.0,0.0,0.0,0.0,5.88,5
22500098,UTA,SAC,79.8,77.8,"('Ace Bailey', 'Keyonte George')",1.6,3,2,2,3,1,1,0,1,0,1,0,3.0,2.88,2.0,0.0,0.0,2.0,0.0,0.0,0.0,0.0,5.88,5
22500098,UTA,SAC,79.8,77.8,"('Ace Bailey', 'Taylor Hendricks')",1.6,3,2,2,3,1,1,0,1,0,1,0,3.0,2.88,2.0,0.0,0.0,2.0,0.0,0.0,0.0,0.0,5.88,5
22500098,UTA,SAC,79.8,77.8,"('Brice Sensabaugh', 'Jusuf Nurkić')",1.6,3,2,2,3,1,1,0,1,0,1,0,3.0,2.88,2.0,0.0,0.0,2.0,0.0,0.0,0.0,0.0,5.88,5
22500098,UTA,SAC,79.8,77.8,"('Brice Sensabaugh', 'Keyonte George')",1.6,3,2,2,3,1,1,0,1,0,1,0,3.0,2.88,2.0,0.0,0.0,2.0,0.0,0.0,0.0,0.0,5.88,5
22500098,UTA,SAC,79.8,77.8,"('Brice Sensabaugh', 'Taylor Hendricks')",1.6,3,2,2,3,1,1,0,1,0,1,0,3.0,2.88,2.0,0.0,0.0,2.0,0.0,0.0,0.0,0.0,5.88,5
22500098,UTA,SAC,79.8,77.8,"('Jusuf Nurkić', 'Keyonte George')",1.6,3,2,2,3,1,1,0,1,0,1,0,3.0,2.88,2.0,0.0,0.0,2.0,0.0,0.0,0.0,0.0,5.88,5
22500098,UTA,SAC,79.8,77.8,"('Jusuf Nurkić', 'Taylor Hendricks')",1.6,3,2,2,3,1,1,0,1,0,1,0,3.0,2.88,2.0,0.0,0.0,2.0,0.0,0.0,0.0,0.0,5.88,5
22500098,UTA,SAC,79.8,77.8,"('Keyonte George', 'Taylor Hendricks')",1.6,3,2,2,3,1,1,0,1,0,1,0,3.0,2.88,2.0,0.0,0.0,2.0,0.0,0.0,0.0,0.0,5.88,5
22500098,UTA,SAC,81.6,78.0,"('Brice Sensabaugh', 'Keyonte George')",0.2166666666666666,4,1,0,0,0,0,0,0,0,1,0,0.44,1.0,0.0,0.0,0.0,0.0,0.0,0.0,0.0,0.0,1.44,5
22500098,UTA,SAC,81.6,78.0,"('Brice Sensabaugh', 'Kyle Filipowski')",0.2166666666666666,4,1,0,0,0,0,0,0,0,1,0,0.44,1.0,0.0,0.0,0.0,0.0,0.0,0.0,0.0,0.0,1.44,5
22500098,UTA,SAC,81.6,78.0,"('Brice Sensabaugh', 'Lauri Markkanen')",0.2166666666666666,4,1,0,0,0,0,0,0,0,1,0,0.44,1.0,0.0,0.0,0.0,0.0,0.0,0.0,0.0,0.0,1.44,5
22500098,UTA,SAC,81.6,78.0,"('Brice Sensabaugh', 'Walker Kessler')",0.2166666666666666,4,1,0,0,0,0,0,0,0,1,0,0.44,1.0,0.0,0.0,0.0,0.0,0.0,0.0,0.0,0.0,1.44,5
22500098,UTA,SAC,81.6,78.0,"('Keyonte George', 'Kyle Filipowski')",0.2166666666666666,4,1,0,0,0,0,0,0,0,1,0,0.44,1.0,0.0,0.0,0.0,0.0,0.0,0.0,0.0,0.0,1.44,5
22500098,UTA,SAC,81.6,78.0,"('Keyonte George', 'Lauri Markkanen')",0.2166666666666666,4,1,0,0,0,0,0,0,0,1,0,0.44,1.0,0.0,0.0,0.0,0.0,0.0,0.0,0.0,0.0,1.44,5
22500098,UTA,SAC,81.6,78.0,"('Keyonte George', 'Walker Kessler')",0.2166666666666666,4,1,0,0,0,0,0,0,0,1,0,0.44,1.0,0.0,0.0,0.0,0.0,0.0,0.0,0.0,0.0,1.44,5
22500098,UTA,SAC,81.6,78.0,"('Kyle Filipowski', 'Lauri Markkanen')",0.2166666666666666,4,1,0,0,0,0,0,0,0,1,0,0.44,1.0,0.0,0.0,0.0,0.0,0.0,0.0,0.0,0.0,1.44,5
22500098,UTA,SAC,81.6,78.0,"('Kyle Filipowski', 'Walker Kessler')",0.2166666666666666,4,1,0,0,0,0,0,0,0,1,0,0.44,1.0,0.0,0.0,0.0,0.0,0.0,0.0,0.0,0.0,1.44,5
22500098,UTA,SAC,81.6,78.0,"('Lauri Markkanen', 'Walker Kessler')",0.2166666666666666,4,1,0,0,0,0,0,0,0,1,0,0.44,1.0,0.0,0.0,0.0,0.0,0.0,0.0,0.0,0.0,1.44,5
22500098,UTA,SAC,81.8,78.4,"('Keyonte George', 'Kyle Filipowski')",5.4,3,14,11,3,0,2,3,2,3,3,2,9.32,8.88,2.0,5.0,2.0,8.0,0.0,0.0,0.0,4.0,18.200000000000003,5
22500098,UTA,SAC,81.8,78.4,"('Keyonte George', 'Lauri Markkanen')",5.4,3,14,11,3,0,2,3,2,3,3,2,9.32,8.88,2.0,5.0,2.0,8.0,0.0,0.0,0.0,4.0,18.200000000000003,5
22500098,UTA,SAC,81.8,78.4,"('Keyonte George', 'Svi Mykhailiuk')",5.4,3,14,11,3,0,2,3,2,3,3,2,9.32,8.88,2.0,5.0,2.0,8.0,0.0,0.0,0.0,4.0,18.200000000000003,5
22500098,UTA,SAC,81.8,78.4,"('Keyonte George', 'Walker Kessler')",5.4,3,14,11,3,0,2,3,2,3,3,2,9.32,8.88,2.0,5.0,2.0,8.0,0.0,0.0,0.0,4.0,18.200000000000003,5
22500098,UTA,SAC,81.8,78.4,"('Kyle Filipowski', 'Lauri Markkanen')",5.4,3,14,11,3,0,2,3,2,3,3,2,9.32,8.88,2.0,5.0,2.0,8.0,0.0,0.0,0.0,4.0,18.200000000000003,5
22500098,UTA,SAC,81.8,78.4,"('Kyle Filipowski', 'Svi Mykhailiuk')",5.4,3,14,11,3,0,2,3,2,3,3,2,9.32,8.88,2.0,5.0,2.0,8.0,0.0,0.0,0.0,4.0,18.200000000000003,5
22500098,UTA,SAC,81.8,78.4,"('Kyle Filipowski', 'Walker Kessler')",5.4,3,14,11,3,0,2,3,2,3,3,2,9.32,8.88,2.0,5.0,2.0,8.0,0.0,0.0,0.0,4.0,18.200000000000003,5
22500098,UTA,SAC,81.8,78.4,"('Lauri Markkanen', 'Svi Mykhailiuk')",5.4,3,14,11,3,0,2,3,2,3,3,2,9.32,8.88,2.0,5.0,2.0,8.0,0.0,0.0,0.0,4.0,18.200000000000003,5
22500098,UTA,SAC,81.8,78.4,"('Lauri Markkanen', 'Walker Kessler')",5.4,3,14,11,3,0,2,3,2,3,3,2,9.32,8.88,2.0,5.0,2.0,8.0,0.0,0.0,0.0,4.0,18.200000000000003,5
22500098,UTA,SAC,81.8,78.4,"('Svi Mykhailiuk', 'Walker Kessler')",5.4,3,14,11,3,0,2,3,2,3,3,2,9.32,8.88,2.0,5.0,2.0,8.0,0.0,0.0,0.0,4.0,18.200000000000003,5
22500098,UTA,SAC,80.2,77.4,"('Brice Sensabaugh', 'Jusuf Nurkić')",1.3166666666666669,2,2,5,2,2,0,1,1,1,0,0,4.0,5.0,2.0,0.0,0.0,2.0,2.0,0.0,0.0,2.0,9.0,5
22500098,UTA,SAC,80.2,77.4,"('Brice Sensabaugh', 'Lauri Markkanen')",1.3166666666666669,2,2,5,2,2,0,1,1,1,0,0,4.0,5.0,2.0,0.0,0.0,2.0,2.0,0.0,0.0,2.0,9.0,5
22500098,UTA,SAC,80.2,77.4,"('Brice Sensabaugh', 'Svi Mykhailiuk')",1.3166666666666669,2,2,5,2,2,0,1,1,1,0,0,4.0,5.0,2.0,0.0,0.0,2.0,2.0,0.0,0.0,2.0,9.0,5
22500098,UTA,SAC,80.2,77.4,"('Brice Sensabaugh', 'Walter Clayton Jr.')",1.3166666666666669,2,2,5,2,2,0,1,1,1,0,0,4.0,5.0,2.0,0.0,0.0,2.0,2.0,0.0,0.0,2.0,9.0,5
22500098,UTA,SAC,80.2,77.4,"('Jusuf Nurkić', 'Lauri Markkanen')",1.3166666666666669,2,2,5,2,2,0,1,1,1,0,0,4.0,5.0,2.0,0.0,0.0,2.0,2.0,0.0,0.0,2.0,9.0,5
22500098,UTA,SAC,80.2,77.4,"('Jusuf Nurkić', 'Svi Mykhailiuk')",1.3166666666666669,2,2,5,2,2,0,1,1,1,0,0,4.0,5.0,2.0,0.0,0.0,2.0,2.0,0.0,0.0,2.0,9.0,5
22500098,UTA,SAC,80.2,77.4,"('Jusuf Nurkić', 'Walter Clayton Jr.')",1.3166666666666669,2,2,5,2,2,0,1,1,1,0,0,4.0,5.0,2.0,0.0,0.0,2.0,2.0,0.0,0.0,2.0,9.0,5
22500098,UTA,SAC,80.2,77.4,"('Lauri Markkanen', 'Svi Mykhailiuk')",1.3166666666666669,2,2,5,2,2,0,1,1,1,0,0,4.0,5.0,2.0,0.0,0.0,2.0,2.0,0.0,0.0,2.0,9.0,5
22500098,UTA,SAC,80.2,77.4,"('Lauri Markkanen', 'Walter Clayton Jr.')",1.3166666666666669,2,2,5,2,2,0,1,1,1,0,0,4.0,5.0,2.0,0.0,0.0,2.0,2.0,0.0,0.0,2.0,9.0,5
22500098,UTA,SAC,80.2,77.4,"('Svi Mykhailiuk', 'Walter Clayton Jr.')",1.3166666666666669,2,2,5,2,2,0,1,1,1,0,0,4.0,5.0,2.0,0.0,0.0,2.0,2.0,0.0,0.0,2.0,9.0,5
22500120,UTA,PHX,79.8,78.2,"('Ace Bailey', 'Brice Sensabaugh')",1.7166666666666668,3,0,5,2,3,0,1,1,0,1,0,4.0,4.32,0.0,0.0,0.0,0.0,0.0,2.0,0.0,2.0,8.32,6
22500120,UTA,PHX,79.8,78.2,"('Ace Bailey', 'Jusuf Nurkić')",1.7166666666666668,3,0,5,2,3,0,1,1,0,1,0,4.0,4.32,0.0,0.0,0.0,0.0,0.0,2.0,0.0,2.0,8.32,6
22500120,UTA,PHX,79.8,78.2,"('Ace Bailey', 'Keyonte George')",1.7166666666666668,3,0,5,2,3,0,1,1,0,1,0,4.0,4.32,0.0,0.0,0.0,0.0,0.0,2.0,0.0,2.0,8.32,6
22500120,UTA,PHX,79.8,78.2,"('Ace Bailey', 'Taylor Hendricks')",1.7166666666666668,3,0,5,2,3,0,1,1,0,1,0,4.0,4.32,0.0,0.0,0.0,0.0,0.0,2.0,0.0,2.0,8.32,6
22500120,UTA,PHX,79.8,78.2,"('Brice Sensabaugh', 'Jusuf Nurkić')",1.7166666666666668,3,0,5,2,3,0,1,1,0,1,0,4.0,4.32,0.0,0.0,0.0,0.0,0.0,2.0,0.0,2.0,8.32,6
22500120,UTA,PHX,79.8,78.2,"('Brice Sensabaugh', 'Keyonte George')",1.7166666666666668,3,0,5,2,3,0,1,1,0,1,0,4.0,4.32,0.0,0.0,0.0,0.0,0.0,2.0,0.0,2.0,8.32,6
22500120,UTA,PHX,79.8,78.2,"('Brice Sensabaugh', 'Taylor Hendricks')",1.7166666666666668,3,0,5,2,3,0,1,1,0,1,0,4.0,4.32,0.0,0.0,0.0,0.0,0.0,2.0,0.0,2.0,8.32,6
22500120,UTA,PHX,79.8,78.2,"('Jusuf Nurkić', 'Keyonte George')",1.7166666666666668,3,0,5,2,3,0,1,1,0,1,0,4.0,4.32,0.0,0.0,0.0,0.0,0.0,2.0,0.0,2.0,8.32,6
22500120,UTA,PHX,79.8,78.2,"('Jusuf Nurkić', 'Taylor Hendricks')",1.7166666666666668,3,0,5,2,3,0,1,1,0,1,0,4.0,4.32,0.0,0.0,0.0,0.0,0.0,2.0,0.0,2.0,8.32,6
22500120,UTA,PHX,79.8,78.2,"('Keyonte George', 'Taylor Hendricks')",1.7166666666666668,3,0,5,2,3,0,1,1,0,1,0,4.0,4.32,0.0,0.0,0.0,0.0,0.0,2.0,0.0,2.0,8.32,6
22500120,UTA,PHX,81.4,78.8,"('Keyonte George', 'Lauri Markkanen')",2.515,2,8,7,3,1,3,1,0,0,2,1,6.0,4.2,0.0,0.0,4.0,8.0,0.0,0.0,0.0,2.0,10.2,6
22500120,UTA,PHX,81.4,78.8,"('Keyonte George', 'Svi Mykhailiuk')",2.515,2,8,7,3,1,3,1,0,0,2,1,6.0,4.2,0.0,0.0,4.0,8.0,0.0,0.0,0.0,2.0,10.2,6
22500120,UTA,PHX,81.4,78.8,"('Keyonte George', 'Taylor Hendricks')",2.515,2,8,7,3,1,3,1,0,0,2,1,6.0,4.2,0.0,0.0,4.0,8.0,0.0,0.0,0.0,2.0,10.2,6
22500120,UTA,PHX,81.4,78.8,"('Keyonte George', 'Walker Kessler')",2.515,2,8,7,3,1,3,1,0,0,2,1,6.0,4.2,0.0,0.0,4.0,8.0,0.0,0.0,0.0,2.0,10.2,6
22500120,UTA,PHX,81.4,78.8,"('Lauri Markkanen', 'Svi Mykhailiuk')",2.515,2,8,7,3,1,3,1,0,0,2,1,6.0,4.2,0.0,0.0,4.0,8.0,0.0,0.0,0.0,2.0,10.2,6
22500120,UTA,PHX,81.4,78.8,"('Lauri Markkanen', 'Taylor Hendricks')",2.515,2,8,7,3,1,3,1,0,0,2,1,6.0,4.2,0.0,0.0,4.0,8.0,0.0,0.0,0.0,2.0,10.2,6
22500120,UTA,PHX,81.4,78.8,"('Lauri Markkanen', 'Walker Kessler')",2.515,2,8,7,3,1,3,1,0,0,2,1,6.0,4.2,0.0,0.0,4.0,8.0,0.0,0.0,0.0,2.0,10.2,6
22500120,UTA,PHX,81.4,78.8,"('Svi Mykhailiuk', 'Taylor Hendricks')",2.515,2,8,7,3,1,3,1,0,0,2,1,6.0,4.2,0.0,0.0,4.0,8.0,0.0,0.0,0.0,2.0,10.2,6
22500120,UTA,PHX,81.4,78.8,"('Svi Mykhailiuk', 'Walker Kessler')",2.515,2,8,7,3,1,3,1,0,0,2,1,6.0,4.2,0.0,0.0,4.0,8.0,0.0,0.0,0.0,2.0,10.2,6
22500120,UTA,PHX,81.4,78.8,"('Taylor Hendricks', 'Walker Kessler')",2.515,2,8,7,3,1,3,1,0,0,2,1,6.0,4.2,0.0,0.0,4.0,8.0,0.0,0.0,0.0,2.0,10.2,6
22500120,UTA,PHX,81.2,78.4,"('Jusuf Nurkić', 'Kyle Filipowski')",0.9833333333333332,2,2,0,1,0,0,0,1,2,1,2,2.0,3.0,0.0,2.0,2.0,2.0,0.0,0.0,0.0,0.0,5.0,6
22500120,UTA,PHX,81.2,78.4,"('Jusuf Nurkić', 'Lauri Markkanen')",0.9833333333333332,2,2,0,1,0,0,0,1,2,1,2,2.0,3.0,0.0,2.0,2.0,2.0,0.0,0.0,0.0,0.0,5.0,6
22500120,UTA,PHX,81.2,78.4,"('Jusuf Nurkić', 'Svi Mykhailiuk')",0.9833333333333332,2,2,0,1,0,0,0,1,2,1,2,2.0,3.0,0.0,2.0,2.0,2.0,0.0,0.0,0.0,0.0,5.0,6
22500120,UTA,PHX,81.2,78.4,"('Jusuf Nurkić', 'Walter Clayton Jr.')",0.9833333333333332,2,2,0,1,0,0,0,1,2,1,2,2.0,3.0,0.0,2.0,2.0,2.0,0.0,0.0,0.0,0.0,5.0,6
22500120,UTA,PHX,81.2,78.4,"('Kyle Filipowski', 'Lauri Markkanen')",0.9833333333333332,2,2,0,1,0,0,0,1,2,1,2,2.0,3.0,0.0,2.0,2.0,2.0,0.0,0.0,0.0,0.0,5.0,6
22500120,UTA,PHX,81.2,78.4,"('Kyle Filipowski', 'Svi Mykhailiuk')",0.9833333333333332,2,2,0,1,0,0,0,1,2,1,2,2.0,3.0,0.0,2.0,2.0,2.0,0.0,0.0,0.0,0.0,5.0,6
22500120,UTA,PHX,81.2,78.4,"('Kyle Filipowski', 'Walter Clayton Jr.')",0.9833333333333332,2,2,0,1,0,0,0,1,2,1,2,2.0,3.0,0.0,2.0,2.0,2.0,0.0,0.0,0.0,0.0,5.0,6
22500120,UTA,PHX,81.2,78.4,"('Lauri Markkanen', 'Svi Mykhailiuk')",0.9833333333333332,2,2,0,1,0,0,0,1,2,1,2,2.0,3.0,0.0,2.0,2.0,2.0,0.0,0.0,0.0,0.0,5.0,6
22500120,UTA,PHX,81.2,78.4,"('Lauri Markkanen', 'Walter Clayton Jr.')",0.9833333333333332,2,2,0,1,0,0,0,1,2,1,2,2.0,3.0,0.0,2.0,2.0,2.0,0.0,0.0,0.0,0.0,5.0,6
22500120,UTA,PHX,81.2,78.4,"('Svi Mykhailiuk', 'Walter Clayton Jr.')",0.9833333333333332,2,2,0,1,0,0,0,1,2,1,2,2.0,3.0,0.0,2.0,2.0,2.0,0.0,0.0,0.0,0.0,5.0,6
22500120,UTA,PHX,79.8,77.6,"('Jusuf Nurkić', 'Keyonte George')",2.5,4,7,0,3,1,0,0,1,3,0,3,6.2,5.0,0.0,0.0,0.0,2.0,0.0,0.0,0.0,0.0,11.2,6
22500120,UTA,PHX,79.8,77.6,"('Jusuf Nurkić', 'Lauri Markkanen')",2.5,4,7,0,3,1,0,0,1,3,0,3,6.2,5.0,0.0,0.0,0.0,2.0,0.0,0.0,0.0,0.0,11.2,6
22500120,UTA,PHX,79.8,77.6,"('Jusuf Nurkić', 'Svi Mykhailiuk')",2.5,4,7,0,3,1,0,0,1,3,0,3,6.2,5.0,0.0,0.0,0.0,2.0,0.0,0.0,0.0,0.0,11.2,6
22500120,UTA,PHX,79.8,77.6,"('Jusuf Nurkić', 'Walter Clayton Jr.')",2.5,4,7,0,3,1,0,0,1,3,0,3,6.2,5.0,0.0,0.0,0.0,2.0,0.0,0.0,0.0,0.0,11.2,6
22500120,UTA,PHX,79.8,77.6,"('Keyonte George', 'Lauri Markkanen')",2.5,4,7,0,3,1,0,0,1,3,0,3,6.2,5.0,0.0,0.0,0.0,2.0,0.0,0.0,0.0,0.0,11.2,6
22500120,UTA,PHX,79.8,77.6,"('Keyonte George', 'Svi Mykhailiuk')",2.5,4,7,0,3,1,0,0,1,3,0,3,6.2,5.0,0.0,0.0,0.0,2.0,0.0,0.0,0.0,0.0,11.2,6
22500120,UTA,PHX,79.8,77.6,"('Keyonte George', 'Walter Clayton Jr.')",2.5,4,7,0,3,1,0,0,1,3,0,3,6.2,5.0,0.0,0.0,0.0,2.0,0.0,0.0,0.0,0.0,11.2,6
22500120,UTA,PHX,79.8,77.6,"('Lauri Markkanen', 'Svi Mykhailiuk')",2.5,4,7,0,3,1,0,0,1,3,0,3,6.2,5.0,0.0,0.0,0.0,2.0,0.0,0.0,0.0,0.0,11.2,6
22500120,UTA,PHX,79.8,77.6,"('Lauri Markkanen', 'Walter Clayton Jr.')",2.5,4,7,0,3,1,0,0,1,3,0,3,6.2,5.0,0.0,0.0,0.0,2.0,0.0,0.0,0.0,0.0,11.2,6
22500120,UTA,PHX,79.8,77.6,"('Svi Mykhailiuk', 'Walter Clayton Jr.')",2.5,4,7,0,3,1,0,0,1,3,0,3,6.2,5.0,0.0,0.0,0.0,2.0,0.0,0.0,0.0,0.0,11.2,6
22500120,UTA,PHX,79.8,80.4,"('Keyonte George', 'Kyle Filipowski')",0.0316666666666666,4,0,0,0,0,0,0,0,0,0,0,1.0,0.0,0.0,0.0,0.0,0.0,0.0,0.0,0.0,0.0,1.0,6
22500120,UTA,PHX,79.8,80.4,"('Keyonte George', 'Lauri Markkanen')",0.0316666666666666,4,0,0,0,0,0,0,0,0,0,0,1.0,0.0,0.0,0.0,0.0,0.0,0.0,0.0,0.0,0.0,1.0,6
22500120,UTA,PHX,79.8,80.4,"('Keyonte George', 'Svi Mykhailiuk')",0.0316666666666666,4,0,0,0,0,0,0,0,0,0,0,1.0,0.0,0.0,0.0,0.0,0.0,0.0,0.0,0.0,0.0,1.0,6
22500120,UTA,PHX,79.8,80.4,"('Keyonte George', 'Walter Clayton Jr.')",0.0316666666666666,4,0,0,0,0,0,0,0,0,0,0,1.0,0.0,0.0,0.0,0.0,0.0,0.0,0.0,0.0,0.0,1.0,6
22500120,UTA,PHX,79.8,80.4,"('Kyle Filipowski', 'Lauri Markkanen')",0.0316666666666666,4,0,0,0,0,0,0,0,0,0,0,1.0,0.0,0.0,0.0,0.0,0.0,0.0,0.0,0.0,0.0,1.0,6
22500120,UTA,PHX,79.8,80.4,"('Kyle Filipowski', 'Svi Mykhailiuk')",0.0316666666666666,4,0,0,0,0,0,0,0,0,0,0,1.0,0.0,0.0,0.0,0.0,0.0,0.0,0.0,0.0,0.0,1.0,6
22500120,UTA,PHX,79.8,80.4,"('Kyle Filipowski', 'Walter Clayton Jr.')",0.0316666666666666,4,0,0,0,0,0,0,0,0,0,0,1.0,0.0,0.0,0.0,0.0,0.0,0.0,0.0,0.0,0.0,1.0,6
22500120,UTA,PHX,79.8,80.4,"('Lauri Markkanen', 'Svi Mykhailiuk')",0.0316666666666666,4,0,0,0,0,0,0,0,0,0,0,1.0,0.0,0.0,0.0,0.0,0.0,0.0,0.0,0.0,0.0,1.0,6
22500120,UTA,PHX,79.8,80.4,"('Lauri Markkanen', 'Walter Clayton Jr.')",0.0316666666666666,4,0,0,0,0,0,0,0,0,0,0,1.0,0.0,0.0,0.0,0.0,0.0,0.0,0.0,0.0,0.0,1.0,6
22500120,UTA,PHX,79.8,80.4,"('Svi Mykhailiuk', 'Walter Clayton Jr.')",0.0316666666666666,4,0,0,0,0,0,0,0,0,0,0,1.0,0.0,0.0,0.0,0.0,0.0,0.0,0.0,0.0,0.0,1.0,6
22500120,UTA,PHX,80.4,77.6,"('Keyonte George', 'Lauri Markkanen')",3.1966666666666663,4,11,21,3,5,0,4,2,1,2,4,9.08,10.32,0.0,0.0,2.0,4.0,5.0,5.0,4.0,6.0,19.4,6
22500120,UTA,PHX,80.4,77.6,"('Keyonte George', 'Svi Mykhailiuk')",3.1966666666666663,4,11,21,3,5,0,4,2,1,2,4,9.08,10.32,0.0,0.0,2.0,4.0,5.0,5.0,4.0,6.0,19.4,6
22500120,UTA,PHX,80.4,77.6,"('Keyonte George', 'Walker Kessler')",3.1966666666666663,4,11,21,3,5,0,4,2,1,2,4,9.08,10.32,0.0,0.0,2.0,4.0,5.0,5.0,4.0,6.0,19.4,6
22500120,UTA,PHX,80.4,77.6,"('Keyonte George', 'Walter Clayton Jr.')",3.1966666666666663,4,11,21,3,5,0,4,2,1,2,4,9.08,10.32,0.0,0.0,2.0,4.0,5.0,5.0,4.0,6.0,19.4,6
22500120,UTA,PHX,80.4,77.6,"('Lauri Markkanen', 'Svi Mykhailiuk')",3.1966666666666663,4,11,21,3,5,0,4,2,1,2,4,9.08,10.32,0.0,0.0,2.0,4.0,5.0,5.0,4.0,6.0,19.4,6
22500120,UTA,PHX,80.4,77.6,"('Lauri Markkanen', 'Walker Kessler')",3.1966666666666663,4,11,21,3,5,0,4,2,1,2,4,9.08,10.32,0.0,0.0,2.0,4.0,5.0,5.0,4.0,6.0,19.4,6
22500120,UTA,PHX,80.4,77.6,"('Lauri Markkanen', 'Walter Clayton Jr.')",3.1966666666666663,4,11,21,3,5,0,4,2,1,2,4,9.08,10.32,0.0,0.0,2.0,4.0,5.0,5.0,4.0,6.0,19.4,6
22500120,UTA,PHX,80.4,77.6,"('Svi Mykhailiuk', 'Walker Kessler')",3.1966666666666663,4,11,21,3,5,0,4,2,1,2,4,9.08,10.32,0.0,0.0,2.0,4.0,5.0,5.0,4.0,6.0,19.4,6
22500120,UTA,PHX,80.4,77.6,"('Svi Mykhailiuk', 'Walter Clayton Jr.')",3.1966666666666663,4,11,21,3,5,0,4,2,1,2,4,9.08,10.32,0.0,0.0,2.0,4.0,5.0,5.0,4.0,6.0,19.4,6
22500120,UTA,PHX,80.4,77.6,"('Walker Kessler', 'Walter Clayton Jr.')",3.1966666666666663,4,11,21,3,5,0,4,2,1,2,4,9.08,10.32,0.0,0.0,2.0,4.0,5.0,5.0,4.0,6.0,19.4,6
22500120,UTA,PHX,81.2,78.2,"('Ace Bailey', 'Brice Sensabaugh')",0.95,1,2,2,1,1,0,0,0,0,0,2,0.88,2.0,0.0,0.0,0.0,0.0,0.0,0.0,2.0,2.0,2.88,6
22500120,UTA,PHX,81.2,78.2,"('Ace Bailey', 'Keyonte George')",0.95,1,2,2,1,1,0,0,0,0,0,2,0.88,2.0,0.0,0.0,0.0,0.0,0.0,0.0,2.0,2.0,2.88,6
22500120,UTA,PHX,81.2,78.2,"('Ace Bailey', 'Lauri Markkanen')",0.95,1,2,2,1,1,0,0,0,0,0,2,0.88,2.0,0.0,0.0,0.0,0.0,0.0,0.0,2.0,2.0,2.88,6
22500120,UTA,PHX,81.2,78.2,"('Ace Bailey', 'Walker Kessler')",0.95,1,2,2,1,1,0,0,0,0,0,2,0.88,2.0,0.0,0.0,0.0,0.0,0.0,0.0,2.0,2.0,2.88,6
22500120,UTA,PHX,81.2,78.2,"('Brice Sensabaugh', 'Keyonte George')",0.95,1,2,2,1,1,0,0,0,0,0,2,0.88,2.0,0.0,0.0,0.0,0.0,0.0,0.0,2.0,2.0,2.88,6
22500120,UTA,PHX,81.2,78.2,"('Brice Sensabaugh', 'Lauri Markkanen')",0.95,1,2,2,1,1,0,0,0,0,0,2,0.88,2.0,0.0,0.0,0.0,0.0,0.0,0.0,2.0,2.0,2.88,6
22500120,UTA,PHX,81.2,78.2,"('Brice Sensabaugh', 'Walker Kessler')",0.95,1,2,2,1,1,0,0,0,0,0,2,0.88,2.0,0.0,0.0,0.0,0.0,0.0,0.0,2.0,2.0,2.88,6
22500120,UTA,PHX,81.2,78.2,"('Keyonte George', 'Lauri Markkanen')",0.95,1,2,2,1,1,0,0,0,0,0,2,0.88,2.0,0.0,0.0,0.0,0.0,0.0,0.0,2.0,2.0,2.88,6
22500120,UTA,PHX,81.2,78.2,"('Keyonte George', 'Walker Kessler')",0.95,1,2,2,1,1,0,0,0,0,0,2,0.88,2.0,0.0,0.0,0.0,0.0,0.0,0.0,2.0,2.0,2.88,6
22500120,UTA,PHX,81.2,78.2,"('Lauri Markkanen', 'Walker Kessler')",0.95,1,2,2,1,1,0,0,0,0,0,2,0.88,2.0,0.0,0.0,0.0,0.0,0.0,0.0,2.0,2.0,2.88,6
22500120,UTA,PHX,80.2,79.8,"('Jusuf Nurkić', 'Keyonte George')",0.0,1,0,1,0,0,0,0,0,0,0,0,0.0,0.44,0.0,0.0,0.0,0.0,0.0,0.0,0.0,0.0,0.44,6
22500120,UTA,PHX,80.2,79.8,"('Jusuf Nurkić', 'Lauri Markkanen')",0.0,1,0,1,0,0,0,0,0,0,0,0,0.0,0.44,0.0,0.0,0.0,0.0,0.0,0.0,0.0,0.0,0.44,6
22500120,UTA,PHX,80.2,79.8,"('Jusuf Nurkić', 'Taylor Hendricks')",0.0,1,0,1,0,0,0,0,0,0,0,0,0.0,0.44,0.0,0.0,0.0,0.0,0.0,0.0,0.0,0.0,0.44,6
22500120,UTA,PHX,80.2,79.8,"('Jusuf Nurkić', 'Walter Clayton Jr.')",0.0,1,0,1,0,0,0,0,0,0,0,0,0.0,0.44,0.0,0.0,0.0,0.0,0.0,0.0,0.0,0.0,0.44,6
22500120,UTA,PHX,80.2,79.8,"('Keyonte George', 'Lauri Markkanen')",0.0,1,0,1,0,0,0,0,0,0,0,0,0.0,0.44,0.0,0.0,0.0,0.0,0.0,0.0,0.0,0.0,0.44,6
22500120,UTA,PHX,80.2,79.8,"('Keyonte George', 'Taylor Hendricks')",0.0,1,0,1,0,0,0,0,0,0,0,0,0.0,0.44,0.0,0.0,0.0,0.0,0.0,0.0,0.0,0.0,0.44,6
22500120,UTA,PHX,80.2,79.8,"('Keyonte George', 'Walter Clayton Jr.')",0.0,1,0,1,0,0,0,0,0,0,0,0,0.0,0.44,0.0,0.0,0.0,0.0,0.0,0.0,0.0,0.0,0.44,6
22500120,UTA,PHX,80.2,79.8,"('Lauri Markkanen', 'Taylor Hendricks')",0.0,1,0,1,0,0,0,0,0,0,0,0,0.0,0.44,0.0,0.0,0.0,0.0,0.0,0.0,0.0,0.0,0.44,6
22500120,UTA,PHX,80.2,79.8,"('Lauri Markkanen', 'Walter Clayton Jr.')",0.0,1,0,1,0,0,0,0,0,0,0,0,0.0,0.44,0.0,0.0,0.0,0.0,0.0,0.0,0.0,0.0,0.44,6
22500120,UTA,PHX,80.2,79.8,"('Taylor Hendricks', 'Walter Clayton Jr.')",0.0,1,0,1,0,0,0,0,0,0,0,0,0.0,0.44,0.0,0.0,0.0,0.0,0.0,0.0,0.0,0.0,0.44,6
22500120,UTA,PHX,81.8,78.8,"('Keyonte George', 'Kyle Filipowski')",4.9833333333333325,1,22,5,6,3,5,2,1,3,3,2,9.88,11.0,3.0,3.0,3.0,2.0,0.0,0.0,0.0,2.0,20.880000000000003,6
22500120,UTA,PHX,81.8,78.8,"('Keyonte George', 'Lauri Markkanen')",4.9833333333333325,1,22,5,6,3,5,2,1,3,3,2,9.88,11.0,3.0,3.0,3.0,2.0,0.0,0.0,0.0,2.0,20.880000000000003,6
22500120,UTA,PHX,81.8,78.8,"('Keyonte George', 'Svi Mykhailiuk')",4.9833333333333325,1,22,5,6,3,5,2,1,3,3,2,9.88,11.0,3.0,3.0,3.0,2.0,0.0,0.0,0.0,2.0,20.880000000000003,6
22500120,UTA,PHX,81.8,78.8,"('Keyonte George', 'Walker Kessler')",4.9833333333333325,1,22,5,6,3,5,2,1,3,3,2,9.88,11.0,3.0,3.0,3.0,2.0,0.0,0.0,0.0,2.0,20.880000000000003,6
22500120,UTA,PHX,81.8,78.8,"('Kyle Filipowski', 'Lauri Markkanen')",4.9833333333333325,1,22,5,6,3,5,2,1,3,3,2,9.88,11.0,3.0,3.0,3.0,2.0,0.0,0.0,0.0,2.0,20.880000000000003,6
22500120,UTA,PHX,81.8,78.8,"('Kyle Filipowski', 'Svi Mykhailiuk')",4.9833333333333325,1,22,5,6,3,5,2,1,3,3,2,9.88,11.0,3.0,3.0,3.0,2.0,0.0,0.0,0.0,2.0,20.880000000000003,6
22500120,UTA,PHX,81.8,78.8,"('Kyle Filipowski', 'Walker Kessler')",4.9833333333333325,1,22,5,6,3,5,2,1,3,3,2,9.88,11.0,3.0,3.0,3.0,2.0,0.0,0.0,0.0,2.0,20.880000000000003,6
22500120,UTA,PHX,81.8,78.8,"('Lauri Markkanen', 'Svi Mykhailiuk')",4.9833333333333325,1,22,5,6,3,5,2,1,3,3,2,9.88,11.0,3.0,3.0,3.0,2.0,0.0,0.0,0.0,2.0,20.880000000000003,6
22500120,UTA,PHX,81.8,78.8,"('Lauri Markkanen', 'Walker Kessler')",4.9833333333333325,1,22,5,6,3,5,2,1,3,3,2,9.88,11.0,3.0,3.0,3.0,2.0,0.0,0.0,0.0,2.0,20.880000000000003,6
22500120,UTA,PHX,81.8,78.8,"('Svi Mykhailiuk', 'Walker Kessler')",4.9833333333333325,1,22,5,6,3,5,2,1,3,3,2,9.88,11.0,3.0,3.0,3.0,2.0,0.0,0.0,0.0,2.0,20.880000000000003,6
22500120,UTA,PHX,81.2,78.4,"('Ace Bailey', 'Jusuf Nurkić')",1.85,1,3,4,4,2,1,1,1,0,0,1,4.44,4.44,0.0,0.0,2.0,0.0,0.0,0.0,0.0,0.0,8.88,6
22500120,UTA,PHX,81.2,78.4,"('Ace Bailey', 'Lauri Markkanen')",1.85,1,3,4,4,2,1,1,1,0,0,1,4.44,4.44,0.0,0.0,2.0,0.0,0.0,0.0,0.0,0.0,8.88,6
22500120,UTA,PHX,81.2,78.4,"('Ace Bailey', 'Taylor Hendricks')",1.85,1,3,4,4,2,1,1,1,0,0,1,4.44,4.44,0.0,0.0,2.0,0.0,0.0,0.0,0.0,0.0,8.88,6
22500120,UTA,PHX,81.2,78.4,"('Ace Bailey', 'Walter Clayton Jr.')",1.85,1,3,4,4,2,1,1,1,0,0,1,4.44,4.44,0.0,0.0,2.0,0.0,0.0,0.0,0.0,0.0,8.88,6
22500120,UTA,PHX,81.2,78.4,"('Jusuf Nurkić', 'Lauri Markkanen')",1.85,1,3,4,4,2,1,1,1,0,0,1,4.44,4.44,0.0,0.0,2.0,0.0,0.0,0.0,0.0,0.0,8.88,6
22500120,UTA,PHX,81.2,78.4,"('Jusuf Nurkić', 'Taylor Hendricks')",1.85,1,3,4,4,2,1,1,1,0,0,1,4.44,4.44,0.0,0.0,2.0,0.0,0.0,0.0,0.0,0.0,8.88,6
22500120,UTA,PHX,81.2,78.4,"('Jusuf Nurkić', 'Walter Clayton Jr.')",1.85,1,3,4,4,2,1,1,1,0,0,1,4.44,4.44,0.0,0.0,2.0,0.0,0.0,0.0,0.0,0.0,8.88,6
22500120,UTA,PHX,81.2,78.4,"('Lauri Markkanen', 'Taylor Hendricks')",1.85,1,3,4,4,2,1,1,1,0,0,1,4.44,4.44,0.0,0.0,2.0,0.0,0.0,0.0,0.0,0.0,8.88,6
22500120,UTA,PHX,81.2,78.4,"('Lauri Markkanen', 'Walter Clayton Jr.')",1.85,1,3,4,4,2,1,1,1,0,0,1,4.44,4.44,0.0,0.0,2.0,0.0,0.0,0.0,0.0,0.0,8.88,6
22500120,UTA,PHX,81.2,78.4,"('Taylor Hendricks', 'Walter Clayton Jr.')",1.85,1,3,4,4,2,1,1,1,0,0,1,4.44,4.44,0.0,0.0,2.0,0.0,0.0,0.0,0.0,0.0,8.88,6
22500120,UTA,PHX,80.6,79.8,"('Brice Sensabaugh', 'Jusuf Nurkić')",1.645,1,5,8,1,1,1,3,1,0,1,1,4.32,4.44,0.0,0.0,0.0,2.0,2.0,2.0,0.0,4.0,8.760000000000002,6
22500120,UTA,PHX,80.6,79.8,"('Brice Sensabaugh', 'Lauri Markkanen')",1.645,1,5,8,1,1,1,3,1,0,1,1,4.32,4.44,0.0,0.0,0.0,2.0,2.0,2.0,0.0,4.0,8.760000000000002,6
22500120,UTA,PHX,80.6,79.8,"('Brice Sensabaugh', 'Taylor Hendricks')",1.645,1,5,8,1,1,1,3,1,0,1,1,4.32,4.44,0.0,0.0,0.0,2.0,2.0,2.0,0.0,4.0,8.760000000000002,6
22500120,UTA,PHX,80.6,79.8,"('Brice Sensabaugh', 'Walter Clayton Jr.')",1.645,1,5,8,1,1,1,3,1,0,1,1,4.32,4.44,0.0,0.0,0.0,2.0,2.0,2.0,0.0,4.0,8.760000000000002,6
22500120,UTA,PHX,80.6,79.8,"('Jusuf Nurkić', 'Lauri Markkanen')",1.645,1,5,8,1,1,1,3,1,0,1,1,4.32,4.44,0.0,0.0,0.0,2.0,2.0,2.0,0.0,4.0,8.760000000000002,6
22500120,UTA,PHX,80.6,79.8,"('Jusuf Nurkić', 'Taylor Hendricks')",1.645,1,5,8,1,1,1,3,1,0,1,1,4.32,4.44,0.0,0.0,0.0,2.0,2.0,2.0,0.0,4.0,8.760000000000002,6
22500120,UTA,PHX,80.6,79.8,"('Jusuf Nurkić', 'Walter Clayton Jr.')",1.645,1,5,8,1,1,1,3,1,0,1,1,4.32,4.44,0.0,0.0,0.0,2.0,2.0,2.0,0.0,4.0,8.760000000000002,6
22500120,UTA,PHX,80.6,79.8,"('Lauri Markkanen', 'Taylor Hendricks')",1.645,1,5,8,1,1,1,3,1,0,1,1,4.32,4.44,0.0,0.0,0.0,2.0,2.0,2.0,0.0,4.0,8.760000000000002,6
22500120,UTA,PHX,80.6,79.8,"('Lauri Markkanen', 'Walter Clayton Jr.')",1.645,1,5,8,1,1,1,3,1,0,1,1,4.32,4.44,0.0,0.0,0.0,2.0,2.0,2.0,0.0,4.0,8.760000000000002,6
22500120,UTA,PHX,80.6,79.8,"('Taylor Hendricks', 'Walter Clayton Jr.')",1.645,1,5,8,1,1,1,3,1,0,1,1,4.32,4.44,0.0,0.0,0.0,2.0,2.0,2.0,0.0,4.0,8.760000000000002,6
22500120,UTA,PHX,81.6,78.4,"('Brice Sensabaugh', 'Keyonte George')",0.7333333333333334,2,2,2,0,2,0,0,0,0,0,1,1.0,1.0,0.0,0.0,0.0,2.0,0.0,0.0,2.0,2.0,2.0,6
22500120,UTA,PHX,81.6,78.4,"('Brice Sensabaugh', 'Kyle Filipowski')",0.7333333333333334,2,2,2,0,2,0,0,0,0,0,1,1.0,1.0,0.0,0.0,0.0,2.0,0.0,0.0,2.0,2.0,2.0,6
22500120,UTA,PHX,81.6,78.4,"('Brice Sensabaugh', 'Lauri Markkanen')",0.7333333333333334,2,2,2,0,2,0,0,0,0,0,1,1.0,1.0,0.0,0.0,0.0,2.0,0.0,0.0,2.0,2.0,2.0,6
22500120,UTA,PHX,81.6,78.4,"('Brice Sensabaugh', 'Walker Kessler')",0.7333333333333334,2,2,2,0,2,0,0,0,0,0,1,1.0,1.0,0.0,0.0,0.0,2.0,0.0,0.0,2.0,2.0,2.0,6
22500120,UTA,PHX,81.6,78.4,"('Keyonte George', 'Kyle Filipowski')",0.7333333333333334,2,2,2,0,2,0,0,0,0,0,1,1.0,1.0,0.0,0.0,0.0,2.0,0.0,0.0,2.0,2.0,2.0,6
22500120,UTA,PHX,81.6,78.4,"('Keyonte George', 'Lauri Markkanen')",0.7333333333333334,2,2,2,0,2,0,0,0,0,0,1,1.0,1.0,0.0,0.0,0.0,2.0,0.0,0.0,2.0,2.0,2.0,6
22500120,UTA,PHX,81.6,78.4,"('Keyonte George', 'Walker Kessler')",0.7333333333333334,2,2,2,0,2,0,0,0,0,0,1,1.0,1.0,0.0,0.0,0.0,2.0,0.0,0.0,2.0,2.0,2.0,6
22500120,UTA,PHX,81.6,78.4,"('Kyle Filipowski', 'Lauri Markkanen')",0.7333333333333334,2,2,2,0,2,0,0,0,0,0,1,1.0,1.0,0.0,0.0,0.0,2.0,0.0,0.0,2.0,2.0,2.0,6
22500120,UTA,PHX,81.6,78.4,"('Kyle Filipowski', 'Walker Kessler')",0.7333333333333334,2,2,2,0,2,0,0,0,0,0,1,1.0,1.0,0.0,0.0,0.0,2.0,0.0,0.0,2.0,2.0,2.0,6
22500120,UTA,PHX,81.6,78.4,"('Lauri Markkanen', 'Walker Kessler')",0.7333333333333334,2,2,2,0,2,0,0,0,0,0,1,1.0,1.0,0.0,0.0,0.0,2.0,0.0,0.0,2.0,2.0,2.0,6
22500120,UTA,PHX,81.0,78.4,"('Brice Sensabaugh', 'Jusuf Nurkić')",1.0666666666666669,2,0,7,1,2,0,3,0,0,0,0,2.0,3.0,0.0,0.0,0.0,0.0,0.0,0.0,2.0,4.0,5.0,6
22500120,UTA,PHX,81.0,78.4,"('Brice Sensabaugh', 'Keyonte George')",1.0666666666666669,2,0,7,1,2,0,3,0,0,0,0,2.0,3.0,0.0,0.0,0.0,0.0,0.0,0.0,2.0,4.0,5.0,6
22500120,UTA,PHX,81.0,78.4,"('Brice Sensabaugh', 'Kyle Filipowski')",1.0666666666666669,2,0,7,1,2,0,3,0,0,0,0,2.0,3.0,0.0,0.0,0.0,0.0,0.0,0.0,2.0,4.0,5.0,6
22500120,UTA,PHX,81.0,78.4,"('Brice Sensabaugh', 'Lauri Markkanen')",1.0666666666666669,2,0,7,1,2,0,3,0,0,0,0,2.0,3.0,0.0,0.0,0.0,0.0,0.0,0.0,2.0,4.0,5.0,6
22500120,UTA,PHX,81.0,78.4,"('Jusuf Nurkić', 'Keyonte George')",1.0666666666666669,2,0,7,1,2,0,3,0,0,0,0,2.0,3.0,0.0,0.0,0.0,0.0,0.0,0.0,2.0,4.0,5.0,6
22500120,UTA,PHX,81.0,78.4,"('Jusuf Nurkić', 'Kyle Filipowski')",1.0666666666666669,2,0,7,1,2,0,3,0,0,0,0,2.0,3.0,0.0,0.0,0.0,0.0,0.0,0.0,2.0,4.0,5.0,6
22500120,UTA,PHX,81.0,78.4,"('Jusuf Nurkić', 'Lauri Markkanen')",1.0666666666666669,2,0,7,1,2,0,3,0,0,0,0,2.0,3.0,0.0,0.0,0.0,0.0,0.0,0.0,2.0,4.0,5.0,6
22500120,UTA,PHX,81.0,78.4,"('Keyonte George', 'Kyle Filipowski')",1.0666666666666669,2,0,7,1,2,0,3,0,0,0,0,2.0,3.0,0.0,0.0,0.0,0.0,0.0,0.0,2.0,4.0,5.0,6
22500120,UTA,PHX,81.0,78.4,"('Keyonte George', 'Lauri Markkanen')",1.0666666666666669,2,0,7,1,2,0,3,0,0,0,0,2.0,3.0,0.0,0.0,0.0,0.0,0.0,0.0,2.0,4.0,5.0,6
22500120,UTA,PHX,81.0,78.4,"('Kyle Filipowski', 'Lauri Markkanen')",1.0666666666666669,2,0,7,1,2,0,3,0,0,0,0,2.0,3.0,0.0,0.0,0.0,0.0,0.0,0.0,2.0,4.0,5.0,6
22500120,UTA,PHX,81.0,78.4,"('Brice Sensabaugh', 'Jusuf Nurkić')",0.9833333333333334,2,3,0,3,1,1,0,0,0,1,1,2.44,2.0,2.0,0.0,0.0,2.0,0.0,0.0,0.0,0.0,4.44,6
22500120,UTA,PHX,81.0,78.4,"('Brice Sensabaugh', 'Kyle Filipowski')",0.9833333333333334,2,3,0,3,1,1,0,0,0,1,1,2.44,2.0,2.0,0.0,0.0,2.0,0.0,0.0,0.0,0.0,4.44,6
22500120,UTA,PHX,81.0,78.4,"('Brice Sensabaugh', 'Lauri Markkanen')",0.9833333333333334,2,3,0,3,1,1,0,0,0,1,1,2.44,2.0,2.0,0.0,0.0,2.0,0.0,0.0,0.0,0.0,4.44,6
22500120,UTA,PHX,81.0,78.4,"('Brice Sensabaugh', 'Walter Clayton Jr.')",0.9833333333333334,2,3,0,3,1,1,0,0,0,1,1,2.44,2.0,2.0,0.0,0.0,2.0,0.0,0.0,0.0,0.0,4.44,6
22500120,UTA,PHX,81.0,78.4,"('Jusuf Nurkić', 'Kyle Filipowski')",0.9833333333333334,2,3,0,3,1,1,0,0,0,1,1,2.44,2.0,2.0,0.0,0.0,2.0,0.0,0.0,0.0,0.0,4.44,6
22500120,UTA,PHX,81.0,78.4,"('Jusuf Nurkić', 'Lauri Markkanen')",0.9833333333333334,2,3,0,3,1,1,0,0,0,1,1,2.44,2.0,2.0,0.0,0.0,2.0,0.0,0.0,0.0,0.0,4.44,6
22500120,UTA,PHX,81.0,78.4,"('Jusuf Nurkić', 'Walter Clayton Jr.')",0.9833333333333334,2,3,0,3,1,1,0,0,0,1,1,2.44,2.0,2.0,0.0,0.0,2.0,0.0,0.0,0.0,0.0,4.44,6
22500120,UTA,PHX,81.0,78.4,"('Kyle Filipowski', 'Lauri Markkanen')",0.9833333333333334,2,3,0,3,1,1,0,0,0,1,1,2.44,2.0,2.0,0.0,0.0,2.0,0.0,0.0,0.0,0.0,4.44,6
22500120,UTA,PHX,81.0,78.4,"('Kyle Filipowski', 'Walter Clayton Jr.')",0.9833333333333334,2,3,0,3,1,1,0,0,0,1,1,2.44,2.0,2.0,0.0,0.0,2.0,0.0,0.0,0.0,0.0,4.44,6
22500120,UTA,PHX,81.0,78.4,"('Lauri Markkanen', 'Walter Clayton Jr.')",0.9833333333333334,2,3,0,3,1,1,0,0,0,1,1,2.44,2.0,2.0,0.0,0.0,2.0,0.0,0.0,0.0,0.0,4.44,6
22500120,UTA,PHX,81.4,79.0,"('Ace Bailey', 'Keyonte George')",2.883333333333333,2,9,9,4,1,1,2,1,0,1,2,5.76,5.44,0.0,0.0,2.0,2.0,0.0,0.0,0.0,2.0,11.2,6
22500120,UTA,PHX,81.4,79.0,"('Ace Bailey', 'Lauri Markkanen')",2.883333333333333,2,9,9,4,1,1,2,1,0,1,2,5.76,5.44,0.0,0.0,2.0,2.0,0.0,0.0,0.0,2.0,11.2,6
22500120,UTA,PHX,81.4,79.0,"('Ace Bailey', 'Svi Mykhailiuk')",2.883333333333333,2,9,9,4,1,1,2,1,0,1,2,5.76,5.44,0.0,0.0,2.0,2.0,0.0,0.0,0.0,2.0,11.2,6
22500120,UTA,PHX,81.4,79.0,"('Ace Bailey', 'Walker Kessler')",2.883333333333333,2,9,9,4,1,1,2,1,0,1,2,5.76,5.44,0.0,0.0,2.0,2.0,0.0,0.0,0.0,2.0,11.2,6
22500120,UTA,PHX,81.4,79.0,"('Keyonte George', 'Lauri Markkanen')",2.883333333333333,2,9,9,4,1,1,2,1,0,1,2,5.76,5.44,0.0,0.0,2.0,2.0,0.0,0.0,0.0,2.0,11.2,6
22500120,UTA,PHX,81.4,79.0,"('Keyonte George', 'Svi Mykhailiuk')",2.883333333333333,2,9,9,4,1,1,2,1,0,1,2,5.76,5.44,0.0,0.0,2.0,2.0,0.0,0.0,0.0,2.0,11.2,6
22500120,UTA,PHX,81.4,79.0,"('Keyonte George', 'Walker Kessler')",2.883333333333333,2,9,9,4,1,1,2,1,0,1,2,5.76,5.44,0.0,0.0,2.0,2.0,0.0,0.0,0.0,2.0,11.2,6
22500120,UTA,PHX,81.4,79.0,"('Lauri Markkanen', 'Svi Mykhailiuk')",2.883333333333333,2,9,9,4,1,1,2,1,0,1,2,5.76,5.44,0.0,0.0,2.0,2.0,0.0,0.0,0.0,2.0,11.2,6
22500120,UTA,PHX,81.4,79.0,"('Lauri Markkanen', 'Walker Kessler')",2.883333333333333,2,9,9,4,1,1,2,1,0,1,2,5.76,5.44,0.0,0.0,2.0,2.0,0.0,0.0,0.0,2.0,11.2,6
22500120,UTA,PHX,81.4,79.0,"('Svi Mykhailiuk', 'Walker Kessler')",2.883333333333333,2,9,9,4,1,1,2,1,0,1,2,5.76,5.44,0.0,0.0,2.0,2.0,0.0,0.0,0.0,2.0,11.2,6
22500120,UTA,PHX,79.8,78.2,"('Ace Bailey', 'Brice Sensabaugh')",1.3666666666666667,1,4,2,2,2,1,1,0,0,1,1,4.44,4.0,0.0,0.0,0.0,0.0,0.0,0.0,0.0,2.0,8.44,6
22500120,UTA,PHX,79.8,78.2,"('Ace Bailey', 'Jusuf Nurkić')",1.3666666666666667,1,4,2,2,2,1,1,0,0,1,1,4.44,4.0,0.0,0.0,0.0,0.0,0.0,0.0,0.0,2.0,8.44,6
22500120,UTA,PHX,79.8,78.2,"('Ace Bailey', 'Taylor Hendricks')",1.3666666666666667,1,4,2,2,2,1,1,0,0,1,1,4.44,4.0,0.0,0.0,0.0,0.0,0.0,0.0,0.0,2.0,8.44,6
22500120,UTA,PHX,79.8,78.2,"('Ace Bailey', 'Walter Clayton Jr.')",1.3666666666666667,1,4,2,2,2,1,1,0,0,1,1,4.44,4.0,0.0,0.0,0.0,0.0,0.0,0.0,0.0,2.0,8.44,6
22500120,UTA,PHX,79.8,78.2,"('Brice Sensabaugh', 'Jusuf Nurkić')",1.3666666666666667,1,4,2,2,2,1,1,0,0,1,1,4.44,4.0,0.0,0.0,0.0,0.0,0.0,0.0,0.0,2.0,8.44,6
22500120,UTA,PHX,79.8,78.2,"('Brice Sensabaugh', 'Taylor Hendricks')",1.3666666666666667,1,4,2,2,2,1,1,0,0,1,1,4.44,4.0,0.0,0.0,0.0,0.0,0.0,0.0,0.0,2.0,8.44,6
22500120,UTA,PHX,79.8,78.2,"('Brice Sensabaugh', 'Walter Clayton Jr.')",1.3666666666666667,1,4,2,2,2,1,1,0,0,1,1,4.44,4.0,0.0,0.0,0.0,0.0,0.0,0.0,0.0,2.0,8.44,6
22500120,UTA,PHX,79.8,78.2,"('Jusuf Nurkić', 'Taylor Hendricks')",1.3666666666666667,1,4,2,2,2,1,1,0,0,1,1,4.44,4.0,0.0,0.0,0.0,0.0,0.0,0.0,0.0,2.0,8.44,6
22500120,UTA,PHX,79.8,78.2,"('Jusuf Nurkić', 'Walter Clayton Jr.')",1.3666666666666667,1,4,2,2,2,1,1,0,0,1,1,4.44,4.0,0.0,0.0,0.0,0.0,0.0,0.0,0.0,2.0,8.44,6
22500120,UTA,PHX,79.8,78.2,"('Taylor Hendricks', 'Walter Clayton Jr.')",1.3666666666666667,1,4,2,2,2,1,1,0,0,1,1,4.44,4.0,0.0,0.0,0.0,0.0,0.0,0.0,0.0,2.0,8.44,6
22500120,UTA,PHX,80.4,78.2,"('Ace Bailey', 'Brice Sensabaugh')",0.7833333333333333,1,3,5,0,1,1,2,0,0,0,0,2.0,2.0,0.0,0.0,0.0,0.0,0.0,0.0,0.0,2.0,4.0,6
22500120,UTA,PHX,80.4,78.2,"('Ace Bailey', 'Taylor Hendricks')",0.7833333333333333,1,3,5,0,1,1,2,0,0,0,0,2.0,2.0,0.0,0.0,0.0,0.0,0.0,0.0,0.0,2.0,4.0,6
22500120,UTA,PHX,80.4,78.2,"('Ace Bailey', 'Walker Kessler')",0.7833333333333333,1,3,5,0,1,1,2,0,0,0,0,2.0,2.0,0.0,0.0,0.0,0.0,0.0,0.0,0.0,2.0,4.0,6
22500120,UTA,PHX,80.4,78.2,"('Ace Bailey', 'Walter Clayton Jr.')",0.7833333333333333,1,3,5,0,1,1,2,0,0,0,0,2.0,2.0,0.0,0.0,0.0,0.0,0.0,0.0,0.0,2.0,4.0,6
22500120,UTA,PHX,80.4,78.2,"('Brice Sensabaugh', 'Taylor Hendricks')",0.7833333333333333,1,3,5,0,1,1,2,0,0,0,0,2.0,2.0,0.0,0.0,0.0,0.0,0.0,0.0,0.0,2.0,4.0,6
22500120,UTA,PHX,80.4,78.2,"('Brice Sensabaugh', 'Walker Kessler')",0.7833333333333333,1,3,5,0,1,1,2,0,0,0,0,2.0,2.0,0.0,0.0,0.0,0.0,0.0,0.0,0.0,2.0,4.0,6
22500120,UTA,PHX,80.4,78.2,"('Brice Sensabaugh', 'Walter Clayton Jr.')",0.7833333333333333,1,3,5,0,1,1,2,0,0,0,0,2.0,2.0,0.0,0.0,0.0,0.0,0.0,0.0,0.0,2.0,4.0,6
22500120,UTA,PHX,80.4,78.2,"('Taylor Hendricks', 'Walker Kessler')",0.7833333333333333,1,3,5,0,1,1,2,0,0,0,0,2.0,2.0,0.0,0.0,0.0,0.0,0.0,0.0,0.0,2.0,4.0,6
22500120,UTA,PHX,80.4,78.2,"('Taylor Hendricks', 'Walter Clayton Jr.')",0.7833333333333333,1,3,5,0,1,1,2,0,0,0,0,2.0,2.0,0.0,0.0,0.0,0.0,0.0,0.0,0.0,2.0,4.0,6
22500120,UTA,PHX,80.4,78.2,"('Walker Kessler', 'Walter Clayton Jr.')",0.7833333333333333,1,3,5,0,1,1,2,0,0,0,0,2.0,2.0,0.0,0.0,0.0,0.0,0.0,0.0,0.0,2.0,4.0,6
22500120,UTA,PHX,80.0,77.2,"('Keyonte George', 'Kyle Filipowski')",1.4333333333333336,4,2,4,2,1,0,2,1,0,1,0,3.0,4.0,0.0,0.0,0.0,2.0,2.0,2.0,0.0,4.0,7.0,6
22500120,UTA,PHX,80.0,77.2,"('Keyonte George', 'Svi Mykhailiuk')",1.4333333333333336,4,2,4,2,1,0,2,1,0,1,0,3.0,4.0,0.0,0.0,0.0,2.0,2.0,2.0,0.0,4.0,7.0,6
22500120,UTA,PHX,80.0,77.2,"('Keyonte George', 'Walker Kessler')",1.4333333333333336,4,2,4,2,1,0,2,1,0,1,0,3.0,4.0,0.0,0.0,0.0,2.0,2.0,2.0,0.0,4.0,7.0,6
22500120,UTA,PHX,80.0,77.2,"('Keyonte George', 'Walter Clayton Jr.')",1.4333333333333336,4,2,4,2,1,0,2,1,0,1,0,3.0,4.0,0.0,0.0,0.0,2.0,2.0,2.0,0.0,4.0,7.0,6
22500120,UTA,PHX,80.0,77.2,"('Kyle Filipowski', 'Svi Mykhailiuk')",1.4333333333333336,4,2,4,2,1,0,2,1,0,1,0,3.0,4.0,0.0,0.0,0.0,2.0,2.0,2.0,0.0,4.0,7.0,6
22500120,UTA,PHX,80.0,77.2,"('Kyle Filipowski', 'Walker Kessler')",1.4333333333333336,4,2,4,2,1,0,2,1,0,1,0,3.0,4.0,0.0,0.0,0.0,2.0,2.0,2.0,0.0,4.0,7.0,6
22500120,UTA,PHX,80.0,77.2,"('Kyle Filipowski', 'Walter Clayton Jr.')",1.4333333333333336,4,2,4,2,1,0,2,1,0,1,0,3.0,4.0,0.0,0.0,0.0,2.0,2.0,2.0,0.0,4.0,7.0,6
22500120,UTA,PHX,80.0,77.2,"('Svi Mykhailiuk', 'Walker Kessler')",1.4333333333333336,4,2,4,2,1,0,2,1,0,1,0,3.0,4.0,0.0,0.0,0.0,2.0,2.0,2.0,0.0,4.0,7.0,6
22500120,UTA,PHX,80.0,77.2,"('Svi Mykhailiuk', 'Walter Clayton Jr.')",1.4333333333333336,4,2,4,2,1,0,2,1,0,1,0,3.0,4.0,0.0,0.0,0.0,2.0,2.0,2.0,0.0,4.0,7.0,6
22500120,UTA,PHX,80.0,77.2,"('Walker Kessler', 'Walter Clayton Jr.')",1.4333333333333336,4,2,4,2,1,0,2,1,0,1,0,3.0,4.0,0.0,0.0,0.0,2.0,2.0,2.0,0.0,4.0,7.0,6
22500120,UTA,PHX,80.4,77.6,"('Keyonte George', 'Lauri Markkanen')",4.0616666666666665,5,10,9,4,4,2,3,2,0,3,3,7.76,7.88,0.0,0.0,3.0,0.0,2.0,3.0,0.0,4.0,15.64,6
22500120,UTA,PHX,80.4,77.6,"('Keyonte George', 'Svi Mykhailiuk')",4.0616666666666665,5,10,9,4,4,2,3,2,0,3,3,7.76,7.88,0.0,0.0,3.0,0.0,2.0,3.0,0.0,4.0,15.64,6
22500120,UTA,PHX,80.4,77.6,"('Keyonte George', 'Walker Kessler')",4.0616666666666665,5,10,9,4,4,2,3,2,0,3,3,7.76,7.88,0.0,0.0,3.0,0.0,2.0,3.0,0.0,4.0,15.64,6
22500120,UTA,PHX,80.4,77.6,"('Keyonte George', 'Walter Clayton Jr.')",4.0616666666666665,5,10,9,4,4,2,3,2,0,3,3,7.76,7.88,0.0,0.0,3.0,0.0,2.0,3.0,0.0,4.0,15.64,6
22500120,UTA,PHX,80.4,77.6,"('Lauri Markkanen', 'Svi Mykhailiuk')",4.0616666666666665,5,10,9,4,4,2,3,2,0,3,3,7.76,7.88,0.0,0.0,3.0,0.0,2.0,3.0,0.0,4.0,15.64,6
22500120,UTA,PHX,80.4,77.6,"('Lauri Markkanen', 'Walker Kessler')",4.0616666666666665,5,10,9,4,4,2,3,2,0,3,3,7.76,7.88,0.0,0.0,3.0,0.0,2.0,3.0,0.0,4.0,15.64,6
22500120,UTA,PHX,80.4,77.6,"('Lauri Markkanen', 'Walter Clayton Jr.')",4.0616666666666665,5,10,9,4,4,2,3,2,0,3,3,7.76,7.88,0.0,0.0,3.0,0.0,2.0,3.0,0.0,4.0,15.64,6
22500120,UTA,PHX,80.4,77.6,"('Svi Mykhailiuk', 'Walker Kessler')",4.0616666666666665,5,10,9,4,4,2,3,2,0,3,3,7.76,7.88,0.0,0.0,3.0,0.0,2.0,3.0,0.0,4.0,15.64,6
22500120,UTA,PHX,80.4,77.6,"('Svi Mykhailiuk', 'Walter Clayton Jr.')",4.0616666666666665,5,10,9,4,4,2,3,2,0,3,3,7.76,7.88,0.0,0.0,3.0,0.0,2.0,3.0,0.0,4.0,15.64,6
22500120,UTA,PHX,80.4,77.6,"('Walker Kessler', 'Walter Clayton Jr.')",4.0616666666666665,5,10,9,4,4,2,3,2,0,3,3,7.76,7.88,0.0,0.0,3.0,0.0,2.0,3.0,0.0,4.0,15.64,6
22500120,UTA,PHX,81.8,77.6,"('Keyonte George', 'Kyle Filipowski')",0.9299999999999998,5,4,1,2,0,0,0,0,0,0,1,1.88,3.44,0.0,0.0,0.0,2.0,0.0,0.0,0.0,0.0,5.32,6
22500120,UTA,PHX,81.8,77.6,"('Keyonte George', 'Lauri Markkanen')",0.9299999999999998,5,4,1,2,0,0,0,0,0,0,1,1.88,3.44,0.0,0.0,0.0,2.0,0.0,0.0,0.0,0.0,5.32,6
22500120,UTA,PHX,81.8,77.6,"('Keyonte George', 'Svi Mykhailiuk')",0.9299999999999998,5,4,1,2,0,0,0,0,0,0,1,1.88,3.44,0.0,0.0,0.0,2.0,0.0,0.0,0.0,0.0,5.32,6
22500120,UTA,PHX,81.8,77.6,"('Keyonte George', 'Walker Kessler')",0.9299999999999998,5,4,1,2,0,0,0,0,0,0,1,1.88,3.44,0.0,0.0,0.0,2.0,0.0,0.0,0.0,0.0,5.32,6
22500120,UTA,PHX,81.8,77.6,"('Kyle Filipowski', 'Lauri Markkanen')",0.9299999999999998,5,4,1,2,0,0,0,0,0,0,1,1.88,3.44,0.0,0.0,0.0,2.0,0.0,0.0,0.0,0.0,5.32,6
22500120,UTA,PHX,81.8,77.6,"('Kyle Filipowski', 'Svi Mykhailiuk')",0.9299999999999998,5,4,1,2,0,0,0,0,0,0,1,1.88,3.44,0.0,0.0,0.0,2.0,0.0,0.0,0.0,0.0,5.32,6
22500120,UTA,PHX,81.8,77.6,"('Kyle Filipowski', 'Walker Kessler')",0.9299999999999998,5,4,1,2,0,0,0,0,0,0,1,1.88,3.44,0.0,0.0,0.0,2.0,0.0,0.0,0.0,0.0,5.32,6
22500120,UTA,PHX,81.8,77.6,"('Lauri Markkanen', 'Svi Mykhailiuk')",0.9299999999999998,5,4,1,2,0,0,0,0,0,0,1,1.88,3.44,0.0,0.0,0.0,2.0,0.0,0.0,0.0,0.0,5.32,6
22500120,UTA,PHX,81.8,77.6,"('Lauri Markkanen', 'Walker Kessler')",0.9299999999999998,5,4,1,2,0,0,0,0,0,0,1,1.88,3.44,0.0,0.0,0.0,2.0,0.0,0.0,0.0,0.0,5.32,6
22500120,UTA,PHX,81.8,77.6,"('Svi Mykhailiuk', 'Walker Kessler')",0.9299999999999998,5,4,1,2,0,0,0,0,0,0,1,1.88,3.44,0.0,0.0,0.0,2.0,0.0,0.0,0.0,0.0,5.32,6
22500120,UTA,PHX,81.8,78.8,"('Keyonte George', 'Kyle Filipowski')",5.116666666666666,3,15,11,7,3,4,2,2,2,3,1,10.0,10.44,0.0,5.0,4.0,6.0,0.0,0.0,0.0,4.0,20.44,6
22500120,UTA,PHX,81.8,78.8,"('Keyonte George', 'Lauri Markkanen')",5.116666666666666,3,15,11,7,3,4,2,2,2,3,1,10.0,10.44,0.0,5.0,4.0,6.0,0.0,0.0,0.0,4.0,20.44,6
22500120,UTA,PHX,81.8,78.8,"('Keyonte George', 'Svi Mykhailiuk')",5.116666666666666,3,15,11,7,3,4,2,2,2,3,1,10.0,10.44,0.0,5.0,4.0,6.0,0.0,0.0,0.0,4.0,20.44,6
22500120,UTA,PHX,81.8,78.8,"('Keyonte George', 'Walker Kessler')",5.116666666666666,3,15,11,7,3,4,2,2,2,3,1,10.0,10.44,0.0,5.0,4.0,6.0,0.0,0.0,0.0,4.0,20.44,6
22500120,UTA,PHX,81.8,78.8,"('Kyle Filipowski', 'Lauri Markkanen')",5.116666666666666,3,15,11,7,3,4,2,2,2,3,1,10.0,10.44,0.0,5.0,4.0,6.0,0.0,0.0,0.0,4.0,20.44,6
22500120,UTA,PHX,81.8,78.8,"('Kyle Filipowski', 'Svi Mykhailiuk')",5.116666666666666,3,15,11,7,3,4,2,2,2,3,1,10.0,10.44,0.0,5.0,4.0,6.0,0.0,0.0,0.0,4.0,20.44,6
22500120,UTA,PHX,81.8,78.8,"('Kyle Filipowski', 'Walker Kessler')",5.116666666666666,3,15,11,7,3,4,2,2,2,3,1,10.0,10.44,0.0,5.0,4.0,6.0,0.0,0.0,0.0,4.0,20.44,6
22500120,UTA,PHX,81.8,78.8,"('Lauri Markkanen', 'Svi Mykhailiuk')",5.116666666666666,3,15,11,7,3,4,2,2,2,3,1,10.0,10.44,0.0,5.0,4.0,6.0,0.0,0.0,0.0,4.0,20.44,6
22500120,UTA,PHX,81.8,78.8,"('Lauri Markkanen', 'Walker Kessler')",5.116666666666666,3,15,11,7,3,4,2,2,2,3,1,10.0,10.44,0.0,5.0,4.0,6.0,0.0,0.0,0.0,4.0,20.44,6
22500120,UTA,PHX,81.8,78.8,"('Svi Mykhailiuk', 'Walker Kessler')",5.116666666666666,3,15,11,7,3,4,2,2,2,3,1,10.0,10.44,0.0,5.0,4.0,6.0,0.0,0.0,0.0,4.0,20.44,6
22500120,UTA,PHX,81.4,78.6,"('Keyonte George', 'Lauri Markkanen')",0.6499999999999999,3,0,2,0,1,0,1,1,0,1,0,1.0,1.0,0.0,0.0,0.0,0.0,2.0,0.0,2.0,2.0,2.0,6
22500120,UTA,PHX,81.4,78.6,"('Keyonte George', 'Svi Mykhailiuk')",0.6499999999999999,3,0,2,0,1,0,1,1,0,1,0,1.0,1.0,0.0,0.0,0.0,0.0,2.0,0.0,2.0,2.0,2.0,6
22500120,UTA,PHX,81.4,78.6,"('Keyonte George', 'Taylor Hendricks')",0.6499999999999999,3,0,2,0,1,0,1,1,0,1,0,1.0,1.0,0.0,0.0,0.0,0.0,2.0,0.0,2.0,2.0,2.0,6
22500120,UTA,PHX,81.4,78.6,"('Keyonte George', 'Walker Kessler')",0.6499999999999999,3,0,2,0,1,0,1,1,0,1,0,1.0,1.0,0.0,0.0,0.0,0.0,2.0,0.0,2.0,2.0,2.0,6
22500120,UTA,PHX,81.4,78.6,"('Lauri Markkanen', 'Svi Mykhailiuk')",0.6499999999999999,3,0,2,0,1,0,1,1,0,1,0,1.0,1.0,0.0,0.0,0.0,0.0,2.0,0.0,2.0,2.0,2.0,6
22500120,UTA,PHX,81.4,78.6,"('Lauri Markkanen', 'Taylor Hendricks')",0.6499999999999999,3,0,2,0,1,0,1,1,0,1,0,1.0,1.0,0.0,0.0,0.0,0.0,2.0,0.0,2.0,2.0,2.0,6
22500120,UTA,PHX,81.4,78.6,"('Lauri Markkanen', 'Walker Kessler')",0.6499999999999999,3,0,2,0,1,0,1,1,0,1,0,1.0,1.0,0.0,0.0,0.0,0.0,2.0,0.0,2.0,2.0,2.0,6
22500120,UTA,PHX,81.4,78.6,"('Svi Mykhailiuk', 'Taylor Hendricks')",0.6499999999999999,3,0,2,0,1,0,1,1,0,1,0,1.0,1.0,0.0,0.0,0.0,0.0,2.0,0.0,2.0,2.0,2.0,6
22500120,UTA,PHX,81.4,78.6,"('Svi Mykhailiuk', 'Walker Kessler')",0.6499999999999999,3,0,2,0,1,0,1,1,0,1,0,1.0,1.0,0.0,0.0,0.0,0.0,2.0,0.0,2.0,2.0,2.0,6
22500120,UTA,PHX,81.4,78.6,"('Taylor Hendricks', 'Walker Kessler')",0.6499999999999999,3,0,2,0,1,0,1,1,0,1,0,1.0,1.0,0.0,0.0,0.0,0.0,2.0,0.0,2.0,2.0,2.0,6
22500120,UTA,PHX,81.2,78.6,"('Brice Sensabaugh', 'Keyonte George')",0.2666666666666666,3,0,0,0,0,0,0,0,0,1,0,0.0,1.0,0.0,0.0,0.0,0.0,0.0,0.0,0.0,0.0,1.0,6
22500120,UTA,PHX,81.2,78.6,"('Brice Sensabaugh', 'Lauri Markkanen')",0.2666666666666666,3,0,0,0,0,0,0,0,0,1,0,0.0,1.0,0.0,0.0,0.0,0.0,0.0,0.0,0.0,0.0,1.0,6
22500120,UTA,PHX,81.2,78.6,"('Brice Sensabaugh', 'Taylor Hendricks')",0.2666666666666666,3,0,0,0,0,0,0,0,0,1,0,0.0,1.0,0.0,0.0,0.0,0.0,0.0,0.0,0.0,0.0,1.0,6
22500120,UTA,PHX,81.2,78.6,"('Brice Sensabaugh', 'Walker Kessler')",0.2666666666666666,3,0,0,0,0,0,0,0,0,1,0,0.0,1.0,0.0,0.0,0.0,0.0,0.0,0.0,0.0,0.0,1.0,6
22500120,UTA,PHX,81.2,78.6,"('Keyonte George', 'Lauri Markkanen')",0.2666666666666666,3,0,0,0,0,0,0,0,0,1,0,0.0,1.0,0.0,0.0,0.0,0.0,0.0,0.0,0.0,0.0,1.0,6
22500120,UTA,PHX,81.2,78.6,"('Keyonte George', 'Taylor Hendricks')",0.2666666666666666,3,0,0,0,0,0,0,0,0,1,0,0.0,1.0,0.0,0.0,0.0,0.0,0.0,0.0,0.0,0.0,1.0,6
22500120,UTA,PHX,81.2,78.6,"('Keyonte George', 'Walker Kessler')",0.2666666666666666,3,0,0,0,0,0,0,0,0,1,0,0.0,1.0,0.0,0.0,0.0,0.0,0.0,0.0,0.0,0.0,1.0,6
22500120,UTA,PHX,81.2,78.6,"('Lauri Markkanen', 'Taylor Hendricks')",0.2666666666666666,3,0,0,0,0,0,0,0,0,1,0,0.0,1.0,0.0,0.0,0.0,0.0,0.0,0.0,0.0,0.0,1.0,6
22500120,UTA,PHX,81.2,78.6,"('Lauri Markkanen', 'Walker Kessler')",0.2666666666666666,3,0,0,0,0,0,0,0,0,1,0,0.0,1.0,0.0,0.0,0.0,0.0,0.0,0.0,0.0,0.0,1.0,6
22500120,UTA,PHX,81.2,78.6,"('Taylor Hendricks', 'Walker Kessler')",0.2666666666666666,3,0,0,0,0,0,0,0,0,1,0,0.0,1.0,0.0,0.0,0.0,0.0,0.0,0.0,0.0,0.0,1.0,6
22500120,UTA,PHX,80.4,78.6,"('Ace Bailey', 'Brice Sensabaugh')",0.6166666666666667,3,2,3,0,0,1,1,0,0,1,0,1.0,1.44,0.0,0.0,0.0,2.0,2.0,0.0,2.0,2.0,2.44,6
22500120,UTA,PHX,80.4,78.6,"('Ace Bailey', 'Keyonte George')",0.6166666666666667,3,2,3,0,0,1,1,0,0,1,0,1.0,1.44,0.0,0.0,0.0,2.0,2.0,0.0,2.0,2.0,2.44,6
22500120,UTA,PHX,80.4,78.6,"('Ace Bailey', 'Taylor Hendricks')",0.6166666666666667,3,2,3,0,0,1,1,0,0,1,0,1.0,1.44,0.0,0.0,0.0,2.0,2.0,0.0,2.0,2.0,2.44,6
22500120,UTA,PHX,80.4,78.6,"('Ace Bailey', 'Walker Kessler')",0.6166666666666667,3,2,3,0,0,1,1,0,0,1,0,1.0,1.44,0.0,0.0,0.0,2.0,2.0,0.0,2.0,2.0,2.44,6
22500120,UTA,PHX,80.4,78.6,"('Brice Sensabaugh', 'Keyonte George')",0.6166666666666667,3,2,3,0,0,1,1,0,0,1,0,1.0,1.44,0.0,0.0,0.0,2.0,2.0,0.0,2.0,2.0,2.44,6
22500120,UTA,PHX,80.4,78.6,"('Brice Sensabaugh', 'Taylor Hendricks')",0.6166666666666667,3,2,3,0,0,1,1,0,0,1,0,1.0,1.44,0.0,0.0,0.0,2.0,2.0,0.0,2.0,2.0,2.44,6
22500120,UTA,PHX,80.4,78.6,"('Brice Sensabaugh', 'Walker Kessler')",0.6166666666666667,3,2,3,0,0,1,1,0,0,1,0,1.0,1.44,0.0,0.0,0.0,2.0,2.0,0.0,2.0,2.0,2.44,6
22500120,UTA,PHX,80.4,78.6,"('Keyonte George', 'Taylor Hendricks')",0.6166666666666667,3,2,3,0,0,1,1,0,0,1,0,1.0,1.44,0.0,0.0,0.0,2.0,2.0,0.0,2.0,2.0,2.44,6
22500120,UTA,PHX,80.4,78.6,"('Keyonte George', 'Walker Kessler')",0.6166666666666667,3,2,3,0,0,1,1,0,0,1,0,1.0,1.44,0.0,0.0,0.0,2.0,2.0,0.0,2.0,2.0,2.44,6
22500120,UTA,PHX,80.4,78.6,"('Taylor Hendricks', 'Walker Kessler')",0.6166666666666667,3,2,3,0,0,1,1,0,0,1,0,1.0,1.44,0.0,0.0,0.0,2.0,2.0,0.0,2.0,2.0,2.44,6
22500120,UTA,PHX,79.8,78.2,"('Ace Bailey', 'Brice Sensabaugh')",0.2666666666666666,3,0,3,0,0,0,1,1,0,1,0,1.0,1.44,0.0,0.0,0.0,0.0,2.0,2.0,0.0,2.0,2.44,6
22500120,UTA,PHX,79.8,78.2,"('Ace Bailey', 'Jusuf Nurkić')",0.2666666666666666,3,0,3,0,0,0,1,1,0,1,0,1.0,1.44,0.0,0.0,0.0,0.0,2.0,2.0,0.0,2.0,2.44,6
22500120,UTA,PHX,79.8,78.2,"('Ace Bailey', 'Taylor Hendricks')",0.2666666666666666,3,0,3,0,0,0,1,1,0,1,0,1.0,1.44,0.0,0.0,0.0,0.0,2.0,2.0,0.0,2.0,2.44,6
22500120,UTA,PHX,79.8,78.2,"('Ace Bailey', 'Walter Clayton Jr.')",0.2666666666666666,3,0,3,0,0,0,1,1,0,1,0,1.0,1.44,0.0,0.0,0.0,0.0,2.0,2.0,0.0,2.0,2.44,6
22500120,UTA,PHX,79.8,78.2,"('Brice Sensabaugh', 'Jusuf Nurkić')",0.2666666666666666,3,0,3,0,0,0,1,1,0,1,0,1.0,1.44,0.0,0.0,0.0,0.0,2.0,2.0,0.0,2.0,2.44,6
22500120,UTA,PHX,79.8,78.2,"('Brice Sensabaugh', 'Taylor Hendricks')",0.2666666666666666,3,0,3,0,0,0,1,1,0,1,0,1.0,1.44,0.0,0.0,0.0,0.0,2.0,2.0,0.0,2.0,2.44,6
22500120,UTA,PHX,79.8,78.2,"('Brice Sensabaugh', 'Walter Clayton Jr.')",0.2666666666666666,3,0,3,0,0,0,1,1,0,1,0,1.0,1.44,0.0,0.0,0.0,0.0,2.0,2.0,0.0,2.0,2.44,6
22500120,UTA,PHX,79.8,78.2,"('Jusuf Nurkić', 'Taylor Hendricks')",0.2666666666666666,3,0,3,0,0,0,1,1,0,1,0,1.0,1.44,0.0,0.0,0.0,0.0,2.0,2.0,0.0,2.0,2.44,6
22500120,UTA,PHX,79.8,78.2,"('Jusuf Nurkić', 'Walter Clayton Jr.')",0.2666666666666666,3,0,3,0,0,0,1,1,0,1,0,1.0,1.44,0.0,0.0,0.0,0.0,2.0,2.0,0.0,2.0,2.44,6
22500120,UTA,PHX,79.8,78.2,"('Taylor Hendricks', 'Walter Clayton Jr.')",0.2666666666666666,3,0,3,0,0,0,1,1,0,1,0,1.0,1.44,0.0,0.0,0.0,0.0,2.0,2.0,0.0,2.0,2.44,6
22500120,UTA,PHX,80.8,77.6,"('Jusuf Nurkić', 'Keyonte George')",1.9783333333333333,3,8,1,6,3,1,0,0,1,0,2,5.44,4.44,2.0,2.0,5.0,4.0,0.0,0.0,0.0,0.0,9.88,6
22500120,UTA,PHX,80.8,77.6,"('Jusuf Nurkić', 'Lauri Markkanen')",1.9783333333333333,3,8,1,6,3,1,0,0,1,0,2,5.44,4.44,2.0,2.0,5.0,4.0,0.0,0.0,0.0,0.0,9.88,6
22500120,UTA,PHX,80.8,77.6,"('Jusuf Nurkić', 'Svi Mykhailiuk')",1.9783333333333333,3,8,1,6,3,1,0,0,1,0,2,5.44,4.44,2.0,2.0,5.0,4.0,0.0,0.0,0.0,0.0,9.88,6
22500120,UTA,PHX,80.8,77.6,"('Jusuf Nurkić', 'Taylor Hendricks')",1.9783333333333333,3,8,1,6,3,1,0,0,1,0,2,5.44,4.44,2.0,2.0,5.0,4.0,0.0,0.0,0.0,0.0,9.88,6
22500120,UTA,PHX,80.8,77.6,"('Keyonte George', 'Lauri Markkanen')",1.9783333333333333,3,8,1,6,3,1,0,0,1,0,2,5.44,4.44,2.0,2.0,5.0,4.0,0.0,0.0,0.0,0.0,9.88,6
22500120,UTA,PHX,80.8,77.6,"('Keyonte George', 'Svi Mykhailiuk')",1.9783333333333333,3,8,1,6,3,1,0,0,1,0,2,5.44,4.44,2.0,2.0,5.0,4.0,0.0,0.0,0.0,0.0,9.88,6
22500120,UTA,PHX,80.8,77.6,"('Keyonte George', 'Taylor Hendricks')",1.9783333333333333,3,8,1,6,3,1,0,0,1,0,2,5.44,4.44,2.0,2.0,5.0,4.0,0.0,0.0,0.0,0.0,9.88,6
22500120,UTA,PHX,80.8,77.6,"('Lauri Markkanen', 'Svi Mykhailiuk')",1.9783333333333333,3,8,1,6,3,1,0,0,1,0,2,5.44,4.44,2.0,2.0,5.0,4.0,0.0,0.0,0.0,0.0,9.88,6
22500120,UTA,PHX,80.8,77.6,"('Lauri Markkanen', 'Taylor Hendricks')",1.9783333333333333,3,8,1,6,3,1,0,0,1,0,2,5.44,4.44,2.0,2.0,5.0,4.0,0.0,0.0,0.0,0.0,9.88,6
22500120,UTA,PHX,80.8,77.6,"('Svi Mykhailiuk', 'Taylor Hendricks')",1.9783333333333333,3,8,1,6,3,1,0,0,1,0,2,5.44,4.44,2.0,2.0,5.0,4.0,0.0,0.0,0.0,0.0,9.88,6
22500120,UTA,PHX,81.2,78.2,"('Ace Bailey', 'Jusuf Nurkić')",1.2666666666666666,3,5,0,3,1,1,0,0,0,1,0,3.0,3.0,3.0,0.0,2.0,2.0,0.0,0.0,0.0,0.0,6.0,6
22500120,UTA,PHX,81.2,78.2,"('Ace Bailey', 'Lauri Markkanen')",1.2666666666666666,3,5,0,3,1,1,0,0,0,1,0,3.0,3.0,3.0,0.0,2.0,2.0,0.0,0.0,0.0,0.0,6.0,6
22500120,UTA,PHX,81.2,78.2,"('Ace Bailey', 'Taylor Hendricks')",1.2666666666666666,3,5,0,3,1,1,0,0,0,1,0,3.0,3.0,3.0,0.0,2.0,2.0,0.0,0.0,0.0,0.0,6.0,6
22500120,UTA,PHX,81.2,78.2,"('Ace Bailey', 'Walter Clayton Jr.')",1.2666666666666666,3,5,0,3,1,1,0,0,0,1,0,3.0,3.0,3.0,0.0,2.0,2.0,0.0,0.0,0.0,0.0,6.0,6
22500120,UTA,PHX,81.2,78.2,"('Jusuf Nurkić', 'Lauri Markkanen')",1.2666666666666666,3,5,0,3,1,1,0,0,0,1,0,3.0,3.0,3.0,0.0,2.0,2.0,0.0,0.0,0.0,0.0,6.0,6
22500120,UTA,PHX,81.2,78.2,"('Jusuf Nurkić', 'Taylor Hendricks')",1.2666666666666666,3,5,0,3,1,1,0,0,0,1,0,3.0,3.0,3.0,0.0,2.0,2.0,0.0,0.0,0.0,0.0,6.0,6
22500120,UTA,PHX,81.2,78.2,"('Jusuf Nurkić', 'Walter Clayton Jr.')",1.2666666666666666,3,5,0,3,1,1,0,0,0,1,0,3.0,3.0,3.0,0.0,2.0,2.0,0.0,0.0,0.0,0.0,6.0,6
22500120,UTA,PHX,81.2,78.2,"('Lauri Markkanen', 'Taylor Hendricks')",1.2666666666666666,3,5,0,3,1,1,0,0,0,1,0,3.0,3.0,3.0,0.0,2.0,2.0,0.0,0.0,0.0,0.0,6.0,6
22500120,UTA,PHX,81.2,78.2,"('Lauri Markkanen', 'Walter Clayton Jr.')",1.2666666666666666,3,5,0,3,1,1,0,0,0,1,0,3.0,3.0,3.0,0.0,2.0,2.0,0.0,0.0,0.0,0.0,6.0,6
22500120,UTA,PHX,81.2,78.2,"('Taylor Hendricks', 'Walter Clayton Jr.')",1.2666666666666666,3,5,0,3,1,1,0,0,0,1,0,3.0,3.0,3.0,0.0,2.0,2.0,0.0,0.0,0.0,0.0,6.0,6
22500120,UTA,PHX,81.4,77.2,"('Keyonte George', 'Lauri Markkanen')",2.9833333333333334,4,8,6,1,3,3,2,0,2,1,0,6.0,5.0,0.0,4.0,0.0,8.0,0.0,0.0,3.0,0.0,11.0,6
22500120,UTA,PHX,81.4,77.2,"('Keyonte George', 'Svi Mykhailiuk')",2.9833333333333334,4,8,6,1,3,3,2,0,2,1,0,6.0,5.0,0.0,4.0,0.0,8.0,0.0,0.0,3.0,0.0,11.0,6
22500120,UTA,PHX,81.4,77.2,"('Keyonte George', 'Taylor Hendricks')",2.9833333333333334,4,8,6,1,3,3,2,0,2,1,0,6.0,5.0,0.0,4.0,0.0,8.0,0.0,0.0,3.0,0.0,11.0,6
22500120,UTA,PHX,81.4,77.2,"('Keyonte George', 'Walker Kessler')",2.9833333333333334,4,8,6,1,3,3,2,0,2,1,0,6.0,5.0,0.0,4.0,0.0,8.0,0.0,0.0,3.0,0.0,11.0,6
22500120,UTA,PHX,81.4,77.2,"('Lauri Markkanen', 'Svi Mykhailiuk')",2.9833333333333334,4,8,6,1,3,3,2,0,2,1,0,6.0,5.0,0.0,4.0,0.0,8.0,0.0,0.0,3.0,0.0,11.0,6
22500120,UTA,PHX,81.4,77.2,"('Lauri Markkanen', 'Taylor Hendricks')",2.9833333333333334,4,8,6,1,3,3,2,0,2,1,0,6.0,5.0,0.0,4.0,0.0,8.0,0.0,0.0,3.0,0.0,11.0,6
22500120,UTA,PHX,81.4,77.2,"('Lauri Markkanen', 'Walker Kessler')",2.9833333333333334,4,8,6,1,3,3,2,0,2,1,0,6.0,5.0,0.0,4.0,0.0,8.0,0.0,0.0,3.0,0.0,11.0,6
22500120,UTA,PHX,81.4,77.2,"('Svi Mykhailiuk', 'Taylor Hendricks')",2.9833333333333334,4,8,6,1,3,3,2,0,2,1,0,6.0,5.0,0.0,4.0,0.0,8.0,0.0,0.0,3.0,0.0,11.0,6
22500120,UTA,PHX,81.4,77.2,"('Svi Mykhailiuk', 'Walker Kessler')",2.9833333333333334,4,8,6,1,3,3,2,0,2,1,0,6.0,5.0,0.0,4.0,0.0,8.0,0.0,0.0,3.0,0.0,11.0,6
22500120,UTA,PHX,81.4,77.2,"('Taylor Hendricks', 'Walker Kessler')",2.9833333333333334,4,8,6,1,3,3,2,0,2,1,0,6.0,5.0,0.0,4.0,0.0,8.0,0.0,0.0,3.0,0.0,11.0,6
22500120,UTA,PHX,81.4,78.6,"('Lauri Markkanen', 'Svi Mykhailiuk')",0.8933333333333335,2,1,0,2,2,0,0,1,0,0,0,2.44,2.0,0.0,0.0,0.0,0.0,0.0,0.0,0.0,0.0,4.44,6
22500120,UTA,PHX,81.4,78.6,"('Lauri Markkanen', 'Taylor Hendricks')",0.8933333333333335,2,1,0,2,2,0,0,1,0,0,0,2.44,2.0,0.0,0.0,0.0,0.0,0.0,0.0,0.0,0.0,4.44,6
22500120,UTA,PHX,81.4,78.6,"('Lauri Markkanen', 'Walker Kessler')",0.8933333333333335,2,1,0,2,2,0,0,1,0,0,0,2.44,2.0,0.0,0.0,0.0,0.0,0.0,0.0,0.0,0.0,4.44,6
22500120,UTA,PHX,81.4,78.6,"('Lauri Markkanen', 'Walter Clayton Jr.')",0.8933333333333335,2,1,0,2,2,0,0,1,0,0,0,2.44,2.0,0.0,0.0,0.0,0.0,0.0,0.0,0.0,0.0,4.44,6
22500120,UTA,PHX,81.4,78.6,"('Svi Mykhailiuk', 'Taylor Hendricks')",0.8933333333333335,2,1,0,2,2,0,0,1,0,0,0,2.44,2.0,0.0,0.0,0.0,0.0,0.0,0.0,0.0,0.0,4.44,6
22500120,UTA,PHX,81.4,78.6,"('Svi Mykhailiuk', 'Walker Kessler')",0.8933333333333335,2,1,0,2,2,0,0,1,0,0,0,2.44,2.0,0.0,0.0,0.0,0.0,0.0,0.0,0.0,0.0,4.44,6
22500120,UTA,PHX,81.4,78.6,"('Svi Mykhailiuk', 'Walter Clayton Jr.')",0.8933333333333335,2,1,0,2,2,0,0,1,0,0,0,2.44,2.0,0.0,0.0,0.0,0.0,0.0,0.0,0.0,0.0,4.44,6
22500120,UTA,PHX,81.4,78.6,"('Taylor Hendricks', 'Walker Kessler')",0.8933333333333335,2,1,0,2,2,0,0,1,0,0,0,2.44,2.0,0.0,0.0,0.0,0.0,0.0,0.0,0.0,0.0,4.44,6
22500120,UTA,PHX,81.4,78.6,"('Taylor Hendricks', 'Walter Clayton Jr.')",0.8933333333333335,2,1,0,2,2,0,0,1,0,0,0,2.44,2.0,0.0,0.0,0.0,0.0,0.0,0.0,0.0,0.0,4.44,6
22500120,UTA,PHX,81.4,78.6,"('Walker Kessler', 'Walter Clayton Jr.')",0.8933333333333335,2,1,0,2,2,0,0,1,0,0,0,2.44,2.0,0.0,0.0,0.0,0.0,0.0,0.0,0.0,0.0,4.44,6
22500120,UTA,PHX,80.8,78.4,"('Ace Bailey', 'Brice Sensabaugh')",0.8666666666666667,2,0,6,0,1,0,2,0,0,1,1,2.0,2.44,0.0,0.0,0.0,0.0,0.0,2.0,0.0,2.0,4.44,6
22500120,UTA,PHX,80.8,78.4,"('Ace Bailey', 'Keyonte George')",0.8666666666666667,2,0,6,0,1,0,2,0,0,1,1,2.0,2.44,0.0,0.0,0.0,0.0,0.0,2.0,0.0,2.0,4.44,6
22500120,UTA,PHX,80.8,78.4,"('Ace Bailey', 'Kyle Filipowski')",0.8666666666666667,2,0,6,0,1,0,2,0,0,1,1,2.0,2.44,0.0,0.0,0.0,0.0,0.0,2.0,0.0,2.0,4.44,6
22500120,UTA,PHX,80.8,78.4,"('Ace Bailey', 'Walker Kessler')",0.8666666666666667,2,0,6,0,1,0,2,0,0,1,1,2.0,2.44,0.0,0.0,0.0,0.0,0.0,2.0,0.0,2.0,4.44,6
22500120,UTA,PHX,80.8,78.4,"('Brice Sensabaugh', 'Keyonte George')",0.8666666666666667,2,0,6,0,1,0,2,0,0,1,1,2.0,2.44,0.0,0.0,0.0,0.0,0.0,2.0,0.0,2.0,4.44,6
22500120,UTA,PHX,80.8,78.4,"('Brice Sensabaugh', 'Kyle Filipowski')",0.8666666666666667,2,0,6,0,1,0,2,0,0,1,1,2.0,2.44,0.0,0.0,0.0,0.0,0.0,2.0,0.0,2.0,4.44,6
22500120,UTA,PHX,80.8,78.4,"('Brice Sensabaugh', 'Walker Kessler')",0.8666666666666667,2,0,6,0,1,0,2,0,0,1,1,2.0,2.44,0.0,0.0,0.0,0.0,0.0,2.0,0.0,2.0,4.44,6
22500120,UTA,PHX,80.8,78.4,"('Keyonte George', 'Kyle Filipowski')",0.8666666666666667,2,0,6,0,1,0,2,0,0,1,1,2.0,2.44,0.0,0.0,0.0,0.0,0.0,2.0,0.0,2.0,4.44,6
22500120,UTA,PHX,80.8,78.4,"('Keyonte George', 'Walker Kessler')",0.8666666666666667,2,0,6,0,1,0,2,0,0,1,1,2.0,2.44,0.0,0.0,0.0,0.0,0.0,2.0,0.0,2.0,4.44,6
22500120,UTA,PHX,80.8,78.4,"('Kyle Filipowski', 'Walker Kessler')",0.8666666666666667,2,0,6,0,1,0,2,0,0,1,1,2.0,2.44,0.0,0.0,0.0,0.0,0.0,2.0,0.0,2.0,4.44,6
22500120,UTA,PHX,81.0,78.2,"('Ace Bailey', 'Keyonte George')",0.8000000000000002,2,0,3,2,1,0,1,1,0,0,0,2.0,2.0,0.0,0.0,0.0,0.0,0.0,3.0,0.0,0.0,4.0,6
22500120,UTA,PHX,81.0,78.2,"('Ace Bailey', 'Kyle Filipowski')",0.8000000000000002,2,0,3,2,1,0,1,1,0,0,0,2.0,2.0,0.0,0.0,0.0,0.0,0.0,3.0,0.0,0.0,4.0,6
22500120,UTA,PHX,81.0,78.2,"('Ace Bailey', 'Svi Mykhailiuk')",0.8000000000000002,2,0,3,2,1,0,1,1,0,0,0,2.0,2.0,0.0,0.0,0.0,0.0,0.0,3.0,0.0,0.0,4.0,6
22500120,UTA,PHX,81.0,78.2,"('Ace Bailey', 'Walker Kessler')",0.8000000000000002,2,0,3,2,1,0,1,1,0,0,0,2.0,2.0,0.0,0.0,0.0,0.0,0.0,3.0,0.0,0.0,4.0,6
22500120,UTA,PHX,81.0,78.2,"('Keyonte George', 'Kyle Filipowski')",0.8000000000000002,2,0,3,2,1,0,1,1,0,0,0,2.0,2.0,0.0,0.0,0.0,0.0,0.0,3.0,0.0,0.0,4.0,6
22500120,UTA,PHX,81.0,78.2,"('Keyonte George', 'Svi Mykhailiuk')",0.8000000000000002,2,0,3,2,1,0,1,1,0,0,0,2.0,2.0,0.0,0.0,0.0,0.0,0.0,3.0,0.0,0.0,4.0,6
22500120,UTA,PHX,81.0,78.2,"('Keyonte George', 'Walker Kessler')",0.8000000000000002,2,0,3,2,1,0,1,1,0,0,0,2.0,2.0,0.0,0.0,0.0,0.0,0.0,3.0,0.0,0.0,4.0,6
22500120,UTA,PHX,81.0,78.2,"('Kyle Filipowski', 'Svi Mykhailiuk')",0.8000000000000002,2,0,3,2,1,0,1,1,0,0,0,2.0,2.0,0.0,0.0,0.0,0.0,0.0,3.0,0.0,0.0,4.0,6
22500120,UTA,PHX,81.0,78.2,"('Kyle Filipowski', 'Walker Kessler')",0.8000000000000002,2,0,3,2,1,0,1,1,0,0,0,2.0,2.0,0.0,0.0,0.0,0.0,0.0,3.0,0.0,0.0,4.0,6
22500120,UTA,PHX,81.0,78.2,"('Svi Mykhailiuk', 'Walker Kessler')",0.8000000000000002,2,0,3,2,1,0,1,1,0,0,0,2.0,2.0,0.0,0.0,0.0,0.0,0.0,3.0,0.0,0.0,4.0,6
22500120,UTA,PHX,80.6,77.6,"('Jusuf Nurkić', 'Keyonte George')",1.4833333333333334,4,2,7,1,2,1,2,0,0,0,0,3.0,3.44,0.0,0.0,0.0,0.0,0.0,0.0,0.0,0.0,6.44,6
22500120,UTA,PHX,80.6,77.6,"('Jusuf Nurkić', 'Kyle Filipowski')",1.4833333333333334,4,2,7,1,2,1,2,0,0,0,0,3.0,3.44,0.0,0.0,0.0,0.0,0.0,0.0,0.0,0.0,6.44,6
22500120,UTA,PHX,80.6,77.6,"('Jusuf Nurkić', 'Lauri Markkanen')",1.4833333333333334,4,2,7,1,2,1,2,0,0,0,0,3.0,3.44,0.0,0.0,0.0,0.0,0.0,0.0,0.0,0.0,6.44,6
22500120,UTA,PHX,80.6,77.6,"('Jusuf Nurkić', 'Walter Clayton Jr.')",1.4833333333333334,4,2,7,1,2,1,2,0,0,0,0,3.0,3.44,0.0,0.0,0.0,0.0,0.0,0.0,0.0,0.0,6.44,6
22500120,UTA,PHX,80.6,77.6,"('Keyonte George', 'Kyle Filipowski')",1.4833333333333334,4,2,7,1,2,1,2,0,0,0,0,3.0,3.44,0.0,0.0,0.0,0.0,0.0,0.0,0.0,0.0,6.44,6
22500120,UTA,PHX,80.6,77.6,"('Keyonte George', 'Lauri Markkanen')",1.4833333333333334,4,2,7,1,2,1,2,0,0,0,0,3.0,3.44,0.0,0.0,0.0,0.0,0.0,0.0,0.0,0.0,6.44,6
22500120,UTA,PHX,80.6,77.6,"('Keyonte George', 'Walter Clayton Jr.')",1.4833333333333334,4,2,7,1,2,1,2,0,0,0,0,3.0,3.44,0.0,0.0,0.0,0.0,0.0,0.0,0.0,0.0,6.44,6
22500120,UTA,PHX,80.6,77.6,"('Kyle Filipowski', 'Lauri Markkanen')",1.4833333333333334,4,2,7,1,2,1,2,0,0,0,0,3.0,3.44,0.0,0.0,0.0,0.0,0.0,0.0,0.0,0.0,6.44,6
22500120,UTA,PHX,80.6,77.6,"('Kyle Filipowski', 'Walter Clayton Jr.')",1.4833333333333334,4,2,7,1,2,1,2,0,0,0,0,3.0,3.44,0.0,0.0,0.0,0.0,0.0,0.0,0.0,0.0,6.44,6
22500120,UTA,PHX,80.6,77.6,"('Lauri Markkanen', 'Walter Clayton Jr.')",1.4833333333333334,4,2,7,1,2,1,2,0,0,0,0,3.0,3.44,0.0,0.0,0.0,0.0,0.0,0.0,0.0,0.0,6.44,6
22500135,UTA,POR,81.6,78.4,"('Ace Bailey', 'Jusuf Nurkić')",0.0,2,0,0,0,0,0,0,0,0,0,0,0.0,0.0,0.0,0.0,0.0,0.0,0.0,0.0,0.0,0.0,0.0,7
22500135,UTA,POR,81.6,78.4,"('Ace Bailey', 'Keyonte George')",0.0,2,0,0,0,0,0,0,0,0,0,0,0.0,0.0,0.0,0.0,0.0,0.0,0.0,0.0,0.0,0.0,0.0,7
22500135,UTA,POR,81.6,78.4,"('Ace Bailey', 'Kyle Filipowski')",0.0,2,0,0,0,0,0,0,0,0,0,0,0.0,0.0,0.0,0.0,0.0,0.0,0.0,0.0,0.0,0.0,0.0,7
22500135,UTA,POR,81.6,78.4,"('Ace Bailey', 'Lauri Markkanen')",0.0,2,0,0,0,0,0,0,0,0,0,0,0.0,0.0,0.0,0.0,0.0,0.0,0.0,0.0,0.0,0.0,0.0,7
22500135,UTA,POR,81.6,78.4,"('Jusuf Nurkić', 'Keyonte George')",0.0,2,0,0,0,0,0,0,0,0,0,0,0.0,0.0,0.0,0.0,0.0,0.0,0.0,0.0,0.0,0.0,0.0,7
22500135,UTA,POR,81.6,78.4,"('Jusuf Nurkić', 'Kyle Filipowski')",0.0,2,0,0,0,0,0,0,0,0,0,0,0.0,0.0,0.0,0.0,0.0,0.0,0.0,0.0,0.0,0.0,0.0,7
22500135,UTA,POR,81.6,78.4,"('Jusuf Nurkić', 'Lauri Markkanen')",0.0,2,0,0,0,0,0,0,0,0,0,0,0.0,0.0,0.0,0.0,0.0,0.0,0.0,0.0,0.0,0.0,0.0,7
22500135,UTA,POR,81.6,78.4,"('Keyonte George', 'Kyle Filipowski')",0.0,2,0,0,0,0,0,0,0,0,0,0,0.0,0.0,0.0,0.0,0.0,0.0,0.0,0.0,0.0,0.0,0.0,7
22500135,UTA,POR,81.6,78.4,"('Keyonte George', 'Lauri Markkanen')",0.0,2,0,0,0,0,0,0,0,0,0,0,0.0,0.0,0.0,0.0,0.0,0.0,0.0,0.0,0.0,0.0,0.0,7
22500135,UTA,POR,81.6,78.4,"('Kyle Filipowski', 'Lauri Markkanen')",0.0,2,0,0,0,0,0,0,0,0,0,0,0.0,0.0,0.0,0.0,0.0,0.0,0.0,0.0,0.0,0.0,0.0,7
22500135,UTA,POR,80.8,78.6,"('Jusuf Nurkić', 'Lauri Markkanen')",2.4133333333333327,1,11,5,7,0,2,2,2,1,0,0,6.88,7.0,2.0,2.0,2.0,6.0,2.0,0.0,0.0,2.0,13.88,7
22500135,UTA,POR,80.8,78.6,"('Jusuf Nurkić', 'Svi Mykhailiuk')",2.4133333333333327,1,11,5,7,0,2,2,2,1,0,0,6.88,7.0,2.0,2.0,2.0,6.0,2.0,0.0,0.0,2.0,13.88,7
22500135,UTA,POR,80.8,78.6,"('Jusuf Nurkić', 'Taylor Hendricks')",2.4133333333333327,1,11,5,7,0,2,2,2,1,0,0,6.88,7.0,2.0,2.0,2.0,6.0,2.0,0.0,0.0,2.0,13.88,7
22500135,UTA,POR,80.8,78.6,"('Jusuf Nurkić', 'Walter Clayton Jr.')",2.4133333333333327,1,11,5,7,0,2,2,2,1,0,0,6.88,7.0,2.0,2.0,2.0,6.0,2.0,0.0,0.0,2.0,13.88,7
22500135,UTA,POR,80.8,78.6,"('Lauri Markkanen', 'Svi Mykhailiuk')",2.4133333333333327,1,11,5,7,0,2,2,2,1,0,0,6.88,7.0,2.0,2.0,2.0,6.0,2.0,0.0,0.0,2.0,13.88,7
22500135,UTA,POR,80.8,78.6,"('Lauri Markkanen', 'Taylor Hendricks')",2.4133333333333327,1,11,5,7,0,2,2,2,1,0,0,6.88,7.0,2.0,2.0,2.0,6.0,2.0,0.0,0.0,2.0,13.88,7
22500135,UTA,POR,80.8,78.6,"('Lauri Markkanen', 'Walter Clayton Jr.')",2.4133333333333327,1,11,5,7,0,2,2,2,1,0,0,6.88,7.0,2.0,2.0,2.0,6.0,2.0,0.0,0.0,2.0,13.88,7
22500135,UTA,POR,80.8,78.6,"('Svi Mykhailiuk', 'Taylor Hendricks')",2.4133333333333327,1,11,5,7,0,2,2,2,1,0,0,6.88,7.0,2.0,2.0,2.0,6.0,2.0,0.0,0.0,2.0,13.88,7
22500135,UTA,POR,80.8,78.6,"('Svi Mykhailiuk', 'Walter Clayton Jr.')",2.4133333333333327,1,11,5,7,0,2,2,2,1,0,0,6.88,7.0,2.0,2.0,2.0,6.0,2.0,0.0,0.0,2.0,13.88,7
22500135,UTA,POR,80.8,78.6,"('Taylor Hendricks', 'Walter Clayton Jr.')",2.4133333333333327,1,11,5,7,0,2,2,2,1,0,0,6.88,7.0,2.0,2.0,2.0,6.0,2.0,0.0,0.0,2.0,13.88,7
22500135,UTA,POR,79.8,78.4,"('Ace Bailey', 'Brice Sensabaugh')",1.933333333333333,1,8,11,2,1,3,3,0,0,1,2,5.88,5.32,2.0,0.0,0.0,0.0,0.0,3.0,0.0,2.0,11.2,7
22500135,UTA,POR,79.8,78.4,"('Ace Bailey', 'Jusuf Nurkić')",1.933333333333333,1,8,11,2,1,3,3,0,0,1,2,5.88,5.32,2.0,0.0,0.0,0.0,0.0,3.0,0.0,2.0,11.2,7
22500135,UTA,POR,79.8,78.4,"('Ace Bailey', 'Keyonte George')",1.933333333333333,1,8,11,2,1,3,3,0,0,1,2,5.88,5.32,2.0,0.0,0.0,0.0,0.0,3.0,0.0,2.0,11.2,7
22500135,UTA,POR,79.8,78.4,"('Ace Bailey', 'Taylor Hendricks')",1.933333333333333,1,8,11,2,1,3,3,0,0,1,2,5.88,5.32,2.0,0.0,0.0,0.0,0.0,3.0,0.0,2.0,11.2,7
22500135,UTA,POR,79.8,78.4,"('Brice Sensabaugh', 'Jusuf Nurkić')",1.933333333333333,1,8,11,2,1,3,3,0,0,1,2,5.88,5.32,2.0,0.0,0.0,0.0,0.0,3.0,0.0,2.0,11.2,7
22500135,UTA,POR,79.8,78.4,"('Brice Sensabaugh', 'Keyonte George')",1.933333333333333,1,8,11,2,1,3,3,0,0,1,2,5.88,5.32,2.0,0.0,0.0,0.0,0.0,3.0,0.0,2.0,11.2,7
22500135,UTA,POR,79.8,78.4,"('Brice Sensabaugh', 'Taylor Hendricks')",1.933333333333333,1,8,11,2,1,3,3,0,0,1,2,5.88,5.32,2.0,0.0,0.0,0.0,0.0,3.0,0.0,2.0,11.2,7
22500135,UTA,POR,79.8,78.4,"('Jusuf Nurkić', 'Keyonte George')",1.933333333333333,1,8,11,2,1,3,3,0,0,1,2,5.88,5.32,2.0,0.0,0.0,0.0,0.0,3.0,0.0,2.0,11.2,7
22500135,UTA,POR,79.8,78.4,"('Jusuf Nurkić', 'Taylor Hendricks')",1.933333333333333,1,8,11,2,1,3,3,0,0,1,2,5.88,5.32,2.0,0.0,0.0,0.0,0.0,3.0,0.0,2.0,11.2,7
22500135,UTA,POR,79.8,78.4,"('Keyonte George', 'Taylor Hendricks')",1.933333333333333,1,8,11,2,1,3,3,0,0,1,2,5.88,5.32,2.0,0.0,0.0,0.0,0.0,3.0,0.0,2.0,11.2,7
22500135,UTA,POR,81.8,80.0,"('Keyonte George', 'Kyle Filipowski')",3.948333333333333,2,13,15,5,3,0,3,3,1,3,4,11.08,11.0,0.0,2.0,6.0,6.0,2.0,4.0,4.0,10.0,22.08,7
22500135,UTA,POR,81.8,80.0,"('Keyonte George', 'Lauri Markkanen')",3.948333333333333,2,13,15,5,3,0,3,3,1,3,4,11.08,11.0,0.0,2.0,6.0,6.0,2.0,4.0,4.0,10.0,22.08,7
22500135,UTA,POR,81.8,80.0,"('Keyonte George', 'Svi Mykhailiuk')",3.948333333333333,2,13,15,5,3,0,3,3,1,3,4,11.08,11.0,0.0,2.0,6.0,6.0,2.0,4.0,4.0,10.0,22.08,7
22500135,UTA,POR,81.8,80.0,"('Keyonte George', 'Walker Kessler')",3.948333333333333,2,13,15,5,3,0,3,3,1,3,4,11.08,11.0,0.0,2.0,6.0,6.0,2.0,4.0,4.0,10.0,22.08,7
22500135,UTA,POR,81.8,80.0,"('Kyle Filipowski', 'Lauri Markkanen')",3.948333333333333,2,13,15,5,3,0,3,3,1,3,4,11.08,11.0,0.0,2.0,6.0,6.0,2.0,4.0,4.0,10.0,22.08,7
22500135,UTA,POR,81.8,80.0,"('Kyle Filipowski', 'Svi Mykhailiuk')",3.948333333333333,2,13,15,5,3,0,3,3,1,3,4,11.08,11.0,0.0,2.0,6.0,6.0,2.0,4.0,4.0,10.0,22.08,7
22500135,UTA,POR,81.8,80.0,"('Kyle Filipowski', 'Walker Kessler')",3.948333333333333,2,13,15,5,3,0,3,3,1,3,4,11.08,11.0,0.0,2.0,6.0,6.0,2.0,4.0,4.0,10.0,22.08,7
22500135,UTA,POR,81.8,80.0,"('Lauri Markkanen', 'Svi Mykhailiuk')",3.948333333333333,2,13,15,5,3,0,3,3,1,3,4,11.08,11.0,0.0,2.0,6.0,6.0,2.0,4.0,4.0,10.0,22.08,7
22500135,UTA,POR,81.8,80.0,"('Lauri Markkanen', 'Walker Kessler')",3.948333333333333,2,13,15,5,3,0,3,3,1,3,4,11.08,11.0,0.0,2.0,6.0,6.0,2.0,4.0,4.0,10.0,22.08,7
22500135,UTA,POR,81.8,80.0,"('Svi Mykhailiuk', 'Walker Kessler')",3.948333333333333,2,13,15,5,3,0,3,3,1,3,4,11.08,11.0,0.0,2.0,6.0,6.0,2.0,4.0,4.0,10.0,22.08,7
22500135,UTA,POR,81.8,79.6,"('Keyonte George', 'Kyle Filipowski')",3.6,1,10,4,1,5,3,0,0,3,1,2,6.88,8.0,0.0,3.0,3.0,2.0,0.0,0.0,2.0,4.0,14.88,7
22500135,UTA,POR,81.8,79.6,"('Keyonte George', 'Lauri Markkanen')",3.6,1,10,4,1,5,3,0,0,3,1,2,6.88,8.0,0.0,3.0,3.0,2.0,0.0,0.0,2.0,4.0,14.88,7
22500135,UTA,POR,81.8,79.6,"('Keyonte George', 'Svi Mykhailiuk')",3.6,1,10,4,1,5,3,0,0,3,1,2,6.88,8.0,0.0,3.0,3.0,2.0,0.0,0.0,2.0,4.0,14.88,7
22500135,UTA,POR,81.8,79.6,"('Keyonte George', 'Walker Kessler')",3.6,1,10,4,1,5,3,0,0,3,1,2,6.88,8.0,0.0,3.0,3.0,2.0,0.0,0.0,2.0,4.0,14.88,7
22500135,UTA,POR,81.8,79.6,"('Kyle Filipowski', 'Lauri Markkanen')",3.6,1,10,4,1,5,3,0,0,3,1,2,6.88,8.0,0.0,3.0,3.0,2.0,0.0,0.0,2.0,4.0,14.88,7
22500135,UTA,POR,81.8,79.6,"('Kyle Filipowski', 'Svi Mykhailiuk')",3.6,1,10,4,1,5,3,0,0,3,1,2,6.88,8.0,0.0,3.0,3.0,2.0,0.0,0.0,2.0,4.0,14.88,7
22500135,UTA,POR,81.8,79.6,"('Kyle Filipowski', 'Walker Kessler')",3.6,1,10,4,1,5,3,0,0,3,1,2,6.88,8.0,0.0,3.0,3.0,2.0,0.0,0.0,2.0,4.0,14.88,7
22500135,UTA,POR,81.8,79.6,"('Lauri Markkanen', 'Svi Mykhailiuk')",3.6,1,10,4,1,5,3,0,0,3,1,2,6.88,8.0,0.0,3.0,3.0,2.0,0.0,0.0,2.0,4.0,14.88,7
22500135,UTA,POR,81.8,79.6,"('Lauri Markkanen', 'Walker Kessler')",3.6,1,10,4,1,5,3,0,0,3,1,2,6.88,8.0,0.0,3.0,3.0,2.0,0.0,0.0,2.0,4.0,14.88,7
22500135,UTA,POR,81.8,79.6,"('Svi Mykhailiuk', 'Walker Kessler')",3.6,1,10,4,1,5,3,0,0,3,1,2,6.88,8.0,0.0,3.0,3.0,2.0,0.0,0.0,2.0,4.0,14.88,7
22500135,UTA,POR,79.4,78.4,"('Brice Sensabaugh', 'Jusuf Nurkić')",1.2666666666666666,1,6,2,1,0,2,0,0,1,1,1,2.44,3.88,0.0,0.0,0.0,2.0,0.0,0.0,0.0,0.0,6.32,7
22500135,UTA,POR,79.4,78.4,"('Brice Sensabaugh', 'Svi Mykhailiuk')",1.2666666666666666,1,6,2,1,0,2,0,0,1,1,1,2.44,3.88,0.0,0.0,0.0,2.0,0.0,0.0,0.0,0.0,6.32,7
22500135,UTA,POR,79.4,78.4,"('Brice Sensabaugh', 'Taylor Hendricks')",1.2666666666666666,1,6,2,1,0,2,0,0,1,1,1,2.44,3.88,0.0,0.0,0.0,2.0,0.0,0.0,0.0,0.0,6.32,7
22500135,UTA,POR,79.4,78.4,"('Brice Sensabaugh', 'Walter Clayton Jr.')",1.2666666666666666,1,6,2,1,0,2,0,0,1,1,1,2.44,3.88,0.0,0.0,0.0,2.0,0.0,0.0,0.0,0.0,6.32,7
22500135,UTA,POR,79.4,78.4,"('Jusuf Nurkić', 'Svi Mykhailiuk')",1.2666666666666666,1,6,2,1,0,2,0,0,1,1,1,2.44,3.88,0.0,0.0,0.0,2.0,0.0,0.0,0.0,0.0,6.32,7
22500135,UTA,POR,79.4,78.4,"('Jusuf Nurkić', 'Taylor Hendricks')",1.2666666666666666,1,6,2,1,0,2,0,0,1,1,1,2.44,3.88,0.0,0.0,0.0,2.0,0.0,0.0,0.0,0.0,6.32,7
22500135,UTA,POR,79.4,78.4,"('Jusuf Nurkić', 'Walter Clayton Jr.')",1.2666666666666666,1,6,2,1,0,2,0,0,1,1,1,2.44,3.88,0.0,0.0,0.0,2.0,0.0,0.0,0.0,0.0,6.32,7
22500135,UTA,POR,79.4,78.4,"('Svi Mykhailiuk', 'Taylor Hendricks')",1.2666666666666666,1,6,2,1,0,2,0,0,1,1,1,2.44,3.88,0.0,0.0,0.0,2.0,0.0,0.0,0.0,0.0,6.32,7
22500135,UTA,POR,79.4,78.4,"('Svi Mykhailiuk', 'Walter Clayton Jr.')",1.2666666666666666,1,6,2,1,0,2,0,0,1,1,1,2.44,3.88,0.0,0.0,0.0,2.0,0.0,0.0,0.0,0.0,6.32,7
22500135,UTA,POR,79.4,78.4,"('Taylor Hendricks', 'Walter Clayton Jr.')",1.2666666666666666,1,6,2,1,0,2,0,0,1,1,1,2.44,3.88,0.0,0.0,0.0,2.0,0.0,0.0,0.0,0.0,6.32,7
22500135,UTA,POR,81.4,80.0,"('Ace Bailey', 'Keyonte George')",2.0,1,5,9,1,2,1,3,0,1,0,1,4.0,4.0,0.0,3.0,3.0,0.0,0.0,0.0,0.0,0.0,8.0,7
22500135,UTA,POR,81.4,80.0,"('Ace Bailey', 'Lauri Markkanen')",2.0,1,5,9,1,2,1,3,0,1,0,1,4.0,4.0,0.0,3.0,3.0,0.0,0.0,0.0,0.0,0.0,8.0,7
22500135,UTA,POR,81.4,80.0,"('Ace Bailey', 'Svi Mykhailiuk')",2.0,1,5,9,1,2,1,3,0,1,0,1,4.0,4.0,0.0,3.0,3.0,0.0,0.0,0.0,0.0,0.0,8.0,7
22500135,UTA,POR,81.4,80.0,"('Ace Bailey', 'Walker Kessler')",2.0,1,5,9,1,2,1,3,0,1,0,1,4.0,4.0,0.0,3.0,3.0,0.0,0.0,0.0,0.0,0.0,8.0,7
22500135,UTA,POR,81.4,80.0,"('Keyonte George', 'Lauri Markkanen')",2.0,1,5,9,1,2,1,3,0,1,0,1,4.0,4.0,0.0,3.0,3.0,0.0,0.0,0.0,0.0,0.0,8.0,7
22500135,UTA,POR,81.4,80.0,"('Keyonte George', 'Svi Mykhailiuk')",2.0,1,5,9,1,2,1,3,0,1,0,1,4.0,4.0,0.0,3.0,3.0,0.0,0.0,0.0,0.0,0.0,8.0,7
22500135,UTA,POR,81.4,80.0,"('Keyonte George', 'Walker Kessler')",2.0,1,5,9,1,2,1,3,0,1,0,1,4.0,4.0,0.0,3.0,3.0,0.0,0.0,0.0,0.0,0.0,8.0,7
22500135,UTA,POR,81.4,80.0,"('Lauri Markkanen', 'Svi Mykhailiuk')",2.0,1,5,9,1,2,1,3,0,1,0,1,4.0,4.0,0.0,3.0,3.0,0.0,0.0,0.0,0.0,0.0,8.0,7
22500135,UTA,POR,81.4,80.0,"('Lauri Markkanen', 'Walker Kessler')",2.0,1,5,9,1,2,1,3,0,1,0,1,4.0,4.0,0.0,3.0,3.0,0.0,0.0,0.0,0.0,0.0,8.0,7
22500135,UTA,POR,81.4,80.0,"('Svi Mykhailiuk', 'Walker Kessler')",2.0,1,5,9,1,2,1,3,0,1,0,1,4.0,4.0,0.0,3.0,3.0,0.0,0.0,0.0,0.0,0.0,8.0,7
22500135,UTA,POR,80.4,79.8,"('Ace Bailey', 'Brice Sensabaugh')",0.5833333333333333,1,3,2,0,1,1,1,0,0,0,2,2.44,1.0,0.0,0.0,0.0,2.0,0.0,0.0,0.0,2.0,3.44,7
22500135,UTA,POR,80.4,79.8,"('Ace Bailey', 'Keyonte George')",0.5833333333333333,1,3,2,0,1,1,1,0,0,0,2,2.44,1.0,0.0,0.0,0.0,2.0,0.0,0.0,0.0,2.0,3.44,7
22500135,UTA,POR,80.4,79.8,"('Ace Bailey', 'Taylor Hendricks')",0.5833333333333333,1,3,2,0,1,1,1,0,0,0,2,2.44,1.0,0.0,0.0,0.0,2.0,0.0,0.0,0.0,2.0,3.44,7
22500135,UTA,POR,80.4,79.8,"('Ace Bailey', 'Walker Kessler')",0.5833333333333333,1,3,2,0,1,1,1,0,0,0,2,2.44,1.0,0.0,0.0,0.0,2.0,0.0,0.0,0.0,2.0,3.44,7
22500135,UTA,POR,80.4,79.8,"('Brice Sensabaugh', 'Keyonte George')",0.5833333333333333,1,3,2,0,1,1,1,0,0,0,2,2.44,1.0,0.0,0.0,0.0,2.0,0.0,0.0,0.0,2.0,3.44,7
22500135,UTA,POR,80.4,79.8,"('Brice Sensabaugh', 'Taylor Hendricks')",0.5833333333333333,1,3,2,0,1,1,1,0,0,0,2,2.44,1.0,0.0,0.0,0.0,2.0,0.0,0.0,0.0,2.0,3.44,7
22500135,UTA,POR,80.4,79.8,"('Brice Sensabaugh', 'Walker Kessler')",0.5833333333333333,1,3,2,0,1,1,1,0,0,0,2,2.44,1.0,0.0,0.0,0.0,2.0,0.0,0.0,0.0,2.0,3.44,7
22500135,UTA,POR,80.4,79.8,"('Keyonte George', 'Taylor Hendricks')",0.5833333333333333,1,3,2,0,1,1,1,0,0,0,2,2.44,1.0,0.0,0.0,0.0,2.0,0.0,0.0,0.0,2.0,3.44,7
22500135,UTA,POR,80.4,79.8,"('Keyonte George', 'Walker Kessler')",0.5833333333333333,1,3,2,0,1,1,1,0,0,0,2,2.44,1.0,0.0,0.0,0.0,2.0,0.0,0.0,0.0,2.0,3.44,7
22500135,UTA,POR,80.4,79.8,"('Taylor Hendricks', 'Walker Kessler')",0.5833333333333333,1,3,2,0,1,1,1,0,0,0,2,2.44,1.0,0.0,0.0,0.0,2.0,0.0,0.0,0.0,2.0,3.44,7
22500135,UTA,POR,79.8,78.4,"('Ace Bailey', 'Brice Sensabaugh')",0.0,1,0,0,0,0,0,0,0,0,0,0,0.0,0.0,0.0,0.0,0.0,0.0,0.0,0.0,0.0,0.0,0.0,7
22500135,UTA,POR,79.8,78.4,"('Ace Bailey', 'Jusuf Nurkić')",0.0,1,0,0,0,0,0,0,0,0,0,0,0.0,0.0,0.0,0.0,0.0,0.0,0.0,0.0,0.0,0.0,0.0,7
22500135,UTA,POR,79.8,78.4,"('Ace Bailey', 'Taylor Hendricks')",0.0,1,0,0,0,0,0,0,0,0,0,0,0.0,0.0,0.0,0.0,0.0,0.0,0.0,0.0,0.0,0.0,0.0,7
22500135,UTA,POR,79.8,78.4,"('Ace Bailey', 'Walter Clayton Jr.')",0.0,1,0,0,0,0,0,0,0,0,0,0,0.0,0.0,0.0,0.0,0.0,0.0,0.0,0.0,0.0,0.0,0.0,7
22500135,UTA,POR,79.8,78.4,"('Brice Sensabaugh', 'Jusuf Nurkić')",0.0,1,0,0,0,0,0,0,0,0,0,0,0.0,0.0,0.0,0.0,0.0,0.0,0.0,0.0,0.0,0.0,0.0,7
22500135,UTA,POR,79.8,78.4,"('Brice Sensabaugh', 'Taylor Hendricks')",0.0,1,0,0,0,0,0,0,0,0,0,0,0.0,0.0,0.0,0.0,0.0,0.0,0.0,0.0,0.0,0.0,0.0,7
22500135,UTA,POR,79.8,78.4,"('Brice Sensabaugh', 'Walter Clayton Jr.')",0.0,1,0,0,0,0,0,0,0,0,0,0,0.0,0.0,0.0,0.0,0.0,0.0,0.0,0.0,0.0,0.0,0.0,7
22500135,UTA,POR,79.8,78.4,"('Jusuf Nurkić', 'Taylor Hendricks')",0.0,1,0,0,0,0,0,0,0,0,0,0,0.0,0.0,0.0,0.0,0.0,0.0,0.0,0.0,0.0,0.0,0.0,7
22500135,UTA,POR,79.8,78.4,"('Jusuf Nurkić', 'Walter Clayton Jr.')",0.0,1,0,0,0,0,0,0,0,0,0,0,0.0,0.0,0.0,0.0,0.0,0.0,0.0,0.0,0.0,0.0,0.0,7
22500135,UTA,POR,79.8,78.4,"('Taylor Hendricks', 'Walter Clayton Jr.')",0.0,1,0,0,0,0,0,0,0,0,0,0,0.0,0.0,0.0,0.0,0.0,0.0,0.0,0.0,0.0,0.0,0.0,7
22500135,UTA,POR,81.2,78.4,"('Ace Bailey', 'Jusuf Nurkić')",0.7833333333333332,2,3,3,0,0,1,1,0,0,0,1,1.44,1.0,0.0,0.0,0.0,0.0,0.0,0.0,0.0,0.0,2.44,7
22500135,UTA,POR,81.2,78.4,"('Ace Bailey', 'Keyonte George')",0.7833333333333332,2,3,3,0,0,1,1,0,0,0,1,1.44,1.0,0.0,0.0,0.0,0.0,0.0,0.0,0.0,0.0,2.44,7
22500135,UTA,POR,81.2,78.4,"('Ace Bailey', 'Lauri Markkanen')",0.7833333333333332,2,3,3,0,0,1,1,0,0,0,1,1.44,1.0,0.0,0.0,0.0,0.0,0.0,0.0,0.0,0.0,2.44,7
22500135,UTA,POR,81.2,78.4,"('Ace Bailey', 'Taylor Hendricks')",0.7833333333333332,2,3,3,0,0,1,1,0,0,0,1,1.44,1.0,0.0,0.0,0.0,0.0,0.0,0.0,0.0,0.0,2.44,7
22500135,UTA,POR,81.2,78.4,"('Jusuf Nurkić', 'Keyonte George')",0.7833333333333332,2,3,3,0,0,1,1,0,0,0,1,1.44,1.0,0.0,0.0,0.0,0.0,0.0,0.0,0.0,0.0,2.44,7
22500135,UTA,POR,81.2,78.4,"('Jusuf Nurkić', 'Lauri Markkanen')",0.7833333333333332,2,3,3,0,0,1,1,0,0,0,1,1.44,1.0,0.0,0.0,0.0,0.0,0.0,0.0,0.0,0.0,2.44,7
22500135,UTA,POR,81.2,78.4,"('Jusuf Nurkić', 'Taylor Hendricks')",0.7833333333333332,2,3,3,0,0,1,1,0,0,0,1,1.44,1.0,0.0,0.0,0.0,0.0,0.0,0.0,0.0,0.0,2.44,7
22500135,UTA,POR,81.2,78.4,"('Keyonte George', 'Lauri Markkanen')",0.7833333333333332,2,3,3,0,0,1,1,0,0,0,1,1.44,1.0,0.0,0.0,0.0,0.0,0.0,0.0,0.0,0.0,2.44,7
22500135,UTA,POR,81.2,78.4,"('Keyonte George', 'Taylor Hendricks')",0.7833333333333332,2,3,3,0,0,1,1,0,0,0,1,1.44,1.0,0.0,0.0,0.0,0.0,0.0,0.0,0.0,0.0,2.44,7
22500135,UTA,POR,81.2,78.4,"('Lauri Markkanen', 'Taylor Hendricks')",0.7833333333333332,2,3,3,0,0,1,1,0,0,0,1,1.44,1.0,0.0,0.0,0.0,0.0,0.0,0.0,0.0,0.0,2.44,7
22500135,UTA,POR,80.6,78.4,"('Brice Sensabaugh', 'Jusuf Nurkić')",1.3666666666666667,2,0,9,1,1,0,3,2,0,0,1,3.0,3.44,0.0,0.0,0.0,0.0,5.0,3.0,0.0,2.0,6.44,7
22500135,UTA,POR,80.6,78.4,"('Brice Sensabaugh', 'Keyonte George')",1.3666666666666667,2,0,9,1,1,0,3,2,0,0,1,3.0,3.44,0.0,0.0,0.0,0.0,5.0,3.0,0.0,2.0,6.44,7
22500135,UTA,POR,80.6,78.4,"('Brice Sensabaugh', 'Lauri Markkanen')",1.3666666666666667,2,0,9,1,1,0,3,2,0,0,1,3.0,3.44,0.0,0.0,0.0,0.0,5.0,3.0,0.0,2.0,6.44,7
22500135,UTA,POR,80.6,78.4,"('Brice Sensabaugh', 'Taylor Hendricks')",1.3666666666666667,2,0,9,1,1,0,3,2,0,0,1,3.0,3.44,0.0,0.0,0.0,0.0,5.0,3.0,0.0,2.0,6.44,7
22500135,UTA,POR,80.6,78.4,"('Jusuf Nurkić', 'Keyonte George')",1.3666666666666667,2,0,9,1,1,0,3,2,0,0,1,3.0,3.44,0.0,0.0,0.0,0.0,5.0,3.0,0.0,2.0,6.44,7
22500135,UTA,POR,80.6,78.4,"('Jusuf Nurkić', 'Lauri Markkanen')",1.3666666666666667,2,0,9,1,1,0,3,2,0,0,1,3.0,3.44,0.0,0.0,0.0,0.0,5.0,3.0,0.0,2.0,6.44,7
22500135,UTA,POR,80.6,78.4,"('Jusuf Nurkić', 'Taylor Hendricks')",1.3666666666666667,2,0,9,1,1,0,3,2,0,0,1,3.0,3.44,0.0,0.0,0.0,0.0,5.0,3.0,0.0,2.0,6.44,7
22500135,UTA,POR,80.6,78.4,"('Keyonte George', 'Lauri Markkanen')",1.3666666666666667,2,0,9,1,1,0,3,2,0,0,1,3.0,3.44,0.0,0.0,0.0,0.0,5.0,3.0,0.0,2.0,6.44,7
22500135,UTA,POR,80.6,78.4,"('Keyonte George', 'Taylor Hendricks')",1.3666666666666667,2,0,9,1,1,0,3,2,0,0,1,3.0,3.44,0.0,0.0,0.0,0.0,5.0,3.0,0.0,2.0,6.44,7
22500135,UTA,POR,80.6,78.4,"('Lauri Markkanen', 'Taylor Hendricks')",1.3666666666666667,2,0,9,1,1,0,3,2,0,0,1,3.0,3.44,0.0,0.0,0.0,0.0,5.0,3.0,0.0,2.0,6.44,7
22500135,UTA,POR,80.4,78.2,"('Elijah Harkless', 'Jusuf Nurkić')",0.0083333333333333,4,1,0,0,0,0,0,0,0,0,1,0.44,0.0,0.0,0.0,0.0,0.0,0.0,0.0,0.0,0.0,0.44,7
22500135,UTA,POR,80.4,78.2,"('Elijah Harkless', 'Keyonte George')",0.0083333333333333,4,1,0,0,0,0,0,0,0,0,1,0.44,0.0,0.0,0.0,0.0,0.0,0.0,0.0,0.0,0.0,0.44,7
22500135,UTA,POR,80.4,78.2,"('Elijah Harkless', 'Kyle Filipowski')",0.0083333333333333,4,1,0,0,0,0,0,0,0,0,1,0.44,0.0,0.0,0.0,0.0,0.0,0.0,0.0,0.0,0.0,0.44,7
22500135,UTA,POR,80.4,78.2,"('Elijah Harkless', 'Lauri Markkanen')",0.0083333333333333,4,1,0,0,0,0,0,0,0,0,1,0.44,0.0,0.0,0.0,0.0,0.0,0.0,0.0,0.0,0.0,0.44,7
22500135,UTA,POR,80.4,78.2,"('Jusuf Nurkić', 'Keyonte George')",0.0083333333333333,4,1,0,0,0,0,0,0,0,0,1,0.44,0.0,0.0,0.0,0.0,0.0,0.0,0.0,0.0,0.0,0.44,7
22500135,UTA,POR,80.4,78.2,"('Jusuf Nurkić', 'Kyle Filipowski')",0.0083333333333333,4,1,0,0,0,0,0,0,0,0,1,0.44,0.0,0.0,0.0,0.0,0.0,0.0,0.0,0.0,0.0,0.44,7
22500135,UTA,POR,80.4,78.2,"('Jusuf Nurkić', 'Lauri Markkanen')",0.0083333333333333,4,1,0,0,0,0,0,0,0,0,1,0.44,0.0,0.0,0.0,0.0,0.0,0.0,0.0,0.0,0.0,0.44,7
22500135,UTA,POR,80.4,78.2,"('Keyonte George', 'Kyle Filipowski')",0.0083333333333333,4,1,0,0,0,0,0,0,0,0,1,0.44,0.0,0.0,0.0,0.0,0.0,0.0,0.0,0.0,0.0,0.44,7
22500135,UTA,POR,80.4,78.2,"('Keyonte George', 'Lauri Markkanen')",0.0083333333333333,4,1,0,0,0,0,0,0,0,0,1,0.44,0.0,0.0,0.0,0.0,0.0,0.0,0.0,0.0,0.0,0.44,7
22500135,UTA,POR,80.4,78.2,"('Kyle Filipowski', 'Lauri Markkanen')",0.0083333333333333,4,1,0,0,0,0,0,0,0,0,1,0.44,0.0,0.0,0.0,0.0,0.0,0.0,0.0,0.0,0.0,0.44,7
22500135,UTA,POR,80.4,78.2,"('Cody Williams', 'Elijah Harkless')",7.043333333333335,4,25,8,6,4,6,1,3,5,5,6,15.52,15.64,4.0,8.0,0.0,14.0,0.0,0.0,0.0,2.0,31.16,7
22500135,UTA,POR,80.4,78.2,"('Cody Williams', 'Keyonte George')",7.043333333333335,4,25,8,6,4,6,1,3,5,5,6,15.52,15.64,4.0,8.0,0.0,14.0,0.0,0.0,0.0,2.0,31.16,7
22500135,UTA,POR,80.4,78.2,"('Cody Williams', 'Lauri Markkanen')",7.043333333333335,4,25,8,6,4,6,1,3,5,5,6,15.52,15.64,4.0,8.0,0.0,14.0,0.0,0.0,0.0,2.0,31.16,7
22500135,UTA,POR,80.4,78.2,"('Cody Williams', 'Walker Kessler')",7.043333333333335,4,25,8,6,4,6,1,3,5,5,6,15.52,15.64,4.0,8.0,0.0,14.0,0.0,0.0,0.0,2.0,31.16,7
22500135,UTA,POR,80.4,78.2,"('Elijah Harkless', 'Keyonte George')",7.043333333333335,4,25,8,6,4,6,1,3,5,5,6,15.52,15.64,4.0,8.0,0.0,14.0,0.0,0.0,0.0,2.0,31.16,7
22500135,UTA,POR,80.4,78.2,"('Elijah Harkless', 'Lauri Markkanen')",7.043333333333335,4,25,8,6,4,6,1,3,5,5,6,15.52,15.64,4.0,8.0,0.0,14.0,0.0,0.0,0.0,2.0,31.16,7
22500135,UTA,POR,80.4,78.2,"('Elijah Harkless', 'Walker Kessler')",7.043333333333335,4,25,8,6,4,6,1,3,5,5,6,15.52,15.64,4.0,8.0,0.0,14.0,0.0,0.0,0.0,2.0,31.16,7
22500135,UTA,POR,80.4,78.2,"('Keyonte George', 'Lauri Markkanen')",7.043333333333335,4,25,8,6,4,6,1,3,5,5,6,15.52,15.64,4.0,8.0,0.0,14.0,0.0,0.0,0.0,2.0,31.16,7
22500135,UTA,POR,80.4,78.2,"('Keyonte George', 'Walker Kessler')",7.043333333333335,4,25,8,6,4,6,1,3,5,5,6,15.52,15.64,4.0,8.0,0.0,14.0,0.0,0.0,0.0,2.0,31.16,7
22500135,UTA,POR,80.4,78.2,"('Lauri Markkanen', 'Walker Kessler')",7.043333333333335,4,25,8,6,4,6,1,3,5,5,6,15.52,15.64,4.0,8.0,0.0,14.0,0.0,0.0,0.0,2.0,31.16,7
22500135,UTA,POR,79.8,79.0,"('Ace Bailey', 'Brice Sensabaugh')",0.4666666666666667,3,0,1,1,1,0,0,0,0,1,0,1.0,1.44,0.0,0.0,0.0,0.0,0.0,0.0,0.0,0.0,2.44,7
22500135,UTA,POR,79.8,79.0,"('Ace Bailey', 'Jusuf Nurkić')",0.4666666666666667,3,0,1,1,1,0,0,0,0,1,0,1.0,1.44,0.0,0.0,0.0,0.0,0.0,0.0,0.0,0.0,2.44,7
22500135,UTA,POR,79.8,79.0,"('Ace Bailey', 'Keyonte George')",0.4666666666666667,3,0,1,1,1,0,0,0,0,1,0,1.0,1.44,0.0,0.0,0.0,0.0,0.0,0.0,0.0,0.0,2.44,7
22500135,UTA,POR,79.8,79.0,"('Ace Bailey', 'Taylor Hendricks')",0.4666666666666667,3,0,1,1,1,0,0,0,0,1,0,1.0,1.44,0.0,0.0,0.0,0.0,0.0,0.0,0.0,0.0,2.44,7
22500135,UTA,POR,79.8,79.0,"('Brice Sensabaugh', 'Jusuf Nurkić')",0.4666666666666667,3,0,1,1,1,0,0,0,0,1,0,1.0,1.44,0.0,0.0,0.0,0.0,0.0,0.0,0.0,0.0,2.44,7
22500135,UTA,POR,79.8,79.0,"('Brice Sensabaugh', 'Keyonte George')",0.4666666666666667,3,0,1,1,1,0,0,0,0,1,0,1.0,1.44,0.0,0.0,0.0,0.0,0.0,0.0,0.0,0.0,2.44,7
22500135,UTA,POR,79.8,79.0,"('Brice Sensabaugh', 'Taylor Hendricks')",0.4666666666666667,3,0,1,1,1,0,0,0,0,1,0,1.0,1.44,0.0,0.0,0.0,0.0,0.0,0.0,0.0,0.0,2.44,7
22500135,UTA,POR,79.8,79.0,"('Jusuf Nurkić', 'Keyonte George')",0.4666666666666667,3,0,1,1,1,0,0,0,0,1,0,1.0,1.44,0.0,0.0,0.0,0.0,0.0,0.0,0.0,0.0,2.44,7
22500135,UTA,POR,79.8,79.0,"('Jusuf Nurkić', 'Taylor Hendricks')",0.4666666666666667,3,0,1,1,1,0,0,0,0,1,0,1.0,1.44,0.0,0.0,0.0,0.0,0.0,0.0,0.0,0.0,2.44,7
22500135,UTA,POR,79.8,79.0,"('Keyonte George', 'Taylor Hendricks')",0.4666666666666667,3,0,1,1,1,0,0,0,0,1,0,1.0,1.44,0.0,0.0,0.0,0.0,0.0,0.0,0.0,0.0,2.44,7
22500135,UTA,POR,80.4,79.6,"('Cody Williams', 'Elijah Harkless')",4.433333333333333,4,8,9,5,5,2,3,2,1,3,2,10.32,8.44,0.0,3.0,3.0,2.0,2.0,2.0,0.0,2.0,18.76,7
22500135,UTA,POR,80.4,79.6,"('Cody Williams', 'Lauri Markkanen')",4.433333333333333,4,8,9,5,5,2,3,2,1,3,2,10.32,8.44,0.0,3.0,3.0,2.0,2.0,2.0,0.0,2.0,18.76,7
22500135,UTA,POR,80.4,79.6,"('Cody Williams', 'Walker Kessler')",4.433333333333333,4,8,9,5,5,2,3,2,1,3,2,10.32,8.44,0.0,3.0,3.0,2.0,2.0,2.0,0.0,2.0,18.76,7
22500135,UTA,POR,80.4,79.6,"('Cody Williams', 'Walter Clayton Jr.')",4.433333333333333,4,8,9,5,5,2,3,2,1,3,2,10.32,8.44,0.0,3.0,3.0,2.0,2.0,2.0,0.0,2.0,18.76,7
22500135,UTA,POR,80.4,79.6,"('Elijah Harkless', 'Lauri Markkanen')",4.433333333333333,4,8,9,5,5,2,3,2,1,3,2,10.32,8.44,0.0,3.0,3.0,2.0,2.0,2.0,0.0,2.0,18.76,7
22500135,UTA,POR,80.4,79.6,"('Elijah Harkless', 'Walker Kessler')",4.433333333333333,4,8,9,5,5,2,3,2,1,3,2,10.32,8.44,0.0,3.0,3.0,2.0,2.0,2.0,0.0,2.0,18.76,7
22500135,UTA,POR,80.4,79.6,"('Elijah Harkless', 'Walter Clayton Jr.')",4.433333333333333,4,8,9,5,5,2,3,2,1,3,2,10.32,8.44,0.0,3.0,3.0,2.0,2.0,2.0,0.0,2.0,18.76,7
22500135,UTA,POR,80.4,79.6,"('Lauri Markkanen', 'Walker Kessler')",4.433333333333333,4,8,9,5,5,2,3,2,1,3,2,10.32,8.44,0.0,3.0,3.0,2.0,2.0,2.0,0.0,2.0,18.76,7
22500135,UTA,POR,80.4,79.6,"('Lauri Markkanen', 'Walter Clayton Jr.')",4.433333333333333,4,8,9,5,5,2,3,2,1,3,2,10.32,8.44,0.0,3.0,3.0,2.0,2.0,2.0,0.0,2.0,18.76,7
22500135,UTA,POR,80.4,79.6,"('Walker Kessler', 'Walter Clayton Jr.')",4.433333333333333,4,8,9,5,5,2,3,2,1,3,2,10.32,8.44,0.0,3.0,3.0,2.0,2.0,2.0,0.0,2.0,18.76,7
22500135,UTA,POR,82.2,78.2,"('Ace Bailey', 'Kyle Filipowski')",3.5166666666666675,2,9,15,3,4,3,5,1,0,0,3,8.879999999999999,8.0,0.0,0.0,0.0,4.0,3.0,0.0,2.0,6.0,16.88,7
22500135,UTA,POR,82.2,78.2,"('Ace Bailey', 'Lauri Markkanen')",3.5166666666666675,2,9,15,3,4,3,5,1,0,0,3,8.879999999999999,8.0,0.0,0.0,0.0,4.0,3.0,0.0,2.0,6.0,16.88,7
22500135,UTA,POR,82.2,78.2,"('Ace Bailey', 'Walker Kessler')",3.5166666666666675,2,9,15,3,4,3,5,1,0,0,3,8.879999999999999,8.0,0.0,0.0,0.0,4.0,3.0,0.0,2.0,6.0,16.88,7
22500135,UTA,POR,82.2,78.2,"('Ace Bailey', 'Walter Clayton Jr.')",3.5166666666666675,2,9,15,3,4,3,5,1,0,0,3,8.879999999999999,8.0,0.0,0.0,0.0,4.0,3.0,0.0,2.0,6.0,16.88,7
22500135,UTA,POR,82.2,78.2,"('Kyle Filipowski', 'Lauri Markkanen')",3.5166666666666675,2,9,15,3,4,3,5,1,0,0,3,8.879999999999999,8.0,0.0,0.0,0.0,4.0,3.0,0.0,2.0,6.0,16.88,7
22500135,UTA,POR,82.2,78.2,"('Kyle Filipowski', 'Walker Kessler')",3.5166666666666675,2,9,15,3,4,3,5,1,0,0,3,8.879999999999999,8.0,0.0,0.0,0.0,4.0,3.0,0.0,2.0,6.0,16.88,7
22500135,UTA,POR,82.2,78.2,"('Kyle Filipowski', 'Walter Clayton Jr.')",3.5166666666666675,2,9,15,3,4,3,5,1,0,0,3,8.879999999999999,8.0,0.0,0.0,0.0,4.0,3.0,0.0,2.0,6.0,16.88,7
22500135,UTA,POR,82.2,78.2,"('Lauri Markkanen', 'Walker Kessler')",3.5166666666666675,2,9,15,3,4,3,5,1,0,0,3,8.879999999999999,8.0,0.0,0.0,0.0,4.0,3.0,0.0,2.0,6.0,16.88,7
22500135,UTA,POR,82.2,78.2,"('Lauri Markkanen', 'Walter Clayton Jr.')",3.5166666666666675,2,9,15,3,4,3,5,1,0,0,3,8.879999999999999,8.0,0.0,0.0,0.0,4.0,3.0,0.0,2.0,6.0,16.88,7
22500135,UTA,POR,82.2,78.2,"('Walker Kessler', 'Walter Clayton Jr.')",3.5166666666666675,2,9,15,3,4,3,5,1,0,0,3,8.879999999999999,8.0,0.0,0.0,0.0,4.0,3.0,0.0,2.0,6.0,16.88,7
22500135,UTA,POR,79.8,78.4,"('Ace Bailey', 'Brice Sensabaugh')",1.9,2,5,4,3,1,0,0,2,0,2,1,5.32,5.44,0.0,0.0,0.0,2.0,3.0,3.0,0.0,0.0,10.760000000000002,7
22500135,UTA,POR,79.8,78.4,"('Ace Bailey', 'Jusuf Nurkić')",1.9,2,5,4,3,1,0,0,2,0,2,1,5.32,5.44,0.0,0.0,0.0,2.0,3.0,3.0,0.0,0.0,10.760000000000002,7
22500135,UTA,POR,79.8,78.4,"('Ace Bailey', 'Keyonte George')",1.9,2,5,4,3,1,0,0,2,0,2,1,5.32,5.44,0.0,0.0,0.0,2.0,3.0,3.0,0.0,0.0,10.760000000000002,7
22500135,UTA,POR,79.8,78.4,"('Ace Bailey', 'Taylor Hendricks')",1.9,2,5,4,3,1,0,0,2,0,2,1,5.32,5.44,0.0,0.0,0.0,2.0,3.0,3.0,0.0,0.0,10.760000000000002,7
22500135,UTA,POR,79.8,78.4,"('Brice Sensabaugh', 'Jusuf Nurkić')",1.9,2,5,4,3,1,0,0,2,0,2,1,5.32,5.44,0.0,0.0,0.0,2.0,3.0,3.0,0.0,0.0,10.760000000000002,7
22500135,UTA,POR,79.8,78.4,"('Brice Sensabaugh', 'Keyonte George')",1.9,2,5,4,3,1,0,0,2,0,2,1,5.32,5.44,0.0,0.0,0.0,2.0,3.0,3.0,0.0,0.0,10.760000000000002,7
22500135,UTA,POR,79.8,78.4,"('Brice Sensabaugh', 'Taylor Hendricks')",1.9,2,5,4,3,1,0,0,2,0,2,1,5.32,5.44,0.0,0.0,0.0,2.0,3.0,3.0,0.0,0.0,10.760000000000002,7
22500135,UTA,POR,79.8,78.4,"('Jusuf Nurkić', 'Keyonte George')",1.9,2,5,4,3,1,0,0,2,0,2,1,5.32,5.44,0.0,0.0,0.0,2.0,3.0,3.0,0.0,0.0,10.760000000000002,7
22500135,UTA,POR,79.8,78.4,"('Jusuf Nurkić', 'Taylor Hendricks')",1.9,2,5,4,3,1,0,0,2,0,2,1,5.32,5.44,0.0,0.0,0.0,2.0,3.0,3.0,0.0,0.0,10.760000000000002,7
22500135,UTA,POR,79.8,78.4,"('Keyonte George', 'Taylor Hendricks')",1.9,2,5,4,3,1,0,0,2,0,2,1,5.32,5.44,0.0,0.0,0.0,2.0,3.0,3.0,0.0,0.0,10.760000000000002,7
22500135,UTA,POR,80.6,79.0,"('Ace Bailey', 'Brice Sensabaugh')",2.033333333333333,3,2,6,1,1,0,2,2,0,0,2,5.88,4.44,0.0,0.0,0.0,0.0,2.0,0.0,0.0,2.0,10.32,7
22500135,UTA,POR,80.6,79.0,"('Ace Bailey', 'Jusuf Nurkić')",2.033333333333333,3,2,6,1,1,0,2,2,0,0,2,5.88,4.44,0.0,0.0,0.0,0.0,2.0,0.0,0.0,2.0,10.32,7
22500135,UTA,POR,80.6,79.0,"('Ace Bailey', 'Keyonte George')",2.033333333333333,3,2,6,1,1,0,2,2,0,0,2,5.88,4.44,0.0,0.0,0.0,0.0,2.0,0.0,0.0,2.0,10.32,7
22500135,UTA,POR,80.6,79.0,"('Ace Bailey', 'Lauri Markkanen')",2.033333333333333,3,2,6,1,1,0,2,2,0,0,2,5.88,4.44,0.0,0.0,0.0,0.0,2.0,0.0,0.0,2.0,10.32,7
22500135,UTA,POR,80.6,79.0,"('Brice Sensabaugh', 'Jusuf Nurkić')",2.033333333333333,3,2,6,1,1,0,2,2,0,0,2,5.88,4.44,0.0,0.0,0.0,0.0,2.0,0.0,0.0,2.0,10.32,7
22500135,UTA,POR,80.6,79.0,"('Brice Sensabaugh', 'Keyonte George')",2.033333333333333,3,2,6,1,1,0,2,2,0,0,2,5.88,4.44,0.0,0.0,0.0,0.0,2.0,0.0,0.0,2.0,10.32,7
22500135,UTA,POR,80.6,79.0,"('Brice Sensabaugh', 'Lauri Markkanen')",2.033333333333333,3,2,6,1,1,0,2,2,0,0,2,5.88,4.44,0.0,0.0,0.0,0.0,2.0,0.0,0.0,2.0,10.32,7
22500135,UTA,POR,80.6,79.0,"('Jusuf Nurkić', 'Keyonte George')",2.033333333333333,3,2,6,1,1,0,2,2,0,0,2,5.88,4.44,0.0,0.0,0.0,0.0,2.0,0.0,0.0,2.0,10.32,7
22500135,UTA,POR,80.6,79.0,"('Jusuf Nurkić', 'Lauri Markkanen')",2.033333333333333,3,2,6,1,1,0,2,2,0,0,2,5.88,4.44,0.0,0.0,0.0,0.0,2.0,0.0,0.0,2.0,10.32,7
22500135,UTA,POR,80.6,79.0,"('Keyonte George', 'Lauri Markkanen')",2.033333333333333,3,2,6,1,1,0,2,2,0,0,2,5.88,4.44,0.0,0.0,0.0,0.0,2.0,0.0,0.0,2.0,10.32,7
22500135,UTA,POR,81.4,79.6,"('Ace Bailey', 'Keyonte George')",1.5666666666666669,3,5,6,2,1,2,2,0,0,2,0,4.0,3.88,3.0,0.0,0.0,2.0,0.0,0.0,0.0,4.0,7.88,7
22500135,UTA,POR,81.4,79.6,"('Ace Bailey', 'Lauri Markkanen')",1.5666666666666669,3,5,6,2,1,2,2,0,0,2,0,4.0,3.88,3.0,0.0,0.0,2.0,0.0,0.0,0.0,4.0,7.88,7
22500135,UTA,POR,81.4,79.6,"('Ace Bailey', 'Svi Mykhailiuk')",1.5666666666666669,3,5,6,2,1,2,2,0,0,2,0,4.0,3.88,3.0,0.0,0.0,2.0,0.0,0.0,0.0,4.0,7.88,7
22500135,UTA,POR,81.4,79.6,"('Ace Bailey', 'Walker Kessler')",1.5666666666666669,3,5,6,2,1,2,2,0,0,2,0,4.0,3.88,3.0,0.0,0.0,2.0,0.0,0.0,0.0,4.0,7.88,7
22500135,UTA,POR,81.4,79.6,"('Keyonte George', 'Lauri Markkanen')",1.5666666666666669,3,5,6,2,1,2,2,0,0,2,0,4.0,3.88,3.0,0.0,0.0,2.0,0.0,0.0,0.0,4.0,7.88,7
22500135,UTA,POR,81.4,79.6,"('Keyonte George', 'Svi Mykhailiuk')",1.5666666666666669,3,5,6,2,1,2,2,0,0,2,0,4.0,3.88,3.0,0.0,0.0,2.0,0.0,0.0,0.0,4.0,7.88,7
22500135,UTA,POR,81.4,79.6,"('Keyonte George', 'Walker Kessler')",1.5666666666666669,3,5,6,2,1,2,2,0,0,2,0,4.0,3.88,3.0,0.0,0.0,2.0,0.0,0.0,0.0,4.0,7.88,7
22500135,UTA,POR,81.4,79.6,"('Lauri Markkanen', 'Svi Mykhailiuk')",1.5666666666666669,3,5,6,2,1,2,2,0,0,2,0,4.0,3.88,3.0,0.0,0.0,2.0,0.0,0.0,0.0,4.0,7.88,7
22500135,UTA,POR,81.4,79.6,"('Lauri Markkanen', 'Walker Kessler')",1.5666666666666669,3,5,6,2,1,2,2,0,0,2,0,4.0,3.88,3.0,0.0,0.0,2.0,0.0,0.0,0.0,4.0,7.88,7
22500135,UTA,POR,81.4,79.6,"('Svi Mykhailiuk', 'Walker Kessler')",1.5666666666666669,3,5,6,2,1,2,2,0,0,2,0,4.0,3.88,3.0,0.0,0.0,2.0,0.0,0.0,0.0,4.0,7.88,7
22500135,UTA,POR,79.4,78.4,"('Brice Sensabaugh', 'Jusuf Nurkić')",3.78,3,12,12,3,2,2,2,2,2,2,2,9.76,9.88,0.0,0.0,2.0,8.0,2.0,2.0,0.0,4.0,19.64,7
22500135,UTA,POR,79.4,78.4,"('Brice Sensabaugh', 'Svi Mykhailiuk')",3.78,3,12,12,3,2,2,2,2,2,2,2,9.76,9.88,0.0,0.0,2.0,8.0,2.0,2.0,0.0,4.0,19.64,7
22500135,UTA,POR,79.4,78.4,"('Brice Sensabaugh', 'Taylor Hendricks')",3.78,3,12,12,3,2,2,2,2,2,2,2,9.76,9.88,0.0,0.0,2.0,8.0,2.0,2.0,0.0,4.0,19.64,7
22500135,UTA,POR,79.4,78.4,"('Brice Sensabaugh', 'Walter Clayton Jr.')",3.78,3,12,12,3,2,2,2,2,2,2,2,9.76,9.88,0.0,0.0,2.0,8.0,2.0,2.0,0.0,4.0,19.64,7
22500135,UTA,POR,79.4,78.4,"('Jusuf Nurkić', 'Svi Mykhailiuk')",3.78,3,12,12,3,2,2,2,2,2,2,2,9.76,9.88,0.0,0.0,2.0,8.0,2.0,2.0,0.0,4.0,19.64,7
22500135,UTA,POR,79.4,78.4,"('Jusuf Nurkić', 'Taylor Hendricks')",3.78,3,12,12,3,2,2,2,2,2,2,2,9.76,9.88,0.0,0.0,2.0,8.0,2.0,2.0,0.0,4.0,19.64,7
22500135,UTA,POR,79.4,78.4,"('Jusuf Nurkić', 'Walter Clayton Jr.')",3.78,3,12,12,3,2,2,2,2,2,2,2,9.76,9.88,0.0,0.0,2.0,8.0,2.0,2.0,0.0,4.0,19.64,7
22500135,UTA,POR,79.4,78.4,"('Svi Mykhailiuk', 'Taylor Hendricks')",3.78,3,12,12,3,2,2,2,2,2,2,2,9.76,9.88,0.0,0.0,2.0,8.0,2.0,2.0,0.0,4.0,19.64,7
22500135,UTA,POR,79.4,78.4,"('Svi Mykhailiuk', 'Walter Clayton Jr.')",3.78,3,12,12,3,2,2,2,2,2,2,2,9.76,9.88,0.0,0.0,2.0,8.0,2.0,2.0,0.0,4.0,19.64,7
22500135,UTA,POR,79.4,78.4,"('Taylor Hendricks', 'Walter Clayton Jr.')",3.78,3,12,12,3,2,2,2,2,2,2,2,9.76,9.88,0.0,0.0,2.0,8.0,2.0,2.0,0.0,4.0,19.64,7
22500135,UTA,POR,81.8,79.6,"('Keyonte George', 'Kyle Filipowski')",3.9,3,6,13,4,6,2,3,2,1,3,1,8.0,9.44,3.0,3.0,0.0,0.0,2.0,4.0,5.0,6.0,17.439999999999998,7
22500135,UTA,POR,81.8,79.6,"('Keyonte George', 'Lauri Markkanen')",3.9,3,6,13,4,6,2,3,2,1,3,1,8.0,9.44,3.0,3.0,0.0,0.0,2.0,4.0,5.0,6.0,17.439999999999998,7
22500135,UTA,POR,81.8,79.6,"('Keyonte George', 'Svi Mykhailiuk')",3.9,3,6,13,4,6,2,3,2,1,3,1,8.0,9.44,3.0,3.0,0.0,0.0,2.0,4.0,5.0,6.0,17.439999999999998,7
22500135,UTA,POR,81.8,79.6,"('Keyonte George', 'Walker Kessler')",3.9,3,6,13,4,6,2,3,2,1,3,1,8.0,9.44,3.0,3.0,0.0,0.0,2.0,4.0,5.0,6.0,17.439999999999998,7
22500135,UTA,POR,81.8,79.6,"('Kyle Filipowski', 'Lauri Markkanen')",3.9,3,6,13,4,6,2,3,2,1,3,1,8.0,9.44,3.0,3.0,0.0,0.0,2.0,4.0,5.0,6.0,17.439999999999998,7
22500135,UTA,POR,81.8,79.6,"('Kyle Filipowski', 'Svi Mykhailiuk')",3.9,3,6,13,4,6,2,3,2,1,3,1,8.0,9.44,3.0,3.0,0.0,0.0,2.0,4.0,5.0,6.0,17.439999999999998,7
22500135,UTA,POR,81.8,79.6,"('Kyle Filipowski', 'Walker Kessler')",3.9,3,6,13,4,6,2,3,2,1,3,1,8.0,9.44,3.0,3.0,0.0,0.0,2.0,4.0,5.0,6.0,17.439999999999998,7
22500135,UTA,POR,81.8,79.6,"('Lauri Markkanen', 'Svi Mykhailiuk')",3.9,3,6,13,4,6,2,3,2,1,3,1,8.0,9.44,3.0,3.0,0.0,0.0,2.0,4.0,5.0,6.0,17.439999999999998,7
22500135,UTA,POR,81.8,79.6,"('Lauri Markkanen', 'Walker Kessler')",3.9,3,6,13,4,6,2,3,2,1,3,1,8.0,9.44,3.0,3.0,0.0,0.0,2.0,4.0,5.0,6.0,17.439999999999998,7
22500135,UTA,POR,81.8,79.6,"('Svi Mykhailiuk', 'Walker Kessler')",3.9,3,6,13,4,6,2,3,2,1,3,1,8.0,9.44,3.0,3.0,0.0,0.0,2.0,4.0,5.0,6.0,17.439999999999998,7
22500135,UTA,POR,82.6,80.0,"('Jusuf Nurkić', 'Keyonte George')",0.04,4,0,0,0,1,0,0,0,0,0,0,1.0,0.0,0.0,0.0,0.0,0.0,0.0,0.0,0.0,0.0,1.0,7
22500135,UTA,POR,82.6,80.0,"('Jusuf Nurkić', 'Kyle Filipowski')",0.04,4,0,0,0,1,0,0,0,0,0,0,1.0,0.0,0.0,0.0,0.0,0.0,0.0,0.0,0.0,0.0,1.0,7
22500135,UTA,POR,82.6,80.0,"('Jusuf Nurkić', 'Lauri Markkanen')",0.04,4,0,0,0,1,0,0,0,0,0,0,1.0,0.0,0.0,0.0,0.0,0.0,0.0,0.0,0.0,0.0,1.0,7
22500135,UTA,POR,82.6,80.0,"('Jusuf Nurkić', 'Walker Kessler')",0.04,4,0,0,0,1,0,0,0,0,0,0,1.0,0.0,0.0,0.0,0.0,0.0,0.0,0.0,0.0,0.0,1.0,7
22500135,UTA,POR,82.6,80.0,"('Keyonte George', 'Kyle Filipowski')",0.04,4,0,0,0,1,0,0,0,0,0,0,1.0,0.0,0.0,0.0,0.0,0.0,0.0,0.0,0.0,0.0,1.0,7
22500135,UTA,POR,82.6,80.0,"('Keyonte George', 'Lauri Markkanen')",0.04,4,0,0,0,1,0,0,0,0,0,0,1.0,0.0,0.0,0.0,0.0,0.0,0.0,0.0,0.0,0.0,1.0,7
22500135,UTA,POR,82.6,80.0,"('Keyonte George', 'Walker Kessler')",0.04,4,0,0,0,1,0,0,0,0,0,0,1.0,0.0,0.0,0.0,0.0,0.0,0.0,0.0,0.0,0.0,1.0,7
22500135,UTA,POR,82.6,80.0,"('Kyle Filipowski', 'Lauri Markkanen')",0.04,4,0,0,0,1,0,0,0,0,0,0,1.0,0.0,0.0,0.0,0.0,0.0,0.0,0.0,0.0,0.0,1.0,7
22500135,UTA,POR,82.6,80.0,"('Kyle Filipowski', 'Walker Kessler')",0.04,4,0,0,0,1,0,0,0,0,0,0,1.0,0.0,0.0,0.0,0.0,0.0,0.0,0.0,0.0,0.0,1.0,7
22500135,UTA,POR,82.6,80.0,"('Lauri Markkanen', 'Walker Kessler')",0.04,4,0,0,0,1,0,0,0,0,0,0,1.0,0.0,0.0,0.0,0.0,0.0,0.0,0.0,0.0,0.0,1.0,7
22500135,UTA,POR,81.0,78.2,"('Elijah Harkless', 'Jusuf Nurkić')",0.0,4,0,2,0,0,0,0,0,0,0,0,0.0,0.88,0.0,0.0,0.0,0.0,0.0,0.0,0.0,0.0,0.88,7
22500135,UTA,POR,81.0,78.2,"('Elijah Harkless', 'Keyonte George')",0.0,4,0,2,0,0,0,0,0,0,0,0,0.0,0.88,0.0,0.0,0.0,0.0,0.0,0.0,0.0,0.0,0.88,7
22500135,UTA,POR,81.0,78.2,"('Elijah Harkless', 'Lauri Markkanen')",0.0,4,0,2,0,0,0,0,0,0,0,0,0.0,0.88,0.0,0.0,0.0,0.0,0.0,0.0,0.0,0.0,0.88,7
22500135,UTA,POR,81.0,78.2,"('Elijah Harkless', 'Walker Kessler')",0.0,4,0,2,0,0,0,0,0,0,0,0,0.0,0.88,0.0,0.0,0.0,0.0,0.0,0.0,0.0,0.0,0.88,7
22500135,UTA,POR,81.0,78.2,"('Jusuf Nurkić', 'Keyonte George')",0.0,4,0,2,0,0,0,0,0,0,0,0,0.0,0.88,0.0,0.0,0.0,0.0,0.0,0.0,0.0,0.0,0.88,7
22500135,UTA,POR,81.0,78.2,"('Jusuf Nurkić', 'Lauri Markkanen')",0.0,4,0,2,0,0,0,0,0,0,0,0,0.0,0.88,0.0,0.0,0.0,0.0,0.0,0.0,0.0,0.0,0.88,7
22500135,UTA,POR,81.0,78.2,"('Jusuf Nurkić', 'Walker Kessler')",0.0,4,0,2,0,0,0,0,0,0,0,0,0.0,0.88,0.0,0.0,0.0,0.0,0.0,0.0,0.0,0.0,0.88,7
22500135,UTA,POR,81.0,78.2,"('Keyonte George', 'Lauri Markkanen')",0.0,4,0,2,0,0,0,0,0,0,0,0,0.0,0.88,0.0,0.0,0.0,0.0,0.0,0.0,0.0,0.0,0.88,7
22500135,UTA,POR,81.0,78.2,"('Keyonte George', 'Walker Kessler')",0.0,4,0,2,0,0,0,0,0,0,0,0,0.0,0.88,0.0,0.0,0.0,0.0,0.0,0.0,0.0,0.0,0.88,7
22500135,UTA,POR,81.0,78.2,"('Lauri Markkanen', 'Walker Kessler')",0.0,4,0,2,0,0,0,0,0,0,0,0,0.0,0.88,0.0,0.0,0.0,0.0,0.0,0.0,0.0,0.0,0.88,7
22500135,UTA,POR,79.8,78.2,"('Cody Williams', 'Elijah Harkless')",0.0333333333333333,4,1,0,0,0,0,0,0,0,0,1,0.44,0.0,0.0,0.0,0.0,0.0,0.0,0.0,0.0,0.0,0.44,7
22500135,UTA,POR,79.8,78.2,"('Cody Williams', 'Keyonte George')",0.0333333333333333,4,1,0,0,0,0,0,0,0,0,1,0.44,0.0,0.0,0.0,0.0,0.0,0.0,0.0,0.0,0.0,0.44,7
22500135,UTA,POR,79.8,78.2,"('Cody Williams', 'Kyle Filipowski')",0.0333333333333333,4,1,0,0,0,0,0,0,0,0,1,0.44,0.0,0.0,0.0,0.0,0.0,0.0,0.0,0.0,0.0,0.44,7
22500135,UTA,POR,79.8,78.2,"('Cody Williams', 'Lauri Markkanen')",0.0333333333333333,4,1,0,0,0,0,0,0,0,0,1,0.44,0.0,0.0,0.0,0.0,0.0,0.0,0.0,0.0,0.0,0.44,7
22500135,UTA,POR,79.8,78.2,"('Elijah Harkless', 'Keyonte George')",0.0333333333333333,4,1,0,0,0,0,0,0,0,0,1,0.44,0.0,0.0,0.0,0.0,0.0,0.0,0.0,0.0,0.0,0.44,7
22500135,UTA,POR,79.8,78.2,"('Elijah Harkless', 'Kyle Filipowski')",0.0333333333333333,4,1,0,0,0,0,0,0,0,0,1,0.44,0.0,0.0,0.0,0.0,0.0,0.0,0.0,0.0,0.0,0.44,7
22500135,UTA,POR,79.8,78.2,"('Elijah Harkless', 'Lauri Markkanen')",0.0333333333333333,4,1,0,0,0,0,0,0,0,0,1,0.44,0.0,0.0,0.0,0.0,0.0,0.0,0.0,0.0,0.0,0.44,7
22500135,UTA,POR,79.8,78.2,"('Keyonte George', 'Kyle Filipowski')",0.0333333333333333,4,1,0,0,0,0,0,0,0,0,1,0.44,0.0,0.0,0.0,0.0,0.0,0.0,0.0,0.0,0.0,0.44,7
22500135,UTA,POR,79.8,78.2,"('Keyonte George', 'Lauri Markkanen')",0.0333333333333333,4,1,0,0,0,0,0,0,0,0,1,0.44,0.0,0.0,0.0,0.0,0.0,0.0,0.0,0.0,0.0,0.44,7
22500135,UTA,POR,79.8,78.2,"('Kyle Filipowski', 'Lauri Markkanen')",0.0333333333333333,4,1,0,0,0,0,0,0,0,0,1,0.44,0.0,0.0,0.0,0.0,0.0,0.0,0.0,0.0,0.0,0.44,7
22500135,UTA,POR,79.6,80.0,"('Elijah Harkless', 'Jusuf Nurkić')",0.0,4,1,0,0,0,0,0,0,0,0,0,0.44,0.0,0.0,0.0,0.0,0.0,0.0,0.0,0.0,0.0,0.44,7
22500135,UTA,POR,79.6,80.0,"('Elijah Harkless', 'Keyonte George')",0.0,4,1,0,0,0,0,0,0,0,0,0,0.44,0.0,0.0,0.0,0.0,0.0,0.0,0.0,0.0,0.0,0.44,7
22500135,UTA,POR,79.6,80.0,"('Elijah Harkless', 'Lauri Markkanen')",0.0,4,1,0,0,0,0,0,0,0,0,0,0.44,0.0,0.0,0.0,0.0,0.0,0.0,0.0,0.0,0.0,0.44,7
22500135,UTA,POR,79.6,80.0,"('Elijah Harkless', 'Svi Mykhailiuk')",0.0,4,1,0,0,0,0,0,0,0,0,0,0.44,0.0,0.0,0.0,0.0,0.0,0.0,0.0,0.0,0.0,0.44,7
22500135,UTA,POR,79.6,80.0,"('Jusuf Nurkić', 'Keyonte George')",0.0,4,1,0,0,0,0,0,0,0,0,0,0.44,0.0,0.0,0.0,0.0,0.0,0.0,0.0,0.0,0.0,0.44,7
22500135,UTA,POR,79.6,80.0,"('Jusuf Nurkić', 'Lauri Markkanen')",0.0,4,1,0,0,0,0,0,0,0,0,0,0.44,0.0,0.0,0.0,0.0,0.0,0.0,0.0,0.0,0.0,0.44,7
22500135,UTA,POR,79.6,80.0,"('Jusuf Nurkić', 'Svi Mykhailiuk')",0.0,4,1,0,0,0,0,0,0,0,0,0,0.44,0.0,0.0,0.0,0.0,0.0,0.0,0.0,0.0,0.0,0.44,7
22500135,UTA,POR,79.6,80.0,"('Keyonte George', 'Lauri Markkanen')",0.0,4,1,0,0,0,0,0,0,0,0,0,0.44,0.0,0.0,0.0,0.0,0.0,0.0,0.0,0.0,0.0,0.44,7
22500135,UTA,POR,79.6,80.0,"('Keyonte George', 'Svi Mykhailiuk')",0.0,4,1,0,0,0,0,0,0,0,0,0,0.44,0.0,0.0,0.0,0.0,0.0,0.0,0.0,0.0,0.0,0.44,7
22500135,UTA,POR,79.6,80.0,"('Lauri Markkanen', 'Svi Mykhailiuk')",0.0,4,1,0,0,0,0,0,0,0,0,0,0.44,0.0,0.0,0.0,0.0,0.0,0.0,0.0,0.0,0.0,0.44,7
22500150,UTA,CHA,81.0,78.4,"('Ace Bailey', 'Kevin Love')",1.25,4,0,2,0,4,0,0,0,0,0,0,2.0,2.0,0.0,0.0,0.0,0.0,0.0,0.0,0.0,2.0,4.0,8
22500150,UTA,CHA,81.0,78.4,"('Ace Bailey', 'Keyonte George')",1.25,4,0,2,0,4,0,0,0,0,0,0,2.0,2.0,0.0,0.0,0.0,0.0,0.0,0.0,0.0,2.0,4.0,8
22500150,UTA,CHA,81.0,78.4,"('Ace Bailey', 'Lauri Markkanen')",1.25,4,0,2,0,4,0,0,0,0,0,0,2.0,2.0,0.0,0.0,0.0,0.0,0.0,0.0,0.0,2.0,4.0,8
22500150,UTA,CHA,81.0,78.4,"('Ace Bailey', 'Taylor Hendricks')",1.25,4,0,2,0,4,0,0,0,0,0,0,2.0,2.0,0.0,0.0,0.0,0.0,0.0,0.0,0.0,2.0,4.0,8
22500150,UTA,CHA,81.0,78.4,"('Kevin Love', 'Keyonte George')",1.25,4,0,2,0,4,0,0,0,0,0,0,2.0,2.0,0.0,0.0,0.0,0.0,0.0,0.0,0.0,2.0,4.0,8
22500150,UTA,CHA,81.0,78.4,"('Kevin Love', 'Lauri Markkanen')",1.25,4,0,2,0,4,0,0,0,0,0,0,2.0,2.0,0.0,0.0,0.0,0.0,0.0,0.0,0.0,2.0,4.0,8
22500150,UTA,CHA,81.0,78.4,"('Kevin Love', 'Taylor Hendricks')",1.25,4,0,2,0,4,0,0,0,0,0,0,2.0,2.0,0.0,0.0,0.0,0.0,0.0,0.0,0.0,2.0,4.0,8
22500150,UTA,CHA,81.0,78.4,"('Keyonte George', 'Lauri Markkanen')",1.25,4,0,2,0,4,0,0,0,0,0,0,2.0,2.0,0.0,0.0,0.0,0.0,0.0,0.0,0.0,2.0,4.0,8
22500150,UTA,CHA,81.0,78.4,"('Keyonte George', 'Taylor Hendricks')",1.25,4,0,2,0,4,0,0,0,0,0,0,2.0,2.0,0.0,0.0,0.0,0.0,0.0,0.0,0.0,2.0,4.0,8
22500150,UTA,CHA,81.0,78.4,"('Lauri Markkanen', 'Taylor Hendricks')",1.25,4,0,2,0,4,0,0,0,0,0,0,2.0,2.0,0.0,0.0,0.0,0.0,0.0,0.0,0.0,2.0,4.0,8
22500150,UTA,CHA,80.4,77.8,"('Ace Bailey', 'Brice Sensabaugh')",0.58,3,2,3,0,1,0,0,1,1,0,1,1.88,2.44,0.0,0.0,0.0,0.0,2.0,0.0,2.0,2.0,4.32,8
22500150,UTA,CHA,80.4,77.8,"('Ace Bailey', 'Kevin Love')",0.58,3,2,3,0,1,0,0,1,1,0,1,1.88,2.44,0.0,0.0,0.0,0.0,2.0,0.0,2.0,2.0,4.32,8
22500150,UTA,CHA,80.4,77.8,"('Ace Bailey', 'Lauri Markkanen')",0.58,3,2,3,0,1,0,0,1,1,0,1,1.88,2.44,0.0,0.0,0.0,0.0,2.0,0.0,2.0,2.0,4.32,8
22500150,UTA,CHA,80.4,77.8,"('Ace Bailey', 'Walter Clayton Jr.')",0.58,3,2,3,0,1,0,0,1,1,0,1,1.88,2.44,0.0,0.0,0.0,0.0,2.0,0.0,2.0,2.0,4.32,8
22500150,UTA,CHA,80.4,77.8,"('Brice Sensabaugh', 'Kevin Love')",0.58,3,2,3,0,1,0,0,1,1,0,1,1.88,2.44,0.0,0.0,0.0,0.0,2.0,0.0,2.0,2.0,4.32,8
22500150,UTA,CHA,80.4,77.8,"('Brice Sensabaugh', 'Lauri Markkanen')",0.58,3,2,3,0,1,0,0,1,1,0,1,1.88,2.44,0.0,0.0,0.0,0.0,2.0,0.0,2.0,2.0,4.32,8
22500150,UTA,CHA,80.4,77.8,"('Brice Sensabaugh', 'Walter Clayton Jr.')",0.58,3,2,3,0,1,0,0,1,1,0,1,1.88,2.44,0.0,0.0,0.0,0.0,2.0,0.0,2.0,2.0,4.32,8
22500150,UTA,CHA,80.4,77.8,"('Kevin Love', 'Lauri Markkanen')",0.58,3,2,3,0,1,0,0,1,1,0,1,1.88,2.44,0.0,0.0,0.0,0.0,2.0,0.0,2.0,2.0,4.32,8
22500150,UTA,CHA,80.4,77.8,"('Kevin Love', 'Walter Clayton Jr.')",0.58,3,2,3,0,1,0,0,1,1,0,1,1.88,2.44,0.0,0.0,0.0,0.0,2.0,0.0,2.0,2.0,4.32,8
22500150,UTA,CHA,80.4,77.8,"('Lauri Markkanen', 'Walter Clayton Jr.')",0.58,3,2,3,0,1,0,0,1,1,0,1,1.88,2.44,0.0,0.0,0.0,0.0,2.0,0.0,2.0,2.0,4.32,8
22500150,UTA,CHA,79.4,78.0,"('Cody Williams', 'Keyonte George')",2.4733333333333336,2,9,9,0,2,2,3,1,1,1,1,4.88,5.0,0.0,0.0,0.0,4.0,4.0,0.0,5.0,6.0,9.88,8
22500150,UTA,CHA,79.4,78.0,"('Cody Williams', 'Kyle Anderson')",2.4733333333333336,2,9,9,0,2,2,3,1,1,1,1,4.88,5.0,0.0,0.0,0.0,4.0,4.0,0.0,5.0,6.0,9.88,8
22500150,UTA,CHA,79.4,78.0,"('Cody Williams', 'Lauri Markkanen')",2.4733333333333336,2,9,9,0,2,2,3,1,1,1,1,4.88,5.0,0.0,0.0,0.0,4.0,4.0,0.0,5.0,6.0,9.88,8
22500150,UTA,CHA,79.4,78.0,"('Cody Williams', 'Walter Clayton Jr.')",2.4733333333333336,2,9,9,0,2,2,3,1,1,1,1,4.88,5.0,0.0,0.0,0.0,4.0,4.0,0.0,5.0,6.0,9.88,8
22500150,UTA,CHA,79.4,78.0,"('Keyonte George', 'Kyle Anderson')",2.4733333333333336,2,9,9,0,2,2,3,1,1,1,1,4.88,5.0,0.0,0.0,0.0,4.0,4.0,0.0,5.0,6.0,9.88,8
22500150,UTA,CHA,79.4,78.0,"('Keyonte George', 'Lauri Markkanen')",2.4733333333333336,2,9,9,0,2,2,3,1,1,1,1,4.88,5.0,0.0,0.0,0.0,4.0,4.0,0.0,5.0,6.0,9.88,8
22500150,UTA,CHA,79.4,78.0,"('Keyonte George', 'Walter Clayton Jr.')",2.4733333333333336,2,9,9,0,2,2,3,1,1,1,1,4.88,5.0,0.0,0.0,0.0,4.0,4.0,0.0,5.0,6.0,9.88,8
22500150,UTA,CHA,79.4,78.0,"('Kyle Anderson', 'Lauri Markkanen')",2.4733333333333336,2,9,9,0,2,2,3,1,1,1,1,4.88,5.0,0.0,0.0,0.0,4.0,4.0,0.0,5.0,6.0,9.88,8
22500150,UTA,CHA,79.4,78.0,"('Kyle Anderson', 'Walter Clayton Jr.')",2.4733333333333336,2,9,9,0,2,2,3,1,1,1,1,4.88,5.0,0.0,0.0,0.0,4.0,4.0,0.0,5.0,6.0,9.88,8
22500150,UTA,CHA,79.4,78.0,"('Lauri Markkanen', 'Walter Clayton Jr.')",2.4733333333333336,2,9,9,0,2,2,3,1,1,1,1,4.88,5.0,0.0,0.0,0.0,4.0,4.0,0.0,5.0,6.0,9.88,8
22500150,UTA,CHA,80.2,77.6,"('Keyonte George', 'Kyle Anderson')",2.35,2,4,3,4,3,1,0,0,0,1,0,5.0,5.44,0.0,0.0,2.0,4.0,0.0,0.0,0.0,2.0,10.44,8
22500150,UTA,CHA,80.2,77.6,"('Keyonte George', 'Lauri Markkanen')",2.35,2,4,3,4,3,1,0,0,0,1,0,5.0,5.44,0.0,0.0,2.0,4.0,0.0,0.0,0.0,2.0,10.44,8
22500150,UTA,CHA,80.2,77.6,"('Keyonte George', 'Svi Mykhailiuk')",2.35,2,4,3,4,3,1,0,0,0,1,0,5.0,5.44,0.0,0.0,2.0,4.0,0.0,0.0,0.0,2.0,10.44,8
22500150,UTA,CHA,80.2,77.6,"('Keyonte George', 'Taylor Hendricks')",2.35,2,4,3,4,3,1,0,0,0,1,0,5.0,5.44,0.0,0.0,2.0,4.0,0.0,0.0,0.0,2.0,10.44,8
22500150,UTA,CHA,80.2,77.6,"('Kyle Anderson', 'Lauri Markkanen')",2.35,2,4,3,4,3,1,0,0,0,1,0,5.0,5.44,0.0,0.0,2.0,4.0,0.0,0.0,0.0,2.0,10.44,8
22500150,UTA,CHA,80.2,77.6,"('Kyle Anderson', 'Svi Mykhailiuk')",2.35,2,4,3,4,3,1,0,0,0,1,0,5.0,5.44,0.0,0.0,2.0,4.0,0.0,0.0,0.0,2.0,10.44,8
22500150,UTA,CHA,80.2,77.6,"('Kyle Anderson', 'Taylor Hendricks')",2.35,2,4,3,4,3,1,0,0,0,1,0,5.0,5.44,0.0,0.0,2.0,4.0,0.0,0.0,0.0,2.0,10.44,8
22500150,UTA,CHA,80.2,77.6,"('Lauri Markkanen', 'Svi Mykhailiuk')",2.35,2,4,3,4,3,1,0,0,0,1,0,5.0,5.44,0.0,0.0,2.0,4.0,0.0,0.0,0.0,2.0,10.44,8
22500150,UTA,CHA,80.2,77.6,"('Lauri Markkanen', 'Taylor Hendricks')",2.35,2,4,3,4,3,1,0,0,0,1,0,5.0,5.44,0.0,0.0,2.0,4.0,0.0,0.0,0.0,2.0,10.44,8
22500150,UTA,CHA,80.2,77.6,"('Svi Mykhailiuk', 'Taylor Hendricks')",2.35,2,4,3,4,3,1,0,0,0,1,0,5.0,5.44,0.0,0.0,2.0,4.0,0.0,0.0,0.0,2.0,10.44,8
22500150,UTA,CHA,80.8,78.2,"('Jusuf Nurkić', 'Keyonte George')",3.9,2,7,11,2,6,3,2,1,2,1,4,10.44,8.44,4.0,2.0,0.0,4.0,0.0,0.0,0.0,4.0,18.88,8
22500150,UTA,CHA,80.8,78.2,"('Jusuf Nurkić', 'Lauri Markkanen')",3.9,2,7,11,2,6,3,2,1,2,1,4,10.44,8.44,4.0,2.0,0.0,4.0,0.0,0.0,0.0,4.0,18.88,8
22500150,UTA,CHA,80.8,78.2,"('Jusuf Nurkić', 'Svi Mykhailiuk')",3.9,2,7,11,2,6,3,2,1,2,1,4,10.44,8.44,4.0,2.0,0.0,4.0,0.0,0.0,0.0,4.0,18.88,8
22500150,UTA,CHA,80.8,78.2,"('Jusuf Nurkić', 'Taylor Hendricks')",3.9,2,7,11,2,6,3,2,1,2,1,4,10.44,8.44,4.0,2.0,0.0,4.0,0.0,0.0,0.0,4.0,18.88,8
22500150,UTA,CHA,80.8,78.2,"('Keyonte George', 'Lauri Markkanen')",3.9,2,7,11,2,6,3,2,1,2,1,4,10.44,8.44,4.0,2.0,0.0,4.0,0.0,0.0,0.0,4.0,18.88,8
22500150,UTA,CHA,80.8,78.2,"('Keyonte George', 'Svi Mykhailiuk')",3.9,2,7,11,2,6,3,2,1,2,1,4,10.44,8.44,4.0,2.0,0.0,4.0,0.0,0.0,0.0,4.0,18.88,8
22500150,UTA,CHA,80.8,78.2,"('Keyonte George', 'Taylor Hendricks')",3.9,2,7,11,2,6,3,2,1,2,1,4,10.44,8.44,4.0,2.0,0.0,4.0,0.0,0.0,0.0,4.0,18.88,8
22500150,UTA,CHA,80.8,78.2,"('Lauri Markkanen', 'Svi Mykhailiuk')",3.9,2,7,11,2,6,3,2,1,2,1,4,10.44,8.44,4.0,2.0,0.0,4.0,0.0,0.0,0.0,4.0,18.88,8
22500150,UTA,CHA,80.8,78.2,"('Lauri Markkanen', 'Taylor Hendricks')",3.9,2,7,11,2,6,3,2,1,2,1,4,10.44,8.44,4.0,2.0,0.0,4.0,0.0,0.0,0.0,4.0,18.88,8
22500150,UTA,CHA,80.8,78.2,"('Svi Mykhailiuk', 'Taylor Hendricks')",3.9,2,7,11,2,6,3,2,1,2,1,4,10.44,8.44,4.0,2.0,0.0,4.0,0.0,0.0,0.0,4.0,18.88,8
22500150,UTA,CHA,79.2,78.0,"('Cody Williams', 'Kyle Anderson')",1.7833333333333332,2,3,2,2,2,0,0,1,0,2,1,3.0,2.88,0.0,0.0,0.0,0.0,0.0,0.0,0.0,0.0,5.88,8
22500150,UTA,CHA,79.2,78.0,"('Cody Williams', 'Svi Mykhailiuk')",1.7833333333333332,2,3,2,2,2,0,0,1,0,2,1,3.0,2.88,0.0,0.0,0.0,0.0,0.0,0.0,0.0,0.0,5.88,8
22500150,UTA,CHA,79.2,78.0,"('Cody Williams', 'Taylor Hendricks')",1.7833333333333332,2,3,2,2,2,0,0,1,0,2,1,3.0,2.88,0.0,0.0,0.0,0.0,0.0,0.0,0.0,0.0,5.88,8
22500150,UTA,CHA,79.2,78.0,"('Cody Williams', 'Walter Clayton Jr.')",1.7833333333333332,2,3,2,2,2,0,0,1,0,2,1,3.0,2.88,0.0,0.0,0.0,0.0,0.0,0.0,0.0,0.0,5.88,8
22500150,UTA,CHA,79.2,78.0,"('Kyle Anderson', 'Svi Mykhailiuk')",1.7833333333333332,2,3,2,2,2,0,0,1,0,2,1,3.0,2.88,0.0,0.0,0.0,0.0,0.0,0.0,0.0,0.0,5.88,8
22500150,UTA,CHA,79.2,78.0,"('Kyle Anderson', 'Taylor Hendricks')",1.7833333333333332,2,3,2,2,2,0,0,1,0,2,1,3.0,2.88,0.0,0.0,0.0,0.0,0.0,0.0,0.0,0.0,5.88,8
22500150,UTA,CHA,79.2,78.0,"('Kyle Anderson', 'Walter Clayton Jr.')",1.7833333333333332,2,3,2,2,2,0,0,1,0,2,1,3.0,2.88,0.0,0.0,0.0,0.0,0.0,0.0,0.0,0.0,5.88,8
22500150,UTA,CHA,79.2,78.0,"('Svi Mykhailiuk', 'Taylor Hendricks')",1.7833333333333332,2,3,2,2,2,0,0,1,0,2,1,3.0,2.88,0.0,0.0,0.0,0.0,0.0,0.0,0.0,0.0,5.88,8
22500150,UTA,CHA,79.2,78.0,"('Svi Mykhailiuk', 'Walter Clayton Jr.')",1.7833333333333332,2,3,2,2,2,0,0,1,0,2,1,3.0,2.88,0.0,0.0,0.0,0.0,0.0,0.0,0.0,0.0,5.88,8
22500150,UTA,CHA,79.2,78.0,"('Taylor Hendricks', 'Walter Clayton Jr.')",1.7833333333333332,2,3,2,2,2,0,0,1,0,2,1,3.0,2.88,0.0,0.0,0.0,0.0,0.0,0.0,0.0,0.0,5.88,8
22500150,UTA,CHA,80.0,78.0,"('Ace Bailey', 'Brice Sensabaugh')",3.083333333333333,3,8,7,4,2,2,2,1,0,2,3,6.76,7.32,0.0,0.0,2.0,4.0,0.0,0.0,0.0,4.0,14.08,8
22500150,UTA,CHA,80.0,78.0,"('Ace Bailey', 'Kevin Love')",3.083333333333333,3,8,7,4,2,2,2,1,0,2,3,6.76,7.32,0.0,0.0,2.0,4.0,0.0,0.0,0.0,4.0,14.08,8
22500150,UTA,CHA,80.0,78.0,"('Ace Bailey', 'Keyonte George')",3.083333333333333,3,8,7,4,2,2,2,1,0,2,3,6.76,7.32,0.0,0.0,2.0,4.0,0.0,0.0,0.0,4.0,14.08,8
22500150,UTA,CHA,80.0,78.0,"('Ace Bailey', 'Kyle Filipowski')",3.083333333333333,3,8,7,4,2,2,2,1,0,2,3,6.76,7.32,0.0,0.0,2.0,4.0,0.0,0.0,0.0,4.0,14.08,8
22500150,UTA,CHA,80.0,78.0,"('Brice Sensabaugh', 'Kevin Love')",3.083333333333333,3,8,7,4,2,2,2,1,0,2,3,6.76,7.32,0.0,0.0,2.0,4.0,0.0,0.0,0.0,4.0,14.08,8
22500150,UTA,CHA,80.0,78.0,"('Brice Sensabaugh', 'Keyonte George')",3.083333333333333,3,8,7,4,2,2,2,1,0,2,3,6.76,7.32,0.0,0.0,2.0,4.0,0.0,0.0,0.0,4.0,14.08,8
22500150,UTA,CHA,80.0,78.0,"('Brice Sensabaugh', 'Kyle Filipowski')",3.083333333333333,3,8,7,4,2,2,2,1,0,2,3,6.76,7.32,0.0,0.0,2.0,4.0,0.0,0.0,0.0,4.0,14.08,8
22500150,UTA,CHA,80.0,78.0,"('Kevin Love', 'Keyonte George')",3.083333333333333,3,8,7,4,2,2,2,1,0,2,3,6.76,7.32,0.0,0.0,2.0,4.0,0.0,0.0,0.0,4.0,14.08,8
22500150,UTA,CHA,80.0,78.0,"('Kevin Love', 'Kyle Filipowski')",3.083333333333333,3,8,7,4,2,2,2,1,0,2,3,6.76,7.32,0.0,0.0,2.0,4.0,0.0,0.0,0.0,4.0,14.08,8
22500150,UTA,CHA,80.0,78.0,"('Keyonte George', 'Kyle Filipowski')",3.083333333333333,3,8,7,4,2,2,2,1,0,2,3,6.76,7.32,0.0,0.0,2.0,4.0,0.0,0.0,0.0,4.0,14.08,8
22500150,UTA,CHA,80.0,77.8,"('Ace Bailey', 'Brice Sensabaugh')",1.02,3,7,1,0,0,1,0,0,2,1,2,4.2,3.44,2.0,2.0,0.0,2.0,0.0,0.0,0.0,0.0,7.640000000000001,8
22500150,UTA,CHA,80.0,77.8,"('Ace Bailey', 'Kevin Love')",1.02,3,7,1,0,0,1,0,0,2,1,2,4.2,3.44,2.0,2.0,0.0,2.0,0.0,0.0,0.0,0.0,7.640000000000001,8
22500150,UTA,CHA,80.0,77.8,"('Ace Bailey', 'Kyle Filipowski')",1.02,3,7,1,0,0,1,0,0,2,1,2,4.2,3.44,2.0,2.0,0.0,2.0,0.0,0.0,0.0,0.0,7.640000000000001,8
22500150,UTA,CHA,80.0,77.8,"('Ace Bailey', 'Walter Clayton Jr.')",1.02,3,7,1,0,0,1,0,0,2,1,2,4.2,3.44,2.0,2.0,0.0,2.0,0.0,0.0,0.0,0.0,7.640000000000001,8
22500150,UTA,CHA,80.0,77.8,"('Brice Sensabaugh', 'Kevin Love')",1.02,3,7,1,0,0,1,0,0,2,1,2,4.2,3.44,2.0,2.0,0.0,2.0,0.0,0.0,0.0,0.0,7.640000000000001,8
22500150,UTA,CHA,80.0,77.8,"('Brice Sensabaugh', 'Kyle Filipowski')",1.02,3,7,1,0,0,1,0,0,2,1,2,4.2,3.44,2.0,2.0,0.0,2.0,0.0,0.0,0.0,0.0,7.640000000000001,8
22500150,UTA,CHA,80.0,77.8,"('Brice Sensabaugh', 'Walter Clayton Jr.')",1.02,3,7,1,0,0,1,0,0,2,1,2,4.2,3.44,2.0,2.0,0.0,2.0,0.0,0.0,0.0,0.0,7.640000000000001,8
22500150,UTA,CHA,80.0,77.8,"('Kevin Love', 'Kyle Filipowski')",1.02,3,7,1,0,0,1,0,0,2,1,2,4.2,3.44,2.0,2.0,0.0,2.0,0.0,0.0,0.0,0.0,7.640000000000001,8
22500150,UTA,CHA,80.0,77.8,"('Kevin Love', 'Walter Clayton Jr.')",1.02,3,7,1,0,0,1,0,0,2,1,2,4.2,3.44,2.0,2.0,0.0,2.0,0.0,0.0,0.0,0.0,7.640000000000001,8
22500150,UTA,CHA,80.0,77.8,"('Kyle Filipowski', 'Walter Clayton Jr.')",1.02,3,7,1,0,0,1,0,0,2,1,2,4.2,3.44,2.0,2.0,0.0,2.0,0.0,0.0,0.0,0.0,7.640000000000001,8
22500150,UTA,CHA,80.4,79.4,"('Ace Bailey', 'Jusuf Nurkić')",1.2833333333333332,1,0,3,0,2,0,0,0,1,0,0,3.0,3.44,0.0,0.0,0.0,0.0,0.0,0.0,2.0,2.0,6.44,8
22500150,UTA,CHA,80.4,79.4,"('Ace Bailey', 'Keyonte George')",1.2833333333333332,1,0,3,0,2,0,0,0,1,0,0,3.0,3.44,0.0,0.0,0.0,0.0,0.0,0.0,2.0,2.0,6.44,8
22500150,UTA,CHA,80.4,79.4,"('Ace Bailey', 'Kyle Filipowski')",1.2833333333333332,1,0,3,0,2,0,0,0,1,0,0,3.0,3.44,0.0,0.0,0.0,0.0,0.0,0.0,2.0,2.0,6.44,8
22500150,UTA,CHA,80.4,79.4,"('Ace Bailey', 'Svi Mykhailiuk')",1.2833333333333332,1,0,3,0,2,0,0,0,1,0,0,3.0,3.44,0.0,0.0,0.0,0.0,0.0,0.0,2.0,2.0,6.44,8
22500150,UTA,CHA,80.4,79.4,"('Jusuf Nurkić', 'Keyonte George')",1.2833333333333332,1,0,3,0,2,0,0,0,1,0,0,3.0,3.44,0.0,0.0,0.0,0.0,0.0,0.0,2.0,2.0,6.44,8
22500150,UTA,CHA,80.4,79.4,"('Jusuf Nurkić', 'Kyle Filipowski')",1.2833333333333332,1,0,3,0,2,0,0,0,1,0,0,3.0,3.44,0.0,0.0,0.0,0.0,0.0,0.0,2.0,2.0,6.44,8
22500150,UTA,CHA,80.4,79.4,"('Jusuf Nurkić', 'Svi Mykhailiuk')",1.2833333333333332,1,0,3,0,2,0,0,0,1,0,0,3.0,3.44,0.0,0.0,0.0,0.0,0.0,0.0,2.0,2.0,6.44,8
22500150,UTA,CHA,80.4,79.4,"('Keyonte George', 'Kyle Filipowski')",1.2833333333333332,1,0,3,0,2,0,0,0,1,0,0,3.0,3.44,0.0,0.0,0.0,0.0,0.0,0.0,2.0,2.0,6.44,8
22500150,UTA,CHA,80.4,79.4,"('Keyonte George', 'Svi Mykhailiuk')",1.2833333333333332,1,0,3,0,2,0,0,0,1,0,0,3.0,3.44,0.0,0.0,0.0,0.0,0.0,0.0,2.0,2.0,6.44,8
22500150,UTA,CHA,80.4,79.4,"('Kyle Filipowski', 'Svi Mykhailiuk')",1.2833333333333332,1,0,3,0,2,0,0,0,1,0,0,3.0,3.44,0.0,0.0,0.0,0.0,0.0,0.0,2.0,2.0,6.44,8
22500150,UTA,CHA,80.4,78.0,"('Ace Bailey', 'Brice Sensabaugh')",3.9333333333333327,1,8,18,2,3,2,4,1,0,5,2,8.32,8.64,0.0,0.0,2.0,0.0,0.0,0.0,0.0,6.0,16.96,8
22500150,UTA,CHA,80.4,78.0,"('Ace Bailey', 'Kevin Love')",3.9333333333333327,1,8,18,2,3,2,4,1,0,5,2,8.32,8.64,0.0,0.0,2.0,0.0,0.0,0.0,0.0,6.0,16.96,8
22500150,UTA,CHA,80.4,78.0,"('Ace Bailey', 'Lauri Markkanen')",3.9333333333333327,1,8,18,2,3,2,4,1,0,5,2,8.32,8.64,0.0,0.0,2.0,0.0,0.0,0.0,0.0,6.0,16.96,8
22500150,UTA,CHA,80.4,78.0,"('Ace Bailey', 'Walter Clayton Jr.')",3.9333333333333327,1,8,18,2,3,2,4,1,0,5,2,8.32,8.64,0.0,0.0,2.0,0.0,0.0,0.0,0.0,6.0,16.96,8
22500150,UTA,CHA,80.4,78.0,"('Brice Sensabaugh', 'Kevin Love')",3.9333333333333327,1,8,18,2,3,2,4,1,0,5,2,8.32,8.64,0.0,0.0,2.0,0.0,0.0,0.0,0.0,6.0,16.96,8
22500150,UTA,CHA,80.4,78.0,"('Brice Sensabaugh', 'Lauri Markkanen')",3.9333333333333327,1,8,18,2,3,2,4,1,0,5,2,8.32,8.64,0.0,0.0,2.0,0.0,0.0,0.0,0.0,6.0,16.96,8
22500150,UTA,CHA,80.4,78.0,"('Brice Sensabaugh', 'Walter Clayton Jr.')",3.9333333333333327,1,8,18,2,3,2,4,1,0,5,2,8.32,8.64,0.0,0.0,2.0,0.0,0.0,0.0,0.0,6.0,16.96,8
22500150,UTA,CHA,80.4,78.0,"('Kevin Love', 'Lauri Markkanen')",3.9333333333333327,1,8,18,2,3,2,4,1,0,5,2,8.32,8.64,0.0,0.0,2.0,0.0,0.0,0.0,0.0,6.0,16.96,8
22500150,UTA,CHA,80.4,78.0,"('Kevin Love', 'Walter Clayton Jr.')",3.9333333333333327,1,8,18,2,3,2,4,1,0,5,2,8.32,8.64,0.0,0.0,2.0,0.0,0.0,0.0,0.0,6.0,16.96,8
22500150,UTA,CHA,80.4,78.0,"('Lauri Markkanen', 'Walter Clayton Jr.')",3.9333333333333327,1,8,18,2,3,2,4,1,0,5,2,8.32,8.64,0.0,0.0,2.0,0.0,0.0,0.0,0.0,6.0,16.96,8
22500150,UTA,CHA,80.6,78.0,"('Kevin Love', 'Keyonte George')",3.0,3,14,10,3,2,4,3,0,0,0,1,5.88,5.0,2.0,0.0,3.0,6.0,0.0,0.0,2.0,4.0,10.88,8
22500150,UTA,CHA,80.6,78.0,"('Kevin Love', 'Lauri Markkanen')",3.0,3,14,10,3,2,4,3,0,0,0,1,5.88,5.0,2.0,0.0,3.0,6.0,0.0,0.0,2.0,4.0,10.88,8
22500150,UTA,CHA,80.6,78.0,"('Kevin Love', 'Svi Mykhailiuk')",3.0,3,14,10,3,2,4,3,0,0,0,1,5.88,5.0,2.0,0.0,3.0,6.0,0.0,0.0,2.0,4.0,10.88,8
22500150,UTA,CHA,80.6,78.0,"('Kevin Love', 'Taylor Hendricks')",3.0,3,14,10,3,2,4,3,0,0,0,1,5.88,5.0,2.0,0.0,3.0,6.0,0.0,0.0,2.0,4.0,10.88,8
22500150,UTA,CHA,80.6,78.0,"('Keyonte George', 'Lauri Markkanen')",3.0,3,14,10,3,2,4,3,0,0,0,1,5.88,5.0,2.0,0.0,3.0,6.0,0.0,0.0,2.0,4.0,10.88,8
22500150,UTA,CHA,80.6,78.0,"('Keyonte George', 'Svi Mykhailiuk')",3.0,3,14,10,3,2,4,3,0,0,0,1,5.88,5.0,2.0,0.0,3.0,6.0,0.0,0.0,2.0,4.0,10.88,8
22500150,UTA,CHA,80.6,78.0,"('Keyonte George', 'Taylor Hendricks')",3.0,3,14,10,3,2,4,3,0,0,0,1,5.88,5.0,2.0,0.0,3.0,6.0,0.0,0.0,2.0,4.0,10.88,8
22500150,UTA,CHA,80.6,78.0,"('Lauri Markkanen', 'Svi Mykhailiuk')",3.0,3,14,10,3,2,4,3,0,0,0,1,5.88,5.0,2.0,0.0,3.0,6.0,0.0,0.0,2.0,4.0,10.88,8
22500150,UTA,CHA,80.6,78.0,"('Lauri Markkanen', 'Taylor Hendricks')",3.0,3,14,10,3,2,4,3,0,0,0,1,5.88,5.0,2.0,0.0,3.0,6.0,0.0,0.0,2.0,4.0,10.88,8
22500150,UTA,CHA,80.6,78.0,"('Svi Mykhailiuk', 'Taylor Hendricks')",3.0,3,14,10,3,2,4,3,0,0,0,1,5.88,5.0,2.0,0.0,3.0,6.0,0.0,0.0,2.0,4.0,10.88,8
22500150,UTA,CHA,80.8,78.8,"('Jusuf Nurkić', 'Keyonte George')",4.149999999999999,3,7,12,3,3,1,4,1,0,3,3,7.88,8.88,0.0,0.0,0.0,2.0,0.0,0.0,0.0,10.0,16.76,8
22500150,UTA,CHA,80.8,78.8,"('Jusuf Nurkić', 'Lauri Markkanen')",4.149999999999999,3,7,12,3,3,1,4,1,0,3,3,7.88,8.88,0.0,0.0,0.0,2.0,0.0,0.0,0.0,10.0,16.76,8
22500150,UTA,CHA,80.8,78.8,"('Jusuf Nurkić', 'Svi Mykhailiuk')",4.149999999999999,3,7,12,3,3,1,4,1,0,3,3,7.88,8.88,0.0,0.0,0.0,2.0,0.0,0.0,0.0,10.0,16.76,8
22500150,UTA,CHA,80.8,78.8,"('Jusuf Nurkić', 'Taylor Hendricks')",4.149999999999999,3,7,12,3,3,1,4,1,0,3,3,7.88,8.88,0.0,0.0,0.0,2.0,0.0,0.0,0.0,10.0,16.76,8
22500150,UTA,CHA,80.8,78.8,"('Keyonte George', 'Lauri Markkanen')",4.149999999999999,3,7,12,3,3,1,4,1,0,3,3,7.88,8.88,0.0,0.0,0.0,2.0,0.0,0.0,0.0,10.0,16.76,8
22500150,UTA,CHA,80.8,78.8,"('Keyonte George', 'Svi Mykhailiuk')",4.149999999999999,3,7,12,3,3,1,4,1,0,3,3,7.88,8.88,0.0,0.0,0.0,2.0,0.0,0.0,0.0,10.0,16.76,8
22500150,UTA,CHA,80.8,78.8,"('Keyonte George', 'Taylor Hendricks')",4.149999999999999,3,7,12,3,3,1,4,1,0,3,3,7.88,8.88,0.0,0.0,0.0,2.0,0.0,0.0,0.0,10.0,16.76,8
22500150,UTA,CHA,80.8,78.8,"('Lauri Markkanen', 'Svi Mykhailiuk')",4.149999999999999,3,7,12,3,3,1,4,1,0,3,3,7.88,8.88,0.0,0.0,0.0,2.0,0.0,0.0,0.0,10.0,16.76,8
22500150,UTA,CHA,80.8,78.8,"('Lauri Markkanen', 'Taylor Hendricks')",4.149999999999999,3,7,12,3,3,1,4,1,0,3,3,7.88,8.88,0.0,0.0,0.0,2.0,0.0,0.0,0.0,10.0,16.76,8
22500150,UTA,CHA,80.8,78.8,"('Svi Mykhailiuk', 'Taylor Hendricks')",4.149999999999999,3,7,12,3,3,1,4,1,0,3,3,7.88,8.88,0.0,0.0,0.0,2.0,0.0,0.0,0.0,10.0,16.76,8
22500150,UTA,CHA,80.8,78.8,"('Jusuf Nurkić', 'Keyonte George')",3.35,4,6,9,4,1,1,4,1,1,1,1,6.88,8.0,2.0,2.0,2.0,4.0,2.0,2.0,2.0,6.0,14.88,8
22500150,UTA,CHA,80.8,78.8,"('Jusuf Nurkić', 'Lauri Markkanen')",3.35,4,6,9,4,1,1,4,1,1,1,1,6.88,8.0,2.0,2.0,2.0,4.0,2.0,2.0,2.0,6.0,14.88,8
22500150,UTA,CHA,80.8,78.8,"('Jusuf Nurkić', 'Svi Mykhailiuk')",3.35,4,6,9,4,1,1,4,1,1,1,1,6.88,8.0,2.0,2.0,2.0,4.0,2.0,2.0,2.0,6.0,14.88,8
22500150,UTA,CHA,80.8,78.8,"('Jusuf Nurkić', 'Taylor Hendricks')",3.35,4,6,9,4,1,1,4,1,1,1,1,6.88,8.0,2.0,2.0,2.0,4.0,2.0,2.0,2.0,6.0,14.88,8
22500150,UTA,CHA,80.8,78.8,"('Keyonte George', 'Lauri Markkanen')",3.35,4,6,9,4,1,1,4,1,1,1,1,6.88,8.0,2.0,2.0,2.0,4.0,2.0,2.0,2.0,6.0,14.88,8
22500150,UTA,CHA,80.8,78.8,"('Keyonte George', 'Svi Mykhailiuk')",3.35,4,6,9,4,1,1,4,1,1,1,1,6.88,8.0,2.0,2.0,2.0,4.0,2.0,2.0,2.0,6.0,14.88,8
22500150,UTA,CHA,80.8,78.8,"('Keyonte George', 'Taylor Hendricks')",3.35,4,6,9,4,1,1,4,1,1,1,1,6.88,8.0,2.0,2.0,2.0,4.0,2.0,2.0,2.0,6.0,14.88,8
22500150,UTA,CHA,80.8,78.8,"('Lauri Markkanen', 'Svi Mykhailiuk')",3.35,4,6,9,4,1,1,4,1,1,1,1,6.88,8.0,2.0,2.0,2.0,4.0,2.0,2.0,2.0,6.0,14.88,8
22500150,UTA,CHA,80.8,78.8,"('Lauri Markkanen', 'Taylor Hendricks')",3.35,4,6,9,4,1,1,4,1,1,1,1,6.88,8.0,2.0,2.0,2.0,4.0,2.0,2.0,2.0,6.0,14.88,8
22500150,UTA,CHA,80.8,78.8,"('Svi Mykhailiuk', 'Taylor Hendricks')",3.35,4,6,9,4,1,1,4,1,1,1,1,6.88,8.0,2.0,2.0,2.0,4.0,2.0,2.0,2.0,6.0,14.88,8
22500150,UTA,CHA,81.2,78.4,"('Jusuf Nurkić', 'Kyle Filipowski')",2.4666666666666672,4,2,3,3,3,1,1,1,0,3,0,6.0,4.0,0.0,0.0,0.0,2.0,0.0,0.0,0.0,0.0,10.0,8
22500150,UTA,CHA,81.2,78.4,"('Jusuf Nurkić', 'Lauri Markkanen')",2.4666666666666672,4,2,3,3,3,1,1,1,0,3,0,6.0,4.0,0.0,0.0,0.0,2.0,0.0,0.0,0.0,0.0,10.0,8
22500150,UTA,CHA,81.2,78.4,"('Jusuf Nurkić', 'Svi Mykhailiuk')",2.4666666666666672,4,2,3,3,3,1,1,1,0,3,0,6.0,4.0,0.0,0.0,0.0,2.0,0.0,0.0,0.0,0.0,10.0,8
22500150,UTA,CHA,81.2,78.4,"('Jusuf Nurkić', 'Walter Clayton Jr.')",2.4666666666666672,4,2,3,3,3,1,1,1,0,3,0,6.0,4.0,0.0,0.0,0.0,2.0,0.0,0.0,0.0,0.0,10.0,8
22500150,UTA,CHA,81.2,78.4,"('Kyle Filipowski', 'Lauri Markkanen')",2.4666666666666672,4,2,3,3,3,1,1,1,0,3,0,6.0,4.0,0.0,0.0,0.0,2.0,0.0,0.0,0.0,0.0,10.0,8
22500150,UTA,CHA,81.2,78.4,"('Kyle Filipowski', 'Svi Mykhailiuk')",2.4666666666666672,4,2,3,3,3,1,1,1,0,3,0,6.0,4.0,0.0,0.0,0.0,2.0,0.0,0.0,0.0,0.0,10.0,8
22500150,UTA,CHA,81.2,78.4,"('Kyle Filipowski', 'Walter Clayton Jr.')",2.4666666666666672,4,2,3,3,3,1,1,1,0,3,0,6.0,4.0,0.0,0.0,0.0,2.0,0.0,0.0,0.0,0.0,10.0,8
22500150,UTA,CHA,81.2,78.4,"('Lauri Markkanen', 'Svi Mykhailiuk')",2.4666666666666672,4,2,3,3,3,1,1,1,0,3,0,6.0,4.0,0.0,0.0,0.0,2.0,0.0,0.0,0.0,0.0,10.0,8
22500150,UTA,CHA,81.2,78.4,"('Lauri Markkanen', 'Walter Clayton Jr.')",2.4666666666666672,4,2,3,3,3,1,1,1,0,3,0,6.0,4.0,0.0,0.0,0.0,2.0,0.0,0.0,0.0,0.0,10.0,8
22500150,UTA,CHA,81.2,78.4,"('Svi Mykhailiuk', 'Walter Clayton Jr.')",2.4666666666666672,4,2,3,3,3,1,1,1,0,3,0,6.0,4.0,0.0,0.0,0.0,2.0,0.0,0.0,0.0,0.0,10.0,8
22500150,UTA,CHA,80.0,78.2,"('Ace Bailey', 'Cody Williams')",4.378333333333334,4,9,8,2,4,3,2,0,3,1,3,9.44,9.0,2.0,6.0,0.0,8.0,0.0,0.0,0.0,2.0,18.44,8
22500150,UTA,CHA,80.0,78.2,"('Ace Bailey', 'Kyle Anderson')",4.378333333333334,4,9,8,2,4,3,2,0,3,1,3,9.44,9.0,2.0,6.0,0.0,8.0,0.0,0.0,0.0,2.0,18.44,8
22500150,UTA,CHA,80.0,78.2,"('Ace Bailey', 'Kyle Filipowski')",4.378333333333334,4,9,8,2,4,3,2,0,3,1,3,9.44,9.0,2.0,6.0,0.0,8.0,0.0,0.0,0.0,2.0,18.44,8
22500150,UTA,CHA,80.0,78.2,"('Ace Bailey', 'Walter Clayton Jr.')",4.378333333333334,4,9,8,2,4,3,2,0,3,1,3,9.44,9.0,2.0,6.0,0.0,8.0,0.0,0.0,0.0,2.0,18.44,8
22500150,UTA,CHA,80.0,78.2,"('Cody Williams', 'Kyle Anderson')",4.378333333333334,4,9,8,2,4,3,2,0,3,1,3,9.44,9.0,2.0,6.0,0.0,8.0,0.0,0.0,0.0,2.0,18.44,8
22500150,UTA,CHA,80.0,78.2,"('Cody Williams', 'Kyle Filipowski')",4.378333333333334,4,9,8,2,4,3,2,0,3,1,3,9.44,9.0,2.0,6.0,0.0,8.0,0.0,0.0,0.0,2.0,18.44,8
22500150,UTA,CHA,80.0,78.2,"('Cody Williams', 'Walter Clayton Jr.')",4.378333333333334,4,9,8,2,4,3,2,0,3,1,3,9.44,9.0,2.0,6.0,0.0,8.0,0.0,0.0,0.0,2.0,18.44,8
22500150,UTA,CHA,80.0,78.2,"('Kyle Anderson', 'Kyle Filipowski')",4.378333333333334,4,9,8,2,4,3,2,0,3,1,3,9.44,9.0,2.0,6.0,0.0,8.0,0.0,0.0,0.0,2.0,18.44,8
22500150,UTA,CHA,80.0,78.2,"('Kyle Anderson', 'Walter Clayton Jr.')",4.378333333333334,4,9,8,2,4,3,2,0,3,1,3,9.44,9.0,2.0,6.0,0.0,8.0,0.0,0.0,0.0,2.0,18.44,8
22500150,UTA,CHA,80.0,78.2,"('Kyle Filipowski', 'Walter Clayton Jr.')",4.378333333333334,4,9,8,2,4,3,2,0,3,1,3,9.44,9.0,2.0,6.0,0.0,8.0,0.0,0.0,0.0,2.0,18.44,8
22500150,UTA,CHA,79.6,78.2,"('Ace Bailey', 'Kevin Love')",1.5666666666666669,1,4,6,1,1,2,1,0,0,2,0,3.0,3.3200000000000003,0.0,0.0,0.0,4.0,0.0,0.0,0.0,0.0,6.32,8
22500150,UTA,CHA,79.6,78.2,"('Ace Bailey', 'Keyonte George')",1.5666666666666669,1,4,6,1,1,2,1,0,0,2,0,3.0,3.3200000000000003,0.0,0.0,0.0,4.0,0.0,0.0,0.0,0.0,6.32,8
22500150,UTA,CHA,79.6,78.2,"('Ace Bailey', 'Kyle Filipowski')",1.5666666666666669,1,4,6,1,1,2,1,0,0,2,0,3.0,3.3200000000000003,0.0,0.0,0.0,4.0,0.0,0.0,0.0,0.0,6.32,8
22500150,UTA,CHA,79.6,78.2,"('Ace Bailey', 'Walter Clayton Jr.')",1.5666666666666669,1,4,6,1,1,2,1,0,0,2,0,3.0,3.3200000000000003,0.0,0.0,0.0,4.0,0.0,0.0,0.0,0.0,6.32,8
22500150,UTA,CHA,79.6,78.2,"('Kevin Love', 'Keyonte George')",1.5666666666666669,1,4,6,1,1,2,1,0,0,2,0,3.0,3.3200000000000003,0.0,0.0,0.0,4.0,0.0,0.0,0.0,0.0,6.32,8
22500150,UTA,CHA,79.6,78.2,"('Kevin Love', 'Kyle Filipowski')",1.5666666666666669,1,4,6,1,1,2,1,0,0,2,0,3.0,3.3200000000000003,0.0,0.0,0.0,4.0,0.0,0.0,0.0,0.0,6.32,8
22500150,UTA,CHA,79.6,78.2,"('Kevin Love', 'Walter Clayton Jr.')",1.5666666666666669,1,4,6,1,1,2,1,0,0,2,0,3.0,3.3200000000000003,0.0,0.0,0.0,4.0,0.0,0.0,0.0,0.0,6.32,8
22500150,UTA,CHA,79.6,78.2,"('Keyonte George', 'Kyle Filipowski')",1.5666666666666669,1,4,6,1,1,2,1,0,0,2,0,3.0,3.3200000000000003,0.0,0.0,0.0,4.0,0.0,0.0,0.0,0.0,6.32,8
22500150,UTA,CHA,79.6,78.2,"('Keyonte George', 'Walter Clayton Jr.')",1.5666666666666669,1,4,6,1,1,2,1,0,0,2,0,3.0,3.3200000000000003,0.0,0.0,0.0,4.0,0.0,0.0,0.0,0.0,6.32,8
22500150,UTA,CHA,79.6,78.2,"('Kyle Filipowski', 'Walter Clayton Jr.')",1.5666666666666669,1,4,6,1,1,2,1,0,0,2,0,3.0,3.3200000000000003,0.0,0.0,0.0,4.0,0.0,0.0,0.0,0.0,6.32,8
22500150,UTA,CHA,80.8,78.8,"('Jusuf Nurkić', 'Keyonte George')",5.2,1,13,12,8,5,4,3,1,2,1,3,13.0,12.0,0.0,2.0,4.0,10.0,0.0,3.0,0.0,0.0,25.0,8
22500150,UTA,CHA,80.8,78.8,"('Jusuf Nurkić', 'Lauri Markkanen')",5.2,1,13,12,8,5,4,3,1,2,1,3,13.0,12.0,0.0,2.0,4.0,10.0,0.0,3.0,0.0,0.0,25.0,8
22500150,UTA,CHA,80.8,78.8,"('Jusuf Nurkić', 'Svi Mykhailiuk')",5.2,1,13,12,8,5,4,3,1,2,1,3,13.0,12.0,0.0,2.0,4.0,10.0,0.0,3.0,0.0,0.0,25.0,8
22500150,UTA,CHA,80.8,78.8,"('Jusuf Nurkić', 'Taylor Hendricks')",5.2,1,13,12,8,5,4,3,1,2,1,3,13.0,12.0,0.0,2.0,4.0,10.0,0.0,3.0,0.0,0.0,25.0,8
22500150,UTA,CHA,80.8,78.8,"('Keyonte George', 'Lauri Markkanen')",5.2,1,13,12,8,5,4,3,1,2,1,3,13.0,12.0,0.0,2.0,4.0,10.0,0.0,3.0,0.0,0.0,25.0,8
22500150,UTA,CHA,80.8,78.8,"('Keyonte George', 'Svi Mykhailiuk')",5.2,1,13,12,8,5,4,3,1,2,1,3,13.0,12.0,0.0,2.0,4.0,10.0,0.0,3.0,0.0,0.0,25.0,8
22500150,UTA,CHA,80.8,78.8,"('Keyonte George', 'Taylor Hendricks')",5.2,1,13,12,8,5,4,3,1,2,1,3,13.0,12.0,0.0,2.0,4.0,10.0,0.0,3.0,0.0,0.0,25.0,8
22500150,UTA,CHA,80.8,78.8,"('Lauri Markkanen', 'Svi Mykhailiuk')",5.2,1,13,12,8,5,4,3,1,2,1,3,13.0,12.0,0.0,2.0,4.0,10.0,0.0,3.0,0.0,0.0,25.0,8
22500150,UTA,CHA,80.8,78.8,"('Lauri Markkanen', 'Taylor Hendricks')",5.2,1,13,12,8,5,4,3,1,2,1,3,13.0,12.0,0.0,2.0,4.0,10.0,0.0,3.0,0.0,0.0,25.0,8
22500150,UTA,CHA,80.8,78.8,"('Svi Mykhailiuk', 'Taylor Hendricks')",5.2,1,13,12,8,5,4,3,1,2,1,3,13.0,12.0,0.0,2.0,4.0,10.0,0.0,3.0,0.0,0.0,25.0,8
22500150,UTA,CHA,80.4,79.4,"('Ace Bailey', 'Jusuf Nurkić')",1.2333333333333334,2,0,7,0,2,0,2,0,1,0,0,2.0,3.44,0.0,0.0,0.0,0.0,0.0,0.0,0.0,0.0,5.44,8
22500150,UTA,CHA,80.4,79.4,"('Ace Bailey', 'Keyonte George')",1.2333333333333334,2,0,7,0,2,0,2,0,1,0,0,2.0,3.44,0.0,0.0,0.0,0.0,0.0,0.0,0.0,0.0,5.44,8
22500150,UTA,CHA,80.4,79.4,"('Ace Bailey', 'Kyle Filipowski')",1.2333333333333334,2,0,7,0,2,0,2,0,1,0,0,2.0,3.44,0.0,0.0,0.0,0.0,0.0,0.0,0.0,0.0,5.44,8
22500150,UTA,CHA,80.4,79.4,"('Ace Bailey', 'Svi Mykhailiuk')",1.2333333333333334,2,0,7,0,2,0,2,0,1,0,0,2.0,3.44,0.0,0.0,0.0,0.0,0.0,0.0,0.0,0.0,5.44,8
22500150,UTA,CHA,80.4,79.4,"('Jusuf Nurkić', 'Keyonte George')",1.2333333333333334,2,0,7,0,2,0,2,0,1,0,0,2.0,3.44,0.0,0.0,0.0,0.0,0.0,0.0,0.0,0.0,5.44,8
22500150,UTA,CHA,80.4,79.4,"('Jusuf Nurkić', 'Kyle Filipowski')",1.2333333333333334,2,0,7,0,2,0,2,0,1,0,0,2.0,3.44,0.0,0.0,0.0,0.0,0.0,0.0,0.0,0.0,5.44,8
22500150,UTA,CHA,80.4,79.4,"('Jusuf Nurkić', 'Svi Mykhailiuk')",1.2333333333333334,2,0,7,0,2,0,2,0,1,0,0,2.0,3.44,0.0,0.0,0.0,0.0,0.0,0.0,0.0,0.0,5.44,8
22500150,UTA,CHA,80.4,79.4,"('Keyonte George', 'Kyle Filipowski')",1.2333333333333334,2,0,7,0,2,0,2,0,1,0,0,2.0,3.44,0.0,0.0,0.0,0.0,0.0,0.0,0.0,0.0,5.44,8
22500150,UTA,CHA,80.4,79.4,"('Keyonte George', 'Svi Mykhailiuk')",1.2333333333333334,2,0,7,0,2,0,2,0,1,0,0,2.0,3.44,0.0,0.0,0.0,0.0,0.0,0.0,0.0,0.0,5.44,8
22500150,UTA,CHA,80.4,79.4,"('Kyle Filipowski', 'Svi Mykhailiuk')",1.2333333333333334,2,0,7,0,2,0,2,0,1,0,0,2.0,3.44,0.0,0.0,0.0,0.0,0.0,0.0,0.0,0.0,5.44,8
22500158,UTA,BOS,78.8,77.2,"('Elijah Harkless', 'Kevin Love')",2.4,4,7,10,0,1,2,3,0,0,1,1,3.88,4.0,0.0,2.0,0.0,2.0,0.0,0.0,0.0,4.0,7.88,9
22500158,UTA,BOS,78.8,77.2,"('Elijah Harkless', 'Keyonte George')",2.4,4,7,10,0,1,2,3,0,0,1,1,3.88,4.0,0.0,2.0,0.0,2.0,0.0,0.0,0.0,4.0,7.88,9
22500158,UTA,BOS,78.8,77.2,"('Elijah Harkless', 'Lauri Markkanen')",2.4,4,7,10,0,1,2,3,0,0,1,1,3.88,4.0,0.0,2.0,0.0,2.0,0.0,0.0,0.0,4.0,7.88,9
22500158,UTA,BOS,78.8,77.2,"('Elijah Harkless', 'Walter Clayton Jr.')",2.4,4,7,10,0,1,2,3,0,0,1,1,3.88,4.0,0.0,2.0,0.0,2.0,0.0,0.0,0.0,4.0,7.88,9
22500158,UTA,BOS,78.8,77.2,"('Kevin Love', 'Keyonte George')",2.4,4,7,10,0,1,2,3,0,0,1,1,3.88,4.0,0.0,2.0,0.0,2.0,0.0,0.0,0.0,4.0,7.88,9
22500158,UTA,BOS,78.8,77.2,"('Kevin Love', 'Lauri Markkanen')",2.4,4,7,10,0,1,2,3,0,0,1,1,3.88,4.0,0.0,2.0,0.0,2.0,0.0,0.0,0.0,4.0,7.88,9
22500158,UTA,BOS,78.8,77.2,"('Kevin Love', 'Walter Clayton Jr.')",2.4,4,7,10,0,1,2,3,0,0,1,1,3.88,4.0,0.0,2.0,0.0,2.0,0.0,0.0,0.0,4.0,7.88,9
22500158,UTA,BOS,78.8,77.2,"('Keyonte George', 'Lauri Markkanen')",2.4,4,7,10,0,1,2,3,0,0,1,1,3.88,4.0,0.0,2.0,0.0,2.0,0.0,0.0,0.0,4.0,7.88,9
22500158,UTA,BOS,78.8,77.2,"('Keyonte George', 'Walter Clayton Jr.')",2.4,4,7,10,0,1,2,3,0,0,1,1,3.88,4.0,0.0,2.0,0.0,2.0,0.0,0.0,0.0,4.0,7.88,9
22500158,UTA,BOS,78.8,77.2,"('Lauri Markkanen', 'Walter Clayton Jr.')",2.4,4,7,10,0,1,2,3,0,0,1,1,3.88,4.0,0.0,2.0,0.0,2.0,0.0,0.0,0.0,4.0,7.88,9
22500158,UTA,BOS,79.6,78.0,"('Elijah Harkless', 'Jusuf Nurkić')",3.116666666666667,4,2,7,4,3,1,1,4,0,3,2,8.0,7.32,0.0,0.0,0.0,2.0,4.0,2.0,0.0,4.0,15.32,9
22500158,UTA,BOS,79.6,78.0,"('Elijah Harkless', 'Keyonte George')",3.116666666666667,4,2,7,4,3,1,1,4,0,3,2,8.0,7.32,0.0,0.0,0.0,2.0,4.0,2.0,0.0,4.0,15.32,9
22500158,UTA,BOS,79.6,78.0,"('Elijah Harkless', 'Lauri Markkanen')",3.116666666666667,4,2,7,4,3,1,1,4,0,3,2,8.0,7.32,0.0,0.0,0.0,2.0,4.0,2.0,0.0,4.0,15.32,9
22500158,UTA,BOS,79.6,78.0,"('Elijah Harkless', 'Svi Mykhailiuk')",3.116666666666667,4,2,7,4,3,1,1,4,0,3,2,8.0,7.32,0.0,0.0,0.0,2.0,4.0,2.0,0.0,4.0,15.32,9
22500158,UTA,BOS,79.6,78.0,"('Jusuf Nurkić', 'Keyonte George')",3.116666666666667,4,2,7,4,3,1,1,4,0,3,2,8.0,7.32,0.0,0.0,0.0,2.0,4.0,2.0,0.0,4.0,15.32,9
22500158,UTA,BOS,79.6,78.0,"('Jusuf Nurkić', 'Lauri Markkanen')",3.116666666666667,4,2,7,4,3,1,1,4,0,3,2,8.0,7.32,0.0,0.0,0.0,2.0,4.0,2.0,0.0,4.0,15.32,9
22500158,UTA,BOS,79.6,78.0,"('Jusuf Nurkić', 'Svi Mykhailiuk')",3.116666666666667,4,2,7,4,3,1,1,4,0,3,2,8.0,7.32,0.0,0.0,0.0,2.0,4.0,2.0,0.0,4.0,15.32,9
22500158,UTA,BOS,79.6,78.0,"('Keyonte George', 'Lauri Markkanen')",3.116666666666667,4,2,7,4,3,1,1,4,0,3,2,8.0,7.32,0.0,0.0,0.0,2.0,4.0,2.0,0.0,4.0,15.32,9
22500158,UTA,BOS,79.6,78.0,"('Keyonte George', 'Svi Mykhailiuk')",3.116666666666667,4,2,7,4,3,1,1,4,0,3,2,8.0,7.32,0.0,0.0,0.0,2.0,4.0,2.0,0.0,4.0,15.32,9
22500158,UTA,BOS,79.6,78.0,"('Lauri Markkanen', 'Svi Mykhailiuk')",3.116666666666667,4,2,7,4,3,1,1,4,0,3,2,8.0,7.32,0.0,0.0,0.0,2.0,4.0,2.0,0.0,4.0,15.32,9
22500158,UTA,BOS,78.4,76.6,"('Elijah Harkless', 'Kevin Love')",0.3666666666666667,4,2,0,0,0,1,0,0,1,0,0,2.0,1.0,0.0,2.0,2.0,2.0,0.0,0.0,0.0,0.0,3.0,9
22500158,UTA,BOS,78.4,76.6,"('Elijah Harkless', 'Keyonte George')",0.3666666666666667,4,2,0,0,0,1,0,0,1,0,0,2.0,1.0,0.0,2.0,2.0,2.0,0.0,0.0,0.0,0.0,3.0,9
22500158,UTA,BOS,78.4,76.6,"('Elijah Harkless', 'Kyle Filipowski')",0.3666666666666667,4,2,0,0,0,1,0,0,1,0,0,2.0,1.0,0.0,2.0,2.0,2.0,0.0,0.0,0.0,0.0,3.0,9
22500158,UTA,BOS,78.4,76.6,"('Elijah Harkless', 'Walter Clayton Jr.')",0.3666666666666667,4,2,0,0,0,1,0,0,1,0,0,2.0,1.0,0.0,2.0,2.0,2.0,0.0,0.0,0.0,0.0,3.0,9
22500158,UTA,BOS,78.4,76.6,"('Kevin Love', 'Keyonte George')",0.3666666666666667,4,2,0,0,0,1,0,0,1,0,0,2.0,1.0,0.0,2.0,2.0,2.0,0.0,0.0,0.0,0.0,3.0,9
22500158,UTA,BOS,78.4,76.6,"('Kevin Love', 'Kyle Filipowski')",0.3666666666666667,4,2,0,0,0,1,0,0,1,0,0,2.0,1.0,0.0,2.0,2.0,2.0,0.0,0.0,0.0,0.0,3.0,9
22500158,UTA,BOS,78.4,76.6,"('Kevin Love', 'Walter Clayton Jr.')",0.3666666666666667,4,2,0,0,0,1,0,0,1,0,0,2.0,1.0,0.0,2.0,2.0,2.0,0.0,0.0,0.0,0.0,3.0,9
22500158,UTA,BOS,78.4,76.6,"('Keyonte George', 'Kyle Filipowski')",0.3666666666666667,4,2,0,0,0,1,0,0,1,0,0,2.0,1.0,0.0,2.0,2.0,2.0,0.0,0.0,0.0,0.0,3.0,9
22500158,UTA,BOS,78.4,76.6,"('Keyonte George', 'Walter Clayton Jr.')",0.3666666666666667,4,2,0,0,0,1,0,0,1,0,0,2.0,1.0,0.0,2.0,2.0,2.0,0.0,0.0,0.0,0.0,3.0,9
22500158,UTA,BOS,78.4,76.6,"('Kyle Filipowski', 'Walter Clayton Jr.')",0.3666666666666667,4,2,0,0,0,1,0,0,1,0,0,2.0,1.0,0.0,2.0,2.0,2.0,0.0,0.0,0.0,0.0,3.0,9
22500158,UTA,BOS,81.2,78.0,"('Jusuf Nurkić', 'Keyonte George')",0.4033333333333334,4,2,0,2,0,0,0,0,0,0,0,1.0,1.0,0.0,0.0,2.0,2.0,0.0,0.0,0.0,0.0,2.0,9
22500158,UTA,BOS,81.2,78.0,"('Jusuf Nurkić', 'Kyle Filipowski')",0.4033333333333334,4,2,0,2,0,0,0,0,0,0,0,1.0,1.0,0.0,0.0,2.0,2.0,0.0,0.0,0.0,0.0,2.0,9
22500158,UTA,BOS,81.2,78.0,"('Jusuf Nurkić', 'Lauri Markkanen')",0.4033333333333334,4,2,0,2,0,0,0,0,0,0,0,1.0,1.0,0.0,0.0,2.0,2.0,0.0,0.0,0.0,0.0,2.0,9
22500158,UTA,BOS,81.2,78.0,"('Jusuf Nurkić', 'Svi Mykhailiuk')",0.4033333333333334,4,2,0,2,0,0,0,0,0,0,0,1.0,1.0,0.0,0.0,2.0,2.0,0.0,0.0,0.0,0.0,2.0,9
22500158,UTA,BOS,81.2,78.0,"('Keyonte George', 'Kyle Filipowski')",0.4033333333333334,4,2,0,2,0,0,0,0,0,0,0,1.0,1.0,0.0,0.0,2.0,2.0,0.0,0.0,0.0,0.0,2.0,9
22500158,UTA,BOS,81.2,78.0,"('Keyonte George', 'Lauri Markkanen')",0.4033333333333334,4,2,0,2,0,0,0,0,0,0,0,1.0,1.0,0.0,0.0,2.0,2.0,0.0,0.0,0.0,0.0,2.0,9
22500158,UTA,BOS,81.2,78.0,"('Keyonte George', 'Svi Mykhailiuk')",0.4033333333333334,4,2,0,2,0,0,0,0,0,0,0,1.0,1.0,0.0,0.0,2.0,2.0,0.0,0.0,0.0,0.0,2.0,9
22500158,UTA,BOS,81.2,78.0,"('Kyle Filipowski', 'Lauri Markkanen')",0.4033333333333334,4,2,0,2,0,0,0,0,0,0,0,1.0,1.0,0.0,0.0,2.0,2.0,0.0,0.0,0.0,0.0,2.0,9
22500158,UTA,BOS,81.2,78.0,"('Kyle Filipowski', 'Svi Mykhailiuk')",0.4033333333333334,4,2,0,2,0,0,0,0,0,0,0,1.0,1.0,0.0,0.0,2.0,2.0,0.0,0.0,0.0,0.0,2.0,9
22500158,UTA,BOS,81.2,78.0,"('Lauri Markkanen', 'Svi Mykhailiuk')",0.4033333333333334,4,2,0,2,0,0,0,0,0,0,0,1.0,1.0,0.0,0.0,2.0,2.0,0.0,0.0,0.0,0.0,2.0,9
22500158,UTA,BOS,79.4,78.0,"('Ace Bailey', 'Elijah Harkless')",1.1833333333333331,1,0,1,2,1,0,0,2,0,2,0,3.0,3.44,0.0,0.0,0.0,0.0,0.0,0.0,0.0,0.0,6.44,9
22500158,UTA,BOS,79.4,78.0,"('Ace Bailey', 'Kevin Love')",1.1833333333333331,1,0,1,2,1,0,0,2,0,2,0,3.0,3.44,0.0,0.0,0.0,0.0,0.0,0.0,0.0,0.0,6.44,9
22500158,UTA,BOS,79.4,78.0,"('Ace Bailey', 'Keyonte George')",1.1833333333333331,1,0,1,2,1,0,0,2,0,2,0,3.0,3.44,0.0,0.0,0.0,0.0,0.0,0.0,0.0,0.0,6.44,9
22500158,UTA,BOS,79.4,78.0,"('Ace Bailey', 'Kyle Filipowski')",1.1833333333333331,1,0,1,2,1,0,0,2,0,2,0,3.0,3.44,0.0,0.0,0.0,0.0,0.0,0.0,0.0,0.0,6.44,9
22500158,UTA,BOS,79.4,78.0,"('Elijah Harkless', 'Kevin Love')",1.1833333333333331,1,0,1,2,1,0,0,2,0,2,0,3.0,3.44,0.0,0.0,0.0,0.0,0.0,0.0,0.0,0.0,6.44,9
22500158,UTA,BOS,79.4,78.0,"('Elijah Harkless', 'Keyonte George')",1.1833333333333331,1,0,1,2,1,0,0,2,0,2,0,3.0,3.44,0.0,0.0,0.0,0.0,0.0,0.0,0.0,0.0,6.44,9
22500158,UTA,BOS,79.4,78.0,"('Elijah Harkless', 'Kyle Filipowski')",1.1833333333333331,1,0,1,2,1,0,0,2,0,2,0,3.0,3.44,0.0,0.0,0.0,0.0,0.0,0.0,0.0,0.0,6.44,9
22500158,UTA,BOS,79.4,78.0,"('Kevin Love', 'Keyonte George')",1.1833333333333331,1,0,1,2,1,0,0,2,0,2,0,3.0,3.44,0.0,0.0,0.0,0.0,0.0,0.0,0.0,0.0,6.44,9
22500158,UTA,BOS,79.4,78.0,"('Kevin Love', 'Kyle Filipowski')",1.1833333333333331,1,0,1,2,1,0,0,2,0,2,0,3.0,3.44,0.0,0.0,0.0,0.0,0.0,0.0,0.0,0.0,6.44,9
22500158,UTA,BOS,79.4,78.0,"('Keyonte George', 'Kyle Filipowski')",1.1833333333333331,1,0,1,2,1,0,0,2,0,2,0,3.0,3.44,0.0,0.0,0.0,0.0,0.0,0.0,0.0,0.0,6.44,9
22500158,UTA,BOS,79.8,78.0,"('Ace Bailey', 'Elijah Harkless')",2.7,1,10,6,2,2,2,2,0,0,3,0,5.0,4.44,3.0,0.0,0.0,2.0,0.0,0.0,3.0,0.0,9.44,9
22500158,UTA,BOS,79.8,78.0,"('Ace Bailey', 'Kevin Love')",2.7,1,10,6,2,2,2,2,0,0,3,0,5.0,4.44,3.0,0.0,0.0,2.0,0.0,0.0,3.0,0.0,9.44,9
22500158,UTA,BOS,79.8,78.0,"('Ace Bailey', 'Keyonte George')",2.7,1,10,6,2,2,2,2,0,0,3,0,5.0,4.44,3.0,0.0,0.0,2.0,0.0,0.0,3.0,0.0,9.44,9
22500158,UTA,BOS,79.8,78.0,"('Ace Bailey', 'Lauri Markkanen')",2.7,1,10,6,2,2,2,2,0,0,3,0,5.0,4.44,3.0,0.0,0.0,2.0,0.0,0.0,3.0,0.0,9.44,9
22500158,UTA,BOS,79.8,78.0,"('Elijah Harkless', 'Kevin Love')",2.7,1,10,6,2,2,2,2,0,0,3,0,5.0,4.44,3.0,0.0,0.0,2.0,0.0,0.0,3.0,0.0,9.44,9
22500158,UTA,BOS,79.8,78.0,"('Elijah Harkless', 'Keyonte George')",2.7,1,10,6,2,2,2,2,0,0,3,0,5.0,4.44,3.0,0.0,0.0,2.0,0.0,0.0,3.0,0.0,9.44,9
22500158,UTA,BOS,79.8,78.0,"('Elijah Harkless', 'Lauri Markkanen')",2.7,1,10,6,2,2,2,2,0,0,3,0,5.0,4.44,3.0,0.0,0.0,2.0,0.0,0.0,3.0,0.0,9.44,9
22500158,UTA,BOS,79.8,78.0,"('Kevin Love', 'Keyonte George')",2.7,1,10,6,2,2,2,2,0,0,3,0,5.0,4.44,3.0,0.0,0.0,2.0,0.0,0.0,3.0,0.0,9.44,9
22500158,UTA,BOS,79.8,78.0,"('Kevin Love', 'Lauri Markkanen')",2.7,1,10,6,2,2,2,2,0,0,3,0,5.0,4.44,3.0,0.0,0.0,2.0,0.0,0.0,3.0,0.0,9.44,9
22500158,UTA,BOS,79.8,78.0,"('Keyonte George', 'Lauri Markkanen')",2.7,1,10,6,2,2,2,2,0,0,3,0,5.0,4.44,3.0,0.0,0.0,2.0,0.0,0.0,3.0,0.0,9.44,9
22500158,UTA,BOS,79.8,77.8,"('Ace Bailey', 'Elijah Harkless')",2.083333333333333,3,9,5,3,0,1,1,1,0,0,2,4.88,4.44,2.0,0.0,2.0,4.0,2.0,2.0,0.0,4.0,9.32,9
22500158,UTA,BOS,79.8,77.8,"('Ace Bailey', 'Kevin Love')",2.083333333333333,3,9,5,3,0,1,1,1,0,0,2,4.88,4.44,2.0,0.0,2.0,4.0,2.0,2.0,0.0,4.0,9.32,9
22500158,UTA,BOS,79.8,77.8,"('Ace Bailey', 'Keyonte George')",2.083333333333333,3,9,5,3,0,1,1,1,0,0,2,4.88,4.44,2.0,0.0,2.0,4.0,2.0,2.0,0.0,4.0,9.32,9
22500158,UTA,BOS,79.8,77.8,"('Ace Bailey', 'Lauri Markkanen')",2.083333333333333,3,9,5,3,0,1,1,1,0,0,2,4.88,4.44,2.0,0.0,2.0,4.0,2.0,2.0,0.0,4.0,9.32,9
22500158,UTA,BOS,79.8,77.8,"('Elijah Harkless', 'Kevin Love')",2.083333333333333,3,9,5,3,0,1,1,1,0,0,2,4.88,4.44,2.0,0.0,2.0,4.0,2.0,2.0,0.0,4.0,9.32,9
22500158,UTA,BOS,79.8,77.8,"('Elijah Harkless', 'Keyonte George')",2.083333333333333,3,9,5,3,0,1,1,1,0,0,2,4.88,4.44,2.0,0.0,2.0,4.0,2.0,2.0,0.0,4.0,9.32,9
22500158,UTA,BOS,79.8,77.8,"('Elijah Harkless', 'Lauri Markkanen')",2.083333333333333,3,9,5,3,0,1,1,1,0,0,2,4.88,4.44,2.0,0.0,2.0,4.0,2.0,2.0,0.0,4.0,9.32,9
22500158,UTA,BOS,79.8,77.8,"('Kevin Love', 'Keyonte George')",2.083333333333333,3,9,5,3,0,1,1,1,0,0,2,4.88,4.44,2.0,0.0,2.0,4.0,2.0,2.0,0.0,4.0,9.32,9
22500158,UTA,BOS,79.8,77.8,"('Kevin Love', 'Lauri Markkanen')",2.083333333333333,3,9,5,3,0,1,1,1,0,0,2,4.88,4.44,2.0,0.0,2.0,4.0,2.0,2.0,0.0,4.0,9.32,9
22500158,UTA,BOS,79.8,77.8,"('Keyonte George', 'Lauri Markkanen')",2.083333333333333,3,9,5,3,0,1,1,1,0,0,2,4.88,4.44,2.0,0.0,2.0,4.0,2.0,2.0,0.0,4.0,9.32,9
22500158,UTA,BOS,79.4,76.8,"('Ace Bailey', 'Elijah Harkless')",1.9833333333333327,3,6,6,2,0,0,0,2,0,3,0,4.44,5.88,0.0,0.0,0.0,2.0,2.0,2.0,0.0,4.0,10.32,9
22500158,UTA,BOS,79.4,76.8,"('Ace Bailey', 'Kevin Love')",1.9833333333333327,3,6,6,2,0,0,0,2,0,3,0,4.44,5.88,0.0,0.0,0.0,2.0,2.0,2.0,0.0,4.0,10.32,9
22500158,UTA,BOS,79.4,76.8,"('Ace Bailey', 'Keyonte George')",1.9833333333333327,3,6,6,2,0,0,0,2,0,3,0,4.44,5.88,0.0,0.0,0.0,2.0,2.0,2.0,0.0,4.0,10.32,9
22500158,UTA,BOS,79.4,76.8,"('Ace Bailey', 'Kyle Filipowski')",1.9833333333333327,3,6,6,2,0,0,0,2,0,3,0,4.44,5.88,0.0,0.0,0.0,2.0,2.0,2.0,0.0,4.0,10.32,9
22500158,UTA,BOS,79.4,76.8,"('Elijah Harkless', 'Kevin Love')",1.9833333333333327,3,6,6,2,0,0,0,2,0,3,0,4.44,5.88,0.0,0.0,0.0,2.0,2.0,2.0,0.0,4.0,10.32,9
22500158,UTA,BOS,79.4,76.8,"('Elijah Harkless', 'Keyonte George')",1.9833333333333327,3,6,6,2,0,0,0,2,0,3,0,4.44,5.88,0.0,0.0,0.0,2.0,2.0,2.0,0.0,4.0,10.32,9
22500158,UTA,BOS,79.4,76.8,"('Elijah Harkless', 'Kyle Filipowski')",1.9833333333333327,3,6,6,2,0,0,0,2,0,3,0,4.44,5.88,0.0,0.0,0.0,2.0,2.0,2.0,0.0,4.0,10.32,9
22500158,UTA,BOS,79.4,76.8,"('Kevin Love', 'Keyonte George')",1.9833333333333327,3,6,6,2,0,0,0,2,0,3,0,4.44,5.88,0.0,0.0,0.0,2.0,2.0,2.0,0.0,4.0,10.32,9
22500158,UTA,BOS,79.4,76.8,"('Kevin Love', 'Kyle Filipowski')",1.9833333333333327,3,6,6,2,0,0,0,2,0,3,0,4.44,5.88,0.0,0.0,0.0,2.0,2.0,2.0,0.0,4.0,10.32,9
22500158,UTA,BOS,79.4,76.8,"('Keyonte George', 'Kyle Filipowski')",1.9833333333333327,3,6,6,2,0,0,0,2,0,3,0,4.44,5.88,0.0,0.0,0.0,2.0,2.0,2.0,0.0,4.0,10.32,9
22500158,UTA,BOS,79.2,76.8,"('Elijah Harkless', 'Jusuf Nurkić')",1.4166666666666667,4,3,4,1,2,0,1,0,1,1,1,2.44,2.88,0.0,0.0,2.0,2.0,0.0,0.0,2.0,2.0,5.32,9
22500158,UTA,BOS,79.2,76.8,"('Elijah Harkless', 'Kyle Filipowski')",1.4166666666666667,4,3,4,1,2,0,1,0,1,1,1,2.44,2.88,0.0,0.0,2.0,2.0,0.0,0.0,2.0,2.0,5.32,9
22500158,UTA,BOS,79.2,76.8,"('Elijah Harkless', 'Svi Mykhailiuk')",1.4166666666666667,4,3,4,1,2,0,1,0,1,1,1,2.44,2.88,0.0,0.0,2.0,2.0,0.0,0.0,2.0,2.0,5.32,9
22500158,UTA,BOS,79.2,76.8,"('Elijah Harkless', 'Walter Clayton Jr.')",1.4166666666666667,4,3,4,1,2,0,1,0,1,1,1,2.44,2.88,0.0,0.0,2.0,2.0,0.0,0.0,2.0,2.0,5.32,9
22500158,UTA,BOS,79.2,76.8,"('Jusuf Nurkić', 'Kyle Filipowski')",1.4166666666666667,4,3,4,1,2,0,1,0,1,1,1,2.44,2.88,0.0,0.0,2.0,2.0,0.0,0.0,2.0,2.0,5.32,9
22500158,UTA,BOS,79.2,76.8,"('Jusuf Nurkić', 'Svi Mykhailiuk')",1.4166666666666667,4,3,4,1,2,0,1,0,1,1,1,2.44,2.88,0.0,0.0,2.0,2.0,0.0,0.0,2.0,2.0,5.32,9
22500158,UTA,BOS,79.2,76.8,"('Jusuf Nurkić', 'Walter Clayton Jr.')",1.4166666666666667,4,3,4,1,2,0,1,0,1,1,1,2.44,2.88,0.0,0.0,2.0,2.0,0.0,0.0,2.0,2.0,5.32,9
22500158,UTA,BOS,79.2,76.8,"('Kyle Filipowski', 'Svi Mykhailiuk')",1.4166666666666667,4,3,4,1,2,0,1,0,1,1,1,2.44,2.88,0.0,0.0,2.0,2.0,0.0,0.0,2.0,2.0,5.32,9
22500158,UTA,BOS,79.2,76.8,"('Kyle Filipowski', 'Walter Clayton Jr.')",1.4166666666666667,4,3,4,1,2,0,1,0,1,1,1,2.44,2.88,0.0,0.0,2.0,2.0,0.0,0.0,2.0,2.0,5.32,9
22500158,UTA,BOS,79.2,76.8,"('Svi Mykhailiuk', 'Walter Clayton Jr.')",1.4166666666666667,4,3,4,1,2,0,1,0,1,1,1,2.44,2.88,0.0,0.0,2.0,2.0,0.0,0.0,2.0,2.0,5.32,9
22500158,UTA,BOS,79.6,78.0,"('Elijah Harkless', 'Keyonte George')",0.105,3,1,0,1,0,0,0,0,0,0,0,0.44,1.0,0.0,0.0,0.0,0.0,0.0,0.0,0.0,0.0,1.44,9
22500158,UTA,BOS,79.6,78.0,"('Elijah Harkless', 'Kyle Filipowski')",0.105,3,1,0,1,0,0,0,0,0,0,0,0.44,1.0,0.0,0.0,0.0,0.0,0.0,0.0,0.0,0.0,1.44,9
22500158,UTA,BOS,79.6,78.0,"('Elijah Harkless', 'Lauri Markkanen')",0.105,3,1,0,1,0,0,0,0,0,0,0,0.44,1.0,0.0,0.0,0.0,0.0,0.0,0.0,0.0,0.0,1.44,9
22500158,UTA,BOS,79.6,78.0,"('Elijah Harkless', 'Svi Mykhailiuk')",0.105,3,1,0,1,0,0,0,0,0,0,0,0.44,1.0,0.0,0.0,0.0,0.0,0.0,0.0,0.0,0.0,1.44,9
22500158,UTA,BOS,79.6,78.0,"('Keyonte George', 'Kyle Filipowski')",0.105,3,1,0,1,0,0,0,0,0,0,0,0.44,1.0,0.0,0.0,0.0,0.0,0.0,0.0,0.0,0.0,1.44,9
22500158,UTA,BOS,79.6,78.0,"('Keyonte George', 'Lauri Markkanen')",0.105,3,1,0,1,0,0,0,0,0,0,0,0.44,1.0,0.0,0.0,0.0,0.0,0.0,0.0,0.0,0.0,1.44,9
22500158,UTA,BOS,79.6,78.0,"('Keyonte George', 'Svi Mykhailiuk')",0.105,3,1,0,1,0,0,0,0,0,0,0,0.44,1.0,0.0,0.0,0.0,0.0,0.0,0.0,0.0,0.0,1.44,9
22500158,UTA,BOS,79.6,78.0,"('Kyle Filipowski', 'Lauri Markkanen')",0.105,3,1,0,1,0,0,0,0,0,0,0,0.44,1.0,0.0,0.0,0.0,0.0,0.0,0.0,0.0,0.0,1.44,9
22500158,UTA,BOS,79.6,78.0,"('Kyle Filipowski', 'Svi Mykhailiuk')",0.105,3,1,0,1,0,0,0,0,0,0,0,0.44,1.0,0.0,0.0,0.0,0.0,0.0,0.0,0.0,0.0,1.44,9
22500158,UTA,BOS,79.6,78.0,"('Lauri Markkanen', 'Svi Mykhailiuk')",0.105,3,1,0,1,0,0,0,0,0,0,0,0.44,1.0,0.0,0.0,0.0,0.0,0.0,0.0,0.0,0.0,1.44,9
22500158,UTA,BOS,80.8,77.4,"('Jusuf Nurkić', 'Keyonte George')",4.083333333333333,3,13,8,4,1,3,2,2,2,2,3,9.2,11.0,2.0,2.0,0.0,8.0,0.0,0.0,0.0,6.0,20.2,9
22500158,UTA,BOS,80.8,77.4,"('Jusuf Nurkić', 'Lauri Markkanen')",4.083333333333333,3,13,8,4,1,3,2,2,2,2,3,9.2,11.0,2.0,2.0,0.0,8.0,0.0,0.0,0.0,6.0,20.2,9
22500158,UTA,BOS,80.8,77.4,"('Jusuf Nurkić', 'Svi Mykhailiuk')",4.083333333333333,3,13,8,4,1,3,2,2,2,2,3,9.2,11.0,2.0,2.0,0.0,8.0,0.0,0.0,0.0,6.0,20.2,9
22500158,UTA,BOS,80.8,77.4,"('Jusuf Nurkić', 'Taylor Hendricks')",4.083333333333333,3,13,8,4,1,3,2,2,2,2,3,9.2,11.0,2.0,2.0,0.0,8.0,0.0,0.0,0.0,6.0,20.2,9
22500158,UTA,BOS,80.8,77.4,"('Keyonte George', 'Lauri Markkanen')",4.083333333333333,3,13,8,4,1,3,2,2,2,2,3,9.2,11.0,2.0,2.0,0.0,8.0,0.0,0.0,0.0,6.0,20.2,9
22500158,UTA,BOS,80.8,77.4,"('Keyonte George', 'Svi Mykhailiuk')",4.083333333333333,3,13,8,4,1,3,2,2,2,2,3,9.2,11.0,2.0,2.0,0.0,8.0,0.0,0.0,0.0,6.0,20.2,9
22500158,UTA,BOS,80.8,77.4,"('Keyonte George', 'Taylor Hendricks')",4.083333333333333,3,13,8,4,1,3,2,2,2,2,3,9.2,11.0,2.0,2.0,0.0,8.0,0.0,0.0,0.0,6.0,20.2,9
22500158,UTA,BOS,80.8,77.4,"('Lauri Markkanen', 'Svi Mykhailiuk')",4.083333333333333,3,13,8,4,1,3,2,2,2,2,3,9.2,11.0,2.0,2.0,0.0,8.0,0.0,0.0,0.0,6.0,20.2,9
22500158,UTA,BOS,80.8,77.4,"('Lauri Markkanen', 'Taylor Hendricks')",4.083333333333333,3,13,8,4,1,3,2,2,2,2,3,9.2,11.0,2.0,2.0,0.0,8.0,0.0,0.0,0.0,6.0,20.2,9
22500158,UTA,BOS,80.8,77.4,"('Svi Mykhailiuk', 'Taylor Hendricks')",4.083333333333333,3,13,8,4,1,3,2,2,2,2,3,9.2,11.0,2.0,2.0,0.0,8.0,0.0,0.0,0.0,6.0,20.2,9
22500158,UTA,BOS,81.2,78.0,"('Jusuf Nurkić', 'Keyonte George')",2.6166666666666663,3,7,6,3,3,3,1,0,0,1,1,6.0,5.32,3.0,0.0,0.0,4.0,0.0,3.0,0.0,0.0,11.32,9
22500158,UTA,BOS,81.2,78.0,"('Jusuf Nurkić', 'Kyle Filipowski')",2.6166666666666663,3,7,6,3,3,3,1,0,0,1,1,6.0,5.32,3.0,0.0,0.0,4.0,0.0,3.0,0.0,0.0,11.32,9
22500158,UTA,BOS,81.2,78.0,"('Jusuf Nurkić', 'Lauri Markkanen')",2.6166666666666663,3,7,6,3,3,3,1,0,0,1,1,6.0,5.32,3.0,0.0,0.0,4.0,0.0,3.0,0.0,0.0,11.32,9
22500158,UTA,BOS,81.2,78.0,"('Jusuf Nurkić', 'Svi Mykhailiuk')",2.6166666666666663,3,7,6,3,3,3,1,0,0,1,1,6.0,5.32,3.0,0.0,0.0,4.0,0.0,3.0,0.0,0.0,11.32,9
22500158,UTA,BOS,81.2,78.0,"('Keyonte George', 'Kyle Filipowski')",2.6166666666666663,3,7,6,3,3,3,1,0,0,1,1,6.0,5.32,3.0,0.0,0.0,4.0,0.0,3.0,0.0,0.0,11.32,9
22500158,UTA,BOS,81.2,78.0,"('Keyonte George', 'Lauri Markkanen')",2.6166666666666663,3,7,6,3,3,3,1,0,0,1,1,6.0,5.32,3.0,0.0,0.0,4.0,0.0,3.0,0.0,0.0,11.32,9
22500158,UTA,BOS,81.2,78.0,"('Keyonte George', 'Svi Mykhailiuk')",2.6166666666666663,3,7,6,3,3,3,1,0,0,1,1,6.0,5.32,3.0,0.0,0.0,4.0,0.0,3.0,0.0,0.0,11.32,9
22500158,UTA,BOS,81.2,78.0,"('Kyle Filipowski', 'Lauri Markkanen')",2.6166666666666663,3,7,6,3,3,3,1,0,0,1,1,6.0,5.32,3.0,0.0,0.0,4.0,0.0,3.0,0.0,0.0,11.32,9
22500158,UTA,BOS,81.2,78.0,"('Kyle Filipowski', 'Svi Mykhailiuk')",2.6166666666666663,3,7,6,3,3,3,1,0,0,1,1,6.0,5.32,3.0,0.0,0.0,4.0,0.0,3.0,0.0,0.0,11.32,9
22500158,UTA,BOS,81.2,78.0,"('Lauri Markkanen', 'Svi Mykhailiuk')",2.6166666666666663,3,7,6,3,3,3,1,0,0,1,1,6.0,5.32,3.0,0.0,0.0,4.0,0.0,3.0,0.0,0.0,11.32,9
22500158,UTA,BOS,81.2,77.8,"('Ace Bailey', 'Jusuf Nurkić')",0.65,3,2,1,0,0,1,0,0,0,1,0,1.0,2.44,0.0,0.0,0.0,2.0,0.0,0.0,0.0,0.0,3.44,9
22500158,UTA,BOS,81.2,77.8,"('Ace Bailey', 'Keyonte George')",0.65,3,2,1,0,0,1,0,0,0,1,0,1.0,2.44,0.0,0.0,0.0,2.0,0.0,0.0,0.0,0.0,3.44,9
22500158,UTA,BOS,81.2,77.8,"('Ace Bailey', 'Lauri Markkanen')",0.65,3,2,1,0,0,1,0,0,0,1,0,1.0,2.44,0.0,0.0,0.0,2.0,0.0,0.0,0.0,0.0,3.44,9
22500158,UTA,BOS,81.2,77.8,"('Ace Bailey', 'Taylor Hendricks')",0.65,3,2,1,0,0,1,0,0,0,1,0,1.0,2.44,0.0,0.0,0.0,2.0,0.0,0.0,0.0,0.0,3.44,9
22500158,UTA,BOS,81.2,77.8,"('Jusuf Nurkić', 'Keyonte George')",0.65,3,2,1,0,0,1,0,0,0,1,0,1.0,2.44,0.0,0.0,0.0,2.0,0.0,0.0,0.0,0.0,3.44,9
22500158,UTA,BOS,81.2,77.8,"('Jusuf Nurkić', 'Lauri Markkanen')",0.65,3,2,1,0,0,1,0,0,0,1,0,1.0,2.44,0.0,0.0,0.0,2.0,0.0,0.0,0.0,0.0,3.44,9
22500158,UTA,BOS,81.2,77.8,"('Jusuf Nurkić', 'Taylor Hendricks')",0.65,3,2,1,0,0,1,0,0,0,1,0,1.0,2.44,0.0,0.0,0.0,2.0,0.0,0.0,0.0,0.0,3.44,9
22500158,UTA,BOS,81.2,77.8,"('Keyonte George', 'Lauri Markkanen')",0.65,3,2,1,0,0,1,0,0,0,1,0,1.0,2.44,0.0,0.0,0.0,2.0,0.0,0.0,0.0,0.0,3.44,9
22500158,UTA,BOS,81.2,77.8,"('Keyonte George', 'Taylor Hendricks')",0.65,3,2,1,0,0,1,0,0,0,1,0,1.0,2.44,0.0,0.0,0.0,2.0,0.0,0.0,0.0,0.0,3.44,9
22500158,UTA,BOS,81.2,77.8,"('Lauri Markkanen', 'Taylor Hendricks')",0.65,3,2,1,0,0,1,0,0,0,1,0,1.0,2.44,0.0,0.0,0.0,2.0,0.0,0.0,0.0,0.0,3.44,9
22500158,UTA,BOS,79.8,77.8,"('Ace Bailey', 'Elijah Harkless')",2.3,2,0,2,3,3,0,0,1,0,0,1,4.0,4.0,0.0,0.0,0.0,0.0,0.0,0.0,2.0,2.0,8.0,9
22500158,UTA,BOS,79.8,77.8,"('Ace Bailey', 'Kevin Love')",2.3,2,0,2,3,3,0,0,1,0,0,1,4.0,4.0,0.0,0.0,0.0,0.0,0.0,0.0,2.0,2.0,8.0,9
22500158,UTA,BOS,79.8,77.8,"('Ace Bailey', 'Keyonte George')",2.3,2,0,2,3,3,0,0,1,0,0,1,4.0,4.0,0.0,0.0,0.0,0.0,0.0,0.0,2.0,2.0,8.0,9
22500158,UTA,BOS,79.8,77.8,"('Ace Bailey', 'Lauri Markkanen')",2.3,2,0,2,3,3,0,0,1,0,0,1,4.0,4.0,0.0,0.0,0.0,0.0,0.0,0.0,2.0,2.0,8.0,9
22500158,UTA,BOS,79.8,77.8,"('Elijah Harkless', 'Kevin Love')",2.3,2,0,2,3,3,0,0,1,0,0,1,4.0,4.0,0.0,0.0,0.0,0.0,0.0,0.0,2.0,2.0,8.0,9
22500158,UTA,BOS,79.8,77.8,"('Elijah Harkless', 'Keyonte George')",2.3,2,0,2,3,3,0,0,1,0,0,1,4.0,4.0,0.0,0.0,0.0,0.0,0.0,0.0,2.0,2.0,8.0,9
22500158,UTA,BOS,79.8,77.8,"('Elijah Harkless', 'Lauri Markkanen')",2.3,2,0,2,3,3,0,0,1,0,0,1,4.0,4.0,0.0,0.0,0.0,0.0,0.0,0.0,2.0,2.0,8.0,9
22500158,UTA,BOS,79.8,77.8,"('Kevin Love', 'Keyonte George')",2.3,2,0,2,3,3,0,0,1,0,0,1,4.0,4.0,0.0,0.0,0.0,0.0,0.0,0.0,2.0,2.0,8.0,9
22500158,UTA,BOS,79.8,77.8,"('Kevin Love', 'Lauri Markkanen')",2.3,2,0,2,3,3,0,0,1,0,0,1,4.0,4.0,0.0,0.0,0.0,0.0,0.0,0.0,2.0,2.0,8.0,9
22500158,UTA,BOS,79.8,77.8,"('Keyonte George', 'Lauri Markkanen')",2.3,2,0,2,3,3,0,0,1,0,0,1,4.0,4.0,0.0,0.0,0.0,0.0,0.0,0.0,2.0,2.0,8.0,9
22500158,UTA,BOS,80.4,77.2,"('Ace Bailey', 'Jusuf Nurkić')",2.365,2,4,3,4,3,0,1,1,1,1,2,5.88,5.0,0.0,0.0,0.0,2.0,0.0,3.0,0.0,0.0,10.88,9
22500158,UTA,BOS,80.4,77.2,"('Ace Bailey', 'Keyonte George')",2.365,2,4,3,4,3,0,1,1,1,1,2,5.88,5.0,0.0,0.0,0.0,2.0,0.0,3.0,0.0,0.0,10.88,9
22500158,UTA,BOS,80.4,77.2,"('Ace Bailey', 'Kyle Filipowski')",2.365,2,4,3,4,3,0,1,1,1,1,2,5.88,5.0,0.0,0.0,0.0,2.0,0.0,3.0,0.0,0.0,10.88,9
22500158,UTA,BOS,80.4,77.2,"('Ace Bailey', 'Svi Mykhailiuk')",2.365,2,4,3,4,3,0,1,1,1,1,2,5.88,5.0,0.0,0.0,0.0,2.0,0.0,3.0,0.0,0.0,10.88,9
22500158,UTA,BOS,80.4,77.2,"('Jusuf Nurkić', 'Keyonte George')",2.365,2,4,3,4,3,0,1,1,1,1,2,5.88,5.0,0.0,0.0,0.0,2.0,0.0,3.0,0.0,0.0,10.88,9
22500158,UTA,BOS,80.4,77.2,"('Jusuf Nurkić', 'Kyle Filipowski')",2.365,2,4,3,4,3,0,1,1,1,1,2,5.88,5.0,0.0,0.0,0.0,2.0,0.0,3.0,0.0,0.0,10.88,9
22500158,UTA,BOS,80.4,77.2,"('Jusuf Nurkić', 'Svi Mykhailiuk')",2.365,2,4,3,4,3,0,1,1,1,1,2,5.88,5.0,0.0,0.0,0.0,2.0,0.0,3.0,0.0,0.0,10.88,9
22500158,UTA,BOS,80.4,77.2,"('Keyonte George', 'Kyle Filipowski')",2.365,2,4,3,4,3,0,1,1,1,1,2,5.88,5.0,0.0,0.0,0.0,2.0,0.0,3.0,0.0,0.0,10.88,9
22500158,UTA,BOS,80.4,77.2,"('Keyonte George', 'Svi Mykhailiuk')",2.365,2,4,3,4,3,0,1,1,1,1,2,5.88,5.0,0.0,0.0,0.0,2.0,0.0,3.0,0.0,0.0,10.88,9
22500158,UTA,BOS,80.4,77.2,"('Kyle Filipowski', 'Svi Mykhailiuk')",2.365,2,4,3,4,3,0,1,1,1,1,2,5.88,5.0,0.0,0.0,0.0,2.0,0.0,3.0,0.0,0.0,10.88,9
22500158,UTA,BOS,79.4,77.0,"('Ace Bailey', 'Elijah Harkless')",1.4,1,5,1,1,2,2,0,0,2,0,0,3.0,3.44,0.0,2.0,0.0,2.0,0.0,0.0,0.0,0.0,6.44,9
22500158,UTA,BOS,79.4,77.0,"('Ace Bailey', 'Kevin Love')",1.4,1,5,1,1,2,2,0,0,2,0,0,3.0,3.44,0.0,2.0,0.0,2.0,0.0,0.0,0.0,0.0,6.44,9
22500158,UTA,BOS,79.4,77.0,"('Ace Bailey', 'Kyle Filipowski')",1.4,1,5,1,1,2,2,0,0,2,0,0,3.0,3.44,0.0,2.0,0.0,2.0,0.0,0.0,0.0,0.0,6.44,9
22500158,UTA,BOS,79.4,77.0,"('Ace Bailey', 'Walter Clayton Jr.')",1.4,1,5,1,1,2,2,0,0,2,0,0,3.0,3.44,0.0,2.0,0.0,2.0,0.0,0.0,0.0,0.0,6.44,9
22500158,UTA,BOS,79.4,77.0,"('Elijah Harkless', 'Kevin Love')",1.4,1,5,1,1,2,2,0,0,2,0,0,3.0,3.44,0.0,2.0,0.0,2.0,0.0,0.0,0.0,0.0,6.44,9
22500158,UTA,BOS,79.4,77.0,"('Elijah Harkless', 'Kyle Filipowski')",1.4,1,5,1,1,2,2,0,0,2,0,0,3.0,3.44,0.0,2.0,0.0,2.0,0.0,0.0,0.0,0.0,6.44,9
22500158,UTA,BOS,79.4,77.0,"('Elijah Harkless', 'Walter Clayton Jr.')",1.4,1,5,1,1,2,2,0,0,2,0,0,3.0,3.44,0.0,2.0,0.0,2.0,0.0,0.0,0.0,0.0,6.44,9
22500158,UTA,BOS,79.4,77.0,"('Kevin Love', 'Kyle Filipowski')",1.4,1,5,1,1,2,2,0,0,2,0,0,3.0,3.44,0.0,2.0,0.0,2.0,0.0,0.0,0.0,0.0,6.44,9
22500158,UTA,BOS,79.4,77.0,"('Kevin Love', 'Walter Clayton Jr.')",1.4,1,5,1,1,2,2,0,0,2,0,0,3.0,3.44,0.0,2.0,0.0,2.0,0.0,0.0,0.0,0.0,6.44,9
22500158,UTA,BOS,79.4,77.0,"('Kyle Filipowski', 'Walter Clayton Jr.')",1.4,1,5,1,1,2,2,0,0,2,0,0,3.0,3.44,0.0,2.0,0.0,2.0,0.0,0.0,0.0,0.0,6.44,9
22500158,UTA,BOS,80.8,78.2,"('Jusuf Nurkić', 'Keyonte George')",4.016666666666668,1,2,12,2,7,0,3,0,0,0,1,7.0,7.0,0.0,0.0,0.0,2.0,0.0,0.0,2.0,4.0,14.0,9
22500158,UTA,BOS,80.8,78.2,"('Jusuf Nurkić', 'Lauri Markkanen')",4.016666666666668,1,2,12,2,7,0,3,0,0,0,1,7.0,7.0,0.0,0.0,0.0,2.0,0.0,0.0,2.0,4.0,14.0,9
22500158,UTA,BOS,80.8,78.2,"('Jusuf Nurkić', 'Svi Mykhailiuk')",4.016666666666668,1,2,12,2,7,0,3,0,0,0,1,7.0,7.0,0.0,0.0,0.0,2.0,0.0,0.0,2.0,4.0,14.0,9
22500158,UTA,BOS,80.8,78.2,"('Jusuf Nurkić', 'Taylor Hendricks')",4.016666666666668,1,2,12,2,7,0,3,0,0,0,1,7.0,7.0,0.0,0.0,0.0,2.0,0.0,0.0,2.0,4.0,14.0,9
22500158,UTA,BOS,80.8,78.2,"('Keyonte George', 'Lauri Markkanen')",4.016666666666668,1,2,12,2,7,0,3,0,0,0,1,7.0,7.0,0.0,0.0,0.0,2.0,0.0,0.0,2.0,4.0,14.0,9
22500158,UTA,BOS,80.8,78.2,"('Keyonte George', 'Svi Mykhailiuk')",4.016666666666668,1,2,12,2,7,0,3,0,0,0,1,7.0,7.0,0.0,0.0,0.0,2.0,0.0,0.0,2.0,4.0,14.0,9
22500158,UTA,BOS,80.8,78.2,"('Keyonte George', 'Taylor Hendricks')",4.016666666666668,1,2,12,2,7,0,3,0,0,0,1,7.0,7.0,0.0,0.0,0.0,2.0,0.0,0.0,2.0,4.0,14.0,9
22500158,UTA,BOS,80.8,78.2,"('Lauri Markkanen', 'Svi Mykhailiuk')",4.016666666666668,1,2,12,2,7,0,3,0,0,0,1,7.0,7.0,0.0,0.0,0.0,2.0,0.0,0.0,2.0,4.0,14.0,9
22500158,UTA,BOS,80.8,78.2,"('Lauri Markkanen', 'Taylor Hendricks')",4.016666666666668,1,2,12,2,7,0,3,0,0,0,1,7.0,7.0,0.0,0.0,0.0,2.0,0.0,0.0,2.0,4.0,14.0,9
22500158,UTA,BOS,80.8,78.2,"('Svi Mykhailiuk', 'Taylor Hendricks')",4.016666666666668,1,2,12,2,7,0,3,0,0,0,1,7.0,7.0,0.0,0.0,0.0,2.0,0.0,0.0,2.0,4.0,14.0,9
22500158,UTA,BOS,81.2,78.0,"('Ace Bailey', 'Jusuf Nurkić')",1.0166666666666668,1,0,2,1,1,0,0,1,0,0,1,3.0,2.0,0.0,0.0,0.0,0.0,0.0,0.0,0.0,2.0,5.0,9
22500158,UTA,BOS,81.2,78.0,"('Ace Bailey', 'Keyonte George')",1.0166666666666668,1,0,2,1,1,0,0,1,0,0,1,3.0,2.0,0.0,0.0,0.0,0.0,0.0,0.0,0.0,2.0,5.0,9
22500158,UTA,BOS,81.2,78.0,"('Ace Bailey', 'Lauri Markkanen')",1.0166666666666668,1,0,2,1,1,0,0,1,0,0,1,3.0,2.0,0.0,0.0,0.0,0.0,0.0,0.0,0.0,2.0,5.0,9
22500158,UTA,BOS,81.2,78.0,"('Ace Bailey', 'Taylor Hendricks')",1.0166666666666668,1,0,2,1,1,0,0,1,0,0,1,3.0,2.0,0.0,0.0,0.0,0.0,0.0,0.0,0.0,2.0,5.0,9
22500158,UTA,BOS,81.2,78.0,"('Jusuf Nurkić', 'Keyonte George')",1.0166666666666668,1,0,2,1,1,0,0,1,0,0,1,3.0,2.0,0.0,0.0,0.0,0.0,0.0,0.0,0.0,2.0,5.0,9
22500158,UTA,BOS,81.2,78.0,"('Jusuf Nurkić', 'Lauri Markkanen')",1.0166666666666668,1,0,2,1,1,0,0,1,0,0,1,3.0,2.0,0.0,0.0,0.0,0.0,0.0,0.0,0.0,2.0,5.0,9
22500158,UTA,BOS,81.2,78.0,"('Jusuf Nurkić', 'Taylor Hendricks')",1.0166666666666668,1,0,2,1,1,0,0,1,0,0,1,3.0,2.0,0.0,0.0,0.0,0.0,0.0,0.0,0.0,2.0,5.0,9
22500158,UTA,BOS,81.2,78.0,"('Keyonte George', 'Lauri Markkanen')",1.0166666666666668,1,0,2,1,1,0,0,1,0,0,1,3.0,2.0,0.0,0.0,0.0,0.0,0.0,0.0,0.0,2.0,5.0,9
22500158,UTA,BOS,81.2,78.0,"('Keyonte George', 'Taylor Hendricks')",1.0166666666666668,1,0,2,1,1,0,0,1,0,0,1,3.0,2.0,0.0,0.0,0.0,0.0,0.0,0.0,0.0,2.0,5.0,9
22500158,UTA,BOS,81.2,78.0,"('Lauri Markkanen', 'Taylor Hendricks')",1.0166666666666668,1,0,2,1,1,0,0,1,0,0,1,3.0,2.0,0.0,0.0,0.0,0.0,0.0,0.0,0.0,2.0,5.0,9
22500158,UTA,BOS,81.2,77.0,"('Jusuf Nurkić', 'Kyle Filipowski')",0.75,1,2,3,0,1,0,1,0,0,0,0,2.0,1.0,0.0,0.0,0.0,0.0,0.0,0.0,3.0,0.0,3.0,9
22500158,UTA,BOS,81.2,77.0,"('Jusuf Nurkić', 'Lauri Markkanen')",0.75,1,2,3,0,1,0,1,0,0,0,0,2.0,1.0,0.0,0.0,0.0,0.0,0.0,0.0,3.0,0.0,3.0,9
22500158,UTA,BOS,81.2,77.0,"('Jusuf Nurkić', 'Svi Mykhailiuk')",0.75,1,2,3,0,1,0,1,0,0,0,0,2.0,1.0,0.0,0.0,0.0,0.0,0.0,0.0,3.0,0.0,3.0,9
22500158,UTA,BOS,81.2,77.0,"('Jusuf Nurkić', 'Walter Clayton Jr.')",0.75,1,2,3,0,1,0,1,0,0,0,0,2.0,1.0,0.0,0.0,0.0,0.0,0.0,0.0,3.0,0.0,3.0,9
22500158,UTA,BOS,81.2,77.0,"('Kyle Filipowski', 'Lauri Markkanen')",0.75,1,2,3,0,1,0,1,0,0,0,0,2.0,1.0,0.0,0.0,0.0,0.0,0.0,0.0,3.0,0.0,3.0,9
22500158,UTA,BOS,81.2,77.0,"('Kyle Filipowski', 'Svi Mykhailiuk')",0.75,1,2,3,0,1,0,1,0,0,0,0,2.0,1.0,0.0,0.0,0.0,0.0,0.0,0.0,3.0,0.0,3.0,9
22500158,UTA,BOS,81.2,77.0,"('Kyle Filipowski', 'Walter Clayton Jr.')",0.75,1,2,3,0,1,0,1,0,0,0,0,2.0,1.0,0.0,0.0,0.0,0.0,0.0,0.0,3.0,0.0,3.0,9
22500158,UTA,BOS,81.2,77.0,"('Lauri Markkanen', 'Svi Mykhailiuk')",0.75,1,2,3,0,1,0,1,0,0,0,0,2.0,1.0,0.0,0.0,0.0,0.0,0.0,0.0,3.0,0.0,3.0,9
22500158,UTA,BOS,81.2,77.0,"('Lauri Markkanen', 'Walter Clayton Jr.')",0.75,1,2,3,0,1,0,1,0,0,0,0,2.0,1.0,0.0,0.0,0.0,0.0,0.0,0.0,3.0,0.0,3.0,9
22500158,UTA,BOS,81.2,77.0,"('Svi Mykhailiuk', 'Walter Clayton Jr.')",0.75,1,2,3,0,1,0,1,0,0,0,0,2.0,1.0,0.0,0.0,0.0,0.0,0.0,0.0,3.0,0.0,3.0,9
22500158,UTA,BOS,81.6,77.0,"('Ace Bailey', 'Jusuf Nurkić')",0.7616666666666668,1,2,0,1,0,1,0,1,0,0,1,2.0,2.0,0.0,2.0,0.0,2.0,0.0,0.0,0.0,0.0,4.0,9
22500158,UTA,BOS,81.6,77.0,"('Ace Bailey', 'Kyle Filipowski')",0.7616666666666668,1,2,0,1,0,1,0,1,0,0,1,2.0,2.0,0.0,2.0,0.0,2.0,0.0,0.0,0.0,0.0,4.0,9
22500158,UTA,BOS,81.6,77.0,"('Ace Bailey', 'Lauri Markkanen')",0.7616666666666668,1,2,0,1,0,1,0,1,0,0,1,2.0,2.0,0.0,2.0,0.0,2.0,0.0,0.0,0.0,0.0,4.0,9
22500158,UTA,BOS,81.6,77.0,"('Ace Bailey', 'Walter Clayton Jr.')",0.7616666666666668,1,2,0,1,0,1,0,1,0,0,1,2.0,2.0,0.0,2.0,0.0,2.0,0.0,0.0,0.0,0.0,4.0,9
22500158,UTA,BOS,81.6,77.0,"('Jusuf Nurkić', 'Kyle Filipowski')",0.7616666666666668,1,2,0,1,0,1,0,1,0,0,1,2.0,2.0,0.0,2.0,0.0,2.0,0.0,0.0,0.0,0.0,4.0,9
22500158,UTA,BOS,81.6,77.0,"('Jusuf Nurkić', 'Lauri Markkanen')",0.7616666666666668,1,2,0,1,0,1,0,1,0,0,1,2.0,2.0,0.0,2.0,0.0,2.0,0.0,0.0,0.0,0.0,4.0,9
22500158,UTA,BOS,81.6,77.0,"('Jusuf Nurkić', 'Walter Clayton Jr.')",0.7616666666666668,1,2,0,1,0,1,0,1,0,0,1,2.0,2.0,0.0,2.0,0.0,2.0,0.0,0.0,0.0,0.0,4.0,9
22500158,UTA,BOS,81.6,77.0,"('Kyle Filipowski', 'Lauri Markkanen')",0.7616666666666668,1,2,0,1,0,1,0,1,0,0,1,2.0,2.0,0.0,2.0,0.0,2.0,0.0,0.0,0.0,0.0,4.0,9
22500158,UTA,BOS,81.6,77.0,"('Kyle Filipowski', 'Walter Clayton Jr.')",0.7616666666666668,1,2,0,1,0,1,0,1,0,0,1,2.0,2.0,0.0,2.0,0.0,2.0,0.0,0.0,0.0,0.0,4.0,9
22500158,UTA,BOS,81.6,77.0,"('Lauri Markkanen', 'Walter Clayton Jr.')",0.7616666666666668,1,2,0,1,0,1,0,1,0,0,1,2.0,2.0,0.0,2.0,0.0,2.0,0.0,0.0,0.0,0.0,4.0,9
22500158,UTA,BOS,81.2,77.6,"('Jusuf Nurkić', 'Kyle Filipowski')",2.0,2,4,2,6,0,1,0,0,0,0,0,3.0,3.0,0.0,0.0,2.0,4.0,0.0,0.0,0.0,0.0,6.0,9
22500158,UTA,BOS,81.2,77.6,"('Jusuf Nurkić', 'Lauri Markkanen')",2.0,2,4,2,6,0,1,0,0,0,0,0,3.0,3.0,0.0,0.0,2.0,4.0,0.0,0.0,0.0,0.0,6.0,9
22500158,UTA,BOS,81.2,77.6,"('Jusuf Nurkić', 'Svi Mykhailiuk')",2.0,2,4,2,6,0,1,0,0,0,0,0,3.0,3.0,0.0,0.0,2.0,4.0,0.0,0.0,0.0,0.0,6.0,9
22500158,UTA,BOS,81.2,77.6,"('Jusuf Nurkić', 'Walter Clayton Jr.')",2.0,2,4,2,6,0,1,0,0,0,0,0,3.0,3.0,0.0,0.0,2.0,4.0,0.0,0.0,0.0,0.0,6.0,9
22500158,UTA,BOS,81.2,77.6,"('Kyle Filipowski', 'Lauri Markkanen')",2.0,2,4,2,6,0,1,0,0,0,0,0,3.0,3.0,0.0,0.0,2.0,4.0,0.0,0.0,0.0,0.0,6.0,9
22500158,UTA,BOS,81.2,77.6,"('Kyle Filipowski', 'Svi Mykhailiuk')",2.0,2,4,2,6,0,1,0,0,0,0,0,3.0,3.0,0.0,0.0,2.0,4.0,0.0,0.0,0.0,0.0,6.0,9
22500158,UTA,BOS,81.2,77.6,"('Kyle Filipowski', 'Walter Clayton Jr.')",2.0,2,4,2,6,0,1,0,0,0,0,0,3.0,3.0,0.0,0.0,2.0,4.0,0.0,0.0,0.0,0.0,6.0,9
22500158,UTA,BOS,81.2,77.6,"('Lauri Markkanen', 'Svi Mykhailiuk')",2.0,2,4,2,6,0,1,0,0,0,0,0,3.0,3.0,0.0,0.0,2.0,4.0,0.0,0.0,0.0,0.0,6.0,9
22500158,UTA,BOS,81.2,77.6,"('Lauri Markkanen', 'Walter Clayton Jr.')",2.0,2,4,2,6,0,1,0,0,0,0,0,3.0,3.0,0.0,0.0,2.0,4.0,0.0,0.0,0.0,0.0,6.0,9
22500158,UTA,BOS,81.2,77.6,"('Svi Mykhailiuk', 'Walter Clayton Jr.')",2.0,2,4,2,6,0,1,0,0,0,0,0,3.0,3.0,0.0,0.0,2.0,4.0,0.0,0.0,0.0,0.0,6.0,9
22500158,UTA,BOS,79.8,78.0,"('Jusuf Nurkić', 'Keyonte George')",1.42,4,6,7,0,0,1,2,0,1,1,2,3.76,3.88,2.0,2.0,0.0,2.0,0.0,0.0,0.0,2.0,7.64,9
22500158,UTA,BOS,79.8,78.0,"('Jusuf Nurkić', 'Lauri Markkanen')",1.42,4,6,7,0,0,1,2,0,1,1,2,3.76,3.88,2.0,2.0,0.0,2.0,0.0,0.0,0.0,2.0,7.64,9
22500158,UTA,BOS,79.8,78.0,"('Jusuf Nurkić', 'Svi Mykhailiuk')",1.42,4,6,7,0,0,1,2,0,1,1,2,3.76,3.88,2.0,2.0,0.0,2.0,0.0,0.0,0.0,2.0,7.64,9
22500158,UTA,BOS,79.8,78.0,"('Jusuf Nurkić', 'Walter Clayton Jr.')",1.42,4,6,7,0,0,1,2,0,1,1,2,3.76,3.88,2.0,2.0,0.0,2.0,0.0,0.0,0.0,2.0,7.64,9
22500158,UTA,BOS,79.8,78.0,"('Keyonte George', 'Lauri Markkanen')",1.42,4,6,7,0,0,1,2,0,1,1,2,3.76,3.88,2.0,2.0,0.0,2.0,0.0,0.0,0.0,2.0,7.64,9
22500158,UTA,BOS,79.8,78.0,"('Keyonte George', 'Svi Mykhailiuk')",1.42,4,6,7,0,0,1,2,0,1,1,2,3.76,3.88,2.0,2.0,0.0,2.0,0.0,0.0,0.0,2.0,7.64,9
22500158,UTA,BOS,79.8,78.0,"('Keyonte George', 'Walter Clayton Jr.')",1.42,4,6,7,0,0,1,2,0,1,1,2,3.76,3.88,2.0,2.0,0.0,2.0,0.0,0.0,0.0,2.0,7.64,9
22500158,UTA,BOS,79.8,78.0,"('Lauri Markkanen', 'Svi Mykhailiuk')",1.42,4,6,7,0,0,1,2,0,1,1,2,3.76,3.88,2.0,2.0,0.0,2.0,0.0,0.0,0.0,2.0,7.64,9
22500158,UTA,BOS,79.8,78.0,"('Lauri Markkanen', 'Walter Clayton Jr.')",1.42,4,6,7,0,0,1,2,0,1,1,2,3.76,3.88,2.0,2.0,0.0,2.0,0.0,0.0,0.0,2.0,7.64,9
22500158,UTA,BOS,79.8,78.0,"('Svi Mykhailiuk', 'Walter Clayton Jr.')",1.42,4,6,7,0,0,1,2,0,1,1,2,3.76,3.88,2.0,2.0,0.0,2.0,0.0,0.0,0.0,2.0,7.64,9
22500158,UTA,BOS,81.2,77.2,"('Jusuf Nurkić', 'Kyle Filipowski')",2.5666666666666664,4,9,3,4,2,2,0,0,0,1,1,5.44,4.44,0.0,0.0,0.0,2.0,0.0,0.0,2.0,0.0,9.88,9
22500158,UTA,BOS,81.2,77.2,"('Jusuf Nurkić', 'Lauri Markkanen')",2.5666666666666664,4,9,3,4,2,2,0,0,0,1,1,5.44,4.44,0.0,0.0,0.0,2.0,0.0,0.0,2.0,0.0,9.88,9
22500158,UTA,BOS,81.2,77.2,"('Jusuf Nurkić', 'Svi Mykhailiuk')",2.5666666666666664,4,9,3,4,2,2,0,0,0,1,1,5.44,4.44,0.0,0.0,0.0,2.0,0.0,0.0,2.0,0.0,9.88,9
22500158,UTA,BOS,81.2,77.2,"('Jusuf Nurkić', 'Walter Clayton Jr.')",2.5666666666666664,4,9,3,4,2,2,0,0,0,1,1,5.44,4.44,0.0,0.0,0.0,2.0,0.0,0.0,2.0,0.0,9.88,9
22500158,UTA,BOS,81.2,77.2,"('Kyle Filipowski', 'Lauri Markkanen')",2.5666666666666664,4,9,3,4,2,2,0,0,0,1,1,5.44,4.44,0.0,0.0,0.0,2.0,0.0,0.0,2.0,0.0,9.88,9
22500158,UTA,BOS,81.2,77.2,"('Kyle Filipowski', 'Svi Mykhailiuk')",2.5666666666666664,4,9,3,4,2,2,0,0,0,1,1,5.44,4.44,0.0,0.0,0.0,2.0,0.0,0.0,2.0,0.0,9.88,9
22500158,UTA,BOS,81.2,77.2,"('Kyle Filipowski', 'Walter Clayton Jr.')",2.5666666666666664,4,9,3,4,2,2,0,0,0,1,1,5.44,4.44,0.0,0.0,0.0,2.0,0.0,0.0,2.0,0.0,9.88,9
22500158,UTA,BOS,81.2,77.2,"('Lauri Markkanen', 'Svi Mykhailiuk')",2.5666666666666664,4,9,3,4,2,2,0,0,0,1,1,5.44,4.44,0.0,0.0,0.0,2.0,0.0,0.0,2.0,0.0,9.88,9
22500158,UTA,BOS,81.2,77.2,"('Lauri Markkanen', 'Walter Clayton Jr.')",2.5666666666666664,4,9,3,4,2,2,0,0,0,1,1,5.44,4.44,0.0,0.0,0.0,2.0,0.0,0.0,2.0,0.0,9.88,9
22500158,UTA,BOS,81.2,77.2,"('Svi Mykhailiuk', 'Walter Clayton Jr.')",2.5666666666666664,4,9,3,4,2,2,0,0,0,1,1,5.44,4.44,0.0,0.0,0.0,2.0,0.0,0.0,2.0,0.0,9.88,9
22500158,UTA,BOS,79.6,78.0,"('Ace Bailey', 'Elijah Harkless')",0.1166666666666666,2,1,0,0,0,0,0,0,0,0,1,0.44,0.0,0.0,0.0,0.0,0.0,0.0,0.0,0.0,0.0,0.44,9
22500158,UTA,BOS,79.6,78.0,"('Ace Bailey', 'Jusuf Nurkić')",0.1166666666666666,2,1,0,0,0,0,0,0,0,0,1,0.44,0.0,0.0,0.0,0.0,0.0,0.0,0.0,0.0,0.0,0.44,9
22500158,UTA,BOS,79.6,78.0,"('Ace Bailey', 'Keyonte George')",0.1166666666666666,2,1,0,0,0,0,0,0,0,0,1,0.44,0.0,0.0,0.0,0.0,0.0,0.0,0.0,0.0,0.0,0.44,9
22500158,UTA,BOS,79.6,78.0,"('Ace Bailey', 'Kyle Filipowski')",0.1166666666666666,2,1,0,0,0,0,0,0,0,0,1,0.44,0.0,0.0,0.0,0.0,0.0,0.0,0.0,0.0,0.0,0.44,9
22500158,UTA,BOS,79.6,78.0,"('Elijah Harkless', 'Jusuf Nurkić')",0.1166666666666666,2,1,0,0,0,0,0,0,0,0,1,0.44,0.0,0.0,0.0,0.0,0.0,0.0,0.0,0.0,0.0,0.44,9
22500158,UTA,BOS,79.6,78.0,"('Elijah Harkless', 'Keyonte George')",0.1166666666666666,2,1,0,0,0,0,0,0,0,0,1,0.44,0.0,0.0,0.0,0.0,0.0,0.0,0.0,0.0,0.0,0.44,9
22500158,UTA,BOS,79.6,78.0,"('Elijah Harkless', 'Kyle Filipowski')",0.1166666666666666,2,1,0,0,0,0,0,0,0,0,1,0.44,0.0,0.0,0.0,0.0,0.0,0.0,0.0,0.0,0.0,0.44,9
22500158,UTA,BOS,79.6,78.0,"('Jusuf Nurkić', 'Keyonte George')",0.1166666666666666,2,1,0,0,0,0,0,0,0,0,1,0.44,0.0,0.0,0.0,0.0,0.0,0.0,0.0,0.0,0.0,0.44,9
22500158,UTA,BOS,79.6,78.0,"('Jusuf Nurkić', 'Kyle Filipowski')",0.1166666666666666,2,1,0,0,0,0,0,0,0,0,1,0.44,0.0,0.0,0.0,0.0,0.0,0.0,0.0,0.0,0.0,0.44,9
22500158,UTA,BOS,79.6,78.0,"('Keyonte George', 'Kyle Filipowski')",0.1166666666666666,2,1,0,0,0,0,0,0,0,0,1,0.44,0.0,0.0,0.0,0.0,0.0,0.0,0.0,0.0,0.0,0.44,9
22500158,UTA,BOS,79.0,78.8,"('Jusuf Nurkić', 'Keyonte George')",1.1833333333333331,2,2,4,0,0,1,0,1,0,0,0,3.0,2.0,0.0,0.0,0.0,2.0,2.0,2.0,0.0,2.0,5.0,9
22500158,UTA,BOS,79.0,78.8,"('Jusuf Nurkić', 'Svi Mykhailiuk')",1.1833333333333331,2,2,4,0,0,1,0,1,0,0,0,3.0,2.0,0.0,0.0,0.0,2.0,2.0,2.0,0.0,2.0,5.0,9
22500158,UTA,BOS,79.0,78.8,"('Jusuf Nurkić', 'Taylor Hendricks')",1.1833333333333331,2,2,4,0,0,1,0,1,0,0,0,3.0,2.0,0.0,0.0,0.0,2.0,2.0,2.0,0.0,2.0,5.0,9
22500158,UTA,BOS,79.0,78.8,"('Jusuf Nurkić', 'Walter Clayton Jr.')",1.1833333333333331,2,2,4,0,0,1,0,1,0,0,0,3.0,2.0,0.0,0.0,0.0,2.0,2.0,2.0,0.0,2.0,5.0,9
22500158,UTA,BOS,79.0,78.8,"('Keyonte George', 'Svi Mykhailiuk')",1.1833333333333331,2,2,4,0,0,1,0,1,0,0,0,3.0,2.0,0.0,0.0,0.0,2.0,2.0,2.0,0.0,2.0,5.0,9
22500158,UTA,BOS,79.0,78.8,"('Keyonte George', 'Taylor Hendricks')",1.1833333333333331,2,2,4,0,0,1,0,1,0,0,0,3.0,2.0,0.0,0.0,0.0,2.0,2.0,2.0,0.0,2.0,5.0,9
22500158,UTA,BOS,79.0,78.8,"('Keyonte George', 'Walter Clayton Jr.')",1.1833333333333331,2,2,4,0,0,1,0,1,0,0,0,3.0,2.0,0.0,0.0,0.0,2.0,2.0,2.0,0.0,2.0,5.0,9
22500158,UTA,BOS,79.0,78.8,"('Svi Mykhailiuk', 'Taylor Hendricks')",1.1833333333333331,2,2,4,0,0,1,0,1,0,0,0,3.0,2.0,0.0,0.0,0.0,2.0,2.0,2.0,0.0,2.0,5.0,9
22500158,UTA,BOS,79.0,78.8,"('Svi Mykhailiuk', 'Walter Clayton Jr.')",1.1833333333333331,2,2,4,0,0,1,0,1,0,0,0,3.0,2.0,0.0,0.0,0.0,2.0,2.0,2.0,0.0,2.0,5.0,9
22500158,UTA,BOS,79.0,78.8,"('Taylor Hendricks', 'Walter Clayton Jr.')",1.1833333333333331,2,2,4,0,0,1,0,1,0,0,0,3.0,2.0,0.0,0.0,0.0,2.0,2.0,2.0,0.0,2.0,5.0,9
22500158,UTA,BOS,80.4,78.0,"('Jusuf Nurkić', 'Kyle Filipowski')",0.9,2,0,0,2,3,0,0,0,0,1,1,2.0,2.0,0.0,0.0,0.0,0.0,0.0,0.0,0.0,0.0,4.0,9
22500158,UTA,BOS,80.4,78.0,"('Jusuf Nurkić', 'Svi Mykhailiuk')",0.9,2,0,0,2,3,0,0,0,0,1,1,2.0,2.0,0.0,0.0,0.0,0.0,0.0,0.0,0.0,0.0,4.0,9
22500158,UTA,BOS,80.4,78.0,"('Jusuf Nurkić', 'Taylor Hendricks')",0.9,2,0,0,2,3,0,0,0,0,1,1,2.0,2.0,0.0,0.0,0.0,0.0,0.0,0.0,0.0,0.0,4.0,9
22500158,UTA,BOS,80.4,78.0,"('Jusuf Nurkić', 'Walter Clayton Jr.')",0.9,2,0,0,2,3,0,0,0,0,1,1,2.0,2.0,0.0,0.0,0.0,0.0,0.0,0.0,0.0,0.0,4.0,9
22500158,UTA,BOS,80.4,78.0,"('Kyle Filipowski', 'Svi Mykhailiuk')",0.9,2,0,0,2,3,0,0,0,0,1,1,2.0,2.0,0.0,0.0,0.0,0.0,0.0,0.0,0.0,0.0,4.0,9
22500158,UTA,BOS,80.4,78.0,"('Kyle Filipowski', 'Taylor Hendricks')",0.9,2,0,0,2,3,0,0,0,0,1,1,2.0,2.0,0.0,0.0,0.0,0.0,0.0,0.0,0.0,0.0,4.0,9
22500158,UTA,BOS,80.4,78.0,"('Kyle Filipowski', 'Walter Clayton Jr.')",0.9,2,0,0,2,3,0,0,0,0,1,1,2.0,2.0,0.0,0.0,0.0,0.0,0.0,0.0,0.0,0.0,4.0,9
22500158,UTA,BOS,80.4,78.0,"('Svi Mykhailiuk', 'Taylor Hendricks')",0.9,2,0,0,2,3,0,0,0,0,1,1,2.0,2.0,0.0,0.0,0.0,0.0,0.0,0.0,0.0,0.0,4.0,9
22500158,UTA,BOS,80.4,78.0,"('Svi Mykhailiuk', 'Walter Clayton Jr.')",0.9,2,0,0,2,3,0,0,0,0,1,1,2.0,2.0,0.0,0.0,0.0,0.0,0.0,0.0,0.0,0.0,4.0,9
22500158,UTA,BOS,80.4,78.0,"('Taylor Hendricks', 'Walter Clayton Jr.')",0.9,2,0,0,2,3,0,0,0,0,1,1,2.0,2.0,0.0,0.0,0.0,0.0,0.0,0.0,0.0,0.0,4.0,9
22500158,UTA,BOS,80.0,78.0,"('Ace Bailey', 'Elijah Harkless')",1.1833333333333331,2,2,2,4,0,0,1,0,1,0,0,1.0,2.0,0.0,0.0,2.0,2.0,2.0,0.0,0.0,2.0,3.0,9
22500158,UTA,BOS,80.0,78.0,"('Ace Bailey', 'Jusuf Nurkić')",1.1833333333333331,2,2,2,4,0,0,1,0,1,0,0,1.0,2.0,0.0,0.0,2.0,2.0,2.0,0.0,0.0,2.0,3.0,9
22500158,UTA,BOS,80.0,78.0,"('Ace Bailey', 'Keyonte George')",1.1833333333333331,2,2,2,4,0,0,1,0,1,0,0,1.0,2.0,0.0,0.0,2.0,2.0,2.0,0.0,0.0,2.0,3.0,9
22500158,UTA,BOS,80.0,78.0,"('Ace Bailey', 'Lauri Markkanen')",1.1833333333333331,2,2,2,4,0,0,1,0,1,0,0,1.0,2.0,0.0,0.0,2.0,2.0,2.0,0.0,0.0,2.0,3.0,9
22500158,UTA,BOS,80.0,78.0,"('Elijah Harkless', 'Jusuf Nurkić')",1.1833333333333331,2,2,2,4,0,0,1,0,1,0,0,1.0,2.0,0.0,0.0,2.0,2.0,2.0,0.0,0.0,2.0,3.0,9
22500158,UTA,BOS,80.0,78.0,"('Elijah Harkless', 'Keyonte George')",1.1833333333333331,2,2,2,4,0,0,1,0,1,0,0,1.0,2.0,0.0,0.0,2.0,2.0,2.0,0.0,0.0,2.0,3.0,9
22500158,UTA,BOS,80.0,78.0,"('Elijah Harkless', 'Lauri Markkanen')",1.1833333333333331,2,2,2,4,0,0,1,0,1,0,0,1.0,2.0,0.0,0.0,2.0,2.0,2.0,0.0,0.0,2.0,3.0,9
22500158,UTA,BOS,80.0,78.0,"('Jusuf Nurkić', 'Keyonte George')",1.1833333333333331,2,2,2,4,0,0,1,0,1,0,0,1.0,2.0,0.0,0.0,2.0,2.0,2.0,0.0,0.0,2.0,3.0,9
22500158,UTA,BOS,80.0,78.0,"('Jusuf Nurkić', 'Lauri Markkanen')",1.1833333333333331,2,2,2,4,0,0,1,0,1,0,0,1.0,2.0,0.0,0.0,2.0,2.0,2.0,0.0,0.0,2.0,3.0,9
22500158,UTA,BOS,80.0,78.0,"('Keyonte George', 'Lauri Markkanen')",1.1833333333333331,2,2,2,4,0,0,1,0,1,0,0,1.0,2.0,0.0,0.0,2.0,2.0,2.0,0.0,0.0,2.0,3.0,9
22500158,UTA,BOS,80.6,79.2,"('Kevin Love', 'Keyonte George')",1.7833333333333334,2,2,8,3,1,1,2,2,0,0,0,4.0,4.0,2.0,0.0,0.0,2.0,3.0,3.0,0.0,2.0,8.0,9
22500158,UTA,BOS,80.6,79.2,"('Kevin Love', 'Lauri Markkanen')",1.7833333333333334,2,2,8,3,1,1,2,2,0,0,0,4.0,4.0,2.0,0.0,0.0,2.0,3.0,3.0,0.0,2.0,8.0,9
22500158,UTA,BOS,80.6,79.2,"('Kevin Love', 'Svi Mykhailiuk')",1.7833333333333334,2,2,8,3,1,1,2,2,0,0,0,4.0,4.0,2.0,0.0,0.0,2.0,3.0,3.0,0.0,2.0,8.0,9
22500158,UTA,BOS,80.6,79.2,"('Kevin Love', 'Taylor Hendricks')",1.7833333333333334,2,2,8,3,1,1,2,2,0,0,0,4.0,4.0,2.0,0.0,0.0,2.0,3.0,3.0,0.0,2.0,8.0,9
22500158,UTA,BOS,80.6,79.2,"('Keyonte George', 'Lauri Markkanen')",1.7833333333333334,2,2,8,3,1,1,2,2,0,0,0,4.0,4.0,2.0,0.0,0.0,2.0,3.0,3.0,0.0,2.0,8.0,9
22500158,UTA,BOS,80.6,79.2,"('Keyonte George', 'Svi Mykhailiuk')",1.7833333333333334,2,2,8,3,1,1,2,2,0,0,0,4.0,4.0,2.0,0.0,0.0,2.0,3.0,3.0,0.0,2.0,8.0,9
22500158,UTA,BOS,80.6,79.2,"('Keyonte George', 'Taylor Hendricks')",1.7833333333333334,2,2,8,3,1,1,2,2,0,0,0,4.0,4.0,2.0,0.0,0.0,2.0,3.0,3.0,0.0,2.0,8.0,9
22500158,UTA,BOS,80.6,79.2,"('Lauri Markkanen', 'Svi Mykhailiuk')",1.7833333333333334,2,2,8,3,1,1,2,2,0,0,0,4.0,4.0,2.0,0.0,0.0,2.0,3.0,3.0,0.0,2.0,8.0,9
22500158,UTA,BOS,80.6,79.2,"('Lauri Markkanen', 'Taylor Hendricks')",1.7833333333333334,2,2,8,3,1,1,2,2,0,0,0,4.0,4.0,2.0,0.0,0.0,2.0,3.0,3.0,0.0,2.0,8.0,9
22500158,UTA,BOS,80.6,79.2,"('Svi Mykhailiuk', 'Taylor Hendricks')",1.7833333333333334,2,2,8,3,1,1,2,2,0,0,0,4.0,4.0,2.0,0.0,0.0,2.0,3.0,3.0,0.0,2.0,8.0,9
22500158,UTA,BOS,79.2,76.2,"('Elijah Harkless', 'Keyonte George')",0.0,4,0,0,0,0,0,0,0,1,0,1,0.0,1.0,0.0,0.0,0.0,0.0,0.0,0.0,0.0,0.0,1.0,9
22500158,UTA,BOS,79.2,76.2,"('Elijah Harkless', 'Lauri Markkanen')",0.0,4,0,0,0,0,0,0,0,1,0,1,0.0,1.0,0.0,0.0,0.0,0.0,0.0,0.0,0.0,0.0,1.0,9
22500158,UTA,BOS,79.2,76.2,"('Elijah Harkless', 'Svi Mykhailiuk')",0.0,4,0,0,0,0,0,0,0,1,0,1,0.0,1.0,0.0,0.0,0.0,0.0,0.0,0.0,0.0,0.0,1.0,9
22500158,UTA,BOS,79.2,76.2,"('Elijah Harkless', 'Taylor Hendricks')",0.0,4,0,0,0,0,0,0,0,1,0,1,0.0,1.0,0.0,0.0,0.0,0.0,0.0,0.0,0.0,0.0,1.0,9
22500158,UTA,BOS,79.2,76.2,"('Keyonte George', 'Lauri Markkanen')",0.0,4,0,0,0,0,0,0,0,1,0,1,0.0,1.0,0.0,0.0,0.0,0.0,0.0,0.0,0.0,0.0,1.0,9
22500158,UTA,BOS,79.2,76.2,"('Keyonte George', 'Svi Mykhailiuk')",0.0,4,0,0,0,0,0,0,0,1,0,1,0.0,1.0,0.0,0.0,0.0,0.0,0.0,0.0,0.0,0.0,1.0,9
22500158,UTA,BOS,79.2,76.2,"('Keyonte George', 'Taylor Hendricks')",0.0,4,0,0,0,0,0,0,0,1,0,1,0.0,1.0,0.0,0.0,0.0,0.0,0.0,0.0,0.0,0.0,1.0,9
22500158,UTA,BOS,79.2,76.2,"('Lauri Markkanen', 'Svi Mykhailiuk')",0.0,4,0,0,0,0,0,0,0,1,0,1,0.0,1.0,0.0,0.0,0.0,0.0,0.0,0.0,0.0,0.0,1.0,9
22500158,UTA,BOS,79.2,76.2,"('Lauri Markkanen', 'Taylor Hendricks')",0.0,4,0,0,0,0,0,0,0,1,0,1,0.0,1.0,0.0,0.0,0.0,0.0,0.0,0.0,0.0,0.0,1.0,9
22500158,UTA,BOS,79.2,76.2,"('Svi Mykhailiuk', 'Taylor Hendricks')",0.0,4,0,0,0,0,0,0,0,1,0,1,0.0,1.0,0.0,0.0,0.0,0.0,0.0,0.0,0.0,0.0,1.0,9
22500172,UTA,DET,80.8,79.0,"('Kyle Filipowski', 'Lauri Markkanen')",0.5,4,4,2,0,0,0,1,0,0,0,1,1.88,1.0,0.0,0.0,0.0,2.0,0.0,0.0,0.0,2.0,2.88,10
22500172,UTA,DET,80.8,79.0,"('Kyle Filipowski', 'Svi Mykhailiuk')",0.5,4,4,2,0,0,0,1,0,0,0,1,1.88,1.0,0.0,0.0,0.0,2.0,0.0,0.0,0.0,2.0,2.88,10
22500172,UTA,DET,80.8,79.0,"('Kyle Filipowski', 'Taylor Hendricks')",0.5,4,4,2,0,0,0,1,0,0,0,1,1.88,1.0,0.0,0.0,0.0,2.0,0.0,0.0,0.0,2.0,2.88,10
22500172,UTA,DET,80.8,79.0,"('Kyle Filipowski', 'Walter Clayton Jr.')",0.5,4,4,2,0,0,0,1,0,0,0,1,1.88,1.0,0.0,0.0,0.0,2.0,0.0,0.0,0.0,2.0,2.88,10
22500172,UTA,DET,80.8,79.0,"('Lauri Markkanen', 'Svi Mykhailiuk')",0.5,4,4,2,0,0,0,1,0,0,0,1,1.88,1.0,0.0,0.0,0.0,2.0,0.0,0.0,0.0,2.0,2.88,10
22500172,UTA,DET,80.8,79.0,"('Lauri Markkanen', 'Taylor Hendricks')",0.5,4,4,2,0,0,0,1,0,0,0,1,1.88,1.0,0.0,0.0,0.0,2.0,0.0,0.0,0.0,2.0,2.88,10
22500172,UTA,DET,80.8,79.0,"('Lauri Markkanen', 'Walter Clayton Jr.')",0.5,4,4,2,0,0,0,1,0,0,0,1,1.88,1.0,0.0,0.0,0.0,2.0,0.0,0.0,0.0,2.0,2.88,10
22500172,UTA,DET,80.8,79.0,"('Svi Mykhailiuk', 'Taylor Hendricks')",0.5,4,4,2,0,0,0,1,0,0,0,1,1.88,1.0,0.0,0.0,0.0,2.0,0.0,0.0,0.0,2.0,2.88,10
22500172,UTA,DET,80.8,79.0,"('Svi Mykhailiuk', 'Walter Clayton Jr.')",0.5,4,4,2,0,0,0,1,0,0,0,1,1.88,1.0,0.0,0.0,0.0,2.0,0.0,0.0,0.0,2.0,2.88,10
22500172,UTA,DET,80.8,79.0,"('Taylor Hendricks', 'Walter Clayton Jr.')",0.5,4,4,2,0,0,0,1,0,0,0,1,1.88,1.0,0.0,0.0,0.0,2.0,0.0,0.0,0.0,2.0,2.88,10
22500172,UTA,DET,81.2,79.6,"('Jusuf Nurkić', 'Keyonte George')",6.421666666666665,4,21,18,7,5,5,4,1,0,0,3,14.76,11.0,0.0,0.0,4.0,8.0,0.0,0.0,0.0,4.0,25.76,10
22500172,UTA,DET,81.2,79.6,"('Jusuf Nurkić', 'Kyle Filipowski')",6.421666666666665,4,21,18,7,5,5,4,1,0,0,3,14.76,11.0,0.0,0.0,4.0,8.0,0.0,0.0,0.0,4.0,25.76,10
22500172,UTA,DET,81.2,79.6,"('Jusuf Nurkić', 'Lauri Markkanen')",6.421666666666665,4,21,18,7,5,5,4,1,0,0,3,14.76,11.0,0.0,0.0,4.0,8.0,0.0,0.0,0.0,4.0,25.76,10
22500172,UTA,DET,81.2,79.6,"('Jusuf Nurkić', 'Svi Mykhailiuk')",6.421666666666665,4,21,18,7,5,5,4,1,0,0,3,14.76,11.0,0.0,0.0,4.0,8.0,0.0,0.0,0.0,4.0,25.76,10
22500172,UTA,DET,81.2,79.6,"('Keyonte George', 'Kyle Filipowski')",6.421666666666665,4,21,18,7,5,5,4,1,0,0,3,14.76,11.0,0.0,0.0,4.0,8.0,0.0,0.0,0.0,4.0,25.76,10
22500172,UTA,DET,81.2,79.6,"('Keyonte George', 'Lauri Markkanen')",6.421666666666665,4,21,18,7,5,5,4,1,0,0,3,14.76,11.0,0.0,0.0,4.0,8.0,0.0,0.0,0.0,4.0,25.76,10
22500172,UTA,DET,81.2,79.6,"('Keyonte George', 'Svi Mykhailiuk')",6.421666666666665,4,21,18,7,5,5,4,1,0,0,3,14.76,11.0,0.0,0.0,4.0,8.0,0.0,0.0,0.0,4.0,25.76,10
22500172,UTA,DET,81.2,79.6,"('Kyle Filipowski', 'Lauri Markkanen')",6.421666666666665,4,21,18,7,5,5,4,1,0,0,3,14.76,11.0,0.0,0.0,4.0,8.0,0.0,0.0,0.0,4.0,25.76,10
22500172,UTA,DET,81.2,79.6,"('Kyle Filipowski', 'Svi Mykhailiuk')",6.421666666666665,4,21,18,7,5,5,4,1,0,0,3,14.76,11.0,0.0,0.0,4.0,8.0,0.0,0.0,0.0,4.0,25.76,10
22500172,UTA,DET,81.2,79.6,"('Lauri Markkanen', 'Svi Mykhailiuk')",6.421666666666665,4,21,18,7,5,5,4,1,0,0,3,14.76,11.0,0.0,0.0,4.0,8.0,0.0,0.0,0.0,4.0,25.76,10
22500172,UTA,DET,79.2,79.6,"('Ace Bailey', 'Elijah Harkless')",0.5716666666666668,4,0,2,0,1,0,0,0,1,2,0,1.0,1.88,0.0,0.0,0.0,0.0,0.0,0.0,0.0,0.0,2.88,10
22500172,UTA,DET,79.2,79.6,"('Ace Bailey', 'Keyonte George')",0.5716666666666668,4,0,2,0,1,0,0,0,1,2,0,1.0,1.88,0.0,0.0,0.0,0.0,0.0,0.0,0.0,0.0,2.88,10
22500172,UTA,DET,79.2,79.6,"('Ace Bailey', 'Lauri Markkanen')",0.5716666666666668,4,0,2,0,1,0,0,0,1,2,0,1.0,1.88,0.0,0.0,0.0,0.0,0.0,0.0,0.0,0.0,2.88,10
22500172,UTA,DET,79.2,79.6,"('Ace Bailey', 'Svi Mykhailiuk')",0.5716666666666668,4,0,2,0,1,0,0,0,1,2,0,1.0,1.88,0.0,0.0,0.0,0.0,0.0,0.0,0.0,0.0,2.88,10
22500172,UTA,DET,79.2,79.6,"('Elijah Harkless', 'Keyonte George')",0.5716666666666668,4,0,2,0,1,0,0,0,1,2,0,1.0,1.88,0.0,0.0,0.0,0.0,0.0,0.0,0.0,0.0,2.88,10
22500172,UTA,DET,79.2,79.6,"('Elijah Harkless', 'Lauri Markkanen')",0.5716666666666668,4,0,2,0,1,0,0,0,1,2,0,1.0,1.88,0.0,0.0,0.0,0.0,0.0,0.0,0.0,0.0,2.88,10
22500172,UTA,DET,79.2,79.6,"('Elijah Harkless', 'Svi Mykhailiuk')",0.5716666666666668,4,0,2,0,1,0,0,0,1,2,0,1.0,1.88,0.0,0.0,0.0,0.0,0.0,0.0,0.0,0.0,2.88,10
22500172,UTA,DET,79.2,79.6,"('Keyonte George', 'Lauri Markkanen')",0.5716666666666668,4,0,2,0,1,0,0,0,1,2,0,1.0,1.88,0.0,0.0,0.0,0.0,0.0,0.0,0.0,0.0,2.88,10
22500172,UTA,DET,79.2,79.6,"('Keyonte George', 'Svi Mykhailiuk')",0.5716666666666668,4,0,2,0,1,0,0,0,1,2,0,1.0,1.88,0.0,0.0,0.0,0.0,0.0,0.0,0.0,0.0,2.88,10
22500172,UTA,DET,79.2,79.6,"('Lauri Markkanen', 'Svi Mykhailiuk')",0.5716666666666668,4,0,2,0,1,0,0,0,1,2,0,1.0,1.88,0.0,0.0,0.0,0.0,0.0,0.0,0.0,0.0,2.88,10
22500172,UTA,DET,81.2,79.0,"('Jusuf Nurkić', 'Kyle Filipowski')",1.5333333333333332,2,3,6,0,2,1,1,1,1,0,0,4.0,3.0,3.0,3.0,0.0,0.0,0.0,3.0,0.0,0.0,7.0,10
22500172,UTA,DET,81.2,79.0,"('Jusuf Nurkić', 'Lauri Markkanen')",1.5333333333333332,2,3,6,0,2,1,1,1,1,0,0,4.0,3.0,3.0,3.0,0.0,0.0,0.0,3.0,0.0,0.0,7.0,10
22500172,UTA,DET,81.2,79.0,"('Jusuf Nurkić', 'Svi Mykhailiuk')",1.5333333333333332,2,3,6,0,2,1,1,1,1,0,0,4.0,3.0,3.0,3.0,0.0,0.0,0.0,3.0,0.0,0.0,7.0,10
22500172,UTA,DET,81.2,79.0,"('Jusuf Nurkić', 'Walter Clayton Jr.')",1.5333333333333332,2,3,6,0,2,1,1,1,1,0,0,4.0,3.0,3.0,3.0,0.0,0.0,0.0,3.0,0.0,0.0,7.0,10
22500172,UTA,DET,81.2,79.0,"('Kyle Filipowski', 'Lauri Markkanen')",1.5333333333333332,2,3,6,0,2,1,1,1,1,0,0,4.0,3.0,3.0,3.0,0.0,0.0,0.0,3.0,0.0,0.0,7.0,10
22500172,UTA,DET,81.2,79.0,"('Kyle Filipowski', 'Svi Mykhailiuk')",1.5333333333333332,2,3,6,0,2,1,1,1,1,0,0,4.0,3.0,3.0,3.0,0.0,0.0,0.0,3.0,0.0,0.0,7.0,10
22500172,UTA,DET,81.2,79.0,"('Kyle Filipowski', 'Walter Clayton Jr.')",1.5333333333333332,2,3,6,0,2,1,1,1,1,0,0,4.0,3.0,3.0,3.0,0.0,0.0,0.0,3.0,0.0,0.0,7.0,10
22500172,UTA,DET,81.2,79.0,"('Lauri Markkanen', 'Svi Mykhailiuk')",1.5333333333333332,2,3,6,0,2,1,1,1,1,0,0,4.0,3.0,3.0,3.0,0.0,0.0,0.0,3.0,0.0,0.0,7.0,10
22500172,UTA,DET,81.2,79.0,"('Lauri Markkanen', 'Walter Clayton Jr.')",1.5333333333333332,2,3,6,0,2,1,1,1,1,0,0,4.0,3.0,3.0,3.0,0.0,0.0,0.0,3.0,0.0,0.0,7.0,10
22500172,UTA,DET,81.2,79.0,"('Svi Mykhailiuk', 'Walter Clayton Jr.')",1.5333333333333332,2,3,6,0,2,1,1,1,1,0,0,4.0,3.0,3.0,3.0,0.0,0.0,0.0,3.0,0.0,0.0,7.0,10
22500172,UTA,DET,80.8,79.8,"('Jusuf Nurkić', 'Lauri Markkanen')",3.616666666666666,2,10,0,8,3,4,0,2,1,1,1,11.0,10.0,5.0,2.0,0.0,4.0,0.0,0.0,0.0,0.0,21.0,10
22500172,UTA,DET,80.8,79.8,"('Jusuf Nurkić', 'Svi Mykhailiuk')",3.616666666666666,2,10,0,8,3,4,0,2,1,1,1,11.0,10.0,5.0,2.0,0.0,4.0,0.0,0.0,0.0,0.0,21.0,10
22500172,UTA,DET,80.8,79.8,"('Jusuf Nurkić', 'Taylor Hendricks')",3.616666666666666,2,10,0,8,3,4,0,2,1,1,1,11.0,10.0,5.0,2.0,0.0,4.0,0.0,0.0,0.0,0.0,21.0,10
22500172,UTA,DET,80.8,79.8,"('Jusuf Nurkić', 'Walter Clayton Jr.')",3.616666666666666,2,10,0,8,3,4,0,2,1,1,1,11.0,10.0,5.0,2.0,0.0,4.0,0.0,0.0,0.0,0.0,21.0,10
22500172,UTA,DET,80.8,79.8,"('Lauri Markkanen', 'Svi Mykhailiuk')",3.616666666666666,2,10,0,8,3,4,0,2,1,1,1,11.0,10.0,5.0,2.0,0.0,4.0,0.0,0.0,0.0,0.0,21.0,10
22500172,UTA,DET,80.8,79.8,"('Lauri Markkanen', 'Taylor Hendricks')",3.616666666666666,2,10,0,8,3,4,0,2,1,1,1,11.0,10.0,5.0,2.0,0.0,4.0,0.0,0.0,0.0,0.0,21.0,10
22500172,UTA,DET,80.8,79.8,"('Lauri Markkanen', 'Walter Clayton Jr.')",3.616666666666666,2,10,0,8,3,4,0,2,1,1,1,11.0,10.0,5.0,2.0,0.0,4.0,0.0,0.0,0.0,0.0,21.0,10
22500172,UTA,DET,80.8,79.8,"('Svi Mykhailiuk', 'Taylor Hendricks')",3.616666666666666,2,10,0,8,3,4,0,2,1,1,1,11.0,10.0,5.0,2.0,0.0,4.0,0.0,0.0,0.0,0.0,21.0,10
22500172,UTA,DET,80.8,79.8,"('Svi Mykhailiuk', 'Walter Clayton Jr.')",3.616666666666666,2,10,0,8,3,4,0,2,1,1,1,11.0,10.0,5.0,2.0,0.0,4.0,0.0,0.0,0.0,0.0,21.0,10
22500172,UTA,DET,80.8,79.8,"('Taylor Hendricks', 'Walter Clayton Jr.')",3.616666666666666,2,10,0,8,3,4,0,2,1,1,1,11.0,10.0,5.0,2.0,0.0,4.0,0.0,0.0,0.0,0.0,21.0,10
22500172,UTA,DET,80.8,79.6,"('Ace Bailey', 'Jusuf Nurkić')",1.9566666666666668,2,2,6,1,3,0,2,0,1,0,1,4.0,4.0,2.0,2.0,0.0,2.0,0.0,2.0,0.0,6.0,8.0,10
22500172,UTA,DET,80.8,79.6,"('Ace Bailey', 'Keyonte George')",1.9566666666666668,2,2,6,1,3,0,2,0,1,0,1,4.0,4.0,2.0,2.0,0.0,2.0,0.0,2.0,0.0,6.0,8.0,10
22500172,UTA,DET,80.8,79.6,"('Ace Bailey', 'Lauri Markkanen')",1.9566666666666668,2,2,6,1,3,0,2,0,1,0,1,4.0,4.0,2.0,2.0,0.0,2.0,0.0,2.0,0.0,6.0,8.0,10
22500172,UTA,DET,80.8,79.6,"('Ace Bailey', 'Svi Mykhailiuk')",1.9566666666666668,2,2,6,1,3,0,2,0,1,0,1,4.0,4.0,2.0,2.0,0.0,2.0,0.0,2.0,0.0,6.0,8.0,10
22500172,UTA,DET,80.8,79.6,"('Jusuf Nurkić', 'Keyonte George')",1.9566666666666668,2,2,6,1,3,0,2,0,1,0,1,4.0,4.0,2.0,2.0,0.0,2.0,0.0,2.0,0.0,6.0,8.0,10
22500172,UTA,DET,80.8,79.6,"('Jusuf Nurkić', 'Lauri Markkanen')",1.9566666666666668,2,2,6,1,3,0,2,0,1,0,1,4.0,4.0,2.0,2.0,0.0,2.0,0.0,2.0,0.0,6.0,8.0,10
22500172,UTA,DET,80.8,79.6,"('Jusuf Nurkić', 'Svi Mykhailiuk')",1.9566666666666668,2,2,6,1,3,0,2,0,1,0,1,4.0,4.0,2.0,2.0,0.0,2.0,0.0,2.0,0.0,6.0,8.0,10
22500172,UTA,DET,80.8,79.6,"('Keyonte George', 'Lauri Markkanen')",1.9566666666666668,2,2,6,1,3,0,2,0,1,0,1,4.0,4.0,2.0,2.0,0.0,2.0,0.0,2.0,0.0,6.0,8.0,10
22500172,UTA,DET,80.8,79.6,"('Keyonte George', 'Svi Mykhailiuk')",1.9566666666666668,2,2,6,1,3,0,2,0,1,0,1,4.0,4.0,2.0,2.0,0.0,2.0,0.0,2.0,0.0,6.0,8.0,10
22500172,UTA,DET,80.8,79.6,"('Lauri Markkanen', 'Svi Mykhailiuk')",1.9566666666666668,2,2,6,1,3,0,2,0,1,0,1,4.0,4.0,2.0,2.0,0.0,2.0,0.0,2.0,0.0,6.0,8.0,10
22500172,UTA,DET,80.8,78.6,"('Jusuf Nurkić', 'Keyonte George')",5.081666666666664,3,4,11,3,9,0,2,0,2,2,3,8.88,10.32,0.0,0.0,0.0,2.0,2.0,2.0,4.0,8.0,19.200000000000003,10
22500172,UTA,DET,80.8,78.6,"('Jusuf Nurkić', 'Lauri Markkanen')",5.081666666666664,3,4,11,3,9,0,2,0,2,2,3,8.88,10.32,0.0,0.0,0.0,2.0,2.0,2.0,4.0,8.0,19.200000000000003,10
22500172,UTA,DET,80.8,78.6,"('Jusuf Nurkić', 'Svi Mykhailiuk')",5.081666666666664,3,4,11,3,9,0,2,0,2,2,3,8.88,10.32,0.0,0.0,0.0,2.0,2.0,2.0,4.0,8.0,19.200000000000003,10
22500172,UTA,DET,80.8,78.6,"('Jusuf Nurkić', 'Taylor Hendricks')",5.081666666666664,3,4,11,3,9,0,2,0,2,2,3,8.88,10.32,0.0,0.0,0.0,2.0,2.0,2.0,4.0,8.0,19.200000000000003,10
22500172,UTA,DET,80.8,78.6,"('Keyonte George', 'Lauri Markkanen')",5.081666666666664,3,4,11,3,9,0,2,0,2,2,3,8.88,10.32,0.0,0.0,0.0,2.0,2.0,2.0,4.0,8.0,19.200000000000003,10
22500172,UTA,DET,80.8,78.6,"('Keyonte George', 'Svi Mykhailiuk')",5.081666666666664,3,4,11,3,9,0,2,0,2,2,3,8.88,10.32,0.0,0.0,0.0,2.0,2.0,2.0,4.0,8.0,19.200000000000003,10
22500172,UTA,DET,80.8,78.6,"('Keyonte George', 'Taylor Hendricks')",5.081666666666664,3,4,11,3,9,0,2,0,2,2,3,8.88,10.32,0.0,0.0,0.0,2.0,2.0,2.0,4.0,8.0,19.200000000000003,10
22500172,UTA,DET,80.8,78.6,"('Lauri Markkanen', 'Svi Mykhailiuk')",5.081666666666664,3,4,11,3,9,0,2,0,2,2,3,8.88,10.32,0.0,0.0,0.0,2.0,2.0,2.0,4.0,8.0,19.200000000000003,10
22500172,UTA,DET,80.8,78.6,"('Lauri Markkanen', 'Taylor Hendricks')",5.081666666666664,3,4,11,3,9,0,2,0,2,2,3,8.88,10.32,0.0,0.0,0.0,2.0,2.0,2.0,4.0,8.0,19.200000000000003,10
22500172,UTA,DET,80.8,78.6,"('Svi Mykhailiuk', 'Taylor Hendricks')",5.081666666666664,3,4,11,3,9,0,2,0,2,2,3,8.88,10.32,0.0,0.0,0.0,2.0,2.0,2.0,4.0,8.0,19.200000000000003,10
22500172,UTA,DET,80.6,80.0,"('Ace Bailey', 'Kevin Love')",1.9666666666666668,2,4,6,1,5,1,1,0,0,1,0,4.44,4.0,0.0,0.0,0.0,0.0,0.0,0.0,4.0,6.0,8.440000000000001,10
22500172,UTA,DET,80.6,80.0,"('Ace Bailey', 'Keyonte George')",1.9666666666666668,2,4,6,1,5,1,1,0,0,1,0,4.44,4.0,0.0,0.0,0.0,0.0,0.0,0.0,4.0,6.0,8.440000000000001,10
22500172,UTA,DET,80.6,80.0,"('Ace Bailey', 'Lauri Markkanen')",1.9666666666666668,2,4,6,1,5,1,1,0,0,1,0,4.44,4.0,0.0,0.0,0.0,0.0,0.0,0.0,4.0,6.0,8.440000000000001,10
22500172,UTA,DET,80.6,80.0,"('Ace Bailey', 'Svi Mykhailiuk')",1.9666666666666668,2,4,6,1,5,1,1,0,0,1,0,4.44,4.0,0.0,0.0,0.0,0.0,0.0,0.0,4.0,6.0,8.440000000000001,10
22500172,UTA,DET,80.6,80.0,"('Kevin Love', 'Keyonte George')",1.9666666666666668,2,4,6,1,5,1,1,0,0,1,0,4.44,4.0,0.0,0.0,0.0,0.0,0.0,0.0,4.0,6.0,8.440000000000001,10
22500172,UTA,DET,80.6,80.0,"('Kevin Love', 'Lauri Markkanen')",1.9666666666666668,2,4,6,1,5,1,1,0,0,1,0,4.44,4.0,0.0,0.0,0.0,0.0,0.0,0.0,4.0,6.0,8.440000000000001,10
22500172,UTA,DET,80.6,80.0,"('Kevin Love', 'Svi Mykhailiuk')",1.9666666666666668,2,4,6,1,5,1,1,0,0,1,0,4.44,4.0,0.0,0.0,0.0,0.0,0.0,0.0,4.0,6.0,8.440000000000001,10
22500172,UTA,DET,80.6,80.0,"('Keyonte George', 'Lauri Markkanen')",1.9666666666666668,2,4,6,1,5,1,1,0,0,1,0,4.44,4.0,0.0,0.0,0.0,0.0,0.0,0.0,4.0,6.0,8.440000000000001,10
22500172,UTA,DET,80.6,80.0,"('Keyonte George', 'Svi Mykhailiuk')",1.9666666666666668,2,4,6,1,5,1,1,0,0,1,0,4.44,4.0,0.0,0.0,0.0,0.0,0.0,0.0,4.0,6.0,8.440000000000001,10
22500172,UTA,DET,80.6,80.0,"('Lauri Markkanen', 'Svi Mykhailiuk')",1.9666666666666668,2,4,6,1,5,1,1,0,0,1,0,4.44,4.0,0.0,0.0,0.0,0.0,0.0,0.0,4.0,6.0,8.440000000000001,10
22500172,UTA,DET,80.2,79.8,"('Ace Bailey', 'Kevin Love')",2.816666666666667,2,6,7,1,1,1,2,1,1,0,2,4.44,5.0,0.0,3.0,0.0,2.0,2.0,2.0,0.0,4.0,9.44,10
22500172,UTA,DET,80.2,79.8,"('Ace Bailey', 'Keyonte George')",2.816666666666667,2,6,7,1,1,1,2,1,1,0,2,4.44,5.0,0.0,3.0,0.0,2.0,2.0,2.0,0.0,4.0,9.44,10
22500172,UTA,DET,80.2,79.8,"('Ace Bailey', 'Kyle Filipowski')",2.816666666666667,2,6,7,1,1,1,2,1,1,0,2,4.44,5.0,0.0,3.0,0.0,2.0,2.0,2.0,0.0,4.0,9.44,10
22500172,UTA,DET,80.2,79.8,"('Ace Bailey', 'Svi Mykhailiuk')",2.816666666666667,2,6,7,1,1,1,2,1,1,0,2,4.44,5.0,0.0,3.0,0.0,2.0,2.0,2.0,0.0,4.0,9.44,10
22500172,UTA,DET,80.2,79.8,"('Kevin Love', 'Keyonte George')",2.816666666666667,2,6,7,1,1,1,2,1,1,0,2,4.44,5.0,0.0,3.0,0.0,2.0,2.0,2.0,0.0,4.0,9.44,10
22500172,UTA,DET,80.2,79.8,"('Kevin Love', 'Kyle Filipowski')",2.816666666666667,2,6,7,1,1,1,2,1,1,0,2,4.44,5.0,0.0,3.0,0.0,2.0,2.0,2.0,0.0,4.0,9.44,10
22500172,UTA,DET,80.2,79.8,"('Kevin Love', 'Svi Mykhailiuk')",2.816666666666667,2,6,7,1,1,1,2,1,1,0,2,4.44,5.0,0.0,3.0,0.0,2.0,2.0,2.0,0.0,4.0,9.44,10
22500172,UTA,DET,80.2,79.8,"('Keyonte George', 'Kyle Filipowski')",2.816666666666667,2,6,7,1,1,1,2,1,1,0,2,4.44,5.0,0.0,3.0,0.0,2.0,2.0,2.0,0.0,4.0,9.44,10
22500172,UTA,DET,80.2,79.8,"('Keyonte George', 'Svi Mykhailiuk')",2.816666666666667,2,6,7,1,1,1,2,1,1,0,2,4.44,5.0,0.0,3.0,0.0,2.0,2.0,2.0,0.0,4.0,9.44,10
22500172,UTA,DET,80.2,79.8,"('Kyle Filipowski', 'Svi Mykhailiuk')",2.816666666666667,2,6,7,1,1,1,2,1,1,0,2,4.44,5.0,0.0,3.0,0.0,2.0,2.0,2.0,0.0,4.0,9.44,10
22500172,UTA,DET,80.0,78.8,"('Elijah Harkless', 'Kyle Filipowski')",0.3183333333333333,1,1,0,0,0,0,0,0,0,1,0,0.44,1.0,0.0,0.0,0.0,0.0,0.0,0.0,0.0,0.0,1.44,10
22500172,UTA,DET,80.0,78.8,"('Elijah Harkless', 'Lauri Markkanen')",0.3183333333333333,1,1,0,0,0,0,0,0,0,1,0,0.44,1.0,0.0,0.0,0.0,0.0,0.0,0.0,0.0,0.0,1.44,10
22500172,UTA,DET,80.0,78.8,"('Elijah Harkless', 'Taylor Hendricks')",0.3183333333333333,1,1,0,0,0,0,0,0,0,1,0,0.44,1.0,0.0,0.0,0.0,0.0,0.0,0.0,0.0,0.0,1.44,10
22500172,UTA,DET,80.0,78.8,"('Elijah Harkless', 'Walter Clayton Jr.')",0.3183333333333333,1,1,0,0,0,0,0,0,0,1,0,0.44,1.0,0.0,0.0,0.0,0.0,0.0,0.0,0.0,0.0,1.44,10
22500172,UTA,DET,80.0,78.8,"('Kyle Filipowski', 'Lauri Markkanen')",0.3183333333333333,1,1,0,0,0,0,0,0,0,1,0,0.44,1.0,0.0,0.0,0.0,0.0,0.0,0.0,0.0,0.0,1.44,10
22500172,UTA,DET,80.0,78.8,"('Kyle Filipowski', 'Taylor Hendricks')",0.3183333333333333,1,1,0,0,0,0,0,0,0,1,0,0.44,1.0,0.0,0.0,0.0,0.0,0.0,0.0,0.0,0.0,1.44,10
22500172,UTA,DET,80.0,78.8,"('Kyle Filipowski', 'Walter Clayton Jr.')",0.3183333333333333,1,1,0,0,0,0,0,0,0,1,0,0.44,1.0,0.0,0.0,0.0,0.0,0.0,0.0,0.0,0.0,1.44,10
22500172,UTA,DET,80.0,78.8,"('Lauri Markkanen', 'Taylor Hendricks')",0.3183333333333333,1,1,0,0,0,0,0,0,0,1,0,0.44,1.0,0.0,0.0,0.0,0.0,0.0,0.0,0.0,0.0,1.44,10
22500172,UTA,DET,80.0,78.8,"('Lauri Markkanen', 'Walter Clayton Jr.')",0.3183333333333333,1,1,0,0,0,0,0,0,0,1,0,0.44,1.0,0.0,0.0,0.0,0.0,0.0,0.0,0.0,0.0,1.44,10
22500172,UTA,DET,80.0,78.8,"('Taylor Hendricks', 'Walter Clayton Jr.')",0.3183333333333333,1,1,0,0,0,0,0,0,0,1,0,0.44,1.0,0.0,0.0,0.0,0.0,0.0,0.0,0.0,0.0,1.44,10
22500172,UTA,DET,81.2,79.2,"('Jusuf Nurkić', 'Kyle Filipowski')",1.4666666666666668,4,3,9,0,0,1,1,2,0,0,0,3.44,4.0,0.0,0.0,0.0,2.0,5.0,2.0,0.0,4.0,7.439999999999999,10
22500172,UTA,DET,81.2,79.2,"('Jusuf Nurkić', 'Lauri Markkanen')",1.4666666666666668,4,3,9,0,0,1,1,2,0,0,0,3.44,4.0,0.0,0.0,0.0,2.0,5.0,2.0,0.0,4.0,7.439999999999999,10
22500172,UTA,DET,81.2,79.2,"('Jusuf Nurkić', 'Svi Mykhailiuk')",1.4666666666666668,4,3,9,0,0,1,1,2,0,0,0,3.44,4.0,0.0,0.0,0.0,2.0,5.0,2.0,0.0,4.0,7.439999999999999,10
22500172,UTA,DET,81.2,79.2,"('Jusuf Nurkić', 'Walter Clayton Jr.')",1.4666666666666668,4,3,9,0,0,1,1,2,0,0,0,3.44,4.0,0.0,0.0,0.0,2.0,5.0,2.0,0.0,4.0,7.439999999999999,10
22500172,UTA,DET,81.2,79.2,"('Kyle Filipowski', 'Lauri Markkanen')",1.4666666666666668,4,3,9,0,0,1,1,2,0,0,0,3.44,4.0,0.0,0.0,0.0,2.0,5.0,2.0,0.0,4.0,7.439999999999999,10
22500172,UTA,DET,81.2,79.2,"('Kyle Filipowski', 'Svi Mykhailiuk')",1.4666666666666668,4,3,9,0,0,1,1,2,0,0,0,3.44,4.0,0.0,0.0,0.0,2.0,5.0,2.0,0.0,4.0,7.439999999999999,10
22500172,UTA,DET,81.2,79.2,"('Kyle Filipowski', 'Walter Clayton Jr.')",1.4666666666666668,4,3,9,0,0,1,1,2,0,0,0,3.44,4.0,0.0,0.0,0.0,2.0,5.0,2.0,0.0,4.0,7.439999999999999,10
22500172,UTA,DET,81.2,79.2,"('Lauri Markkanen', 'Svi Mykhailiuk')",1.4666666666666668,4,3,9,0,0,1,1,2,0,0,0,3.44,4.0,0.0,0.0,0.0,2.0,5.0,2.0,0.0,4.0,7.439999999999999,10
22500172,UTA,DET,81.2,79.2,"('Lauri Markkanen', 'Walter Clayton Jr.')",1.4666666666666668,4,3,9,0,0,1,1,2,0,0,0,3.44,4.0,0.0,0.0,0.0,2.0,5.0,2.0,0.0,4.0,7.439999999999999,10
22500172,UTA,DET,81.2,79.2,"('Svi Mykhailiuk', 'Walter Clayton Jr.')",1.4666666666666668,4,3,9,0,0,1,1,2,0,0,0,3.44,4.0,0.0,0.0,0.0,2.0,5.0,2.0,0.0,4.0,7.439999999999999,10
22500172,UTA,DET,79.8,79.6,"('Ace Bailey', 'Elijah Harkless')",1.65,3,2,7,0,2,1,1,0,0,2,1,2.0,3.44,0.0,0.0,0.0,0.0,0.0,0.0,2.0,4.0,5.44,10
22500172,UTA,DET,79.8,79.6,"('Ace Bailey', 'Kevin Love')",1.65,3,2,7,0,2,1,1,0,0,2,1,2.0,3.44,0.0,0.0,0.0,0.0,0.0,0.0,2.0,4.0,5.44,10
22500172,UTA,DET,79.8,79.6,"('Ace Bailey', 'Keyonte George')",1.65,3,2,7,0,2,1,1,0,0,2,1,2.0,3.44,0.0,0.0,0.0,0.0,0.0,0.0,2.0,4.0,5.44,10
22500172,UTA,DET,79.8,79.6,"('Ace Bailey', 'Lauri Markkanen')",1.65,3,2,7,0,2,1,1,0,0,2,1,2.0,3.44,0.0,0.0,0.0,0.0,0.0,0.0,2.0,4.0,5.44,10
22500172,UTA,DET,79.8,79.6,"('Elijah Harkless', 'Kevin Love')",1.65,3,2,7,0,2,1,1,0,0,2,1,2.0,3.44,0.0,0.0,0.0,0.0,0.0,0.0,2.0,4.0,5.44,10
22500172,UTA,DET,79.8,79.6,"('Elijah Harkless', 'Keyonte George')",1.65,3,2,7,0,2,1,1,0,0,2,1,2.0,3.44,0.0,0.0,0.0,0.0,0.0,0.0,2.0,4.0,5.44,10
22500172,UTA,DET,79.8,79.6,"('Elijah Harkless', 'Lauri Markkanen')",1.65,3,2,7,0,2,1,1,0,0,2,1,2.0,3.44,0.0,0.0,0.0,0.0,0.0,0.0,2.0,4.0,5.44,10
22500172,UTA,DET,79.8,79.6,"('Kevin Love', 'Keyonte George')",1.65,3,2,7,0,2,1,1,0,0,2,1,2.0,3.44,0.0,0.0,0.0,0.0,0.0,0.0,2.0,4.0,5.44,10
22500172,UTA,DET,79.8,79.6,"('Kevin Love', 'Lauri Markkanen')",1.65,3,2,7,0,2,1,1,0,0,2,1,2.0,3.44,0.0,0.0,0.0,0.0,0.0,0.0,2.0,4.0,5.44,10
22500172,UTA,DET,79.8,79.6,"('Keyonte George', 'Lauri Markkanen')",1.65,3,2,7,0,2,1,1,0,0,2,1,2.0,3.44,0.0,0.0,0.0,0.0,0.0,0.0,2.0,4.0,5.44,10
22500172,UTA,DET,79.8,79.2,"('Ace Bailey', 'Elijah Harkless')",0.55,3,4,0,2,1,1,0,0,0,0,1,2.44,1.0,0.0,0.0,3.0,0.0,0.0,0.0,0.0,0.0,3.44,10
22500172,UTA,DET,79.8,79.2,"('Ace Bailey', 'Kevin Love')",0.55,3,4,0,2,1,1,0,0,0,0,1,2.44,1.0,0.0,0.0,3.0,0.0,0.0,0.0,0.0,0.0,3.44,10
22500172,UTA,DET,79.8,79.2,"('Ace Bailey', 'Lauri Markkanen')",0.55,3,4,0,2,1,1,0,0,0,0,1,2.44,1.0,0.0,0.0,3.0,0.0,0.0,0.0,0.0,0.0,3.44,10
22500172,UTA,DET,79.8,79.2,"('Ace Bailey', 'Walter Clayton Jr.')",0.55,3,4,0,2,1,1,0,0,0,0,1,2.44,1.0,0.0,0.0,3.0,0.0,0.0,0.0,0.0,0.0,3.44,10
22500172,UTA,DET,79.8,79.2,"('Elijah Harkless', 'Kevin Love')",0.55,3,4,0,2,1,1,0,0,0,0,1,2.44,1.0,0.0,0.0,3.0,0.0,0.0,0.0,0.0,0.0,3.44,10
22500172,UTA,DET,79.8,79.2,"('Elijah Harkless', 'Lauri Markkanen')",0.55,3,4,0,2,1,1,0,0,0,0,1,2.44,1.0,0.0,0.0,3.0,0.0,0.0,0.0,0.0,0.0,3.44,10
22500172,UTA,DET,79.8,79.2,"('Elijah Harkless', 'Walter Clayton Jr.')",0.55,3,4,0,2,1,1,0,0,0,0,1,2.44,1.0,0.0,0.0,3.0,0.0,0.0,0.0,0.0,0.0,3.44,10
22500172,UTA,DET,79.8,79.2,"('Kevin Love', 'Lauri Markkanen')",0.55,3,4,0,2,1,1,0,0,0,0,1,2.44,1.0,0.0,0.0,3.0,0.0,0.0,0.0,0.0,0.0,3.44,10
22500172,UTA,DET,79.8,79.2,"('Kevin Love', 'Walter Clayton Jr.')",0.55,3,4,0,2,1,1,0,0,0,0,1,2.44,1.0,0.0,0.0,3.0,0.0,0.0,0.0,0.0,0.0,3.44,10
22500172,UTA,DET,79.8,79.2,"('Lauri Markkanen', 'Walter Clayton Jr.')",0.55,3,4,0,2,1,1,0,0,0,0,1,2.44,1.0,0.0,0.0,3.0,0.0,0.0,0.0,0.0,0.0,3.44,10
22500172,UTA,DET,80.8,79.0,"('Ace Bailey', 'Jusuf Nurkić')",0.0833333333333333,3,0,0,0,0,0,0,0,0,1,0,0.0,1.0,0.0,0.0,0.0,0.0,0.0,0.0,0.0,0.0,1.0,10
22500172,UTA,DET,80.8,79.0,"('Ace Bailey', 'Lauri Markkanen')",0.0833333333333333,3,0,0,0,0,0,0,0,0,1,0,0.0,1.0,0.0,0.0,0.0,0.0,0.0,0.0,0.0,0.0,1.0,10
22500172,UTA,DET,80.8,79.0,"('Ace Bailey', 'Svi Mykhailiuk')",0.0833333333333333,3,0,0,0,0,0,0,0,0,1,0,0.0,1.0,0.0,0.0,0.0,0.0,0.0,0.0,0.0,0.0,1.0,10
22500172,UTA,DET,80.8,79.0,"('Ace Bailey', 'Walter Clayton Jr.')",0.0833333333333333,3,0,0,0,0,0,0,0,0,1,0,0.0,1.0,0.0,0.0,0.0,0.0,0.0,0.0,0.0,0.0,1.0,10
22500172,UTA,DET,80.8,79.0,"('Jusuf Nurkić', 'Lauri Markkanen')",0.0833333333333333,3,0,0,0,0,0,0,0,0,1,0,0.0,1.0,0.0,0.0,0.0,0.0,0.0,0.0,0.0,0.0,1.0,10
22500172,UTA,DET,80.8,79.0,"('Jusuf Nurkić', 'Svi Mykhailiuk')",0.0833333333333333,3,0,0,0,0,0,0,0,0,1,0,0.0,1.0,0.0,0.0,0.0,0.0,0.0,0.0,0.0,0.0,1.0,10
22500172,UTA,DET,80.8,79.0,"('Jusuf Nurkić', 'Walter Clayton Jr.')",0.0833333333333333,3,0,0,0,0,0,0,0,0,1,0,0.0,1.0,0.0,0.0,0.0,0.0,0.0,0.0,0.0,0.0,1.0,10
22500172,UTA,DET,80.8,79.0,"('Lauri Markkanen', 'Svi Mykhailiuk')",0.0833333333333333,3,0,0,0,0,0,0,0,0,1,0,0.0,1.0,0.0,0.0,0.0,0.0,0.0,0.0,0.0,0.0,1.0,10
22500172,UTA,DET,80.8,79.0,"('Lauri Markkanen', 'Walter Clayton Jr.')",0.0833333333333333,3,0,0,0,0,0,0,0,0,1,0,0.0,1.0,0.0,0.0,0.0,0.0,0.0,0.0,0.0,0.0,1.0,10
22500172,UTA,DET,80.8,79.0,"('Svi Mykhailiuk', 'Walter Clayton Jr.')",0.0833333333333333,3,0,0,0,0,0,0,0,0,1,0,0.0,1.0,0.0,0.0,0.0,0.0,0.0,0.0,0.0,0.0,1.0,10
22500172,UTA,DET,80.0,79.0,"('Ace Bailey', 'Elijah Harkless')",0.4333333333333333,3,0,0,0,1,0,0,0,0,0,0,1.0,1.0,0.0,0.0,0.0,0.0,0.0,0.0,0.0,0.0,2.0,10
22500172,UTA,DET,80.0,79.0,"('Ace Bailey', 'Jusuf Nurkić')",0.4333333333333333,3,0,0,0,1,0,0,0,0,0,0,1.0,1.0,0.0,0.0,0.0,0.0,0.0,0.0,0.0,0.0,2.0,10
22500172,UTA,DET,80.0,79.0,"('Ace Bailey', 'Lauri Markkanen')",0.4333333333333333,3,0,0,0,1,0,0,0,0,0,0,1.0,1.0,0.0,0.0,0.0,0.0,0.0,0.0,0.0,0.0,2.0,10
22500172,UTA,DET,80.0,79.0,"('Ace Bailey', 'Walter Clayton Jr.')",0.4333333333333333,3,0,0,0,1,0,0,0,0,0,0,1.0,1.0,0.0,0.0,0.0,0.0,0.0,0.0,0.0,0.0,2.0,10
22500172,UTA,DET,80.0,79.0,"('Elijah Harkless', 'Jusuf Nurkić')",0.4333333333333333,3,0,0,0,1,0,0,0,0,0,0,1.0,1.0,0.0,0.0,0.0,0.0,0.0,0.0,0.0,0.0,2.0,10
22500172,UTA,DET,80.0,79.0,"('Elijah Harkless', 'Lauri Markkanen')",0.4333333333333333,3,0,0,0,1,0,0,0,0,0,0,1.0,1.0,0.0,0.0,0.0,0.0,0.0,0.0,0.0,0.0,2.0,10
22500172,UTA,DET,80.0,79.0,"('Elijah Harkless', 'Walter Clayton Jr.')",0.4333333333333333,3,0,0,0,1,0,0,0,0,0,0,1.0,1.0,0.0,0.0,0.0,0.0,0.0,0.0,0.0,0.0,2.0,10
22500172,UTA,DET,80.0,79.0,"('Jusuf Nurkić', 'Lauri Markkanen')",0.4333333333333333,3,0,0,0,1,0,0,0,0,0,0,1.0,1.0,0.0,0.0,0.0,0.0,0.0,0.0,0.0,0.0,2.0,10
22500172,UTA,DET,80.0,79.0,"('Jusuf Nurkić', 'Walter Clayton Jr.')",0.4333333333333333,3,0,0,0,1,0,0,0,0,0,0,1.0,1.0,0.0,0.0,0.0,0.0,0.0,0.0,0.0,0.0,2.0,10
22500172,UTA,DET,80.0,79.0,"('Lauri Markkanen', 'Walter Clayton Jr.')",0.4333333333333333,3,0,0,0,1,0,0,0,0,0,0,1.0,1.0,0.0,0.0,0.0,0.0,0.0,0.0,0.0,0.0,2.0,10
22500172,UTA,DET,80.2,79.0,"('Jusuf Nurkić', 'Keyonte George')",1.933333333333333,4,4,5,1,2,2,2,1,1,1,1,4.0,4.0,2.0,2.0,0.0,4.0,2.0,0.0,0.0,0.0,8.0,10
22500172,UTA,DET,80.2,79.0,"('Jusuf Nurkić', 'Lauri Markkanen')",1.933333333333333,4,4,5,1,2,2,2,1,1,1,1,4.0,4.0,2.0,2.0,0.0,4.0,2.0,0.0,0.0,0.0,8.0,10
22500172,UTA,DET,80.2,79.0,"('Jusuf Nurkić', 'Taylor Hendricks')",1.933333333333333,4,4,5,1,2,2,2,1,1,1,1,4.0,4.0,2.0,2.0,0.0,4.0,2.0,0.0,0.0,0.0,8.0,10
22500172,UTA,DET,80.2,79.0,"('Jusuf Nurkić', 'Walter Clayton Jr.')",1.933333333333333,4,4,5,1,2,2,2,1,1,1,1,4.0,4.0,2.0,2.0,0.0,4.0,2.0,0.0,0.0,0.0,8.0,10
22500172,UTA,DET,80.2,79.0,"('Keyonte George', 'Lauri Markkanen')",1.933333333333333,4,4,5,1,2,2,2,1,1,1,1,4.0,4.0,2.0,2.0,0.0,4.0,2.0,0.0,0.0,0.0,8.0,10
22500172,UTA,DET,80.2,79.0,"('Keyonte George', 'Taylor Hendricks')",1.933333333333333,4,4,5,1,2,2,2,1,1,1,1,4.0,4.0,2.0,2.0,0.0,4.0,2.0,0.0,0.0,0.0,8.0,10
22500172,UTA,DET,80.2,79.0,"('Keyonte George', 'Walter Clayton Jr.')",1.933333333333333,4,4,5,1,2,2,2,1,1,1,1,4.0,4.0,2.0,2.0,0.0,4.0,2.0,0.0,0.0,0.0,8.0,10
22500172,UTA,DET,80.2,79.0,"('Lauri Markkanen', 'Taylor Hendricks')",1.933333333333333,4,4,5,1,2,2,2,1,1,1,1,4.0,4.0,2.0,2.0,0.0,4.0,2.0,0.0,0.0,0.0,8.0,10
22500172,UTA,DET,80.2,79.0,"('Lauri Markkanen', 'Walter Clayton Jr.')",1.933333333333333,4,4,5,1,2,2,2,1,1,1,1,4.0,4.0,2.0,2.0,0.0,4.0,2.0,0.0,0.0,0.0,8.0,10
22500172,UTA,DET,80.2,79.0,"('Taylor Hendricks', 'Walter Clayton Jr.')",1.933333333333333,4,4,5,1,2,2,2,1,1,1,1,4.0,4.0,2.0,2.0,0.0,4.0,2.0,0.0,0.0,0.0,8.0,10
22500172,UTA,DET,80.8,79.0,"('Jusuf Nurkić', 'Keyonte George')",0.95,4,2,0,1,1,0,0,0,0,0,2,0.88,2.0,0.0,0.0,0.0,0.0,0.0,0.0,0.0,0.0,2.88,10
22500172,UTA,DET,80.8,79.0,"('Jusuf Nurkić', 'Lauri Markkanen')",0.95,4,2,0,1,1,0,0,0,0,0,2,0.88,2.0,0.0,0.0,0.0,0.0,0.0,0.0,0.0,0.0,2.88,10
22500172,UTA,DET,80.8,79.0,"('Jusuf Nurkić', 'Svi Mykhailiuk')",0.95,4,2,0,1,1,0,0,0,0,0,2,0.88,2.0,0.0,0.0,0.0,0.0,0.0,0.0,0.0,0.0,2.88,10
22500172,UTA,DET,80.8,79.0,"('Jusuf Nurkić', 'Taylor Hendricks')",0.95,4,2,0,1,1,0,0,0,0,0,2,0.88,2.0,0.0,0.0,0.0,0.0,0.0,0.0,0.0,0.0,2.88,10
22500172,UTA,DET,80.8,79.0,"('Keyonte George', 'Lauri Markkanen')",0.95,4,2,0,1,1,0,0,0,0,0,2,0.88,2.0,0.0,0.0,0.0,0.0,0.0,0.0,0.0,0.0,2.88,10
22500172,UTA,DET,80.8,79.0,"('Keyonte George', 'Svi Mykhailiuk')",0.95,4,2,0,1,1,0,0,0,0,0,2,0.88,2.0,0.0,0.0,0.0,0.0,0.0,0.0,0.0,0.0,2.88,10
22500172,UTA,DET,80.8,79.0,"('Keyonte George', 'Taylor Hendricks')",0.95,4,2,0,1,1,0,0,0,0,0,2,0.88,2.0,0.0,0.0,0.0,0.0,0.0,0.0,0.0,0.0,2.88,10
22500172,UTA,DET,80.8,79.0,"('Lauri Markkanen', 'Svi Mykhailiuk')",0.95,4,2,0,1,1,0,0,0,0,0,2,0.88,2.0,0.0,0.0,0.0,0.0,0.0,0.0,0.0,0.0,2.88,10
22500172,UTA,DET,80.8,79.0,"('Lauri Markkanen', 'Taylor Hendricks')",0.95,4,2,0,1,1,0,0,0,0,0,2,0.88,2.0,0.0,0.0,0.0,0.0,0.0,0.0,0.0,0.0,2.88,10
22500172,UTA,DET,80.8,79.0,"('Svi Mykhailiuk', 'Taylor Hendricks')",0.95,4,2,0,1,1,0,0,0,0,0,2,0.88,2.0,0.0,0.0,0.0,0.0,0.0,0.0,0.0,0.0,2.88,10
22500172,UTA,DET,79.4,79.4,"('Ace Bailey', 'Elijah Harkless')",2.9166666666666665,3,2,6,4,4,0,1,1,1,0,0,6.0,7.0,0.0,0.0,2.0,2.0,2.0,0.0,0.0,6.0,13.0,10
22500172,UTA,DET,79.4,79.4,"('Ace Bailey', 'Kevin Love')",2.9166666666666665,3,2,6,4,4,0,1,1,1,0,0,6.0,7.0,0.0,0.0,2.0,2.0,2.0,0.0,0.0,6.0,13.0,10
22500172,UTA,DET,79.4,79.4,"('Ace Bailey', 'Kyle Filipowski')",2.9166666666666665,3,2,6,4,4,0,1,1,1,0,0,6.0,7.0,0.0,0.0,2.0,2.0,2.0,0.0,0.0,6.0,13.0,10
22500172,UTA,DET,79.4,79.4,"('Ace Bailey', 'Walter Clayton Jr.')",2.9166666666666665,3,2,6,4,4,0,1,1,1,0,0,6.0,7.0,0.0,0.0,2.0,2.0,2.0,0.0,0.0,6.0,13.0,10
22500172,UTA,DET,79.4,79.4,"('Elijah Harkless', 'Kevin Love')",2.9166666666666665,3,2,6,4,4,0,1,1,1,0,0,6.0,7.0,0.0,0.0,2.0,2.0,2.0,0.0,0.0,6.0,13.0,10
22500172,UTA,DET,79.4,79.4,"('Elijah Harkless', 'Kyle Filipowski')",2.9166666666666665,3,2,6,4,4,0,1,1,1,0,0,6.0,7.0,0.0,0.0,2.0,2.0,2.0,0.0,0.0,6.0,13.0,10
22500172,UTA,DET,79.4,79.4,"('Elijah Harkless', 'Walter Clayton Jr.')",2.9166666666666665,3,2,6,4,4,0,1,1,1,0,0,6.0,7.0,0.0,0.0,2.0,2.0,2.0,0.0,0.0,6.0,13.0,10
22500172,UTA,DET,79.4,79.4,"('Kevin Love', 'Kyle Filipowski')",2.9166666666666665,3,2,6,4,4,0,1,1,1,0,0,6.0,7.0,0.0,0.0,2.0,2.0,2.0,0.0,0.0,6.0,13.0,10
22500172,UTA,DET,79.4,79.4,"('Kevin Love', 'Walter Clayton Jr.')",2.9166666666666665,3,2,6,4,4,0,1,1,1,0,0,6.0,7.0,0.0,0.0,2.0,2.0,2.0,0.0,0.0,6.0,13.0,10
22500172,UTA,DET,79.4,79.4,"('Kyle Filipowski', 'Walter Clayton Jr.')",2.9166666666666665,3,2,6,4,4,0,1,1,1,0,0,6.0,7.0,0.0,0.0,2.0,2.0,2.0,0.0,0.0,6.0,13.0,10
22500172,UTA,DET,80.8,79.0,"('Ace Bailey', 'Jusuf Nurkić')",1.22,3,2,1,3,0,0,0,2,0,1,1,3.88,3.44,0.0,0.0,0.0,0.0,0.0,0.0,0.0,0.0,7.32,10
22500172,UTA,DET,80.8,79.0,"('Ace Bailey', 'Keyonte George')",1.22,3,2,1,3,0,0,0,2,0,1,1,3.88,3.44,0.0,0.0,0.0,0.0,0.0,0.0,0.0,0.0,7.32,10
22500172,UTA,DET,80.8,79.0,"('Ace Bailey', 'Lauri Markkanen')",1.22,3,2,1,3,0,0,0,2,0,1,1,3.88,3.44,0.0,0.0,0.0,0.0,0.0,0.0,0.0,0.0,7.32,10
22500172,UTA,DET,80.8,79.0,"('Ace Bailey', 'Svi Mykhailiuk')",1.22,3,2,1,3,0,0,0,2,0,1,1,3.88,3.44,0.0,0.0,0.0,0.0,0.0,0.0,0.0,0.0,7.32,10
22500172,UTA,DET,80.8,79.0,"('Jusuf Nurkić', 'Keyonte George')",1.22,3,2,1,3,0,0,0,2,0,1,1,3.88,3.44,0.0,0.0,0.0,0.0,0.0,0.0,0.0,0.0,7.32,10
22500172,UTA,DET,80.8,79.0,"('Jusuf Nurkić', 'Lauri Markkanen')",1.22,3,2,1,3,0,0,0,2,0,1,1,3.88,3.44,0.0,0.0,0.0,0.0,0.0,0.0,0.0,0.0,7.32,10
22500172,UTA,DET,80.8,79.0,"('Jusuf Nurkić', 'Svi Mykhailiuk')",1.22,3,2,1,3,0,0,0,2,0,1,1,3.88,3.44,0.0,0.0,0.0,0.0,0.0,0.0,0.0,0.0,7.32,10
22500172,UTA,DET,80.8,79.0,"('Keyonte George', 'Lauri Markkanen')",1.22,3,2,1,3,0,0,0,2,0,1,1,3.88,3.44,0.0,0.0,0.0,0.0,0.0,0.0,0.0,0.0,7.32,10
22500172,UTA,DET,80.8,79.0,"('Keyonte George', 'Svi Mykhailiuk')",1.22,3,2,1,3,0,0,0,2,0,1,1,3.88,3.44,0.0,0.0,0.0,0.0,0.0,0.0,0.0,0.0,7.32,10
22500172,UTA,DET,80.8,79.0,"('Lauri Markkanen', 'Svi Mykhailiuk')",1.22,3,2,1,3,0,0,0,2,0,1,1,3.88,3.44,0.0,0.0,0.0,0.0,0.0,0.0,0.0,0.0,7.32,10
22500172,UTA,DET,79.6,79.0,"('Brice Sensabaugh', 'Keyonte George')",0.1166666666666666,1,2,0,1,0,1,0,0,0,0,0,1.0,1.0,0.0,0.0,0.0,2.0,0.0,0.0,0.0,0.0,2.0,10
22500172,UTA,DET,79.6,79.0,"('Brice Sensabaugh', 'Kyle Filipowski')",0.1166666666666666,1,2,0,1,0,1,0,0,0,0,0,1.0,1.0,0.0,0.0,0.0,2.0,0.0,0.0,0.0,0.0,2.0,10
22500172,UTA,DET,79.6,79.0,"('Brice Sensabaugh', 'Lauri Markkanen')",0.1166666666666666,1,2,0,1,0,1,0,0,0,0,0,1.0,1.0,0.0,0.0,0.0,2.0,0.0,0.0,0.0,0.0,2.0,10
22500172,UTA,DET,79.6,79.0,"('Brice Sensabaugh', 'Walter Clayton Jr.')",0.1166666666666666,1,2,0,1,0,1,0,0,0,0,0,1.0,1.0,0.0,0.0,0.0,2.0,0.0,0.0,0.0,0.0,2.0,10
22500172,UTA,DET,79.6,79.0,"('Keyonte George', 'Kyle Filipowski')",0.1166666666666666,1,2,0,1,0,1,0,0,0,0,0,1.0,1.0,0.0,0.0,0.0,2.0,0.0,0.0,0.0,0.0,2.0,10
22500172,UTA,DET,79.6,79.0,"('Keyonte George', 'Lauri Markkanen')",0.1166666666666666,1,2,0,1,0,1,0,0,0,0,0,1.0,1.0,0.0,0.0,0.0,2.0,0.0,0.0,0.0,0.0,2.0,10
22500172,UTA,DET,79.6,79.0,"('Keyonte George', 'Walter Clayton Jr.')",0.1166666666666666,1,2,0,1,0,1,0,0,0,0,0,1.0,1.0,0.0,0.0,0.0,2.0,0.0,0.0,0.0,0.0,2.0,10
22500172,UTA,DET,79.6,79.0,"('Kyle Filipowski', 'Lauri Markkanen')",0.1166666666666666,1,2,0,1,0,1,0,0,0,0,0,1.0,1.0,0.0,0.0,0.0,2.0,0.0,0.0,0.0,0.0,2.0,10
22500172,UTA,DET,79.6,79.0,"('Kyle Filipowski', 'Walter Clayton Jr.')",0.1166666666666666,1,2,0,1,0,1,0,0,0,0,0,1.0,1.0,0.0,0.0,0.0,2.0,0.0,0.0,0.0,0.0,2.0,10
22500172,UTA,DET,79.6,79.0,"('Lauri Markkanen', 'Walter Clayton Jr.')",0.1166666666666666,1,2,0,1,0,1,0,0,0,0,0,1.0,1.0,0.0,0.0,0.0,2.0,0.0,0.0,0.0,0.0,2.0,10
22500172,UTA,DET,80.2,79.0,"('Keyonte George', 'Kyle Filipowski')",0.0,1,0,0,0,0,0,0,0,0,0,0,0.0,0.0,0.0,0.0,0.0,0.0,0.0,0.0,0.0,0.0,0.0,10
22500172,UTA,DET,80.2,79.0,"('Keyonte George', 'Lauri Markkanen')",0.0,1,0,0,0,0,0,0,0,0,0,0,0.0,0.0,0.0,0.0,0.0,0.0,0.0,0.0,0.0,0.0,0.0,10
22500172,UTA,DET,80.2,79.0,"('Keyonte George', 'Taylor Hendricks')",0.0,1,0,0,0,0,0,0,0,0,0,0,0.0,0.0,0.0,0.0,0.0,0.0,0.0,0.0,0.0,0.0,0.0,10
22500172,UTA,DET,80.2,79.0,"('Keyonte George', 'Walter Clayton Jr.')",0.0,1,0,0,0,0,0,0,0,0,0,0,0.0,0.0,0.0,0.0,0.0,0.0,0.0,0.0,0.0,0.0,0.0,10
22500172,UTA,DET,80.2,79.0,"('Kyle Filipowski', 'Lauri Markkanen')",0.0,1,0,0,0,0,0,0,0,0,0,0,0.0,0.0,0.0,0.0,0.0,0.0,0.0,0.0,0.0,0.0,0.0,10
22500172,UTA,DET,80.2,79.0,"('Kyle Filipowski', 'Taylor Hendricks')",0.0,1,0,0,0,0,0,0,0,0,0,0,0.0,0.0,0.0,0.0,0.0,0.0,0.0,0.0,0.0,0.0,0.0,10
22500172,UTA,DET,80.2,79.0,"('Kyle Filipowski', 'Walter Clayton Jr.')",0.0,1,0,0,0,0,0,0,0,0,0,0,0.0,0.0,0.0,0.0,0.0,0.0,0.0,0.0,0.0,0.0,0.0,10
22500172,UTA,DET,80.2,79.0,"('Lauri Markkanen', 'Taylor Hendricks')",0.0,1,0,0,0,0,0,0,0,0,0,0,0.0,0.0,0.0,0.0,0.0,0.0,0.0,0.0,0.0,0.0,0.0,10
22500172,UTA,DET,80.2,79.0,"('Lauri Markkanen', 'Walter Clayton Jr.')",0.0,1,0,0,0,0,0,0,0,0,0,0,0.0,0.0,0.0,0.0,0.0,0.0,0.0,0.0,0.0,0.0,0.0,10
22500172,UTA,DET,80.2,79.0,"('Taylor Hendricks', 'Walter Clayton Jr.')",0.0,1,0,0,0,0,0,0,0,0,0,0,0.0,0.0,0.0,0.0,0.0,0.0,0.0,0.0,0.0,0.0,0.0,10
22500172,UTA,DET,79.4,79.2,"('Ace Bailey', 'Elijah Harkless')",2.3833333333333333,1,8,8,0,1,0,0,0,1,3,3,4.76,5.76,0.0,0.0,0.0,0.0,0.0,0.0,0.0,4.0,10.52,10
22500172,UTA,DET,79.4,79.2,"('Ace Bailey', 'Kevin Love')",2.3833333333333333,1,8,8,0,1,0,0,0,1,3,3,4.76,5.76,0.0,0.0,0.0,0.0,0.0,0.0,0.0,4.0,10.52,10
22500172,UTA,DET,79.4,79.2,"('Ace Bailey', 'Keyonte George')",2.3833333333333333,1,8,8,0,1,0,0,0,1,3,3,4.76,5.76,0.0,0.0,0.0,0.0,0.0,0.0,0.0,4.0,10.52,10
22500172,UTA,DET,79.4,79.2,"('Ace Bailey', 'Kyle Filipowski')",2.3833333333333333,1,8,8,0,1,0,0,0,1,3,3,4.76,5.76,0.0,0.0,0.0,0.0,0.0,0.0,0.0,4.0,10.52,10
22500172,UTA,DET,79.4,79.2,"('Elijah Harkless', 'Kevin Love')",2.3833333333333333,1,8,8,0,1,0,0,0,1,3,3,4.76,5.76,0.0,0.0,0.0,0.0,0.0,0.0,0.0,4.0,10.52,10
22500172,UTA,DET,79.4,79.2,"('Elijah Harkless', 'Keyonte George')",2.3833333333333333,1,8,8,0,1,0,0,0,1,3,3,4.76,5.76,0.0,0.0,0.0,0.0,0.0,0.0,0.0,4.0,10.52,10
22500172,UTA,DET,79.4,79.2,"('Elijah Harkless', 'Kyle Filipowski')",2.3833333333333333,1,8,8,0,1,0,0,0,1,3,3,4.76,5.76,0.0,0.0,0.0,0.0,0.0,0.0,0.0,4.0,10.52,10
22500172,UTA,DET,79.4,79.2,"('Kevin Love', 'Keyonte George')",2.3833333333333333,1,8,8,0,1,0,0,0,1,3,3,4.76,5.76,0.0,0.0,0.0,0.0,0.0,0.0,0.0,4.0,10.52,10
22500172,UTA,DET,79.4,79.2,"('Kevin Love', 'Kyle Filipowski')",2.3833333333333333,1,8,8,0,1,0,0,0,1,3,3,4.76,5.76,0.0,0.0,0.0,0.0,0.0,0.0,0.0,4.0,10.52,10
22500172,UTA,DET,79.4,79.2,"('Keyonte George', 'Kyle Filipowski')",2.3833333333333333,1,8,8,0,1,0,0,0,1,3,3,4.76,5.76,0.0,0.0,0.0,0.0,0.0,0.0,0.0,4.0,10.52,10
22500172,UTA,DET,80.8,79.2,"('Ace Bailey', 'Jusuf Nurkić')",2.583333333333333,1,3,5,3,5,1,2,0,2,1,1,6.44,7.0,0.0,2.0,2.0,2.0,0.0,0.0,0.0,2.0,13.44,10
22500172,UTA,DET,80.8,79.2,"('Ace Bailey', 'Keyonte George')",2.583333333333333,1,3,5,3,5,1,2,0,2,1,1,6.44,7.0,0.0,2.0,2.0,2.0,0.0,0.0,0.0,2.0,13.44,10
22500172,UTA,DET,80.8,79.2,"('Ace Bailey', 'Lauri Markkanen')",2.583333333333333,1,3,5,3,5,1,2,0,2,1,1,6.44,7.0,0.0,2.0,2.0,2.0,0.0,0.0,0.0,2.0,13.44,10
22500172,UTA,DET,80.8,79.2,"('Ace Bailey', 'Svi Mykhailiuk')",2.583333333333333,1,3,5,3,5,1,2,0,2,1,1,6.44,7.0,0.0,2.0,2.0,2.0,0.0,0.0,0.0,2.0,13.44,10
22500172,UTA,DET,80.8,79.2,"('Jusuf Nurkić', 'Keyonte George')",2.583333333333333,1,3,5,3,5,1,2,0,2,1,1,6.44,7.0,0.0,2.0,2.0,2.0,0.0,0.0,0.0,2.0,13.44,10
22500172,UTA,DET,80.8,79.2,"('Jusuf Nurkić', 'Lauri Markkanen')",2.583333333333333,1,3,5,3,5,1,2,0,2,1,1,6.44,7.0,0.0,2.0,2.0,2.0,0.0,0.0,0.0,2.0,13.44,10
22500172,UTA,DET,80.8,79.2,"('Jusuf Nurkić', 'Svi Mykhailiuk')",2.583333333333333,1,3,5,3,5,1,2,0,2,1,1,6.44,7.0,0.0,2.0,2.0,2.0,0.0,0.0,0.0,2.0,13.44,10
22500172,UTA,DET,80.8,79.2,"('Keyonte George', 'Lauri Markkanen')",2.583333333333333,1,3,5,3,5,1,2,0,2,1,1,6.44,7.0,0.0,2.0,2.0,2.0,0.0,0.0,0.0,2.0,13.44,10
22500172,UTA,DET,80.8,79.2,"('Keyonte George', 'Svi Mykhailiuk')",2.583333333333333,1,3,5,3,5,1,2,0,2,1,1,6.44,7.0,0.0,2.0,2.0,2.0,0.0,0.0,0.0,2.0,13.44,10
22500172,UTA,DET,80.8,79.2,"('Lauri Markkanen', 'Svi Mykhailiuk')",2.583333333333333,1,3,5,3,5,1,2,0,2,1,1,6.44,7.0,0.0,2.0,2.0,2.0,0.0,0.0,0.0,2.0,13.44,10
22500172,UTA,DET,80.8,79.6,"('Jusuf Nurkić', 'Keyonte George')",4.9833333333333325,1,12,9,8,5,4,3,3,1,0,1,10.88,11.0,3.0,0.0,3.0,4.0,5.0,2.0,0.0,6.0,21.880000000000003,10
22500172,UTA,DET,80.8,79.6,"('Jusuf Nurkić', 'Lauri Markkanen')",4.9833333333333325,1,12,9,8,5,4,3,3,1,0,1,10.88,11.0,3.0,0.0,3.0,4.0,5.0,2.0,0.0,6.0,21.880000000000003,10
22500172,UTA,DET,80.8,79.6,"('Jusuf Nurkić', 'Svi Mykhailiuk')",4.9833333333333325,1,12,9,8,5,4,3,3,1,0,1,10.88,11.0,3.0,0.0,3.0,4.0,5.0,2.0,0.0,6.0,21.880000000000003,10
22500172,UTA,DET,80.8,79.6,"('Jusuf Nurkić', 'Taylor Hendricks')",4.9833333333333325,1,12,9,8,5,4,3,3,1,0,1,10.88,11.0,3.0,0.0,3.0,4.0,5.0,2.0,0.0,6.0,21.880000000000003,10
22500172,UTA,DET,80.8,79.6,"('Keyonte George', 'Lauri Markkanen')",4.9833333333333325,1,12,9,8,5,4,3,3,1,0,1,10.88,11.0,3.0,0.0,3.0,4.0,5.0,2.0,0.0,6.0,21.880000000000003,10
22500172,UTA,DET,80.8,79.6,"('Keyonte George', 'Svi Mykhailiuk')",4.9833333333333325,1,12,9,8,5,4,3,3,1,0,1,10.88,11.0,3.0,0.0,3.0,4.0,5.0,2.0,0.0,6.0,21.880000000000003,10
22500172,UTA,DET,80.8,79.6,"('Keyonte George', 'Taylor Hendricks')",4.9833333333333325,1,12,9,8,5,4,3,3,1,0,1,10.88,11.0,3.0,0.0,3.0,4.0,5.0,2.0,0.0,6.0,21.880000000000003,10
22500172,UTA,DET,80.8,79.6,"('Lauri Markkanen', 'Svi Mykhailiuk')",4.9833333333333325,1,12,9,8,5,4,3,3,1,0,1,10.88,11.0,3.0,0.0,3.0,4.0,5.0,2.0,0.0,6.0,21.880000000000003,10
22500172,UTA,DET,80.8,79.6,"('Lauri Markkanen', 'Taylor Hendricks')",4.9833333333333325,1,12,9,8,5,4,3,3,1,0,1,10.88,11.0,3.0,0.0,3.0,4.0,5.0,2.0,0.0,6.0,21.880000000000003,10
22500172,UTA,DET,80.8,79.6,"('Svi Mykhailiuk', 'Taylor Hendricks')",4.9833333333333325,1,12,9,8,5,4,3,3,1,0,1,10.88,11.0,3.0,0.0,3.0,4.0,5.0,2.0,0.0,6.0,21.880000000000003,10
22500172,UTA,DET,80.2,79.2,"('Elijah Harkless', 'Kevin Love')",1.615,1,4,6,0,1,1,1,1,0,1,1,3.44,2.88,0.0,3.0,0.0,0.0,2.0,2.0,0.0,4.0,6.32,10
22500172,UTA,DET,80.2,79.2,"('Elijah Harkless', 'Kyle Filipowski')",1.615,1,4,6,0,1,1,1,1,0,1,1,3.44,2.88,0.0,3.0,0.0,0.0,2.0,2.0,0.0,4.0,6.32,10
22500172,UTA,DET,80.2,79.2,"('Elijah Harkless', 'Lauri Markkanen')",1.615,1,4,6,0,1,1,1,1,0,1,1,3.44,2.88,0.0,3.0,0.0,0.0,2.0,2.0,0.0,4.0,6.32,10
22500172,UTA,DET,80.2,79.2,"('Elijah Harkless', 'Walter Clayton Jr.')",1.615,1,4,6,0,1,1,1,1,0,1,1,3.44,2.88,0.0,3.0,0.0,0.0,2.0,2.0,0.0,4.0,6.32,10
22500172,UTA,DET,80.2,79.2,"('Kevin Love', 'Kyle Filipowski')",1.615,1,4,6,0,1,1,1,1,0,1,1,3.44,2.88,0.0,3.0,0.0,0.0,2.0,2.0,0.0,4.0,6.32,10
22500172,UTA,DET,80.2,79.2,"('Kevin Love', 'Lauri Markkanen')",1.615,1,4,6,0,1,1,1,1,0,1,1,3.44,2.88,0.0,3.0,0.0,0.0,2.0,2.0,0.0,4.0,6.32,10
22500172,UTA,DET,80.2,79.2,"('Kevin Love', 'Walter Clayton Jr.')",1.615,1,4,6,0,1,1,1,1,0,1,1,3.44,2.88,0.0,3.0,0.0,0.0,2.0,2.0,0.0,4.0,6.32,10
22500172,UTA,DET,80.2,79.2,"('Kyle Filipowski', 'Lauri Markkanen')",1.615,1,4,6,0,1,1,1,1,0,1,1,3.44,2.88,0.0,3.0,0.0,0.0,2.0,2.0,0.0,4.0,6.32,10
22500172,UTA,DET,80.2,79.2,"('Kyle Filipowski', 'Walter Clayton Jr.')",1.615,1,4,6,0,1,1,1,1,0,1,1,3.44,2.88,0.0,3.0,0.0,0.0,2.0,2.0,0.0,4.0,6.32,10
22500172,UTA,DET,80.2,79.2,"('Lauri Markkanen', 'Walter Clayton Jr.')",1.615,1,4,6,0,1,1,1,1,0,1,1,3.44,2.88,0.0,3.0,0.0,0.0,2.0,2.0,0.0,4.0,6.32,10
22500205,UTA,MIN,80.4,79.4,"('Ace Bailey', 'Jusuf Nurkić')",1.25,2,3,0,3,1,1,0,1,1,0,0,3.0,3.0,0.0,3.0,3.0,0.0,0.0,0.0,0.0,0.0,6.0,11
22500205,UTA,MIN,80.4,79.4,"('Ace Bailey', 'Kyle Filipowski')",1.25,2,3,0,3,1,1,0,1,1,0,0,3.0,3.0,0.0,3.0,3.0,0.0,0.0,0.0,0.0,0.0,6.0,11
22500205,UTA,MIN,80.4,79.4,"('Ace Bailey', 'Svi Mykhailiuk')",1.25,2,3,0,3,1,1,0,1,1,0,0,3.0,3.0,0.0,3.0,3.0,0.0,0.0,0.0,0.0,0.0,6.0,11
22500205,UTA,MIN,80.4,79.4,"('Ace Bailey', 'Walter Clayton Jr.')",1.25,2,3,0,3,1,1,0,1,1,0,0,3.0,3.0,0.0,3.0,3.0,0.0,0.0,0.0,0.0,0.0,6.0,11
22500205,UTA,MIN,80.4,79.4,"('Jusuf Nurkić', 'Kyle Filipowski')",1.25,2,3,0,3,1,1,0,1,1,0,0,3.0,3.0,0.0,3.0,3.0,0.0,0.0,0.0,0.0,0.0,6.0,11
22500205,UTA,MIN,80.4,79.4,"('Jusuf Nurkić', 'Svi Mykhailiuk')",1.25,2,3,0,3,1,1,0,1,1,0,0,3.0,3.0,0.0,3.0,3.0,0.0,0.0,0.0,0.0,0.0,6.0,11
22500205,UTA,MIN,80.4,79.4,"('Jusuf Nurkić', 'Walter Clayton Jr.')",1.25,2,3,0,3,1,1,0,1,1,0,0,3.0,3.0,0.0,3.0,3.0,0.0,0.0,0.0,0.0,0.0,6.0,11
22500205,UTA,MIN,80.4,79.4,"('Kyle Filipowski', 'Svi Mykhailiuk')",1.25,2,3,0,3,1,1,0,1,1,0,0,3.0,3.0,0.0,3.0,3.0,0.0,0.0,0.0,0.0,0.0,6.0,11
22500205,UTA,MIN,80.4,79.4,"('Kyle Filipowski', 'Walter Clayton Jr.')",1.25,2,3,0,3,1,1,0,1,1,0,0,3.0,3.0,0.0,3.0,3.0,0.0,0.0,0.0,0.0,0.0,6.0,11
22500205,UTA,MIN,80.4,79.4,"('Svi Mykhailiuk', 'Walter Clayton Jr.')",1.25,2,3,0,3,1,1,0,1,1,0,0,3.0,3.0,0.0,3.0,3.0,0.0,0.0,0.0,0.0,0.0,6.0,11
22500205,UTA,MIN,79.6,79.8,"('Isaiah Collier', 'Kevin Love')",1.583333333333333,3,3,6,1,1,1,2,1,0,1,0,3.0,2.88,0.0,0.0,3.0,0.0,2.0,4.0,0.0,4.0,5.88,11
22500205,UTA,MIN,79.6,79.8,"('Isaiah Collier', 'Keyonte George')",1.583333333333333,3,3,6,1,1,1,2,1,0,1,0,3.0,2.88,0.0,0.0,3.0,0.0,2.0,4.0,0.0,4.0,5.88,11
22500205,UTA,MIN,79.6,79.8,"('Isaiah Collier', 'Lauri Markkanen')",1.583333333333333,3,3,6,1,1,1,2,1,0,1,0,3.0,2.88,0.0,0.0,3.0,0.0,2.0,4.0,0.0,4.0,5.88,11
22500205,UTA,MIN,79.6,79.8,"('Isaiah Collier', 'Svi Mykhailiuk')",1.583333333333333,3,3,6,1,1,1,2,1,0,1,0,3.0,2.88,0.0,0.0,3.0,0.0,2.0,4.0,0.0,4.0,5.88,11
22500205,UTA,MIN,79.6,79.8,"('Kevin Love', 'Keyonte George')",1.583333333333333,3,3,6,1,1,1,2,1,0,1,0,3.0,2.88,0.0,0.0,3.0,0.0,2.0,4.0,0.0,4.0,5.88,11
22500205,UTA,MIN,79.6,79.8,"('Kevin Love', 'Lauri Markkanen')",1.583333333333333,3,3,6,1,1,1,2,1,0,1,0,3.0,2.88,0.0,0.0,3.0,0.0,2.0,4.0,0.0,4.0,5.88,11
22500205,UTA,MIN,79.6,79.8,"('Kevin Love', 'Svi Mykhailiuk')",1.583333333333333,3,3,6,1,1,1,2,1,0,1,0,3.0,2.88,0.0,0.0,3.0,0.0,2.0,4.0,0.0,4.0,5.88,11
22500205,UTA,MIN,79.6,79.8,"('Keyonte George', 'Lauri Markkanen')",1.583333333333333,3,3,6,1,1,1,2,1,0,1,0,3.0,2.88,0.0,0.0,3.0,0.0,2.0,4.0,0.0,4.0,5.88,11
22500205,UTA,MIN,79.6,79.8,"('Keyonte George', 'Svi Mykhailiuk')",1.583333333333333,3,3,6,1,1,1,2,1,0,1,0,3.0,2.88,0.0,0.0,3.0,0.0,2.0,4.0,0.0,4.0,5.88,11
22500205,UTA,MIN,79.6,79.8,"('Lauri Markkanen', 'Svi Mykhailiuk')",1.583333333333333,3,3,6,1,1,1,2,1,0,1,0,3.0,2.88,0.0,0.0,3.0,0.0,2.0,4.0,0.0,4.0,5.88,11
22500205,UTA,MIN,79.8,79.0,"('Keyonte George', 'Kyle Filipowski')",2.833333333333333,4,6,6,2,2,2,1,0,0,4,2,5.0,5.76,0.0,0.0,6.0,0.0,0.0,0.0,0.0,2.0,10.76,11
22500205,UTA,MIN,79.8,79.0,"('Keyonte George', 'Lauri Markkanen')",2.833333333333333,4,6,6,2,2,2,1,0,0,4,2,5.0,5.76,0.0,0.0,6.0,0.0,0.0,0.0,0.0,2.0,10.76,11
22500205,UTA,MIN,79.8,79.0,"('Keyonte George', 'Svi Mykhailiuk')",2.833333333333333,4,6,6,2,2,2,1,0,0,4,2,5.0,5.76,0.0,0.0,6.0,0.0,0.0,0.0,0.0,2.0,10.76,11
22500205,UTA,MIN,79.8,79.0,"('Keyonte George', 'Walter Clayton Jr.')",2.833333333333333,4,6,6,2,2,2,1,0,0,4,2,5.0,5.76,0.0,0.0,6.0,0.0,0.0,0.0,0.0,2.0,10.76,11
22500205,UTA,MIN,79.8,79.0,"('Kyle Filipowski', 'Lauri Markkanen')",2.833333333333333,4,6,6,2,2,2,1,0,0,4,2,5.0,5.76,0.0,0.0,6.0,0.0,0.0,0.0,0.0,2.0,10.76,11
22500205,UTA,MIN,79.8,79.0,"('Kyle Filipowski', 'Svi Mykhailiuk')",2.833333333333333,4,6,6,2,2,2,1,0,0,4,2,5.0,5.76,0.0,0.0,6.0,0.0,0.0,0.0,0.0,2.0,10.76,11
22500205,UTA,MIN,79.8,79.0,"('Kyle Filipowski', 'Walter Clayton Jr.')",2.833333333333333,4,6,6,2,2,2,1,0,0,4,2,5.0,5.76,0.0,0.0,6.0,0.0,0.0,0.0,0.0,2.0,10.76,11
22500205,UTA,MIN,79.8,79.0,"('Lauri Markkanen', 'Svi Mykhailiuk')",2.833333333333333,4,6,6,2,2,2,1,0,0,4,2,5.0,5.76,0.0,0.0,6.0,0.0,0.0,0.0,0.0,2.0,10.76,11
22500205,UTA,MIN,79.8,79.0,"('Lauri Markkanen', 'Walter Clayton Jr.')",2.833333333333333,4,6,6,2,2,2,1,0,0,4,2,5.0,5.76,0.0,0.0,6.0,0.0,0.0,0.0,0.0,2.0,10.76,11
22500205,UTA,MIN,79.8,79.0,"('Svi Mykhailiuk', 'Walter Clayton Jr.')",2.833333333333333,4,6,6,2,2,2,1,0,0,4,2,5.0,5.76,0.0,0.0,6.0,0.0,0.0,0.0,0.0,2.0,10.76,11
22500205,UTA,MIN,79.0,77.6,"('Brice Sensabaugh', 'Isaiah Collier')",2.266666666666667,3,6,9,2,2,2,1,1,0,1,2,5.88,5.32,2.0,0.0,0.0,2.0,3.0,0.0,0.0,0.0,11.2,11
22500205,UTA,MIN,79.0,77.6,"('Brice Sensabaugh', 'Kevin Love')",2.266666666666667,3,6,9,2,2,2,1,1,0,1,2,5.88,5.32,2.0,0.0,0.0,2.0,3.0,0.0,0.0,0.0,11.2,11
22500205,UTA,MIN,79.0,77.6,"('Brice Sensabaugh', 'Keyonte George')",2.266666666666667,3,6,9,2,2,2,1,1,0,1,2,5.88,5.32,2.0,0.0,0.0,2.0,3.0,0.0,0.0,0.0,11.2,11
22500205,UTA,MIN,79.0,77.6,"('Brice Sensabaugh', 'Kyle Filipowski')",2.266666666666667,3,6,9,2,2,2,1,1,0,1,2,5.88,5.32,2.0,0.0,0.0,2.0,3.0,0.0,0.0,0.0,11.2,11
22500205,UTA,MIN,79.0,77.6,"('Isaiah Collier', 'Kevin Love')",2.266666666666667,3,6,9,2,2,2,1,1,0,1,2,5.88,5.32,2.0,0.0,0.0,2.0,3.0,0.0,0.0,0.0,11.2,11
22500205,UTA,MIN,79.0,77.6,"('Isaiah Collier', 'Keyonte George')",2.266666666666667,3,6,9,2,2,2,1,1,0,1,2,5.88,5.32,2.0,0.0,0.0,2.0,3.0,0.0,0.0,0.0,11.2,11
22500205,UTA,MIN,79.0,77.6,"('Isaiah Collier', 'Kyle Filipowski')",2.266666666666667,3,6,9,2,2,2,1,1,0,1,2,5.88,5.32,2.0,0.0,0.0,2.0,3.0,0.0,0.0,0.0,11.2,11
22500205,UTA,MIN,79.0,77.6,"('Kevin Love', 'Keyonte George')",2.266666666666667,3,6,9,2,2,2,1,1,0,1,2,5.88,5.32,2.0,0.0,0.0,2.0,3.0,0.0,0.0,0.0,11.2,11
22500205,UTA,MIN,79.0,77.6,"('Kevin Love', 'Kyle Filipowski')",2.266666666666667,3,6,9,2,2,2,1,1,0,1,2,5.88,5.32,2.0,0.0,0.0,2.0,3.0,0.0,0.0,0.0,11.2,11
22500205,UTA,MIN,79.0,77.6,"('Keyonte George', 'Kyle Filipowski')",2.266666666666667,3,6,9,2,2,2,1,1,0,1,2,5.88,5.32,2.0,0.0,0.0,2.0,3.0,0.0,0.0,0.0,11.2,11
22500205,UTA,MIN,80.6,77.4,"('Ace Bailey', 'Brice Sensabaugh')",0.1016666666666666,3,1,0,0,0,0,0,0,0,0,0,0.44,1.0,0.0,0.0,0.0,0.0,0.0,0.0,0.0,0.0,1.44,11
22500205,UTA,MIN,80.6,77.4,"('Ace Bailey', 'Keyonte George')",0.1016666666666666,3,1,0,0,0,0,0,0,0,0,0,0.44,1.0,0.0,0.0,0.0,0.0,0.0,0.0,0.0,0.0,1.44,11
22500205,UTA,MIN,80.6,77.4,"('Ace Bailey', 'Kyle Filipowski')",0.1016666666666666,3,1,0,0,0,0,0,0,0,0,0,0.44,1.0,0.0,0.0,0.0,0.0,0.0,0.0,0.0,0.0,1.44,11
22500205,UTA,MIN,80.6,77.4,"('Ace Bailey', 'Lauri Markkanen')",0.1016666666666666,3,1,0,0,0,0,0,0,0,0,0,0.44,1.0,0.0,0.0,0.0,0.0,0.0,0.0,0.0,0.0,1.44,11
22500205,UTA,MIN,80.6,77.4,"('Brice Sensabaugh', 'Keyonte George')",0.1016666666666666,3,1,0,0,0,0,0,0,0,0,0,0.44,1.0,0.0,0.0,0.0,0.0,0.0,0.0,0.0,0.0,1.44,11
22500205,UTA,MIN,80.6,77.4,"('Brice Sensabaugh', 'Kyle Filipowski')",0.1016666666666666,3,1,0,0,0,0,0,0,0,0,0,0.44,1.0,0.0,0.0,0.0,0.0,0.0,0.0,0.0,0.0,1.44,11
22500205,UTA,MIN,80.6,77.4,"('Brice Sensabaugh', 'Lauri Markkanen')",0.1016666666666666,3,1,0,0,0,0,0,0,0,0,0,0.44,1.0,0.0,0.0,0.0,0.0,0.0,0.0,0.0,0.0,1.44,11
22500205,UTA,MIN,80.6,77.4,"('Keyonte George', 'Kyle Filipowski')",0.1016666666666666,3,1,0,0,0,0,0,0,0,0,0,0.44,1.0,0.0,0.0,0.0,0.0,0.0,0.0,0.0,0.0,1.44,11
22500205,UTA,MIN,80.6,77.4,"('Keyonte George', 'Lauri Markkanen')",0.1016666666666666,3,1,0,0,0,0,0,0,0,0,0,0.44,1.0,0.0,0.0,0.0,0.0,0.0,0.0,0.0,0.0,1.44,11
22500205,UTA,MIN,80.6,77.4,"('Kyle Filipowski', 'Lauri Markkanen')",0.1016666666666666,3,1,0,0,0,0,0,0,0,0,0,0.44,1.0,0.0,0.0,0.0,0.0,0.0,0.0,0.0,0.0,1.44,11
22500205,UTA,MIN,80.8,79.8,"('Ace Bailey', 'Jusuf Nurkić')",4.966666666666666,3,4,18,4,7,1,3,2,1,6,3,11.88,11.08,0.0,2.0,0.0,2.0,0.0,0.0,0.0,4.0,22.96,11
22500205,UTA,MIN,80.8,79.8,"('Ace Bailey', 'Keyonte George')",4.966666666666666,3,4,18,4,7,1,3,2,1,6,3,11.88,11.08,0.0,2.0,0.0,2.0,0.0,0.0,0.0,4.0,22.96,11
22500205,UTA,MIN,80.8,79.8,"('Ace Bailey', 'Lauri Markkanen')",4.966666666666666,3,4,18,4,7,1,3,2,1,6,3,11.88,11.08,0.0,2.0,0.0,2.0,0.0,0.0,0.0,4.0,22.96,11
22500205,UTA,MIN,80.8,79.8,"('Ace Bailey', 'Svi Mykhailiuk')",4.966666666666666,3,4,18,4,7,1,3,2,1,6,3,11.88,11.08,0.0,2.0,0.0,2.0,0.0,0.0,0.0,4.0,22.96,11
22500205,UTA,MIN,80.8,79.8,"('Jusuf Nurkić', 'Keyonte George')",4.966666666666666,3,4,18,4,7,1,3,2,1,6,3,11.88,11.08,0.0,2.0,0.0,2.0,0.0,0.0,0.0,4.0,22.96,11
22500205,UTA,MIN,80.8,79.8,"('Jusuf Nurkić', 'Lauri Markkanen')",4.966666666666666,3,4,18,4,7,1,3,2,1,6,3,11.88,11.08,0.0,2.0,0.0,2.0,0.0,0.0,0.0,4.0,22.96,11
22500205,UTA,MIN,80.8,79.8,"('Jusuf Nurkić', 'Svi Mykhailiuk')",4.966666666666666,3,4,18,4,7,1,3,2,1,6,3,11.88,11.08,0.0,2.0,0.0,2.0,0.0,0.0,0.0,4.0,22.96,11
22500205,UTA,MIN,80.8,79.8,"('Keyonte George', 'Lauri Markkanen')",4.966666666666666,3,4,18,4,7,1,3,2,1,6,3,11.88,11.08,0.0,2.0,0.0,2.0,0.0,0.0,0.0,4.0,22.96,11
22500205,UTA,MIN,80.8,79.8,"('Keyonte George', 'Svi Mykhailiuk')",4.966666666666666,3,4,18,4,7,1,3,2,1,6,3,11.88,11.08,0.0,2.0,0.0,2.0,0.0,0.0,0.0,4.0,22.96,11
22500205,UTA,MIN,80.8,79.8,"('Lauri Markkanen', 'Svi Mykhailiuk')",4.966666666666666,3,4,18,4,7,1,3,2,1,6,3,11.88,11.08,0.0,2.0,0.0,2.0,0.0,0.0,0.0,4.0,22.96,11
22500205,UTA,MIN,80.8,77.4,"('Brice Sensabaugh', 'Kevin Love')",2.995,3,11,7,3,1,1,0,1,1,1,4,6.640000000000001,6.88,0.0,0.0,2.0,2.0,0.0,0.0,0.0,0.0,13.52,11
22500205,UTA,MIN,80.8,77.4,"('Brice Sensabaugh', 'Keyonte George')",2.995,3,11,7,3,1,1,0,1,1,1,4,6.640000000000001,6.88,0.0,0.0,2.0,2.0,0.0,0.0,0.0,0.0,13.52,11
22500205,UTA,MIN,80.8,77.4,"('Brice Sensabaugh', 'Kyle Filipowski')",2.995,3,11,7,3,1,1,0,1,1,1,4,6.640000000000001,6.88,0.0,0.0,2.0,2.0,0.0,0.0,0.0,0.0,13.52,11
22500205,UTA,MIN,80.8,77.4,"('Brice Sensabaugh', 'Lauri Markkanen')",2.995,3,11,7,3,1,1,0,1,1,1,4,6.640000000000001,6.88,0.0,0.0,2.0,2.0,0.0,0.0,0.0,0.0,13.52,11
22500205,UTA,MIN,80.8,77.4,"('Kevin Love', 'Keyonte George')",2.995,3,11,7,3,1,1,0,1,1,1,4,6.640000000000001,6.88,0.0,0.0,2.0,2.0,0.0,0.0,0.0,0.0,13.52,11
22500205,UTA,MIN,80.8,77.4,"('Kevin Love', 'Kyle Filipowski')",2.995,3,11,7,3,1,1,0,1,1,1,4,6.640000000000001,6.88,0.0,0.0,2.0,2.0,0.0,0.0,0.0,0.0,13.52,11
22500205,UTA,MIN,80.8,77.4,"('Kevin Love', 'Lauri Markkanen')",2.995,3,11,7,3,1,1,0,1,1,1,4,6.640000000000001,6.88,0.0,0.0,2.0,2.0,0.0,0.0,0.0,0.0,13.52,11
22500205,UTA,MIN,80.8,77.4,"('Keyonte George', 'Kyle Filipowski')",2.995,3,11,7,3,1,1,0,1,1,1,4,6.640000000000001,6.88,0.0,0.0,2.0,2.0,0.0,0.0,0.0,0.0,13.52,11
22500205,UTA,MIN,80.8,77.4,"('Keyonte George', 'Lauri Markkanen')",2.995,3,11,7,3,1,1,0,1,1,1,4,6.640000000000001,6.88,0.0,0.0,2.0,2.0,0.0,0.0,0.0,0.0,13.52,11
22500205,UTA,MIN,80.8,77.4,"('Kyle Filipowski', 'Lauri Markkanen')",2.995,3,11,7,3,1,1,0,1,1,1,4,6.640000000000001,6.88,0.0,0.0,2.0,2.0,0.0,0.0,0.0,0.0,13.52,11
22500205,UTA,MIN,80.8,79.8,"('Ace Bailey', 'Jusuf Nurkić')",5.649999999999998,1,9,11,9,8,3,3,2,2,1,0,14.0,12.0,5.0,0.0,2.0,6.0,0.0,0.0,2.0,8.0,26.0,11
22500205,UTA,MIN,80.8,79.8,"('Ace Bailey', 'Keyonte George')",5.649999999999998,1,9,11,9,8,3,3,2,2,1,0,14.0,12.0,5.0,0.0,2.0,6.0,0.0,0.0,2.0,8.0,26.0,11
22500205,UTA,MIN,80.8,79.8,"('Ace Bailey', 'Lauri Markkanen')",5.649999999999998,1,9,11,9,8,3,3,2,2,1,0,14.0,12.0,5.0,0.0,2.0,6.0,0.0,0.0,2.0,8.0,26.0,11
22500205,UTA,MIN,80.8,79.8,"('Ace Bailey', 'Svi Mykhailiuk')",5.649999999999998,1,9,11,9,8,3,3,2,2,1,0,14.0,12.0,5.0,0.0,2.0,6.0,0.0,0.0,2.0,8.0,26.0,11
22500205,UTA,MIN,80.8,79.8,"('Jusuf Nurkić', 'Keyonte George')",5.649999999999998,1,9,11,9,8,3,3,2,2,1,0,14.0,12.0,5.0,0.0,2.0,6.0,0.0,0.0,2.0,8.0,26.0,11
22500205,UTA,MIN,80.8,79.8,"('Jusuf Nurkić', 'Lauri Markkanen')",5.649999999999998,1,9,11,9,8,3,3,2,2,1,0,14.0,12.0,5.0,0.0,2.0,6.0,0.0,0.0,2.0,8.0,26.0,11
22500205,UTA,MIN,80.8,79.8,"('Jusuf Nurkić', 'Svi Mykhailiuk')",5.649999999999998,1,9,11,9,8,3,3,2,2,1,0,14.0,12.0,5.0,0.0,2.0,6.0,0.0,0.0,2.0,8.0,26.0,11
22500205,UTA,MIN,80.8,79.8,"('Keyonte George', 'Lauri Markkanen')",5.649999999999998,1,9,11,9,8,3,3,2,2,1,0,14.0,12.0,5.0,0.0,2.0,6.0,0.0,0.0,2.0,8.0,26.0,11
22500205,UTA,MIN,80.8,79.8,"('Keyonte George', 'Svi Mykhailiuk')",5.649999999999998,1,9,11,9,8,3,3,2,2,1,0,14.0,12.0,5.0,0.0,2.0,6.0,0.0,0.0,2.0,8.0,26.0,11
22500205,UTA,MIN,80.8,79.8,"('Lauri Markkanen', 'Svi Mykhailiuk')",5.649999999999998,1,9,11,9,8,3,3,2,2,1,0,14.0,12.0,5.0,0.0,2.0,6.0,0.0,0.0,2.0,8.0,26.0,11
22500205,UTA,MIN,80.0,79.0,"('Ace Bailey', 'Isaiah Collier')",0.3833333333333333,1,0,2,1,0,0,1,0,0,1,0,0.0,2.0,0.0,0.0,0.0,0.0,2.0,0.0,0.0,2.0,2.0,11
22500205,UTA,MIN,80.0,79.0,"('Ace Bailey', 'Kevin Love')",0.3833333333333333,1,0,2,1,0,0,1,0,0,1,0,0.0,2.0,0.0,0.0,0.0,0.0,2.0,0.0,0.0,2.0,2.0,11
22500205,UTA,MIN,80.0,79.0,"('Ace Bailey', 'Keyonte George')",0.3833333333333333,1,0,2,1,0,0,1,0,0,1,0,0.0,2.0,0.0,0.0,0.0,0.0,2.0,0.0,0.0,2.0,2.0,11
22500205,UTA,MIN,80.0,79.0,"('Ace Bailey', 'Lauri Markkanen')",0.3833333333333333,1,0,2,1,0,0,1,0,0,1,0,0.0,2.0,0.0,0.0,0.0,0.0,2.0,0.0,0.0,2.0,2.0,11
22500205,UTA,MIN,80.0,79.0,"('Isaiah Collier', 'Kevin Love')",0.3833333333333333,1,0,2,1,0,0,1,0,0,1,0,0.0,2.0,0.0,0.0,0.0,0.0,2.0,0.0,0.0,2.0,2.0,11
22500205,UTA,MIN,80.0,79.0,"('Isaiah Collier', 'Keyonte George')",0.3833333333333333,1,0,2,1,0,0,1,0,0,1,0,0.0,2.0,0.0,0.0,0.0,0.0,2.0,0.0,0.0,2.0,2.0,11
22500205,UTA,MIN,80.0,79.0,"('Isaiah Collier', 'Lauri Markkanen')",0.3833333333333333,1,0,2,1,0,0,1,0,0,1,0,0.0,2.0,0.0,0.0,0.0,0.0,2.0,0.0,0.0,2.0,2.0,11
22500205,UTA,MIN,80.0,79.0,"('Kevin Love', 'Keyonte George')",0.3833333333333333,1,0,2,1,0,0,1,0,0,1,0,0.0,2.0,0.0,0.0,0.0,0.0,2.0,0.0,0.0,2.0,2.0,11
22500205,UTA,MIN,80.0,79.0,"('Kevin Love', 'Lauri Markkanen')",0.3833333333333333,1,0,2,1,0,0,1,0,0,1,0,0.0,2.0,0.0,0.0,0.0,0.0,2.0,0.0,0.0,2.0,2.0,11
22500205,UTA,MIN,80.0,79.0,"('Keyonte George', 'Lauri Markkanen')",0.3833333333333333,1,0,2,1,0,0,1,0,0,1,0,0.0,2.0,0.0,0.0,0.0,0.0,2.0,0.0,0.0,2.0,2.0,11
22500205,UTA,MIN,80.8,79.2,"('Ace Bailey', 'Jusuf Nurkić')",2.15,4,6,5,0,2,1,1,0,1,0,1,5.0,4.0,0.0,3.0,0.0,0.0,0.0,0.0,0.0,2.0,9.0,11
22500205,UTA,MIN,80.8,79.2,"('Ace Bailey', 'Lauri Markkanen')",2.15,4,6,5,0,2,1,1,0,1,0,1,5.0,4.0,0.0,3.0,0.0,0.0,0.0,0.0,0.0,2.0,9.0,11
22500205,UTA,MIN,80.8,79.2,"('Ace Bailey', 'Svi Mykhailiuk')",2.15,4,6,5,0,2,1,1,0,1,0,1,5.0,4.0,0.0,3.0,0.0,0.0,0.0,0.0,0.0,2.0,9.0,11
22500205,UTA,MIN,80.8,79.2,"('Ace Bailey', 'Walter Clayton Jr.')",2.15,4,6,5,0,2,1,1,0,1,0,1,5.0,4.0,0.0,3.0,0.0,0.0,0.0,0.0,0.0,2.0,9.0,11
22500205,UTA,MIN,80.8,79.2,"('Jusuf Nurkić', 'Lauri Markkanen')",2.15,4,6,5,0,2,1,1,0,1,0,1,5.0,4.0,0.0,3.0,0.0,0.0,0.0,0.0,0.0,2.0,9.0,11
22500205,UTA,MIN,80.8,79.2,"('Jusuf Nurkić', 'Svi Mykhailiuk')",2.15,4,6,5,0,2,1,1,0,1,0,1,5.0,4.0,0.0,3.0,0.0,0.0,0.0,0.0,0.0,2.0,9.0,11
22500205,UTA,MIN,80.8,79.2,"('Jusuf Nurkić', 'Walter Clayton Jr.')",2.15,4,6,5,0,2,1,1,0,1,0,1,5.0,4.0,0.0,3.0,0.0,0.0,0.0,0.0,0.0,2.0,9.0,11
22500205,UTA,MIN,80.8,79.2,"('Lauri Markkanen', 'Svi Mykhailiuk')",2.15,4,6,5,0,2,1,1,0,1,0,1,5.0,4.0,0.0,3.0,0.0,0.0,0.0,0.0,0.0,2.0,9.0,11
22500205,UTA,MIN,80.8,79.2,"('Lauri Markkanen', 'Walter Clayton Jr.')",2.15,4,6,5,0,2,1,1,0,1,0,1,5.0,4.0,0.0,3.0,0.0,0.0,0.0,0.0,0.0,2.0,9.0,11
22500205,UTA,MIN,80.8,79.2,"('Svi Mykhailiuk', 'Walter Clayton Jr.')",2.15,4,6,5,0,2,1,1,0,1,0,1,5.0,4.0,0.0,3.0,0.0,0.0,0.0,0.0,0.0,2.0,9.0,11
22500205,UTA,MIN,79.4,79.8,"('Jusuf Nurkić', 'Keyonte George')",0.0,4,0,0,0,0,0,0,0,0,0,0,0.0,0.0,0.0,0.0,0.0,0.0,0.0,0.0,0.0,0.0,0.0,11
22500205,UTA,MIN,79.4,79.8,"('Jusuf Nurkić', 'Kyle Filipowski')",0.0,4,0,0,0,0,0,0,0,0,0,0,0.0,0.0,0.0,0.0,0.0,0.0,0.0,0.0,0.0,0.0,0.0,11
22500205,UTA,MIN,79.4,79.8,"('Jusuf Nurkić', 'Svi Mykhailiuk')",0.0,4,0,0,0,0,0,0,0,0,0,0,0.0,0.0,0.0,0.0,0.0,0.0,0.0,0.0,0.0,0.0,0.0,11
22500205,UTA,MIN,79.4,79.8,"('Jusuf Nurkić', 'Walter Clayton Jr.')",0.0,4,0,0,0,0,0,0,0,0,0,0,0.0,0.0,0.0,0.0,0.0,0.0,0.0,0.0,0.0,0.0,0.0,11
22500205,UTA,MIN,79.4,79.8,"('Keyonte George', 'Kyle Filipowski')",0.0,4,0,0,0,0,0,0,0,0,0,0,0.0,0.0,0.0,0.0,0.0,0.0,0.0,0.0,0.0,0.0,0.0,11
22500205,UTA,MIN,79.4,79.8,"('Keyonte George', 'Svi Mykhailiuk')",0.0,4,0,0,0,0,0,0,0,0,0,0,0.0,0.0,0.0,0.0,0.0,0.0,0.0,0.0,0.0,0.0,0.0,11
22500205,UTA,MIN,79.4,79.8,"('Keyonte George', 'Walter Clayton Jr.')",0.0,4,0,0,0,0,0,0,0,0,0,0,0.0,0.0,0.0,0.0,0.0,0.0,0.0,0.0,0.0,0.0,0.0,11
22500205,UTA,MIN,79.4,79.8,"('Kyle Filipowski', 'Svi Mykhailiuk')",0.0,4,0,0,0,0,0,0,0,0,0,0,0.0,0.0,0.0,0.0,0.0,0.0,0.0,0.0,0.0,0.0,0.0,11
22500205,UTA,MIN,79.4,79.8,"('Kyle Filipowski', 'Walter Clayton Jr.')",0.0,4,0,0,0,0,0,0,0,0,0,0,0.0,0.0,0.0,0.0,0.0,0.0,0.0,0.0,0.0,0.0,0.0,11
22500205,UTA,MIN,79.4,79.8,"('Svi Mykhailiuk', 'Walter Clayton Jr.')",0.0,4,0,0,0,0,0,0,0,0,0,0,0.0,0.0,0.0,0.0,0.0,0.0,0.0,0.0,0.0,0.0,0.0,11
22500205,UTA,MIN,81.0,79.4,"('Brice Sensabaugh', 'Jusuf Nurkić')",1.1833333333333336,1,3,0,1,1,1,0,2,1,0,0,3.0,3.0,0.0,0.0,0.0,0.0,0.0,0.0,0.0,0.0,6.0,11
22500205,UTA,MIN,81.0,79.4,"('Brice Sensabaugh', 'Kyle Filipowski')",1.1833333333333336,1,3,0,1,1,1,0,2,1,0,0,3.0,3.0,0.0,0.0,0.0,0.0,0.0,0.0,0.0,0.0,6.0,11
22500205,UTA,MIN,81.0,79.4,"('Brice Sensabaugh', 'Lauri Markkanen')",1.1833333333333336,1,3,0,1,1,1,0,2,1,0,0,3.0,3.0,0.0,0.0,0.0,0.0,0.0,0.0,0.0,0.0,6.0,11
22500205,UTA,MIN,81.0,79.4,"('Brice Sensabaugh', 'Walter Clayton Jr.')",1.1833333333333336,1,3,0,1,1,1,0,2,1,0,0,3.0,3.0,0.0,0.0,0.0,0.0,0.0,0.0,0.0,0.0,6.0,11
22500205,UTA,MIN,81.0,79.4,"('Jusuf Nurkić', 'Kyle Filipowski')",1.1833333333333336,1,3,0,1,1,1,0,2,1,0,0,3.0,3.0,0.0,0.0,0.0,0.0,0.0,0.0,0.0,0.0,6.0,11
22500205,UTA,MIN,81.0,79.4,"('Jusuf Nurkić', 'Lauri Markkanen')",1.1833333333333336,1,3,0,1,1,1,0,2,1,0,0,3.0,3.0,0.0,0.0,0.0,0.0,0.0,0.0,0.0,0.0,6.0,11
22500205,UTA,MIN,81.0,79.4,"('Jusuf Nurkić', 'Walter Clayton Jr.')",1.1833333333333336,1,3,0,1,1,1,0,2,1,0,0,3.0,3.0,0.0,0.0,0.0,0.0,0.0,0.0,0.0,0.0,6.0,11
22500205,UTA,MIN,81.0,79.4,"('Kyle Filipowski', 'Lauri Markkanen')",1.1833333333333336,1,3,0,1,1,1,0,2,1,0,0,3.0,3.0,0.0,0.0,0.0,0.0,0.0,0.0,0.0,0.0,6.0,11
22500205,UTA,MIN,81.0,79.4,"('Kyle Filipowski', 'Walter Clayton Jr.')",1.1833333333333336,1,3,0,1,1,1,0,2,1,0,0,3.0,3.0,0.0,0.0,0.0,0.0,0.0,0.0,0.0,0.0,6.0,11
22500205,UTA,MIN,81.0,79.4,"('Lauri Markkanen', 'Walter Clayton Jr.')",1.1833333333333336,1,3,0,1,1,1,0,2,1,0,0,3.0,3.0,0.0,0.0,0.0,0.0,0.0,0.0,0.0,0.0,6.0,11
22500205,UTA,MIN,79.0,77.6,"('Brice Sensabaugh', 'Isaiah Collier')",4.583333333333333,1,18,13,5,2,7,3,0,0,0,1,9.44,9.0,2.0,0.0,0.0,6.0,0.0,3.0,0.0,4.0,18.44,11
22500205,UTA,MIN,79.0,77.6,"('Brice Sensabaugh', 'Kevin Love')",4.583333333333333,1,18,13,5,2,7,3,0,0,0,1,9.44,9.0,2.0,0.0,0.0,6.0,0.0,3.0,0.0,4.0,18.44,11
22500205,UTA,MIN,79.0,77.6,"('Brice Sensabaugh', 'Keyonte George')",4.583333333333333,1,18,13,5,2,7,3,0,0,0,1,9.44,9.0,2.0,0.0,0.0,6.0,0.0,3.0,0.0,4.0,18.44,11
22500205,UTA,MIN,79.0,77.6,"('Brice Sensabaugh', 'Kyle Filipowski')",4.583333333333333,1,18,13,5,2,7,3,0,0,0,1,9.44,9.0,2.0,0.0,0.0,6.0,0.0,3.0,0.0,4.0,18.44,11
22500205,UTA,MIN,79.0,77.6,"('Isaiah Collier', 'Kevin Love')",4.583333333333333,1,18,13,5,2,7,3,0,0,0,1,9.44,9.0,2.0,0.0,0.0,6.0,0.0,3.0,0.0,4.0,18.44,11
22500205,UTA,MIN,79.0,77.6,"('Isaiah Collier', 'Keyonte George')",4.583333333333333,1,18,13,5,2,7,3,0,0,0,1,9.44,9.0,2.0,0.0,0.0,6.0,0.0,3.0,0.0,4.0,18.44,11
22500205,UTA,MIN,79.0,77.6,"('Isaiah Collier', 'Kyle Filipowski')",4.583333333333333,1,18,13,5,2,7,3,0,0,0,1,9.44,9.0,2.0,0.0,0.0,6.0,0.0,3.0,0.0,4.0,18.44,11
22500205,UTA,MIN,79.0,77.6,"('Kevin Love', 'Keyonte George')",4.583333333333333,1,18,13,5,2,7,3,0,0,0,1,9.44,9.0,2.0,0.0,0.0,6.0,0.0,3.0,0.0,4.0,18.44,11
22500205,UTA,MIN,79.0,77.6,"('Kevin Love', 'Kyle Filipowski')",4.583333333333333,1,18,13,5,2,7,3,0,0,0,1,9.44,9.0,2.0,0.0,0.0,6.0,0.0,3.0,0.0,4.0,18.44,11
22500205,UTA,MIN,79.0,77.6,"('Keyonte George', 'Kyle Filipowski')",4.583333333333333,1,18,13,5,2,7,3,0,0,0,1,9.44,9.0,2.0,0.0,0.0,6.0,0.0,3.0,0.0,4.0,18.44,11
22500205,UTA,MIN,81.6,79.4,"('Ace Bailey', 'Jusuf Nurkić')",3.133333333333333,2,3,5,5,3,1,1,2,0,1,1,6.0,7.0,0.0,0.0,0.0,0.0,0.0,0.0,0.0,2.0,13.0,11
22500205,UTA,MIN,81.6,79.4,"('Ace Bailey', 'Kyle Filipowski')",3.133333333333333,2,3,5,5,3,1,1,2,0,1,1,6.0,7.0,0.0,0.0,0.0,0.0,0.0,0.0,0.0,2.0,13.0,11
22500205,UTA,MIN,81.6,79.4,"('Ace Bailey', 'Lauri Markkanen')",3.133333333333333,2,3,5,5,3,1,1,2,0,1,1,6.0,7.0,0.0,0.0,0.0,0.0,0.0,0.0,0.0,2.0,13.0,11
22500205,UTA,MIN,81.6,79.4,"('Ace Bailey', 'Walter Clayton Jr.')",3.133333333333333,2,3,5,5,3,1,1,2,0,1,1,6.0,7.0,0.0,0.0,0.0,0.0,0.0,0.0,0.0,2.0,13.0,11
22500205,UTA,MIN,81.6,79.4,"('Jusuf Nurkić', 'Kyle Filipowski')",3.133333333333333,2,3,5,5,3,1,1,2,0,1,1,6.0,7.0,0.0,0.0,0.0,0.0,0.0,0.0,0.0,2.0,13.0,11
22500205,UTA,MIN,81.6,79.4,"('Jusuf Nurkić', 'Lauri Markkanen')",3.133333333333333,2,3,5,5,3,1,1,2,0,1,1,6.0,7.0,0.0,0.0,0.0,0.0,0.0,0.0,0.0,2.0,13.0,11
22500205,UTA,MIN,81.6,79.4,"('Jusuf Nurkić', 'Walter Clayton Jr.')",3.133333333333333,2,3,5,5,3,1,1,2,0,1,1,6.0,7.0,0.0,0.0,0.0,0.0,0.0,0.0,0.0,2.0,13.0,11
22500205,UTA,MIN,81.6,79.4,"('Kyle Filipowski', 'Lauri Markkanen')",3.133333333333333,2,3,5,5,3,1,1,2,0,1,1,6.0,7.0,0.0,0.0,0.0,0.0,0.0,0.0,0.0,2.0,13.0,11
22500205,UTA,MIN,81.6,79.4,"('Kyle Filipowski', 'Walter Clayton Jr.')",3.133333333333333,2,3,5,5,3,1,1,2,0,1,1,6.0,7.0,0.0,0.0,0.0,0.0,0.0,0.0,0.0,2.0,13.0,11
22500205,UTA,MIN,81.6,79.4,"('Lauri Markkanen', 'Walter Clayton Jr.')",3.133333333333333,2,3,5,5,3,1,1,2,0,1,1,6.0,7.0,0.0,0.0,0.0,0.0,0.0,0.0,0.0,2.0,13.0,11
22500205,UTA,MIN,80.0,78.2,"('Ace Bailey', 'Isaiah Collier')",0.6166666666666667,2,0,3,0,0,0,0,0,0,1,0,1.0,1.44,0.0,0.0,0.0,0.0,0.0,0.0,0.0,2.0,2.44,11
22500205,UTA,MIN,80.0,78.2,"('Ace Bailey', 'Kevin Love')",0.6166666666666667,2,0,3,0,0,0,0,0,0,1,0,1.0,1.44,0.0,0.0,0.0,0.0,0.0,0.0,0.0,2.0,2.44,11
22500205,UTA,MIN,80.0,78.2,"('Ace Bailey', 'Keyonte George')",0.6166666666666667,2,0,3,0,0,0,0,0,0,1,0,1.0,1.44,0.0,0.0,0.0,0.0,0.0,0.0,0.0,2.0,2.44,11
22500205,UTA,MIN,80.0,78.2,"('Ace Bailey', 'Lauri Markkanen')",0.6166666666666667,2,0,3,0,0,0,0,0,0,1,0,1.0,1.44,0.0,0.0,0.0,0.0,0.0,0.0,0.0,2.0,2.44,11
22500205,UTA,MIN,80.0,78.2,"('Isaiah Collier', 'Kevin Love')",0.6166666666666667,2,0,3,0,0,0,0,0,0,1,0,1.0,1.44,0.0,0.0,0.0,0.0,0.0,0.0,0.0,2.0,2.44,11
22500205,UTA,MIN,80.0,78.2,"('Isaiah Collier', 'Keyonte George')",0.6166666666666667,2,0,3,0,0,0,0,0,0,1,0,1.0,1.44,0.0,0.0,0.0,0.0,0.0,0.0,0.0,2.0,2.44,11
22500205,UTA,MIN,80.0,78.2,"('Isaiah Collier', 'Lauri Markkanen')",0.6166666666666667,2,0,3,0,0,0,0,0,0,1,0,1.0,1.44,0.0,0.0,0.0,0.0,0.0,0.0,0.0,2.0,2.44,11
22500205,UTA,MIN,80.0,78.2,"('Kevin Love', 'Keyonte George')",0.6166666666666667,2,0,3,0,0,0,0,0,0,1,0,1.0,1.44,0.0,0.0,0.0,0.0,0.0,0.0,0.0,2.0,2.44,11
22500205,UTA,MIN,80.0,78.2,"('Kevin Love', 'Lauri Markkanen')",0.6166666666666667,2,0,3,0,0,0,0,0,0,1,0,1.0,1.44,0.0,0.0,0.0,0.0,0.0,0.0,0.0,2.0,2.44,11
22500205,UTA,MIN,80.0,78.2,"('Keyonte George', 'Lauri Markkanen')",0.6166666666666667,2,0,3,0,0,0,0,0,0,1,0,1.0,1.44,0.0,0.0,0.0,0.0,0.0,0.0,0.0,2.0,2.44,11
22500205,UTA,MIN,79.6,78.2,"('Isaiah Collier', 'Kevin Love')",3.9666666666666655,2,10,8,6,5,3,2,2,1,4,3,8.44,9.88,2.0,0.0,0.0,6.0,2.0,0.0,4.0,4.0,18.32,11
22500205,UTA,MIN,79.6,78.2,"('Isaiah Collier', 'Keyonte George')",3.9666666666666655,2,10,8,6,5,3,2,2,1,4,3,8.44,9.88,2.0,0.0,0.0,6.0,2.0,0.0,4.0,4.0,18.32,11
22500205,UTA,MIN,79.6,78.2,"('Isaiah Collier', 'Lauri Markkanen')",3.9666666666666655,2,10,8,6,5,3,2,2,1,4,3,8.44,9.88,2.0,0.0,0.0,6.0,2.0,0.0,4.0,4.0,18.32,11
22500205,UTA,MIN,79.6,78.2,"('Isaiah Collier', 'Svi Mykhailiuk')",3.9666666666666655,2,10,8,6,5,3,2,2,1,4,3,8.44,9.88,2.0,0.0,0.0,6.0,2.0,0.0,4.0,4.0,18.32,11
22500205,UTA,MIN,79.6,78.2,"('Kevin Love', 'Keyonte George')",3.9666666666666655,2,10,8,6,5,3,2,2,1,4,3,8.44,9.88,2.0,0.0,0.0,6.0,2.0,0.0,4.0,4.0,18.32,11
22500205,UTA,MIN,79.6,78.2,"('Kevin Love', 'Lauri Markkanen')",3.9666666666666655,2,10,8,6,5,3,2,2,1,4,3,8.44,9.88,2.0,0.0,0.0,6.0,2.0,0.0,4.0,4.0,18.32,11
22500205,UTA,MIN,79.6,78.2,"('Kevin Love', 'Svi Mykhailiuk')",3.9666666666666655,2,10,8,6,5,3,2,2,1,4,3,8.44,9.88,2.0,0.0,0.0,6.0,2.0,0.0,4.0,4.0,18.32,11
22500205,UTA,MIN,79.6,78.2,"('Keyonte George', 'Lauri Markkanen')",3.9666666666666655,2,10,8,6,5,3,2,2,1,4,3,8.44,9.88,2.0,0.0,0.0,6.0,2.0,0.0,4.0,4.0,18.32,11
22500205,UTA,MIN,79.6,78.2,"('Keyonte George', 'Svi Mykhailiuk')",3.9666666666666655,2,10,8,6,5,3,2,2,1,4,3,8.44,9.88,2.0,0.0,0.0,6.0,2.0,0.0,4.0,4.0,18.32,11
22500205,UTA,MIN,79.6,78.2,"('Lauri Markkanen', 'Svi Mykhailiuk')",3.9666666666666655,2,10,8,6,5,3,2,2,1,4,3,8.44,9.88,2.0,0.0,0.0,6.0,2.0,0.0,4.0,4.0,18.32,11
22500205,UTA,MIN,80.8,78.2,"('Ace Bailey', 'Jusuf Nurkić')",0.6516666666666666,2,3,4,1,0,0,1,0,0,0,0,1.44,2.0,0.0,0.0,2.0,2.0,0.0,0.0,0.0,4.0,3.44,11
22500205,UTA,MIN,80.8,78.2,"('Ace Bailey', 'Keyonte George')",0.6516666666666666,2,3,4,1,0,0,1,0,0,0,0,1.44,2.0,0.0,0.0,2.0,2.0,0.0,0.0,0.0,4.0,3.44,11
22500205,UTA,MIN,80.8,78.2,"('Ace Bailey', 'Lauri Markkanen')",0.6516666666666666,2,3,4,1,0,0,1,0,0,0,0,1.44,2.0,0.0,0.0,2.0,2.0,0.0,0.0,0.0,4.0,3.44,11
22500205,UTA,MIN,80.8,78.2,"('Ace Bailey', 'Svi Mykhailiuk')",0.6516666666666666,2,3,4,1,0,0,1,0,0,0,0,1.44,2.0,0.0,0.0,2.0,2.0,0.0,0.0,0.0,4.0,3.44,11
22500205,UTA,MIN,80.8,78.2,"('Jusuf Nurkić', 'Keyonte George')",0.6516666666666666,2,3,4,1,0,0,1,0,0,0,0,1.44,2.0,0.0,0.0,2.0,2.0,0.0,0.0,0.0,4.0,3.44,11
22500205,UTA,MIN,80.8,78.2,"('Jusuf Nurkić', 'Lauri Markkanen')",0.6516666666666666,2,3,4,1,0,0,1,0,0,0,0,1.44,2.0,0.0,0.0,2.0,2.0,0.0,0.0,0.0,4.0,3.44,11
22500205,UTA,MIN,80.8,78.2,"('Jusuf Nurkić', 'Svi Mykhailiuk')",0.6516666666666666,2,3,4,1,0,0,1,0,0,0,0,1.44,2.0,0.0,0.0,2.0,2.0,0.0,0.0,0.0,4.0,3.44,11
22500205,UTA,MIN,80.8,78.2,"('Keyonte George', 'Lauri Markkanen')",0.6516666666666666,2,3,4,1,0,0,1,0,0,0,0,1.44,2.0,0.0,0.0,2.0,2.0,0.0,0.0,0.0,4.0,3.44,11
22500205,UTA,MIN,80.8,78.2,"('Keyonte George', 'Svi Mykhailiuk')",0.6516666666666666,2,3,4,1,0,0,1,0,0,0,0,1.44,2.0,0.0,0.0,2.0,2.0,0.0,0.0,0.0,4.0,3.44,11
22500205,UTA,MIN,80.8,78.2,"('Lauri Markkanen', 'Svi Mykhailiuk')",0.6516666666666666,2,3,4,1,0,0,1,0,0,0,0,1.44,2.0,0.0,0.0,2.0,2.0,0.0,0.0,0.0,4.0,3.44,11
22500205,UTA,MIN,80.2,78.2,"('Ace Bailey', 'Isaiah Collier')",1.231666666666667,2,6,5,1,1,1,1,0,0,0,2,3.3200000000000003,3.44,3.0,0.0,0.0,0.0,0.0,2.0,0.0,4.0,6.76,11
22500205,UTA,MIN,80.2,78.2,"('Ace Bailey', 'Jusuf Nurkić')",1.231666666666667,2,6,5,1,1,1,1,0,0,0,2,3.3200000000000003,3.44,3.0,0.0,0.0,0.0,0.0,2.0,0.0,4.0,6.76,11
22500205,UTA,MIN,80.2,78.2,"('Ace Bailey', 'Keyonte George')",1.231666666666667,2,6,5,1,1,1,1,0,0,0,2,3.3200000000000003,3.44,3.0,0.0,0.0,0.0,0.0,2.0,0.0,4.0,6.76,11
22500205,UTA,MIN,80.2,78.2,"('Ace Bailey', 'Lauri Markkanen')",1.231666666666667,2,6,5,1,1,1,1,0,0,0,2,3.3200000000000003,3.44,3.0,0.0,0.0,0.0,0.0,2.0,0.0,4.0,6.76,11
22500205,UTA,MIN,80.2,78.2,"('Isaiah Collier', 'Jusuf Nurkić')",1.231666666666667,2,6,5,1,1,1,1,0,0,0,2,3.3200000000000003,3.44,3.0,0.0,0.0,0.0,0.0,2.0,0.0,4.0,6.76,11
22500205,UTA,MIN,80.2,78.2,"('Isaiah Collier', 'Keyonte George')",1.231666666666667,2,6,5,1,1,1,1,0,0,0,2,3.3200000000000003,3.44,3.0,0.0,0.0,0.0,0.0,2.0,0.0,4.0,6.76,11
22500205,UTA,MIN,80.2,78.2,"('Isaiah Collier', 'Lauri Markkanen')",1.231666666666667,2,6,5,1,1,1,1,0,0,0,2,3.3200000000000003,3.44,3.0,0.0,0.0,0.0,0.0,2.0,0.0,4.0,6.76,11
22500205,UTA,MIN,80.2,78.2,"('Jusuf Nurkić', 'Keyonte George')",1.231666666666667,2,6,5,1,1,1,1,0,0,0,2,3.3200000000000003,3.44,3.0,0.0,0.0,0.0,0.0,2.0,0.0,4.0,6.76,11
22500205,UTA,MIN,80.2,78.2,"('Jusuf Nurkić', 'Lauri Markkanen')",1.231666666666667,2,6,5,1,1,1,1,0,0,0,2,3.3200000000000003,3.44,3.0,0.0,0.0,0.0,0.0,2.0,0.0,4.0,6.76,11
22500205,UTA,MIN,80.2,78.2,"('Keyonte George', 'Lauri Markkanen')",1.231666666666667,2,6,5,1,1,1,1,0,0,0,2,3.3200000000000003,3.44,3.0,0.0,0.0,0.0,0.0,2.0,0.0,4.0,6.76,11
22500205,UTA,MIN,79.4,79.4,"('Isaiah Collier', 'Jusuf Nurkić')",0.7000000000000001,2,0,2,0,1,0,1,1,0,1,0,2.0,1.0,0.0,0.0,0.0,0.0,2.0,0.0,0.0,2.0,3.0,11
22500205,UTA,MIN,79.4,79.4,"('Isaiah Collier', 'Keyonte George')",0.7000000000000001,2,0,2,0,1,0,1,1,0,1,0,2.0,1.0,0.0,0.0,0.0,0.0,2.0,0.0,0.0,2.0,3.0,11
22500205,UTA,MIN,79.4,79.4,"('Isaiah Collier', 'Kyle Filipowski')",0.7000000000000001,2,0,2,0,1,0,1,1,0,1,0,2.0,1.0,0.0,0.0,0.0,0.0,2.0,0.0,0.0,2.0,3.0,11
22500205,UTA,MIN,79.4,79.4,"('Isaiah Collier', 'Svi Mykhailiuk')",0.7000000000000001,2,0,2,0,1,0,1,1,0,1,0,2.0,1.0,0.0,0.0,0.0,0.0,2.0,0.0,0.0,2.0,3.0,11
22500205,UTA,MIN,79.4,79.4,"('Jusuf Nurkić', 'Keyonte George')",0.7000000000000001,2,0,2,0,1,0,1,1,0,1,0,2.0,1.0,0.0,0.0,0.0,0.0,2.0,0.0,0.0,2.0,3.0,11
22500205,UTA,MIN,79.4,79.4,"('Jusuf Nurkić', 'Kyle Filipowski')",0.7000000000000001,2,0,2,0,1,0,1,1,0,1,0,2.0,1.0,0.0,0.0,0.0,0.0,2.0,0.0,0.0,2.0,3.0,11
22500205,UTA,MIN,79.4,79.4,"('Jusuf Nurkić', 'Svi Mykhailiuk')",0.7000000000000001,2,0,2,0,1,0,1,1,0,1,0,2.0,1.0,0.0,0.0,0.0,0.0,2.0,0.0,0.0,2.0,3.0,11
22500205,UTA,MIN,79.4,79.4,"('Keyonte George', 'Kyle Filipowski')",0.7000000000000001,2,0,2,0,1,0,1,1,0,1,0,2.0,1.0,0.0,0.0,0.0,0.0,2.0,0.0,0.0,2.0,3.0,11
22500205,UTA,MIN,79.4,79.4,"('Keyonte George', 'Svi Mykhailiuk')",0.7000000000000001,2,0,2,0,1,0,1,1,0,1,0,2.0,1.0,0.0,0.0,0.0,0.0,2.0,0.0,0.0,2.0,3.0,11
22500205,UTA,MIN,79.4,79.4,"('Kyle Filipowski', 'Svi Mykhailiuk')",0.7000000000000001,2,0,2,0,1,0,1,1,0,1,0,2.0,1.0,0.0,0.0,0.0,0.0,2.0,0.0,0.0,2.0,3.0,11
22500205,UTA,MIN,80.2,79.8,"('Ace Bailey', 'Keyonte George')",2.836666666666666,4,13,8,1,2,2,2,0,2,1,1,7.88,6.88,0.0,2.0,0.0,6.0,0.0,0.0,0.0,4.0,14.76,11
22500205,UTA,MIN,80.2,79.8,"('Ace Bailey', 'Kyle Filipowski')",2.836666666666666,4,13,8,1,2,2,2,0,2,1,1,7.88,6.88,0.0,2.0,0.0,6.0,0.0,0.0,0.0,4.0,14.76,11
22500205,UTA,MIN,80.2,79.8,"('Ace Bailey', 'Lauri Markkanen')",2.836666666666666,4,13,8,1,2,2,2,0,2,1,1,7.88,6.88,0.0,2.0,0.0,6.0,0.0,0.0,0.0,4.0,14.76,11
22500205,UTA,MIN,80.2,79.8,"('Ace Bailey', 'Walter Clayton Jr.')",2.836666666666666,4,13,8,1,2,2,2,0,2,1,1,7.88,6.88,0.0,2.0,0.0,6.0,0.0,0.0,0.0,4.0,14.76,11
22500205,UTA,MIN,80.2,79.8,"('Keyonte George', 'Kyle Filipowski')",2.836666666666666,4,13,8,1,2,2,2,0,2,1,1,7.88,6.88,0.0,2.0,0.0,6.0,0.0,0.0,0.0,4.0,14.76,11
22500205,UTA,MIN,80.2,79.8,"('Keyonte George', 'Lauri Markkanen')",2.836666666666666,4,13,8,1,2,2,2,0,2,1,1,7.88,6.88,0.0,2.0,0.0,6.0,0.0,0.0,0.0,4.0,14.76,11
22500205,UTA,MIN,80.2,79.8,"('Keyonte George', 'Walter Clayton Jr.')",2.836666666666666,4,13,8,1,2,2,2,0,2,1,1,7.88,6.88,0.0,2.0,0.0,6.0,0.0,0.0,0.0,4.0,14.76,11
22500205,UTA,MIN,80.2,79.8,"('Kyle Filipowski', 'Lauri Markkanen')",2.836666666666666,4,13,8,1,2,2,2,0,2,1,1,7.88,6.88,0.0,2.0,0.0,6.0,0.0,0.0,0.0,4.0,14.76,11
22500205,UTA,MIN,80.2,79.8,"('Kyle Filipowski', 'Walter Clayton Jr.')",2.836666666666666,4,13,8,1,2,2,2,0,2,1,1,7.88,6.88,0.0,2.0,0.0,6.0,0.0,0.0,0.0,4.0,14.76,11
22500205,UTA,MIN,80.2,79.8,"('Lauri Markkanen', 'Walter Clayton Jr.')",2.836666666666666,4,13,8,1,2,2,2,0,2,1,1,7.88,6.88,0.0,2.0,0.0,6.0,0.0,0.0,0.0,4.0,14.76,11
22500205,UTA,MIN,80.4,79.8,"('Ace Bailey', 'Jusuf Nurkić')",4.016666666666667,4,8,8,5,3,3,2,0,0,1,1,9.44,7.88,0.0,0.0,2.0,4.0,0.0,2.0,0.0,6.0,17.32,11
22500205,UTA,MIN,80.4,79.8,"('Ace Bailey', 'Kyle Filipowski')",4.016666666666667,4,8,8,5,3,3,2,0,0,1,1,9.44,7.88,0.0,0.0,2.0,4.0,0.0,2.0,0.0,6.0,17.32,11
22500205,UTA,MIN,80.4,79.8,"('Ace Bailey', 'Svi Mykhailiuk')",4.016666666666667,4,8,8,5,3,3,2,0,0,1,1,9.44,7.88,0.0,0.0,2.0,4.0,0.0,2.0,0.0,6.0,17.32,11
22500205,UTA,MIN,80.4,79.8,"('Ace Bailey', 'Walter Clayton Jr.')",4.016666666666667,4,8,8,5,3,3,2,0,0,1,1,9.44,7.88,0.0,0.0,2.0,4.0,0.0,2.0,0.0,6.0,17.32,11
22500205,UTA,MIN,80.4,79.8,"('Jusuf Nurkić', 'Kyle Filipowski')",4.016666666666667,4,8,8,5,3,3,2,0,0,1,1,9.44,7.88,0.0,0.0,2.0,4.0,0.0,2.0,0.0,6.0,17.32,11
22500205,UTA,MIN,80.4,79.8,"('Jusuf Nurkić', 'Svi Mykhailiuk')",4.016666666666667,4,8,8,5,3,3,2,0,0,1,1,9.44,7.88,0.0,0.0,2.0,4.0,0.0,2.0,0.0,6.0,17.32,11
22500205,UTA,MIN,80.4,79.8,"('Jusuf Nurkić', 'Walter Clayton Jr.')",4.016666666666667,4,8,8,5,3,3,2,0,0,1,1,9.44,7.88,0.0,0.0,2.0,4.0,0.0,2.0,0.0,6.0,17.32,11
22500205,UTA,MIN,80.4,79.8,"('Kyle Filipowski', 'Svi Mykhailiuk')",4.016666666666667,4,8,8,5,3,3,2,0,0,1,1,9.44,7.88,0.0,0.0,2.0,4.0,0.0,2.0,0.0,6.0,17.32,11
22500205,UTA,MIN,80.4,79.8,"('Kyle Filipowski', 'Walter Clayton Jr.')",4.016666666666667,4,8,8,5,3,3,2,0,0,1,1,9.44,7.88,0.0,0.0,2.0,4.0,0.0,2.0,0.0,6.0,17.32,11
22500205,UTA,MIN,80.4,79.8,"('Svi Mykhailiuk', 'Walter Clayton Jr.')",4.016666666666667,4,8,8,5,3,3,2,0,0,1,1,9.44,7.88,0.0,0.0,2.0,4.0,0.0,2.0,0.0,6.0,17.32,11
22500211,UTA,IND,80.4,79.2,"('Ace Bailey', 'Jusuf Nurkić')",1.416666666666667,2,5,0,3,1,1,0,1,0,0,1,2.88,3.0,0.0,0.0,0.0,0.0,0.0,0.0,0.0,0.0,5.88,12
22500211,UTA,IND,80.4,79.2,"('Ace Bailey', 'Kyle Filipowski')",1.416666666666667,2,5,0,3,1,1,0,1,0,0,1,2.88,3.0,0.0,0.0,0.0,0.0,0.0,0.0,0.0,0.0,5.88,12
22500211,UTA,IND,80.4,79.2,"('Ace Bailey', 'Svi Mykhailiuk')",1.416666666666667,2,5,0,3,1,1,0,1,0,0,1,2.88,3.0,0.0,0.0,0.0,0.0,0.0,0.0,0.0,0.0,5.88,12
22500211,UTA,IND,80.4,79.2,"('Ace Bailey', 'Walter Clayton Jr.')",1.416666666666667,2,5,0,3,1,1,0,1,0,0,1,2.88,3.0,0.0,0.0,0.0,0.0,0.0,0.0,0.0,0.0,5.88,12
22500211,UTA,IND,80.4,79.2,"('Jusuf Nurkić', 'Kyle Filipowski')",1.416666666666667,2,5,0,3,1,1,0,1,0,0,1,2.88,3.0,0.0,0.0,0.0,0.0,0.0,0.0,0.0,0.0,5.88,12
22500211,UTA,IND,80.4,79.2,"('Jusuf Nurkić', 'Svi Mykhailiuk')",1.416666666666667,2,5,0,3,1,1,0,1,0,0,1,2.88,3.0,0.0,0.0,0.0,0.0,0.0,0.0,0.0,0.0,5.88,12
22500211,UTA,IND,80.4,79.2,"('Jusuf Nurkić', 'Walter Clayton Jr.')",1.416666666666667,2,5,0,3,1,1,0,1,0,0,1,2.88,3.0,0.0,0.0,0.0,0.0,0.0,0.0,0.0,0.0,5.88,12
22500211,UTA,IND,80.4,79.2,"('Kyle Filipowski', 'Svi Mykhailiuk')",1.416666666666667,2,5,0,3,1,1,0,1,0,0,1,2.88,3.0,0.0,0.0,0.0,0.0,0.0,0.0,0.0,0.0,5.88,12
22500211,UTA,IND,80.4,79.2,"('Kyle Filipowski', 'Walter Clayton Jr.')",1.416666666666667,2,5,0,3,1,1,0,1,0,0,1,2.88,3.0,0.0,0.0,0.0,0.0,0.0,0.0,0.0,0.0,5.88,12
22500211,UTA,IND,80.4,79.2,"('Svi Mykhailiuk', 'Walter Clayton Jr.')",1.416666666666667,2,5,0,3,1,1,0,1,0,0,1,2.88,3.0,0.0,0.0,0.0,0.0,0.0,0.0,0.0,0.0,5.88,12
22500211,UTA,IND,79.6,78.2,"('Ace Bailey', 'Brice Sensabaugh')",0.6333333333333334,3,5,1,1,0,2,0,0,0,0,0,2.0,1.44,0.0,0.0,0.0,2.0,0.0,0.0,0.0,0.0,3.44,12
22500211,UTA,IND,79.6,78.2,"('Ace Bailey', 'Cody Williams')",0.6333333333333334,3,5,1,1,0,2,0,0,0,0,0,2.0,1.44,0.0,0.0,0.0,2.0,0.0,0.0,0.0,0.0,3.44,12
22500211,UTA,IND,79.6,78.2,"('Ace Bailey', 'Isaiah Collier')",0.6333333333333334,3,5,1,1,0,2,0,0,0,0,0,2.0,1.44,0.0,0.0,0.0,2.0,0.0,0.0,0.0,0.0,3.44,12
22500211,UTA,IND,79.6,78.2,"('Ace Bailey', 'Jusuf Nurkić')",0.6333333333333334,3,5,1,1,0,2,0,0,0,0,0,2.0,1.44,0.0,0.0,0.0,2.0,0.0,0.0,0.0,0.0,3.44,12
22500211,UTA,IND,79.6,78.2,"('Brice Sensabaugh', 'Cody Williams')",0.6333333333333334,3,5,1,1,0,2,0,0,0,0,0,2.0,1.44,0.0,0.0,0.0,2.0,0.0,0.0,0.0,0.0,3.44,12
22500211,UTA,IND,79.6,78.2,"('Brice Sensabaugh', 'Isaiah Collier')",0.6333333333333334,3,5,1,1,0,2,0,0,0,0,0,2.0,1.44,0.0,0.0,0.0,2.0,0.0,0.0,0.0,0.0,3.44,12
22500211,UTA,IND,79.6,78.2,"('Brice Sensabaugh', 'Jusuf Nurkić')",0.6333333333333334,3,5,1,1,0,2,0,0,0,0,0,2.0,1.44,0.0,0.0,0.0,2.0,0.0,0.0,0.0,0.0,3.44,12
22500211,UTA,IND,79.6,78.2,"('Cody Williams', 'Isaiah Collier')",0.6333333333333334,3,5,1,1,0,2,0,0,0,0,0,2.0,1.44,0.0,0.0,0.0,2.0,0.0,0.0,0.0,0.0,3.44,12
22500211,UTA,IND,79.6,78.2,"('Cody Williams', 'Jusuf Nurkić')",0.6333333333333334,3,5,1,1,0,2,0,0,0,0,0,2.0,1.44,0.0,0.0,0.0,2.0,0.0,0.0,0.0,0.0,3.44,12
22500211,UTA,IND,79.6,78.2,"('Isaiah Collier', 'Jusuf Nurkić')",0.6333333333333334,3,5,1,1,0,2,0,0,0,0,0,2.0,1.44,0.0,0.0,0.0,2.0,0.0,0.0,0.0,0.0,3.44,12
22500211,UTA,IND,79.4,78.6,"('Ace Bailey', 'Brice Sensabaugh')",2.1333333333333333,3,5,7,2,3,2,1,1,0,1,0,4.0,4.44,0.0,0.0,2.0,2.0,2.0,0.0,2.0,4.0,8.440000000000001,12
22500211,UTA,IND,79.4,78.6,"('Ace Bailey', 'Isaiah Collier')",2.1333333333333333,3,5,7,2,3,2,1,1,0,1,0,4.0,4.44,0.0,0.0,2.0,2.0,2.0,0.0,2.0,4.0,8.440000000000001,12
22500211,UTA,IND,79.4,78.6,"('Ace Bailey', 'Jusuf Nurkić')",2.1333333333333333,3,5,7,2,3,2,1,1,0,1,0,4.0,4.44,0.0,0.0,2.0,2.0,2.0,0.0,2.0,4.0,8.440000000000001,12
22500211,UTA,IND,79.4,78.6,"('Ace Bailey', 'Svi Mykhailiuk')",2.1333333333333333,3,5,7,2,3,2,1,1,0,1,0,4.0,4.44,0.0,0.0,2.0,2.0,2.0,0.0,2.0,4.0,8.440000000000001,12
22500211,UTA,IND,79.4,78.6,"('Brice Sensabaugh', 'Isaiah Collier')",2.1333333333333333,3,5,7,2,3,2,1,1,0,1,0,4.0,4.44,0.0,0.0,2.0,2.0,2.0,0.0,2.0,4.0,8.440000000000001,12
22500211,UTA,IND,79.4,78.6,"('Brice Sensabaugh', 'Jusuf Nurkić')",2.1333333333333333,3,5,7,2,3,2,1,1,0,1,0,4.0,4.44,0.0,0.0,2.0,2.0,2.0,0.0,2.0,4.0,8.440000000000001,12
22500211,UTA,IND,79.4,78.6,"('Brice Sensabaugh', 'Svi Mykhailiuk')",2.1333333333333333,3,5,7,2,3,2,1,1,0,1,0,4.0,4.44,0.0,0.0,2.0,2.0,2.0,0.0,2.0,4.0,8.440000000000001,12
22500211,UTA,IND,79.4,78.6,"('Isaiah Collier', 'Jusuf Nurkić')",2.1333333333333333,3,5,7,2,3,2,1,1,0,1,0,4.0,4.44,0.0,0.0,2.0,2.0,2.0,0.0,2.0,4.0,8.440000000000001,12
22500211,UTA,IND,79.4,78.6,"('Isaiah Collier', 'Svi Mykhailiuk')",2.1333333333333333,3,5,7,2,3,2,1,1,0,1,0,4.0,4.44,0.0,0.0,2.0,2.0,2.0,0.0,2.0,4.0,8.440000000000001,12
22500211,UTA,IND,79.4,78.6,"('Jusuf Nurkić', 'Svi Mykhailiuk')",2.1333333333333333,3,5,7,2,3,2,1,1,0,1,0,4.0,4.44,0.0,0.0,2.0,2.0,2.0,0.0,2.0,4.0,8.440000000000001,12
22500211,UTA,IND,79.8,77.2,"('Isaiah Collier', 'Jusuf Nurkić')",3.3500000000000005,2,9,8,3,3,3,4,1,0,1,1,6.44,8.0,0.0,0.0,0.0,2.0,2.0,2.0,0.0,8.0,14.44,12
22500211,UTA,IND,79.8,77.2,"('Isaiah Collier', 'Keyonte George')",3.3500000000000005,2,9,8,3,3,3,4,1,0,1,1,6.44,8.0,0.0,0.0,0.0,2.0,2.0,2.0,0.0,8.0,14.44,12
22500211,UTA,IND,79.8,77.2,"('Isaiah Collier', 'Lauri Markkanen')",3.3500000000000005,2,9,8,3,3,3,4,1,0,1,1,6.44,8.0,0.0,0.0,0.0,2.0,2.0,2.0,0.0,8.0,14.44,12
22500211,UTA,IND,79.8,77.2,"('Isaiah Collier', 'Svi Mykhailiuk')",3.3500000000000005,2,9,8,3,3,3,4,1,0,1,1,6.44,8.0,0.0,0.0,0.0,2.0,2.0,2.0,0.0,8.0,14.44,12
22500211,UTA,IND,79.8,77.2,"('Jusuf Nurkić', 'Keyonte George')",3.3500000000000005,2,9,8,3,3,3,4,1,0,1,1,6.44,8.0,0.0,0.0,0.0,2.0,2.0,2.0,0.0,8.0,14.44,12
22500211,UTA,IND,79.8,77.2,"('Jusuf Nurkić', 'Lauri Markkanen')",3.3500000000000005,2,9,8,3,3,3,4,1,0,1,1,6.44,8.0,0.0,0.0,0.0,2.0,2.0,2.0,0.0,8.0,14.44,12
22500211,UTA,IND,79.8,77.2,"('Jusuf Nurkić', 'Svi Mykhailiuk')",3.3500000000000005,2,9,8,3,3,3,4,1,0,1,1,6.44,8.0,0.0,0.0,0.0,2.0,2.0,2.0,0.0,8.0,14.44,12
22500211,UTA,IND,79.8,77.2,"('Keyonte George', 'Lauri Markkanen')",3.3500000000000005,2,9,8,3,3,3,4,1,0,1,1,6.44,8.0,0.0,0.0,0.0,2.0,2.0,2.0,0.0,8.0,14.44,12
22500211,UTA,IND,79.8,77.2,"('Keyonte George', 'Svi Mykhailiuk')",3.3500000000000005,2,9,8,3,3,3,4,1,0,1,1,6.44,8.0,0.0,0.0,0.0,2.0,2.0,2.0,0.0,8.0,14.44,12
22500211,UTA,IND,79.8,77.2,"('Lauri Markkanen', 'Svi Mykhailiuk')",3.3500000000000005,2,9,8,3,3,3,4,1,0,1,1,6.44,8.0,0.0,0.0,0.0,2.0,2.0,2.0,0.0,8.0,14.44,12
22500211,UTA,IND,80.8,77.8,"('Ace Bailey', 'Isaiah Collier')",0.24,2,2,1,2,0,0,0,0,0,0,0,1.0,0.44,0.0,0.0,2.0,2.0,0.0,0.0,0.0,0.0,1.44,12
22500211,UTA,IND,80.8,77.8,"('Ace Bailey', 'Kyle Filipowski')",0.24,2,2,1,2,0,0,0,0,0,0,0,1.0,0.44,0.0,0.0,2.0,2.0,0.0,0.0,0.0,0.0,1.44,12
22500211,UTA,IND,80.8,77.8,"('Ace Bailey', 'Lauri Markkanen')",0.24,2,2,1,2,0,0,0,0,0,0,0,1.0,0.44,0.0,0.0,2.0,2.0,0.0,0.0,0.0,0.0,1.44,12
22500211,UTA,IND,80.8,77.8,"('Ace Bailey', 'Svi Mykhailiuk')",0.24,2,2,1,2,0,0,0,0,0,0,0,1.0,0.44,0.0,0.0,2.0,2.0,0.0,0.0,0.0,0.0,1.44,12
22500211,UTA,IND,80.8,77.8,"('Isaiah Collier', 'Kyle Filipowski')",0.24,2,2,1,2,0,0,0,0,0,0,0,1.0,0.44,0.0,0.0,2.0,2.0,0.0,0.0,0.0,0.0,1.44,12
22500211,UTA,IND,80.8,77.8,"('Isaiah Collier', 'Lauri Markkanen')",0.24,2,2,1,2,0,0,0,0,0,0,0,1.0,0.44,0.0,0.0,2.0,2.0,0.0,0.0,0.0,0.0,1.44,12
22500211,UTA,IND,80.8,77.8,"('Isaiah Collier', 'Svi Mykhailiuk')",0.24,2,2,1,2,0,0,0,0,0,0,0,1.0,0.44,0.0,0.0,2.0,2.0,0.0,0.0,0.0,0.0,1.44,12
22500211,UTA,IND,80.8,77.8,"('Kyle Filipowski', 'Lauri Markkanen')",0.24,2,2,1,2,0,0,0,0,0,0,0,1.0,0.44,0.0,0.0,2.0,2.0,0.0,0.0,0.0,0.0,1.44,12
22500211,UTA,IND,80.8,77.8,"('Kyle Filipowski', 'Svi Mykhailiuk')",0.24,2,2,1,2,0,0,0,0,0,0,0,1.0,0.44,0.0,0.0,2.0,2.0,0.0,0.0,0.0,0.0,1.44,12
22500211,UTA,IND,80.8,77.8,"('Lauri Markkanen', 'Svi Mykhailiuk')",0.24,2,2,1,2,0,0,0,0,0,0,0,1.0,0.44,0.0,0.0,2.0,2.0,0.0,0.0,0.0,0.0,1.44,12
22500211,UTA,IND,79.8,78.6,"('Jusuf Nurkić', 'Keyonte George')",1.9,4,9,9,2,1,2,2,0,0,0,1,4.88,4.0,0.0,0.0,3.0,4.0,0.0,0.0,2.0,4.0,8.879999999999999,12
22500211,UTA,IND,79.8,78.6,"('Jusuf Nurkić', 'Lauri Markkanen')",1.9,4,9,9,2,1,2,2,0,0,0,1,4.88,4.0,0.0,0.0,3.0,4.0,0.0,0.0,2.0,4.0,8.879999999999999,12
22500211,UTA,IND,79.8,78.6,"('Jusuf Nurkić', 'Svi Mykhailiuk')",1.9,4,9,9,2,1,2,2,0,0,0,1,4.88,4.0,0.0,0.0,3.0,4.0,0.0,0.0,2.0,4.0,8.879999999999999,12
22500211,UTA,IND,79.8,78.6,"('Jusuf Nurkić', 'Walter Clayton Jr.')",1.9,4,9,9,2,1,2,2,0,0,0,1,4.88,4.0,0.0,0.0,3.0,4.0,0.0,0.0,2.0,4.0,8.879999999999999,12
22500211,UTA,IND,79.8,78.6,"('Keyonte George', 'Lauri Markkanen')",1.9,4,9,9,2,1,2,2,0,0,0,1,4.88,4.0,0.0,0.0,3.0,4.0,0.0,0.0,2.0,4.0,8.879999999999999,12
22500211,UTA,IND,79.8,78.6,"('Keyonte George', 'Svi Mykhailiuk')",1.9,4,9,9,2,1,2,2,0,0,0,1,4.88,4.0,0.0,0.0,3.0,4.0,0.0,0.0,2.0,4.0,8.879999999999999,12
22500211,UTA,IND,79.8,78.6,"('Keyonte George', 'Walter Clayton Jr.')",1.9,4,9,9,2,1,2,2,0,0,0,1,4.88,4.0,0.0,0.0,3.0,4.0,0.0,0.0,2.0,4.0,8.879999999999999,12
22500211,UTA,IND,79.8,78.6,"('Lauri Markkanen', 'Svi Mykhailiuk')",1.9,4,9,9,2,1,2,2,0,0,0,1,4.88,4.0,0.0,0.0,3.0,4.0,0.0,0.0,2.0,4.0,8.879999999999999,12
22500211,UTA,IND,79.8,78.6,"('Lauri Markkanen', 'Walter Clayton Jr.')",1.9,4,9,9,2,1,2,2,0,0,0,1,4.88,4.0,0.0,0.0,3.0,4.0,0.0,0.0,2.0,4.0,8.879999999999999,12
22500211,UTA,IND,79.8,78.6,"('Svi Mykhailiuk', 'Walter Clayton Jr.')",1.9,4,9,9,2,1,2,2,0,0,0,1,4.88,4.0,0.0,0.0,3.0,4.0,0.0,0.0,2.0,4.0,8.879999999999999,12
22500211,UTA,IND,78.6,77.4,"('Brice Sensabaugh', 'Cody Williams')",2.0333333333333337,1,5,6,2,1,0,3,1,0,2,2,6.32,5.0,0.0,0.0,0.0,2.0,2.0,0.0,0.0,6.0,11.32,12
22500211,UTA,IND,78.6,77.4,"('Brice Sensabaugh', 'Isaiah Collier')",2.0333333333333337,1,5,6,2,1,0,3,1,0,2,2,6.32,5.0,0.0,0.0,0.0,2.0,2.0,0.0,0.0,6.0,11.32,12
22500211,UTA,IND,78.6,77.4,"('Brice Sensabaugh', 'Jusuf Nurkić')",2.0333333333333337,1,5,6,2,1,0,3,1,0,2,2,6.32,5.0,0.0,0.0,0.0,2.0,2.0,0.0,0.0,6.0,11.32,12
22500211,UTA,IND,78.6,77.4,"('Brice Sensabaugh', 'Keyonte George')",2.0333333333333337,1,5,6,2,1,0,3,1,0,2,2,6.32,5.0,0.0,0.0,0.0,2.0,2.0,0.0,0.0,6.0,11.32,12
22500211,UTA,IND,78.6,77.4,"('Cody Williams', 'Isaiah Collier')",2.0333333333333337,1,5,6,2,1,0,3,1,0,2,2,6.32,5.0,0.0,0.0,0.0,2.0,2.0,0.0,0.0,6.0,11.32,12
22500211,UTA,IND,78.6,77.4,"('Cody Williams', 'Jusuf Nurkić')",2.0333333333333337,1,5,6,2,1,0,3,1,0,2,2,6.32,5.0,0.0,0.0,0.0,2.0,2.0,0.0,0.0,6.0,11.32,12
22500211,UTA,IND,78.6,77.4,"('Cody Williams', 'Keyonte George')",2.0333333333333337,1,5,6,2,1,0,3,1,0,2,2,6.32,5.0,0.0,0.0,0.0,2.0,2.0,0.0,0.0,6.0,11.32,12
22500211,UTA,IND,78.6,77.4,"('Isaiah Collier', 'Jusuf Nurkić')",2.0333333333333337,1,5,6,2,1,0,3,1,0,2,2,6.32,5.0,0.0,0.0,0.0,2.0,2.0,0.0,0.0,6.0,11.32,12
22500211,UTA,IND,78.6,77.4,"('Isaiah Collier', 'Keyonte George')",2.0333333333333337,1,5,6,2,1,0,3,1,0,2,2,6.32,5.0,0.0,0.0,0.0,2.0,2.0,0.0,0.0,6.0,11.32,12
22500211,UTA,IND,78.6,77.4,"('Jusuf Nurkić', 'Keyonte George')",2.0333333333333337,1,5,6,2,1,0,3,1,0,2,2,6.32,5.0,0.0,0.0,0.0,2.0,2.0,0.0,0.0,6.0,11.32,12
22500211,UTA,IND,80.8,79.0,"('Ace Bailey', 'Jusuf Nurkić')",5.1000000000000005,1,13,20,4,5,5,6,1,0,2,2,12.44,10.44,0.0,0.0,2.0,6.0,2.0,5.0,5.0,6.0,22.88,12
22500211,UTA,IND,80.8,79.0,"('Ace Bailey', 'Keyonte George')",5.1000000000000005,1,13,20,4,5,5,6,1,0,2,2,12.44,10.44,0.0,0.0,2.0,6.0,2.0,5.0,5.0,6.0,22.88,12
22500211,UTA,IND,80.8,79.0,"('Ace Bailey', 'Lauri Markkanen')",5.1000000000000005,1,13,20,4,5,5,6,1,0,2,2,12.44,10.44,0.0,0.0,2.0,6.0,2.0,5.0,5.0,6.0,22.88,12
22500211,UTA,IND,80.8,79.0,"('Ace Bailey', 'Svi Mykhailiuk')",5.1000000000000005,1,13,20,4,5,5,6,1,0,2,2,12.44,10.44,0.0,0.0,2.0,6.0,2.0,5.0,5.0,6.0,22.88,12
22500211,UTA,IND,80.8,79.0,"('Jusuf Nurkić', 'Keyonte George')",5.1000000000000005,1,13,20,4,5,5,6,1,0,2,2,12.44,10.44,0.0,0.0,2.0,6.0,2.0,5.0,5.0,6.0,22.88,12
22500211,UTA,IND,80.8,79.0,"('Jusuf Nurkić', 'Lauri Markkanen')",5.1000000000000005,1,13,20,4,5,5,6,1,0,2,2,12.44,10.44,0.0,0.0,2.0,6.0,2.0,5.0,5.0,6.0,22.88,12
22500211,UTA,IND,80.8,79.0,"('Jusuf Nurkić', 'Svi Mykhailiuk')",5.1000000000000005,1,13,20,4,5,5,6,1,0,2,2,12.44,10.44,0.0,0.0,2.0,6.0,2.0,5.0,5.0,6.0,22.88,12
22500211,UTA,IND,80.8,79.0,"('Keyonte George', 'Lauri Markkanen')",5.1000000000000005,1,13,20,4,5,5,6,1,0,2,2,12.44,10.44,0.0,0.0,2.0,6.0,2.0,5.0,5.0,6.0,22.88,12
22500211,UTA,IND,80.8,79.0,"('Keyonte George', 'Svi Mykhailiuk')",5.1000000000000005,1,13,20,4,5,5,6,1,0,2,2,12.44,10.44,0.0,0.0,2.0,6.0,2.0,5.0,5.0,6.0,22.88,12
22500211,UTA,IND,80.8,79.0,"('Lauri Markkanen', 'Svi Mykhailiuk')",5.1000000000000005,1,13,20,4,5,5,6,1,0,2,2,12.44,10.44,0.0,0.0,2.0,6.0,2.0,5.0,5.0,6.0,22.88,12
22500211,UTA,IND,78.4,77.6,"('Brice Sensabaugh', 'Isaiah Collier')",0.5833333333333334,1,4,0,1,0,0,0,0,0,0,1,2.0,1.0,2.0,0.0,2.0,4.0,0.0,0.0,0.0,0.0,3.0,12
22500211,UTA,IND,78.4,77.6,"('Brice Sensabaugh', 'Jusuf Nurkić')",0.5833333333333334,1,4,0,1,0,0,0,0,0,0,1,2.0,1.0,2.0,0.0,2.0,4.0,0.0,0.0,0.0,0.0,3.0,12
22500211,UTA,IND,78.4,77.6,"('Brice Sensabaugh', 'Keyonte George')",0.5833333333333334,1,4,0,1,0,0,0,0,0,0,1,2.0,1.0,2.0,0.0,2.0,4.0,0.0,0.0,0.0,0.0,3.0,12
22500211,UTA,IND,78.4,77.6,"('Brice Sensabaugh', 'Svi Mykhailiuk')",0.5833333333333334,1,4,0,1,0,0,0,0,0,0,1,2.0,1.0,2.0,0.0,2.0,4.0,0.0,0.0,0.0,0.0,3.0,12
22500211,UTA,IND,78.4,77.6,"('Isaiah Collier', 'Jusuf Nurkić')",0.5833333333333334,1,4,0,1,0,0,0,0,0,0,1,2.0,1.0,2.0,0.0,2.0,4.0,0.0,0.0,0.0,0.0,3.0,12
22500211,UTA,IND,78.4,77.6,"('Isaiah Collier', 'Keyonte George')",0.5833333333333334,1,4,0,1,0,0,0,0,0,0,1,2.0,1.0,2.0,0.0,2.0,4.0,0.0,0.0,0.0,0.0,3.0,12
22500211,UTA,IND,78.4,77.6,"('Isaiah Collier', 'Svi Mykhailiuk')",0.5833333333333334,1,4,0,1,0,0,0,0,0,0,1,2.0,1.0,2.0,0.0,2.0,4.0,0.0,0.0,0.0,0.0,3.0,12
22500211,UTA,IND,78.4,77.6,"('Jusuf Nurkić', 'Keyonte George')",0.5833333333333334,1,4,0,1,0,0,0,0,0,0,1,2.0,1.0,2.0,0.0,2.0,4.0,0.0,0.0,0.0,0.0,3.0,12
22500211,UTA,IND,78.4,77.6,"('Jusuf Nurkić', 'Svi Mykhailiuk')",0.5833333333333334,1,4,0,1,0,0,0,0,0,0,1,2.0,1.0,2.0,0.0,2.0,4.0,0.0,0.0,0.0,0.0,3.0,12
22500211,UTA,IND,78.4,77.6,"('Keyonte George', 'Svi Mykhailiuk')",0.5833333333333334,1,4,0,1,0,0,0,0,0,0,1,2.0,1.0,2.0,0.0,2.0,4.0,0.0,0.0,0.0,0.0,3.0,12
22500211,UTA,IND,80.4,79.0,"('Brice Sensabaugh', 'Cody Williams')",4.173333333333334,1,16,8,6,2,5,0,1,1,1,2,9.76,10.0,2.0,2.0,0.0,6.0,2.0,0.0,2.0,8.0,19.76,12
22500211,UTA,IND,80.4,79.0,"('Brice Sensabaugh', 'Isaiah Collier')",4.173333333333334,1,16,8,6,2,5,0,1,1,1,2,9.76,10.0,2.0,2.0,0.0,6.0,2.0,0.0,2.0,8.0,19.76,12
22500211,UTA,IND,80.4,79.0,"('Brice Sensabaugh', 'Kyle Filipowski')",4.173333333333334,1,16,8,6,2,5,0,1,1,1,2,9.76,10.0,2.0,2.0,0.0,6.0,2.0,0.0,2.0,8.0,19.76,12
22500211,UTA,IND,80.4,79.0,"('Brice Sensabaugh', 'Lauri Markkanen')",4.173333333333334,1,16,8,6,2,5,0,1,1,1,2,9.76,10.0,2.0,2.0,0.0,6.0,2.0,0.0,2.0,8.0,19.76,12
22500211,UTA,IND,80.4,79.0,"('Cody Williams', 'Isaiah Collier')",4.173333333333334,1,16,8,6,2,5,0,1,1,1,2,9.76,10.0,2.0,2.0,0.0,6.0,2.0,0.0,2.0,8.0,19.76,12
22500211,UTA,IND,80.4,79.0,"('Cody Williams', 'Kyle Filipowski')",4.173333333333334,1,16,8,6,2,5,0,1,1,1,2,9.76,10.0,2.0,2.0,0.0,6.0,2.0,0.0,2.0,8.0,19.76,12
22500211,UTA,IND,80.4,79.0,"('Cody Williams', 'Lauri Markkanen')",4.173333333333334,1,16,8,6,2,5,0,1,1,1,2,9.76,10.0,2.0,2.0,0.0,6.0,2.0,0.0,2.0,8.0,19.76,12
22500211,UTA,IND,80.4,79.0,"('Isaiah Collier', 'Kyle Filipowski')",4.173333333333334,1,16,8,6,2,5,0,1,1,1,2,9.76,10.0,2.0,2.0,0.0,6.0,2.0,0.0,2.0,8.0,19.76,12
22500211,UTA,IND,80.4,79.0,"('Isaiah Collier', 'Lauri Markkanen')",4.173333333333334,1,16,8,6,2,5,0,1,1,1,2,9.76,10.0,2.0,2.0,0.0,6.0,2.0,0.0,2.0,8.0,19.76,12
22500211,UTA,IND,80.4,79.0,"('Kyle Filipowski', 'Lauri Markkanen')",4.173333333333334,1,16,8,6,2,5,0,1,1,1,2,9.76,10.0,2.0,2.0,0.0,6.0,2.0,0.0,2.0,8.0,19.76,12
22500211,UTA,IND,79.0,77.6,"('Ace Bailey', 'Jusuf Nurkić')",0.8999999999999999,2,2,2,1,0,0,0,0,0,0,2,1.88,2.0,0.0,0.0,0.0,0.0,0.0,0.0,0.0,2.0,3.88,12
22500211,UTA,IND,79.0,77.6,"('Ace Bailey', 'Keyonte George')",0.8999999999999999,2,2,2,1,0,0,0,0,0,0,2,1.88,2.0,0.0,0.0,0.0,0.0,0.0,0.0,0.0,2.0,3.88,12
22500211,UTA,IND,79.0,77.6,"('Ace Bailey', 'Svi Mykhailiuk')",0.8999999999999999,2,2,2,1,0,0,0,0,0,0,2,1.88,2.0,0.0,0.0,0.0,0.0,0.0,0.0,0.0,2.0,3.88,12
22500211,UTA,IND,79.0,77.6,"('Ace Bailey', 'Walter Clayton Jr.')",0.8999999999999999,2,2,2,1,0,0,0,0,0,0,2,1.88,2.0,0.0,0.0,0.0,0.0,0.0,0.0,0.0,2.0,3.88,12
22500211,UTA,IND,79.0,77.6,"('Jusuf Nurkić', 'Keyonte George')",0.8999999999999999,2,2,2,1,0,0,0,0,0,0,2,1.88,2.0,0.0,0.0,0.0,0.0,0.0,0.0,0.0,2.0,3.88,12
22500211,UTA,IND,79.0,77.6,"('Jusuf Nurkić', 'Svi Mykhailiuk')",0.8999999999999999,2,2,2,1,0,0,0,0,0,0,2,1.88,2.0,0.0,0.0,0.0,0.0,0.0,0.0,0.0,2.0,3.88,12
22500211,UTA,IND,79.0,77.6,"('Jusuf Nurkić', 'Walter Clayton Jr.')",0.8999999999999999,2,2,2,1,0,0,0,0,0,0,2,1.88,2.0,0.0,0.0,0.0,0.0,0.0,0.0,0.0,2.0,3.88,12
22500211,UTA,IND,79.0,77.6,"('Keyonte George', 'Svi Mykhailiuk')",0.8999999999999999,2,2,2,1,0,0,0,0,0,0,2,1.88,2.0,0.0,0.0,0.0,0.0,0.0,0.0,0.0,2.0,3.88,12
22500211,UTA,IND,79.0,77.6,"('Keyonte George', 'Walter Clayton Jr.')",0.8999999999999999,2,2,2,1,0,0,0,0,0,0,2,1.88,2.0,0.0,0.0,0.0,0.0,0.0,0.0,0.0,2.0,3.88,12
22500211,UTA,IND,79.0,77.6,"('Svi Mykhailiuk', 'Walter Clayton Jr.')",0.8999999999999999,2,2,2,1,0,0,0,0,0,0,2,1.88,2.0,0.0,0.0,0.0,0.0,0.0,0.0,0.0,2.0,3.88,12
22500211,UTA,IND,80.2,77.8,"('Ace Bailey', 'Isaiah Collier')",2.585,2,4,5,3,3,2,1,0,0,4,0,5.0,4.88,0.0,0.0,4.0,2.0,0.0,0.0,3.0,0.0,9.88,12
22500211,UTA,IND,80.2,77.8,"('Ace Bailey', 'Keyonte George')",2.585,2,4,5,3,3,2,1,0,0,4,0,5.0,4.88,0.0,0.0,4.0,2.0,0.0,0.0,3.0,0.0,9.88,12
22500211,UTA,IND,80.2,77.8,"('Ace Bailey', 'Kyle Filipowski')",2.585,2,4,5,3,3,2,1,0,0,4,0,5.0,4.88,0.0,0.0,4.0,2.0,0.0,0.0,3.0,0.0,9.88,12
22500211,UTA,IND,80.2,77.8,"('Ace Bailey', 'Lauri Markkanen')",2.585,2,4,5,3,3,2,1,0,0,4,0,5.0,4.88,0.0,0.0,4.0,2.0,0.0,0.0,3.0,0.0,9.88,12
22500211,UTA,IND,80.2,77.8,"('Isaiah Collier', 'Keyonte George')",2.585,2,4,5,3,3,2,1,0,0,4,0,5.0,4.88,0.0,0.0,4.0,2.0,0.0,0.0,3.0,0.0,9.88,12
22500211,UTA,IND,80.2,77.8,"('Isaiah Collier', 'Kyle Filipowski')",2.585,2,4,5,3,3,2,1,0,0,4,0,5.0,4.88,0.0,0.0,4.0,2.0,0.0,0.0,3.0,0.0,9.88,12
22500211,UTA,IND,80.2,77.8,"('Isaiah Collier', 'Lauri Markkanen')",2.585,2,4,5,3,3,2,1,0,0,4,0,5.0,4.88,0.0,0.0,4.0,2.0,0.0,0.0,3.0,0.0,9.88,12
22500211,UTA,IND,80.2,77.8,"('Keyonte George', 'Kyle Filipowski')",2.585,2,4,5,3,3,2,1,0,0,4,0,5.0,4.88,0.0,0.0,4.0,2.0,0.0,0.0,3.0,0.0,9.88,12
22500211,UTA,IND,80.2,77.8,"('Keyonte George', 'Lauri Markkanen')",2.585,2,4,5,3,3,2,1,0,0,4,0,5.0,4.88,0.0,0.0,4.0,2.0,0.0,0.0,3.0,0.0,9.88,12
22500211,UTA,IND,80.2,77.8,"('Kyle Filipowski', 'Lauri Markkanen')",2.585,2,4,5,3,3,2,1,0,0,4,0,5.0,4.88,0.0,0.0,4.0,2.0,0.0,0.0,3.0,0.0,9.88,12
22500211,UTA,IND,81.0,79.2,"('Ace Bailey', 'Cody Williams')",2.166666666666667,2,5,5,3,3,1,1,0,0,1,0,4.0,4.0,0.0,0.0,0.0,0.0,0.0,0.0,2.0,2.0,8.0,12
22500211,UTA,IND,81.0,79.2,"('Ace Bailey', 'Kyle Filipowski')",2.166666666666667,2,5,5,3,3,1,1,0,0,1,0,4.0,4.0,0.0,0.0,0.0,0.0,0.0,0.0,2.0,2.0,8.0,12
22500211,UTA,IND,81.0,79.2,"('Ace Bailey', 'Lauri Markkanen')",2.166666666666667,2,5,5,3,3,1,1,0,0,1,0,4.0,4.0,0.0,0.0,0.0,0.0,0.0,0.0,2.0,2.0,8.0,12
22500211,UTA,IND,81.0,79.2,"('Ace Bailey', 'Walter Clayton Jr.')",2.166666666666667,2,5,5,3,3,1,1,0,0,1,0,4.0,4.0,0.0,0.0,0.0,0.0,0.0,0.0,2.0,2.0,8.0,12
22500211,UTA,IND,81.0,79.2,"('Cody Williams', 'Kyle Filipowski')",2.166666666666667,2,5,5,3,3,1,1,0,0,1,0,4.0,4.0,0.0,0.0,0.0,0.0,0.0,0.0,2.0,2.0,8.0,12
22500211,UTA,IND,81.0,79.2,"('Cody Williams', 'Lauri Markkanen')",2.166666666666667,2,5,5,3,3,1,1,0,0,1,0,4.0,4.0,0.0,0.0,0.0,0.0,0.0,0.0,2.0,2.0,8.0,12
22500211,UTA,IND,81.0,79.2,"('Cody Williams', 'Walter Clayton Jr.')",2.166666666666667,2,5,5,3,3,1,1,0,0,1,0,4.0,4.0,0.0,0.0,0.0,0.0,0.0,0.0,2.0,2.0,8.0,12
22500211,UTA,IND,81.0,79.2,"('Kyle Filipowski', 'Lauri Markkanen')",2.166666666666667,2,5,5,3,3,1,1,0,0,1,0,4.0,4.0,0.0,0.0,0.0,0.0,0.0,0.0,2.0,2.0,8.0,12
22500211,UTA,IND,81.0,79.2,"('Kyle Filipowski', 'Walter Clayton Jr.')",2.166666666666667,2,5,5,3,3,1,1,0,0,1,0,4.0,4.0,0.0,0.0,0.0,0.0,0.0,0.0,2.0,2.0,8.0,12
22500211,UTA,IND,81.0,79.2,"('Lauri Markkanen', 'Walter Clayton Jr.')",2.166666666666667,2,5,5,3,3,1,1,0,0,1,0,4.0,4.0,0.0,0.0,0.0,0.0,0.0,0.0,2.0,2.0,8.0,12
22500211,UTA,IND,80.6,79.2,"('Ace Bailey', 'Cody Williams')",1.2333333333333334,2,5,2,3,0,1,1,1,0,0,0,4.0,4.0,5.0,0.0,0.0,2.0,2.0,0.0,0.0,0.0,8.0,12
22500211,UTA,IND,80.6,79.2,"('Ace Bailey', 'Jusuf Nurkić')",1.2333333333333334,2,5,2,3,0,1,1,1,0,0,0,4.0,4.0,5.0,0.0,0.0,2.0,2.0,0.0,0.0,0.0,8.0,12
22500211,UTA,IND,80.6,79.2,"('Ace Bailey', 'Kyle Filipowski')",1.2333333333333334,2,5,2,3,0,1,1,1,0,0,0,4.0,4.0,5.0,0.0,0.0,2.0,2.0,0.0,0.0,0.0,8.0,12
22500211,UTA,IND,80.6,79.2,"('Ace Bailey', 'Walter Clayton Jr.')",1.2333333333333334,2,5,2,3,0,1,1,1,0,0,0,4.0,4.0,5.0,0.0,0.0,2.0,2.0,0.0,0.0,0.0,8.0,12
22500211,UTA,IND,80.6,79.2,"('Cody Williams', 'Jusuf Nurkić')",1.2333333333333334,2,5,2,3,0,1,1,1,0,0,0,4.0,4.0,5.0,0.0,0.0,2.0,2.0,0.0,0.0,0.0,8.0,12
22500211,UTA,IND,80.6,79.2,"('Cody Williams', 'Kyle Filipowski')",1.2333333333333334,2,5,2,3,0,1,1,1,0,0,0,4.0,4.0,5.0,0.0,0.0,2.0,2.0,0.0,0.0,0.0,8.0,12
22500211,UTA,IND,80.6,79.2,"('Cody Williams', 'Walter Clayton Jr.')",1.2333333333333334,2,5,2,3,0,1,1,1,0,0,0,4.0,4.0,5.0,0.0,0.0,2.0,2.0,0.0,0.0,0.0,8.0,12
22500211,UTA,IND,80.6,79.2,"('Jusuf Nurkić', 'Kyle Filipowski')",1.2333333333333334,2,5,2,3,0,1,1,1,0,0,0,4.0,4.0,5.0,0.0,0.0,2.0,2.0,0.0,0.0,0.0,8.0,12
22500211,UTA,IND,80.6,79.2,"('Jusuf Nurkić', 'Walter Clayton Jr.')",1.2333333333333334,2,5,2,3,0,1,1,1,0,0,0,4.0,4.0,5.0,0.0,0.0,2.0,2.0,0.0,0.0,0.0,8.0,12
22500211,UTA,IND,80.6,79.2,"('Kyle Filipowski', 'Walter Clayton Jr.')",1.2333333333333334,2,5,2,3,0,1,1,1,0,0,0,4.0,4.0,5.0,0.0,0.0,2.0,2.0,0.0,0.0,0.0,8.0,12
22500211,UTA,IND,80.8,78.6,"('Ace Bailey', 'Isaiah Collier')",0.8500000000000001,3,7,1,1,1,2,0,0,0,0,1,2.44,1.44,0.0,0.0,0.0,0.0,0.0,0.0,0.0,0.0,3.88,12
22500211,UTA,IND,80.8,78.6,"('Ace Bailey', 'Jusuf Nurkić')",0.8500000000000001,3,7,1,1,1,2,0,0,0,0,1,2.44,1.44,0.0,0.0,0.0,0.0,0.0,0.0,0.0,0.0,3.88,12
22500211,UTA,IND,80.8,78.6,"('Ace Bailey', 'Lauri Markkanen')",0.8500000000000001,3,7,1,1,1,2,0,0,0,0,1,2.44,1.44,0.0,0.0,0.0,0.0,0.0,0.0,0.0,0.0,3.88,12
22500211,UTA,IND,80.8,78.6,"('Ace Bailey', 'Svi Mykhailiuk')",0.8500000000000001,3,7,1,1,1,2,0,0,0,0,1,2.44,1.44,0.0,0.0,0.0,0.0,0.0,0.0,0.0,0.0,3.88,12
22500211,UTA,IND,80.8,78.6,"('Isaiah Collier', 'Jusuf Nurkić')",0.8500000000000001,3,7,1,1,1,2,0,0,0,0,1,2.44,1.44,0.0,0.0,0.0,0.0,0.0,0.0,0.0,0.0,3.88,12
22500211,UTA,IND,80.8,78.6,"('Isaiah Collier', 'Lauri Markkanen')",0.8500000000000001,3,7,1,1,1,2,0,0,0,0,1,2.44,1.44,0.0,0.0,0.0,0.0,0.0,0.0,0.0,0.0,3.88,12
22500211,UTA,IND,80.8,78.6,"('Isaiah Collier', 'Svi Mykhailiuk')",0.8500000000000001,3,7,1,1,1,2,0,0,0,0,1,2.44,1.44,0.0,0.0,0.0,0.0,0.0,0.0,0.0,0.0,3.88,12
22500211,UTA,IND,80.8,78.6,"('Jusuf Nurkić', 'Lauri Markkanen')",0.8500000000000001,3,7,1,1,1,2,0,0,0,0,1,2.44,1.44,0.0,0.0,0.0,0.0,0.0,0.0,0.0,0.0,3.88,12
22500211,UTA,IND,80.8,78.6,"('Jusuf Nurkić', 'Svi Mykhailiuk')",0.8500000000000001,3,7,1,1,1,2,0,0,0,0,1,2.44,1.44,0.0,0.0,0.0,0.0,0.0,0.0,0.0,0.0,3.88,12
22500211,UTA,IND,80.8,78.6,"('Lauri Markkanen', 'Svi Mykhailiuk')",0.8500000000000001,3,7,1,1,1,2,0,0,0,0,1,2.44,1.44,0.0,0.0,0.0,0.0,0.0,0.0,0.0,0.0,3.88,12
22500211,UTA,IND,80.8,79.0,"('Ace Bailey', 'Jusuf Nurkić')",3.799999999999999,3,13,12,1,1,3,3,1,2,2,3,7.44,8.44,0.0,5.0,2.0,6.0,0.0,0.0,0.0,6.0,15.88,12
22500211,UTA,IND,80.8,79.0,"('Ace Bailey', 'Keyonte George')",3.799999999999999,3,13,12,1,1,3,3,1,2,2,3,7.44,8.44,0.0,5.0,2.0,6.0,0.0,0.0,0.0,6.0,15.88,12
22500211,UTA,IND,80.8,79.0,"('Ace Bailey', 'Lauri Markkanen')",3.799999999999999,3,13,12,1,1,3,3,1,2,2,3,7.44,8.44,0.0,5.0,2.0,6.0,0.0,0.0,0.0,6.0,15.88,12
22500211,UTA,IND,80.8,79.0,"('Ace Bailey', 'Svi Mykhailiuk')",3.799999999999999,3,13,12,1,1,3,3,1,2,2,3,7.44,8.44,0.0,5.0,2.0,6.0,0.0,0.0,0.0,6.0,15.88,12
22500211,UTA,IND,80.8,79.0,"('Jusuf Nurkić', 'Keyonte George')",3.799999999999999,3,13,12,1,1,3,3,1,2,2,3,7.44,8.44,0.0,5.0,2.0,6.0,0.0,0.0,0.0,6.0,15.88,12
22500211,UTA,IND,80.8,79.0,"('Jusuf Nurkić', 'Lauri Markkanen')",3.799999999999999,3,13,12,1,1,3,3,1,2,2,3,7.44,8.44,0.0,5.0,2.0,6.0,0.0,0.0,0.0,6.0,15.88,12
22500211,UTA,IND,80.8,79.0,"('Jusuf Nurkić', 'Svi Mykhailiuk')",3.799999999999999,3,13,12,1,1,3,3,1,2,2,3,7.44,8.44,0.0,5.0,2.0,6.0,0.0,0.0,0.0,6.0,15.88,12
22500211,UTA,IND,80.8,79.0,"('Keyonte George', 'Lauri Markkanen')",3.799999999999999,3,13,12,1,1,3,3,1,2,2,3,7.44,8.44,0.0,5.0,2.0,6.0,0.0,0.0,0.0,6.0,15.88,12
22500211,UTA,IND,80.8,79.0,"('Keyonte George', 'Svi Mykhailiuk')",3.799999999999999,3,13,12,1,1,3,3,1,2,2,3,7.44,8.44,0.0,5.0,2.0,6.0,0.0,0.0,0.0,6.0,15.88,12
22500211,UTA,IND,80.8,79.0,"('Lauri Markkanen', 'Svi Mykhailiuk')",3.799999999999999,3,13,12,1,1,3,3,1,2,2,3,7.44,8.44,0.0,5.0,2.0,6.0,0.0,0.0,0.0,6.0,15.88,12
22500211,UTA,IND,78.4,77.8,"('Brice Sensabaugh', 'Cody Williams')",0.7416666666666667,4,5,3,1,1,2,0,0,1,0,0,2.0,3.44,2.0,2.0,0.0,2.0,0.0,0.0,2.0,2.0,5.44,12
22500211,UTA,IND,78.4,77.8,"('Brice Sensabaugh', 'Elijah Harkless')",0.7416666666666667,4,5,3,1,1,2,0,0,1,0,0,2.0,3.44,2.0,2.0,0.0,2.0,0.0,0.0,2.0,2.0,5.44,12
22500211,UTA,IND,78.4,77.8,"('Brice Sensabaugh', 'Isaiah Collier')",0.7416666666666667,4,5,3,1,1,2,0,0,1,0,0,2.0,3.44,2.0,2.0,0.0,2.0,0.0,0.0,2.0,2.0,5.44,12
22500211,UTA,IND,78.4,77.8,"('Brice Sensabaugh', 'Kyle Filipowski')",0.7416666666666667,4,5,3,1,1,2,0,0,1,0,0,2.0,3.44,2.0,2.0,0.0,2.0,0.0,0.0,2.0,2.0,5.44,12
22500211,UTA,IND,78.4,77.8,"('Cody Williams', 'Elijah Harkless')",0.7416666666666667,4,5,3,1,1,2,0,0,1,0,0,2.0,3.44,2.0,2.0,0.0,2.0,0.0,0.0,2.0,2.0,5.44,12
22500211,UTA,IND,78.4,77.8,"('Cody Williams', 'Isaiah Collier')",0.7416666666666667,4,5,3,1,1,2,0,0,1,0,0,2.0,3.44,2.0,2.0,0.0,2.0,0.0,0.0,2.0,2.0,5.44,12
22500211,UTA,IND,78.4,77.8,"('Cody Williams', 'Kyle Filipowski')",0.7416666666666667,4,5,3,1,1,2,0,0,1,0,0,2.0,3.44,2.0,2.0,0.0,2.0,0.0,0.0,2.0,2.0,5.44,12
22500211,UTA,IND,78.4,77.8,"('Elijah Harkless', 'Isaiah Collier')",0.7416666666666667,4,5,3,1,1,2,0,0,1,0,0,2.0,3.44,2.0,2.0,0.0,2.0,0.0,0.0,2.0,2.0,5.44,12
22500211,UTA,IND,78.4,77.8,"('Elijah Harkless', 'Kyle Filipowski')",0.7416666666666667,4,5,3,1,1,2,0,0,1,0,0,2.0,3.44,2.0,2.0,0.0,2.0,0.0,0.0,2.0,2.0,5.44,12
22500211,UTA,IND,78.4,77.8,"('Isaiah Collier', 'Kyle Filipowski')",0.7416666666666667,4,5,3,1,1,2,0,0,1,0,0,2.0,3.44,2.0,2.0,0.0,2.0,0.0,0.0,2.0,2.0,5.44,12
22500211,UTA,IND,81.0,79.0,"('Ace Bailey', 'Cody Williams')",1.7,4,5,5,0,1,0,1,1,1,2,2,3.88,2.88,0.0,0.0,0.0,0.0,0.0,0.0,0.0,0.0,6.76,12
22500211,UTA,IND,81.0,79.0,"('Ace Bailey', 'Kyle Filipowski')",1.7,4,5,5,0,1,0,1,1,1,2,2,3.88,2.88,0.0,0.0,0.0,0.0,0.0,0.0,0.0,0.0,6.76,12
22500211,UTA,IND,81.0,79.0,"('Ace Bailey', 'Lauri Markkanen')",1.7,4,5,5,0,1,0,1,1,1,2,2,3.88,2.88,0.0,0.0,0.0,0.0,0.0,0.0,0.0,0.0,6.76,12
22500211,UTA,IND,81.0,79.0,"('Ace Bailey', 'Walter Clayton Jr.')",1.7,4,5,5,0,1,0,1,1,1,2,2,3.88,2.88,0.0,0.0,0.0,0.0,0.0,0.0,0.0,0.0,6.76,12
22500211,UTA,IND,81.0,79.0,"('Cody Williams', 'Kyle Filipowski')",1.7,4,5,5,0,1,0,1,1,1,2,2,3.88,2.88,0.0,0.0,0.0,0.0,0.0,0.0,0.0,0.0,6.76,12
22500211,UTA,IND,81.0,79.0,"('Cody Williams', 'Lauri Markkanen')",1.7,4,5,5,0,1,0,1,1,1,2,2,3.88,2.88,0.0,0.0,0.0,0.0,0.0,0.0,0.0,0.0,6.76,12
22500211,UTA,IND,81.0,79.0,"('Cody Williams', 'Walter Clayton Jr.')",1.7,4,5,5,0,1,0,1,1,1,2,2,3.88,2.88,0.0,0.0,0.0,0.0,0.0,0.0,0.0,0.0,6.76,12
22500211,UTA,IND,81.0,79.0,"('Kyle Filipowski', 'Lauri Markkanen')",1.7,4,5,5,0,1,0,1,1,1,2,2,3.88,2.88,0.0,0.0,0.0,0.0,0.0,0.0,0.0,0.0,6.76,12
22500211,UTA,IND,81.0,79.0,"('Kyle Filipowski', 'Walter Clayton Jr.')",1.7,4,5,5,0,1,0,1,1,1,2,2,3.88,2.88,0.0,0.0,0.0,0.0,0.0,0.0,0.0,0.0,6.76,12
22500211,UTA,IND,81.0,79.0,"('Lauri Markkanen', 'Walter Clayton Jr.')",1.7,4,5,5,0,1,0,1,1,1,2,2,3.88,2.88,0.0,0.0,0.0,0.0,0.0,0.0,0.0,0.0,6.76,12
22500211,UTA,IND,80.6,79.0,"('Ace Bailey', 'Cody Williams')",0.1166666666666666,4,0,2,0,0,0,0,0,0,1,0,0.0,0.88,0.0,0.0,0.0,0.0,0.0,0.0,0.0,0.0,0.88,12
22500211,UTA,IND,80.6,79.0,"('Ace Bailey', 'Jusuf Nurkić')",0.1166666666666666,4,0,2,0,0,0,0,0,0,1,0,0.0,0.88,0.0,0.0,0.0,0.0,0.0,0.0,0.0,0.0,0.88,12
22500211,UTA,IND,80.6,79.0,"('Ace Bailey', 'Kyle Filipowski')",0.1166666666666666,4,0,2,0,0,0,0,0,0,1,0,0.0,0.88,0.0,0.0,0.0,0.0,0.0,0.0,0.0,0.0,0.88,12
22500211,UTA,IND,80.6,79.0,"('Ace Bailey', 'Walter Clayton Jr.')",0.1166666666666666,4,0,2,0,0,0,0,0,0,1,0,0.0,0.88,0.0,0.0,0.0,0.0,0.0,0.0,0.0,0.0,0.88,12
22500211,UTA,IND,80.6,79.0,"('Cody Williams', 'Jusuf Nurkić')",0.1166666666666666,4,0,2,0,0,0,0,0,0,1,0,0.0,0.88,0.0,0.0,0.0,0.0,0.0,0.0,0.0,0.0,0.88,12
22500211,UTA,IND,80.6,79.0,"('Cody Williams', 'Kyle Filipowski')",0.1166666666666666,4,0,2,0,0,0,0,0,0,1,0,0.0,0.88,0.0,0.0,0.0,0.0,0.0,0.0,0.0,0.0,0.88,12
22500211,UTA,IND,80.6,79.0,"('Cody Williams', 'Walter Clayton Jr.')",0.1166666666666666,4,0,2,0,0,0,0,0,0,1,0,0.0,0.88,0.0,0.0,0.0,0.0,0.0,0.0,0.0,0.0,0.88,12
22500211,UTA,IND,80.6,79.0,"('Jusuf Nurkić', 'Kyle Filipowski')",0.1166666666666666,4,0,2,0,0,0,0,0,0,1,0,0.0,0.88,0.0,0.0,0.0,0.0,0.0,0.0,0.0,0.0,0.88,12
22500211,UTA,IND,80.6,79.0,"('Jusuf Nurkić', 'Walter Clayton Jr.')",0.1166666666666666,4,0,2,0,0,0,0,0,0,1,0,0.0,0.88,0.0,0.0,0.0,0.0,0.0,0.0,0.0,0.0,0.88,12
22500211,UTA,IND,80.6,79.0,"('Kyle Filipowski', 'Walter Clayton Jr.')",0.1166666666666666,4,0,2,0,0,0,0,0,0,1,0,0.0,0.88,0.0,0.0,0.0,0.0,0.0,0.0,0.0,0.0,0.88,12
22500211,UTA,IND,79.8,79.2,"('Isaiah Collier', 'Jusuf Nurkić')",3.733333333333333,4,9,6,5,3,3,2,2,1,2,1,9.44,10.88,2.0,2.0,2.0,8.0,0.0,0.0,0.0,4.0,20.32,12
22500211,UTA,IND,79.8,79.2,"('Isaiah Collier', 'Keyonte George')",3.733333333333333,4,9,6,5,3,3,2,2,1,2,1,9.44,10.88,2.0,2.0,2.0,8.0,0.0,0.0,0.0,4.0,20.32,12
22500211,UTA,IND,79.8,79.2,"('Isaiah Collier', 'Lauri Markkanen')",3.733333333333333,4,9,6,5,3,3,2,2,1,2,1,9.44,10.88,2.0,2.0,2.0,8.0,0.0,0.0,0.0,4.0,20.32,12
22500211,UTA,IND,79.8,79.2,"('Isaiah Collier', 'Svi Mykhailiuk')",3.733333333333333,4,9,6,5,3,3,2,2,1,2,1,9.44,10.88,2.0,2.0,2.0,8.0,0.0,0.0,0.0,4.0,20.32,12
22500211,UTA,IND,79.8,79.2,"('Jusuf Nurkić', 'Keyonte George')",3.733333333333333,4,9,6,5,3,3,2,2,1,2,1,9.44,10.88,2.0,2.0,2.0,8.0,0.0,0.0,0.0,4.0,20.32,12
22500211,UTA,IND,79.8,79.2,"('Jusuf Nurkić', 'Lauri Markkanen')",3.733333333333333,4,9,6,5,3,3,2,2,1,2,1,9.44,10.88,2.0,2.0,2.0,8.0,0.0,0.0,0.0,4.0,20.32,12
22500211,UTA,IND,79.8,79.2,"('Jusuf Nurkić', 'Svi Mykhailiuk')",3.733333333333333,4,9,6,5,3,3,2,2,1,2,1,9.44,10.88,2.0,2.0,2.0,8.0,0.0,0.0,0.0,4.0,20.32,12
22500211,UTA,IND,79.8,79.2,"('Keyonte George', 'Lauri Markkanen')",3.733333333333333,4,9,6,5,3,3,2,2,1,2,1,9.44,10.88,2.0,2.0,2.0,8.0,0.0,0.0,0.0,4.0,20.32,12
22500211,UTA,IND,79.8,79.2,"('Keyonte George', 'Svi Mykhailiuk')",3.733333333333333,4,9,6,5,3,3,2,2,1,2,1,9.44,10.88,2.0,2.0,2.0,8.0,0.0,0.0,0.0,4.0,20.32,12
22500211,UTA,IND,79.8,79.2,"('Lauri Markkanen', 'Svi Mykhailiuk')",3.733333333333333,4,9,6,5,3,3,2,2,1,2,1,9.44,10.88,2.0,2.0,2.0,8.0,0.0,0.0,0.0,4.0,20.32,12
22500211,UTA,IND,80.4,79.2,"('Brice Sensabaugh', 'Cody Williams')",4.4350000000000005,3,14,13,0,3,3,2,2,2,4,4,12.76,9.52,2.0,4.0,0.0,10.0,3.0,0.0,3.0,2.0,22.28,12
22500211,UTA,IND,80.4,79.2,"('Brice Sensabaugh', 'Isaiah Collier')",4.4350000000000005,3,14,13,0,3,3,2,2,2,4,4,12.76,9.52,2.0,4.0,0.0,10.0,3.0,0.0,3.0,2.0,22.28,12
22500211,UTA,IND,80.4,79.2,"('Brice Sensabaugh', 'Kyle Filipowski')",4.4350000000000005,3,14,13,0,3,3,2,2,2,4,4,12.76,9.52,2.0,4.0,0.0,10.0,3.0,0.0,3.0,2.0,22.28,12
22500211,UTA,IND,80.4,79.2,"('Brice Sensabaugh', 'Lauri Markkanen')",4.4350000000000005,3,14,13,0,3,3,2,2,2,4,4,12.76,9.52,2.0,4.0,0.0,10.0,3.0,0.0,3.0,2.0,22.28,12
22500211,UTA,IND,80.4,79.2,"('Cody Williams', 'Isaiah Collier')",4.4350000000000005,3,14,13,0,3,3,2,2,2,4,4,12.76,9.52,2.0,4.0,0.0,10.0,3.0,0.0,3.0,2.0,22.28,12
22500211,UTA,IND,80.4,79.2,"('Cody Williams', 'Kyle Filipowski')",4.4350000000000005,3,14,13,0,3,3,2,2,2,4,4,12.76,9.52,2.0,4.0,0.0,10.0,3.0,0.0,3.0,2.0,22.28,12
22500211,UTA,IND,80.4,79.2,"('Cody Williams', 'Lauri Markkanen')",4.4350000000000005,3,14,13,0,3,3,2,2,2,4,4,12.76,9.52,2.0,4.0,0.0,10.0,3.0,0.0,3.0,2.0,22.28,12
22500211,UTA,IND,80.4,79.2,"('Isaiah Collier', 'Kyle Filipowski')",4.4350000000000005,3,14,13,0,3,3,2,2,2,4,4,12.76,9.52,2.0,4.0,0.0,10.0,3.0,0.0,3.0,2.0,22.28,12
22500211,UTA,IND,80.4,79.2,"('Isaiah Collier', 'Lauri Markkanen')",4.4350000000000005,3,14,13,0,3,3,2,2,2,4,4,12.76,9.52,2.0,4.0,0.0,10.0,3.0,0.0,3.0,2.0,22.28,12
22500211,UTA,IND,80.4,79.2,"('Kyle Filipowski', 'Lauri Markkanen')",4.4350000000000005,3,14,13,0,3,3,2,2,2,4,4,12.76,9.52,2.0,4.0,0.0,10.0,3.0,0.0,3.0,2.0,22.28,12
22500211,UTA,IND,79.2,77.8,"('Brice Sensabaugh', 'Cody Williams')",0.5666666666666667,4,1,2,1,1,0,0,0,0,1,0,1.44,2.0,0.0,0.0,0.0,0.0,0.0,0.0,0.0,0.0,3.44,12
22500211,UTA,IND,79.2,77.8,"('Brice Sensabaugh', 'Isaiah Collier')",0.5666666666666667,4,1,2,1,1,0,0,0,0,1,0,1.44,2.0,0.0,0.0,0.0,0.0,0.0,0.0,0.0,0.0,3.44,12
22500211,UTA,IND,79.2,77.8,"('Brice Sensabaugh', 'Kyle Filipowski')",0.5666666666666667,4,1,2,1,1,0,0,0,0,1,0,1.44,2.0,0.0,0.0,0.0,0.0,0.0,0.0,0.0,0.0,3.44,12
22500211,UTA,IND,79.2,77.8,"('Brice Sensabaugh', 'Svi Mykhailiuk')",0.5666666666666667,4,1,2,1,1,0,0,0,0,1,0,1.44,2.0,0.0,0.0,0.0,0.0,0.0,0.0,0.0,0.0,3.44,12
22500211,UTA,IND,79.2,77.8,"('Cody Williams', 'Isaiah Collier')",0.5666666666666667,4,1,2,1,1,0,0,0,0,1,0,1.44,2.0,0.0,0.0,0.0,0.0,0.0,0.0,0.0,0.0,3.44,12
22500211,UTA,IND,79.2,77.8,"('Cody Williams', 'Kyle Filipowski')",0.5666666666666667,4,1,2,1,1,0,0,0,0,1,0,1.44,2.0,0.0,0.0,0.0,0.0,0.0,0.0,0.0,0.0,3.44,12
22500211,UTA,IND,79.2,77.8,"('Cody Williams', 'Svi Mykhailiuk')",0.5666666666666667,4,1,2,1,1,0,0,0,0,1,0,1.44,2.0,0.0,0.0,0.0,0.0,0.0,0.0,0.0,0.0,3.44,12
22500211,UTA,IND,79.2,77.8,"('Isaiah Collier', 'Kyle Filipowski')",0.5666666666666667,4,1,2,1,1,0,0,0,0,1,0,1.44,2.0,0.0,0.0,0.0,0.0,0.0,0.0,0.0,0.0,3.44,12
22500211,UTA,IND,79.2,77.8,"('Isaiah Collier', 'Svi Mykhailiuk')",0.5666666666666667,4,1,2,1,1,0,0,0,0,1,0,1.44,2.0,0.0,0.0,0.0,0.0,0.0,0.0,0.0,0.0,3.44,12
22500211,UTA,IND,79.2,77.8,"('Kyle Filipowski', 'Svi Mykhailiuk')",0.5666666666666667,4,1,2,1,1,0,0,0,0,1,0,1.44,2.0,0.0,0.0,0.0,0.0,0.0,0.0,0.0,0.0,3.44,12
22500211,UTA,IND,79.0,79.0,"('Ace Bailey', 'Jusuf Nurkić')",2.35,4,9,10,0,2,1,2,1,0,3,3,4.640000000000001,4.32,0.0,0.0,0.0,0.0,0.0,0.0,5.0,4.0,8.96,12
22500211,UTA,IND,79.0,79.0,"('Ace Bailey', 'Keyonte George')",2.35,4,9,10,0,2,1,2,1,0,3,3,4.640000000000001,4.32,0.0,0.0,0.0,0.0,0.0,0.0,5.0,4.0,8.96,12
22500211,UTA,IND,79.0,79.0,"('Ace Bailey', 'Svi Mykhailiuk')",2.35,4,9,10,0,2,1,2,1,0,3,3,4.640000000000001,4.32,0.0,0.0,0.0,0.0,0.0,0.0,5.0,4.0,8.96,12
22500211,UTA,IND,79.0,79.0,"('Ace Bailey', 'Walter Clayton Jr.')",2.35,4,9,10,0,2,1,2,1,0,3,3,4.640000000000001,4.32,0.0,0.0,0.0,0.0,0.0,0.0,5.0,4.0,8.96,12
22500211,UTA,IND,79.0,79.0,"('Jusuf Nurkić', 'Keyonte George')",2.35,4,9,10,0,2,1,2,1,0,3,3,4.640000000000001,4.32,0.0,0.0,0.0,0.0,0.0,0.0,5.0,4.0,8.96,12
22500211,UTA,IND,79.0,79.0,"('Jusuf Nurkić', 'Svi Mykhailiuk')",2.35,4,9,10,0,2,1,2,1,0,3,3,4.640000000000001,4.32,0.0,0.0,0.0,0.0,0.0,0.0,5.0,4.0,8.96,12
22500211,UTA,IND,79.0,79.0,"('Jusuf Nurkić', 'Walter Clayton Jr.')",2.35,4,9,10,0,2,1,2,1,0,3,3,4.640000000000001,4.32,0.0,0.0,0.0,0.0,0.0,0.0,5.0,4.0,8.96,12
22500211,UTA,IND,79.0,79.0,"('Keyonte George', 'Svi Mykhailiuk')",2.35,4,9,10,0,2,1,2,1,0,3,3,4.640000000000001,4.32,0.0,0.0,0.0,0.0,0.0,0.0,5.0,4.0,8.96,12
22500211,UTA,IND,79.0,79.0,"('Keyonte George', 'Walter Clayton Jr.')",2.35,4,9,10,0,2,1,2,1,0,3,3,4.640000000000001,4.32,0.0,0.0,0.0,0.0,0.0,0.0,5.0,4.0,8.96,12
22500211,UTA,IND,79.0,79.0,"('Svi Mykhailiuk', 'Walter Clayton Jr.')",2.35,4,9,10,0,2,1,2,1,0,3,3,4.640000000000001,4.32,0.0,0.0,0.0,0.0,0.0,0.0,5.0,4.0,8.96,12
22500227,UTA,ATL,80.0,79.8,"('Ace Bailey', 'Brice Sensabaugh')",2.8500000000000005,2,9,10,2,2,3,3,2,0,0,0,6.0,7.0,0.0,0.0,0.0,0.0,2.0,5.0,3.0,4.0,13.0,13
22500227,UTA,ATL,80.0,79.8,"('Ace Bailey', 'Kevin Love')",2.8500000000000005,2,9,10,2,2,3,3,2,0,0,0,6.0,7.0,0.0,0.0,0.0,0.0,2.0,5.0,3.0,4.0,13.0,13
22500227,UTA,ATL,80.0,79.8,"('Ace Bailey', 'Keyonte George')",2.8500000000000005,2,9,10,2,2,3,3,2,0,0,0,6.0,7.0,0.0,0.0,0.0,0.0,2.0,5.0,3.0,4.0,13.0,13
22500227,UTA,ATL,80.0,79.8,"('Ace Bailey', 'Kyle Filipowski')",2.8500000000000005,2,9,10,2,2,3,3,2,0,0,0,6.0,7.0,0.0,0.0,0.0,0.0,2.0,5.0,3.0,4.0,13.0,13
22500227,UTA,ATL,80.0,79.8,"('Brice Sensabaugh', 'Kevin Love')",2.8500000000000005,2,9,10,2,2,3,3,2,0,0,0,6.0,7.0,0.0,0.0,0.0,0.0,2.0,5.0,3.0,4.0,13.0,13
22500227,UTA,ATL,80.0,79.8,"('Brice Sensabaugh', 'Keyonte George')",2.8500000000000005,2,9,10,2,2,3,3,2,0,0,0,6.0,7.0,0.0,0.0,0.0,0.0,2.0,5.0,3.0,4.0,13.0,13
22500227,UTA,ATL,80.0,79.8,"('Brice Sensabaugh', 'Kyle Filipowski')",2.8500000000000005,2,9,10,2,2,3,3,2,0,0,0,6.0,7.0,0.0,0.0,0.0,0.0,2.0,5.0,3.0,4.0,13.0,13
22500227,UTA,ATL,80.0,79.8,"('Kevin Love', 'Keyonte George')",2.8500000000000005,2,9,10,2,2,3,3,2,0,0,0,6.0,7.0,0.0,0.0,0.0,0.0,2.0,5.0,3.0,4.0,13.0,13
22500227,UTA,ATL,80.0,79.8,"('Kevin Love', 'Kyle Filipowski')",2.8500000000000005,2,9,10,2,2,3,3,2,0,0,0,6.0,7.0,0.0,0.0,0.0,0.0,2.0,5.0,3.0,4.0,13.0,13
22500227,UTA,ATL,80.0,79.8,"('Keyonte George', 'Kyle Filipowski')",2.8500000000000005,2,9,10,2,2,3,3,2,0,0,0,6.0,7.0,0.0,0.0,0.0,0.0,2.0,5.0,3.0,4.0,13.0,13
22500227,UTA,ATL,80.6,79.2,"('Ace Bailey', 'Brice Sensabaugh')",3.9,2,12,11,3,3,3,3,2,2,1,0,9.0,8.88,4.0,2.0,0.0,6.0,3.0,3.0,0.0,0.0,17.880000000000003,13
22500227,UTA,ATL,80.6,79.2,"('Ace Bailey', 'Isaiah Collier')",3.9,2,12,11,3,3,3,3,2,2,1,0,9.0,8.88,4.0,2.0,0.0,6.0,3.0,3.0,0.0,0.0,17.880000000000003,13
22500227,UTA,ATL,80.6,79.2,"('Ace Bailey', 'Jusuf Nurkić')",3.9,2,12,11,3,3,3,3,2,2,1,0,9.0,8.88,4.0,2.0,0.0,6.0,3.0,3.0,0.0,0.0,17.880000000000003,13
22500227,UTA,ATL,80.6,79.2,"('Ace Bailey', 'Lauri Markkanen')",3.9,2,12,11,3,3,3,3,2,2,1,0,9.0,8.88,4.0,2.0,0.0,6.0,3.0,3.0,0.0,0.0,17.880000000000003,13
22500227,UTA,ATL,80.6,79.2,"('Brice Sensabaugh', 'Isaiah Collier')",3.9,2,12,11,3,3,3,3,2,2,1,0,9.0,8.88,4.0,2.0,0.0,6.0,3.0,3.0,0.0,0.0,17.880000000000003,13
22500227,UTA,ATL,80.6,79.2,"('Brice Sensabaugh', 'Jusuf Nurkić')",3.9,2,12,11,3,3,3,3,2,2,1,0,9.0,8.88,4.0,2.0,0.0,6.0,3.0,3.0,0.0,0.0,17.880000000000003,13
22500227,UTA,ATL,80.6,79.2,"('Brice Sensabaugh', 'Lauri Markkanen')",3.9,2,12,11,3,3,3,3,2,2,1,0,9.0,8.88,4.0,2.0,0.0,6.0,3.0,3.0,0.0,0.0,17.880000000000003,13
22500227,UTA,ATL,80.6,79.2,"('Isaiah Collier', 'Jusuf Nurkić')",3.9,2,12,11,3,3,3,3,2,2,1,0,9.0,8.88,4.0,2.0,0.0,6.0,3.0,3.0,0.0,0.0,17.880000000000003,13
22500227,UTA,ATL,80.6,79.2,"('Isaiah Collier', 'Lauri Markkanen')",3.9,2,12,11,3,3,3,3,2,2,1,0,9.0,8.88,4.0,2.0,0.0,6.0,3.0,3.0,0.0,0.0,17.880000000000003,13
22500227,UTA,ATL,80.6,79.2,"('Jusuf Nurkić', 'Lauri Markkanen')",3.9,2,12,11,3,3,3,3,2,2,1,0,9.0,8.88,4.0,2.0,0.0,6.0,3.0,3.0,0.0,0.0,17.880000000000003,13
22500227,UTA,ATL,81.0,79.6,"('Kevin Love', 'Keyonte George')",1.3500000000000003,2,6,2,2,0,3,1,0,0,0,1,3.0,3.0,2.0,2.0,2.0,4.0,0.0,0.0,0.0,2.0,6.0,13
22500227,UTA,ATL,81.0,79.6,"('Kevin Love', 'Kyle Filipowski')",1.3500000000000003,2,6,2,2,0,3,1,0,0,0,1,3.0,3.0,2.0,2.0,2.0,4.0,0.0,0.0,0.0,2.0,6.0,13
22500227,UTA,ATL,81.0,79.6,"('Kevin Love', 'Lauri Markkanen')",1.3500000000000003,2,6,2,2,0,3,1,0,0,0,1,3.0,3.0,2.0,2.0,2.0,4.0,0.0,0.0,0.0,2.0,6.0,13
22500227,UTA,ATL,81.0,79.6,"('Kevin Love', 'Svi Mykhailiuk')",1.3500000000000003,2,6,2,2,0,3,1,0,0,0,1,3.0,3.0,2.0,2.0,2.0,4.0,0.0,0.0,0.0,2.0,6.0,13
22500227,UTA,ATL,81.0,79.6,"('Keyonte George', 'Kyle Filipowski')",1.3500000000000003,2,6,2,2,0,3,1,0,0,0,1,3.0,3.0,2.0,2.0,2.0,4.0,0.0,0.0,0.0,2.0,6.0,13
22500227,UTA,ATL,81.0,79.6,"('Keyonte George', 'Lauri Markkanen')",1.3500000000000003,2,6,2,2,0,3,1,0,0,0,1,3.0,3.0,2.0,2.0,2.0,4.0,0.0,0.0,0.0,2.0,6.0,13
22500227,UTA,ATL,81.0,79.6,"('Keyonte George', 'Svi Mykhailiuk')",1.3500000000000003,2,6,2,2,0,3,1,0,0,0,1,3.0,3.0,2.0,2.0,2.0,4.0,0.0,0.0,0.0,2.0,6.0,13
22500227,UTA,ATL,81.0,79.6,"('Kyle Filipowski', 'Lauri Markkanen')",1.3500000000000003,2,6,2,2,0,3,1,0,0,0,1,3.0,3.0,2.0,2.0,2.0,4.0,0.0,0.0,0.0,2.0,6.0,13
22500227,UTA,ATL,81.0,79.6,"('Kyle Filipowski', 'Svi Mykhailiuk')",1.3500000000000003,2,6,2,2,0,3,1,0,0,0,1,3.0,3.0,2.0,2.0,2.0,4.0,0.0,0.0,0.0,2.0,6.0,13
22500227,UTA,ATL,81.0,79.6,"('Lauri Markkanen', 'Svi Mykhailiuk')",1.3500000000000003,2,6,2,2,0,3,1,0,0,0,1,3.0,3.0,2.0,2.0,2.0,4.0,0.0,0.0,0.0,2.0,6.0,13
22500227,UTA,ATL,80.8,79.8,"('Ace Bailey', 'Jusuf Nurkić')",4.85,3,21,9,7,4,8,1,2,4,3,2,13.44,12.0,4.0,9.0,3.0,8.0,0.0,0.0,2.0,6.0,25.44,13
22500227,UTA,ATL,80.8,79.8,"('Ace Bailey', 'Keyonte George')",4.85,3,21,9,7,4,8,1,2,4,3,2,13.44,12.0,4.0,9.0,3.0,8.0,0.0,0.0,2.0,6.0,25.44,13
22500227,UTA,ATL,80.8,79.8,"('Ace Bailey', 'Lauri Markkanen')",4.85,3,21,9,7,4,8,1,2,4,3,2,13.44,12.0,4.0,9.0,3.0,8.0,0.0,0.0,2.0,6.0,25.44,13
22500227,UTA,ATL,80.8,79.8,"('Ace Bailey', 'Svi Mykhailiuk')",4.85,3,21,9,7,4,8,1,2,4,3,2,13.44,12.0,4.0,9.0,3.0,8.0,0.0,0.0,2.0,6.0,25.44,13
22500227,UTA,ATL,80.8,79.8,"('Jusuf Nurkić', 'Keyonte George')",4.85,3,21,9,7,4,8,1,2,4,3,2,13.44,12.0,4.0,9.0,3.0,8.0,0.0,0.0,2.0,6.0,25.44,13
22500227,UTA,ATL,80.8,79.8,"('Jusuf Nurkić', 'Lauri Markkanen')",4.85,3,21,9,7,4,8,1,2,4,3,2,13.44,12.0,4.0,9.0,3.0,8.0,0.0,0.0,2.0,6.0,25.44,13
22500227,UTA,ATL,80.8,79.8,"('Jusuf Nurkić', 'Svi Mykhailiuk')",4.85,3,21,9,7,4,8,1,2,4,3,2,13.44,12.0,4.0,9.0,3.0,8.0,0.0,0.0,2.0,6.0,25.44,13
22500227,UTA,ATL,80.8,79.8,"('Keyonte George', 'Lauri Markkanen')",4.85,3,21,9,7,4,8,1,2,4,3,2,13.44,12.0,4.0,9.0,3.0,8.0,0.0,0.0,2.0,6.0,25.44,13
22500227,UTA,ATL,80.8,79.8,"('Keyonte George', 'Svi Mykhailiuk')",4.85,3,21,9,7,4,8,1,2,4,3,2,13.44,12.0,4.0,9.0,3.0,8.0,0.0,0.0,2.0,6.0,25.44,13
22500227,UTA,ATL,80.8,79.8,"('Lauri Markkanen', 'Svi Mykhailiuk')",4.85,3,21,9,7,4,8,1,2,4,3,2,13.44,12.0,4.0,9.0,3.0,8.0,0.0,0.0,2.0,6.0,25.44,13
22500227,UTA,ATL,79.8,79.8,"('Cody Williams', 'Isaiah Collier')",0.8166666666666668,3,2,0,3,2,0,0,1,0,0,1,2.88,3.0,0.0,0.0,0.0,0.0,0.0,0.0,0.0,0.0,5.88,13
22500227,UTA,ATL,79.8,79.8,"('Cody Williams', 'Kevin Love')",0.8166666666666668,3,2,0,3,2,0,0,1,0,0,1,2.88,3.0,0.0,0.0,0.0,0.0,0.0,0.0,0.0,0.0,5.88,13
22500227,UTA,ATL,79.8,79.8,"('Cody Williams', 'Keyonte George')",0.8166666666666668,3,2,0,3,2,0,0,1,0,0,1,2.88,3.0,0.0,0.0,0.0,0.0,0.0,0.0,0.0,0.0,5.88,13
22500227,UTA,ATL,79.8,79.8,"('Cody Williams', 'Lauri Markkanen')",0.8166666666666668,3,2,0,3,2,0,0,1,0,0,1,2.88,3.0,0.0,0.0,0.0,0.0,0.0,0.0,0.0,0.0,5.88,13
22500227,UTA,ATL,79.8,79.8,"('Isaiah Collier', 'Kevin Love')",0.8166666666666668,3,2,0,3,2,0,0,1,0,0,1,2.88,3.0,0.0,0.0,0.0,0.0,0.0,0.0,0.0,0.0,5.88,13
22500227,UTA,ATL,79.8,79.8,"('Isaiah Collier', 'Keyonte George')",0.8166666666666668,3,2,0,3,2,0,0,1,0,0,1,2.88,3.0,0.0,0.0,0.0,0.0,0.0,0.0,0.0,0.0,5.88,13
22500227,UTA,ATL,79.8,79.8,"('Isaiah Collier', 'Lauri Markkanen')",0.8166666666666668,3,2,0,3,2,0,0,1,0,0,1,2.88,3.0,0.0,0.0,0.0,0.0,0.0,0.0,0.0,0.0,5.88,13
22500227,UTA,ATL,79.8,79.8,"('Kevin Love', 'Keyonte George')",0.8166666666666668,3,2,0,3,2,0,0,1,0,0,1,2.88,3.0,0.0,0.0,0.0,0.0,0.0,0.0,0.0,0.0,5.88,13
22500227,UTA,ATL,79.8,79.8,"('Kevin Love', 'Lauri Markkanen')",0.8166666666666668,3,2,0,3,2,0,0,1,0,0,1,2.88,3.0,0.0,0.0,0.0,0.0,0.0,0.0,0.0,0.0,5.88,13
22500227,UTA,ATL,79.8,79.8,"('Keyonte George', 'Lauri Markkanen')",0.8166666666666668,3,2,0,3,2,0,0,1,0,0,1,2.88,3.0,0.0,0.0,0.0,0.0,0.0,0.0,0.0,0.0,5.88,13
22500227,UTA,ATL,80.6,79.8,"('Ace Bailey', 'Kevin Love')",1.0833333333333337,3,0,5,1,1,0,2,0,0,0,1,1.0,2.0,0.0,0.0,0.0,0.0,2.0,0.0,0.0,2.0,3.0,13
22500227,UTA,ATL,80.6,79.8,"('Ace Bailey', 'Keyonte George')",1.0833333333333337,3,0,5,1,1,0,2,0,0,0,1,1.0,2.0,0.0,0.0,0.0,0.0,2.0,0.0,0.0,2.0,3.0,13
22500227,UTA,ATL,80.6,79.8,"('Ace Bailey', 'Lauri Markkanen')",1.0833333333333337,3,0,5,1,1,0,2,0,0,0,1,1.0,2.0,0.0,0.0,0.0,0.0,2.0,0.0,0.0,2.0,3.0,13
22500227,UTA,ATL,80.6,79.8,"('Ace Bailey', 'Svi Mykhailiuk')",1.0833333333333337,3,0,5,1,1,0,2,0,0,0,1,1.0,2.0,0.0,0.0,0.0,0.0,2.0,0.0,0.0,2.0,3.0,13
22500227,UTA,ATL,80.6,79.8,"('Kevin Love', 'Keyonte George')",1.0833333333333337,3,0,5,1,1,0,2,0,0,0,1,1.0,2.0,0.0,0.0,0.0,0.0,2.0,0.0,0.0,2.0,3.0,13
22500227,UTA,ATL,80.6,79.8,"('Kevin Love', 'Lauri Markkanen')",1.0833333333333337,3,0,5,1,1,0,2,0,0,0,1,1.0,2.0,0.0,0.0,0.0,0.0,2.0,0.0,0.0,2.0,3.0,13
22500227,UTA,ATL,80.6,79.8,"('Kevin Love', 'Svi Mykhailiuk')",1.0833333333333337,3,0,5,1,1,0,2,0,0,0,1,1.0,2.0,0.0,0.0,0.0,0.0,2.0,0.0,0.0,2.0,3.0,13
22500227,UTA,ATL,80.6,79.8,"('Keyonte George', 'Lauri Markkanen')",1.0833333333333337,3,0,5,1,1,0,2,0,0,0,1,1.0,2.0,0.0,0.0,0.0,0.0,2.0,0.0,0.0,2.0,3.0,13
22500227,UTA,ATL,80.6,79.8,"('Keyonte George', 'Svi Mykhailiuk')",1.0833333333333337,3,0,5,1,1,0,2,0,0,0,1,1.0,2.0,0.0,0.0,0.0,0.0,2.0,0.0,0.0,2.0,3.0,13
22500227,UTA,ATL,80.6,79.8,"('Lauri Markkanen', 'Svi Mykhailiuk')",1.0833333333333337,3,0,5,1,1,0,2,0,0,0,1,1.0,2.0,0.0,0.0,0.0,0.0,2.0,0.0,0.0,2.0,3.0,13
22500227,UTA,ATL,80.6,78.8,"('Cody Williams', 'Isaiah Collier')",0.1133333333333333,3,0,0,1,0,0,0,0,0,0,0,0.0,1.0,0.0,0.0,0.0,0.0,0.0,0.0,0.0,0.0,1.0,13
22500227,UTA,ATL,80.6,78.8,"('Cody Williams', 'Kyle Filipowski')",0.1133333333333333,3,0,0,1,0,0,0,0,0,0,0,0.0,1.0,0.0,0.0,0.0,0.0,0.0,0.0,0.0,0.0,1.0,13
22500227,UTA,ATL,80.6,78.8,"('Cody Williams', 'Lauri Markkanen')",0.1133333333333333,3,0,0,1,0,0,0,0,0,0,0,0.0,1.0,0.0,0.0,0.0,0.0,0.0,0.0,0.0,0.0,1.0,13
22500227,UTA,ATL,80.6,78.8,"('Cody Williams', 'Svi Mykhailiuk')",0.1133333333333333,3,0,0,1,0,0,0,0,0,0,0,0.0,1.0,0.0,0.0,0.0,0.0,0.0,0.0,0.0,0.0,1.0,13
22500227,UTA,ATL,80.6,78.8,"('Isaiah Collier', 'Kyle Filipowski')",0.1133333333333333,3,0,0,1,0,0,0,0,0,0,0,0.0,1.0,0.0,0.0,0.0,0.0,0.0,0.0,0.0,0.0,1.0,13
22500227,UTA,ATL,80.6,78.8,"('Isaiah Collier', 'Lauri Markkanen')",0.1133333333333333,3,0,0,1,0,0,0,0,0,0,0,0.0,1.0,0.0,0.0,0.0,0.0,0.0,0.0,0.0,0.0,1.0,13
22500227,UTA,ATL,80.6,78.8,"('Isaiah Collier', 'Svi Mykhailiuk')",0.1133333333333333,3,0,0,1,0,0,0,0,0,0,0,0.0,1.0,0.0,0.0,0.0,0.0,0.0,0.0,0.0,0.0,1.0,13
22500227,UTA,ATL,80.6,78.8,"('Kyle Filipowski', 'Lauri Markkanen')",0.1133333333333333,3,0,0,1,0,0,0,0,0,0,0,0.0,1.0,0.0,0.0,0.0,0.0,0.0,0.0,0.0,0.0,1.0,13
22500227,UTA,ATL,80.6,78.8,"('Kyle Filipowski', 'Svi Mykhailiuk')",0.1133333333333333,3,0,0,1,0,0,0,0,0,0,0,0.0,1.0,0.0,0.0,0.0,0.0,0.0,0.0,0.0,0.0,1.0,13
22500227,UTA,ATL,80.6,78.8,"('Lauri Markkanen', 'Svi Mykhailiuk')",0.1133333333333333,3,0,0,1,0,0,0,0,0,0,0,0.0,1.0,0.0,0.0,0.0,0.0,0.0,0.0,0.0,0.0,1.0,13
22500227,UTA,ATL,80.2,79.2,"('Ace Bailey', 'Brice Sensabaugh')",2.3666666666666667,4,3,11,2,3,1,3,1,0,3,0,4.0,5.88,0.0,0.0,0.0,0.0,0.0,0.0,3.0,0.0,9.88,13
22500227,UTA,ATL,80.2,79.2,"('Ace Bailey', 'Jusuf Nurkić')",2.3666666666666667,4,3,11,2,3,1,3,1,0,3,0,4.0,5.88,0.0,0.0,0.0,0.0,0.0,0.0,3.0,0.0,9.88,13
22500227,UTA,ATL,80.2,79.2,"('Ace Bailey', 'Keyonte George')",2.3666666666666667,4,3,11,2,3,1,3,1,0,3,0,4.0,5.88,0.0,0.0,0.0,0.0,0.0,0.0,3.0,0.0,9.88,13
22500227,UTA,ATL,80.2,79.2,"('Ace Bailey', 'Kyle Filipowski')",2.3666666666666667,4,3,11,2,3,1,3,1,0,3,0,4.0,5.88,0.0,0.0,0.0,0.0,0.0,0.0,3.0,0.0,9.88,13
22500227,UTA,ATL,80.2,79.2,"('Brice Sensabaugh', 'Jusuf Nurkić')",2.3666666666666667,4,3,11,2,3,1,3,1,0,3,0,4.0,5.88,0.0,0.0,0.0,0.0,0.0,0.0,3.0,0.0,9.88,13
22500227,UTA,ATL,80.2,79.2,"('Brice Sensabaugh', 'Keyonte George')",2.3666666666666667,4,3,11,2,3,1,3,1,0,3,0,4.0,5.88,0.0,0.0,0.0,0.0,0.0,0.0,3.0,0.0,9.88,13
22500227,UTA,ATL,80.2,79.2,"('Brice Sensabaugh', 'Kyle Filipowski')",2.3666666666666667,4,3,11,2,3,1,3,1,0,3,0,4.0,5.88,0.0,0.0,0.0,0.0,0.0,0.0,3.0,0.0,9.88,13
22500227,UTA,ATL,80.2,79.2,"('Jusuf Nurkić', 'Keyonte George')",2.3666666666666667,4,3,11,2,3,1,3,1,0,3,0,4.0,5.88,0.0,0.0,0.0,0.0,0.0,0.0,3.0,0.0,9.88,13
22500227,UTA,ATL,80.2,79.2,"('Jusuf Nurkić', 'Kyle Filipowski')",2.3666666666666667,4,3,11,2,3,1,3,1,0,3,0,4.0,5.88,0.0,0.0,0.0,0.0,0.0,0.0,3.0,0.0,9.88,13
22500227,UTA,ATL,80.2,79.2,"('Keyonte George', 'Kyle Filipowski')",2.3666666666666667,4,3,11,2,3,1,3,1,0,3,0,4.0,5.88,0.0,0.0,0.0,0.0,0.0,0.0,3.0,0.0,9.88,13
22500227,UTA,ATL,79.8,79.6,"('Isaiah Collier', 'Jusuf Nurkić')",2.8666666666666667,4,6,5,2,2,2,1,3,1,1,0,6.0,5.44,0.0,0.0,0.0,0.0,4.0,0.0,2.0,4.0,11.44,13
22500227,UTA,ATL,79.8,79.6,"('Isaiah Collier', 'Keyonte George')",2.8666666666666667,4,6,5,2,2,2,1,3,1,1,0,6.0,5.44,0.0,0.0,0.0,0.0,4.0,0.0,2.0,4.0,11.44,13
22500227,UTA,ATL,79.8,79.6,"('Isaiah Collier', 'Lauri Markkanen')",2.8666666666666667,4,6,5,2,2,2,1,3,1,1,0,6.0,5.44,0.0,0.0,0.0,0.0,4.0,0.0,2.0,4.0,11.44,13
22500227,UTA,ATL,79.8,79.6,"('Isaiah Collier', 'Svi Mykhailiuk')",2.8666666666666667,4,6,5,2,2,2,1,3,1,1,0,6.0,5.44,0.0,0.0,0.0,0.0,4.0,0.0,2.0,4.0,11.44,13
22500227,UTA,ATL,79.8,79.6,"('Jusuf Nurkić', 'Keyonte George')",2.8666666666666667,4,6,5,2,2,2,1,3,1,1,0,6.0,5.44,0.0,0.0,0.0,0.0,4.0,0.0,2.0,4.0,11.44,13
22500227,UTA,ATL,79.8,79.6,"('Jusuf Nurkić', 'Lauri Markkanen')",2.8666666666666667,4,6,5,2,2,2,1,3,1,1,0,6.0,5.44,0.0,0.0,0.0,0.0,4.0,0.0,2.0,4.0,11.44,13
22500227,UTA,ATL,79.8,79.6,"('Jusuf Nurkić', 'Svi Mykhailiuk')",2.8666666666666667,4,6,5,2,2,2,1,3,1,1,0,6.0,5.44,0.0,0.0,0.0,0.0,4.0,0.0,2.0,4.0,11.44,13
22500227,UTA,ATL,79.8,79.6,"('Keyonte George', 'Lauri Markkanen')",2.8666666666666667,4,6,5,2,2,2,1,3,1,1,0,6.0,5.44,0.0,0.0,0.0,0.0,4.0,0.0,2.0,4.0,11.44,13
22500227,UTA,ATL,79.8,79.6,"('Keyonte George', 'Svi Mykhailiuk')",2.8666666666666667,4,6,5,2,2,2,1,3,1,1,0,6.0,5.44,0.0,0.0,0.0,0.0,4.0,0.0,2.0,4.0,11.44,13
22500227,UTA,ATL,79.8,79.6,"('Lauri Markkanen', 'Svi Mykhailiuk')",2.8666666666666667,4,6,5,2,2,2,1,3,1,1,0,6.0,5.44,0.0,0.0,0.0,0.0,4.0,0.0,2.0,4.0,11.44,13
22500227,UTA,ATL,79.4,78.8,"('Cody Williams', 'Isaiah Collier')",1.7500000000000002,3,8,3,2,1,2,1,0,1,0,1,4.32,5.0,2.0,3.0,0.0,2.0,0.0,3.0,0.0,0.0,9.32,13
22500227,UTA,ATL,79.4,78.8,"('Cody Williams', 'Kevin Love')",1.7500000000000002,3,8,3,2,1,2,1,0,1,0,1,4.32,5.0,2.0,3.0,0.0,2.0,0.0,3.0,0.0,0.0,9.32,13
22500227,UTA,ATL,79.4,78.8,"('Cody Williams', 'Keyonte George')",1.7500000000000002,3,8,3,2,1,2,1,0,1,0,1,4.32,5.0,2.0,3.0,0.0,2.0,0.0,3.0,0.0,0.0,9.32,13
22500227,UTA,ATL,79.4,78.8,"('Cody Williams', 'Kyle Filipowski')",1.7500000000000002,3,8,3,2,1,2,1,0,1,0,1,4.32,5.0,2.0,3.0,0.0,2.0,0.0,3.0,0.0,0.0,9.32,13
22500227,UTA,ATL,79.4,78.8,"('Isaiah Collier', 'Kevin Love')",1.7500000000000002,3,8,3,2,1,2,1,0,1,0,1,4.32,5.0,2.0,3.0,0.0,2.0,0.0,3.0,0.0,0.0,9.32,13
22500227,UTA,ATL,79.4,78.8,"('Isaiah Collier', 'Keyonte George')",1.7500000000000002,3,8,3,2,1,2,1,0,1,0,1,4.32,5.0,2.0,3.0,0.0,2.0,0.0,3.0,0.0,0.0,9.32,13
22500227,UTA,ATL,79.4,78.8,"('Isaiah Collier', 'Kyle Filipowski')",1.7500000000000002,3,8,3,2,1,2,1,0,1,0,1,4.32,5.0,2.0,3.0,0.0,2.0,0.0,3.0,0.0,0.0,9.32,13
22500227,UTA,ATL,79.4,78.8,"('Kevin Love', 'Keyonte George')",1.7500000000000002,3,8,3,2,1,2,1,0,1,0,1,4.32,5.0,2.0,3.0,0.0,2.0,0.0,3.0,0.0,0.0,9.32,13
22500227,UTA,ATL,79.4,78.8,"('Kevin Love', 'Kyle Filipowski')",1.7500000000000002,3,8,3,2,1,2,1,0,1,0,1,4.32,5.0,2.0,3.0,0.0,2.0,0.0,3.0,0.0,0.0,9.32,13
22500227,UTA,ATL,79.4,78.8,"('Keyonte George', 'Kyle Filipowski')",1.7500000000000002,3,8,3,2,1,2,1,0,1,0,1,4.32,5.0,2.0,3.0,0.0,2.0,0.0,3.0,0.0,0.0,9.32,13
22500227,UTA,ATL,79.4,79.6,"('Ace Bailey', 'Isaiah Collier')",3.7916666666666665,4,4,8,4,6,1,1,1,3,3,2,11.0,8.64,0.0,2.0,2.0,4.0,0.0,0.0,0.0,2.0,19.64,13
22500227,UTA,ATL,79.4,79.6,"('Ace Bailey', 'Keyonte George')",3.7916666666666665,4,4,8,4,6,1,1,1,3,3,2,11.0,8.64,0.0,2.0,2.0,4.0,0.0,0.0,0.0,2.0,19.64,13
22500227,UTA,ATL,79.4,79.6,"('Ace Bailey', 'Lauri Markkanen')",3.7916666666666665,4,4,8,4,6,1,1,1,3,3,2,11.0,8.64,0.0,2.0,2.0,4.0,0.0,0.0,0.0,2.0,19.64,13
22500227,UTA,ATL,79.4,79.6,"('Ace Bailey', 'Svi Mykhailiuk')",3.7916666666666665,4,4,8,4,6,1,1,1,3,3,2,11.0,8.64,0.0,2.0,2.0,4.0,0.0,0.0,0.0,2.0,19.64,13
22500227,UTA,ATL,79.4,79.6,"('Isaiah Collier', 'Keyonte George')",3.7916666666666665,4,4,8,4,6,1,1,1,3,3,2,11.0,8.64,0.0,2.0,2.0,4.0,0.0,0.0,0.0,2.0,19.64,13
22500227,UTA,ATL,79.4,79.6,"('Isaiah Collier', 'Lauri Markkanen')",3.7916666666666665,4,4,8,4,6,1,1,1,3,3,2,11.0,8.64,0.0,2.0,2.0,4.0,0.0,0.0,0.0,2.0,19.64,13
22500227,UTA,ATL,79.4,79.6,"('Isaiah Collier', 'Svi Mykhailiuk')",3.7916666666666665,4,4,8,4,6,1,1,1,3,3,2,11.0,8.64,0.0,2.0,2.0,4.0,0.0,0.0,0.0,2.0,19.64,13
22500227,UTA,ATL,79.4,79.6,"('Keyonte George', 'Lauri Markkanen')",3.7916666666666665,4,4,8,4,6,1,1,1,3,3,2,11.0,8.64,0.0,2.0,2.0,4.0,0.0,0.0,0.0,2.0,19.64,13
22500227,UTA,ATL,79.4,79.6,"('Keyonte George', 'Svi Mykhailiuk')",3.7916666666666665,4,4,8,4,6,1,1,1,3,3,2,11.0,8.64,0.0,2.0,2.0,4.0,0.0,0.0,0.0,2.0,19.64,13
22500227,UTA,ATL,79.4,79.6,"('Lauri Markkanen', 'Svi Mykhailiuk')",3.7916666666666665,4,4,8,4,6,1,1,1,3,3,2,11.0,8.64,0.0,2.0,2.0,4.0,0.0,0.0,0.0,2.0,19.64,13
22500227,UTA,ATL,79.4,79.0,"('Cody Williams', 'Isaiah Collier')",4.3,1,13,20,0,3,4,7,2,1,2,2,10.88,8.88,0.0,3.0,0.0,8.0,5.0,0.0,0.0,6.0,19.76,13
22500227,UTA,ATL,79.4,79.0,"('Cody Williams', 'Kevin Love')",4.3,1,13,20,0,3,4,7,2,1,2,2,10.88,8.88,0.0,3.0,0.0,8.0,5.0,0.0,0.0,6.0,19.76,13
22500227,UTA,ATL,79.4,79.0,"('Cody Williams', 'Keyonte George')",4.3,1,13,20,0,3,4,7,2,1,2,2,10.88,8.88,0.0,3.0,0.0,8.0,5.0,0.0,0.0,6.0,19.76,13
22500227,UTA,ATL,79.4,79.0,"('Cody Williams', 'Kyle Filipowski')",4.3,1,13,20,0,3,4,7,2,1,2,2,10.88,8.88,0.0,3.0,0.0,8.0,5.0,0.0,0.0,6.0,19.76,13
22500227,UTA,ATL,79.4,79.0,"('Isaiah Collier', 'Kevin Love')",4.3,1,13,20,0,3,4,7,2,1,2,2,10.88,8.88,0.0,3.0,0.0,8.0,5.0,0.0,0.0,6.0,19.76,13
22500227,UTA,ATL,79.4,79.0,"('Isaiah Collier', 'Keyonte George')",4.3,1,13,20,0,3,4,7,2,1,2,2,10.88,8.88,0.0,3.0,0.0,8.0,5.0,0.0,0.0,6.0,19.76,13
22500227,UTA,ATL,79.4,79.0,"('Isaiah Collier', 'Kyle Filipowski')",4.3,1,13,20,0,3,4,7,2,1,2,2,10.88,8.88,0.0,3.0,0.0,8.0,5.0,0.0,0.0,6.0,19.76,13
22500227,UTA,ATL,79.4,79.0,"('Kevin Love', 'Keyonte George')",4.3,1,13,20,0,3,4,7,2,1,2,2,10.88,8.88,0.0,3.0,0.0,8.0,5.0,0.0,0.0,6.0,19.76,13
22500227,UTA,ATL,79.4,79.0,"('Kevin Love', 'Kyle Filipowski')",4.3,1,13,20,0,3,4,7,2,1,2,2,10.88,8.88,0.0,3.0,0.0,8.0,5.0,0.0,0.0,6.0,19.76,13
22500227,UTA,ATL,79.4,79.0,"('Keyonte George', 'Kyle Filipowski')",4.3,1,13,20,0,3,4,7,2,1,2,2,10.88,8.88,0.0,3.0,0.0,8.0,5.0,0.0,0.0,6.0,19.76,13
22500227,UTA,ATL,79.6,79.8,"('Cody Williams', 'Isaiah Collier')",0.0,1,0,0,0,0,0,0,0,0,0,0,0.0,0.0,0.0,0.0,0.0,0.0,0.0,0.0,0.0,0.0,0.0,13
22500227,UTA,ATL,79.6,79.8,"('Cody Williams', 'Jusuf Nurkić')",0.0,1,0,0,0,0,0,0,0,0,0,0,0.0,0.0,0.0,0.0,0.0,0.0,0.0,0.0,0.0,0.0,0.0,13
22500227,UTA,ATL,79.6,79.8,"('Cody Williams', 'Keyonte George')",0.0,1,0,0,0,0,0,0,0,0,0,0,0.0,0.0,0.0,0.0,0.0,0.0,0.0,0.0,0.0,0.0,0.0,13
22500227,UTA,ATL,79.6,79.8,"('Cody Williams', 'Kyle Filipowski')",0.0,1,0,0,0,0,0,0,0,0,0,0,0.0,0.0,0.0,0.0,0.0,0.0,0.0,0.0,0.0,0.0,0.0,13
22500227,UTA,ATL,79.6,79.8,"('Isaiah Collier', 'Jusuf Nurkić')",0.0,1,0,0,0,0,0,0,0,0,0,0,0.0,0.0,0.0,0.0,0.0,0.0,0.0,0.0,0.0,0.0,0.0,13
22500227,UTA,ATL,79.6,79.8,"('Isaiah Collier', 'Keyonte George')",0.0,1,0,0,0,0,0,0,0,0,0,0,0.0,0.0,0.0,0.0,0.0,0.0,0.0,0.0,0.0,0.0,0.0,13
22500227,UTA,ATL,79.6,79.8,"('Isaiah Collier', 'Kyle Filipowski')",0.0,1,0,0,0,0,0,0,0,0,0,0,0.0,0.0,0.0,0.0,0.0,0.0,0.0,0.0,0.0,0.0,0.0,13
22500227,UTA,ATL,79.6,79.8,"('Jusuf Nurkić', 'Keyonte George')",0.0,1,0,0,0,0,0,0,0,0,0,0,0.0,0.0,0.0,0.0,0.0,0.0,0.0,0.0,0.0,0.0,0.0,13
22500227,UTA,ATL,79.6,79.8,"('Jusuf Nurkić', 'Kyle Filipowski')",0.0,1,0,0,0,0,0,0,0,0,0,0,0.0,0.0,0.0,0.0,0.0,0.0,0.0,0.0,0.0,0.0,0.0,13
22500227,UTA,ATL,79.6,79.8,"('Keyonte George', 'Kyle Filipowski')",0.0,1,0,0,0,0,0,0,0,0,0,0,0.0,0.0,0.0,0.0,0.0,0.0,0.0,0.0,0.0,0.0,0.0,13
22500227,UTA,ATL,80.6,78.8,"('Ace Bailey', 'Brice Sensabaugh')",2.516666666666667,4,6,5,2,3,2,2,1,1,1,0,6.0,5.0,3.0,0.0,0.0,0.0,0.0,0.0,0.0,2.0,11.0,13
22500227,UTA,ATL,80.6,78.8,"('Ace Bailey', 'Isaiah Collier')",2.516666666666667,4,6,5,2,3,2,2,1,1,1,0,6.0,5.0,3.0,0.0,0.0,0.0,0.0,0.0,0.0,2.0,11.0,13
22500227,UTA,ATL,80.6,78.8,"('Ace Bailey', 'Jusuf Nurkić')",2.516666666666667,4,6,5,2,3,2,2,1,1,1,0,6.0,5.0,3.0,0.0,0.0,0.0,0.0,0.0,0.0,2.0,11.0,13
22500227,UTA,ATL,80.6,78.8,"('Ace Bailey', 'Lauri Markkanen')",2.516666666666667,4,6,5,2,3,2,2,1,1,1,0,6.0,5.0,3.0,0.0,0.0,0.0,0.0,0.0,0.0,2.0,11.0,13
22500227,UTA,ATL,80.6,78.8,"('Brice Sensabaugh', 'Isaiah Collier')",2.516666666666667,4,6,5,2,3,2,2,1,1,1,0,6.0,5.0,3.0,0.0,0.0,0.0,0.0,0.0,0.0,2.0,11.0,13
22500227,UTA,ATL,80.6,78.8,"('Brice Sensabaugh', 'Jusuf Nurkić')",2.516666666666667,4,6,5,2,3,2,2,1,1,1,0,6.0,5.0,3.0,0.0,0.0,0.0,0.0,0.0,0.0,2.0,11.0,13
22500227,UTA,ATL,80.6,78.8,"('Brice Sensabaugh', 'Lauri Markkanen')",2.516666666666667,4,6,5,2,3,2,2,1,1,1,0,6.0,5.0,3.0,0.0,0.0,0.0,0.0,0.0,0.0,2.0,11.0,13
22500227,UTA,ATL,80.6,78.8,"('Isaiah Collier', 'Jusuf Nurkić')",2.516666666666667,4,6,5,2,3,2,2,1,1,1,0,6.0,5.0,3.0,0.0,0.0,0.0,0.0,0.0,0.0,2.0,11.0,13
22500227,UTA,ATL,80.6,78.8,"('Isaiah Collier', 'Lauri Markkanen')",2.516666666666667,4,6,5,2,3,2,2,1,1,1,0,6.0,5.0,3.0,0.0,0.0,0.0,0.0,0.0,0.0,2.0,11.0,13
22500227,UTA,ATL,80.6,78.8,"('Jusuf Nurkić', 'Lauri Markkanen')",2.516666666666667,4,6,5,2,3,2,2,1,1,1,0,6.0,5.0,3.0,0.0,0.0,0.0,0.0,0.0,0.0,2.0,11.0,13
22500227,UTA,ATL,80.8,79.6,"('Ace Bailey', 'Jusuf Nurkić')",6.016666666666666,1,13,19,7,6,5,4,2,2,1,2,15.44,14.44,0.0,2.0,6.0,10.0,2.0,2.0,0.0,6.0,29.88,13
22500227,UTA,ATL,80.8,79.6,"('Ace Bailey', 'Keyonte George')",6.016666666666666,1,13,19,7,6,5,4,2,2,1,2,15.44,14.44,0.0,2.0,6.0,10.0,2.0,2.0,0.0,6.0,29.88,13
22500227,UTA,ATL,80.8,79.6,"('Ace Bailey', 'Lauri Markkanen')",6.016666666666666,1,13,19,7,6,5,4,2,2,1,2,15.44,14.44,0.0,2.0,6.0,10.0,2.0,2.0,0.0,6.0,29.88,13
22500227,UTA,ATL,80.8,79.6,"('Ace Bailey', 'Svi Mykhailiuk')",6.016666666666666,1,13,19,7,6,5,4,2,2,1,2,15.44,14.44,0.0,2.0,6.0,10.0,2.0,2.0,0.0,6.0,29.88,13
22500227,UTA,ATL,80.8,79.6,"('Jusuf Nurkić', 'Keyonte George')",6.016666666666666,1,13,19,7,6,5,4,2,2,1,2,15.44,14.44,0.0,2.0,6.0,10.0,2.0,2.0,0.0,6.0,29.88,13
22500227,UTA,ATL,80.8,79.6,"('Jusuf Nurkić', 'Lauri Markkanen')",6.016666666666666,1,13,19,7,6,5,4,2,2,1,2,15.44,14.44,0.0,2.0,6.0,10.0,2.0,2.0,0.0,6.0,29.88,13
22500227,UTA,ATL,80.8,79.6,"('Jusuf Nurkić', 'Svi Mykhailiuk')",6.016666666666666,1,13,19,7,6,5,4,2,2,1,2,15.44,14.44,0.0,2.0,6.0,10.0,2.0,2.0,0.0,6.0,29.88,13
22500227,UTA,ATL,80.8,79.6,"('Keyonte George', 'Lauri Markkanen')",6.016666666666666,1,13,19,7,6,5,4,2,2,1,2,15.44,14.44,0.0,2.0,6.0,10.0,2.0,2.0,0.0,6.0,29.88,13
22500227,UTA,ATL,80.8,79.6,"('Keyonte George', 'Svi Mykhailiuk')",6.016666666666666,1,13,19,7,6,5,4,2,2,1,2,15.44,14.44,0.0,2.0,6.0,10.0,2.0,2.0,0.0,6.0,29.88,13
22500227,UTA,ATL,80.8,79.6,"('Lauri Markkanen', 'Svi Mykhailiuk')",6.016666666666666,1,13,19,7,6,5,4,2,2,1,2,15.44,14.44,0.0,2.0,6.0,10.0,2.0,2.0,0.0,6.0,29.88,13
22500227,UTA,ATL,81.4,79.4,"('Cody Williams', 'Isaiah Collier')",1.6,1,7,3,4,1,2,1,0,0,0,1,4.44,4.0,3.0,0.0,0.0,0.0,0.0,0.0,0.0,0.0,8.44,13
22500227,UTA,ATL,81.4,79.4,"('Cody Williams', 'Jusuf Nurkić')",1.6,1,7,3,4,1,2,1,0,0,0,1,4.44,4.0,3.0,0.0,0.0,0.0,0.0,0.0,0.0,0.0,8.44,13
22500227,UTA,ATL,81.4,79.4,"('Cody Williams', 'Kyle Filipowski')",1.6,1,7,3,4,1,2,1,0,0,0,1,4.44,4.0,3.0,0.0,0.0,0.0,0.0,0.0,0.0,0.0,8.44,13
22500227,UTA,ATL,81.4,79.4,"('Cody Williams', 'Lauri Markkanen')",1.6,1,7,3,4,1,2,1,0,0,0,1,4.44,4.0,3.0,0.0,0.0,0.0,0.0,0.0,0.0,0.0,8.44,13
22500227,UTA,ATL,81.4,79.4,"('Isaiah Collier', 'Jusuf Nurkić')",1.6,1,7,3,4,1,2,1,0,0,0,1,4.44,4.0,3.0,0.0,0.0,0.0,0.0,0.0,0.0,0.0,8.44,13
22500227,UTA,ATL,81.4,79.4,"('Isaiah Collier', 'Kyle Filipowski')",1.6,1,7,3,4,1,2,1,0,0,0,1,4.44,4.0,3.0,0.0,0.0,0.0,0.0,0.0,0.0,0.0,8.44,13
22500227,UTA,ATL,81.4,79.4,"('Isaiah Collier', 'Lauri Markkanen')",1.6,1,7,3,4,1,2,1,0,0,0,1,4.44,4.0,3.0,0.0,0.0,0.0,0.0,0.0,0.0,0.0,8.44,13
22500227,UTA,ATL,81.4,79.4,"('Jusuf Nurkić', 'Kyle Filipowski')",1.6,1,7,3,4,1,2,1,0,0,0,1,4.44,4.0,3.0,0.0,0.0,0.0,0.0,0.0,0.0,0.0,8.44,13
22500227,UTA,ATL,81.4,79.4,"('Jusuf Nurkić', 'Lauri Markkanen')",1.6,1,7,3,4,1,2,1,0,0,0,1,4.44,4.0,3.0,0.0,0.0,0.0,0.0,0.0,0.0,0.0,8.44,13
22500227,UTA,ATL,81.4,79.4,"('Kyle Filipowski', 'Lauri Markkanen')",1.6,1,7,3,4,1,2,1,0,0,0,1,4.44,4.0,3.0,0.0,0.0,0.0,0.0,0.0,0.0,0.0,8.44,13
22500227,UTA,ATL,80.8,80.0,"('Ace Bailey', 'Jusuf Nurkić')",3.673333333333334,2,7,13,4,4,2,4,5,1,3,4,11.88,9.88,0.0,0.0,0.0,2.0,4.0,4.0,0.0,4.0,21.76,13
22500227,UTA,ATL,80.8,80.0,"('Ace Bailey', 'Keyonte George')",3.673333333333334,2,7,13,4,4,2,4,5,1,3,4,11.88,9.88,0.0,0.0,0.0,2.0,4.0,4.0,0.0,4.0,21.76,13
22500227,UTA,ATL,80.8,80.0,"('Ace Bailey', 'Lauri Markkanen')",3.673333333333334,2,7,13,4,4,2,4,5,1,3,4,11.88,9.88,0.0,0.0,0.0,2.0,4.0,4.0,0.0,4.0,21.76,13
22500227,UTA,ATL,80.8,80.0,"('Ace Bailey', 'Svi Mykhailiuk')",3.673333333333334,2,7,13,4,4,2,4,5,1,3,4,11.88,9.88,0.0,0.0,0.0,2.0,4.0,4.0,0.0,4.0,21.76,13
22500227,UTA,ATL,80.8,80.0,"('Jusuf Nurkić', 'Keyonte George')",3.673333333333334,2,7,13,4,4,2,4,5,1,3,4,11.88,9.88,0.0,0.0,0.0,2.0,4.0,4.0,0.0,4.0,21.76,13
22500227,UTA,ATL,80.8,80.0,"('Jusuf Nurkić', 'Lauri Markkanen')",3.673333333333334,2,7,13,4,4,2,4,5,1,3,4,11.88,9.88,0.0,0.0,0.0,2.0,4.0,4.0,0.0,4.0,21.76,13
22500227,UTA,ATL,80.8,80.0,"('Jusuf Nurkić', 'Svi Mykhailiuk')",3.673333333333334,2,7,13,4,4,2,4,5,1,3,4,11.88,9.88,0.0,0.0,0.0,2.0,4.0,4.0,0.0,4.0,21.76,13
22500227,UTA,ATL,80.8,80.0,"('Keyonte George', 'Lauri Markkanen')",3.673333333333334,2,7,13,4,4,2,4,5,1,3,4,11.88,9.88,0.0,0.0,0.0,2.0,4.0,4.0,0.0,4.0,21.76,13
22500227,UTA,ATL,80.8,80.0,"('Keyonte George', 'Svi Mykhailiuk')",3.673333333333334,2,7,13,4,4,2,4,5,1,3,4,11.88,9.88,0.0,0.0,0.0,2.0,4.0,4.0,0.0,4.0,21.76,13
22500227,UTA,ATL,80.8,80.0,"('Lauri Markkanen', 'Svi Mykhailiuk')",3.673333333333334,2,7,13,4,4,2,4,5,1,3,4,11.88,9.88,0.0,0.0,0.0,2.0,4.0,4.0,0.0,4.0,21.76,13
22500227,UTA,ATL,79.8,79.8,"('Ace Bailey', 'Cody Williams')",0.1866666666666666,2,0,2,0,0,0,0,0,0,0,0,0.0,1.0,0.0,0.0,0.0,0.0,2.0,0.0,0.0,2.0,1.0,13
22500227,UTA,ATL,79.8,79.8,"('Ace Bailey', 'Jusuf Nurkić')",0.1866666666666666,2,0,2,0,0,0,0,0,0,0,0,0.0,1.0,0.0,0.0,0.0,0.0,2.0,0.0,0.0,2.0,1.0,13
22500227,UTA,ATL,79.8,79.8,"('Ace Bailey', 'Keyonte George')",0.1866666666666666,2,0,2,0,0,0,0,0,0,0,0,0.0,1.0,0.0,0.0,0.0,0.0,2.0,0.0,0.0,2.0,1.0,13
22500227,UTA,ATL,79.8,79.8,"('Ace Bailey', 'Svi Mykhailiuk')",0.1866666666666666,2,0,2,0,0,0,0,0,0,0,0,0.0,1.0,0.0,0.0,0.0,0.0,2.0,0.0,0.0,2.0,1.0,13
22500227,UTA,ATL,79.8,79.8,"('Cody Williams', 'Jusuf Nurkić')",0.1866666666666666,2,0,2,0,0,0,0,0,0,0,0,0.0,1.0,0.0,0.0,0.0,0.0,2.0,0.0,0.0,2.0,1.0,13
22500227,UTA,ATL,79.8,79.8,"('Cody Williams', 'Keyonte George')",0.1866666666666666,2,0,2,0,0,0,0,0,0,0,0,0.0,1.0,0.0,0.0,0.0,0.0,2.0,0.0,0.0,2.0,1.0,13
22500227,UTA,ATL,79.8,79.8,"('Cody Williams', 'Svi Mykhailiuk')",0.1866666666666666,2,0,2,0,0,0,0,0,0,0,0,0.0,1.0,0.0,0.0,0.0,0.0,2.0,0.0,0.0,2.0,1.0,13
22500227,UTA,ATL,79.8,79.8,"('Jusuf Nurkić', 'Keyonte George')",0.1866666666666666,2,0,2,0,0,0,0,0,0,0,0,0.0,1.0,0.0,0.0,0.0,0.0,2.0,0.0,0.0,2.0,1.0,13
22500227,UTA,ATL,79.8,79.8,"('Jusuf Nurkić', 'Svi Mykhailiuk')",0.1866666666666666,2,0,2,0,0,0,0,0,0,0,0,0.0,1.0,0.0,0.0,0.0,0.0,2.0,0.0,0.0,2.0,1.0,13
22500227,UTA,ATL,79.8,79.8,"('Keyonte George', 'Svi Mykhailiuk')",0.1866666666666666,2,0,2,0,0,0,0,0,0,0,0,0.0,1.0,0.0,0.0,0.0,0.0,2.0,0.0,0.0,2.0,1.0,13
22500227,UTA,ATL,80.4,79.8,"('Cody Williams', 'Kevin Love')",0.1833333333333333,3,1,0,0,0,0,0,0,0,0,1,0.44,0.0,0.0,0.0,0.0,0.0,0.0,0.0,0.0,0.0,0.44,13
22500227,UTA,ATL,80.4,79.8,"('Cody Williams', 'Keyonte George')",0.1833333333333333,3,1,0,0,0,0,0,0,0,0,1,0.44,0.0,0.0,0.0,0.0,0.0,0.0,0.0,0.0,0.0,0.44,13
22500227,UTA,ATL,80.4,79.8,"('Cody Williams', 'Lauri Markkanen')",0.1833333333333333,3,1,0,0,0,0,0,0,0,0,1,0.44,0.0,0.0,0.0,0.0,0.0,0.0,0.0,0.0,0.0,0.44,13
22500227,UTA,ATL,80.4,79.8,"('Cody Williams', 'Svi Mykhailiuk')",0.1833333333333333,3,1,0,0,0,0,0,0,0,0,1,0.44,0.0,0.0,0.0,0.0,0.0,0.0,0.0,0.0,0.0,0.44,13
22500227,UTA,ATL,80.4,79.8,"('Kevin Love', 'Keyonte George')",0.1833333333333333,3,1,0,0,0,0,0,0,0,0,1,0.44,0.0,0.0,0.0,0.0,0.0,0.0,0.0,0.0,0.0,0.44,13
22500227,UTA,ATL,80.4,79.8,"('Kevin Love', 'Lauri Markkanen')",0.1833333333333333,3,1,0,0,0,0,0,0,0,0,1,0.44,0.0,0.0,0.0,0.0,0.0,0.0,0.0,0.0,0.0,0.44,13
22500227,UTA,ATL,80.4,79.8,"('Kevin Love', 'Svi Mykhailiuk')",0.1833333333333333,3,1,0,0,0,0,0,0,0,0,1,0.44,0.0,0.0,0.0,0.0,0.0,0.0,0.0,0.0,0.0,0.44,13
22500227,UTA,ATL,80.4,79.8,"('Keyonte George', 'Lauri Markkanen')",0.1833333333333333,3,1,0,0,0,0,0,0,0,0,1,0.44,0.0,0.0,0.0,0.0,0.0,0.0,0.0,0.0,0.0,0.44,13
22500227,UTA,ATL,80.4,79.8,"('Keyonte George', 'Svi Mykhailiuk')",0.1833333333333333,3,1,0,0,0,0,0,0,0,0,1,0.44,0.0,0.0,0.0,0.0,0.0,0.0,0.0,0.0,0.0,0.44,13
22500227,UTA,ATL,80.4,79.8,"('Lauri Markkanen', 'Svi Mykhailiuk')",0.1833333333333333,3,1,0,0,0,0,0,0,0,0,1,0.44,0.0,0.0,0.0,0.0,0.0,0.0,0.0,0.0,0.0,0.44,13
22500227,UTA,ATL,81.2,78.8,"('Cody Williams', 'Isaiah Collier')",2.196666666666667,3,4,6,3,2,1,2,2,0,1,0,6.0,5.0,0.0,0.0,0.0,4.0,3.0,3.0,0.0,0.0,11.0,13
22500227,UTA,ATL,81.2,78.8,"('Cody Williams', 'Kevin Love')",2.196666666666667,3,4,6,3,2,1,2,2,0,1,0,6.0,5.0,0.0,0.0,0.0,4.0,3.0,3.0,0.0,0.0,11.0,13
22500227,UTA,ATL,81.2,78.8,"('Cody Williams', 'Kyle Filipowski')",2.196666666666667,3,4,6,3,2,1,2,2,0,1,0,6.0,5.0,0.0,0.0,0.0,4.0,3.0,3.0,0.0,0.0,11.0,13
22500227,UTA,ATL,81.2,78.8,"('Cody Williams', 'Lauri Markkanen')",2.196666666666667,3,4,6,3,2,1,2,2,0,1,0,6.0,5.0,0.0,0.0,0.0,4.0,3.0,3.0,0.0,0.0,11.0,13
22500227,UTA,ATL,81.2,78.8,"('Isaiah Collier', 'Kevin Love')",2.196666666666667,3,4,6,3,2,1,2,2,0,1,0,6.0,5.0,0.0,0.0,0.0,4.0,3.0,3.0,0.0,0.0,11.0,13
22500227,UTA,ATL,81.2,78.8,"('Isaiah Collier', 'Kyle Filipowski')",2.196666666666667,3,4,6,3,2,1,2,2,0,1,0,6.0,5.0,0.0,0.0,0.0,4.0,3.0,3.0,0.0,0.0,11.0,13
22500227,UTA,ATL,81.2,78.8,"('Isaiah Collier', 'Lauri Markkanen')",2.196666666666667,3,4,6,3,2,1,2,2,0,1,0,6.0,5.0,0.0,0.0,0.0,4.0,3.0,3.0,0.0,0.0,11.0,13
22500227,UTA,ATL,81.2,78.8,"('Kevin Love', 'Kyle Filipowski')",2.196666666666667,3,4,6,3,2,1,2,2,0,1,0,6.0,5.0,0.0,0.0,0.0,4.0,3.0,3.0,0.0,0.0,11.0,13
22500227,UTA,ATL,81.2,78.8,"('Kevin Love', 'Lauri Markkanen')",2.196666666666667,3,4,6,3,2,1,2,2,0,1,0,6.0,5.0,0.0,0.0,0.0,4.0,3.0,3.0,0.0,0.0,11.0,13
22500227,UTA,ATL,81.2,78.8,"('Kyle Filipowski', 'Lauri Markkanen')",2.196666666666667,3,4,6,3,2,1,2,2,0,1,0,6.0,5.0,0.0,0.0,0.0,4.0,3.0,3.0,0.0,0.0,11.0,13
22500240,UTA,CHI,79.8,78.0,"('Isaiah Collier', 'Jusuf Nurkić')",0.0133333333333333,6,0,1,0,0,0,0,0,0,0,0,0.0,1.44,0.0,0.0,0.0,0.0,0.0,0.0,0.0,0.0,1.44,14
22500240,UTA,CHI,79.8,78.0,"('Isaiah Collier', 'Keyonte George')",0.0133333333333333,6,0,1,0,0,0,0,0,0,0,0,0.0,1.44,0.0,0.0,0.0,0.0,0.0,0.0,0.0,0.0,1.44,14
22500240,UTA,CHI,79.8,78.0,"('Isaiah Collier', 'Lauri Markkanen')",0.0133333333333333,6,0,1,0,0,0,0,0,0,0,0,0.0,1.44,0.0,0.0,0.0,0.0,0.0,0.0,0.0,0.0,1.44,14
22500240,UTA,CHI,79.8,78.0,"('Isaiah Collier', 'Svi Mykhailiuk')",0.0133333333333333,6,0,1,0,0,0,0,0,0,0,0,0.0,1.44,0.0,0.0,0.0,0.0,0.0,0.0,0.0,0.0,1.44,14
22500240,UTA,CHI,79.8,78.0,"('Jusuf Nurkić', 'Keyonte George')",0.0133333333333333,6,0,1,0,0,0,0,0,0,0,0,0.0,1.44,0.0,0.0,0.0,0.0,0.0,0.0,0.0,0.0,1.44,14
22500240,UTA,CHI,79.8,78.0,"('Jusuf Nurkić', 'Lauri Markkanen')",0.0133333333333333,6,0,1,0,0,0,0,0,0,0,0,0.0,1.44,0.0,0.0,0.0,0.0,0.0,0.0,0.0,0.0,1.44,14
22500240,UTA,CHI,79.8,78.0,"('Jusuf Nurkić', 'Svi Mykhailiuk')",0.0133333333333333,6,0,1,0,0,0,0,0,0,0,0,0.0,1.44,0.0,0.0,0.0,0.0,0.0,0.0,0.0,0.0,1.44,14
22500240,UTA,CHI,79.8,78.0,"('Keyonte George', 'Lauri Markkanen')",0.0133333333333333,6,0,1,0,0,0,0,0,0,0,0,0.0,1.44,0.0,0.0,0.0,0.0,0.0,0.0,0.0,0.0,1.44,14
22500240,UTA,CHI,79.8,78.0,"('Keyonte George', 'Svi Mykhailiuk')",0.0133333333333333,6,0,1,0,0,0,0,0,0,0,0,0.0,1.44,0.0,0.0,0.0,0.0,0.0,0.0,0.0,0.0,1.44,14
22500240,UTA,CHI,79.8,78.0,"('Lauri Markkanen', 'Svi Mykhailiuk')",0.0133333333333333,6,0,1,0,0,0,0,0,0,0,0,0.0,1.44,0.0,0.0,0.0,0.0,0.0,0.0,0.0,0.0,1.44,14
22500240,UTA,CHI,78.8,78.0,"('Brice Sensabaugh', 'Isaiah Collier')",0.2083333333333333,6,0,1,0,0,0,0,0,0,1,0,0.0,0.44,0.0,0.0,0.0,0.0,0.0,0.0,0.0,0.0,0.44,14
22500240,UTA,CHI,78.8,78.0,"('Brice Sensabaugh', 'Keyonte George')",0.2083333333333333,6,0,1,0,0,0,0,0,0,1,0,0.0,0.44,0.0,0.0,0.0,0.0,0.0,0.0,0.0,0.0,0.44,14
22500240,UTA,CHI,78.8,78.0,"('Brice Sensabaugh', 'Lauri Markkanen')",0.2083333333333333,6,0,1,0,0,0,0,0,0,1,0,0.0,0.44,0.0,0.0,0.0,0.0,0.0,0.0,0.0,0.0,0.44,14
22500240,UTA,CHI,78.8,78.0,"('Brice Sensabaugh', 'Svi Mykhailiuk')",0.2083333333333333,6,0,1,0,0,0,0,0,0,1,0,0.0,0.44,0.0,0.0,0.0,0.0,0.0,0.0,0.0,0.0,0.44,14
22500240,UTA,CHI,78.8,78.0,"('Isaiah Collier', 'Keyonte George')",0.2083333333333333,6,0,1,0,0,0,0,0,0,1,0,0.0,0.44,0.0,0.0,0.0,0.0,0.0,0.0,0.0,0.0,0.44,14
22500240,UTA,CHI,78.8,78.0,"('Isaiah Collier', 'Lauri Markkanen')",0.2083333333333333,6,0,1,0,0,0,0,0,0,1,0,0.0,0.44,0.0,0.0,0.0,0.0,0.0,0.0,0.0,0.0,0.44,14
22500240,UTA,CHI,78.8,78.0,"('Isaiah Collier', 'Svi Mykhailiuk')",0.2083333333333333,6,0,1,0,0,0,0,0,0,1,0,0.0,0.44,0.0,0.0,0.0,0.0,0.0,0.0,0.0,0.0,0.44,14
22500240,UTA,CHI,78.8,78.0,"('Keyonte George', 'Lauri Markkanen')",0.2083333333333333,6,0,1,0,0,0,0,0,0,1,0,0.0,0.44,0.0,0.0,0.0,0.0,0.0,0.0,0.0,0.0,0.44,14
22500240,UTA,CHI,78.8,78.0,"('Keyonte George', 'Svi Mykhailiuk')",0.2083333333333333,6,0,1,0,0,0,0,0,0,1,0,0.0,0.44,0.0,0.0,0.0,0.0,0.0,0.0,0.0,0.0,0.44,14
22500240,UTA,CHI,78.8,78.0,"('Lauri Markkanen', 'Svi Mykhailiuk')",0.2083333333333333,6,0,1,0,0,0,0,0,0,1,0,0.0,0.44,0.0,0.0,0.0,0.0,0.0,0.0,0.0,0.0,0.44,14
22500240,UTA,CHI,79.6,78.0,"('Brice Sensabaugh', 'Isaiah Collier')",4.716666666666666,6,14,9,2,5,3,2,0,2,1,5,10.64,7.88,0.0,0.0,0.0,2.0,0.0,0.0,3.0,4.0,18.52,14
22500240,UTA,CHI,79.6,78.0,"('Brice Sensabaugh', 'Jusuf Nurkić')",4.716666666666666,6,14,9,2,5,3,2,0,2,1,5,10.64,7.88,0.0,0.0,0.0,2.0,0.0,0.0,3.0,4.0,18.52,14
22500240,UTA,CHI,79.6,78.0,"('Brice Sensabaugh', 'Keyonte George')",4.716666666666666,6,14,9,2,5,3,2,0,2,1,5,10.64,7.88,0.0,0.0,0.0,2.0,0.0,0.0,3.0,4.0,18.52,14
22500240,UTA,CHI,79.6,78.0,"('Brice Sensabaugh', 'Lauri Markkanen')",4.716666666666666,6,14,9,2,5,3,2,0,2,1,5,10.64,7.88,0.0,0.0,0.0,2.0,0.0,0.0,3.0,4.0,18.52,14
22500240,UTA,CHI,79.6,78.0,"('Isaiah Collier', 'Jusuf Nurkić')",4.716666666666666,6,14,9,2,5,3,2,0,2,1,5,10.64,7.88,0.0,0.0,0.0,2.0,0.0,0.0,3.0,4.0,18.52,14
22500240,UTA,CHI,79.6,78.0,"('Isaiah Collier', 'Keyonte George')",4.716666666666666,6,14,9,2,5,3,2,0,2,1,5,10.64,7.88,0.0,0.0,0.0,2.0,0.0,0.0,3.0,4.0,18.52,14
22500240,UTA,CHI,79.6,78.0,"('Isaiah Collier', 'Lauri Markkanen')",4.716666666666666,6,14,9,2,5,3,2,0,2,1,5,10.64,7.88,0.0,0.0,0.0,2.0,0.0,0.0,3.0,4.0,18.52,14
22500240,UTA,CHI,79.6,78.0,"('Jusuf Nurkić', 'Keyonte George')",4.716666666666666,6,14,9,2,5,3,2,0,2,1,5,10.64,7.88,0.0,0.0,0.0,2.0,0.0,0.0,3.0,4.0,18.52,14
22500240,UTA,CHI,79.6,78.0,"('Jusuf Nurkić', 'Lauri Markkanen')",4.716666666666666,6,14,9,2,5,3,2,0,2,1,5,10.64,7.88,0.0,0.0,0.0,2.0,0.0,0.0,3.0,4.0,18.52,14
22500240,UTA,CHI,79.6,78.0,"('Keyonte George', 'Lauri Markkanen')",4.716666666666666,6,14,9,2,5,3,2,0,2,1,5,10.64,7.88,0.0,0.0,0.0,2.0,0.0,0.0,3.0,4.0,18.52,14
22500240,UTA,CHI,78.8,78.8,"('Brice Sensabaugh', 'Isaiah Collier')",0.385,5,1,4,0,0,0,1,1,0,0,0,1.44,2.0,0.0,0.0,0.0,0.0,2.0,0.0,0.0,4.0,3.44,14
22500240,UTA,CHI,78.8,78.8,"('Brice Sensabaugh', 'Keyonte George')",0.385,5,1,4,0,0,0,1,1,0,0,0,1.44,2.0,0.0,0.0,0.0,0.0,2.0,0.0,0.0,4.0,3.44,14
22500240,UTA,CHI,78.8,78.8,"('Brice Sensabaugh', 'Lauri Markkanen')",0.385,5,1,4,0,0,0,1,1,0,0,0,1.44,2.0,0.0,0.0,0.0,0.0,2.0,0.0,0.0,4.0,3.44,14
22500240,UTA,CHI,78.8,78.8,"('Brice Sensabaugh', 'Svi Mykhailiuk')",0.385,5,1,4,0,0,0,1,1,0,0,0,1.44,2.0,0.0,0.0,0.0,0.0,2.0,0.0,0.0,4.0,3.44,14
22500240,UTA,CHI,78.8,78.8,"('Isaiah Collier', 'Keyonte George')",0.385,5,1,4,0,0,0,1,1,0,0,0,1.44,2.0,0.0,0.0,0.0,0.0,2.0,0.0,0.0,4.0,3.44,14
22500240,UTA,CHI,78.8,78.8,"('Isaiah Collier', 'Lauri Markkanen')",0.385,5,1,4,0,0,0,1,1,0,0,0,1.44,2.0,0.0,0.0,0.0,0.0,2.0,0.0,0.0,4.0,3.44,14
22500240,UTA,CHI,78.8,78.8,"('Isaiah Collier', 'Svi Mykhailiuk')",0.385,5,1,4,0,0,0,1,1,0,0,0,1.44,2.0,0.0,0.0,0.0,0.0,2.0,0.0,0.0,4.0,3.44,14
22500240,UTA,CHI,78.8,78.8,"('Keyonte George', 'Lauri Markkanen')",0.385,5,1,4,0,0,0,1,1,0,0,0,1.44,2.0,0.0,0.0,0.0,0.0,2.0,0.0,0.0,4.0,3.44,14
22500240,UTA,CHI,78.8,78.8,"('Keyonte George', 'Svi Mykhailiuk')",0.385,5,1,4,0,0,0,1,1,0,0,0,1.44,2.0,0.0,0.0,0.0,0.0,2.0,0.0,0.0,4.0,3.44,14
22500240,UTA,CHI,78.8,78.8,"('Lauri Markkanen', 'Svi Mykhailiuk')",0.385,5,1,4,0,0,0,1,1,0,0,0,1.44,2.0,0.0,0.0,0.0,0.0,2.0,0.0,0.0,4.0,3.44,14
22500240,UTA,CHI,79.6,78.4,"('Brice Sensabaugh', 'Isaiah Collier')",4.133333333333333,5,8,5,3,2,0,1,2,2,1,2,8.44,8.440000000000001,0.0,2.0,0.0,2.0,0.0,0.0,0.0,4.0,16.880000000000003,14
22500240,UTA,CHI,79.6,78.4,"('Brice Sensabaugh', 'Jusuf Nurkić')",4.133333333333333,5,8,5,3,2,0,1,2,2,1,2,8.44,8.440000000000001,0.0,2.0,0.0,2.0,0.0,0.0,0.0,4.0,16.880000000000003,14
22500240,UTA,CHI,79.6,78.4,"('Brice Sensabaugh', 'Keyonte George')",4.133333333333333,5,8,5,3,2,0,1,2,2,1,2,8.44,8.440000000000001,0.0,2.0,0.0,2.0,0.0,0.0,0.0,4.0,16.880000000000003,14
22500240,UTA,CHI,79.6,78.4,"('Brice Sensabaugh', 'Lauri Markkanen')",4.133333333333333,5,8,5,3,2,0,1,2,2,1,2,8.44,8.440000000000001,0.0,2.0,0.0,2.0,0.0,0.0,0.0,4.0,16.880000000000003,14
22500240,UTA,CHI,79.6,78.4,"('Isaiah Collier', 'Jusuf Nurkić')",4.133333333333333,5,8,5,3,2,0,1,2,2,1,2,8.44,8.440000000000001,0.0,2.0,0.0,2.0,0.0,0.0,0.0,4.0,16.880000000000003,14
22500240,UTA,CHI,79.6,78.4,"('Isaiah Collier', 'Keyonte George')",4.133333333333333,5,8,5,3,2,0,1,2,2,1,2,8.44,8.440000000000001,0.0,2.0,0.0,2.0,0.0,0.0,0.0,4.0,16.880000000000003,14
22500240,UTA,CHI,79.6,78.4,"('Isaiah Collier', 'Lauri Markkanen')",4.133333333333333,5,8,5,3,2,0,1,2,2,1,2,8.44,8.440000000000001,0.0,2.0,0.0,2.0,0.0,0.0,0.0,4.0,16.880000000000003,14
22500240,UTA,CHI,79.6,78.4,"('Jusuf Nurkić', 'Keyonte George')",4.133333333333333,5,8,5,3,2,0,1,2,2,1,2,8.44,8.440000000000001,0.0,2.0,0.0,2.0,0.0,0.0,0.0,4.0,16.880000000000003,14
22500240,UTA,CHI,79.6,78.4,"('Jusuf Nurkić', 'Lauri Markkanen')",4.133333333333333,5,8,5,3,2,0,1,2,2,1,2,8.44,8.440000000000001,0.0,2.0,0.0,2.0,0.0,0.0,0.0,4.0,16.880000000000003,14
22500240,UTA,CHI,79.6,78.4,"('Keyonte George', 'Lauri Markkanen')",4.133333333333333,5,8,5,3,2,0,1,2,2,1,2,8.44,8.440000000000001,0.0,2.0,0.0,2.0,0.0,0.0,0.0,4.0,16.880000000000003,14
22500240,UTA,CHI,79.8,78.8,"('Isaiah Collier', 'Jusuf Nurkić')",0.0,4,0,0,0,0,0,0,0,0,0,0,0.0,0.0,0.0,0.0,0.0,0.0,0.0,0.0,0.0,0.0,0.0,14
22500240,UTA,CHI,79.8,78.8,"('Isaiah Collier', 'Keyonte George')",0.0,4,0,0,0,0,0,0,0,0,0,0,0.0,0.0,0.0,0.0,0.0,0.0,0.0,0.0,0.0,0.0,0.0,14
22500240,UTA,CHI,79.8,78.8,"('Isaiah Collier', 'Lauri Markkanen')",0.0,4,0,0,0,0,0,0,0,0,0,0,0.0,0.0,0.0,0.0,0.0,0.0,0.0,0.0,0.0,0.0,0.0,14
22500240,UTA,CHI,79.8,78.8,"('Isaiah Collier', 'Svi Mykhailiuk')",0.0,4,0,0,0,0,0,0,0,0,0,0,0.0,0.0,0.0,0.0,0.0,0.0,0.0,0.0,0.0,0.0,0.0,14
22500240,UTA,CHI,79.8,78.8,"('Jusuf Nurkić', 'Keyonte George')",0.0,4,0,0,0,0,0,0,0,0,0,0,0.0,0.0,0.0,0.0,0.0,0.0,0.0,0.0,0.0,0.0,0.0,14
22500240,UTA,CHI,79.8,78.8,"('Jusuf Nurkić', 'Lauri Markkanen')",0.0,4,0,0,0,0,0,0,0,0,0,0,0.0,0.0,0.0,0.0,0.0,0.0,0.0,0.0,0.0,0.0,0.0,14
22500240,UTA,CHI,79.8,78.8,"('Jusuf Nurkić', 'Svi Mykhailiuk')",0.0,4,0,0,0,0,0,0,0,0,0,0,0.0,0.0,0.0,0.0,0.0,0.0,0.0,0.0,0.0,0.0,0.0,14
22500240,UTA,CHI,79.8,78.8,"('Keyonte George', 'Lauri Markkanen')",0.0,4,0,0,0,0,0,0,0,0,0,0,0.0,0.0,0.0,0.0,0.0,0.0,0.0,0.0,0.0,0.0,0.0,14
22500240,UTA,CHI,79.8,78.8,"('Keyonte George', 'Svi Mykhailiuk')",0.0,4,0,0,0,0,0,0,0,0,0,0,0.0,0.0,0.0,0.0,0.0,0.0,0.0,0.0,0.0,0.0,0.0,14
22500240,UTA,CHI,79.8,78.8,"('Lauri Markkanen', 'Svi Mykhailiuk')",0.0,4,0,0,0,0,0,0,0,0,0,0,0.0,0.0,0.0,0.0,0.0,0.0,0.0,0.0,0.0,0.0,0.0,14
22500240,UTA,CHI,79.6,78.6,"('Brice Sensabaugh', 'Kevin Love')",1.5833333333333337,4,6,5,2,2,1,2,0,0,0,2,3.88,3.0,0.0,0.0,0.0,4.0,0.0,2.0,0.0,2.0,6.88,14
22500240,UTA,CHI,79.6,78.6,"('Brice Sensabaugh', 'Keyonte George')",1.5833333333333337,4,6,5,2,2,1,2,0,0,0,2,3.88,3.0,0.0,0.0,0.0,4.0,0.0,2.0,0.0,2.0,6.88,14
22500240,UTA,CHI,79.6,78.6,"('Brice Sensabaugh', 'Kyle Filipowski')",1.5833333333333337,4,6,5,2,2,1,2,0,0,0,2,3.88,3.0,0.0,0.0,0.0,4.0,0.0,2.0,0.0,2.0,6.88,14
22500240,UTA,CHI,79.6,78.6,"('Brice Sensabaugh', 'Svi Mykhailiuk')",1.5833333333333337,4,6,5,2,2,1,2,0,0,0,2,3.88,3.0,0.0,0.0,0.0,4.0,0.0,2.0,0.0,2.0,6.88,14
22500240,UTA,CHI,79.6,78.6,"('Kevin Love', 'Keyonte George')",1.5833333333333337,4,6,5,2,2,1,2,0,0,0,2,3.88,3.0,0.0,0.0,0.0,4.0,0.0,2.0,0.0,2.0,6.88,14
22500240,UTA,CHI,79.6,78.6,"('Kevin Love', 'Kyle Filipowski')",1.5833333333333337,4,6,5,2,2,1,2,0,0,0,2,3.88,3.0,0.0,0.0,0.0,4.0,0.0,2.0,0.0,2.0,6.88,14
22500240,UTA,CHI,79.6,78.6,"('Kevin Love', 'Svi Mykhailiuk')",1.5833333333333337,4,6,5,2,2,1,2,0,0,0,2,3.88,3.0,0.0,0.0,0.0,4.0,0.0,2.0,0.0,2.0,6.88,14
22500240,UTA,CHI,79.6,78.6,"('Keyonte George', 'Kyle Filipowski')",1.5833333333333337,4,6,5,2,2,1,2,0,0,0,2,3.88,3.0,0.0,0.0,0.0,4.0,0.0,2.0,0.0,2.0,6.88,14
22500240,UTA,CHI,79.6,78.6,"('Keyonte George', 'Svi Mykhailiuk')",1.5833333333333337,4,6,5,2,2,1,2,0,0,0,2,3.88,3.0,0.0,0.0,0.0,4.0,0.0,2.0,0.0,2.0,6.88,14
22500240,UTA,CHI,79.6,78.6,"('Kyle Filipowski', 'Svi Mykhailiuk')",1.5833333333333337,4,6,5,2,2,1,2,0,0,0,2,3.88,3.0,0.0,0.0,0.0,4.0,0.0,2.0,0.0,2.0,6.88,14
22500240,UTA,CHI,80.2,77.6,"('Brice Sensabaugh', 'Jusuf Nurkić')",1.3833333333333335,4,0,1,2,3,0,0,0,1,2,0,3.0,2.44,0.0,0.0,0.0,0.0,0.0,0.0,0.0,0.0,5.44,14
22500240,UTA,CHI,80.2,77.6,"('Brice Sensabaugh', 'Keyonte George')",1.3833333333333335,4,0,1,2,3,0,0,0,1,2,0,3.0,2.44,0.0,0.0,0.0,0.0,0.0,0.0,0.0,0.0,5.44,14
22500240,UTA,CHI,80.2,77.6,"('Brice Sensabaugh', 'Lauri Markkanen')",1.3833333333333335,4,0,1,2,3,0,0,0,1,2,0,3.0,2.44,0.0,0.0,0.0,0.0,0.0,0.0,0.0,0.0,5.44,14
22500240,UTA,CHI,80.2,77.6,"('Brice Sensabaugh', 'Svi Mykhailiuk')",1.3833333333333335,4,0,1,2,3,0,0,0,1,2,0,3.0,2.44,0.0,0.0,0.0,0.0,0.0,0.0,0.0,0.0,5.44,14
22500240,UTA,CHI,80.2,77.6,"('Jusuf Nurkić', 'Keyonte George')",1.3833333333333335,4,0,1,2,3,0,0,0,1,2,0,3.0,2.44,0.0,0.0,0.0,0.0,0.0,0.0,0.0,0.0,5.44,14
22500240,UTA,CHI,80.2,77.6,"('Jusuf Nurkić', 'Lauri Markkanen')",1.3833333333333335,4,0,1,2,3,0,0,0,1,2,0,3.0,2.44,0.0,0.0,0.0,0.0,0.0,0.0,0.0,0.0,5.44,14
22500240,UTA,CHI,80.2,77.6,"('Jusuf Nurkić', 'Svi Mykhailiuk')",1.3833333333333335,4,0,1,2,3,0,0,0,1,2,0,3.0,2.44,0.0,0.0,0.0,0.0,0.0,0.0,0.0,0.0,5.44,14
22500240,UTA,CHI,80.2,77.6,"('Keyonte George', 'Lauri Markkanen')",1.3833333333333335,4,0,1,2,3,0,0,0,1,2,0,3.0,2.44,0.0,0.0,0.0,0.0,0.0,0.0,0.0,0.0,5.44,14
22500240,UTA,CHI,80.2,77.6,"('Keyonte George', 'Svi Mykhailiuk')",1.3833333333333335,4,0,1,2,3,0,0,0,1,2,0,3.0,2.44,0.0,0.0,0.0,0.0,0.0,0.0,0.0,0.0,5.44,14
22500240,UTA,CHI,80.2,77.6,"('Lauri Markkanen', 'Svi Mykhailiuk')",1.3833333333333335,4,0,1,2,3,0,0,0,1,2,0,3.0,2.44,0.0,0.0,0.0,0.0,0.0,0.0,0.0,0.0,5.44,14
22500240,UTA,CHI,81.2,78.2,"('Cody Williams', 'Isaiah Collier')",1.9666666666666668,3,6,9,1,2,2,3,0,0,3,1,3.44,4.88,0.0,0.0,0.0,2.0,0.0,0.0,2.0,4.0,8.32,14
22500240,UTA,CHI,81.2,78.2,"('Cody Williams', 'Kevin Love')",1.9666666666666668,3,6,9,1,2,2,3,0,0,3,1,3.44,4.88,0.0,0.0,0.0,2.0,0.0,0.0,2.0,4.0,8.32,14
22500240,UTA,CHI,81.2,78.2,"('Cody Williams', 'Kyle Filipowski')",1.9666666666666668,3,6,9,1,2,2,3,0,0,3,1,3.44,4.88,0.0,0.0,0.0,2.0,0.0,0.0,2.0,4.0,8.32,14
22500240,UTA,CHI,81.2,78.2,"('Cody Williams', 'Lauri Markkanen')",1.9666666666666668,3,6,9,1,2,2,3,0,0,3,1,3.44,4.88,0.0,0.0,0.0,2.0,0.0,0.0,2.0,4.0,8.32,14
22500240,UTA,CHI,81.2,78.2,"('Isaiah Collier', 'Kevin Love')",1.9666666666666668,3,6,9,1,2,2,3,0,0,3,1,3.44,4.88,0.0,0.0,0.0,2.0,0.0,0.0,2.0,4.0,8.32,14
22500240,UTA,CHI,81.2,78.2,"('Isaiah Collier', 'Kyle Filipowski')",1.9666666666666668,3,6,9,1,2,2,3,0,0,3,1,3.44,4.88,0.0,0.0,0.0,2.0,0.0,0.0,2.0,4.0,8.32,14
22500240,UTA,CHI,81.2,78.2,"('Isaiah Collier', 'Lauri Markkanen')",1.9666666666666668,3,6,9,1,2,2,3,0,0,3,1,3.44,4.88,0.0,0.0,0.0,2.0,0.0,0.0,2.0,4.0,8.32,14
22500240,UTA,CHI,81.2,78.2,"('Kevin Love', 'Kyle Filipowski')",1.9666666666666668,3,6,9,1,2,2,3,0,0,3,1,3.44,4.88,0.0,0.0,0.0,2.0,0.0,0.0,2.0,4.0,8.32,14
22500240,UTA,CHI,81.2,78.2,"('Kevin Love', 'Lauri Markkanen')",1.9666666666666668,3,6,9,1,2,2,3,0,0,3,1,3.44,4.88,0.0,0.0,0.0,2.0,0.0,0.0,2.0,4.0,8.32,14
22500240,UTA,CHI,81.2,78.2,"('Kyle Filipowski', 'Lauri Markkanen')",1.9666666666666668,3,6,9,1,2,2,3,0,0,3,1,3.44,4.88,0.0,0.0,0.0,2.0,0.0,0.0,2.0,4.0,8.32,14
22500240,UTA,CHI,80.6,78.4,"('Cody Williams', 'Jusuf Nurkić')",5.416666666666667,3,11,11,6,8,0,2,0,1,1,4,12.64,11.88,0.0,0.0,0.0,2.0,0.0,0.0,2.0,6.0,24.520000000000003,14
22500240,UTA,CHI,80.6,78.4,"('Cody Williams', 'Keyonte George')",5.416666666666667,3,11,11,6,8,0,2,0,1,1,4,12.64,11.88,0.0,0.0,0.0,2.0,0.0,0.0,2.0,6.0,24.520000000000003,14
22500240,UTA,CHI,80.6,78.4,"('Cody Williams', 'Lauri Markkanen')",5.416666666666667,3,11,11,6,8,0,2,0,1,1,4,12.64,11.88,0.0,0.0,0.0,2.0,0.0,0.0,2.0,6.0,24.520000000000003,14
22500240,UTA,CHI,80.6,78.4,"('Cody Williams', 'Svi Mykhailiuk')",5.416666666666667,3,11,11,6,8,0,2,0,1,1,4,12.64,11.88,0.0,0.0,0.0,2.0,0.0,0.0,2.0,6.0,24.520000000000003,14
22500240,UTA,CHI,80.6,78.4,"('Jusuf Nurkić', 'Keyonte George')",5.416666666666667,3,11,11,6,8,0,2,0,1,1,4,12.64,11.88,0.0,0.0,0.0,2.0,0.0,0.0,2.0,6.0,24.520000000000003,14
22500240,UTA,CHI,80.6,78.4,"('Jusuf Nurkić', 'Lauri Markkanen')",5.416666666666667,3,11,11,6,8,0,2,0,1,1,4,12.64,11.88,0.0,0.0,0.0,2.0,0.0,0.0,2.0,6.0,24.520000000000003,14
22500240,UTA,CHI,80.6,78.4,"('Jusuf Nurkić', 'Svi Mykhailiuk')",5.416666666666667,3,11,11,6,8,0,2,0,1,1,4,12.64,11.88,0.0,0.0,0.0,2.0,0.0,0.0,2.0,6.0,24.520000000000003,14
22500240,UTA,CHI,80.6,78.4,"('Keyonte George', 'Lauri Markkanen')",5.416666666666667,3,11,11,6,8,0,2,0,1,1,4,12.64,11.88,0.0,0.0,0.0,2.0,0.0,0.0,2.0,6.0,24.520000000000003,14
22500240,UTA,CHI,80.6,78.4,"('Keyonte George', 'Svi Mykhailiuk')",5.416666666666667,3,11,11,6,8,0,2,0,1,1,4,12.64,11.88,0.0,0.0,0.0,2.0,0.0,0.0,2.0,6.0,24.520000000000003,14
22500240,UTA,CHI,80.6,78.4,"('Lauri Markkanen', 'Svi Mykhailiuk')",5.416666666666667,3,11,11,6,8,0,2,0,1,1,4,12.64,11.88,0.0,0.0,0.0,2.0,0.0,0.0,2.0,6.0,24.520000000000003,14
22500240,UTA,CHI,81.4,78.2,"('Cody Williams', 'Isaiah Collier')",1.3683333333333332,3,5,1,3,0,1,0,1,0,0,1,3.44,2.44,2.0,0.0,0.0,4.0,0.0,0.0,0.0,0.0,5.88,14
22500240,UTA,CHI,81.4,78.2,"('Cody Williams', 'Jusuf Nurkić')",1.3683333333333332,3,5,1,3,0,1,0,1,0,0,1,3.44,2.44,2.0,0.0,0.0,4.0,0.0,0.0,0.0,0.0,5.88,14
22500240,UTA,CHI,81.4,78.2,"('Cody Williams', 'Kyle Filipowski')",1.3683333333333332,3,5,1,3,0,1,0,1,0,0,1,3.44,2.44,2.0,0.0,0.0,4.0,0.0,0.0,0.0,0.0,5.88,14
22500240,UTA,CHI,81.4,78.2,"('Cody Williams', 'Lauri Markkanen')",1.3683333333333332,3,5,1,3,0,1,0,1,0,0,1,3.44,2.44,2.0,0.0,0.0,4.0,0.0,0.0,0.0,0.0,5.88,14
22500240,UTA,CHI,81.4,78.2,"('Isaiah Collier', 'Jusuf Nurkić')",1.3683333333333332,3,5,1,3,0,1,0,1,0,0,1,3.44,2.44,2.0,0.0,0.0,4.0,0.0,0.0,0.0,0.0,5.88,14
22500240,UTA,CHI,81.4,78.2,"('Isaiah Collier', 'Kyle Filipowski')",1.3683333333333332,3,5,1,3,0,1,0,1,0,0,1,3.44,2.44,2.0,0.0,0.0,4.0,0.0,0.0,0.0,0.0,5.88,14
22500240,UTA,CHI,81.4,78.2,"('Isaiah Collier', 'Lauri Markkanen')",1.3683333333333332,3,5,1,3,0,1,0,1,0,0,1,3.44,2.44,2.0,0.0,0.0,4.0,0.0,0.0,0.0,0.0,5.88,14
22500240,UTA,CHI,81.4,78.2,"('Jusuf Nurkić', 'Kyle Filipowski')",1.3683333333333332,3,5,1,3,0,1,0,1,0,0,1,3.44,2.44,2.0,0.0,0.0,4.0,0.0,0.0,0.0,0.0,5.88,14
22500240,UTA,CHI,81.4,78.2,"('Jusuf Nurkić', 'Lauri Markkanen')",1.3683333333333332,3,5,1,3,0,1,0,1,0,0,1,3.44,2.44,2.0,0.0,0.0,4.0,0.0,0.0,0.0,0.0,5.88,14
22500240,UTA,CHI,81.4,78.2,"('Kyle Filipowski', 'Lauri Markkanen')",1.3683333333333332,3,5,1,3,0,1,0,1,0,0,1,3.44,2.44,2.0,0.0,0.0,4.0,0.0,0.0,0.0,0.0,5.88,14
22500240,UTA,CHI,79.8,78.0,"('Isaiah Collier', 'Jusuf Nurkić')",2.303333333333333,2,7,13,2,3,1,3,1,1,4,1,6.44,6.640000000000001,0.0,2.0,4.0,6.0,0.0,0.0,0.0,4.0,13.080000000000002,14
22500240,UTA,CHI,79.8,78.0,"('Isaiah Collier', 'Keyonte George')",2.303333333333333,2,7,13,2,3,1,3,1,1,4,1,6.44,6.640000000000001,0.0,2.0,4.0,6.0,0.0,0.0,0.0,4.0,13.080000000000002,14
22500240,UTA,CHI,79.8,78.0,"('Isaiah Collier', 'Lauri Markkanen')",2.303333333333333,2,7,13,2,3,1,3,1,1,4,1,6.44,6.640000000000001,0.0,2.0,4.0,6.0,0.0,0.0,0.0,4.0,13.080000000000002,14
22500240,UTA,CHI,79.8,78.0,"('Isaiah Collier', 'Svi Mykhailiuk')",2.303333333333333,2,7,13,2,3,1,3,1,1,4,1,6.44,6.640000000000001,0.0,2.0,4.0,6.0,0.0,0.0,0.0,4.0,13.080000000000002,14
22500240,UTA,CHI,79.8,78.0,"('Jusuf Nurkić', 'Keyonte George')",2.303333333333333,2,7,13,2,3,1,3,1,1,4,1,6.44,6.640000000000001,0.0,2.0,4.0,6.0,0.0,0.0,0.0,4.0,13.080000000000002,14
22500240,UTA,CHI,79.8,78.0,"('Jusuf Nurkić', 'Lauri Markkanen')",2.303333333333333,2,7,13,2,3,1,3,1,1,4,1,6.44,6.640000000000001,0.0,2.0,4.0,6.0,0.0,0.0,0.0,4.0,13.080000000000002,14
22500240,UTA,CHI,79.8,78.0,"('Jusuf Nurkić', 'Svi Mykhailiuk')",2.303333333333333,2,7,13,2,3,1,3,1,1,4,1,6.44,6.640000000000001,0.0,2.0,4.0,6.0,0.0,0.0,0.0,4.0,13.080000000000002,14
22500240,UTA,CHI,79.8,78.0,"('Keyonte George', 'Lauri Markkanen')",2.303333333333333,2,7,13,2,3,1,3,1,1,4,1,6.44,6.640000000000001,0.0,2.0,4.0,6.0,0.0,0.0,0.0,4.0,13.080000000000002,14
22500240,UTA,CHI,79.8,78.0,"('Keyonte George', 'Svi Mykhailiuk')",2.303333333333333,2,7,13,2,3,1,3,1,1,4,1,6.44,6.640000000000001,0.0,2.0,4.0,6.0,0.0,0.0,0.0,4.0,13.080000000000002,14
22500240,UTA,CHI,79.8,78.0,"('Lauri Markkanen', 'Svi Mykhailiuk')",2.303333333333333,2,7,13,2,3,1,3,1,1,4,1,6.44,6.640000000000001,0.0,2.0,4.0,6.0,0.0,0.0,0.0,4.0,13.080000000000002,14
22500240,UTA,CHI,79.6,78.6,"('Brice Sensabaugh', 'Kevin Love')",1.6,2,4,7,0,2,1,1,0,0,1,1,3.44,3.44,0.0,0.0,0.0,0.0,0.0,2.0,0.0,4.0,6.88,14
22500240,UTA,CHI,79.6,78.6,"('Brice Sensabaugh', 'Keyonte George')",1.6,2,4,7,0,2,1,1,0,0,1,1,3.44,3.44,0.0,0.0,0.0,0.0,0.0,2.0,0.0,4.0,6.88,14
22500240,UTA,CHI,79.6,78.6,"('Brice Sensabaugh', 'Kyle Filipowski')",1.6,2,4,7,0,2,1,1,0,0,1,1,3.44,3.44,0.0,0.0,0.0,0.0,0.0,2.0,0.0,4.0,6.88,14
22500240,UTA,CHI,79.6,78.6,"('Brice Sensabaugh', 'Svi Mykhailiuk')",1.6,2,4,7,0,2,1,1,0,0,1,1,3.44,3.44,0.0,0.0,0.0,0.0,0.0,2.0,0.0,4.0,6.88,14
22500240,UTA,CHI,79.6,78.6,"('Kevin Love', 'Keyonte George')",1.6,2,4,7,0,2,1,1,0,0,1,1,3.44,3.44,0.0,0.0,0.0,0.0,0.0,2.0,0.0,4.0,6.88,14
22500240,UTA,CHI,79.6,78.6,"('Kevin Love', 'Kyle Filipowski')",1.6,2,4,7,0,2,1,1,0,0,1,1,3.44,3.44,0.0,0.0,0.0,0.0,0.0,2.0,0.0,4.0,6.88,14
22500240,UTA,CHI,79.6,78.6,"('Kevin Love', 'Svi Mykhailiuk')",1.6,2,4,7,0,2,1,1,0,0,1,1,3.44,3.44,0.0,0.0,0.0,0.0,0.0,2.0,0.0,4.0,6.88,14
22500240,UTA,CHI,79.6,78.6,"('Keyonte George', 'Kyle Filipowski')",1.6,2,4,7,0,2,1,1,0,0,1,1,3.44,3.44,0.0,0.0,0.0,0.0,0.0,2.0,0.0,4.0,6.88,14
22500240,UTA,CHI,79.6,78.6,"('Keyonte George', 'Svi Mykhailiuk')",1.6,2,4,7,0,2,1,1,0,0,1,1,3.44,3.44,0.0,0.0,0.0,0.0,0.0,2.0,0.0,4.0,6.88,14
22500240,UTA,CHI,79.6,78.6,"('Kyle Filipowski', 'Svi Mykhailiuk')",1.6,2,4,7,0,2,1,1,0,0,1,1,3.44,3.44,0.0,0.0,0.0,0.0,0.0,2.0,0.0,4.0,6.88,14
22500240,UTA,CHI,80.8,78.4,"('Ace Bailey', 'Jusuf Nurkić')",0.7666666666666666,2,2,1,1,1,1,0,0,0,1,0,2.0,1.44,0.0,0.0,0.0,0.0,0.0,0.0,0.0,0.0,3.44,14
22500240,UTA,CHI,80.8,78.4,"('Ace Bailey', 'Keyonte George')",0.7666666666666666,2,2,1,1,1,1,0,0,0,1,0,2.0,1.44,0.0,0.0,0.0,0.0,0.0,0.0,0.0,0.0,3.44,14
22500240,UTA,CHI,80.8,78.4,"('Ace Bailey', 'Lauri Markkanen')",0.7666666666666666,2,2,1,1,1,1,0,0,0,1,0,2.0,1.44,0.0,0.0,0.0,0.0,0.0,0.0,0.0,0.0,3.44,14
22500240,UTA,CHI,80.8,78.4,"('Ace Bailey', 'Svi Mykhailiuk')",0.7666666666666666,2,2,1,1,1,1,0,0,0,1,0,2.0,1.44,0.0,0.0,0.0,0.0,0.0,0.0,0.0,0.0,3.44,14
22500240,UTA,CHI,80.8,78.4,"('Jusuf Nurkić', 'Keyonte George')",0.7666666666666666,2,2,1,1,1,1,0,0,0,1,0,2.0,1.44,0.0,0.0,0.0,0.0,0.0,0.0,0.0,0.0,3.44,14
22500240,UTA,CHI,80.8,78.4,"('Jusuf Nurkić', 'Lauri Markkanen')",0.7666666666666666,2,2,1,1,1,1,0,0,0,1,0,2.0,1.44,0.0,0.0,0.0,0.0,0.0,0.0,0.0,0.0,3.44,14
22500240,UTA,CHI,80.8,78.4,"('Jusuf Nurkić', 'Svi Mykhailiuk')",0.7666666666666666,2,2,1,1,1,1,0,0,0,1,0,2.0,1.44,0.0,0.0,0.0,0.0,0.0,0.0,0.0,0.0,3.44,14
22500240,UTA,CHI,80.8,78.4,"('Keyonte George', 'Lauri Markkanen')",0.7666666666666666,2,2,1,1,1,1,0,0,0,1,0,2.0,1.44,0.0,0.0,0.0,0.0,0.0,0.0,0.0,0.0,3.44,14
22500240,UTA,CHI,80.8,78.4,"('Keyonte George', 'Svi Mykhailiuk')",0.7666666666666666,2,2,1,1,1,1,0,0,0,1,0,2.0,1.44,0.0,0.0,0.0,0.0,0.0,0.0,0.0,0.0,3.44,14
22500240,UTA,CHI,80.8,78.4,"('Lauri Markkanen', 'Svi Mykhailiuk')",0.7666666666666666,2,2,1,1,1,1,0,0,0,1,0,2.0,1.44,0.0,0.0,0.0,0.0,0.0,0.0,0.0,0.0,3.44,14
22500240,UTA,CHI,79.8,78.6,"('Brice Sensabaugh', 'Isaiah Collier')",1.15,2,0,3,2,2,0,1,0,0,0,0,3.0,3.0,0.0,0.0,0.0,0.0,0.0,3.0,0.0,0.0,6.0,14
22500240,UTA,CHI,79.8,78.6,"('Brice Sensabaugh', 'Jusuf Nurkić')",1.15,2,0,3,2,2,0,1,0,0,0,0,3.0,3.0,0.0,0.0,0.0,0.0,0.0,3.0,0.0,0.0,6.0,14
22500240,UTA,CHI,79.8,78.6,"('Brice Sensabaugh', 'Kyle Filipowski')",1.15,2,0,3,2,2,0,1,0,0,0,0,3.0,3.0,0.0,0.0,0.0,0.0,0.0,3.0,0.0,0.0,6.0,14
22500240,UTA,CHI,79.8,78.6,"('Brice Sensabaugh', 'Svi Mykhailiuk')",1.15,2,0,3,2,2,0,1,0,0,0,0,3.0,3.0,0.0,0.0,0.0,0.0,0.0,3.0,0.0,0.0,6.0,14
22500240,UTA,CHI,79.8,78.6,"('Isaiah Collier', 'Jusuf Nurkić')",1.15,2,0,3,2,2,0,1,0,0,0,0,3.0,3.0,0.0,0.0,0.0,0.0,0.0,3.0,0.0,0.0,6.0,14
22500240,UTA,CHI,79.8,78.6,"('Isaiah Collier', 'Kyle Filipowski')",1.15,2,0,3,2,2,0,1,0,0,0,0,3.0,3.0,0.0,0.0,0.0,0.0,0.0,3.0,0.0,0.0,6.0,14
22500240,UTA,CHI,79.8,78.6,"('Isaiah Collier', 'Svi Mykhailiuk')",1.15,2,0,3,2,2,0,1,0,0,0,0,3.0,3.0,0.0,0.0,0.0,0.0,0.0,3.0,0.0,0.0,6.0,14
22500240,UTA,CHI,79.8,78.6,"('Jusuf Nurkić', 'Kyle Filipowski')",1.15,2,0,3,2,2,0,1,0,0,0,0,3.0,3.0,0.0,0.0,0.0,0.0,0.0,3.0,0.0,0.0,6.0,14
22500240,UTA,CHI,79.8,78.6,"('Jusuf Nurkić', 'Svi Mykhailiuk')",1.15,2,0,3,2,2,0,1,0,0,0,0,3.0,3.0,0.0,0.0,0.0,0.0,0.0,3.0,0.0,0.0,6.0,14
22500240,UTA,CHI,79.8,78.6,"('Kyle Filipowski', 'Svi Mykhailiuk')",1.15,2,0,3,2,2,0,1,0,0,0,0,3.0,3.0,0.0,0.0,0.0,0.0,0.0,3.0,0.0,0.0,6.0,14
22500240,UTA,CHI,81.0,77.8,"('Kevin Love', 'Keyonte George')",2.7666666666666666,2,7,5,4,3,2,2,0,0,0,1,5.44,6.0,3.0,0.0,0.0,0.0,0.0,0.0,0.0,2.0,11.44,14
22500240,UTA,CHI,81.0,77.8,"('Kevin Love', 'Kyle Filipowski')",2.7666666666666666,2,7,5,4,3,2,2,0,0,0,1,5.44,6.0,3.0,0.0,0.0,0.0,0.0,0.0,0.0,2.0,11.44,14
22500240,UTA,CHI,81.0,77.8,"('Kevin Love', 'Lauri Markkanen')",2.7666666666666666,2,7,5,4,3,2,2,0,0,0,1,5.44,6.0,3.0,0.0,0.0,0.0,0.0,0.0,0.0,2.0,11.44,14
22500240,UTA,CHI,81.0,77.8,"('Kevin Love', 'Svi Mykhailiuk')",2.7666666666666666,2,7,5,4,3,2,2,0,0,0,1,5.44,6.0,3.0,0.0,0.0,0.0,0.0,0.0,0.0,2.0,11.44,14
22500240,UTA,CHI,81.0,77.8,"('Keyonte George', 'Kyle Filipowski')",2.7666666666666666,2,7,5,4,3,2,2,0,0,0,1,5.44,6.0,3.0,0.0,0.0,0.0,0.0,0.0,0.0,2.0,11.44,14
22500240,UTA,CHI,81.0,77.8,"('Keyonte George', 'Lauri Markkanen')",2.7666666666666666,2,7,5,4,3,2,2,0,0,0,1,5.44,6.0,3.0,0.0,0.0,0.0,0.0,0.0,0.0,2.0,11.44,14
22500240,UTA,CHI,81.0,77.8,"('Keyonte George', 'Svi Mykhailiuk')",2.7666666666666666,2,7,5,4,3,2,2,0,0,0,1,5.44,6.0,3.0,0.0,0.0,0.0,0.0,0.0,0.0,2.0,11.44,14
22500240,UTA,CHI,81.0,77.8,"('Kyle Filipowski', 'Lauri Markkanen')",2.7666666666666666,2,7,5,4,3,2,2,0,0,0,1,5.44,6.0,3.0,0.0,0.0,0.0,0.0,0.0,0.0,2.0,11.44,14
22500240,UTA,CHI,81.0,77.8,"('Kyle Filipowski', 'Svi Mykhailiuk')",2.7666666666666666,2,7,5,4,3,2,2,0,0,0,1,5.44,6.0,3.0,0.0,0.0,0.0,0.0,0.0,0.0,2.0,11.44,14
22500240,UTA,CHI,81.0,77.8,"('Lauri Markkanen', 'Svi Mykhailiuk')",2.7666666666666666,2,7,5,4,3,2,2,0,0,0,1,5.44,6.0,3.0,0.0,0.0,0.0,0.0,0.0,0.0,2.0,11.44,14
22500240,UTA,CHI,80.2,78.6,"('Ace Bailey', 'Brice Sensabaugh')",1.0833333333333337,4,6,0,1,0,2,0,0,1,1,0,2.44,2.0,2.0,2.0,0.0,2.0,0.0,0.0,0.0,0.0,4.44,14
22500240,UTA,CHI,80.2,78.6,"('Ace Bailey', 'Isaiah Collier')",1.0833333333333337,4,6,0,1,0,2,0,0,1,1,0,2.44,2.0,2.0,2.0,0.0,2.0,0.0,0.0,0.0,0.0,4.44,14
22500240,UTA,CHI,80.2,78.6,"('Ace Bailey', 'Jusuf Nurkić')",1.0833333333333337,4,6,0,1,0,2,0,0,1,1,0,2.44,2.0,2.0,2.0,0.0,2.0,0.0,0.0,0.0,0.0,4.44,14
22500240,UTA,CHI,80.2,78.6,"('Ace Bailey', 'Kyle Filipowski')",1.0833333333333337,4,6,0,1,0,2,0,0,1,1,0,2.44,2.0,2.0,2.0,0.0,2.0,0.0,0.0,0.0,0.0,4.44,14
22500240,UTA,CHI,80.2,78.6,"('Brice Sensabaugh', 'Isaiah Collier')",1.0833333333333337,4,6,0,1,0,2,0,0,1,1,0,2.44,2.0,2.0,2.0,0.0,2.0,0.0,0.0,0.0,0.0,4.44,14
22500240,UTA,CHI,80.2,78.6,"('Brice Sensabaugh', 'Jusuf Nurkić')",1.0833333333333337,4,6,0,1,0,2,0,0,1,1,0,2.44,2.0,2.0,2.0,0.0,2.0,0.0,0.0,0.0,0.0,4.44,14
22500240,UTA,CHI,80.2,78.6,"('Brice Sensabaugh', 'Kyle Filipowski')",1.0833333333333337,4,6,0,1,0,2,0,0,1,1,0,2.44,2.0,2.0,2.0,0.0,2.0,0.0,0.0,0.0,0.0,4.44,14
22500240,UTA,CHI,80.2,78.6,"('Isaiah Collier', 'Jusuf Nurkić')",1.0833333333333337,4,6,0,1,0,2,0,0,1,1,0,2.44,2.0,2.0,2.0,0.0,2.0,0.0,0.0,0.0,0.0,4.44,14
22500240,UTA,CHI,80.2,78.6,"('Isaiah Collier', 'Kyle Filipowski')",1.0833333333333337,4,6,0,1,0,2,0,0,1,1,0,2.44,2.0,2.0,2.0,0.0,2.0,0.0,0.0,0.0,0.0,4.44,14
22500240,UTA,CHI,80.2,78.6,"('Jusuf Nurkić', 'Kyle Filipowski')",1.0833333333333337,4,6,0,1,0,2,0,0,1,1,0,2.44,2.0,2.0,2.0,0.0,2.0,0.0,0.0,0.0,0.0,4.44,14
22500240,UTA,CHI,79.8,78.8,"('Isaiah Collier', 'Keyonte George')",0.305,4,1,0,1,2,0,0,0,0,0,0,1.44,1.0,0.0,0.0,0.0,0.0,0.0,0.0,0.0,0.0,2.44,14
22500240,UTA,CHI,79.8,78.8,"('Isaiah Collier', 'Kyle Filipowski')",0.305,4,1,0,1,2,0,0,0,0,0,0,1.44,1.0,0.0,0.0,0.0,0.0,0.0,0.0,0.0,0.0,2.44,14
22500240,UTA,CHI,79.8,78.8,"('Isaiah Collier', 'Lauri Markkanen')",0.305,4,1,0,1,2,0,0,0,0,0,0,1.44,1.0,0.0,0.0,0.0,0.0,0.0,0.0,0.0,0.0,2.44,14
22500240,UTA,CHI,79.8,78.8,"('Isaiah Collier', 'Svi Mykhailiuk')",0.305,4,1,0,1,2,0,0,0,0,0,0,1.44,1.0,0.0,0.0,0.0,0.0,0.0,0.0,0.0,0.0,2.44,14
22500240,UTA,CHI,79.8,78.8,"('Keyonte George', 'Kyle Filipowski')",0.305,4,1,0,1,2,0,0,0,0,0,0,1.44,1.0,0.0,0.0,0.0,0.0,0.0,0.0,0.0,0.0,2.44,14
22500240,UTA,CHI,79.8,78.8,"('Keyonte George', 'Lauri Markkanen')",0.305,4,1,0,1,2,0,0,0,0,0,0,1.44,1.0,0.0,0.0,0.0,0.0,0.0,0.0,0.0,0.0,2.44,14
22500240,UTA,CHI,79.8,78.8,"('Keyonte George', 'Svi Mykhailiuk')",0.305,4,1,0,1,2,0,0,0,0,0,0,1.44,1.0,0.0,0.0,0.0,0.0,0.0,0.0,0.0,0.0,2.44,14
22500240,UTA,CHI,79.8,78.8,"('Kyle Filipowski', 'Lauri Markkanen')",0.305,4,1,0,1,2,0,0,0,0,0,0,1.44,1.0,0.0,0.0,0.0,0.0,0.0,0.0,0.0,0.0,2.44,14
22500240,UTA,CHI,79.8,78.8,"('Kyle Filipowski', 'Svi Mykhailiuk')",0.305,4,1,0,1,2,0,0,0,0,0,0,1.44,1.0,0.0,0.0,0.0,0.0,0.0,0.0,0.0,0.0,2.44,14
22500240,UTA,CHI,79.8,78.8,"('Lauri Markkanen', 'Svi Mykhailiuk')",0.305,4,1,0,1,2,0,0,0,0,0,0,1.44,1.0,0.0,0.0,0.0,0.0,0.0,0.0,0.0,0.0,2.44,14
22500240,UTA,CHI,80.6,78.6,"('Ace Bailey', 'Brice Sensabaugh')",2.0,4,4,3,2,1,1,1,1,2,1,1,4.44,4.0,0.0,0.0,0.0,0.0,3.0,0.0,0.0,0.0,8.440000000000001,14
22500240,UTA,CHI,80.6,78.6,"('Ace Bailey', 'Isaiah Collier')",2.0,4,4,3,2,1,1,1,1,2,1,1,4.44,4.0,0.0,0.0,0.0,0.0,3.0,0.0,0.0,0.0,8.440000000000001,14
22500240,UTA,CHI,80.6,78.6,"('Ace Bailey', 'Jusuf Nurkić')",2.0,4,4,3,2,1,1,1,1,2,1,1,4.44,4.0,0.0,0.0,0.0,0.0,3.0,0.0,0.0,0.0,8.440000000000001,14
22500240,UTA,CHI,80.6,78.6,"('Ace Bailey', 'Lauri Markkanen')",2.0,4,4,3,2,1,1,1,1,2,1,1,4.44,4.0,0.0,0.0,0.0,0.0,3.0,0.0,0.0,0.0,8.440000000000001,14
22500240,UTA,CHI,80.6,78.6,"('Brice Sensabaugh', 'Isaiah Collier')",2.0,4,4,3,2,1,1,1,1,2,1,1,4.44,4.0,0.0,0.0,0.0,0.0,3.0,0.0,0.0,0.0,8.440000000000001,14
22500240,UTA,CHI,80.6,78.6,"('Brice Sensabaugh', 'Jusuf Nurkić')",2.0,4,4,3,2,1,1,1,1,2,1,1,4.44,4.0,0.0,0.0,0.0,0.0,3.0,0.0,0.0,0.0,8.440000000000001,14
22500240,UTA,CHI,80.6,78.6,"('Brice Sensabaugh', 'Lauri Markkanen')",2.0,4,4,3,2,1,1,1,1,2,1,1,4.44,4.0,0.0,0.0,0.0,0.0,3.0,0.0,0.0,0.0,8.440000000000001,14
22500240,UTA,CHI,80.6,78.6,"('Isaiah Collier', 'Jusuf Nurkić')",2.0,4,4,3,2,1,1,1,1,2,1,1,4.44,4.0,0.0,0.0,0.0,0.0,3.0,0.0,0.0,0.0,8.440000000000001,14
22500240,UTA,CHI,80.6,78.6,"('Isaiah Collier', 'Lauri Markkanen')",2.0,4,4,3,2,1,1,1,1,2,1,1,4.44,4.0,0.0,0.0,0.0,0.0,3.0,0.0,0.0,0.0,8.440000000000001,14
22500240,UTA,CHI,80.6,78.6,"('Jusuf Nurkić', 'Lauri Markkanen')",2.0,4,4,3,2,1,1,1,1,2,1,1,4.44,4.0,0.0,0.0,0.0,0.0,3.0,0.0,0.0,0.0,8.440000000000001,14
22500240,UTA,CHI,79.2,78.6,"('Brice Sensabaugh', 'Isaiah Collier')",0.6833333333333333,4,0,5,0,1,0,2,0,0,1,0,1.0,2.0,0.0,0.0,0.0,0.0,0.0,2.0,0.0,2.0,3.0,14
22500240,UTA,CHI,79.2,78.6,"('Brice Sensabaugh', 'Jusuf Nurkić')",0.6833333333333333,4,0,5,0,1,0,2,0,0,1,0,1.0,2.0,0.0,0.0,0.0,0.0,0.0,2.0,0.0,2.0,3.0,14
22500240,UTA,CHI,79.2,78.6,"('Brice Sensabaugh', 'Keyonte George')",0.6833333333333333,4,0,5,0,1,0,2,0,0,1,0,1.0,2.0,0.0,0.0,0.0,0.0,0.0,2.0,0.0,2.0,3.0,14
22500240,UTA,CHI,79.2,78.6,"('Brice Sensabaugh', 'Kyle Filipowski')",0.6833333333333333,4,0,5,0,1,0,2,0,0,1,0,1.0,2.0,0.0,0.0,0.0,0.0,0.0,2.0,0.0,2.0,3.0,14
22500240,UTA,CHI,79.2,78.6,"('Isaiah Collier', 'Jusuf Nurkić')",0.6833333333333333,4,0,5,0,1,0,2,0,0,1,0,1.0,2.0,0.0,0.0,0.0,0.0,0.0,2.0,0.0,2.0,3.0,14
22500240,UTA,CHI,79.2,78.6,"('Isaiah Collier', 'Keyonte George')",0.6833333333333333,4,0,5,0,1,0,2,0,0,1,0,1.0,2.0,0.0,0.0,0.0,0.0,0.0,2.0,0.0,2.0,3.0,14
22500240,UTA,CHI,79.2,78.6,"('Isaiah Collier', 'Kyle Filipowski')",0.6833333333333333,4,0,5,0,1,0,2,0,0,1,0,1.0,2.0,0.0,0.0,0.0,0.0,0.0,2.0,0.0,2.0,3.0,14
22500240,UTA,CHI,79.2,78.6,"('Jusuf Nurkić', 'Keyonte George')",0.6833333333333333,4,0,5,0,1,0,2,0,0,1,0,1.0,2.0,0.0,0.0,0.0,0.0,0.0,2.0,0.0,2.0,3.0,14
22500240,UTA,CHI,79.2,78.6,"('Jusuf Nurkić', 'Kyle Filipowski')",0.6833333333333333,4,0,5,0,1,0,2,0,0,1,0,1.0,2.0,0.0,0.0,0.0,0.0,0.0,2.0,0.0,2.0,3.0,14
22500240,UTA,CHI,79.2,78.6,"('Keyonte George', 'Kyle Filipowski')",0.6833333333333333,4,0,5,0,1,0,2,0,0,1,0,1.0,2.0,0.0,0.0,0.0,0.0,0.0,2.0,0.0,2.0,3.0,14
22500240,UTA,CHI,80.0,77.6,"('Brice Sensabaugh', 'Kevin Love')",1.2166666666666668,4,5,4,0,0,1,1,0,0,1,2,1.88,2.44,0.0,0.0,0.0,0.0,0.0,0.0,0.0,0.0,4.32,14
22500240,UTA,CHI,80.0,77.6,"('Brice Sensabaugh', 'Keyonte George')",1.2166666666666668,4,5,4,0,0,1,1,0,0,1,2,1.88,2.44,0.0,0.0,0.0,0.0,0.0,0.0,0.0,0.0,4.32,14
22500240,UTA,CHI,80.0,77.6,"('Brice Sensabaugh', 'Lauri Markkanen')",1.2166666666666668,4,5,4,0,0,1,1,0,0,1,2,1.88,2.44,0.0,0.0,0.0,0.0,0.0,0.0,0.0,0.0,4.32,14
22500240,UTA,CHI,80.0,77.6,"('Brice Sensabaugh', 'Svi Mykhailiuk')",1.2166666666666668,4,5,4,0,0,1,1,0,0,1,2,1.88,2.44,0.0,0.0,0.0,0.0,0.0,0.0,0.0,0.0,4.32,14
22500240,UTA,CHI,80.0,77.6,"('Kevin Love', 'Keyonte George')",1.2166666666666668,4,5,4,0,0,1,1,0,0,1,2,1.88,2.44,0.0,0.0,0.0,0.0,0.0,0.0,0.0,0.0,4.32,14
22500240,UTA,CHI,80.0,77.6,"('Kevin Love', 'Lauri Markkanen')",1.2166666666666668,4,5,4,0,0,1,1,0,0,1,2,1.88,2.44,0.0,0.0,0.0,0.0,0.0,0.0,0.0,0.0,4.32,14
22500240,UTA,CHI,80.0,77.6,"('Kevin Love', 'Svi Mykhailiuk')",1.2166666666666668,4,5,4,0,0,1,1,0,0,1,2,1.88,2.44,0.0,0.0,0.0,0.0,0.0,0.0,0.0,0.0,4.32,14
22500240,UTA,CHI,80.0,77.6,"('Keyonte George', 'Lauri Markkanen')",1.2166666666666668,4,5,4,0,0,1,1,0,0,1,2,1.88,2.44,0.0,0.0,0.0,0.0,0.0,0.0,0.0,0.0,4.32,14
22500240,UTA,CHI,80.0,77.6,"('Keyonte George', 'Svi Mykhailiuk')",1.2166666666666668,4,5,4,0,0,1,1,0,0,1,2,1.88,2.44,0.0,0.0,0.0,0.0,0.0,0.0,0.0,0.0,4.32,14
22500240,UTA,CHI,80.0,77.6,"('Lauri Markkanen', 'Svi Mykhailiuk')",1.2166666666666668,4,5,4,0,0,1,1,0,0,1,2,1.88,2.44,0.0,0.0,0.0,0.0,0.0,0.0,0.0,0.0,4.32,14
22500240,UTA,CHI,79.6,78.8,"('Brice Sensabaugh', 'Isaiah Collier')",3.635,4,11,11,3,1,2,3,0,0,1,1,7.0,7.32,2.0,0.0,0.0,2.0,0.0,0.0,0.0,2.0,14.32,14
22500240,UTA,CHI,79.6,78.8,"('Brice Sensabaugh', 'Jusuf Nurkić')",3.635,4,11,11,3,1,2,3,0,0,1,1,7.0,7.32,2.0,0.0,0.0,2.0,0.0,0.0,0.0,2.0,14.32,14
22500240,UTA,CHI,79.6,78.8,"('Brice Sensabaugh', 'Keyonte George')",3.635,4,11,11,3,1,2,3,0,0,1,1,7.0,7.32,2.0,0.0,0.0,2.0,0.0,0.0,0.0,2.0,14.32,14
22500240,UTA,CHI,79.6,78.8,"('Brice Sensabaugh', 'Lauri Markkanen')",3.635,4,11,11,3,1,2,3,0,0,1,1,7.0,7.32,2.0,0.0,0.0,2.0,0.0,0.0,0.0,2.0,14.32,14
22500240,UTA,CHI,79.6,78.8,"('Isaiah Collier', 'Jusuf Nurkić')",3.635,4,11,11,3,1,2,3,0,0,1,1,7.0,7.32,2.0,0.0,0.0,2.0,0.0,0.0,0.0,2.0,14.32,14
22500240,UTA,CHI,79.6,78.8,"('Isaiah Collier', 'Keyonte George')",3.635,4,11,11,3,1,2,3,0,0,1,1,7.0,7.32,2.0,0.0,0.0,2.0,0.0,0.0,0.0,2.0,14.32,14
22500240,UTA,CHI,79.6,78.8,"('Isaiah Collier', 'Lauri Markkanen')",3.635,4,11,11,3,1,2,3,0,0,1,1,7.0,7.32,2.0,0.0,0.0,2.0,0.0,0.0,0.0,2.0,14.32,14
22500240,UTA,CHI,79.6,78.8,"('Jusuf Nurkić', 'Keyonte George')",3.635,4,11,11,3,1,2,3,0,0,1,1,7.0,7.32,2.0,0.0,0.0,2.0,0.0,0.0,0.0,2.0,14.32,14
22500240,UTA,CHI,79.6,78.8,"('Jusuf Nurkić', 'Lauri Markkanen')",3.635,4,11,11,3,1,2,3,0,0,1,1,7.0,7.32,2.0,0.0,0.0,2.0,0.0,0.0,0.0,2.0,14.32,14
22500240,UTA,CHI,79.6,78.8,"('Keyonte George', 'Lauri Markkanen')",3.635,4,11,11,3,1,2,3,0,0,1,1,7.0,7.32,2.0,0.0,0.0,2.0,0.0,0.0,0.0,2.0,14.32,14
22500240,UTA,CHI,80.8,78.8,"('Ace Bailey', 'Jusuf Nurkić')",0.3166666666666666,3,0,1,0,0,0,0,0,0,1,0,0.0,0.44,0.0,0.0,0.0,0.0,0.0,0.0,0.0,0.0,0.44,14
22500240,UTA,CHI,80.8,78.8,"('Ace Bailey', 'Keyonte George')",0.3166666666666666,3,0,1,0,0,0,0,0,0,1,0,0.0,0.44,0.0,0.0,0.0,0.0,0.0,0.0,0.0,0.0,0.44,14
22500240,UTA,CHI,80.8,78.8,"('Ace Bailey', 'Lauri Markkanen')",0.3166666666666666,3,0,1,0,0,0,0,0,0,1,0,0.0,0.44,0.0,0.0,0.0,0.0,0.0,0.0,0.0,0.0,0.44,14
22500240,UTA,CHI,80.8,78.8,"('Ace Bailey', 'Svi Mykhailiuk')",0.3166666666666666,3,0,1,0,0,0,0,0,0,1,0,0.0,0.44,0.0,0.0,0.0,0.0,0.0,0.0,0.0,0.0,0.44,14
22500240,UTA,CHI,80.8,78.8,"('Jusuf Nurkić', 'Keyonte George')",0.3166666666666666,3,0,1,0,0,0,0,0,0,1,0,0.0,0.44,0.0,0.0,0.0,0.0,0.0,0.0,0.0,0.0,0.44,14
22500240,UTA,CHI,80.8,78.8,"('Jusuf Nurkić', 'Lauri Markkanen')",0.3166666666666666,3,0,1,0,0,0,0,0,0,1,0,0.0,0.44,0.0,0.0,0.0,0.0,0.0,0.0,0.0,0.0,0.44,14
22500240,UTA,CHI,80.8,78.8,"('Jusuf Nurkić', 'Svi Mykhailiuk')",0.3166666666666666,3,0,1,0,0,0,0,0,0,1,0,0.0,0.44,0.0,0.0,0.0,0.0,0.0,0.0,0.0,0.0,0.44,14
22500240,UTA,CHI,80.8,78.8,"('Keyonte George', 'Lauri Markkanen')",0.3166666666666666,3,0,1,0,0,0,0,0,0,1,0,0.0,0.44,0.0,0.0,0.0,0.0,0.0,0.0,0.0,0.0,0.44,14
22500240,UTA,CHI,80.8,78.8,"('Keyonte George', 'Svi Mykhailiuk')",0.3166666666666666,3,0,1,0,0,0,0,0,0,1,0,0.0,0.44,0.0,0.0,0.0,0.0,0.0,0.0,0.0,0.0,0.44,14
22500240,UTA,CHI,80.8,78.8,"('Lauri Markkanen', 'Svi Mykhailiuk')",0.3166666666666666,3,0,1,0,0,0,0,0,0,1,0,0.0,0.44,0.0,0.0,0.0,0.0,0.0,0.0,0.0,0.0,0.44,14
22500240,UTA,CHI,79.4,77.8,"('Cody Williams', 'Isaiah Collier')",2.85,3,11,6,3,0,2,2,0,1,1,1,5.88,5.44,2.0,2.0,2.0,6.0,0.0,0.0,0.0,2.0,11.32,14
22500240,UTA,CHI,79.4,77.8,"('Cody Williams', 'Kevin Love')",2.85,3,11,6,3,0,2,2,0,1,1,1,5.88,5.44,2.0,2.0,2.0,6.0,0.0,0.0,0.0,2.0,11.32,14
22500240,UTA,CHI,79.4,77.8,"('Cody Williams', 'Keyonte George')",2.85,3,11,6,3,0,2,2,0,1,1,1,5.88,5.44,2.0,2.0,2.0,6.0,0.0,0.0,0.0,2.0,11.32,14
22500240,UTA,CHI,79.4,77.8,"('Cody Williams', 'Kyle Filipowski')",2.85,3,11,6,3,0,2,2,0,1,1,1,5.88,5.44,2.0,2.0,2.0,6.0,0.0,0.0,0.0,2.0,11.32,14
22500240,UTA,CHI,79.4,77.8,"('Isaiah Collier', 'Kevin Love')",2.85,3,11,6,3,0,2,2,0,1,1,1,5.88,5.44,2.0,2.0,2.0,6.0,0.0,0.0,0.0,2.0,11.32,14
22500240,UTA,CHI,79.4,77.8,"('Isaiah Collier', 'Keyonte George')",2.85,3,11,6,3,0,2,2,0,1,1,1,5.88,5.44,2.0,2.0,2.0,6.0,0.0,0.0,0.0,2.0,11.32,14
22500240,UTA,CHI,79.4,77.8,"('Isaiah Collier', 'Kyle Filipowski')",2.85,3,11,6,3,0,2,2,0,1,1,1,5.88,5.44,2.0,2.0,2.0,6.0,0.0,0.0,0.0,2.0,11.32,14
22500240,UTA,CHI,79.4,77.8,"('Kevin Love', 'Keyonte George')",2.85,3,11,6,3,0,2,2,0,1,1,1,5.88,5.44,2.0,2.0,2.0,6.0,0.0,0.0,0.0,2.0,11.32,14
22500240,UTA,CHI,79.4,77.8,"('Kevin Love', 'Kyle Filipowski')",2.85,3,11,6,3,0,2,2,0,1,1,1,5.88,5.44,2.0,2.0,2.0,6.0,0.0,0.0,0.0,2.0,11.32,14
22500240,UTA,CHI,79.4,77.8,"('Keyonte George', 'Kyle Filipowski')",2.85,3,11,6,3,0,2,2,0,1,1,1,5.88,5.44,2.0,2.0,2.0,6.0,0.0,0.0,0.0,2.0,11.32,14
22500240,UTA,CHI,80.4,78.4,"('Cody Williams', 'Kevin Love')",0.9666666666666668,1,5,3,1,1,1,1,0,0,0,0,3.0,3.44,0.0,0.0,0.0,2.0,0.0,0.0,0.0,2.0,6.44,14
22500240,UTA,CHI,80.4,78.4,"('Cody Williams', 'Keyonte George')",0.9666666666666668,1,5,3,1,1,1,1,0,0,0,0,3.0,3.44,0.0,0.0,0.0,2.0,0.0,0.0,0.0,2.0,6.44,14
22500240,UTA,CHI,80.4,78.4,"('Cody Williams', 'Lauri Markkanen')",0.9666666666666668,1,5,3,1,1,1,1,0,0,0,0,3.0,3.44,0.0,0.0,0.0,2.0,0.0,0.0,0.0,2.0,6.44,14
22500240,UTA,CHI,80.4,78.4,"('Cody Williams', 'Svi Mykhailiuk')",0.9666666666666668,1,5,3,1,1,1,1,0,0,0,0,3.0,3.44,0.0,0.0,0.0,2.0,0.0,0.0,0.0,2.0,6.44,14
22500240,UTA,CHI,80.4,78.4,"('Kevin Love', 'Keyonte George')",0.9666666666666668,1,5,3,1,1,1,1,0,0,0,0,3.0,3.44,0.0,0.0,0.0,2.0,0.0,0.0,0.0,2.0,6.44,14
22500240,UTA,CHI,80.4,78.4,"('Kevin Love', 'Lauri Markkanen')",0.9666666666666668,1,5,3,1,1,1,1,0,0,0,0,3.0,3.44,0.0,0.0,0.0,2.0,0.0,0.0,0.0,2.0,6.44,14
22500240,UTA,CHI,80.4,78.4,"('Kevin Love', 'Svi Mykhailiuk')",0.9666666666666668,1,5,3,1,1,1,1,0,0,0,0,3.0,3.44,0.0,0.0,0.0,2.0,0.0,0.0,0.0,2.0,6.44,14
22500240,UTA,CHI,80.4,78.4,"('Keyonte George', 'Lauri Markkanen')",0.9666666666666668,1,5,3,1,1,1,1,0,0,0,0,3.0,3.44,0.0,0.0,0.0,2.0,0.0,0.0,0.0,2.0,6.44,14
22500240,UTA,CHI,80.4,78.4,"('Keyonte George', 'Svi Mykhailiuk')",0.9666666666666668,1,5,3,1,1,1,1,0,0,0,0,3.0,3.44,0.0,0.0,0.0,2.0,0.0,0.0,0.0,2.0,6.44,14
22500240,UTA,CHI,80.4,78.4,"('Lauri Markkanen', 'Svi Mykhailiuk')",0.9666666666666668,1,5,3,1,1,1,1,0,0,0,0,3.0,3.44,0.0,0.0,0.0,2.0,0.0,0.0,0.0,2.0,6.44,14
22500240,UTA,CHI,80.8,78.8,"('Ace Bailey', 'Jusuf Nurkić')",4.9,1,13,9,6,7,3,2,0,0,2,1,11.0,9.88,0.0,0.0,5.0,4.0,0.0,0.0,2.0,2.0,20.880000000000003,14
22500240,UTA,CHI,80.8,78.8,"('Ace Bailey', 'Keyonte George')",4.9,1,13,9,6,7,3,2,0,0,2,1,11.0,9.88,0.0,0.0,5.0,4.0,0.0,0.0,2.0,2.0,20.880000000000003,14
22500240,UTA,CHI,80.8,78.8,"('Ace Bailey', 'Lauri Markkanen')",4.9,1,13,9,6,7,3,2,0,0,2,1,11.0,9.88,0.0,0.0,5.0,4.0,0.0,0.0,2.0,2.0,20.880000000000003,14
22500240,UTA,CHI,80.8,78.8,"('Ace Bailey', 'Svi Mykhailiuk')",4.9,1,13,9,6,7,3,2,0,0,2,1,11.0,9.88,0.0,0.0,5.0,4.0,0.0,0.0,2.0,2.0,20.880000000000003,14
22500240,UTA,CHI,80.8,78.8,"('Jusuf Nurkić', 'Keyonte George')",4.9,1,13,9,6,7,3,2,0,0,2,1,11.0,9.88,0.0,0.0,5.0,4.0,0.0,0.0,2.0,2.0,20.880000000000003,14
22500240,UTA,CHI,80.8,78.8,"('Jusuf Nurkić', 'Lauri Markkanen')",4.9,1,13,9,6,7,3,2,0,0,2,1,11.0,9.88,0.0,0.0,5.0,4.0,0.0,0.0,2.0,2.0,20.880000000000003,14
22500240,UTA,CHI,80.8,78.8,"('Jusuf Nurkić', 'Svi Mykhailiuk')",4.9,1,13,9,6,7,3,2,0,0,2,1,11.0,9.88,0.0,0.0,5.0,4.0,0.0,0.0,2.0,2.0,20.880000000000003,14
22500240,UTA,CHI,80.8,78.8,"('Keyonte George', 'Lauri Markkanen')",4.9,1,13,9,6,7,3,2,0,0,2,1,11.0,9.88,0.0,0.0,5.0,4.0,0.0,0.0,2.0,2.0,20.880000000000003,14
22500240,UTA,CHI,80.8,78.8,"('Keyonte George', 'Svi Mykhailiuk')",4.9,1,13,9,6,7,3,2,0,0,2,1,11.0,9.88,0.0,0.0,5.0,4.0,0.0,0.0,2.0,2.0,20.880000000000003,14
22500240,UTA,CHI,80.8,78.8,"('Lauri Markkanen', 'Svi Mykhailiuk')",4.9,1,13,9,6,7,3,2,0,0,2,1,11.0,9.88,0.0,0.0,5.0,4.0,0.0,0.0,2.0,2.0,20.880000000000003,14
22500240,UTA,CHI,79.4,77.6,"('Cody Williams', 'Isaiah Collier')",2.5166666666666666,1,6,10,2,3,1,3,1,2,1,2,6.88,7.0,2.0,2.0,2.0,4.0,3.0,3.0,3.0,2.0,13.88,14
22500240,UTA,CHI,79.4,77.6,"('Cody Williams', 'Kevin Love')",2.5166666666666666,1,6,10,2,3,1,3,1,2,1,2,6.88,7.0,2.0,2.0,2.0,4.0,3.0,3.0,3.0,2.0,13.88,14
22500240,UTA,CHI,79.4,77.6,"('Cody Williams', 'Keyonte George')",2.5166666666666666,1,6,10,2,3,1,3,1,2,1,2,6.88,7.0,2.0,2.0,2.0,4.0,3.0,3.0,3.0,2.0,13.88,14
22500240,UTA,CHI,79.4,77.6,"('Cody Williams', 'Kyle Filipowski')",2.5166666666666666,1,6,10,2,3,1,3,1,2,1,2,6.88,7.0,2.0,2.0,2.0,4.0,3.0,3.0,3.0,2.0,13.88,14
22500240,UTA,CHI,79.4,77.6,"('Isaiah Collier', 'Kevin Love')",2.5166666666666666,1,6,10,2,3,1,3,1,2,1,2,6.88,7.0,2.0,2.0,2.0,4.0,3.0,3.0,3.0,2.0,13.88,14
22500240,UTA,CHI,79.4,77.6,"('Isaiah Collier', 'Keyonte George')",2.5166666666666666,1,6,10,2,3,1,3,1,2,1,2,6.88,7.0,2.0,2.0,2.0,4.0,3.0,3.0,3.0,2.0,13.88,14
22500240,UTA,CHI,79.4,77.6,"('Isaiah Collier', 'Kyle Filipowski')",2.5166666666666666,1,6,10,2,3,1,3,1,2,1,2,6.88,7.0,2.0,2.0,2.0,4.0,3.0,3.0,3.0,2.0,13.88,14
22500240,UTA,CHI,79.4,77.6,"('Kevin Love', 'Keyonte George')",2.5166666666666666,1,6,10,2,3,1,3,1,2,1,2,6.88,7.0,2.0,2.0,2.0,4.0,3.0,3.0,3.0,2.0,13.88,14
22500240,UTA,CHI,79.4,77.6,"('Kevin Love', 'Kyle Filipowski')",2.5166666666666666,1,6,10,2,3,1,3,1,2,1,2,6.88,7.0,2.0,2.0,2.0,4.0,3.0,3.0,3.0,2.0,13.88,14
22500240,UTA,CHI,79.4,77.6,"('Keyonte George', 'Kyle Filipowski')",2.5166666666666666,1,6,10,2,3,1,3,1,2,1,2,6.88,7.0,2.0,2.0,2.0,4.0,3.0,3.0,3.0,2.0,13.88,14
22500240,UTA,CHI,81.2,77.6,"('Cody Williams', 'Isaiah Collier')",2.4266666666666663,1,5,8,3,4,1,3,0,0,1,1,6.44,6.0,0.0,0.0,0.0,4.0,0.0,2.0,0.0,2.0,12.44,14
22500240,UTA,CHI,81.2,77.6,"('Cody Williams', 'Kevin Love')",2.4266666666666663,1,5,8,3,4,1,3,0,0,1,1,6.44,6.0,0.0,0.0,0.0,4.0,0.0,2.0,0.0,2.0,12.44,14
22500240,UTA,CHI,81.2,77.6,"('Cody Williams', 'Kyle Filipowski')",2.4266666666666663,1,5,8,3,4,1,3,0,0,1,1,6.44,6.0,0.0,0.0,0.0,4.0,0.0,2.0,0.0,2.0,12.44,14
22500240,UTA,CHI,81.2,77.6,"('Cody Williams', 'Lauri Markkanen')",2.4266666666666663,1,5,8,3,4,1,3,0,0,1,1,6.44,6.0,0.0,0.0,0.0,4.0,0.0,2.0,0.0,2.0,12.44,14
22500240,UTA,CHI,81.2,77.6,"('Isaiah Collier', 'Kevin Love')",2.4266666666666663,1,5,8,3,4,1,3,0,0,1,1,6.44,6.0,0.0,0.0,0.0,4.0,0.0,2.0,0.0,2.0,12.44,14
22500240,UTA,CHI,81.2,77.6,"('Isaiah Collier', 'Kyle Filipowski')",2.4266666666666663,1,5,8,3,4,1,3,0,0,1,1,6.44,6.0,0.0,0.0,0.0,4.0,0.0,2.0,0.0,2.0,12.44,14
22500240,UTA,CHI,81.2,77.6,"('Isaiah Collier', 'Lauri Markkanen')",2.4266666666666663,1,5,8,3,4,1,3,0,0,1,1,6.44,6.0,0.0,0.0,0.0,4.0,0.0,2.0,0.0,2.0,12.44,14
22500240,UTA,CHI,81.2,77.6,"('Kevin Love', 'Kyle Filipowski')",2.4266666666666663,1,5,8,3,4,1,3,0,0,1,1,6.44,6.0,0.0,0.0,0.0,4.0,0.0,2.0,0.0,2.0,12.44,14
22500240,UTA,CHI,81.2,77.6,"('Kevin Love', 'Lauri Markkanen')",2.4266666666666663,1,5,8,3,4,1,3,0,0,1,1,6.44,6.0,0.0,0.0,0.0,4.0,0.0,2.0,0.0,2.0,12.44,14
22500240,UTA,CHI,81.2,77.6,"('Kyle Filipowski', 'Lauri Markkanen')",2.4266666666666663,1,5,8,3,4,1,3,0,0,1,1,6.44,6.0,0.0,0.0,0.0,4.0,0.0,2.0,0.0,2.0,12.44,14
22500240,UTA,CHI,80.2,78.6,"('Brice Sensabaugh', 'Isaiah Collier')",2.716666666666667,2,7,7,3,4,3,2,2,2,0,0,7.0,8.0,0.0,0.0,0.0,4.0,5.0,0.0,4.0,4.0,15.0,14
22500240,UTA,CHI,80.2,78.6,"('Brice Sensabaugh', 'Jusuf Nurkić')",2.716666666666667,2,7,7,3,4,3,2,2,2,0,0,7.0,8.0,0.0,0.0,0.0,4.0,5.0,0.0,4.0,4.0,15.0,14
22500240,UTA,CHI,80.2,78.6,"('Brice Sensabaugh', 'Lauri Markkanen')",2.716666666666667,2,7,7,3,4,3,2,2,2,0,0,7.0,8.0,0.0,0.0,0.0,4.0,5.0,0.0,4.0,4.0,15.0,14
22500240,UTA,CHI,80.2,78.6,"('Brice Sensabaugh', 'Svi Mykhailiuk')",2.716666666666667,2,7,7,3,4,3,2,2,2,0,0,7.0,8.0,0.0,0.0,0.0,4.0,5.0,0.0,4.0,4.0,15.0,14
22500240,UTA,CHI,80.2,78.6,"('Isaiah Collier', 'Jusuf Nurkić')",2.716666666666667,2,7,7,3,4,3,2,2,2,0,0,7.0,8.0,0.0,0.0,0.0,4.0,5.0,0.0,4.0,4.0,15.0,14
22500240,UTA,CHI,80.2,78.6,"('Isaiah Collier', 'Lauri Markkanen')",2.716666666666667,2,7,7,3,4,3,2,2,2,0,0,7.0,8.0,0.0,0.0,0.0,4.0,5.0,0.0,4.0,4.0,15.0,14
22500240,UTA,CHI,80.2,78.6,"('Isaiah Collier', 'Svi Mykhailiuk')",2.716666666666667,2,7,7,3,4,3,2,2,2,0,0,7.0,8.0,0.0,0.0,0.0,4.0,5.0,0.0,4.0,4.0,15.0,14
22500240,UTA,CHI,80.2,78.6,"('Jusuf Nurkić', 'Lauri Markkanen')",2.716666666666667,2,7,7,3,4,3,2,2,2,0,0,7.0,8.0,0.0,0.0,0.0,4.0,5.0,0.0,4.0,4.0,15.0,14
22500240,UTA,CHI,80.2,78.6,"('Jusuf Nurkić', 'Svi Mykhailiuk')",2.716666666666667,2,7,7,3,4,3,2,2,2,0,0,7.0,8.0,0.0,0.0,0.0,4.0,5.0,0.0,4.0,4.0,15.0,14
22500240,UTA,CHI,80.2,78.6,"('Lauri Markkanen', 'Svi Mykhailiuk')",2.716666666666667,2,7,7,3,4,3,2,2,2,0,0,7.0,8.0,0.0,0.0,0.0,4.0,5.0,0.0,4.0,4.0,15.0,14
22500240,UTA,CHI,81.0,77.6,"('Ace Bailey', 'Cody Williams')",0.595,1,4,3,0,1,0,0,0,1,1,1,2.88,2.44,2.0,2.0,0.0,2.0,0.0,0.0,0.0,2.0,5.32,14
22500240,UTA,CHI,81.0,77.6,"('Ace Bailey', 'Isaiah Collier')",0.595,1,4,3,0,1,0,0,0,1,1,1,2.88,2.44,2.0,2.0,0.0,2.0,0.0,0.0,0.0,2.0,5.32,14
22500240,UTA,CHI,81.0,77.6,"('Ace Bailey', 'Kyle Filipowski')",0.595,1,4,3,0,1,0,0,0,1,1,1,2.88,2.44,2.0,2.0,0.0,2.0,0.0,0.0,0.0,2.0,5.32,14
22500240,UTA,CHI,81.0,77.6,"('Ace Bailey', 'Lauri Markkanen')",0.595,1,4,3,0,1,0,0,0,1,1,1,2.88,2.44,2.0,2.0,0.0,2.0,0.0,0.0,0.0,2.0,5.32,14
22500240,UTA,CHI,81.0,77.6,"('Cody Williams', 'Isaiah Collier')",0.595,1,4,3,0,1,0,0,0,1,1,1,2.88,2.44,2.0,2.0,0.0,2.0,0.0,0.0,0.0,2.0,5.32,14
22500240,UTA,CHI,81.0,77.6,"('Cody Williams', 'Kyle Filipowski')",0.595,1,4,3,0,1,0,0,0,1,1,1,2.88,2.44,2.0,2.0,0.0,2.0,0.0,0.0,0.0,2.0,5.32,14
22500240,UTA,CHI,81.0,77.6,"('Cody Williams', 'Lauri Markkanen')",0.595,1,4,3,0,1,0,0,0,1,1,1,2.88,2.44,2.0,2.0,0.0,2.0,0.0,0.0,0.0,2.0,5.32,14
22500240,UTA,CHI,81.0,77.6,"('Isaiah Collier', 'Kyle Filipowski')",0.595,1,4,3,0,1,0,0,0,1,1,1,2.88,2.44,2.0,2.0,0.0,2.0,0.0,0.0,0.0,2.0,5.32,14
22500240,UTA,CHI,81.0,77.6,"('Isaiah Collier', 'Lauri Markkanen')",0.595,1,4,3,0,1,0,0,0,1,1,1,2.88,2.44,2.0,2.0,0.0,2.0,0.0,0.0,0.0,2.0,5.32,14
22500240,UTA,CHI,81.0,77.6,"('Kyle Filipowski', 'Lauri Markkanen')",0.595,1,4,3,0,1,0,0,0,1,1,1,2.88,2.44,2.0,2.0,0.0,2.0,0.0,0.0,0.0,2.0,5.32,14
22500240,UTA,CHI,80.6,78.6,"('Ace Bailey', 'Brice Sensabaugh')",0.65,2,1,1,0,2,0,0,0,1,1,1,1.44,1.44,0.0,0.0,0.0,0.0,0.0,0.0,0.0,0.0,2.88,14
22500240,UTA,CHI,80.6,78.6,"('Ace Bailey', 'Isaiah Collier')",0.65,2,1,1,0,2,0,0,0,1,1,1,1.44,1.44,0.0,0.0,0.0,0.0,0.0,0.0,0.0,0.0,2.88,14
22500240,UTA,CHI,80.6,78.6,"('Ace Bailey', 'Jusuf Nurkić')",0.65,2,1,1,0,2,0,0,0,1,1,1,1.44,1.44,0.0,0.0,0.0,0.0,0.0,0.0,0.0,0.0,2.88,14
22500240,UTA,CHI,80.6,78.6,"('Ace Bailey', 'Lauri Markkanen')",0.65,2,1,1,0,2,0,0,0,1,1,1,1.44,1.44,0.0,0.0,0.0,0.0,0.0,0.0,0.0,0.0,2.88,14
22500240,UTA,CHI,80.6,78.6,"('Brice Sensabaugh', 'Isaiah Collier')",0.65,2,1,1,0,2,0,0,0,1,1,1,1.44,1.44,0.0,0.0,0.0,0.0,0.0,0.0,0.0,0.0,2.88,14
22500240,UTA,CHI,80.6,78.6,"('Brice Sensabaugh', 'Jusuf Nurkić')",0.65,2,1,1,0,2,0,0,0,1,1,1,1.44,1.44,0.0,0.0,0.0,0.0,0.0,0.0,0.0,0.0,2.88,14
22500240,UTA,CHI,80.6,78.6,"('Brice Sensabaugh', 'Lauri Markkanen')",0.65,2,1,1,0,2,0,0,0,1,1,1,1.44,1.44,0.0,0.0,0.0,0.0,0.0,0.0,0.0,0.0,2.88,14
22500240,UTA,CHI,80.6,78.6,"('Isaiah Collier', 'Jusuf Nurkić')",0.65,2,1,1,0,2,0,0,0,1,1,1,1.44,1.44,0.0,0.0,0.0,0.0,0.0,0.0,0.0,0.0,2.88,14
22500240,UTA,CHI,80.6,78.6,"('Isaiah Collier', 'Lauri Markkanen')",0.65,2,1,1,0,2,0,0,0,1,1,1,1.44,1.44,0.0,0.0,0.0,0.0,0.0,0.0,0.0,0.0,2.88,14
22500240,UTA,CHI,80.6,78.6,"('Jusuf Nurkić', 'Lauri Markkanen')",0.65,2,1,1,0,2,0,0,0,1,1,1,1.44,1.44,0.0,0.0,0.0,0.0,0.0,0.0,0.0,0.0,2.88,14
22500253,UTA,LAL,79.8,78.2,"('Ace Bailey', 'Cody Williams')",0.4666666666666667,2,0,3,0,0,0,1,1,0,0,0,1.0,1.44,0.0,0.0,0.0,0.0,2.0,2.0,0.0,2.0,2.44,15
22500253,UTA,LAL,79.8,78.2,"('Ace Bailey', 'Isaiah Collier')",0.4666666666666667,2,0,3,0,0,0,1,1,0,0,0,1.0,1.44,0.0,0.0,0.0,0.0,2.0,2.0,0.0,2.0,2.44,15
22500253,UTA,LAL,79.8,78.2,"('Ace Bailey', 'Kevin Love')",0.4666666666666667,2,0,3,0,0,0,1,1,0,0,0,1.0,1.44,0.0,0.0,0.0,0.0,2.0,2.0,0.0,2.0,2.44,15
22500253,UTA,LAL,79.8,78.2,"('Ace Bailey', 'Kyle Anderson')",0.4666666666666667,2,0,3,0,0,0,1,1,0,0,0,1.0,1.44,0.0,0.0,0.0,0.0,2.0,2.0,0.0,2.0,2.44,15
22500253,UTA,LAL,79.8,78.2,"('Cody Williams', 'Isaiah Collier')",0.4666666666666667,2,0,3,0,0,0,1,1,0,0,0,1.0,1.44,0.0,0.0,0.0,0.0,2.0,2.0,0.0,2.0,2.44,15
22500253,UTA,LAL,79.8,78.2,"('Cody Williams', 'Kevin Love')",0.4666666666666667,2,0,3,0,0,0,1,1,0,0,0,1.0,1.44,0.0,0.0,0.0,0.0,2.0,2.0,0.0,2.0,2.44,15
22500253,UTA,LAL,79.8,78.2,"('Cody Williams', 'Kyle Anderson')",0.4666666666666667,2,0,3,0,0,0,1,1,0,0,0,1.0,1.44,0.0,0.0,0.0,0.0,2.0,2.0,0.0,2.0,2.44,15
22500253,UTA,LAL,79.8,78.2,"('Isaiah Collier', 'Kevin Love')",0.4666666666666667,2,0,3,0,0,0,1,1,0,0,0,1.0,1.44,0.0,0.0,0.0,0.0,2.0,2.0,0.0,2.0,2.44,15
22500253,UTA,LAL,79.8,78.2,"('Isaiah Collier', 'Kyle Anderson')",0.4666666666666667,2,0,3,0,0,0,1,1,0,0,0,1.0,1.44,0.0,0.0,0.0,0.0,2.0,2.0,0.0,2.0,2.44,15
22500253,UTA,LAL,79.8,78.2,"('Kevin Love', 'Kyle Anderson')",0.4666666666666667,2,0,3,0,0,0,1,1,0,0,0,1.0,1.44,0.0,0.0,0.0,0.0,2.0,2.0,0.0,2.0,2.44,15
22500253,UTA,LAL,79.8,80.4,"('Isaiah Collier', 'Jusuf Nurkić')",0.4166666666666666,2,0,4,0,0,0,1,1,0,1,0,1.0,2.44,0.0,0.0,0.0,0.0,3.0,0.0,0.0,0.0,3.44,15
22500253,UTA,LAL,79.8,80.4,"('Isaiah Collier', 'Keyonte George')",0.4166666666666666,2,0,4,0,0,0,1,1,0,1,0,1.0,2.44,0.0,0.0,0.0,0.0,3.0,0.0,0.0,0.0,3.44,15
22500253,UTA,LAL,79.8,80.4,"('Isaiah Collier', 'Lauri Markkanen')",0.4166666666666666,2,0,4,0,0,0,1,1,0,1,0,1.0,2.44,0.0,0.0,0.0,0.0,3.0,0.0,0.0,0.0,3.44,15
22500253,UTA,LAL,79.8,80.4,"('Isaiah Collier', 'Svi Mykhailiuk')",0.4166666666666666,2,0,4,0,0,0,1,1,0,1,0,1.0,2.44,0.0,0.0,0.0,0.0,3.0,0.0,0.0,0.0,3.44,15
22500253,UTA,LAL,79.8,80.4,"('Jusuf Nurkić', 'Keyonte George')",0.4166666666666666,2,0,4,0,0,0,1,1,0,1,0,1.0,2.44,0.0,0.0,0.0,0.0,3.0,0.0,0.0,0.0,3.44,15
22500253,UTA,LAL,79.8,80.4,"('Jusuf Nurkić', 'Lauri Markkanen')",0.4166666666666666,2,0,4,0,0,0,1,1,0,1,0,1.0,2.44,0.0,0.0,0.0,0.0,3.0,0.0,0.0,0.0,3.44,15
22500253,UTA,LAL,79.8,80.4,"('Jusuf Nurkić', 'Svi Mykhailiuk')",0.4166666666666666,2,0,4,0,0,0,1,1,0,1,0,1.0,2.44,0.0,0.0,0.0,0.0,3.0,0.0,0.0,0.0,3.44,15
22500253,UTA,LAL,79.8,80.4,"('Keyonte George', 'Lauri Markkanen')",0.4166666666666666,2,0,4,0,0,0,1,1,0,1,0,1.0,2.44,0.0,0.0,0.0,0.0,3.0,0.0,0.0,0.0,3.44,15
22500253,UTA,LAL,79.8,80.4,"('Keyonte George', 'Svi Mykhailiuk')",0.4166666666666666,2,0,4,0,0,0,1,1,0,1,0,1.0,2.44,0.0,0.0,0.0,0.0,3.0,0.0,0.0,0.0,3.44,15
22500253,UTA,LAL,79.8,80.4,"('Lauri Markkanen', 'Svi Mykhailiuk')",0.4166666666666666,2,0,4,0,0,0,1,1,0,1,0,1.0,2.44,0.0,0.0,0.0,0.0,3.0,0.0,0.0,0.0,3.44,15
22500253,UTA,LAL,80.4,80.0,"('Kevin Love', 'Keyonte George')",0.9666666666666668,2,2,3,0,1,1,0,0,0,0,1,2.0,1.0,0.0,0.0,0.0,2.0,0.0,0.0,3.0,0.0,3.0,15
22500253,UTA,LAL,80.4,80.0,"('Kevin Love', 'Kyle Anderson')",0.9666666666666668,2,2,3,0,1,1,0,0,0,0,1,2.0,1.0,0.0,0.0,0.0,2.0,0.0,0.0,3.0,0.0,3.0,15
22500253,UTA,LAL,80.4,80.0,"('Kevin Love', 'Lauri Markkanen')",0.9666666666666668,2,2,3,0,1,1,0,0,0,0,1,2.0,1.0,0.0,0.0,0.0,2.0,0.0,0.0,3.0,0.0,3.0,15
22500253,UTA,LAL,80.4,80.0,"('Kevin Love', 'Svi Mykhailiuk')",0.9666666666666668,2,2,3,0,1,1,0,0,0,0,1,2.0,1.0,0.0,0.0,0.0,2.0,0.0,0.0,3.0,0.0,3.0,15
22500253,UTA,LAL,80.4,80.0,"('Keyonte George', 'Kyle Anderson')",0.9666666666666668,2,2,3,0,1,1,0,0,0,0,1,2.0,1.0,0.0,0.0,0.0,2.0,0.0,0.0,3.0,0.0,3.0,15
22500253,UTA,LAL,80.4,80.0,"('Keyonte George', 'Lauri Markkanen')",0.9666666666666668,2,2,3,0,1,1,0,0,0,0,1,2.0,1.0,0.0,0.0,0.0,2.0,0.0,0.0,3.0,0.0,3.0,15
22500253,UTA,LAL,80.4,80.0,"('Keyonte George', 'Svi Mykhailiuk')",0.9666666666666668,2,2,3,0,1,1,0,0,0,0,1,2.0,1.0,0.0,0.0,0.0,2.0,0.0,0.0,3.0,0.0,3.0,15
22500253,UTA,LAL,80.4,80.0,"('Kyle Anderson', 'Lauri Markkanen')",0.9666666666666668,2,2,3,0,1,1,0,0,0,0,1,2.0,1.0,0.0,0.0,0.0,2.0,0.0,0.0,3.0,0.0,3.0,15
22500253,UTA,LAL,80.4,80.0,"('Kyle Anderson', 'Svi Mykhailiuk')",0.9666666666666668,2,2,3,0,1,1,0,0,0,0,1,2.0,1.0,0.0,0.0,0.0,2.0,0.0,0.0,3.0,0.0,3.0,15
22500253,UTA,LAL,80.4,80.0,"('Lauri Markkanen', 'Svi Mykhailiuk')",0.9666666666666668,2,2,3,0,1,1,0,0,0,0,1,2.0,1.0,0.0,0.0,0.0,2.0,0.0,0.0,3.0,0.0,3.0,15
22500253,UTA,LAL,80.4,79.0,"('Brice Sensabaugh', 'Cody Williams')",2.3,2,3,4,2,3,1,1,1,1,2,1,5.44,5.0,0.0,0.0,0.0,2.0,2.0,0.0,2.0,4.0,10.44,15
22500253,UTA,LAL,80.4,79.0,"('Brice Sensabaugh', 'Isaiah Collier')",2.3,2,3,4,2,3,1,1,1,1,2,1,5.44,5.0,0.0,0.0,0.0,2.0,2.0,0.0,2.0,4.0,10.44,15
22500253,UTA,LAL,80.4,79.0,"('Brice Sensabaugh', 'Jusuf Nurkić')",2.3,2,3,4,2,3,1,1,1,1,2,1,5.44,5.0,0.0,0.0,0.0,2.0,2.0,0.0,2.0,4.0,10.44,15
22500253,UTA,LAL,80.4,79.0,"('Brice Sensabaugh', 'Lauri Markkanen')",2.3,2,3,4,2,3,1,1,1,1,2,1,5.44,5.0,0.0,0.0,0.0,2.0,2.0,0.0,2.0,4.0,10.44,15
22500253,UTA,LAL,80.4,79.0,"('Cody Williams', 'Isaiah Collier')",2.3,2,3,4,2,3,1,1,1,1,2,1,5.44,5.0,0.0,0.0,0.0,2.0,2.0,0.0,2.0,4.0,10.44,15
22500253,UTA,LAL,80.4,79.0,"('Cody Williams', 'Jusuf Nurkić')",2.3,2,3,4,2,3,1,1,1,1,2,1,5.44,5.0,0.0,0.0,0.0,2.0,2.0,0.0,2.0,4.0,10.44,15
22500253,UTA,LAL,80.4,79.0,"('Cody Williams', 'Lauri Markkanen')",2.3,2,3,4,2,3,1,1,1,1,2,1,5.44,5.0,0.0,0.0,0.0,2.0,2.0,0.0,2.0,4.0,10.44,15
22500253,UTA,LAL,80.4,79.0,"('Isaiah Collier', 'Jusuf Nurkić')",2.3,2,3,4,2,3,1,1,1,1,2,1,5.44,5.0,0.0,0.0,0.0,2.0,2.0,0.0,2.0,4.0,10.44,15
22500253,UTA,LAL,80.4,79.0,"('Isaiah Collier', 'Lauri Markkanen')",2.3,2,3,4,2,3,1,1,1,1,2,1,5.44,5.0,0.0,0.0,0.0,2.0,2.0,0.0,2.0,4.0,10.44,15
22500253,UTA,LAL,80.4,79.0,"('Jusuf Nurkić', 'Lauri Markkanen')",2.3,2,3,4,2,3,1,1,1,1,2,1,5.44,5.0,0.0,0.0,0.0,2.0,2.0,0.0,2.0,4.0,10.44,15
22500253,UTA,LAL,79.8,79.4,"('Ace Bailey', 'Cody Williams')",2.3833333333333333,2,10,7,1,1,2,3,0,0,0,0,5.0,5.0,3.0,0.0,0.0,2.0,0.0,0.0,0.0,4.0,10.0,15
22500253,UTA,LAL,79.8,79.4,"('Ace Bailey', 'Kevin Love')",2.3833333333333333,2,10,7,1,1,2,3,0,0,0,0,5.0,5.0,3.0,0.0,0.0,2.0,0.0,0.0,0.0,4.0,10.0,15
22500253,UTA,LAL,79.8,79.4,"('Ace Bailey', 'Keyonte George')",2.3833333333333333,2,10,7,1,1,2,3,0,0,0,0,5.0,5.0,3.0,0.0,0.0,2.0,0.0,0.0,0.0,4.0,10.0,15
22500253,UTA,LAL,79.8,79.4,"('Ace Bailey', 'Kyle Anderson')",2.3833333333333333,2,10,7,1,1,2,3,0,0,0,0,5.0,5.0,3.0,0.0,0.0,2.0,0.0,0.0,0.0,4.0,10.0,15
22500253,UTA,LAL,79.8,79.4,"('Cody Williams', 'Kevin Love')",2.3833333333333333,2,10,7,1,1,2,3,0,0,0,0,5.0,5.0,3.0,0.0,0.0,2.0,0.0,0.0,0.0,4.0,10.0,15
22500253,UTA,LAL,79.8,79.4,"('Cody Williams', 'Keyonte George')",2.3833333333333333,2,10,7,1,1,2,3,0,0,0,0,5.0,5.0,3.0,0.0,0.0,2.0,0.0,0.0,0.0,4.0,10.0,15
22500253,UTA,LAL,79.8,79.4,"('Cody Williams', 'Kyle Anderson')",2.3833333333333333,2,10,7,1,1,2,3,0,0,0,0,5.0,5.0,3.0,0.0,0.0,2.0,0.0,0.0,0.0,4.0,10.0,15
22500253,UTA,LAL,79.8,79.4,"('Kevin Love', 'Keyonte George')",2.3833333333333333,2,10,7,1,1,2,3,0,0,0,0,5.0,5.0,3.0,0.0,0.0,2.0,0.0,0.0,0.0,4.0,10.0,15
22500253,UTA,LAL,79.8,79.4,"('Kevin Love', 'Kyle Anderson')",2.3833333333333333,2,10,7,1,1,2,3,0,0,0,0,5.0,5.0,3.0,0.0,0.0,2.0,0.0,0.0,0.0,4.0,10.0,15
22500253,UTA,LAL,79.8,79.4,"('Keyonte George', 'Kyle Anderson')",2.3833333333333333,2,10,7,1,1,2,3,0,0,0,0,5.0,5.0,3.0,0.0,0.0,2.0,0.0,0.0,0.0,4.0,10.0,15
22500253,UTA,LAL,80.6,80.0,"('Jusuf Nurkić', 'Keyonte George')",2.2333333333333334,2,8,7,3,2,2,0,1,0,3,0,6.44,6.32,0.0,0.0,0.0,4.0,0.0,0.0,0.0,4.0,12.760000000000002,15
22500253,UTA,LAL,80.6,80.0,"('Jusuf Nurkić', 'Kyle Anderson')",2.2333333333333334,2,8,7,3,2,2,0,1,0,3,0,6.44,6.32,0.0,0.0,0.0,4.0,0.0,0.0,0.0,4.0,12.760000000000002,15
22500253,UTA,LAL,80.6,80.0,"('Jusuf Nurkić', 'Lauri Markkanen')",2.2333333333333334,2,8,7,3,2,2,0,1,0,3,0,6.44,6.32,0.0,0.0,0.0,4.0,0.0,0.0,0.0,4.0,12.760000000000002,15
22500253,UTA,LAL,80.6,80.0,"('Jusuf Nurkić', 'Svi Mykhailiuk')",2.2333333333333334,2,8,7,3,2,2,0,1,0,3,0,6.44,6.32,0.0,0.0,0.0,4.0,0.0,0.0,0.0,4.0,12.760000000000002,15
22500253,UTA,LAL,80.6,80.0,"('Keyonte George', 'Kyle Anderson')",2.2333333333333334,2,8,7,3,2,2,0,1,0,3,0,6.44,6.32,0.0,0.0,0.0,4.0,0.0,0.0,0.0,4.0,12.760000000000002,15
22500253,UTA,LAL,80.6,80.0,"('Keyonte George', 'Lauri Markkanen')",2.2333333333333334,2,8,7,3,2,2,0,1,0,3,0,6.44,6.32,0.0,0.0,0.0,4.0,0.0,0.0,0.0,4.0,12.760000000000002,15
22500253,UTA,LAL,80.6,80.0,"('Keyonte George', 'Svi Mykhailiuk')",2.2333333333333334,2,8,7,3,2,2,0,1,0,3,0,6.44,6.32,0.0,0.0,0.0,4.0,0.0,0.0,0.0,4.0,12.760000000000002,15
22500253,UTA,LAL,80.6,80.0,"('Kyle Anderson', 'Lauri Markkanen')",2.2333333333333334,2,8,7,3,2,2,0,1,0,3,0,6.44,6.32,0.0,0.0,0.0,4.0,0.0,0.0,0.0,4.0,12.760000000000002,15
22500253,UTA,LAL,80.6,80.0,"('Kyle Anderson', 'Svi Mykhailiuk')",2.2333333333333334,2,8,7,3,2,2,0,1,0,3,0,6.44,6.32,0.0,0.0,0.0,4.0,0.0,0.0,0.0,4.0,12.760000000000002,15
22500253,UTA,LAL,80.6,80.0,"('Lauri Markkanen', 'Svi Mykhailiuk')",2.2333333333333334,2,8,7,3,2,2,0,1,0,3,0,6.44,6.32,0.0,0.0,0.0,4.0,0.0,0.0,0.0,4.0,12.760000000000002,15
22500253,UTA,LAL,81.0,78.2,"('Ace Bailey', 'Cody Williams')",0.4666666666666667,2,2,2,1,1,1,1,0,0,1,0,2.0,2.0,2.0,0.0,0.0,2.0,0.0,0.0,0.0,2.0,4.0,15
22500253,UTA,LAL,81.0,78.2,"('Ace Bailey', 'Isaiah Collier')",0.4666666666666667,2,2,2,1,1,1,1,0,0,1,0,2.0,2.0,2.0,0.0,0.0,2.0,0.0,0.0,0.0,2.0,4.0,15
22500253,UTA,LAL,81.0,78.2,"('Ace Bailey', 'Jusuf Nurkić')",0.4666666666666667,2,2,2,1,1,1,1,0,0,1,0,2.0,2.0,2.0,0.0,0.0,2.0,0.0,0.0,0.0,2.0,4.0,15
22500253,UTA,LAL,81.0,78.2,"('Ace Bailey', 'Lauri Markkanen')",0.4666666666666667,2,2,2,1,1,1,1,0,0,1,0,2.0,2.0,2.0,0.0,0.0,2.0,0.0,0.0,0.0,2.0,4.0,15
22500253,UTA,LAL,81.0,78.2,"('Cody Williams', 'Isaiah Collier')",0.4666666666666667,2,2,2,1,1,1,1,0,0,1,0,2.0,2.0,2.0,0.0,0.0,2.0,0.0,0.0,0.0,2.0,4.0,15
22500253,UTA,LAL,81.0,78.2,"('Cody Williams', 'Jusuf Nurkić')",0.4666666666666667,2,2,2,1,1,1,1,0,0,1,0,2.0,2.0,2.0,0.0,0.0,2.0,0.0,0.0,0.0,2.0,4.0,15
22500253,UTA,LAL,81.0,78.2,"('Cody Williams', 'Lauri Markkanen')",0.4666666666666667,2,2,2,1,1,1,1,0,0,1,0,2.0,2.0,2.0,0.0,0.0,2.0,0.0,0.0,0.0,2.0,4.0,15
22500253,UTA,LAL,81.0,78.2,"('Isaiah Collier', 'Jusuf Nurkić')",0.4666666666666667,2,2,2,1,1,1,1,0,0,1,0,2.0,2.0,2.0,0.0,0.0,2.0,0.0,0.0,0.0,2.0,4.0,15
22500253,UTA,LAL,81.0,78.2,"('Isaiah Collier', 'Lauri Markkanen')",0.4666666666666667,2,2,2,1,1,1,1,0,0,1,0,2.0,2.0,2.0,0.0,0.0,2.0,0.0,0.0,0.0,2.0,4.0,15
22500253,UTA,LAL,81.0,78.2,"('Jusuf Nurkić', 'Lauri Markkanen')",0.4666666666666667,2,2,2,1,1,1,1,0,0,1,0,2.0,2.0,2.0,0.0,0.0,2.0,0.0,0.0,0.0,2.0,4.0,15
22500253,UTA,LAL,80.8,80.4,"('Ace Bailey', 'Jusuf Nurkić')",4.366666666666667,3,13,14,2,1,4,3,2,2,1,1,9.0,10.88,2.0,4.0,0.0,10.0,2.0,2.0,0.0,12.0,19.880000000000003,15
22500253,UTA,LAL,80.8,80.4,"('Ace Bailey', 'Keyonte George')",4.366666666666667,3,13,14,2,1,4,3,2,2,1,1,9.0,10.88,2.0,4.0,0.0,10.0,2.0,2.0,0.0,12.0,19.880000000000003,15
22500253,UTA,LAL,80.8,80.4,"('Ace Bailey', 'Lauri Markkanen')",4.366666666666667,3,13,14,2,1,4,3,2,2,1,1,9.0,10.88,2.0,4.0,0.0,10.0,2.0,2.0,0.0,12.0,19.880000000000003,15
22500253,UTA,LAL,80.8,80.4,"('Ace Bailey', 'Svi Mykhailiuk')",4.366666666666667,3,13,14,2,1,4,3,2,2,1,1,9.0,10.88,2.0,4.0,0.0,10.0,2.0,2.0,0.0,12.0,19.880000000000003,15
22500253,UTA,LAL,80.8,80.4,"('Jusuf Nurkić', 'Keyonte George')",4.366666666666667,3,13,14,2,1,4,3,2,2,1,1,9.0,10.88,2.0,4.0,0.0,10.0,2.0,2.0,0.0,12.0,19.880000000000003,15
22500253,UTA,LAL,80.8,80.4,"('Jusuf Nurkić', 'Lauri Markkanen')",4.366666666666667,3,13,14,2,1,4,3,2,2,1,1,9.0,10.88,2.0,4.0,0.0,10.0,2.0,2.0,0.0,12.0,19.880000000000003,15
22500253,UTA,LAL,80.8,80.4,"('Jusuf Nurkić', 'Svi Mykhailiuk')",4.366666666666667,3,13,14,2,1,4,3,2,2,1,1,9.0,10.88,2.0,4.0,0.0,10.0,2.0,2.0,0.0,12.0,19.880000000000003,15
22500253,UTA,LAL,80.8,80.4,"('Keyonte George', 'Lauri Markkanen')",4.366666666666667,3,13,14,2,1,4,3,2,2,1,1,9.0,10.88,2.0,4.0,0.0,10.0,2.0,2.0,0.0,12.0,19.880000000000003,15
22500253,UTA,LAL,80.8,80.4,"('Keyonte George', 'Svi Mykhailiuk')",4.366666666666667,3,13,14,2,1,4,3,2,2,1,1,9.0,10.88,2.0,4.0,0.0,10.0,2.0,2.0,0.0,12.0,19.880000000000003,15
22500253,UTA,LAL,80.8,80.4,"('Lauri Markkanen', 'Svi Mykhailiuk')",4.366666666666667,3,13,14,2,1,4,3,2,2,1,1,9.0,10.88,2.0,4.0,0.0,10.0,2.0,2.0,0.0,12.0,19.880000000000003,15
22500253,UTA,LAL,80.8,79.6,"('Brice Sensabaugh', 'Isaiah Collier')",0.0,3,0,0,0,0,0,0,0,0,0,0,0.0,0.0,0.0,0.0,0.0,0.0,0.0,0.0,0.0,0.0,0.0,15
22500253,UTA,LAL,80.8,79.6,"('Brice Sensabaugh', 'Jusuf Nurkić')",0.0,3,0,0,0,0,0,0,0,0,0,0,0.0,0.0,0.0,0.0,0.0,0.0,0.0,0.0,0.0,0.0,0.0,15
22500253,UTA,LAL,80.8,79.6,"('Brice Sensabaugh', 'Kevin Love')",0.0,3,0,0,0,0,0,0,0,0,0,0,0.0,0.0,0.0,0.0,0.0,0.0,0.0,0.0,0.0,0.0,0.0,15
22500253,UTA,LAL,80.8,79.6,"('Brice Sensabaugh', 'Lauri Markkanen')",0.0,3,0,0,0,0,0,0,0,0,0,0,0.0,0.0,0.0,0.0,0.0,0.0,0.0,0.0,0.0,0.0,0.0,15
22500253,UTA,LAL,80.8,79.6,"('Isaiah Collier', 'Jusuf Nurkić')",0.0,3,0,0,0,0,0,0,0,0,0,0,0.0,0.0,0.0,0.0,0.0,0.0,0.0,0.0,0.0,0.0,0.0,15
22500253,UTA,LAL,80.8,79.6,"('Isaiah Collier', 'Kevin Love')",0.0,3,0,0,0,0,0,0,0,0,0,0,0.0,0.0,0.0,0.0,0.0,0.0,0.0,0.0,0.0,0.0,0.0,15
22500253,UTA,LAL,80.8,79.6,"('Isaiah Collier', 'Lauri Markkanen')",0.0,3,0,0,0,0,0,0,0,0,0,0,0.0,0.0,0.0,0.0,0.0,0.0,0.0,0.0,0.0,0.0,0.0,15
22500253,UTA,LAL,80.8,79.6,"('Jusuf Nurkić', 'Kevin Love')",0.0,3,0,0,0,0,0,0,0,0,0,0,0.0,0.0,0.0,0.0,0.0,0.0,0.0,0.0,0.0,0.0,0.0,15
22500253,UTA,LAL,80.8,79.6,"('Jusuf Nurkić', 'Lauri Markkanen')",0.0,3,0,0,0,0,0,0,0,0,0,0,0.0,0.0,0.0,0.0,0.0,0.0,0.0,0.0,0.0,0.0,0.0,15
22500253,UTA,LAL,80.8,79.6,"('Kevin Love', 'Lauri Markkanen')",0.0,3,0,0,0,0,0,0,0,0,0,0,0.0,0.0,0.0,0.0,0.0,0.0,0.0,0.0,0.0,0.0,0.0,15
22500253,UTA,LAL,78.4,79.6,"('Brice Sensabaugh', 'Isaiah Collier')",2.6,3,0,6,4,4,0,0,1,1,3,2,5.0,6.0,0.0,0.0,0.0,0.0,2.0,0.0,2.0,6.0,11.0,15
22500253,UTA,LAL,78.4,79.6,"('Brice Sensabaugh', 'Kevin Love')",2.6,3,0,6,4,4,0,0,1,1,3,2,5.0,6.0,0.0,0.0,0.0,0.0,2.0,0.0,2.0,6.0,11.0,15
22500253,UTA,LAL,78.4,79.6,"('Brice Sensabaugh', 'Keyonte George')",2.6,3,0,6,4,4,0,0,1,1,3,2,5.0,6.0,0.0,0.0,0.0,0.0,2.0,0.0,2.0,6.0,11.0,15
22500253,UTA,LAL,78.4,79.6,"('Brice Sensabaugh', 'Kyle Anderson')",2.6,3,0,6,4,4,0,0,1,1,3,2,5.0,6.0,0.0,0.0,0.0,0.0,2.0,0.0,2.0,6.0,11.0,15
22500253,UTA,LAL,78.4,79.6,"('Isaiah Collier', 'Kevin Love')",2.6,3,0,6,4,4,0,0,1,1,3,2,5.0,6.0,0.0,0.0,0.0,0.0,2.0,0.0,2.0,6.0,11.0,15
22500253,UTA,LAL,78.4,79.6,"('Isaiah Collier', 'Keyonte George')",2.6,3,0,6,4,4,0,0,1,1,3,2,5.0,6.0,0.0,0.0,0.0,0.0,2.0,0.0,2.0,6.0,11.0,15
22500253,UTA,LAL,78.4,79.6,"('Isaiah Collier', 'Kyle Anderson')",2.6,3,0,6,4,4,0,0,1,1,3,2,5.0,6.0,0.0,0.0,0.0,0.0,2.0,0.0,2.0,6.0,11.0,15
22500253,UTA,LAL,78.4,79.6,"('Kevin Love', 'Keyonte George')",2.6,3,0,6,4,4,0,0,1,1,3,2,5.0,6.0,0.0,0.0,0.0,0.0,2.0,0.0,2.0,6.0,11.0,15
22500253,UTA,LAL,78.4,79.6,"('Kevin Love', 'Kyle Anderson')",2.6,3,0,6,4,4,0,0,1,1,3,2,5.0,6.0,0.0,0.0,0.0,0.0,2.0,0.0,2.0,6.0,11.0,15
22500253,UTA,LAL,78.4,79.6,"('Keyonte George', 'Kyle Anderson')",2.6,3,0,6,4,4,0,0,1,1,3,2,5.0,6.0,0.0,0.0,0.0,0.0,2.0,0.0,2.0,6.0,11.0,15
22500253,UTA,LAL,80.4,79.4,"('Kevin Love', 'Keyonte George')",1.4333333333333331,3,4,2,0,0,1,1,1,1,0,1,4.0,2.0,0.0,0.0,2.0,2.0,0.0,0.0,0.0,2.0,6.0,15
22500253,UTA,LAL,80.4,79.4,"('Kevin Love', 'Kyle Anderson')",1.4333333333333331,3,4,2,0,0,1,1,1,1,0,1,4.0,2.0,0.0,0.0,2.0,2.0,0.0,0.0,0.0,2.0,6.0,15
22500253,UTA,LAL,80.4,79.4,"('Kevin Love', 'Lauri Markkanen')",1.4333333333333331,3,4,2,0,0,1,1,1,1,0,1,4.0,2.0,0.0,0.0,2.0,2.0,0.0,0.0,0.0,2.0,6.0,15
22500253,UTA,LAL,80.4,79.4,"('Kevin Love', 'Svi Mykhailiuk')",1.4333333333333331,3,4,2,0,0,1,1,1,1,0,1,4.0,2.0,0.0,0.0,2.0,2.0,0.0,0.0,0.0,2.0,6.0,15
22500253,UTA,LAL,80.4,79.4,"('Keyonte George', 'Kyle Anderson')",1.4333333333333331,3,4,2,0,0,1,1,1,1,0,1,4.0,2.0,0.0,0.0,2.0,2.0,0.0,0.0,0.0,2.0,6.0,15
22500253,UTA,LAL,80.4,79.4,"('Keyonte George', 'Lauri Markkanen')",1.4333333333333331,3,4,2,0,0,1,1,1,1,0,1,4.0,2.0,0.0,0.0,2.0,2.0,0.0,0.0,0.0,2.0,6.0,15
22500253,UTA,LAL,80.4,79.4,"('Keyonte George', 'Svi Mykhailiuk')",1.4333333333333331,3,4,2,0,0,1,1,1,1,0,1,4.0,2.0,0.0,0.0,2.0,2.0,0.0,0.0,0.0,2.0,6.0,15
22500253,UTA,LAL,80.4,79.4,"('Kyle Anderson', 'Lauri Markkanen')",1.4333333333333331,3,4,2,0,0,1,1,1,1,0,1,4.0,2.0,0.0,0.0,2.0,2.0,0.0,0.0,0.0,2.0,6.0,15
22500253,UTA,LAL,80.4,79.4,"('Kyle Anderson', 'Svi Mykhailiuk')",1.4333333333333331,3,4,2,0,0,1,1,1,1,0,1,4.0,2.0,0.0,0.0,2.0,2.0,0.0,0.0,0.0,2.0,6.0,15
22500253,UTA,LAL,80.4,79.4,"('Lauri Markkanen', 'Svi Mykhailiuk')",1.4333333333333331,3,4,2,0,0,1,1,1,1,0,1,4.0,2.0,0.0,0.0,2.0,2.0,0.0,0.0,0.0,2.0,6.0,15
22500253,UTA,LAL,80.4,79.6,"('Brice Sensabaugh', 'Cody Williams')",2.4133333333333336,3,2,13,2,5,1,2,0,0,2,1,5.0,6.32,0.0,0.0,2.0,2.0,0.0,0.0,2.0,2.0,11.32,15
22500253,UTA,LAL,80.4,79.6,"('Brice Sensabaugh', 'Isaiah Collier')",2.4133333333333336,3,2,13,2,5,1,2,0,0,2,1,5.0,6.32,0.0,0.0,2.0,2.0,0.0,0.0,2.0,2.0,11.32,15
22500253,UTA,LAL,80.4,79.6,"('Brice Sensabaugh', 'Jusuf Nurkić')",2.4133333333333336,3,2,13,2,5,1,2,0,0,2,1,5.0,6.32,0.0,0.0,2.0,2.0,0.0,0.0,2.0,2.0,11.32,15
22500253,UTA,LAL,80.4,79.6,"('Brice Sensabaugh', 'Lauri Markkanen')",2.4133333333333336,3,2,13,2,5,1,2,0,0,2,1,5.0,6.32,0.0,0.0,2.0,2.0,0.0,0.0,2.0,2.0,11.32,15
22500253,UTA,LAL,80.4,79.6,"('Cody Williams', 'Isaiah Collier')",2.4133333333333336,3,2,13,2,5,1,2,0,0,2,1,5.0,6.32,0.0,0.0,2.0,2.0,0.0,0.0,2.0,2.0,11.32,15
22500253,UTA,LAL,80.4,79.6,"('Cody Williams', 'Jusuf Nurkić')",2.4133333333333336,3,2,13,2,5,1,2,0,0,2,1,5.0,6.32,0.0,0.0,2.0,2.0,0.0,0.0,2.0,2.0,11.32,15
22500253,UTA,LAL,80.4,79.6,"('Cody Williams', 'Lauri Markkanen')",2.4133333333333336,3,2,13,2,5,1,2,0,0,2,1,5.0,6.32,0.0,0.0,2.0,2.0,0.0,0.0,2.0,2.0,11.32,15
22500253,UTA,LAL,80.4,79.6,"('Isaiah Collier', 'Jusuf Nurkić')",2.4133333333333336,3,2,13,2,5,1,2,0,0,2,1,5.0,6.32,0.0,0.0,2.0,2.0,0.0,0.0,2.0,2.0,11.32,15
22500253,UTA,LAL,80.4,79.6,"('Isaiah Collier', 'Lauri Markkanen')",2.4133333333333336,3,2,13,2,5,1,2,0,0,2,1,5.0,6.32,0.0,0.0,2.0,2.0,0.0,0.0,2.0,2.0,11.32,15
22500253,UTA,LAL,80.4,79.6,"('Jusuf Nurkić', 'Lauri Markkanen')",2.4133333333333336,3,2,13,2,5,1,2,0,0,2,1,5.0,6.32,0.0,0.0,2.0,2.0,0.0,0.0,2.0,2.0,11.32,15
22500253,UTA,LAL,80.2,79.6,"('Brice Sensabaugh', 'Isaiah Collier')",0.7999999999999999,3,3,2,0,1,1,0,0,0,2,0,1.0,2.88,0.0,0.0,0.0,0.0,0.0,0.0,0.0,0.0,3.88,15
22500253,UTA,LAL,80.2,79.6,"('Brice Sensabaugh', 'Kevin Love')",0.7999999999999999,3,3,2,0,1,1,0,0,0,2,0,1.0,2.88,0.0,0.0,0.0,0.0,0.0,0.0,0.0,0.0,3.88,15
22500253,UTA,LAL,80.2,79.6,"('Brice Sensabaugh', 'Kyle Anderson')",0.7999999999999999,3,3,2,0,1,1,0,0,0,2,0,1.0,2.88,0.0,0.0,0.0,0.0,0.0,0.0,0.0,0.0,3.88,15
22500253,UTA,LAL,80.2,79.6,"('Brice Sensabaugh', 'Lauri Markkanen')",0.7999999999999999,3,3,2,0,1,1,0,0,0,2,0,1.0,2.88,0.0,0.0,0.0,0.0,0.0,0.0,0.0,0.0,3.88,15
22500253,UTA,LAL,80.2,79.6,"('Isaiah Collier', 'Kevin Love')",0.7999999999999999,3,3,2,0,1,1,0,0,0,2,0,1.0,2.88,0.0,0.0,0.0,0.0,0.0,0.0,0.0,0.0,3.88,15
22500253,UTA,LAL,80.2,79.6,"('Isaiah Collier', 'Kyle Anderson')",0.7999999999999999,3,3,2,0,1,1,0,0,0,2,0,1.0,2.88,0.0,0.0,0.0,0.0,0.0,0.0,0.0,0.0,3.88,15
22500253,UTA,LAL,80.2,79.6,"('Isaiah Collier', 'Lauri Markkanen')",0.7999999999999999,3,3,2,0,1,1,0,0,0,2,0,1.0,2.88,0.0,0.0,0.0,0.0,0.0,0.0,0.0,0.0,3.88,15
22500253,UTA,LAL,80.2,79.6,"('Kevin Love', 'Kyle Anderson')",0.7999999999999999,3,3,2,0,1,1,0,0,0,2,0,1.0,2.88,0.0,0.0,0.0,0.0,0.0,0.0,0.0,0.0,3.88,15
22500253,UTA,LAL,80.2,79.6,"('Kevin Love', 'Lauri Markkanen')",0.7999999999999999,3,3,2,0,1,1,0,0,0,2,0,1.0,2.88,0.0,0.0,0.0,0.0,0.0,0.0,0.0,0.0,3.88,15
22500253,UTA,LAL,80.2,79.6,"('Kyle Anderson', 'Lauri Markkanen')",0.7999999999999999,3,3,2,0,1,1,0,0,0,2,0,1.0,2.88,0.0,0.0,0.0,0.0,0.0,0.0,0.0,0.0,3.88,15
22500253,UTA,LAL,80.6,78.8,"('Cody Williams', 'Jusuf Nurkić')",1.05,4,2,3,0,0,1,1,1,1,1,0,2.0,2.44,0.0,2.0,0.0,2.0,0.0,0.0,0.0,2.0,4.44,15
22500253,UTA,LAL,80.6,78.8,"('Cody Williams', 'Keyonte George')",1.05,4,2,3,0,0,1,1,1,1,1,0,2.0,2.44,0.0,2.0,0.0,2.0,0.0,0.0,0.0,2.0,4.44,15
22500253,UTA,LAL,80.6,78.8,"('Cody Williams', 'Lauri Markkanen')",1.05,4,2,3,0,0,1,1,1,1,1,0,2.0,2.44,0.0,2.0,0.0,2.0,0.0,0.0,0.0,2.0,4.44,15
22500253,UTA,LAL,80.6,78.8,"('Cody Williams', 'Svi Mykhailiuk')",1.05,4,2,3,0,0,1,1,1,1,1,0,2.0,2.44,0.0,2.0,0.0,2.0,0.0,0.0,0.0,2.0,4.44,15
22500253,UTA,LAL,80.6,78.8,"('Jusuf Nurkić', 'Keyonte George')",1.05,4,2,3,0,0,1,1,1,1,1,0,2.0,2.44,0.0,2.0,0.0,2.0,0.0,0.0,0.0,2.0,4.44,15
22500253,UTA,LAL,80.6,78.8,"('Jusuf Nurkić', 'Lauri Markkanen')",1.05,4,2,3,0,0,1,1,1,1,1,0,2.0,2.44,0.0,2.0,0.0,2.0,0.0,0.0,0.0,2.0,4.44,15
22500253,UTA,LAL,80.6,78.8,"('Jusuf Nurkić', 'Svi Mykhailiuk')",1.05,4,2,3,0,0,1,1,1,1,1,0,2.0,2.44,0.0,2.0,0.0,2.0,0.0,0.0,0.0,2.0,4.44,15
22500253,UTA,LAL,80.6,78.8,"('Keyonte George', 'Lauri Markkanen')",1.05,4,2,3,0,0,1,1,1,1,1,0,2.0,2.44,0.0,2.0,0.0,2.0,0.0,0.0,0.0,2.0,4.44,15
22500253,UTA,LAL,80.6,78.8,"('Keyonte George', 'Svi Mykhailiuk')",1.05,4,2,3,0,0,1,1,1,1,1,0,2.0,2.44,0.0,2.0,0.0,2.0,0.0,0.0,0.0,2.0,4.44,15
22500253,UTA,LAL,80.6,78.8,"('Lauri Markkanen', 'Svi Mykhailiuk')",1.05,4,2,3,0,0,1,1,1,1,1,0,2.0,2.44,0.0,2.0,0.0,2.0,0.0,0.0,0.0,2.0,4.44,15
22500253,UTA,LAL,80.4,79.0,"('Brice Sensabaugh', 'Cody Williams')",2.083333333333333,4,7,6,3,0,2,2,1,0,1,0,4.0,4.44,0.0,0.0,2.0,4.0,0.0,0.0,0.0,2.0,8.44,15
22500253,UTA,LAL,80.4,79.0,"('Brice Sensabaugh', 'Jusuf Nurkić')",2.083333333333333,4,7,6,3,0,2,2,1,0,1,0,4.0,4.44,0.0,0.0,2.0,4.0,0.0,0.0,0.0,2.0,8.44,15
22500253,UTA,LAL,80.4,79.0,"('Brice Sensabaugh', 'Keyonte George')",2.083333333333333,4,7,6,3,0,2,2,1,0,1,0,4.0,4.44,0.0,0.0,2.0,4.0,0.0,0.0,0.0,2.0,8.44,15
22500253,UTA,LAL,80.4,79.0,"('Brice Sensabaugh', 'Lauri Markkanen')",2.083333333333333,4,7,6,3,0,2,2,1,0,1,0,4.0,4.44,0.0,0.0,2.0,4.0,0.0,0.0,0.0,2.0,8.44,15
22500253,UTA,LAL,80.4,79.0,"('Cody Williams', 'Jusuf Nurkić')",2.083333333333333,4,7,6,3,0,2,2,1,0,1,0,4.0,4.44,0.0,0.0,2.0,4.0,0.0,0.0,0.0,2.0,8.44,15
22500253,UTA,LAL,80.4,79.0,"('Cody Williams', 'Keyonte George')",2.083333333333333,4,7,6,3,0,2,2,1,0,1,0,4.0,4.44,0.0,0.0,2.0,4.0,0.0,0.0,0.0,2.0,8.44,15
22500253,UTA,LAL,80.4,79.0,"('Cody Williams', 'Lauri Markkanen')",2.083333333333333,4,7,6,3,0,2,2,1,0,1,0,4.0,4.44,0.0,0.0,2.0,4.0,0.0,0.0,0.0,2.0,8.44,15
22500253,UTA,LAL,80.4,79.0,"('Jusuf Nurkić', 'Keyonte George')",2.083333333333333,4,7,6,3,0,2,2,1,0,1,0,4.0,4.44,0.0,0.0,2.0,4.0,0.0,0.0,0.0,2.0,8.44,15
22500253,UTA,LAL,80.4,79.0,"('Jusuf Nurkić', 'Lauri Markkanen')",2.083333333333333,4,7,6,3,0,2,2,1,0,1,0,4.0,4.44,0.0,0.0,2.0,4.0,0.0,0.0,0.0,2.0,8.44,15
22500253,UTA,LAL,80.4,79.0,"('Keyonte George', 'Lauri Markkanen')",2.083333333333333,4,7,6,3,0,2,2,1,0,1,0,4.0,4.44,0.0,0.0,2.0,4.0,0.0,0.0,0.0,2.0,8.44,15
22500253,UTA,LAL,78.4,78.4,"('Ace Bailey', 'Isaiah Collier')",2.166666666666667,4,9,7,2,2,1,1,0,0,1,2,5.32,5.88,0.0,0.0,0.0,4.0,0.0,0.0,2.0,2.0,11.2,15
22500253,UTA,LAL,78.4,78.4,"('Ace Bailey', 'Keyonte George')",2.166666666666667,4,9,7,2,2,1,1,0,0,1,2,5.32,5.88,0.0,0.0,0.0,4.0,0.0,0.0,2.0,2.0,11.2,15
22500253,UTA,LAL,78.4,78.4,"('Ace Bailey', 'Kyle Anderson')",2.166666666666667,4,9,7,2,2,1,1,0,0,1,2,5.32,5.88,0.0,0.0,0.0,4.0,0.0,0.0,2.0,2.0,11.2,15
22500253,UTA,LAL,78.4,78.4,"('Ace Bailey', 'Svi Mykhailiuk')",2.166666666666667,4,9,7,2,2,1,1,0,0,1,2,5.32,5.88,0.0,0.0,0.0,4.0,0.0,0.0,2.0,2.0,11.2,15
22500253,UTA,LAL,78.4,78.4,"('Isaiah Collier', 'Keyonte George')",2.166666666666667,4,9,7,2,2,1,1,0,0,1,2,5.32,5.88,0.0,0.0,0.0,4.0,0.0,0.0,2.0,2.0,11.2,15
22500253,UTA,LAL,78.4,78.4,"('Isaiah Collier', 'Kyle Anderson')",2.166666666666667,4,9,7,2,2,1,1,0,0,1,2,5.32,5.88,0.0,0.0,0.0,4.0,0.0,0.0,2.0,2.0,11.2,15
22500253,UTA,LAL,78.4,78.4,"('Isaiah Collier', 'Svi Mykhailiuk')",2.166666666666667,4,9,7,2,2,1,1,0,0,1,2,5.32,5.88,0.0,0.0,0.0,4.0,0.0,0.0,2.0,2.0,11.2,15
22500253,UTA,LAL,78.4,78.4,"('Keyonte George', 'Kyle Anderson')",2.166666666666667,4,9,7,2,2,1,1,0,0,1,2,5.32,5.88,0.0,0.0,0.0,4.0,0.0,0.0,2.0,2.0,11.2,15
22500253,UTA,LAL,78.4,78.4,"('Keyonte George', 'Svi Mykhailiuk')",2.166666666666667,4,9,7,2,2,1,1,0,0,1,2,5.32,5.88,0.0,0.0,0.0,4.0,0.0,0.0,2.0,2.0,11.2,15
22500253,UTA,LAL,78.4,78.4,"('Kyle Anderson', 'Svi Mykhailiuk')",2.166666666666667,4,9,7,2,2,1,1,0,0,1,2,5.32,5.88,0.0,0.0,0.0,4.0,0.0,0.0,2.0,2.0,11.2,15
22500253,UTA,LAL,80.4,79.0,"('Brice Sensabaugh', 'Cody Williams')",0.65,4,3,2,0,1,1,0,1,0,1,1,2.44,2.0,0.0,0.0,0.0,2.0,0.0,0.0,2.0,2.0,4.44,15
22500253,UTA,LAL,80.4,79.0,"('Brice Sensabaugh', 'Isaiah Collier')",0.65,4,3,2,0,1,1,0,1,0,1,1,2.44,2.0,0.0,0.0,0.0,2.0,0.0,0.0,2.0,2.0,4.44,15
22500253,UTA,LAL,80.4,79.0,"('Brice Sensabaugh', 'Jusuf Nurkić')",0.65,4,3,2,0,1,1,0,1,0,1,1,2.44,2.0,0.0,0.0,0.0,2.0,0.0,0.0,2.0,2.0,4.44,15
22500253,UTA,LAL,80.4,79.0,"('Brice Sensabaugh', 'Lauri Markkanen')",0.65,4,3,2,0,1,1,0,1,0,1,1,2.44,2.0,0.0,0.0,0.0,2.0,0.0,0.0,2.0,2.0,4.44,15
22500253,UTA,LAL,80.4,79.0,"('Cody Williams', 'Isaiah Collier')",0.65,4,3,2,0,1,1,0,1,0,1,1,2.44,2.0,0.0,0.0,0.0,2.0,0.0,0.0,2.0,2.0,4.44,15
22500253,UTA,LAL,80.4,79.0,"('Cody Williams', 'Jusuf Nurkić')",0.65,4,3,2,0,1,1,0,1,0,1,1,2.44,2.0,0.0,0.0,0.0,2.0,0.0,0.0,2.0,2.0,4.44,15
22500253,UTA,LAL,80.4,79.0,"('Cody Williams', 'Lauri Markkanen')",0.65,4,3,2,0,1,1,0,1,0,1,1,2.44,2.0,0.0,0.0,0.0,2.0,0.0,0.0,2.0,2.0,4.44,15
22500253,UTA,LAL,80.4,79.0,"('Isaiah Collier', 'Jusuf Nurkić')",0.65,4,3,2,0,1,1,0,1,0,1,1,2.44,2.0,0.0,0.0,0.0,2.0,0.0,0.0,2.0,2.0,4.44,15
22500253,UTA,LAL,80.4,79.0,"('Isaiah Collier', 'Lauri Markkanen')",0.65,4,3,2,0,1,1,0,1,0,1,1,2.44,2.0,0.0,0.0,0.0,2.0,0.0,0.0,2.0,2.0,4.44,15
22500253,UTA,LAL,80.4,79.0,"('Jusuf Nurkić', 'Lauri Markkanen')",0.65,4,3,2,0,1,1,0,1,0,1,1,2.44,2.0,0.0,0.0,0.0,2.0,0.0,0.0,2.0,2.0,4.44,15
22500253,UTA,LAL,79.6,78.8,"('Brice Sensabaugh', 'Cody Williams')",0.7500000000000001,4,0,1,0,1,0,0,1,1,1,1,3.0,1.44,0.0,0.0,0.0,0.0,0.0,0.0,0.0,0.0,4.44,15
22500253,UTA,LAL,79.6,78.8,"('Brice Sensabaugh', 'Keyonte George')",0.7500000000000001,4,0,1,0,1,0,0,1,1,1,1,3.0,1.44,0.0,0.0,0.0,0.0,0.0,0.0,0.0,0.0,4.44,15
22500253,UTA,LAL,79.6,78.8,"('Brice Sensabaugh', 'Lauri Markkanen')",0.7500000000000001,4,0,1,0,1,0,0,1,1,1,1,3.0,1.44,0.0,0.0,0.0,0.0,0.0,0.0,0.0,0.0,4.44,15
22500253,UTA,LAL,79.6,78.8,"('Brice Sensabaugh', 'Svi Mykhailiuk')",0.7500000000000001,4,0,1,0,1,0,0,1,1,1,1,3.0,1.44,0.0,0.0,0.0,0.0,0.0,0.0,0.0,0.0,4.44,15
22500253,UTA,LAL,79.6,78.8,"('Cody Williams', 'Keyonte George')",0.7500000000000001,4,0,1,0,1,0,0,1,1,1,1,3.0,1.44,0.0,0.0,0.0,0.0,0.0,0.0,0.0,0.0,4.44,15
22500253,UTA,LAL,79.6,78.8,"('Cody Williams', 'Lauri Markkanen')",0.7500000000000001,4,0,1,0,1,0,0,1,1,1,1,3.0,1.44,0.0,0.0,0.0,0.0,0.0,0.0,0.0,0.0,4.44,15
22500253,UTA,LAL,79.6,78.8,"('Cody Williams', 'Svi Mykhailiuk')",0.7500000000000001,4,0,1,0,1,0,0,1,1,1,1,3.0,1.44,0.0,0.0,0.0,0.0,0.0,0.0,0.0,0.0,4.44,15
22500253,UTA,LAL,79.6,78.8,"('Keyonte George', 'Lauri Markkanen')",0.7500000000000001,4,0,1,0,1,0,0,1,1,1,1,3.0,1.44,0.0,0.0,0.0,0.0,0.0,0.0,0.0,0.0,4.44,15
22500253,UTA,LAL,79.6,78.8,"('Keyonte George', 'Svi Mykhailiuk')",0.7500000000000001,4,0,1,0,1,0,0,1,1,1,1,3.0,1.44,0.0,0.0,0.0,0.0,0.0,0.0,0.0,0.0,4.44,15
22500253,UTA,LAL,79.6,78.8,"('Lauri Markkanen', 'Svi Mykhailiuk')",0.7500000000000001,4,0,1,0,1,0,0,1,1,1,1,3.0,1.44,0.0,0.0,0.0,0.0,0.0,0.0,0.0,0.0,4.44,15
22500253,UTA,LAL,80.8,80.4,"('Ace Bailey', 'Jusuf Nurkić')",2.275,2,10,10,0,2,0,2,1,2,3,4,8.2,6.76,0.0,0.0,0.0,2.0,0.0,3.0,0.0,0.0,14.96,15
22500253,UTA,LAL,80.8,80.4,"('Ace Bailey', 'Keyonte George')",2.275,2,10,10,0,2,0,2,1,2,3,4,8.2,6.76,0.0,0.0,0.0,2.0,0.0,3.0,0.0,0.0,14.96,15
22500253,UTA,LAL,80.8,80.4,"('Ace Bailey', 'Lauri Markkanen')",2.275,2,10,10,0,2,0,2,1,2,3,4,8.2,6.76,0.0,0.0,0.0,2.0,0.0,3.0,0.0,0.0,14.96,15
22500253,UTA,LAL,80.8,80.4,"('Ace Bailey', 'Svi Mykhailiuk')",2.275,2,10,10,0,2,0,2,1,2,3,4,8.2,6.76,0.0,0.0,0.0,2.0,0.0,3.0,0.0,0.0,14.96,15
22500253,UTA,LAL,80.8,80.4,"('Jusuf Nurkić', 'Keyonte George')",2.275,2,10,10,0,2,0,2,1,2,3,4,8.2,6.76,0.0,0.0,0.0,2.0,0.0,3.0,0.0,0.0,14.96,15
22500253,UTA,LAL,80.8,80.4,"('Jusuf Nurkić', 'Lauri Markkanen')",2.275,2,10,10,0,2,0,2,1,2,3,4,8.2,6.76,0.0,0.0,0.0,2.0,0.0,3.0,0.0,0.0,14.96,15
22500253,UTA,LAL,80.8,80.4,"('Jusuf Nurkić', 'Svi Mykhailiuk')",2.275,2,10,10,0,2,0,2,1,2,3,4,8.2,6.76,0.0,0.0,0.0,2.0,0.0,3.0,0.0,0.0,14.96,15
22500253,UTA,LAL,80.8,80.4,"('Keyonte George', 'Lauri Markkanen')",2.275,2,10,10,0,2,0,2,1,2,3,4,8.2,6.76,0.0,0.0,0.0,2.0,0.0,3.0,0.0,0.0,14.96,15
22500253,UTA,LAL,80.8,80.4,"('Keyonte George', 'Svi Mykhailiuk')",2.275,2,10,10,0,2,0,2,1,2,3,4,8.2,6.76,0.0,0.0,0.0,2.0,0.0,3.0,0.0,0.0,14.96,15
22500253,UTA,LAL,80.8,80.4,"('Lauri Markkanen', 'Svi Mykhailiuk')",2.275,2,10,10,0,2,0,2,1,2,3,4,8.2,6.76,0.0,0.0,0.0,2.0,0.0,3.0,0.0,0.0,14.96,15
22500253,UTA,LAL,80.2,79.6,"('Brice Sensabaugh', 'Isaiah Collier')",0.3333333333333333,1,0,1,0,0,0,0,1,0,2,0,1.0,1.44,0.0,0.0,0.0,0.0,0.0,0.0,0.0,0.0,2.44,15
22500253,UTA,LAL,80.2,79.6,"('Brice Sensabaugh', 'Kevin Love')",0.3333333333333333,1,0,1,0,0,0,0,1,0,2,0,1.0,1.44,0.0,0.0,0.0,0.0,0.0,0.0,0.0,0.0,2.44,15
22500253,UTA,LAL,80.2,79.6,"('Brice Sensabaugh', 'Kyle Anderson')",0.3333333333333333,1,0,1,0,0,0,0,1,0,2,0,1.0,1.44,0.0,0.0,0.0,0.0,0.0,0.0,0.0,0.0,2.44,15
22500253,UTA,LAL,80.2,79.6,"('Brice Sensabaugh', 'Lauri Markkanen')",0.3333333333333333,1,0,1,0,0,0,0,1,0,2,0,1.0,1.44,0.0,0.0,0.0,0.0,0.0,0.0,0.0,0.0,2.44,15
22500253,UTA,LAL,80.2,79.6,"('Isaiah Collier', 'Kevin Love')",0.3333333333333333,1,0,1,0,0,0,0,1,0,2,0,1.0,1.44,0.0,0.0,0.0,0.0,0.0,0.0,0.0,0.0,2.44,15
22500253,UTA,LAL,80.2,79.6,"('Isaiah Collier', 'Kyle Anderson')",0.3333333333333333,1,0,1,0,0,0,0,1,0,2,0,1.0,1.44,0.0,0.0,0.0,0.0,0.0,0.0,0.0,0.0,2.44,15
22500253,UTA,LAL,80.2,79.6,"('Isaiah Collier', 'Lauri Markkanen')",0.3333333333333333,1,0,1,0,0,0,0,1,0,2,0,1.0,1.44,0.0,0.0,0.0,0.0,0.0,0.0,0.0,0.0,2.44,15
22500253,UTA,LAL,80.2,79.6,"('Kevin Love', 'Kyle Anderson')",0.3333333333333333,1,0,1,0,0,0,0,1,0,2,0,1.0,1.44,0.0,0.0,0.0,0.0,0.0,0.0,0.0,0.0,2.44,15
22500253,UTA,LAL,80.2,79.6,"('Kevin Love', 'Lauri Markkanen')",0.3333333333333333,1,0,1,0,0,0,0,1,0,2,0,1.0,1.44,0.0,0.0,0.0,0.0,0.0,0.0,0.0,0.0,2.44,15
22500253,UTA,LAL,80.2,79.6,"('Kyle Anderson', 'Lauri Markkanen')",0.3333333333333333,1,0,1,0,0,0,0,1,0,2,0,1.0,1.44,0.0,0.0,0.0,0.0,0.0,0.0,0.0,0.0,2.44,15
22500253,UTA,LAL,80.4,79.6,"('Brice Sensabaugh', 'Cody Williams')",1.958333333333333,1,11,5,1,1,3,2,0,3,0,2,5.88,5.0,2.0,5.0,2.0,4.0,0.0,0.0,0.0,2.0,10.88,15
22500253,UTA,LAL,80.4,79.6,"('Brice Sensabaugh', 'Isaiah Collier')",1.958333333333333,1,11,5,1,1,3,2,0,3,0,2,5.88,5.0,2.0,5.0,2.0,4.0,0.0,0.0,0.0,2.0,10.88,15
22500253,UTA,LAL,80.4,79.6,"('Brice Sensabaugh', 'Jusuf Nurkić')",1.958333333333333,1,11,5,1,1,3,2,0,3,0,2,5.88,5.0,2.0,5.0,2.0,4.0,0.0,0.0,0.0,2.0,10.88,15
22500253,UTA,LAL,80.4,79.6,"('Brice Sensabaugh', 'Lauri Markkanen')",1.958333333333333,1,11,5,1,1,3,2,0,3,0,2,5.88,5.0,2.0,5.0,2.0,4.0,0.0,0.0,0.0,2.0,10.88,15
22500253,UTA,LAL,80.4,79.6,"('Cody Williams', 'Isaiah Collier')",1.958333333333333,1,11,5,1,1,3,2,0,3,0,2,5.88,5.0,2.0,5.0,2.0,4.0,0.0,0.0,0.0,2.0,10.88,15
22500253,UTA,LAL,80.4,79.6,"('Cody Williams', 'Jusuf Nurkić')",1.958333333333333,1,11,5,1,1,3,2,0,3,0,2,5.88,5.0,2.0,5.0,2.0,4.0,0.0,0.0,0.0,2.0,10.88,15
22500253,UTA,LAL,80.4,79.6,"('Cody Williams', 'Lauri Markkanen')",1.958333333333333,1,11,5,1,1,3,2,0,3,0,2,5.88,5.0,2.0,5.0,2.0,4.0,0.0,0.0,0.0,2.0,10.88,15
22500253,UTA,LAL,80.4,79.6,"('Isaiah Collier', 'Jusuf Nurkić')",1.958333333333333,1,11,5,1,1,3,2,0,3,0,2,5.88,5.0,2.0,5.0,2.0,4.0,0.0,0.0,0.0,2.0,10.88,15
22500253,UTA,LAL,80.4,79.6,"('Isaiah Collier', 'Lauri Markkanen')",1.958333333333333,1,11,5,1,1,3,2,0,3,0,2,5.88,5.0,2.0,5.0,2.0,4.0,0.0,0.0,0.0,2.0,10.88,15
22500253,UTA,LAL,80.4,79.6,"('Jusuf Nurkić', 'Lauri Markkanen')",1.958333333333333,1,11,5,1,1,3,2,0,3,0,2,5.88,5.0,2.0,5.0,2.0,4.0,0.0,0.0,0.0,2.0,10.88,15
22500253,UTA,LAL,80.4,79.2,"('Kevin Love', 'Keyonte George')",0.8333333333333333,1,2,4,1,0,1,0,0,0,0,2,1.0,1.88,0.0,0.0,2.0,0.0,0.0,0.0,0.0,2.0,2.88,15
22500253,UTA,LAL,80.4,79.2,"('Kevin Love', 'Kyle Anderson')",0.8333333333333333,1,2,4,1,0,1,0,0,0,0,2,1.0,1.88,0.0,0.0,2.0,0.0,0.0,0.0,0.0,2.0,2.88,15
22500253,UTA,LAL,80.4,79.2,"('Kevin Love', 'Lauri Markkanen')",0.8333333333333333,1,2,4,1,0,1,0,0,0,0,2,1.0,1.88,0.0,0.0,2.0,0.0,0.0,0.0,0.0,2.0,2.88,15
22500253,UTA,LAL,80.4,79.2,"('Kevin Love', 'Svi Mykhailiuk')",0.8333333333333333,1,2,4,1,0,1,0,0,0,0,2,1.0,1.88,0.0,0.0,2.0,0.0,0.0,0.0,0.0,2.0,2.88,15
22500253,UTA,LAL,80.4,79.2,"('Keyonte George', 'Kyle Anderson')",0.8333333333333333,1,2,4,1,0,1,0,0,0,0,2,1.0,1.88,0.0,0.0,2.0,0.0,0.0,0.0,0.0,2.0,2.88,15
22500253,UTA,LAL,80.4,79.2,"('Keyonte George', 'Lauri Markkanen')",0.8333333333333333,1,2,4,1,0,1,0,0,0,0,2,1.0,1.88,0.0,0.0,2.0,0.0,0.0,0.0,0.0,2.0,2.88,15
22500253,UTA,LAL,80.4,79.2,"('Keyonte George', 'Svi Mykhailiuk')",0.8333333333333333,1,2,4,1,0,1,0,0,0,0,2,1.0,1.88,0.0,0.0,2.0,0.0,0.0,0.0,0.0,2.0,2.88,15
22500253,UTA,LAL,80.4,79.2,"('Kyle Anderson', 'Lauri Markkanen')",0.8333333333333333,1,2,4,1,0,1,0,0,0,0,2,1.0,1.88,0.0,0.0,2.0,0.0,0.0,0.0,0.0,2.0,2.88,15
22500253,UTA,LAL,80.4,79.2,"('Kyle Anderson', 'Svi Mykhailiuk')",0.8333333333333333,1,2,4,1,0,1,0,0,0,0,2,1.0,1.88,0.0,0.0,2.0,0.0,0.0,0.0,0.0,2.0,2.88,15
22500253,UTA,LAL,80.4,79.2,"('Lauri Markkanen', 'Svi Mykhailiuk')",0.8333333333333333,1,2,4,1,0,1,0,0,0,0,2,1.0,1.88,0.0,0.0,2.0,0.0,0.0,0.0,0.0,2.0,2.88,15
22500253,UTA,LAL,78.4,79.6,"('Brice Sensabaugh', 'Isaiah Collier')",2.866666666666667,1,7,9,2,3,1,2,1,0,2,0,7.0,6.32,0.0,0.0,0.0,0.0,0.0,0.0,0.0,6.0,13.32,15
22500253,UTA,LAL,78.4,79.6,"('Brice Sensabaugh', 'Kevin Love')",2.866666666666667,1,7,9,2,3,1,2,1,0,2,0,7.0,6.32,0.0,0.0,0.0,0.0,0.0,0.0,0.0,6.0,13.32,15
22500253,UTA,LAL,78.4,79.6,"('Brice Sensabaugh', 'Keyonte George')",2.866666666666667,1,7,9,2,3,1,2,1,0,2,0,7.0,6.32,0.0,0.0,0.0,0.0,0.0,0.0,0.0,6.0,13.32,15
22500253,UTA,LAL,78.4,79.6,"('Brice Sensabaugh', 'Kyle Anderson')",2.866666666666667,1,7,9,2,3,1,2,1,0,2,0,7.0,6.32,0.0,0.0,0.0,0.0,0.0,0.0,0.0,6.0,13.32,15
22500253,UTA,LAL,78.4,79.6,"('Isaiah Collier', 'Kevin Love')",2.866666666666667,1,7,9,2,3,1,2,1,0,2,0,7.0,6.32,0.0,0.0,0.0,0.0,0.0,0.0,0.0,6.0,13.32,15
22500253,UTA,LAL,78.4,79.6,"('Isaiah Collier', 'Keyonte George')",2.866666666666667,1,7,9,2,3,1,2,1,0,2,0,7.0,6.32,0.0,0.0,0.0,0.0,0.0,0.0,0.0,6.0,13.32,15
22500253,UTA,LAL,78.4,79.6,"('Isaiah Collier', 'Kyle Anderson')",2.866666666666667,1,7,9,2,3,1,2,1,0,2,0,7.0,6.32,0.0,0.0,0.0,0.0,0.0,0.0,0.0,6.0,13.32,15
22500253,UTA,LAL,78.4,79.6,"('Kevin Love', 'Keyonte George')",2.866666666666667,1,7,9,2,3,1,2,1,0,2,0,7.0,6.32,0.0,0.0,0.0,0.0,0.0,0.0,0.0,6.0,13.32,15
22500253,UTA,LAL,78.4,79.6,"('Kevin Love', 'Kyle Anderson')",2.866666666666667,1,7,9,2,3,1,2,1,0,2,0,7.0,6.32,0.0,0.0,0.0,0.0,0.0,0.0,0.0,6.0,13.32,15
22500253,UTA,LAL,78.4,79.6,"('Keyonte George', 'Kyle Anderson')",2.866666666666667,1,7,9,2,3,1,2,1,0,2,0,7.0,6.32,0.0,0.0,0.0,0.0,0.0,0.0,0.0,6.0,13.32,15
22500253,UTA,LAL,78.4,78.4,"('Ace Bailey', 'Cody Williams')",2.3366666666666664,4,10,5,1,1,2,2,0,3,1,2,5.76,6.44,0.0,2.0,2.0,6.0,0.0,0.0,0.0,4.0,12.2,15
22500253,UTA,LAL,78.4,78.4,"('Ace Bailey', 'Elijah Harkless')",2.3366666666666664,4,10,5,1,1,2,2,0,3,1,2,5.76,6.44,0.0,2.0,2.0,6.0,0.0,0.0,0.0,4.0,12.2,15
22500253,UTA,LAL,78.4,78.4,"('Ace Bailey', 'Isaiah Collier')",2.3366666666666664,4,10,5,1,1,2,2,0,3,1,2,5.76,6.44,0.0,2.0,2.0,6.0,0.0,0.0,0.0,4.0,12.2,15
22500253,UTA,LAL,78.4,78.4,"('Ace Bailey', 'Kyle Anderson')",2.3366666666666664,4,10,5,1,1,2,2,0,3,1,2,5.76,6.44,0.0,2.0,2.0,6.0,0.0,0.0,0.0,4.0,12.2,15
22500253,UTA,LAL,78.4,78.4,"('Cody Williams', 'Elijah Harkless')",2.3366666666666664,4,10,5,1,1,2,2,0,3,1,2,5.76,6.44,0.0,2.0,2.0,6.0,0.0,0.0,0.0,4.0,12.2,15
22500253,UTA,LAL,78.4,78.4,"('Cody Williams', 'Isaiah Collier')",2.3366666666666664,4,10,5,1,1,2,2,0,3,1,2,5.76,6.44,0.0,2.0,2.0,6.0,0.0,0.0,0.0,4.0,12.2,15
22500253,UTA,LAL,78.4,78.4,"('Cody Williams', 'Kyle Anderson')",2.3366666666666664,4,10,5,1,1,2,2,0,3,1,2,5.76,6.44,0.0,2.0,2.0,6.0,0.0,0.0,0.0,4.0,12.2,15
22500253,UTA,LAL,78.4,78.4,"('Elijah Harkless', 'Isaiah Collier')",2.3366666666666664,4,10,5,1,1,2,2,0,3,1,2,5.76,6.44,0.0,2.0,2.0,6.0,0.0,0.0,0.0,4.0,12.2,15
22500253,UTA,LAL,78.4,78.4,"('Elijah Harkless', 'Kyle Anderson')",2.3366666666666664,4,10,5,1,1,2,2,0,3,1,2,5.76,6.44,0.0,2.0,2.0,6.0,0.0,0.0,0.0,4.0,12.2,15
22500253,UTA,LAL,78.4,78.4,"('Isaiah Collier', 'Kyle Anderson')",2.3366666666666664,4,10,5,1,1,2,2,0,3,1,2,5.76,6.44,0.0,2.0,2.0,6.0,0.0,0.0,0.0,4.0,12.2,15
22500253,UTA,LAL,79.8,79.0,"('Ace Bailey', 'Cody Williams')",2.566666666666666,4,2,12,1,5,1,4,1,0,1,0,6.0,6.44,0.0,0.0,0.0,2.0,0.0,2.0,5.0,8.0,12.44,15
22500253,UTA,LAL,79.8,79.0,"('Ace Bailey', 'Jusuf Nurkić')",2.566666666666666,4,2,12,1,5,1,4,1,0,1,0,6.0,6.44,0.0,0.0,0.0,2.0,0.0,2.0,5.0,8.0,12.44,15
22500253,UTA,LAL,79.8,79.0,"('Ace Bailey', 'Keyonte George')",2.566666666666666,4,2,12,1,5,1,4,1,0,1,0,6.0,6.44,0.0,0.0,0.0,2.0,0.0,2.0,5.0,8.0,12.44,15
22500253,UTA,LAL,79.8,79.0,"('Ace Bailey', 'Svi Mykhailiuk')",2.566666666666666,4,2,12,1,5,1,4,1,0,1,0,6.0,6.44,0.0,0.0,0.0,2.0,0.0,2.0,5.0,8.0,12.44,15
22500253,UTA,LAL,79.8,79.0,"('Cody Williams', 'Jusuf Nurkić')",2.566666666666666,4,2,12,1,5,1,4,1,0,1,0,6.0,6.44,0.0,0.0,0.0,2.0,0.0,2.0,5.0,8.0,12.44,15
22500253,UTA,LAL,79.8,79.0,"('Cody Williams', 'Keyonte George')",2.566666666666666,4,2,12,1,5,1,4,1,0,1,0,6.0,6.44,0.0,0.0,0.0,2.0,0.0,2.0,5.0,8.0,12.44,15
22500253,UTA,LAL,79.8,79.0,"('Cody Williams', 'Svi Mykhailiuk')",2.566666666666666,4,2,12,1,5,1,4,1,0,1,0,6.0,6.44,0.0,0.0,0.0,2.0,0.0,2.0,5.0,8.0,12.44,15
22500253,UTA,LAL,79.8,79.0,"('Jusuf Nurkić', 'Keyonte George')",2.566666666666666,4,2,12,1,5,1,4,1,0,1,0,6.0,6.44,0.0,0.0,0.0,2.0,0.0,2.0,5.0,8.0,12.44,15
22500253,UTA,LAL,79.8,79.0,"('Jusuf Nurkić', 'Svi Mykhailiuk')",2.566666666666666,4,2,12,1,5,1,4,1,0,1,0,6.0,6.44,0.0,0.0,0.0,2.0,0.0,2.0,5.0,8.0,12.44,15
22500253,UTA,LAL,79.8,79.0,"('Keyonte George', 'Svi Mykhailiuk')",2.566666666666666,4,2,12,1,5,1,4,1,0,1,0,6.0,6.44,0.0,0.0,0.0,2.0,0.0,2.0,5.0,8.0,12.44,15
22500253,UTA,LAL,80.2,79.6,"('Brice Sensabaugh', 'Cody Williams')",0.2333333333333333,1,0,2,0,1,0,0,0,0,0,0,0.0,1.0,0.0,0.0,0.0,0.0,2.0,0.0,2.0,2.0,1.0,15
22500253,UTA,LAL,80.2,79.6,"('Brice Sensabaugh', 'Isaiah Collier')",0.2333333333333333,1,0,2,0,1,0,0,0,0,0,0,0.0,1.0,0.0,0.0,0.0,0.0,2.0,0.0,2.0,2.0,1.0,15
22500253,UTA,LAL,80.2,79.6,"('Brice Sensabaugh', 'Kevin Love')",0.2333333333333333,1,0,2,0,1,0,0,0,0,0,0,0.0,1.0,0.0,0.0,0.0,0.0,2.0,0.0,2.0,2.0,1.0,15
22500253,UTA,LAL,80.2,79.6,"('Brice Sensabaugh', 'Lauri Markkanen')",0.2333333333333333,1,0,2,0,1,0,0,0,0,0,0,0.0,1.0,0.0,0.0,0.0,0.0,2.0,0.0,2.0,2.0,1.0,15
22500253,UTA,LAL,80.2,79.6,"('Cody Williams', 'Isaiah Collier')",0.2333333333333333,1,0,2,0,1,0,0,0,0,0,0,0.0,1.0,0.0,0.0,0.0,0.0,2.0,0.0,2.0,2.0,1.0,15
22500253,UTA,LAL,80.2,79.6,"('Cody Williams', 'Kevin Love')",0.2333333333333333,1,0,2,0,1,0,0,0,0,0,0,0.0,1.0,0.0,0.0,0.0,0.0,2.0,0.0,2.0,2.0,1.0,15
22500253,UTA,LAL,80.2,79.6,"('Cody Williams', 'Lauri Markkanen')",0.2333333333333333,1,0,2,0,1,0,0,0,0,0,0,0.0,1.0,0.0,0.0,0.0,0.0,2.0,0.0,2.0,2.0,1.0,15
22500253,UTA,LAL,80.2,79.6,"('Isaiah Collier', 'Kevin Love')",0.2333333333333333,1,0,2,0,1,0,0,0,0,0,0,0.0,1.0,0.0,0.0,0.0,0.0,2.0,0.0,2.0,2.0,1.0,15
22500253,UTA,LAL,80.2,79.6,"('Isaiah Collier', 'Lauri Markkanen')",0.2333333333333333,1,0,2,0,1,0,0,0,0,0,0,0.0,1.0,0.0,0.0,0.0,0.0,2.0,0.0,2.0,2.0,1.0,15
22500253,UTA,LAL,80.2,79.6,"('Kevin Love', 'Lauri Markkanen')",0.2333333333333333,1,0,2,0,1,0,0,0,0,0,0,0.0,1.0,0.0,0.0,0.0,0.0,2.0,0.0,2.0,2.0,1.0,15
22500253,UTA,LAL,80.8,80.4,"('Ace Bailey', 'Jusuf Nurkić')",5.433333333333332,1,16,6,7,5,6,2,2,2,1,0,12.0,11.0,0.0,3.0,3.0,4.0,0.0,0.0,0.0,4.0,23.0,15
22500253,UTA,LAL,80.8,80.4,"('Ace Bailey', 'Keyonte George')",5.433333333333332,1,16,6,7,5,6,2,2,2,1,0,12.0,11.0,0.0,3.0,3.0,4.0,0.0,0.0,0.0,4.0,23.0,15
22500253,UTA,LAL,80.8,80.4,"('Ace Bailey', 'Lauri Markkanen')",5.433333333333332,1,16,6,7,5,6,2,2,2,1,0,12.0,11.0,0.0,3.0,3.0,4.0,0.0,0.0,0.0,4.0,23.0,15
22500253,UTA,LAL,80.8,80.4,"('Ace Bailey', 'Svi Mykhailiuk')",5.433333333333332,1,16,6,7,5,6,2,2,2,1,0,12.0,11.0,0.0,3.0,3.0,4.0,0.0,0.0,0.0,4.0,23.0,15
22500253,UTA,LAL,80.8,80.4,"('Jusuf Nurkić', 'Keyonte George')",5.433333333333332,1,16,6,7,5,6,2,2,2,1,0,12.0,11.0,0.0,3.0,3.0,4.0,0.0,0.0,0.0,4.0,23.0,15
22500253,UTA,LAL,80.8,80.4,"('Jusuf Nurkić', 'Lauri Markkanen')",5.433333333333332,1,16,6,7,5,6,2,2,2,1,0,12.0,11.0,0.0,3.0,3.0,4.0,0.0,0.0,0.0,4.0,23.0,15
22500253,UTA,LAL,80.8,80.4,"('Jusuf Nurkić', 'Svi Mykhailiuk')",5.433333333333332,1,16,6,7,5,6,2,2,2,1,0,12.0,11.0,0.0,3.0,3.0,4.0,0.0,0.0,0.0,4.0,23.0,15
22500253,UTA,LAL,80.8,80.4,"('Keyonte George', 'Lauri Markkanen')",5.433333333333332,1,16,6,7,5,6,2,2,2,1,0,12.0,11.0,0.0,3.0,3.0,4.0,0.0,0.0,0.0,4.0,23.0,15
22500253,UTA,LAL,80.8,80.4,"('Keyonte George', 'Svi Mykhailiuk')",5.433333333333332,1,16,6,7,5,6,2,2,2,1,0,12.0,11.0,0.0,3.0,3.0,4.0,0.0,0.0,0.0,4.0,23.0,15
22500253,UTA,LAL,80.8,80.4,"('Lauri Markkanen', 'Svi Mykhailiuk')",5.433333333333332,1,16,6,7,5,6,2,2,2,1,0,12.0,11.0,0.0,3.0,3.0,4.0,0.0,0.0,0.0,4.0,23.0,15
22500282,UTA,LAL,80.6,79.0,"('Ace Bailey', 'Brice Sensabaugh')",2.016666666666667,2,6,2,4,0,1,1,1,0,0,1,4.44,3.0,0.0,0.0,2.0,2.0,0.0,0.0,0.0,2.0,7.44,16
22500282,UTA,LAL,80.6,79.0,"('Ace Bailey', 'Isaiah Collier')",2.016666666666667,2,6,2,4,0,1,1,1,0,0,1,4.44,3.0,0.0,0.0,2.0,2.0,0.0,0.0,0.0,2.0,7.44,16
22500282,UTA,LAL,80.6,79.0,"('Ace Bailey', 'Jusuf Nurkić')",2.016666666666667,2,6,2,4,0,1,1,1,0,0,1,4.44,3.0,0.0,0.0,2.0,2.0,0.0,0.0,0.0,2.0,7.44,16
22500282,UTA,LAL,80.6,79.0,"('Ace Bailey', 'Lauri Markkanen')",2.016666666666667,2,6,2,4,0,1,1,1,0,0,1,4.44,3.0,0.0,0.0,2.0,2.0,0.0,0.0,0.0,2.0,7.44,16
22500282,UTA,LAL,80.6,79.0,"('Brice Sensabaugh', 'Isaiah Collier')",2.016666666666667,2,6,2,4,0,1,1,1,0,0,1,4.44,3.0,0.0,0.0,2.0,2.0,0.0,0.0,0.0,2.0,7.44,16
22500282,UTA,LAL,80.6,79.0,"('Brice Sensabaugh', 'Jusuf Nurkić')",2.016666666666667,2,6,2,4,0,1,1,1,0,0,1,4.44,3.0,0.0,0.0,2.0,2.0,0.0,0.0,0.0,2.0,7.44,16
22500282,UTA,LAL,80.6,79.0,"('Brice Sensabaugh', 'Lauri Markkanen')",2.016666666666667,2,6,2,4,0,1,1,1,0,0,1,4.44,3.0,0.0,0.0,2.0,2.0,0.0,0.0,0.0,2.0,7.44,16
22500282,UTA,LAL,80.6,79.0,"('Isaiah Collier', 'Jusuf Nurkić')",2.016666666666667,2,6,2,4,0,1,1,1,0,0,1,4.44,3.0,0.0,0.0,2.0,2.0,0.0,0.0,0.0,2.0,7.44,16
22500282,UTA,LAL,80.6,79.0,"('Isaiah Collier', 'Lauri Markkanen')",2.016666666666667,2,6,2,4,0,1,1,1,0,0,1,4.44,3.0,0.0,0.0,2.0,2.0,0.0,0.0,0.0,2.0,7.44,16
22500282,UTA,LAL,80.6,79.0,"('Jusuf Nurkić', 'Lauri Markkanen')",2.016666666666667,2,6,2,4,0,1,1,1,0,0,1,4.44,3.0,0.0,0.0,2.0,2.0,0.0,0.0,0.0,2.0,7.44,16
22500282,UTA,LAL,79.6,80.0,"('Isaiah Collier', 'Kevin Love')",1.8,2,4,3,2,0,0,1,1,1,1,2,2.88,4.0,0.0,0.0,2.0,2.0,3.0,0.0,0.0,0.0,6.88,16
22500282,UTA,LAL,79.6,80.0,"('Isaiah Collier', 'Keyonte George')",1.8,2,4,3,2,0,0,1,1,1,1,2,2.88,4.0,0.0,0.0,2.0,2.0,3.0,0.0,0.0,0.0,6.88,16
22500282,UTA,LAL,79.6,80.0,"('Isaiah Collier', 'Lauri Markkanen')",1.8,2,4,3,2,0,0,1,1,1,1,2,2.88,4.0,0.0,0.0,2.0,2.0,3.0,0.0,0.0,0.0,6.88,16
22500282,UTA,LAL,79.6,80.0,"('Isaiah Collier', 'Svi Mykhailiuk')",1.8,2,4,3,2,0,0,1,1,1,1,2,2.88,4.0,0.0,0.0,2.0,2.0,3.0,0.0,0.0,0.0,6.88,16
22500282,UTA,LAL,79.6,80.0,"('Kevin Love', 'Keyonte George')",1.8,2,4,3,2,0,0,1,1,1,1,2,2.88,4.0,0.0,0.0,2.0,2.0,3.0,0.0,0.0,0.0,6.88,16
22500282,UTA,LAL,79.6,80.0,"('Kevin Love', 'Lauri Markkanen')",1.8,2,4,3,2,0,0,1,1,1,1,2,2.88,4.0,0.0,0.0,2.0,2.0,3.0,0.0,0.0,0.0,6.88,16
22500282,UTA,LAL,79.6,80.0,"('Kevin Love', 'Svi Mykhailiuk')",1.8,2,4,3,2,0,0,1,1,1,1,2,2.88,4.0,0.0,0.0,2.0,2.0,3.0,0.0,0.0,0.0,6.88,16
22500282,UTA,LAL,79.6,80.0,"('Keyonte George', 'Lauri Markkanen')",1.8,2,4,3,2,0,0,1,1,1,1,2,2.88,4.0,0.0,0.0,2.0,2.0,3.0,0.0,0.0,0.0,6.88,16
22500282,UTA,LAL,79.6,80.0,"('Keyonte George', 'Svi Mykhailiuk')",1.8,2,4,3,2,0,0,1,1,1,1,2,2.88,4.0,0.0,0.0,2.0,2.0,3.0,0.0,0.0,0.0,6.88,16
22500282,UTA,LAL,79.6,80.0,"('Lauri Markkanen', 'Svi Mykhailiuk')",1.8,2,4,3,2,0,0,1,1,1,1,2,2.88,4.0,0.0,0.0,2.0,2.0,3.0,0.0,0.0,0.0,6.88,16
22500282,UTA,LAL,79.6,79.8,"('Isaiah Collier', 'Kevin Love')",0.6116666666666666,1,4,3,1,0,1,0,0,0,0,0,1.44,2.0,0.0,0.0,0.0,0.0,0.0,0.0,0.0,0.0,3.44,16
22500282,UTA,LAL,79.6,79.8,"('Isaiah Collier', 'Keyonte George')",0.6116666666666666,1,4,3,1,0,1,0,0,0,0,0,1.44,2.0,0.0,0.0,0.0,0.0,0.0,0.0,0.0,0.0,3.44,16
22500282,UTA,LAL,79.6,79.8,"('Isaiah Collier', 'Kyle Filipowski')",0.6116666666666666,1,4,3,1,0,1,0,0,0,0,0,1.44,2.0,0.0,0.0,0.0,0.0,0.0,0.0,0.0,0.0,3.44,16
22500282,UTA,LAL,79.6,79.8,"('Isaiah Collier', 'Taylor Hendricks')",0.6116666666666666,1,4,3,1,0,1,0,0,0,0,0,1.44,2.0,0.0,0.0,0.0,0.0,0.0,0.0,0.0,0.0,3.44,16
22500282,UTA,LAL,79.6,79.8,"('Kevin Love', 'Keyonte George')",0.6116666666666666,1,4,3,1,0,1,0,0,0,0,0,1.44,2.0,0.0,0.0,0.0,0.0,0.0,0.0,0.0,0.0,3.44,16
22500282,UTA,LAL,79.6,79.8,"('Kevin Love', 'Kyle Filipowski')",0.6116666666666666,1,4,3,1,0,1,0,0,0,0,0,1.44,2.0,0.0,0.0,0.0,0.0,0.0,0.0,0.0,0.0,3.44,16
22500282,UTA,LAL,79.6,79.8,"('Kevin Love', 'Taylor Hendricks')",0.6116666666666666,1,4,3,1,0,1,0,0,0,0,0,1.44,2.0,0.0,0.0,0.0,0.0,0.0,0.0,0.0,0.0,3.44,16
22500282,UTA,LAL,79.6,79.8,"('Keyonte George', 'Kyle Filipowski')",0.6116666666666666,1,4,3,1,0,1,0,0,0,0,0,1.44,2.0,0.0,0.0,0.0,0.0,0.0,0.0,0.0,0.0,3.44,16
22500282,UTA,LAL,79.6,79.8,"('Keyonte George', 'Taylor Hendricks')",0.6116666666666666,1,4,3,1,0,1,0,0,0,0,0,1.44,2.0,0.0,0.0,0.0,0.0,0.0,0.0,0.0,0.0,3.44,16
22500282,UTA,LAL,79.6,79.8,"('Kyle Filipowski', 'Taylor Hendricks')",0.6116666666666666,1,4,3,1,0,1,0,0,0,0,0,1.44,2.0,0.0,0.0,0.0,0.0,0.0,0.0,0.0,0.0,3.44,16
22500282,UTA,LAL,80.4,79.8,"('Isaiah Collier', 'Kevin Love')",2.395000000000001,1,6,3,4,3,1,1,1,1,0,1,6.44,6.44,0.0,0.0,0.0,2.0,0.0,2.0,0.0,2.0,12.88,16
22500282,UTA,LAL,80.4,79.8,"('Isaiah Collier', 'Keyonte George')",2.395000000000001,1,6,3,4,3,1,1,1,1,0,1,6.44,6.44,0.0,0.0,0.0,2.0,0.0,2.0,0.0,2.0,12.88,16
22500282,UTA,LAL,80.4,79.8,"('Isaiah Collier', 'Kyle Filipowski')",2.395000000000001,1,6,3,4,3,1,1,1,1,0,1,6.44,6.44,0.0,0.0,0.0,2.0,0.0,2.0,0.0,2.0,12.88,16
22500282,UTA,LAL,80.4,79.8,"('Isaiah Collier', 'Lauri Markkanen')",2.395000000000001,1,6,3,4,3,1,1,1,1,0,1,6.44,6.44,0.0,0.0,0.0,2.0,0.0,2.0,0.0,2.0,12.88,16
22500282,UTA,LAL,80.4,79.8,"('Kevin Love', 'Keyonte George')",2.395000000000001,1,6,3,4,3,1,1,1,1,0,1,6.44,6.44,0.0,0.0,0.0,2.0,0.0,2.0,0.0,2.0,12.88,16
22500282,UTA,LAL,80.4,79.8,"('Kevin Love', 'Kyle Filipowski')",2.395000000000001,1,6,3,4,3,1,1,1,1,0,1,6.44,6.44,0.0,0.0,0.0,2.0,0.0,2.0,0.0,2.0,12.88,16
22500282,UTA,LAL,80.4,79.8,"('Kevin Love', 'Lauri Markkanen')",2.395000000000001,1,6,3,4,3,1,1,1,1,0,1,6.44,6.44,0.0,0.0,0.0,2.0,0.0,2.0,0.0,2.0,12.88,16
22500282,UTA,LAL,80.4,79.8,"('Keyonte George', 'Kyle Filipowski')",2.395000000000001,1,6,3,4,3,1,1,1,1,0,1,6.44,6.44,0.0,0.0,0.0,2.0,0.0,2.0,0.0,2.0,12.88,16
22500282,UTA,LAL,80.4,79.8,"('Keyonte George', 'Lauri Markkanen')",2.395000000000001,1,6,3,4,3,1,1,1,1,0,1,6.44,6.44,0.0,0.0,0.0,2.0,0.0,2.0,0.0,2.0,12.88,16
22500282,UTA,LAL,80.4,79.8,"('Kyle Filipowski', 'Lauri Markkanen')",2.395000000000001,1,6,3,4,3,1,1,1,1,0,1,6.44,6.44,0.0,0.0,0.0,2.0,0.0,2.0,0.0,2.0,12.88,16
22500282,UTA,LAL,79.8,78.6,"('Isaiah Collier', 'Jusuf Nurkić')",2.5,2,4,7,2,3,2,2,2,0,1,1,7.0,6.0,2.0,0.0,0.0,4.0,0.0,5.0,0.0,4.0,13.0,16
22500282,UTA,LAL,79.8,78.6,"('Isaiah Collier', 'Keyonte George')",2.5,2,4,7,2,3,2,2,2,0,1,1,7.0,6.0,2.0,0.0,0.0,4.0,0.0,5.0,0.0,4.0,13.0,16
22500282,UTA,LAL,79.8,78.6,"('Isaiah Collier', 'Lauri Markkanen')",2.5,2,4,7,2,3,2,2,2,0,1,1,7.0,6.0,2.0,0.0,0.0,4.0,0.0,5.0,0.0,4.0,13.0,16
22500282,UTA,LAL,79.8,78.6,"('Isaiah Collier', 'Svi Mykhailiuk')",2.5,2,4,7,2,3,2,2,2,0,1,1,7.0,6.0,2.0,0.0,0.0,4.0,0.0,5.0,0.0,4.0,13.0,16
22500282,UTA,LAL,79.8,78.6,"('Jusuf Nurkić', 'Keyonte George')",2.5,2,4,7,2,3,2,2,2,0,1,1,7.0,6.0,2.0,0.0,0.0,4.0,0.0,5.0,0.0,4.0,13.0,16
22500282,UTA,LAL,79.8,78.6,"('Jusuf Nurkić', 'Lauri Markkanen')",2.5,2,4,7,2,3,2,2,2,0,1,1,7.0,6.0,2.0,0.0,0.0,4.0,0.0,5.0,0.0,4.0,13.0,16
22500282,UTA,LAL,79.8,78.6,"('Jusuf Nurkić', 'Svi Mykhailiuk')",2.5,2,4,7,2,3,2,2,2,0,1,1,7.0,6.0,2.0,0.0,0.0,4.0,0.0,5.0,0.0,4.0,13.0,16
22500282,UTA,LAL,79.8,78.6,"('Keyonte George', 'Lauri Markkanen')",2.5,2,4,7,2,3,2,2,2,0,1,1,7.0,6.0,2.0,0.0,0.0,4.0,0.0,5.0,0.0,4.0,13.0,16
22500282,UTA,LAL,79.8,78.6,"('Keyonte George', 'Svi Mykhailiuk')",2.5,2,4,7,2,3,2,2,2,0,1,1,7.0,6.0,2.0,0.0,0.0,4.0,0.0,5.0,0.0,4.0,13.0,16
22500282,UTA,LAL,79.8,78.6,"('Lauri Markkanen', 'Svi Mykhailiuk')",2.5,2,4,7,2,3,2,2,2,0,1,1,7.0,6.0,2.0,0.0,0.0,4.0,0.0,5.0,0.0,4.0,13.0,16
22500282,UTA,LAL,80.8,79.2,"('Ace Bailey', 'Cody Williams')",0.6166666666666666,1,0,3,0,1,0,1,0,1,1,0,1.0,3.0,0.0,0.0,0.0,0.0,0.0,0.0,3.0,0.0,4.0,16
22500282,UTA,LAL,80.8,79.2,"('Ace Bailey', 'Kevin Love')",0.6166666666666666,1,0,3,0,1,0,1,0,1,1,0,1.0,3.0,0.0,0.0,0.0,0.0,0.0,0.0,3.0,0.0,4.0,16
22500282,UTA,LAL,80.8,79.2,"('Ace Bailey', 'Keyonte George')",0.6166666666666666,1,0,3,0,1,0,1,0,1,1,0,1.0,3.0,0.0,0.0,0.0,0.0,0.0,0.0,3.0,0.0,4.0,16
22500282,UTA,LAL,80.8,79.2,"('Ace Bailey', 'Lauri Markkanen')",0.6166666666666666,1,0,3,0,1,0,1,0,1,1,0,1.0,3.0,0.0,0.0,0.0,0.0,0.0,0.0,3.0,0.0,4.0,16
22500282,UTA,LAL,80.8,79.2,"('Cody Williams', 'Kevin Love')",0.6166666666666666,1,0,3,0,1,0,1,0,1,1,0,1.0,3.0,0.0,0.0,0.0,0.0,0.0,0.0,3.0,0.0,4.0,16
22500282,UTA,LAL,80.8,79.2,"('Cody Williams', 'Keyonte George')",0.6166666666666666,1,0,3,0,1,0,1,0,1,1,0,1.0,3.0,0.0,0.0,0.0,0.0,0.0,0.0,3.0,0.0,4.0,16
22500282,UTA,LAL,80.8,79.2,"('Cody Williams', 'Lauri Markkanen')",0.6166666666666666,1,0,3,0,1,0,1,0,1,1,0,1.0,3.0,0.0,0.0,0.0,0.0,0.0,0.0,3.0,0.0,4.0,16
22500282,UTA,LAL,80.8,79.2,"('Kevin Love', 'Keyonte George')",0.6166666666666666,1,0,3,0,1,0,1,0,1,1,0,1.0,3.0,0.0,0.0,0.0,0.0,0.0,0.0,3.0,0.0,4.0,16
22500282,UTA,LAL,80.8,79.2,"('Kevin Love', 'Lauri Markkanen')",0.6166666666666666,1,0,3,0,1,0,1,0,1,1,0,1.0,3.0,0.0,0.0,0.0,0.0,0.0,0.0,3.0,0.0,4.0,16
22500282,UTA,LAL,80.8,79.2,"('Keyonte George', 'Lauri Markkanen')",0.6166666666666666,1,0,3,0,1,0,1,0,1,1,0,1.0,3.0,0.0,0.0,0.0,0.0,0.0,0.0,3.0,0.0,4.0,16
22500282,UTA,LAL,79.6,79.4,"('Brice Sensabaugh', 'Isaiah Collier')",1.166666666666667,3,0,4,1,3,0,1,0,0,1,1,3.0,2.88,0.0,0.0,0.0,0.0,0.0,2.0,0.0,2.0,5.88,16
22500282,UTA,LAL,79.6,79.4,"('Brice Sensabaugh', 'Keyonte George')",1.166666666666667,3,0,4,1,3,0,1,0,0,1,1,3.0,2.88,0.0,0.0,0.0,0.0,0.0,2.0,0.0,2.0,5.88,16
22500282,UTA,LAL,79.6,79.4,"('Brice Sensabaugh', 'Kyle Filipowski')",1.166666666666667,3,0,4,1,3,0,1,0,0,1,1,3.0,2.88,0.0,0.0,0.0,0.0,0.0,2.0,0.0,2.0,5.88,16
22500282,UTA,LAL,79.6,79.4,"('Brice Sensabaugh', 'Lauri Markkanen')",1.166666666666667,3,0,4,1,3,0,1,0,0,1,1,3.0,2.88,0.0,0.0,0.0,0.0,0.0,2.0,0.0,2.0,5.88,16
22500282,UTA,LAL,79.6,79.4,"('Isaiah Collier', 'Keyonte George')",1.166666666666667,3,0,4,1,3,0,1,0,0,1,1,3.0,2.88,0.0,0.0,0.0,0.0,0.0,2.0,0.0,2.0,5.88,16
22500282,UTA,LAL,79.6,79.4,"('Isaiah Collier', 'Kyle Filipowski')",1.166666666666667,3,0,4,1,3,0,1,0,0,1,1,3.0,2.88,0.0,0.0,0.0,0.0,0.0,2.0,0.0,2.0,5.88,16
22500282,UTA,LAL,79.6,79.4,"('Isaiah Collier', 'Lauri Markkanen')",1.166666666666667,3,0,4,1,3,0,1,0,0,1,1,3.0,2.88,0.0,0.0,0.0,0.0,0.0,2.0,0.0,2.0,5.88,16
22500282,UTA,LAL,79.6,79.4,"('Keyonte George', 'Kyle Filipowski')",1.166666666666667,3,0,4,1,3,0,1,0,0,1,1,3.0,2.88,0.0,0.0,0.0,0.0,0.0,2.0,0.0,2.0,5.88,16
22500282,UTA,LAL,79.6,79.4,"('Keyonte George', 'Lauri Markkanen')",1.166666666666667,3,0,4,1,3,0,1,0,0,1,1,3.0,2.88,0.0,0.0,0.0,0.0,0.0,2.0,0.0,2.0,5.88,16
22500282,UTA,LAL,79.6,79.4,"('Kyle Filipowski', 'Lauri Markkanen')",1.166666666666667,3,0,4,1,3,0,1,0,0,1,1,3.0,2.88,0.0,0.0,0.0,0.0,0.0,2.0,0.0,2.0,5.88,16
22500282,UTA,LAL,80.2,78.0,"('Brice Sensabaugh', 'Jusuf Nurkić')",0.2666666666666666,2,0,2,0,1,0,0,0,0,0,0,1.0,1.0,0.0,0.0,0.0,0.0,0.0,0.0,0.0,2.0,2.0,16
22500282,UTA,LAL,80.2,78.0,"('Brice Sensabaugh', 'Keyonte George')",0.2666666666666666,2,0,2,0,1,0,0,0,0,0,0,1.0,1.0,0.0,0.0,0.0,0.0,0.0,0.0,0.0,2.0,2.0,16
22500282,UTA,LAL,80.2,78.0,"('Brice Sensabaugh', 'Lauri Markkanen')",0.2666666666666666,2,0,2,0,1,0,0,0,0,0,0,1.0,1.0,0.0,0.0,0.0,0.0,0.0,0.0,0.0,2.0,2.0,16
22500282,UTA,LAL,80.2,78.0,"('Brice Sensabaugh', 'Svi Mykhailiuk')",0.2666666666666666,2,0,2,0,1,0,0,0,0,0,0,1.0,1.0,0.0,0.0,0.0,0.0,0.0,0.0,0.0,2.0,2.0,16
22500282,UTA,LAL,80.2,78.0,"('Jusuf Nurkić', 'Keyonte George')",0.2666666666666666,2,0,2,0,1,0,0,0,0,0,0,1.0,1.0,0.0,0.0,0.0,0.0,0.0,0.0,0.0,2.0,2.0,16
22500282,UTA,LAL,80.2,78.0,"('Jusuf Nurkić', 'Lauri Markkanen')",0.2666666666666666,2,0,2,0,1,0,0,0,0,0,0,1.0,1.0,0.0,0.0,0.0,0.0,0.0,0.0,0.0,2.0,2.0,16
22500282,UTA,LAL,80.2,78.0,"('Jusuf Nurkić', 'Svi Mykhailiuk')",0.2666666666666666,2,0,2,0,1,0,0,0,0,0,0,1.0,1.0,0.0,0.0,0.0,0.0,0.0,0.0,0.0,2.0,2.0,16
22500282,UTA,LAL,80.2,78.0,"('Keyonte George', 'Lauri Markkanen')",0.2666666666666666,2,0,2,0,1,0,0,0,0,0,0,1.0,1.0,0.0,0.0,0.0,0.0,0.0,0.0,0.0,2.0,2.0,16
22500282,UTA,LAL,80.2,78.0,"('Keyonte George', 'Svi Mykhailiuk')",0.2666666666666666,2,0,2,0,1,0,0,0,0,0,0,1.0,1.0,0.0,0.0,0.0,0.0,0.0,0.0,0.0,2.0,2.0,16
22500282,UTA,LAL,80.2,78.0,"('Lauri Markkanen', 'Svi Mykhailiuk')",0.2666666666666666,2,0,2,0,1,0,0,0,0,0,0,1.0,1.0,0.0,0.0,0.0,0.0,0.0,0.0,0.0,2.0,2.0,16
22500282,UTA,LAL,80.8,78.8,"('Ace Bailey', 'Keyonte George')",1.9666666666666668,4,1,8,0,4,0,0,0,0,1,1,3.44,4.32,0.0,0.0,0.0,0.0,0.0,0.0,0.0,2.0,7.76,16
22500282,UTA,LAL,80.8,78.8,"('Ace Bailey', 'Kyle Filipowski')",1.9666666666666668,4,1,8,0,4,0,0,0,0,1,1,3.44,4.32,0.0,0.0,0.0,0.0,0.0,0.0,0.0,2.0,7.76,16
22500282,UTA,LAL,80.8,78.8,"('Ace Bailey', 'Lauri Markkanen')",1.9666666666666668,4,1,8,0,4,0,0,0,0,1,1,3.44,4.32,0.0,0.0,0.0,0.0,0.0,0.0,0.0,2.0,7.76,16
22500282,UTA,LAL,80.8,78.8,"('Ace Bailey', 'Svi Mykhailiuk')",1.9666666666666668,4,1,8,0,4,0,0,0,0,1,1,3.44,4.32,0.0,0.0,0.0,0.0,0.0,0.0,0.0,2.0,7.76,16
22500282,UTA,LAL,80.8,78.8,"('Keyonte George', 'Kyle Filipowski')",1.9666666666666668,4,1,8,0,4,0,0,0,0,1,1,3.44,4.32,0.0,0.0,0.0,0.0,0.0,0.0,0.0,2.0,7.76,16
22500282,UTA,LAL,80.8,78.8,"('Keyonte George', 'Lauri Markkanen')",1.9666666666666668,4,1,8,0,4,0,0,0,0,1,1,3.44,4.32,0.0,0.0,0.0,0.0,0.0,0.0,0.0,2.0,7.76,16
22500282,UTA,LAL,80.8,78.8,"('Keyonte George', 'Svi Mykhailiuk')",1.9666666666666668,4,1,8,0,4,0,0,0,0,1,1,3.44,4.32,0.0,0.0,0.0,0.0,0.0,0.0,0.0,2.0,7.76,16
22500282,UTA,LAL,80.8,78.8,"('Kyle Filipowski', 'Lauri Markkanen')",1.9666666666666668,4,1,8,0,4,0,0,0,0,1,1,3.44,4.32,0.0,0.0,0.0,0.0,0.0,0.0,0.0,2.0,7.76,16
22500282,UTA,LAL,80.8,78.8,"('Kyle Filipowski', 'Svi Mykhailiuk')",1.9666666666666668,4,1,8,0,4,0,0,0,0,1,1,3.44,4.32,0.0,0.0,0.0,0.0,0.0,0.0,0.0,2.0,7.76,16
22500282,UTA,LAL,80.8,78.8,"('Lauri Markkanen', 'Svi Mykhailiuk')",1.9666666666666668,4,1,8,0,4,0,0,0,0,1,1,3.44,4.32,0.0,0.0,0.0,0.0,0.0,0.0,0.0,2.0,7.76,16
22500282,UTA,LAL,80.6,79.2,"('Ace Bailey', 'Brice Sensabaugh')",1.95,4,1,1,2,2,0,0,1,0,1,2,2.44,3.44,0.0,0.0,0.0,0.0,0.0,0.0,0.0,0.0,5.88,16
22500282,UTA,LAL,80.6,79.2,"('Ace Bailey', 'Isaiah Collier')",1.95,4,1,1,2,2,0,0,1,0,1,2,2.44,3.44,0.0,0.0,0.0,0.0,0.0,0.0,0.0,0.0,5.88,16
22500282,UTA,LAL,80.6,79.2,"('Ace Bailey', 'Jusuf Nurkić')",1.95,4,1,1,2,2,0,0,1,0,1,2,2.44,3.44,0.0,0.0,0.0,0.0,0.0,0.0,0.0,0.0,5.88,16
22500282,UTA,LAL,80.6,79.2,"('Ace Bailey', 'Lauri Markkanen')",1.95,4,1,1,2,2,0,0,1,0,1,2,2.44,3.44,0.0,0.0,0.0,0.0,0.0,0.0,0.0,0.0,5.88,16
22500282,UTA,LAL,80.6,79.2,"('Brice Sensabaugh', 'Isaiah Collier')",1.95,4,1,1,2,2,0,0,1,0,1,2,2.44,3.44,0.0,0.0,0.0,0.0,0.0,0.0,0.0,0.0,5.88,16
22500282,UTA,LAL,80.6,79.2,"('Brice Sensabaugh', 'Jusuf Nurkić')",1.95,4,1,1,2,2,0,0,1,0,1,2,2.44,3.44,0.0,0.0,0.0,0.0,0.0,0.0,0.0,0.0,5.88,16
22500282,UTA,LAL,80.6,79.2,"('Brice Sensabaugh', 'Lauri Markkanen')",1.95,4,1,1,2,2,0,0,1,0,1,2,2.44,3.44,0.0,0.0,0.0,0.0,0.0,0.0,0.0,0.0,5.88,16
22500282,UTA,LAL,80.6,79.2,"('Isaiah Collier', 'Jusuf Nurkić')",1.95,4,1,1,2,2,0,0,1,0,1,2,2.44,3.44,0.0,0.0,0.0,0.0,0.0,0.0,0.0,0.0,5.88,16
22500282,UTA,LAL,80.6,79.2,"('Isaiah Collier', 'Lauri Markkanen')",1.95,4,1,1,2,2,0,0,1,0,1,2,2.44,3.44,0.0,0.0,0.0,0.0,0.0,0.0,0.0,0.0,5.88,16
22500282,UTA,LAL,80.6,79.2,"('Jusuf Nurkić', 'Lauri Markkanen')",1.95,4,1,1,2,2,0,0,1,0,1,2,2.44,3.44,0.0,0.0,0.0,0.0,0.0,0.0,0.0,0.0,5.88,16
22500282,UTA,LAL,80.6,78.6,"('Ace Bailey', 'Kevin Love')",1.4666666666666668,3,4,3,1,1,1,1,0,1,0,1,3.0,3.44,0.0,0.0,2.0,4.0,0.0,0.0,0.0,2.0,6.44,16
22500282,UTA,LAL,80.6,78.6,"('Ace Bailey', 'Keyonte George')",1.4666666666666668,3,4,3,1,1,1,1,0,1,0,1,3.0,3.44,0.0,0.0,2.0,4.0,0.0,0.0,0.0,2.0,6.44,16
22500282,UTA,LAL,80.6,78.6,"('Ace Bailey', 'Lauri Markkanen')",1.4666666666666668,3,4,3,1,1,1,1,0,1,0,1,3.0,3.44,0.0,0.0,2.0,4.0,0.0,0.0,0.0,2.0,6.44,16
22500282,UTA,LAL,80.6,78.6,"('Ace Bailey', 'Svi Mykhailiuk')",1.4666666666666668,3,4,3,1,1,1,1,0,1,0,1,3.0,3.44,0.0,0.0,2.0,4.0,0.0,0.0,0.0,2.0,6.44,16
22500282,UTA,LAL,80.6,78.6,"('Kevin Love', 'Keyonte George')",1.4666666666666668,3,4,3,1,1,1,1,0,1,0,1,3.0,3.44,0.0,0.0,2.0,4.0,0.0,0.0,0.0,2.0,6.44,16
22500282,UTA,LAL,80.6,78.6,"('Kevin Love', 'Lauri Markkanen')",1.4666666666666668,3,4,3,1,1,1,1,0,1,0,1,3.0,3.44,0.0,0.0,2.0,4.0,0.0,0.0,0.0,2.0,6.44,16
22500282,UTA,LAL,80.6,78.6,"('Kevin Love', 'Svi Mykhailiuk')",1.4666666666666668,3,4,3,1,1,1,1,0,1,0,1,3.0,3.44,0.0,0.0,2.0,4.0,0.0,0.0,0.0,2.0,6.44,16
22500282,UTA,LAL,80.6,78.6,"('Keyonte George', 'Lauri Markkanen')",1.4666666666666668,3,4,3,1,1,1,1,0,1,0,1,3.0,3.44,0.0,0.0,2.0,4.0,0.0,0.0,0.0,2.0,6.44,16
22500282,UTA,LAL,80.6,78.6,"('Keyonte George', 'Svi Mykhailiuk')",1.4666666666666668,3,4,3,1,1,1,1,0,1,0,1,3.0,3.44,0.0,0.0,2.0,4.0,0.0,0.0,0.0,2.0,6.44,16
22500282,UTA,LAL,80.6,78.6,"('Lauri Markkanen', 'Svi Mykhailiuk')",1.4666666666666668,3,4,3,1,1,1,1,0,1,0,1,3.0,3.44,0.0,0.0,2.0,4.0,0.0,0.0,0.0,2.0,6.44,16
22500282,UTA,LAL,80.8,79.0,"('Ace Bailey', 'Jusuf Nurkić')",4.621666666666665,4,17,7,3,2,6,2,0,2,1,0,11.0,9.88,5.0,4.0,2.0,8.0,0.0,0.0,0.0,2.0,20.880000000000003,16
22500282,UTA,LAL,80.8,79.0,"('Ace Bailey', 'Keyonte George')",4.621666666666665,4,17,7,3,2,6,2,0,2,1,0,11.0,9.88,5.0,4.0,2.0,8.0,0.0,0.0,0.0,2.0,20.880000000000003,16
22500282,UTA,LAL,80.8,79.0,"('Ace Bailey', 'Lauri Markkanen')",4.621666666666665,4,17,7,3,2,6,2,0,2,1,0,11.0,9.88,5.0,4.0,2.0,8.0,0.0,0.0,0.0,2.0,20.880000000000003,16
22500282,UTA,LAL,80.8,79.0,"('Ace Bailey', 'Svi Mykhailiuk')",4.621666666666665,4,17,7,3,2,6,2,0,2,1,0,11.0,9.88,5.0,4.0,2.0,8.0,0.0,0.0,0.0,2.0,20.880000000000003,16
22500282,UTA,LAL,80.8,79.0,"('Jusuf Nurkić', 'Keyonte George')",4.621666666666665,4,17,7,3,2,6,2,0,2,1,0,11.0,9.88,5.0,4.0,2.0,8.0,0.0,0.0,0.0,2.0,20.880000000000003,16
22500282,UTA,LAL,80.8,79.0,"('Jusuf Nurkić', 'Lauri Markkanen')",4.621666666666665,4,17,7,3,2,6,2,0,2,1,0,11.0,9.88,5.0,4.0,2.0,8.0,0.0,0.0,0.0,2.0,20.880000000000003,16
22500282,UTA,LAL,80.8,79.0,"('Jusuf Nurkić', 'Svi Mykhailiuk')",4.621666666666665,4,17,7,3,2,6,2,0,2,1,0,11.0,9.88,5.0,4.0,2.0,8.0,0.0,0.0,0.0,2.0,20.880000000000003,16
22500282,UTA,LAL,80.8,79.0,"('Keyonte George', 'Lauri Markkanen')",4.621666666666665,4,17,7,3,2,6,2,0,2,1,0,11.0,9.88,5.0,4.0,2.0,8.0,0.0,0.0,0.0,2.0,20.880000000000003,16
22500282,UTA,LAL,80.8,79.0,"('Keyonte George', 'Svi Mykhailiuk')",4.621666666666665,4,17,7,3,2,6,2,0,2,1,0,11.0,9.88,5.0,4.0,2.0,8.0,0.0,0.0,0.0,2.0,20.880000000000003,16
22500282,UTA,LAL,80.8,79.0,"('Lauri Markkanen', 'Svi Mykhailiuk')",4.621666666666665,4,17,7,3,2,6,2,0,2,1,0,11.0,9.88,5.0,4.0,2.0,8.0,0.0,0.0,0.0,2.0,20.880000000000003,16
22500282,UTA,LAL,80.4,79.0,"('Ace Bailey', 'Isaiah Collier')",2.1500000000000004,4,3,5,2,3,1,1,2,1,2,2,6.0,5.32,0.0,0.0,0.0,0.0,2.0,2.0,0.0,2.0,11.32,16
22500282,UTA,LAL,80.4,79.0,"('Ace Bailey', 'Jusuf Nurkić')",2.1500000000000004,4,3,5,2,3,1,1,2,1,2,2,6.0,5.32,0.0,0.0,0.0,0.0,2.0,2.0,0.0,2.0,11.32,16
22500282,UTA,LAL,80.4,79.0,"('Ace Bailey', 'Kyle Filipowski')",2.1500000000000004,4,3,5,2,3,1,1,2,1,2,2,6.0,5.32,0.0,0.0,0.0,0.0,2.0,2.0,0.0,2.0,11.32,16
22500282,UTA,LAL,80.4,79.0,"('Ace Bailey', 'Svi Mykhailiuk')",2.1500000000000004,4,3,5,2,3,1,1,2,1,2,2,6.0,5.32,0.0,0.0,0.0,0.0,2.0,2.0,0.0,2.0,11.32,16
22500282,UTA,LAL,80.4,79.0,"('Isaiah Collier', 'Jusuf Nurkić')",2.1500000000000004,4,3,5,2,3,1,1,2,1,2,2,6.0,5.32,0.0,0.0,0.0,0.0,2.0,2.0,0.0,2.0,11.32,16
22500282,UTA,LAL,80.4,79.0,"('Isaiah Collier', 'Kyle Filipowski')",2.1500000000000004,4,3,5,2,3,1,1,2,1,2,2,6.0,5.32,0.0,0.0,0.0,0.0,2.0,2.0,0.0,2.0,11.32,16
22500282,UTA,LAL,80.4,79.0,"('Isaiah Collier', 'Svi Mykhailiuk')",2.1500000000000004,4,3,5,2,3,1,1,2,1,2,2,6.0,5.32,0.0,0.0,0.0,0.0,2.0,2.0,0.0,2.0,11.32,16
22500282,UTA,LAL,80.4,79.0,"('Jusuf Nurkić', 'Kyle Filipowski')",2.1500000000000004,4,3,5,2,3,1,1,2,1,2,2,6.0,5.32,0.0,0.0,0.0,0.0,2.0,2.0,0.0,2.0,11.32,16
22500282,UTA,LAL,80.4,79.0,"('Jusuf Nurkić', 'Svi Mykhailiuk')",2.1500000000000004,4,3,5,2,3,1,1,2,1,2,2,6.0,5.32,0.0,0.0,0.0,0.0,2.0,2.0,0.0,2.0,11.32,16
22500282,UTA,LAL,80.4,79.0,"('Kyle Filipowski', 'Svi Mykhailiuk')",2.1500000000000004,4,3,5,2,3,1,1,2,1,2,2,6.0,5.32,0.0,0.0,0.0,0.0,2.0,2.0,0.0,2.0,11.32,16
22500282,UTA,LAL,81.2,78.8,"('Jusuf Nurkić', 'Keyonte George')",1.1666666666666667,4,3,3,0,1,0,0,0,1,1,1,2.3200000000000003,2.44,0.0,0.0,0.0,0.0,0.0,0.0,0.0,2.0,4.76,16
22500282,UTA,LAL,81.2,78.8,"('Jusuf Nurkić', 'Kyle Filipowski')",1.1666666666666667,4,3,3,0,1,0,0,0,1,1,1,2.3200000000000003,2.44,0.0,0.0,0.0,0.0,0.0,0.0,0.0,2.0,4.76,16
22500282,UTA,LAL,81.2,78.8,"('Jusuf Nurkić', 'Lauri Markkanen')",1.1666666666666667,4,3,3,0,1,0,0,0,1,1,1,2.3200000000000003,2.44,0.0,0.0,0.0,0.0,0.0,0.0,0.0,2.0,4.76,16
22500282,UTA,LAL,81.2,78.8,"('Jusuf Nurkić', 'Svi Mykhailiuk')",1.1666666666666667,4,3,3,0,1,0,0,0,1,1,1,2.3200000000000003,2.44,0.0,0.0,0.0,0.0,0.0,0.0,0.0,2.0,4.76,16
22500282,UTA,LAL,81.2,78.8,"('Keyonte George', 'Kyle Filipowski')",1.1666666666666667,4,3,3,0,1,0,0,0,1,1,1,2.3200000000000003,2.44,0.0,0.0,0.0,0.0,0.0,0.0,0.0,2.0,4.76,16
22500282,UTA,LAL,81.2,78.8,"('Keyonte George', 'Lauri Markkanen')",1.1666666666666667,4,3,3,0,1,0,0,0,1,1,1,2.3200000000000003,2.44,0.0,0.0,0.0,0.0,0.0,0.0,0.0,2.0,4.76,16
22500282,UTA,LAL,81.2,78.8,"('Keyonte George', 'Svi Mykhailiuk')",1.1666666666666667,4,3,3,0,1,0,0,0,1,1,1,2.3200000000000003,2.44,0.0,0.0,0.0,0.0,0.0,0.0,0.0,2.0,4.76,16
22500282,UTA,LAL,81.2,78.8,"('Kyle Filipowski', 'Lauri Markkanen')",1.1666666666666667,4,3,3,0,1,0,0,0,1,1,1,2.3200000000000003,2.44,0.0,0.0,0.0,0.0,0.0,0.0,0.0,2.0,4.76,16
22500282,UTA,LAL,81.2,78.8,"('Kyle Filipowski', 'Svi Mykhailiuk')",1.1666666666666667,4,3,3,0,1,0,0,0,1,1,1,2.3200000000000003,2.44,0.0,0.0,0.0,0.0,0.0,0.0,0.0,2.0,4.76,16
22500282,UTA,LAL,81.2,78.8,"('Lauri Markkanen', 'Svi Mykhailiuk')",1.1666666666666667,4,3,3,0,1,0,0,0,1,1,1,2.3200000000000003,2.44,0.0,0.0,0.0,0.0,0.0,0.0,0.0,2.0,4.76,16
22500282,UTA,LAL,80.0,78.6,"('Brice Sensabaugh', 'Kevin Love')",0.5333333333333333,2,0,2,0,0,0,1,1,0,1,0,2.0,1.0,0.0,0.0,0.0,0.0,2.0,2.0,0.0,2.0,3.0,16
22500282,UTA,LAL,80.0,78.6,"('Brice Sensabaugh', 'Keyonte George')",0.5333333333333333,2,0,2,0,0,0,1,1,0,1,0,2.0,1.0,0.0,0.0,0.0,0.0,2.0,2.0,0.0,2.0,3.0,16
22500282,UTA,LAL,80.0,78.6,"('Brice Sensabaugh', 'Lauri Markkanen')",0.5333333333333333,2,0,2,0,0,0,1,1,0,1,0,2.0,1.0,0.0,0.0,0.0,0.0,2.0,2.0,0.0,2.0,3.0,16
22500282,UTA,LAL,80.0,78.6,"('Brice Sensabaugh', 'Svi Mykhailiuk')",0.5333333333333333,2,0,2,0,0,0,1,1,0,1,0,2.0,1.0,0.0,0.0,0.0,0.0,2.0,2.0,0.0,2.0,3.0,16
22500282,UTA,LAL,80.0,78.6,"('Kevin Love', 'Keyonte George')",0.5333333333333333,2,0,2,0,0,0,1,1,0,1,0,2.0,1.0,0.0,0.0,0.0,0.0,2.0,2.0,0.0,2.0,3.0,16
22500282,UTA,LAL,80.0,78.6,"('Kevin Love', 'Lauri Markkanen')",0.5333333333333333,2,0,2,0,0,0,1,1,0,1,0,2.0,1.0,0.0,0.0,0.0,0.0,2.0,2.0,0.0,2.0,3.0,16
22500282,UTA,LAL,80.0,78.6,"('Kevin Love', 'Svi Mykhailiuk')",0.5333333333333333,2,0,2,0,0,0,1,1,0,1,0,2.0,1.0,0.0,0.0,0.0,0.0,2.0,2.0,0.0,2.0,3.0,16
22500282,UTA,LAL,80.0,78.6,"('Keyonte George', 'Lauri Markkanen')",0.5333333333333333,2,0,2,0,0,0,1,1,0,1,0,2.0,1.0,0.0,0.0,0.0,0.0,2.0,2.0,0.0,2.0,3.0,16
22500282,UTA,LAL,80.0,78.6,"('Keyonte George', 'Svi Mykhailiuk')",0.5333333333333333,2,0,2,0,0,0,1,1,0,1,0,2.0,1.0,0.0,0.0,0.0,0.0,2.0,2.0,0.0,2.0,3.0,16
22500282,UTA,LAL,80.0,78.6,"('Lauri Markkanen', 'Svi Mykhailiuk')",0.5333333333333333,2,0,2,0,0,0,1,1,0,1,0,2.0,1.0,0.0,0.0,0.0,0.0,2.0,2.0,0.0,2.0,3.0,16
22500282,UTA,LAL,79.0,79.4,"('Brice Sensabaugh', 'Isaiah Collier')",2.483333333333333,3,2,6,3,3,1,2,1,1,1,0,6.0,6.44,0.0,0.0,0.0,2.0,0.0,3.0,0.0,2.0,12.44,16
22500282,UTA,LAL,79.0,79.4,"('Brice Sensabaugh', 'Kevin Love')",2.483333333333333,3,2,6,3,3,1,2,1,1,1,0,6.0,6.44,0.0,0.0,0.0,2.0,0.0,3.0,0.0,2.0,12.44,16
22500282,UTA,LAL,79.0,79.4,"('Brice Sensabaugh', 'Keyonte George')",2.483333333333333,3,2,6,3,3,1,2,1,1,1,0,6.0,6.44,0.0,0.0,0.0,2.0,0.0,3.0,0.0,2.0,12.44,16
22500282,UTA,LAL,79.0,79.4,"('Brice Sensabaugh', 'Kyle Filipowski')",2.483333333333333,3,2,6,3,3,1,2,1,1,1,0,6.0,6.44,0.0,0.0,0.0,2.0,0.0,3.0,0.0,2.0,12.44,16
22500282,UTA,LAL,79.0,79.4,"('Isaiah Collier', 'Kevin Love')",2.483333333333333,3,2,6,3,3,1,2,1,1,1,0,6.0,6.44,0.0,0.0,0.0,2.0,0.0,3.0,0.0,2.0,12.44,16
22500282,UTA,LAL,79.0,79.4,"('Isaiah Collier', 'Keyonte George')",2.483333333333333,3,2,6,3,3,1,2,1,1,1,0,6.0,6.44,0.0,0.0,0.0,2.0,0.0,3.0,0.0,2.0,12.44,16
22500282,UTA,LAL,79.0,79.4,"('Isaiah Collier', 'Kyle Filipowski')",2.483333333333333,3,2,6,3,3,1,2,1,1,1,0,6.0,6.44,0.0,0.0,0.0,2.0,0.0,3.0,0.0,2.0,12.44,16
22500282,UTA,LAL,79.0,79.4,"('Kevin Love', 'Keyonte George')",2.483333333333333,3,2,6,3,3,1,2,1,1,1,0,6.0,6.44,0.0,0.0,0.0,2.0,0.0,3.0,0.0,2.0,12.44,16
22500282,UTA,LAL,79.0,79.4,"('Kevin Love', 'Kyle Filipowski')",2.483333333333333,3,2,6,3,3,1,2,1,1,1,0,6.0,6.44,0.0,0.0,0.0,2.0,0.0,3.0,0.0,2.0,12.44,16
22500282,UTA,LAL,79.0,79.4,"('Keyonte George', 'Kyle Filipowski')",2.483333333333333,3,2,6,3,3,1,2,1,1,1,0,6.0,6.44,0.0,0.0,0.0,2.0,0.0,3.0,0.0,2.0,12.44,16
22500282,UTA,LAL,80.6,79.4,"('Ace Bailey', 'Brice Sensabaugh')",1.3166666666666669,3,3,3,2,0,1,0,1,0,2,0,3.44,3.3200000000000003,0.0,0.0,0.0,2.0,0.0,0.0,0.0,0.0,6.76,16
22500282,UTA,LAL,80.6,79.4,"('Ace Bailey', 'Keyonte George')",1.3166666666666669,3,3,3,2,0,1,0,1,0,2,0,3.44,3.3200000000000003,0.0,0.0,0.0,2.0,0.0,0.0,0.0,0.0,6.76,16
22500282,UTA,LAL,80.6,79.4,"('Ace Bailey', 'Kyle Filipowski')",1.3166666666666669,3,3,3,2,0,1,0,1,0,2,0,3.44,3.3200000000000003,0.0,0.0,0.0,2.0,0.0,0.0,0.0,0.0,6.76,16
22500282,UTA,LAL,80.6,79.4,"('Ace Bailey', 'Lauri Markkanen')",1.3166666666666669,3,3,3,2,0,1,0,1,0,2,0,3.44,3.3200000000000003,0.0,0.0,0.0,2.0,0.0,0.0,0.0,0.0,6.76,16
22500282,UTA,LAL,80.6,79.4,"('Brice Sensabaugh', 'Keyonte George')",1.3166666666666669,3,3,3,2,0,1,0,1,0,2,0,3.44,3.3200000000000003,0.0,0.0,0.0,2.0,0.0,0.0,0.0,0.0,6.76,16
22500282,UTA,LAL,80.6,79.4,"('Brice Sensabaugh', 'Kyle Filipowski')",1.3166666666666669,3,3,3,2,0,1,0,1,0,2,0,3.44,3.3200000000000003,0.0,0.0,0.0,2.0,0.0,0.0,0.0,0.0,6.76,16
22500282,UTA,LAL,80.6,79.4,"('Brice Sensabaugh', 'Lauri Markkanen')",1.3166666666666669,3,3,3,2,0,1,0,1,0,2,0,3.44,3.3200000000000003,0.0,0.0,0.0,2.0,0.0,0.0,0.0,0.0,6.76,16
22500282,UTA,LAL,80.6,79.4,"('Keyonte George', 'Kyle Filipowski')",1.3166666666666669,3,3,3,2,0,1,0,1,0,2,0,3.44,3.3200000000000003,0.0,0.0,0.0,2.0,0.0,0.0,0.0,0.0,6.76,16
22500282,UTA,LAL,80.6,79.4,"('Keyonte George', 'Lauri Markkanen')",1.3166666666666669,3,3,3,2,0,1,0,1,0,2,0,3.44,3.3200000000000003,0.0,0.0,0.0,2.0,0.0,0.0,0.0,0.0,6.76,16
22500282,UTA,LAL,80.6,79.4,"('Kyle Filipowski', 'Lauri Markkanen')",1.3166666666666669,3,3,3,2,0,1,0,1,0,2,0,3.44,3.3200000000000003,0.0,0.0,0.0,2.0,0.0,0.0,0.0,0.0,6.76,16
22500282,UTA,LAL,79.8,79.2,"('Cody Williams', 'Isaiah Collier')",0.6,1,4,0,1,0,2,0,0,0,0,0,2.0,1.0,2.0,2.0,0.0,4.0,0.0,0.0,0.0,0.0,3.0,16
22500282,UTA,LAL,79.8,79.2,"('Cody Williams', 'Kevin Love')",0.6,1,4,0,1,0,2,0,0,0,0,0,2.0,1.0,2.0,2.0,0.0,4.0,0.0,0.0,0.0,0.0,3.0,16
22500282,UTA,LAL,79.8,79.2,"('Cody Williams', 'Keyonte George')",0.6,1,4,0,1,0,2,0,0,0,0,0,2.0,1.0,2.0,2.0,0.0,4.0,0.0,0.0,0.0,0.0,3.0,16
22500282,UTA,LAL,79.8,79.2,"('Cody Williams', 'Lauri Markkanen')",0.6,1,4,0,1,0,2,0,0,0,0,0,2.0,1.0,2.0,2.0,0.0,4.0,0.0,0.0,0.0,0.0,3.0,16
22500282,UTA,LAL,79.8,79.2,"('Isaiah Collier', 'Kevin Love')",0.6,1,4,0,1,0,2,0,0,0,0,0,2.0,1.0,2.0,2.0,0.0,4.0,0.0,0.0,0.0,0.0,3.0,16
22500282,UTA,LAL,79.8,79.2,"('Isaiah Collier', 'Keyonte George')",0.6,1,4,0,1,0,2,0,0,0,0,0,2.0,1.0,2.0,2.0,0.0,4.0,0.0,0.0,0.0,0.0,3.0,16
22500282,UTA,LAL,79.8,79.2,"('Isaiah Collier', 'Lauri Markkanen')",0.6,1,4,0,1,0,2,0,0,0,0,0,2.0,1.0,2.0,2.0,0.0,4.0,0.0,0.0,0.0,0.0,3.0,16
22500282,UTA,LAL,79.8,79.2,"('Kevin Love', 'Keyonte George')",0.6,1,4,0,1,0,2,0,0,0,0,0,2.0,1.0,2.0,2.0,0.0,4.0,0.0,0.0,0.0,0.0,3.0,16
22500282,UTA,LAL,79.8,79.2,"('Kevin Love', 'Lauri Markkanen')",0.6,1,4,0,1,0,2,0,0,0,0,0,2.0,1.0,2.0,2.0,0.0,4.0,0.0,0.0,0.0,0.0,3.0,16
22500282,UTA,LAL,79.8,79.2,"('Keyonte George', 'Lauri Markkanen')",0.6,1,4,0,1,0,2,0,0,0,0,0,2.0,1.0,2.0,2.0,0.0,4.0,0.0,0.0,0.0,0.0,3.0,16
22500282,UTA,LAL,79.4,79.6,"('Cody Williams', 'Isaiah Collier')",2.1333333333333337,1,0,9,0,3,0,2,1,1,2,0,4.0,5.0,0.0,0.0,0.0,0.0,2.0,2.0,0.0,6.0,9.0,16
22500282,UTA,LAL,79.4,79.6,"('Cody Williams', 'Kevin Love')",2.1333333333333337,1,0,9,0,3,0,2,1,1,2,0,4.0,5.0,0.0,0.0,0.0,0.0,2.0,2.0,0.0,6.0,9.0,16
22500282,UTA,LAL,79.4,79.6,"('Cody Williams', 'Keyonte George')",2.1333333333333337,1,0,9,0,3,0,2,1,1,2,0,4.0,5.0,0.0,0.0,0.0,0.0,2.0,2.0,0.0,6.0,9.0,16
22500282,UTA,LAL,79.4,79.6,"('Cody Williams', 'Kyle Filipowski')",2.1333333333333337,1,0,9,0,3,0,2,1,1,2,0,4.0,5.0,0.0,0.0,0.0,0.0,2.0,2.0,0.0,6.0,9.0,16
22500282,UTA,LAL,79.4,79.6,"('Isaiah Collier', 'Kevin Love')",2.1333333333333337,1,0,9,0,3,0,2,1,1,2,0,4.0,5.0,0.0,0.0,0.0,0.0,2.0,2.0,0.0,6.0,9.0,16
22500282,UTA,LAL,79.4,79.6,"('Isaiah Collier', 'Keyonte George')",2.1333333333333337,1,0,9,0,3,0,2,1,1,2,0,4.0,5.0,0.0,0.0,0.0,0.0,2.0,2.0,0.0,6.0,9.0,16
22500282,UTA,LAL,79.4,79.6,"('Isaiah Collier', 'Kyle Filipowski')",2.1333333333333337,1,0,9,0,3,0,2,1,1,2,0,4.0,5.0,0.0,0.0,0.0,0.0,2.0,2.0,0.0,6.0,9.0,16
22500282,UTA,LAL,79.4,79.6,"('Kevin Love', 'Keyonte George')",2.1333333333333337,1,0,9,0,3,0,2,1,1,2,0,4.0,5.0,0.0,0.0,0.0,0.0,2.0,2.0,0.0,6.0,9.0,16
22500282,UTA,LAL,79.4,79.6,"('Kevin Love', 'Kyle Filipowski')",2.1333333333333337,1,0,9,0,3,0,2,1,1,2,0,4.0,5.0,0.0,0.0,0.0,0.0,2.0,2.0,0.0,6.0,9.0,16
22500282,UTA,LAL,79.4,79.6,"('Keyonte George', 'Kyle Filipowski')",2.1333333333333337,1,0,9,0,3,0,2,1,1,2,0,4.0,5.0,0.0,0.0,0.0,0.0,2.0,2.0,0.0,6.0,9.0,16
22500282,UTA,LAL,80.8,80.4,"('Ace Bailey', 'Jusuf Nurkić')",5.199999999999999,1,16,14,6,7,4,2,1,2,2,0,13.0,13.88,4.0,2.0,2.0,10.0,0.0,2.0,2.0,12.0,26.880000000000003,16
22500282,UTA,LAL,80.8,80.4,"('Ace Bailey', 'Keyonte George')",5.199999999999999,1,16,14,6,7,4,2,1,2,2,0,13.0,13.88,4.0,2.0,2.0,10.0,0.0,2.0,2.0,12.0,26.880000000000003,16
22500282,UTA,LAL,80.8,80.4,"('Ace Bailey', 'Lauri Markkanen')",5.199999999999999,1,16,14,6,7,4,2,1,2,2,0,13.0,13.88,4.0,2.0,2.0,10.0,0.0,2.0,2.0,12.0,26.880000000000003,16
22500282,UTA,LAL,80.8,80.4,"('Ace Bailey', 'Svi Mykhailiuk')",5.199999999999999,1,16,14,6,7,4,2,1,2,2,0,13.0,13.88,4.0,2.0,2.0,10.0,0.0,2.0,2.0,12.0,26.880000000000003,16
22500282,UTA,LAL,80.8,80.4,"('Jusuf Nurkić', 'Keyonte George')",5.199999999999999,1,16,14,6,7,4,2,1,2,2,0,13.0,13.88,4.0,2.0,2.0,10.0,0.0,2.0,2.0,12.0,26.880000000000003,16
22500282,UTA,LAL,80.8,80.4,"('Jusuf Nurkić', 'Lauri Markkanen')",5.199999999999999,1,16,14,6,7,4,2,1,2,2,0,13.0,13.88,4.0,2.0,2.0,10.0,0.0,2.0,2.0,12.0,26.880000000000003,16
22500282,UTA,LAL,80.8,80.4,"('Jusuf Nurkić', 'Svi Mykhailiuk')",5.199999999999999,1,16,14,6,7,4,2,1,2,2,0,13.0,13.88,4.0,2.0,2.0,10.0,0.0,2.0,2.0,12.0,26.880000000000003,16
22500282,UTA,LAL,80.8,80.4,"('Keyonte George', 'Lauri Markkanen')",5.199999999999999,1,16,14,6,7,4,2,1,2,2,0,13.0,13.88,4.0,2.0,2.0,10.0,0.0,2.0,2.0,12.0,26.880000000000003,16
22500282,UTA,LAL,80.8,80.4,"('Keyonte George', 'Svi Mykhailiuk')",5.199999999999999,1,16,14,6,7,4,2,1,2,2,0,13.0,13.88,4.0,2.0,2.0,10.0,0.0,2.0,2.0,12.0,26.880000000000003,16
22500282,UTA,LAL,80.8,80.4,"('Lauri Markkanen', 'Svi Mykhailiuk')",5.199999999999999,1,16,14,6,7,4,2,1,2,2,0,13.0,13.88,4.0,2.0,2.0,10.0,0.0,2.0,2.0,12.0,26.880000000000003,16
22500282,UTA,LAL,80.2,79.0,"('Ace Bailey', 'Brice Sensabaugh')",2.583333333333333,2,9,8,2,2,2,3,0,2,0,1,5.88,6.0,0.0,0.0,0.0,4.0,0.0,0.0,0.0,2.0,11.88,16
22500282,UTA,LAL,80.2,79.0,"('Ace Bailey', 'Isaiah Collier')",2.583333333333333,2,9,8,2,2,2,3,0,2,0,1,5.88,6.0,0.0,0.0,0.0,4.0,0.0,0.0,0.0,2.0,11.88,16
22500282,UTA,LAL,80.2,79.0,"('Ace Bailey', 'Jusuf Nurkić')",2.583333333333333,2,9,8,2,2,2,3,0,2,0,1,5.88,6.0,0.0,0.0,0.0,4.0,0.0,0.0,0.0,2.0,11.88,16
22500282,UTA,LAL,80.2,79.0,"('Ace Bailey', 'Kyle Filipowski')",2.583333333333333,2,9,8,2,2,2,3,0,2,0,1,5.88,6.0,0.0,0.0,0.0,4.0,0.0,0.0,0.0,2.0,11.88,16
22500282,UTA,LAL,80.2,79.0,"('Brice Sensabaugh', 'Isaiah Collier')",2.583333333333333,2,9,8,2,2,2,3,0,2,0,1,5.88,6.0,0.0,0.0,0.0,4.0,0.0,0.0,0.0,2.0,11.88,16
22500282,UTA,LAL,80.2,79.0,"('Brice Sensabaugh', 'Jusuf Nurkić')",2.583333333333333,2,9,8,2,2,2,3,0,2,0,1,5.88,6.0,0.0,0.0,0.0,4.0,0.0,0.0,0.0,2.0,11.88,16
22500282,UTA,LAL,80.2,79.0,"('Brice Sensabaugh', 'Kyle Filipowski')",2.583333333333333,2,9,8,2,2,2,3,0,2,0,1,5.88,6.0,0.0,0.0,0.0,4.0,0.0,0.0,0.0,2.0,11.88,16
22500282,UTA,LAL,80.2,79.0,"('Isaiah Collier', 'Jusuf Nurkić')",2.583333333333333,2,9,8,2,2,2,3,0,2,0,1,5.88,6.0,0.0,0.0,0.0,4.0,0.0,0.0,0.0,2.0,11.88,16
22500282,UTA,LAL,80.2,79.0,"('Isaiah Collier', 'Kyle Filipowski')",2.583333333333333,2,9,8,2,2,2,3,0,2,0,1,5.88,6.0,0.0,0.0,0.0,4.0,0.0,0.0,0.0,2.0,11.88,16
22500282,UTA,LAL,80.2,79.0,"('Jusuf Nurkić', 'Kyle Filipowski')",2.583333333333333,2,9,8,2,2,2,3,0,2,0,1,5.88,6.0,0.0,0.0,0.0,4.0,0.0,0.0,0.0,2.0,11.88,16
22500282,UTA,LAL,80.2,79.2,"('Ace Bailey', 'Brice Sensabaugh')",1.8166666666666669,2,2,6,2,2,0,1,1,0,0,1,5.0,5.0,0.0,0.0,0.0,2.0,0.0,4.0,0.0,6.0,10.0,16
22500282,UTA,LAL,80.2,79.2,"('Ace Bailey', 'Jusuf Nurkić')",1.8166666666666669,2,2,6,2,2,0,1,1,0,0,1,5.0,5.0,0.0,0.0,0.0,2.0,0.0,4.0,0.0,6.0,10.0,16
22500282,UTA,LAL,80.2,79.2,"('Ace Bailey', 'Keyonte George')",1.8166666666666669,2,2,6,2,2,0,1,1,0,0,1,5.0,5.0,0.0,0.0,0.0,2.0,0.0,4.0,0.0,6.0,10.0,16
22500282,UTA,LAL,80.2,79.2,"('Ace Bailey', 'Kyle Filipowski')",1.8166666666666669,2,2,6,2,2,0,1,1,0,0,1,5.0,5.0,0.0,0.0,0.0,2.0,0.0,4.0,0.0,6.0,10.0,16
22500282,UTA,LAL,80.2,79.2,"('Brice Sensabaugh', 'Jusuf Nurkić')",1.8166666666666669,2,2,6,2,2,0,1,1,0,0,1,5.0,5.0,0.0,0.0,0.0,2.0,0.0,4.0,0.0,6.0,10.0,16
22500282,UTA,LAL,80.2,79.2,"('Brice Sensabaugh', 'Keyonte George')",1.8166666666666669,2,2,6,2,2,0,1,1,0,0,1,5.0,5.0,0.0,0.0,0.0,2.0,0.0,4.0,0.0,6.0,10.0,16
22500282,UTA,LAL,80.2,79.2,"('Brice Sensabaugh', 'Kyle Filipowski')",1.8166666666666669,2,2,6,2,2,0,1,1,0,0,1,5.0,5.0,0.0,0.0,0.0,2.0,0.0,4.0,0.0,6.0,10.0,16
22500282,UTA,LAL,80.2,79.2,"('Jusuf Nurkić', 'Keyonte George')",1.8166666666666669,2,2,6,2,2,0,1,1,0,0,1,5.0,5.0,0.0,0.0,0.0,2.0,0.0,4.0,0.0,6.0,10.0,16
22500282,UTA,LAL,80.2,79.2,"('Jusuf Nurkić', 'Kyle Filipowski')",1.8166666666666669,2,2,6,2,2,0,1,1,0,0,1,5.0,5.0,0.0,0.0,0.0,2.0,0.0,4.0,0.0,6.0,10.0,16
22500282,UTA,LAL,80.2,79.2,"('Keyonte George', 'Kyle Filipowski')",1.8166666666666669,2,2,6,2,2,0,1,1,0,0,1,5.0,5.0,0.0,0.0,0.0,2.0,0.0,4.0,0.0,6.0,10.0,16
22500282,UTA,LAL,80.8,80.0,"('Ace Bailey', 'Jusuf Nurkić')",5.183333333333334,3,17,6,7,3,4,1,0,0,3,3,11.0,10.88,5.0,0.0,2.0,8.0,0.0,0.0,0.0,2.0,21.880000000000003,16
22500282,UTA,LAL,80.8,80.0,"('Ace Bailey', 'Keyonte George')",5.183333333333334,3,17,6,7,3,4,1,0,0,3,3,11.0,10.88,5.0,0.0,2.0,8.0,0.0,0.0,0.0,2.0,21.880000000000003,16
22500282,UTA,LAL,80.8,80.0,"('Ace Bailey', 'Lauri Markkanen')",5.183333333333334,3,17,6,7,3,4,1,0,0,3,3,11.0,10.88,5.0,0.0,2.0,8.0,0.0,0.0,0.0,2.0,21.880000000000003,16
22500282,UTA,LAL,80.8,80.0,"('Ace Bailey', 'Svi Mykhailiuk')",5.183333333333334,3,17,6,7,3,4,1,0,0,3,3,11.0,10.88,5.0,0.0,2.0,8.0,0.0,0.0,0.0,2.0,21.880000000000003,16
22500282,UTA,LAL,80.8,80.0,"('Jusuf Nurkić', 'Keyonte George')",5.183333333333334,3,17,6,7,3,4,1,0,0,3,3,11.0,10.88,5.0,0.0,2.0,8.0,0.0,0.0,0.0,2.0,21.880000000000003,16
22500282,UTA,LAL,80.8,80.0,"('Jusuf Nurkić', 'Lauri Markkanen')",5.183333333333334,3,17,6,7,3,4,1,0,0,3,3,11.0,10.88,5.0,0.0,2.0,8.0,0.0,0.0,0.0,2.0,21.880000000000003,16
22500282,UTA,LAL,80.8,80.0,"('Jusuf Nurkić', 'Svi Mykhailiuk')",5.183333333333334,3,17,6,7,3,4,1,0,0,3,3,11.0,10.88,5.0,0.0,2.0,8.0,0.0,0.0,0.0,2.0,21.880000000000003,16
22500282,UTA,LAL,80.8,80.0,"('Keyonte George', 'Lauri Markkanen')",5.183333333333334,3,17,6,7,3,4,1,0,0,3,3,11.0,10.88,5.0,0.0,2.0,8.0,0.0,0.0,0.0,2.0,21.880000000000003,16
22500282,UTA,LAL,80.8,80.0,"('Keyonte George', 'Svi Mykhailiuk')",5.183333333333334,3,17,6,7,3,4,1,0,0,3,3,11.0,10.88,5.0,0.0,2.0,8.0,0.0,0.0,0.0,2.0,21.880000000000003,16
22500282,UTA,LAL,80.8,80.0,"('Lauri Markkanen', 'Svi Mykhailiuk')",5.183333333333334,3,17,6,7,3,4,1,0,0,3,3,11.0,10.88,5.0,0.0,2.0,8.0,0.0,0.0,0.0,2.0,21.880000000000003,16
22500282,UTA,LAL,79.6,78.6,"('Brice Sensabaugh', 'Kevin Love')",0.2333333333333333,3,0,0,0,1,0,0,0,0,0,0,1.0,0.0,0.0,0.0,0.0,0.0,0.0,0.0,0.0,0.0,1.0,16
22500282,UTA,LAL,79.6,78.6,"('Brice Sensabaugh', 'Keyonte George')",0.2333333333333333,3,0,0,0,1,0,0,0,0,0,0,1.0,0.0,0.0,0.0,0.0,0.0,0.0,0.0,0.0,0.0,1.0,16
22500282,UTA,LAL,79.6,78.6,"('Brice Sensabaugh', 'Kyle Filipowski')",0.2333333333333333,3,0,0,0,1,0,0,0,0,0,0,1.0,0.0,0.0,0.0,0.0,0.0,0.0,0.0,0.0,0.0,1.0,16
22500282,UTA,LAL,79.6,78.6,"('Brice Sensabaugh', 'Svi Mykhailiuk')",0.2333333333333333,3,0,0,0,1,0,0,0,0,0,0,1.0,0.0,0.0,0.0,0.0,0.0,0.0,0.0,0.0,0.0,1.0,16
22500282,UTA,LAL,79.6,78.6,"('Kevin Love', 'Keyonte George')",0.2333333333333333,3,0,0,0,1,0,0,0,0,0,0,1.0,0.0,0.0,0.0,0.0,0.0,0.0,0.0,0.0,0.0,1.0,16
22500282,UTA,LAL,79.6,78.6,"('Kevin Love', 'Kyle Filipowski')",0.2333333333333333,3,0,0,0,1,0,0,0,0,0,0,1.0,0.0,0.0,0.0,0.0,0.0,0.0,0.0,0.0,0.0,1.0,16
22500282,UTA,LAL,79.6,78.6,"('Kevin Love', 'Svi Mykhailiuk')",0.2333333333333333,3,0,0,0,1,0,0,0,0,0,0,1.0,0.0,0.0,0.0,0.0,0.0,0.0,0.0,0.0,0.0,1.0,16
22500282,UTA,LAL,79.6,78.6,"('Keyonte George', 'Kyle Filipowski')",0.2333333333333333,3,0,0,0,1,0,0,0,0,0,0,1.0,0.0,0.0,0.0,0.0,0.0,0.0,0.0,0.0,0.0,1.0,16
22500282,UTA,LAL,79.6,78.6,"('Keyonte George', 'Svi Mykhailiuk')",0.2333333333333333,3,0,0,0,1,0,0,0,0,0,0,1.0,0.0,0.0,0.0,0.0,0.0,0.0,0.0,0.0,0.0,1.0,16
22500282,UTA,LAL,79.6,78.6,"('Kyle Filipowski', 'Svi Mykhailiuk')",0.2333333333333333,3,0,0,0,1,0,0,0,0,0,0,1.0,0.0,0.0,0.0,0.0,0.0,0.0,0.0,0.0,0.0,1.0,16
22500291,UTA,GSW,79.6,77.8,"('Brice Sensabaugh', 'Keyonte George')",2.1966666666666663,2,7,6,4,2,1,2,0,1,0,0,5.44,6.0,2.0,0.0,4.0,6.0,0.0,2.0,0.0,6.0,11.44,17
22500291,UTA,GSW,79.6,77.8,"('Brice Sensabaugh', 'Kyle Anderson')",2.1966666666666663,2,7,6,4,2,1,2,0,1,0,0,5.44,6.0,2.0,0.0,4.0,6.0,0.0,2.0,0.0,6.0,11.44,17
22500291,UTA,GSW,79.6,77.8,"('Brice Sensabaugh', 'Lauri Markkanen')",2.1966666666666663,2,7,6,4,2,1,2,0,1,0,0,5.44,6.0,2.0,0.0,4.0,6.0,0.0,2.0,0.0,6.0,11.44,17
22500291,UTA,GSW,79.6,77.8,"('Brice Sensabaugh', 'Svi Mykhailiuk')",2.1966666666666663,2,7,6,4,2,1,2,0,1,0,0,5.44,6.0,2.0,0.0,4.0,6.0,0.0,2.0,0.0,6.0,11.44,17
22500291,UTA,GSW,79.6,77.8,"('Keyonte George', 'Kyle Anderson')",2.1966666666666663,2,7,6,4,2,1,2,0,1,0,0,5.44,6.0,2.0,0.0,4.0,6.0,0.0,2.0,0.0,6.0,11.44,17
22500291,UTA,GSW,79.6,77.8,"('Keyonte George', 'Lauri Markkanen')",2.1966666666666663,2,7,6,4,2,1,2,0,1,0,0,5.44,6.0,2.0,0.0,4.0,6.0,0.0,2.0,0.0,6.0,11.44,17
22500291,UTA,GSW,79.6,77.8,"('Keyonte George', 'Svi Mykhailiuk')",2.1966666666666663,2,7,6,4,2,1,2,0,1,0,0,5.44,6.0,2.0,0.0,4.0,6.0,0.0,2.0,0.0,6.0,11.44,17
22500291,UTA,GSW,79.6,77.8,"('Kyle Anderson', 'Lauri Markkanen')",2.1966666666666663,2,7,6,4,2,1,2,0,1,0,0,5.44,6.0,2.0,0.0,4.0,6.0,0.0,2.0,0.0,6.0,11.44,17
22500291,UTA,GSW,79.6,77.8,"('Kyle Anderson', 'Svi Mykhailiuk')",2.1966666666666663,2,7,6,4,2,1,2,0,1,0,0,5.44,6.0,2.0,0.0,4.0,6.0,0.0,2.0,0.0,6.0,11.44,17
22500291,UTA,GSW,79.6,77.8,"('Lauri Markkanen', 'Svi Mykhailiuk')",2.1966666666666663,2,7,6,4,2,1,2,0,1,0,0,5.44,6.0,2.0,0.0,4.0,6.0,0.0,2.0,0.0,6.0,11.44,17
22500291,UTA,GSW,80.2,77.6,"('Brice Sensabaugh', 'Isaiah Collier')",1.966666666666667,2,0,8,2,4,0,2,1,0,0,0,5.0,4.0,0.0,0.0,0.0,0.0,3.0,3.0,2.0,2.0,9.0,17
22500291,UTA,GSW,80.2,77.6,"('Brice Sensabaugh', 'Jusuf Nurkić')",1.966666666666667,2,0,8,2,4,0,2,1,0,0,0,5.0,4.0,0.0,0.0,0.0,0.0,3.0,3.0,2.0,2.0,9.0,17
22500291,UTA,GSW,80.2,77.6,"('Brice Sensabaugh', 'Lauri Markkanen')",1.966666666666667,2,0,8,2,4,0,2,1,0,0,0,5.0,4.0,0.0,0.0,0.0,0.0,3.0,3.0,2.0,2.0,9.0,17
22500291,UTA,GSW,80.2,77.6,"('Brice Sensabaugh', 'Svi Mykhailiuk')",1.966666666666667,2,0,8,2,4,0,2,1,0,0,0,5.0,4.0,0.0,0.0,0.0,0.0,3.0,3.0,2.0,2.0,9.0,17
22500291,UTA,GSW,80.2,77.6,"('Isaiah Collier', 'Jusuf Nurkić')",1.966666666666667,2,0,8,2,4,0,2,1,0,0,0,5.0,4.0,0.0,0.0,0.0,0.0,3.0,3.0,2.0,2.0,9.0,17
22500291,UTA,GSW,80.2,77.6,"('Isaiah Collier', 'Lauri Markkanen')",1.966666666666667,2,0,8,2,4,0,2,1,0,0,0,5.0,4.0,0.0,0.0,0.0,0.0,3.0,3.0,2.0,2.0,9.0,17
22500291,UTA,GSW,80.2,77.6,"('Isaiah Collier', 'Svi Mykhailiuk')",1.966666666666667,2,0,8,2,4,0,2,1,0,0,0,5.0,4.0,0.0,0.0,0.0,0.0,3.0,3.0,2.0,2.0,9.0,17
22500291,UTA,GSW,80.2,77.6,"('Jusuf Nurkić', 'Lauri Markkanen')",1.966666666666667,2,0,8,2,4,0,2,1,0,0,0,5.0,4.0,0.0,0.0,0.0,0.0,3.0,3.0,2.0,2.0,9.0,17
22500291,UTA,GSW,80.2,77.6,"('Jusuf Nurkić', 'Svi Mykhailiuk')",1.966666666666667,2,0,8,2,4,0,2,1,0,0,0,5.0,4.0,0.0,0.0,0.0,0.0,3.0,3.0,2.0,2.0,9.0,17
22500291,UTA,GSW,80.2,77.6,"('Lauri Markkanen', 'Svi Mykhailiuk')",1.966666666666667,2,0,8,2,4,0,2,1,0,0,0,5.0,4.0,0.0,0.0,0.0,0.0,3.0,3.0,2.0,2.0,9.0,17
22500291,UTA,GSW,80.8,77.6,"('Ace Bailey', 'Isaiah Collier')",2.8000000000000003,2,0,10,1,5,0,2,1,1,0,0,5.0,5.0,0.0,0.0,0.0,0.0,0.0,3.0,2.0,4.0,10.0,17
22500291,UTA,GSW,80.8,77.6,"('Ace Bailey', 'Jusuf Nurkić')",2.8000000000000003,2,0,10,1,5,0,2,1,1,0,0,5.0,5.0,0.0,0.0,0.0,0.0,0.0,3.0,2.0,4.0,10.0,17
22500291,UTA,GSW,80.8,77.6,"('Ace Bailey', 'Lauri Markkanen')",2.8000000000000003,2,0,10,1,5,0,2,1,1,0,0,5.0,5.0,0.0,0.0,0.0,0.0,0.0,3.0,2.0,4.0,10.0,17
22500291,UTA,GSW,80.8,77.6,"('Ace Bailey', 'Svi Mykhailiuk')",2.8000000000000003,2,0,10,1,5,0,2,1,1,0,0,5.0,5.0,0.0,0.0,0.0,0.0,0.0,3.0,2.0,4.0,10.0,17
22500291,UTA,GSW,80.8,77.6,"('Isaiah Collier', 'Jusuf Nurkić')",2.8000000000000003,2,0,10,1,5,0,2,1,1,0,0,5.0,5.0,0.0,0.0,0.0,0.0,0.0,3.0,2.0,4.0,10.0,17
22500291,UTA,GSW,80.8,77.6,"('Isaiah Collier', 'Lauri Markkanen')",2.8000000000000003,2,0,10,1,5,0,2,1,1,0,0,5.0,5.0,0.0,0.0,0.0,0.0,0.0,3.0,2.0,4.0,10.0,17
22500291,UTA,GSW,80.8,77.6,"('Isaiah Collier', 'Svi Mykhailiuk')",2.8000000000000003,2,0,10,1,5,0,2,1,1,0,0,5.0,5.0,0.0,0.0,0.0,0.0,0.0,3.0,2.0,4.0,10.0,17
22500291,UTA,GSW,80.8,77.6,"('Jusuf Nurkić', 'Lauri Markkanen')",2.8000000000000003,2,0,10,1,5,0,2,1,1,0,0,5.0,5.0,0.0,0.0,0.0,0.0,0.0,3.0,2.0,4.0,10.0,17
22500291,UTA,GSW,80.8,77.6,"('Jusuf Nurkić', 'Svi Mykhailiuk')",2.8000000000000003,2,0,10,1,5,0,2,1,1,0,0,5.0,5.0,0.0,0.0,0.0,0.0,0.0,3.0,2.0,4.0,10.0,17
22500291,UTA,GSW,80.8,77.6,"('Lauri Markkanen', 'Svi Mykhailiuk')",2.8000000000000003,2,0,10,1,5,0,2,1,1,0,0,5.0,5.0,0.0,0.0,0.0,0.0,0.0,3.0,2.0,4.0,10.0,17
22500291,UTA,GSW,79.6,76.6,"('Brice Sensabaugh', 'Keyonte George')",1.7333333333333338,3,3,6,2,3,1,1,0,0,1,0,3.44,4.0,0.0,0.0,2.0,2.0,0.0,0.0,2.0,4.0,7.439999999999999,17
22500291,UTA,GSW,79.6,76.6,"('Brice Sensabaugh', 'Kyle Anderson')",1.7333333333333338,3,3,6,2,3,1,1,0,0,1,0,3.44,4.0,0.0,0.0,2.0,2.0,0.0,0.0,2.0,4.0,7.439999999999999,17
22500291,UTA,GSW,79.6,76.6,"('Brice Sensabaugh', 'Lauri Markkanen')",1.7333333333333338,3,3,6,2,3,1,1,0,0,1,0,3.44,4.0,0.0,0.0,2.0,2.0,0.0,0.0,2.0,4.0,7.439999999999999,17
22500291,UTA,GSW,79.6,76.6,"('Brice Sensabaugh', 'Svi Mykhailiuk')",1.7333333333333338,3,3,6,2,3,1,1,0,0,1,0,3.44,4.0,0.0,0.0,2.0,2.0,0.0,0.0,2.0,4.0,7.439999999999999,17
22500291,UTA,GSW,79.6,76.6,"('Keyonte George', 'Kyle Anderson')",1.7333333333333338,3,3,6,2,3,1,1,0,0,1,0,3.44,4.0,0.0,0.0,2.0,2.0,0.0,0.0,2.0,4.0,7.439999999999999,17
22500291,UTA,GSW,79.6,76.6,"('Keyonte George', 'Lauri Markkanen')",1.7333333333333338,3,3,6,2,3,1,1,0,0,1,0,3.44,4.0,0.0,0.0,2.0,2.0,0.0,0.0,2.0,4.0,7.439999999999999,17
22500291,UTA,GSW,79.6,76.6,"('Keyonte George', 'Svi Mykhailiuk')",1.7333333333333338,3,3,6,2,3,1,1,0,0,1,0,3.44,4.0,0.0,0.0,2.0,2.0,0.0,0.0,2.0,4.0,7.439999999999999,17
22500291,UTA,GSW,79.6,76.6,"('Kyle Anderson', 'Lauri Markkanen')",1.7333333333333338,3,3,6,2,3,1,1,0,0,1,0,3.44,4.0,0.0,0.0,2.0,2.0,0.0,0.0,2.0,4.0,7.439999999999999,17
22500291,UTA,GSW,79.6,76.6,"('Kyle Anderson', 'Svi Mykhailiuk')",1.7333333333333338,3,3,6,2,3,1,1,0,0,1,0,3.44,4.0,0.0,0.0,2.0,2.0,0.0,0.0,2.0,4.0,7.439999999999999,17
22500291,UTA,GSW,79.6,76.6,"('Lauri Markkanen', 'Svi Mykhailiuk')",1.7333333333333338,3,3,6,2,3,1,1,0,0,1,0,3.44,4.0,0.0,0.0,2.0,2.0,0.0,0.0,2.0,4.0,7.439999999999999,17
22500291,UTA,GSW,80.8,76.8,"('Ace Bailey', 'Jusuf Nurkić')",4.966666666666666,3,14,13,8,3,5,4,1,1,0,4,11.88,10.0,4.0,2.0,4.0,12.0,2.0,0.0,0.0,4.0,21.880000000000003,17
22500291,UTA,GSW,80.8,76.8,"('Ace Bailey', 'Keyonte George')",4.966666666666666,3,14,13,8,3,5,4,1,1,0,4,11.88,10.0,4.0,2.0,4.0,12.0,2.0,0.0,0.0,4.0,21.880000000000003,17
22500291,UTA,GSW,80.8,76.8,"('Ace Bailey', 'Lauri Markkanen')",4.966666666666666,3,14,13,8,3,5,4,1,1,0,4,11.88,10.0,4.0,2.0,4.0,12.0,2.0,0.0,0.0,4.0,21.880000000000003,17
22500291,UTA,GSW,80.8,76.8,"('Ace Bailey', 'Svi Mykhailiuk')",4.966666666666666,3,14,13,8,3,5,4,1,1,0,4,11.88,10.0,4.0,2.0,4.0,12.0,2.0,0.0,0.0,4.0,21.880000000000003,17
22500291,UTA,GSW,80.8,76.8,"('Jusuf Nurkić', 'Keyonte George')",4.966666666666666,3,14,13,8,3,5,4,1,1,0,4,11.88,10.0,4.0,2.0,4.0,12.0,2.0,0.0,0.0,4.0,21.880000000000003,17
22500291,UTA,GSW,80.8,76.8,"('Jusuf Nurkić', 'Lauri Markkanen')",4.966666666666666,3,14,13,8,3,5,4,1,1,0,4,11.88,10.0,4.0,2.0,4.0,12.0,2.0,0.0,0.0,4.0,21.880000000000003,17
22500291,UTA,GSW,80.8,76.8,"('Jusuf Nurkić', 'Svi Mykhailiuk')",4.966666666666666,3,14,13,8,3,5,4,1,1,0,4,11.88,10.0,4.0,2.0,4.0,12.0,2.0,0.0,0.0,4.0,21.880000000000003,17
22500291,UTA,GSW,80.8,76.8,"('Keyonte George', 'Lauri Markkanen')",4.966666666666666,3,14,13,8,3,5,4,1,1,0,4,11.88,10.0,4.0,2.0,4.0,12.0,2.0,0.0,0.0,4.0,21.880000000000003,17
22500291,UTA,GSW,80.8,76.8,"('Keyonte George', 'Svi Mykhailiuk')",4.966666666666666,3,14,13,8,3,5,4,1,1,0,4,11.88,10.0,4.0,2.0,4.0,12.0,2.0,0.0,0.0,4.0,21.880000000000003,17
22500291,UTA,GSW,80.8,76.8,"('Lauri Markkanen', 'Svi Mykhailiuk')",4.966666666666666,3,14,13,8,3,5,4,1,1,0,4,11.88,10.0,4.0,2.0,4.0,12.0,2.0,0.0,0.0,4.0,21.880000000000003,17
22500291,UTA,GSW,78.6,77.8,"('Brice Sensabaugh', 'Isaiah Collier')",3.655,3,7,16,4,3,2,4,2,0,3,1,9.44,9.76,0.0,0.0,0.0,6.0,3.0,0.0,0.0,0.0,19.2,17
22500291,UTA,GSW,78.6,77.8,"('Brice Sensabaugh', 'Keyonte George')",3.655,3,7,16,4,3,2,4,2,0,3,1,9.44,9.76,0.0,0.0,0.0,6.0,3.0,0.0,0.0,0.0,19.2,17
22500291,UTA,GSW,78.6,77.8,"('Brice Sensabaugh', 'Kyle Anderson')",3.655,3,7,16,4,3,2,4,2,0,3,1,9.44,9.76,0.0,0.0,0.0,6.0,3.0,0.0,0.0,0.0,19.2,17
22500291,UTA,GSW,78.6,77.8,"('Brice Sensabaugh', 'Kyle Filipowski')",3.655,3,7,16,4,3,2,4,2,0,3,1,9.44,9.76,0.0,0.0,0.0,6.0,3.0,0.0,0.0,0.0,19.2,17
22500291,UTA,GSW,78.6,77.8,"('Isaiah Collier', 'Keyonte George')",3.655,3,7,16,4,3,2,4,2,0,3,1,9.44,9.76,0.0,0.0,0.0,6.0,3.0,0.0,0.0,0.0,19.2,17
22500291,UTA,GSW,78.6,77.8,"('Isaiah Collier', 'Kyle Anderson')",3.655,3,7,16,4,3,2,4,2,0,3,1,9.44,9.76,0.0,0.0,0.0,6.0,3.0,0.0,0.0,0.0,19.2,17
22500291,UTA,GSW,78.6,77.8,"('Isaiah Collier', 'Kyle Filipowski')",3.655,3,7,16,4,3,2,4,2,0,3,1,9.44,9.76,0.0,0.0,0.0,6.0,3.0,0.0,0.0,0.0,19.2,17
22500291,UTA,GSW,78.6,77.8,"('Keyonte George', 'Kyle Anderson')",3.655,3,7,16,4,3,2,4,2,0,3,1,9.44,9.76,0.0,0.0,0.0,6.0,3.0,0.0,0.0,0.0,19.2,17
22500291,UTA,GSW,78.6,77.8,"('Keyonte George', 'Kyle Filipowski')",3.655,3,7,16,4,3,2,4,2,0,3,1,9.44,9.76,0.0,0.0,0.0,6.0,3.0,0.0,0.0,0.0,19.2,17
22500291,UTA,GSW,78.6,77.8,"('Kyle Anderson', 'Kyle Filipowski')",3.655,3,7,16,4,3,2,4,2,0,3,1,9.44,9.76,0.0,0.0,0.0,6.0,3.0,0.0,0.0,0.0,19.2,17
22500291,UTA,GSW,79.0,76.4,"('Brice Sensabaugh', 'Isaiah Collier')",1.2999999999999998,3,5,4,0,3,2,1,0,1,1,0,3.0,3.44,3.0,3.0,0.0,2.0,0.0,0.0,0.0,0.0,6.44,17
22500291,UTA,GSW,79.0,76.4,"('Brice Sensabaugh', 'Keyonte George')",1.2999999999999998,3,5,4,0,3,2,1,0,1,1,0,3.0,3.44,3.0,3.0,0.0,2.0,0.0,0.0,0.0,0.0,6.44,17
22500291,UTA,GSW,79.0,76.4,"('Brice Sensabaugh', 'Kyle Anderson')",1.2999999999999998,3,5,4,0,3,2,1,0,1,1,0,3.0,3.44,3.0,3.0,0.0,2.0,0.0,0.0,0.0,0.0,6.44,17
22500291,UTA,GSW,79.0,76.4,"('Brice Sensabaugh', 'Lauri Markkanen')",1.2999999999999998,3,5,4,0,3,2,1,0,1,1,0,3.0,3.44,3.0,3.0,0.0,2.0,0.0,0.0,0.0,0.0,6.44,17
22500291,UTA,GSW,79.0,76.4,"('Isaiah Collier', 'Keyonte George')",1.2999999999999998,3,5,4,0,3,2,1,0,1,1,0,3.0,3.44,3.0,3.0,0.0,2.0,0.0,0.0,0.0,0.0,6.44,17
22500291,UTA,GSW,79.0,76.4,"('Isaiah Collier', 'Kyle Anderson')",1.2999999999999998,3,5,4,0,3,2,1,0,1,1,0,3.0,3.44,3.0,3.0,0.0,2.0,0.0,0.0,0.0,0.0,6.44,17
22500291,UTA,GSW,79.0,76.4,"('Isaiah Collier', 'Lauri Markkanen')",1.2999999999999998,3,5,4,0,3,2,1,0,1,1,0,3.0,3.44,3.0,3.0,0.0,2.0,0.0,0.0,0.0,0.0,6.44,17
22500291,UTA,GSW,79.0,76.4,"('Keyonte George', 'Kyle Anderson')",1.2999999999999998,3,5,4,0,3,2,1,0,1,1,0,3.0,3.44,3.0,3.0,0.0,2.0,0.0,0.0,0.0,0.0,6.44,17
22500291,UTA,GSW,79.0,76.4,"('Keyonte George', 'Lauri Markkanen')",1.2999999999999998,3,5,4,0,3,2,1,0,1,1,0,3.0,3.44,3.0,3.0,0.0,2.0,0.0,0.0,0.0,0.0,6.44,17
22500291,UTA,GSW,79.0,76.4,"('Kyle Anderson', 'Lauri Markkanen')",1.2999999999999998,3,5,4,0,3,2,1,0,1,1,0,3.0,3.44,3.0,3.0,0.0,2.0,0.0,0.0,0.0,0.0,6.44,17
22500291,UTA,GSW,79.2,77.2,"('Ace Bailey', 'Keyonte George')",1.1166666666666667,4,4,0,1,0,1,0,0,1,0,1,2.0,2.0,0.0,2.0,0.0,4.0,0.0,0.0,0.0,0.0,4.0,17
22500291,UTA,GSW,79.2,77.2,"('Ace Bailey', 'Kyle Anderson')",1.1166666666666667,4,4,0,1,0,1,0,0,1,0,1,2.0,2.0,0.0,2.0,0.0,4.0,0.0,0.0,0.0,0.0,4.0,17
22500291,UTA,GSW,79.2,77.2,"('Ace Bailey', 'Kyle Filipowski')",1.1166666666666667,4,4,0,1,0,1,0,0,1,0,1,2.0,2.0,0.0,2.0,0.0,4.0,0.0,0.0,0.0,0.0,4.0,17
22500291,UTA,GSW,79.2,77.2,"('Ace Bailey', 'Walter Clayton Jr.')",1.1166666666666667,4,4,0,1,0,1,0,0,1,0,1,2.0,2.0,0.0,2.0,0.0,4.0,0.0,0.0,0.0,0.0,4.0,17
22500291,UTA,GSW,79.2,77.2,"('Keyonte George', 'Kyle Anderson')",1.1166666666666667,4,4,0,1,0,1,0,0,1,0,1,2.0,2.0,0.0,2.0,0.0,4.0,0.0,0.0,0.0,0.0,4.0,17
22500291,UTA,GSW,79.2,77.2,"('Keyonte George', 'Kyle Filipowski')",1.1166666666666667,4,4,0,1,0,1,0,0,1,0,1,2.0,2.0,0.0,2.0,0.0,4.0,0.0,0.0,0.0,0.0,4.0,17
22500291,UTA,GSW,79.2,77.2,"('Keyonte George', 'Walter Clayton Jr.')",1.1166666666666667,4,4,0,1,0,1,0,0,1,0,1,2.0,2.0,0.0,2.0,0.0,4.0,0.0,0.0,0.0,0.0,4.0,17
22500291,UTA,GSW,79.2,77.2,"('Kyle Anderson', 'Kyle Filipowski')",1.1166666666666667,4,4,0,1,0,1,0,0,1,0,1,2.0,2.0,0.0,2.0,0.0,4.0,0.0,0.0,0.0,0.0,4.0,17
22500291,UTA,GSW,79.2,77.2,"('Kyle Anderson', 'Walter Clayton Jr.')",1.1166666666666667,4,4,0,1,0,1,0,0,1,0,1,2.0,2.0,0.0,2.0,0.0,4.0,0.0,0.0,0.0,0.0,4.0,17
22500291,UTA,GSW,79.2,77.2,"('Kyle Filipowski', 'Walter Clayton Jr.')",1.1166666666666667,4,4,0,1,0,1,0,0,1,0,1,2.0,2.0,0.0,2.0,0.0,4.0,0.0,0.0,0.0,0.0,4.0,17
22500291,UTA,GSW,79.2,77.2,"('Ace Bailey', 'Isaiah Collier')",1.1666666666666663,4,4,4,1,1,0,2,1,1,1,0,3.88,4.0,0.0,0.0,2.0,2.0,0.0,0.0,0.0,4.0,7.88,17
22500291,UTA,GSW,79.2,77.2,"('Ace Bailey', 'Kyle Anderson')",1.1666666666666663,4,4,4,1,1,0,2,1,1,1,0,3.88,4.0,0.0,0.0,2.0,2.0,0.0,0.0,0.0,4.0,7.88,17
22500291,UTA,GSW,79.2,77.2,"('Ace Bailey', 'Kyle Filipowski')",1.1666666666666663,4,4,4,1,1,0,2,1,1,1,0,3.88,4.0,0.0,0.0,2.0,2.0,0.0,0.0,0.0,4.0,7.88,17
22500291,UTA,GSW,79.2,77.2,"('Ace Bailey', 'Walter Clayton Jr.')",1.1666666666666663,4,4,4,1,1,0,2,1,1,1,0,3.88,4.0,0.0,0.0,2.0,2.0,0.0,0.0,0.0,4.0,7.88,17
22500291,UTA,GSW,79.2,77.2,"('Isaiah Collier', 'Kyle Anderson')",1.1666666666666663,4,4,4,1,1,0,2,1,1,1,0,3.88,4.0,0.0,0.0,2.0,2.0,0.0,0.0,0.0,4.0,7.88,17
22500291,UTA,GSW,79.2,77.2,"('Isaiah Collier', 'Kyle Filipowski')",1.1666666666666663,4,4,4,1,1,0,2,1,1,1,0,3.88,4.0,0.0,0.0,2.0,2.0,0.0,0.0,0.0,4.0,7.88,17
22500291,UTA,GSW,79.2,77.2,"('Isaiah Collier', 'Walter Clayton Jr.')",1.1666666666666663,4,4,4,1,1,0,2,1,1,1,0,3.88,4.0,0.0,0.0,2.0,2.0,0.0,0.0,0.0,4.0,7.88,17
22500291,UTA,GSW,79.2,77.2,"('Kyle Anderson', 'Kyle Filipowski')",1.1666666666666663,4,4,4,1,1,0,2,1,1,1,0,3.88,4.0,0.0,0.0,2.0,2.0,0.0,0.0,0.0,4.0,7.88,17
22500291,UTA,GSW,79.2,77.2,"('Kyle Anderson', 'Walter Clayton Jr.')",1.1666666666666663,4,4,4,1,1,0,2,1,1,1,0,3.88,4.0,0.0,0.0,2.0,2.0,0.0,0.0,0.0,4.0,7.88,17
22500291,UTA,GSW,79.2,77.2,"('Kyle Filipowski', 'Walter Clayton Jr.')",1.1666666666666663,4,4,4,1,1,0,2,1,1,1,0,3.88,4.0,0.0,0.0,2.0,2.0,0.0,0.0,0.0,4.0,7.88,17
22500291,UTA,GSW,79.6,77.6,"('Brice Sensabaugh', 'Isaiah Collier')",0.0,4,0,0,0,0,0,0,0,0,0,0,0.0,0.0,0.0,0.0,0.0,0.0,0.0,0.0,0.0,0.0,0.0,17
22500291,UTA,GSW,79.6,77.6,"('Brice Sensabaugh', 'Jusuf Nurkić')",0.0,4,0,0,0,0,0,0,0,0,0,0,0.0,0.0,0.0,0.0,0.0,0.0,0.0,0.0,0.0,0.0,0.0,17
22500291,UTA,GSW,79.6,77.6,"('Brice Sensabaugh', 'Lauri Markkanen')",0.0,4,0,0,0,0,0,0,0,0,0,0,0.0,0.0,0.0,0.0,0.0,0.0,0.0,0.0,0.0,0.0,0.0,17
22500291,UTA,GSW,79.6,77.6,"('Brice Sensabaugh', 'Walter Clayton Jr.')",0.0,4,0,0,0,0,0,0,0,0,0,0,0.0,0.0,0.0,0.0,0.0,0.0,0.0,0.0,0.0,0.0,0.0,17
22500291,UTA,GSW,79.6,77.6,"('Isaiah Collier', 'Jusuf Nurkić')",0.0,4,0,0,0,0,0,0,0,0,0,0,0.0,0.0,0.0,0.0,0.0,0.0,0.0,0.0,0.0,0.0,0.0,17
22500291,UTA,GSW,79.6,77.6,"('Isaiah Collier', 'Lauri Markkanen')",0.0,4,0,0,0,0,0,0,0,0,0,0,0.0,0.0,0.0,0.0,0.0,0.0,0.0,0.0,0.0,0.0,0.0,17
22500291,UTA,GSW,79.6,77.6,"('Isaiah Collier', 'Walter Clayton Jr.')",0.0,4,0,0,0,0,0,0,0,0,0,0,0.0,0.0,0.0,0.0,0.0,0.0,0.0,0.0,0.0,0.0,0.0,17
22500291,UTA,GSW,79.6,77.6,"('Jusuf Nurkić', 'Lauri Markkanen')",0.0,4,0,0,0,0,0,0,0,0,0,0,0.0,0.0,0.0,0.0,0.0,0.0,0.0,0.0,0.0,0.0,0.0,17
22500291,UTA,GSW,79.6,77.6,"('Jusuf Nurkić', 'Walter Clayton Jr.')",0.0,4,0,0,0,0,0,0,0,0,0,0,0.0,0.0,0.0,0.0,0.0,0.0,0.0,0.0,0.0,0.0,0.0,17
22500291,UTA,GSW,79.6,77.6,"('Lauri Markkanen', 'Walter Clayton Jr.')",0.0,4,0,0,0,0,0,0,0,0,0,0,0.0,0.0,0.0,0.0,0.0,0.0,0.0,0.0,0.0,0.0,0.0,17
22500291,UTA,GSW,78.6,77.2,"('Brice Sensabaugh', 'Isaiah Collier')",1.3766666666666667,4,6,3,1,0,0,1,0,1,0,0,3.0,2.44,2.0,2.0,2.0,6.0,0.0,0.0,0.0,2.0,5.44,17
22500291,UTA,GSW,78.6,77.2,"('Brice Sensabaugh', 'Kyle Anderson')",1.3766666666666667,4,6,3,1,0,0,1,0,1,0,0,3.0,2.44,2.0,2.0,2.0,6.0,0.0,0.0,0.0,2.0,5.44,17
22500291,UTA,GSW,78.6,77.2,"('Brice Sensabaugh', 'Kyle Filipowski')",1.3766666666666667,4,6,3,1,0,0,1,0,1,0,0,3.0,2.44,2.0,2.0,2.0,6.0,0.0,0.0,0.0,2.0,5.44,17
22500291,UTA,GSW,78.6,77.2,"('Brice Sensabaugh', 'Walter Clayton Jr.')",1.3766666666666667,4,6,3,1,0,0,1,0,1,0,0,3.0,2.44,2.0,2.0,2.0,6.0,0.0,0.0,0.0,2.0,5.44,17
22500291,UTA,GSW,78.6,77.2,"('Isaiah Collier', 'Kyle Anderson')",1.3766666666666667,4,6,3,1,0,0,1,0,1,0,0,3.0,2.44,2.0,2.0,2.0,6.0,0.0,0.0,0.0,2.0,5.44,17
22500291,UTA,GSW,78.6,77.2,"('Isaiah Collier', 'Kyle Filipowski')",1.3766666666666667,4,6,3,1,0,0,1,0,1,0,0,3.0,2.44,2.0,2.0,2.0,6.0,0.0,0.0,0.0,2.0,5.44,17
22500291,UTA,GSW,78.6,77.2,"('Isaiah Collier', 'Walter Clayton Jr.')",1.3766666666666667,4,6,3,1,0,0,1,0,1,0,0,3.0,2.44,2.0,2.0,2.0,6.0,0.0,0.0,0.0,2.0,5.44,17
22500291,UTA,GSW,78.6,77.2,"('Kyle Anderson', 'Kyle Filipowski')",1.3766666666666667,4,6,3,1,0,0,1,0,1,0,0,3.0,2.44,2.0,2.0,2.0,6.0,0.0,0.0,0.0,2.0,5.44,17
22500291,UTA,GSW,78.6,77.2,"('Kyle Anderson', 'Walter Clayton Jr.')",1.3766666666666667,4,6,3,1,0,0,1,0,1,0,0,3.0,2.44,2.0,2.0,2.0,6.0,0.0,0.0,0.0,2.0,5.44,17
22500291,UTA,GSW,78.6,77.2,"('Kyle Filipowski', 'Walter Clayton Jr.')",1.3766666666666667,4,6,3,1,0,0,1,0,1,0,0,3.0,2.44,2.0,2.0,2.0,6.0,0.0,0.0,0.0,2.0,5.44,17
22500291,UTA,GSW,80.2,77.6,"('Ace Bailey', 'Isaiah Collier')",2.566666666666667,4,4,5,2,3,2,0,1,0,2,0,6.0,5.44,0.0,0.0,2.0,2.0,0.0,0.0,0.0,2.0,11.44,17
22500291,UTA,GSW,80.2,77.6,"('Ace Bailey', 'Jusuf Nurkić')",2.566666666666667,4,4,5,2,3,2,0,1,0,2,0,6.0,5.44,0.0,0.0,2.0,2.0,0.0,0.0,0.0,2.0,11.44,17
22500291,UTA,GSW,80.2,77.6,"('Ace Bailey', 'Lauri Markkanen')",2.566666666666667,4,4,5,2,3,2,0,1,0,2,0,6.0,5.44,0.0,0.0,2.0,2.0,0.0,0.0,0.0,2.0,11.44,17
22500291,UTA,GSW,80.2,77.6,"('Ace Bailey', 'Walter Clayton Jr.')",2.566666666666667,4,4,5,2,3,2,0,1,0,2,0,6.0,5.44,0.0,0.0,2.0,2.0,0.0,0.0,0.0,2.0,11.44,17
22500291,UTA,GSW,80.2,77.6,"('Isaiah Collier', 'Jusuf Nurkić')",2.566666666666667,4,4,5,2,3,2,0,1,0,2,0,6.0,5.44,0.0,0.0,2.0,2.0,0.0,0.0,0.0,2.0,11.44,17
22500291,UTA,GSW,80.2,77.6,"('Isaiah Collier', 'Lauri Markkanen')",2.566666666666667,4,4,5,2,3,2,0,1,0,2,0,6.0,5.44,0.0,0.0,2.0,2.0,0.0,0.0,0.0,2.0,11.44,17
22500291,UTA,GSW,80.2,77.6,"('Isaiah Collier', 'Walter Clayton Jr.')",2.566666666666667,4,4,5,2,3,2,0,1,0,2,0,6.0,5.44,0.0,0.0,2.0,2.0,0.0,0.0,0.0,2.0,11.44,17
22500291,UTA,GSW,80.2,77.6,"('Jusuf Nurkić', 'Lauri Markkanen')",2.566666666666667,4,4,5,2,3,2,0,1,0,2,0,6.0,5.44,0.0,0.0,2.0,2.0,0.0,0.0,0.0,2.0,11.44,17
22500291,UTA,GSW,80.2,77.6,"('Jusuf Nurkić', 'Walter Clayton Jr.')",2.566666666666667,4,4,5,2,3,2,0,1,0,2,0,6.0,5.44,0.0,0.0,2.0,2.0,0.0,0.0,0.0,2.0,11.44,17
22500291,UTA,GSW,80.2,77.6,"('Lauri Markkanen', 'Walter Clayton Jr.')",2.566666666666667,4,4,5,2,3,2,0,1,0,2,0,6.0,5.44,0.0,0.0,2.0,2.0,0.0,0.0,0.0,2.0,11.44,17
22500291,UTA,GSW,79.2,77.2,"('Ace Bailey', 'Jusuf Nurkić')",0.0,4,0,0,0,0,0,0,0,0,0,0,0.0,0.0,0.0,0.0,0.0,0.0,0.0,0.0,0.0,0.0,0.0,17
22500291,UTA,GSW,79.2,77.2,"('Ace Bailey', 'Keyonte George')",0.0,4,0,0,0,0,0,0,0,0,0,0,0.0,0.0,0.0,0.0,0.0,0.0,0.0,0.0,0.0,0.0,0.0,17
22500291,UTA,GSW,79.2,77.2,"('Ace Bailey', 'Kyle Anderson')",0.0,4,0,0,0,0,0,0,0,0,0,0,0.0,0.0,0.0,0.0,0.0,0.0,0.0,0.0,0.0,0.0,0.0,17
22500291,UTA,GSW,79.2,77.2,"('Ace Bailey', 'Walter Clayton Jr.')",0.0,4,0,0,0,0,0,0,0,0,0,0,0.0,0.0,0.0,0.0,0.0,0.0,0.0,0.0,0.0,0.0,0.0,17
22500291,UTA,GSW,79.2,77.2,"('Jusuf Nurkić', 'Keyonte George')",0.0,4,0,0,0,0,0,0,0,0,0,0,0.0,0.0,0.0,0.0,0.0,0.0,0.0,0.0,0.0,0.0,0.0,17
22500291,UTA,GSW,79.2,77.2,"('Jusuf Nurkić', 'Kyle Anderson')",0.0,4,0,0,0,0,0,0,0,0,0,0,0.0,0.0,0.0,0.0,0.0,0.0,0.0,0.0,0.0,0.0,0.0,17
22500291,UTA,GSW,79.2,77.2,"('Jusuf Nurkić', 'Walter Clayton Jr.')",0.0,4,0,0,0,0,0,0,0,0,0,0,0.0,0.0,0.0,0.0,0.0,0.0,0.0,0.0,0.0,0.0,0.0,17
22500291,UTA,GSW,79.2,77.2,"('Keyonte George', 'Kyle Anderson')",0.0,4,0,0,0,0,0,0,0,0,0,0,0.0,0.0,0.0,0.0,0.0,0.0,0.0,0.0,0.0,0.0,0.0,17
22500291,UTA,GSW,79.2,77.2,"('Keyonte George', 'Walter Clayton Jr.')",0.0,4,0,0,0,0,0,0,0,0,0,0,0.0,0.0,0.0,0.0,0.0,0.0,0.0,0.0,0.0,0.0,0.0,17
22500291,UTA,GSW,79.2,77.2,"('Kyle Anderson', 'Walter Clayton Jr.')",0.0,4,0,0,0,0,0,0,0,0,0,0,0.0,0.0,0.0,0.0,0.0,0.0,0.0,0.0,0.0,0.0,0.0,17
22500291,UTA,GSW,80.2,76.8,"('Ace Bailey', 'Jusuf Nurkić')",5.349999999999998,4,15,16,6,6,4,5,3,1,2,3,14.88,14.44,2.0,2.0,0.0,10.0,3.0,0.0,2.0,6.0,29.32,17
22500291,UTA,GSW,80.2,76.8,"('Ace Bailey', 'Keyonte George')",5.349999999999998,4,15,16,6,6,4,5,3,1,2,3,14.88,14.44,2.0,2.0,0.0,10.0,3.0,0.0,2.0,6.0,29.32,17
22500291,UTA,GSW,80.2,76.8,"('Ace Bailey', 'Lauri Markkanen')",5.349999999999998,4,15,16,6,6,4,5,3,1,2,3,14.88,14.44,2.0,2.0,0.0,10.0,3.0,0.0,2.0,6.0,29.32,17
22500291,UTA,GSW,80.2,76.8,"('Ace Bailey', 'Walter Clayton Jr.')",5.349999999999998,4,15,16,6,6,4,5,3,1,2,3,14.88,14.44,2.0,2.0,0.0,10.0,3.0,0.0,2.0,6.0,29.32,17
22500291,UTA,GSW,80.2,76.8,"('Jusuf Nurkić', 'Keyonte George')",5.349999999999998,4,15,16,6,6,4,5,3,1,2,3,14.88,14.44,2.0,2.0,0.0,10.0,3.0,0.0,2.0,6.0,29.32,17
22500291,UTA,GSW,80.2,76.8,"('Jusuf Nurkić', 'Lauri Markkanen')",5.349999999999998,4,15,16,6,6,4,5,3,1,2,3,14.88,14.44,2.0,2.0,0.0,10.0,3.0,0.0,2.0,6.0,29.32,17
22500291,UTA,GSW,80.2,76.8,"('Jusuf Nurkić', 'Walter Clayton Jr.')",5.349999999999998,4,15,16,6,6,4,5,3,1,2,3,14.88,14.44,2.0,2.0,0.0,10.0,3.0,0.0,2.0,6.0,29.32,17
22500291,UTA,GSW,80.2,76.8,"('Keyonte George', 'Lauri Markkanen')",5.349999999999998,4,15,16,6,6,4,5,3,1,2,3,14.88,14.44,2.0,2.0,0.0,10.0,3.0,0.0,2.0,6.0,29.32,17
22500291,UTA,GSW,80.2,76.8,"('Keyonte George', 'Walter Clayton Jr.')",5.349999999999998,4,15,16,6,6,4,5,3,1,2,3,14.88,14.44,2.0,2.0,0.0,10.0,3.0,0.0,2.0,6.0,29.32,17
22500291,UTA,GSW,80.2,76.8,"('Lauri Markkanen', 'Walter Clayton Jr.')",5.349999999999998,4,15,16,6,6,4,5,3,1,2,3,14.88,14.44,2.0,2.0,0.0,10.0,3.0,0.0,2.0,6.0,29.32,17
22500291,UTA,GSW,79.2,76.0,"('Ace Bailey', 'Keyonte George')",1.9,2,3,6,2,3,1,1,0,0,0,0,4.0,6.0,0.0,0.0,0.0,0.0,0.0,0.0,3.0,0.0,10.0,17
22500291,UTA,GSW,79.2,76.0,"('Ace Bailey', 'Kyle Anderson')",1.9,2,3,6,2,3,1,1,0,0,0,0,4.0,6.0,0.0,0.0,0.0,0.0,0.0,0.0,3.0,0.0,10.0,17
22500291,UTA,GSW,79.2,76.0,"('Ace Bailey', 'Kyle Filipowski')",1.9,2,3,6,2,3,1,1,0,0,0,0,4.0,6.0,0.0,0.0,0.0,0.0,0.0,0.0,3.0,0.0,10.0,17
22500291,UTA,GSW,79.2,76.0,"('Ace Bailey', 'Walter Clayton Jr.')",1.9,2,3,6,2,3,1,1,0,0,0,0,4.0,6.0,0.0,0.0,0.0,0.0,0.0,0.0,3.0,0.0,10.0,17
22500291,UTA,GSW,79.2,76.0,"('Keyonte George', 'Kyle Anderson')",1.9,2,3,6,2,3,1,1,0,0,0,0,4.0,6.0,0.0,0.0,0.0,0.0,0.0,0.0,3.0,0.0,10.0,17
22500291,UTA,GSW,79.2,76.0,"('Keyonte George', 'Kyle Filipowski')",1.9,2,3,6,2,3,1,1,0,0,0,0,4.0,6.0,0.0,0.0,0.0,0.0,0.0,0.0,3.0,0.0,10.0,17
22500291,UTA,GSW,79.2,76.0,"('Keyonte George', 'Walter Clayton Jr.')",1.9,2,3,6,2,3,1,1,0,0,0,0,4.0,6.0,0.0,0.0,0.0,0.0,0.0,0.0,3.0,0.0,10.0,17
22500291,UTA,GSW,79.2,76.0,"('Kyle Anderson', 'Kyle Filipowski')",1.9,2,3,6,2,3,1,1,0,0,0,0,4.0,6.0,0.0,0.0,0.0,0.0,0.0,0.0,3.0,0.0,10.0,17
22500291,UTA,GSW,79.2,76.0,"('Kyle Anderson', 'Walter Clayton Jr.')",1.9,2,3,6,2,3,1,1,0,0,0,0,4.0,6.0,0.0,0.0,0.0,0.0,0.0,0.0,3.0,0.0,10.0,17
22500291,UTA,GSW,79.2,76.0,"('Kyle Filipowski', 'Walter Clayton Jr.')",1.9,2,3,6,2,3,1,1,0,0,0,0,4.0,6.0,0.0,0.0,0.0,0.0,0.0,0.0,3.0,0.0,10.0,17
22500291,UTA,GSW,79.6,76.0,"('Ace Bailey', 'Keyonte George')",3.066666666666667,2,10,11,1,3,3,2,1,0,1,2,6.44,6.0,0.0,0.0,0.0,4.0,2.0,2.0,4.0,8.0,12.44,17
22500291,UTA,GSW,79.6,76.0,"('Ace Bailey', 'Kyle Anderson')",3.066666666666667,2,10,11,1,3,3,2,1,0,1,2,6.44,6.0,0.0,0.0,0.0,4.0,2.0,2.0,4.0,8.0,12.44,17
22500291,UTA,GSW,79.6,76.0,"('Ace Bailey', 'Lauri Markkanen')",3.066666666666667,2,10,11,1,3,3,2,1,0,1,2,6.44,6.0,0.0,0.0,0.0,4.0,2.0,2.0,4.0,8.0,12.44,17
22500291,UTA,GSW,79.6,76.0,"('Ace Bailey', 'Walter Clayton Jr.')",3.066666666666667,2,10,11,1,3,3,2,1,0,1,2,6.44,6.0,0.0,0.0,0.0,4.0,2.0,2.0,4.0,8.0,12.44,17
22500291,UTA,GSW,79.6,76.0,"('Keyonte George', 'Kyle Anderson')",3.066666666666667,2,10,11,1,3,3,2,1,0,1,2,6.44,6.0,0.0,0.0,0.0,4.0,2.0,2.0,4.0,8.0,12.44,17
22500291,UTA,GSW,79.6,76.0,"('Keyonte George', 'Lauri Markkanen')",3.066666666666667,2,10,11,1,3,3,2,1,0,1,2,6.44,6.0,0.0,0.0,0.0,4.0,2.0,2.0,4.0,8.0,12.44,17
22500291,UTA,GSW,79.6,76.0,"('Keyonte George', 'Walter Clayton Jr.')",3.066666666666667,2,10,11,1,3,3,2,1,0,1,2,6.44,6.0,0.0,0.0,0.0,4.0,2.0,2.0,4.0,8.0,12.44,17
22500291,UTA,GSW,79.6,76.0,"('Kyle Anderson', 'Lauri Markkanen')",3.066666666666667,2,10,11,1,3,3,2,1,0,1,2,6.44,6.0,0.0,0.0,0.0,4.0,2.0,2.0,4.0,8.0,12.44,17
22500291,UTA,GSW,79.6,76.0,"('Kyle Anderson', 'Walter Clayton Jr.')",3.066666666666667,2,10,11,1,3,3,2,1,0,1,2,6.44,6.0,0.0,0.0,0.0,4.0,2.0,2.0,4.0,8.0,12.44,17
22500291,UTA,GSW,79.6,76.0,"('Lauri Markkanen', 'Walter Clayton Jr.')",3.066666666666667,2,10,11,1,3,3,2,1,0,1,2,6.44,6.0,0.0,0.0,0.0,4.0,2.0,2.0,4.0,8.0,12.44,17
22500291,UTA,GSW,79.6,76.0,"('Brice Sensabaugh', 'Isaiah Collier')",0.1583333333333333,1,3,1,0,0,1,0,0,0,0,0,1.0,0.44,0.0,0.0,0.0,0.0,0.0,0.0,0.0,0.0,1.44,17
22500291,UTA,GSW,79.6,76.0,"('Brice Sensabaugh', 'Keyonte George')",0.1583333333333333,1,3,1,0,0,1,0,0,0,0,0,1.0,0.44,0.0,0.0,0.0,0.0,0.0,0.0,0.0,0.0,1.44,17
22500291,UTA,GSW,79.6,76.0,"('Brice Sensabaugh', 'Kyle Filipowski')",0.1583333333333333,1,3,1,0,0,1,0,0,0,0,0,1.0,0.44,0.0,0.0,0.0,0.0,0.0,0.0,0.0,0.0,1.44,17
22500291,UTA,GSW,79.6,76.0,"('Brice Sensabaugh', 'Lauri Markkanen')",0.1583333333333333,1,3,1,0,0,1,0,0,0,0,0,1.0,0.44,0.0,0.0,0.0,0.0,0.0,0.0,0.0,0.0,1.44,17
22500291,UTA,GSW,79.6,76.0,"('Isaiah Collier', 'Keyonte George')",0.1583333333333333,1,3,1,0,0,1,0,0,0,0,0,1.0,0.44,0.0,0.0,0.0,0.0,0.0,0.0,0.0,0.0,1.44,17
22500291,UTA,GSW,79.6,76.0,"('Isaiah Collier', 'Kyle Filipowski')",0.1583333333333333,1,3,1,0,0,1,0,0,0,0,0,1.0,0.44,0.0,0.0,0.0,0.0,0.0,0.0,0.0,0.0,1.44,17
22500291,UTA,GSW,79.6,76.0,"('Isaiah Collier', 'Lauri Markkanen')",0.1583333333333333,1,3,1,0,0,1,0,0,0,0,0,1.0,0.44,0.0,0.0,0.0,0.0,0.0,0.0,0.0,0.0,1.44,17
22500291,UTA,GSW,79.6,76.0,"('Keyonte George', 'Kyle Filipowski')",0.1583333333333333,1,3,1,0,0,1,0,0,0,0,0,1.0,0.44,0.0,0.0,0.0,0.0,0.0,0.0,0.0,0.0,1.44,17
22500291,UTA,GSW,79.6,76.0,"('Keyonte George', 'Lauri Markkanen')",0.1583333333333333,1,3,1,0,0,1,0,0,0,0,0,1.0,0.44,0.0,0.0,0.0,0.0,0.0,0.0,0.0,0.0,1.44,17
22500291,UTA,GSW,79.6,76.0,"('Kyle Filipowski', 'Lauri Markkanen')",0.1583333333333333,1,3,1,0,0,1,0,0,0,0,0,1.0,0.44,0.0,0.0,0.0,0.0,0.0,0.0,0.0,0.0,1.44,17
22500291,UTA,GSW,78.6,77.8,"('Brice Sensabaugh', 'Isaiah Collier')",5.5216666666666665,1,19,10,6,6,6,3,1,1,2,1,11.88,11.32,2.0,2.0,0.0,8.0,0.0,0.0,0.0,2.0,23.200000000000003,17
22500291,UTA,GSW,78.6,77.8,"('Brice Sensabaugh', 'Keyonte George')",5.5216666666666665,1,19,10,6,6,6,3,1,1,2,1,11.88,11.32,2.0,2.0,0.0,8.0,0.0,0.0,0.0,2.0,23.200000000000003,17
22500291,UTA,GSW,78.6,77.8,"('Brice Sensabaugh', 'Kyle Anderson')",5.5216666666666665,1,19,10,6,6,6,3,1,1,2,1,11.88,11.32,2.0,2.0,0.0,8.0,0.0,0.0,0.0,2.0,23.200000000000003,17
22500291,UTA,GSW,78.6,77.8,"('Brice Sensabaugh', 'Kyle Filipowski')",5.5216666666666665,1,19,10,6,6,6,3,1,1,2,1,11.88,11.32,2.0,2.0,0.0,8.0,0.0,0.0,0.0,2.0,23.200000000000003,17
22500291,UTA,GSW,78.6,77.8,"('Isaiah Collier', 'Keyonte George')",5.5216666666666665,1,19,10,6,6,6,3,1,1,2,1,11.88,11.32,2.0,2.0,0.0,8.0,0.0,0.0,0.0,2.0,23.200000000000003,17
22500291,UTA,GSW,78.6,77.8,"('Isaiah Collier', 'Kyle Anderson')",5.5216666666666665,1,19,10,6,6,6,3,1,1,2,1,11.88,11.32,2.0,2.0,0.0,8.0,0.0,0.0,0.0,2.0,23.200000000000003,17
22500291,UTA,GSW,78.6,77.8,"('Isaiah Collier', 'Kyle Filipowski')",5.5216666666666665,1,19,10,6,6,6,3,1,1,2,1,11.88,11.32,2.0,2.0,0.0,8.0,0.0,0.0,0.0,2.0,23.200000000000003,17
22500291,UTA,GSW,78.6,77.8,"('Keyonte George', 'Kyle Anderson')",5.5216666666666665,1,19,10,6,6,6,3,1,1,2,1,11.88,11.32,2.0,2.0,0.0,8.0,0.0,0.0,0.0,2.0,23.200000000000003,17
22500291,UTA,GSW,78.6,77.8,"('Keyonte George', 'Kyle Filipowski')",5.5216666666666665,1,19,10,6,6,6,3,1,1,2,1,11.88,11.32,2.0,2.0,0.0,8.0,0.0,0.0,0.0,2.0,23.200000000000003,17
22500291,UTA,GSW,78.6,77.8,"('Kyle Anderson', 'Kyle Filipowski')",5.5216666666666665,1,19,10,6,6,6,3,1,1,2,1,11.88,11.32,2.0,2.0,0.0,8.0,0.0,0.0,0.0,2.0,23.200000000000003,17
22500291,UTA,GSW,80.8,77.4,"('Ace Bailey', 'Jusuf Nurkić')",6.166666666666666,1,13,15,6,5,3,4,2,1,1,2,14.0,14.44,5.0,3.0,0.0,2.0,2.0,2.0,2.0,12.0,28.44,17
22500291,UTA,GSW,80.8,77.4,"('Ace Bailey', 'Keyonte George')",6.166666666666666,1,13,15,6,5,3,4,2,1,1,2,14.0,14.44,5.0,3.0,0.0,2.0,2.0,2.0,2.0,12.0,28.44,17
22500291,UTA,GSW,80.8,77.4,"('Ace Bailey', 'Lauri Markkanen')",6.166666666666666,1,13,15,6,5,3,4,2,1,1,2,14.0,14.44,5.0,3.0,0.0,2.0,2.0,2.0,2.0,12.0,28.44,17
22500291,UTA,GSW,80.8,77.4,"('Ace Bailey', 'Svi Mykhailiuk')",6.166666666666666,1,13,15,6,5,3,4,2,1,1,2,14.0,14.44,5.0,3.0,0.0,2.0,2.0,2.0,2.0,12.0,28.44,17
22500291,UTA,GSW,80.8,77.4,"('Jusuf Nurkić', 'Keyonte George')",6.166666666666666,1,13,15,6,5,3,4,2,1,1,2,14.0,14.44,5.0,3.0,0.0,2.0,2.0,2.0,2.0,12.0,28.44,17
22500291,UTA,GSW,80.8,77.4,"('Jusuf Nurkić', 'Lauri Markkanen')",6.166666666666666,1,13,15,6,5,3,4,2,1,1,2,14.0,14.44,5.0,3.0,0.0,2.0,2.0,2.0,2.0,12.0,28.44,17
22500291,UTA,GSW,80.8,77.4,"('Jusuf Nurkić', 'Svi Mykhailiuk')",6.166666666666666,1,13,15,6,5,3,4,2,1,1,2,14.0,14.44,5.0,3.0,0.0,2.0,2.0,2.0,2.0,12.0,28.44,17
22500291,UTA,GSW,80.8,77.4,"('Keyonte George', 'Lauri Markkanen')",6.166666666666666,1,13,15,6,5,3,4,2,1,1,2,14.0,14.44,5.0,3.0,0.0,2.0,2.0,2.0,2.0,12.0,28.44,17
22500291,UTA,GSW,80.8,77.4,"('Keyonte George', 'Svi Mykhailiuk')",6.166666666666666,1,13,15,6,5,3,4,2,1,1,2,14.0,14.44,5.0,3.0,0.0,2.0,2.0,2.0,2.0,12.0,28.44,17
22500291,UTA,GSW,80.8,77.4,"('Lauri Markkanen', 'Svi Mykhailiuk')",6.166666666666666,1,13,15,6,5,3,4,2,1,1,2,14.0,14.44,5.0,3.0,0.0,2.0,2.0,2.0,2.0,12.0,28.44,17
